; generated by PrusaSlicer 2.9.3 on 2025-11-13 at 04:28:21 UTC

; 

; external perimeters extrusion width = 0.42mm
; perimeters extrusion width = 0.44mm
; infill extrusion width = 0.44mm
; solid infill extrusion width = 0.44mm
; top infill extrusion width = 0.40mm
; first layer extrusion width = 0.42mm

M201 X500 Y500 Z100 E5000 ; sets maximum accelerations, mm/sec^2
M203 X500 Y500 Z10 E60 ; sets maximum feedrates, mm / sec
M204 S500 T1000 ; sets acceleration (S) and retract acceleration (R), mm/sec^2
M205 X8.00 Y8.00 Z0.40 E5.00 ; sets the jerk limits, mm/sec
M205 S0 T0 ; sets the minimum extruding and travel feed rate, mm/sec

; printing object AgarreColganteCabina_v03.stl id:0 copy 0
; stop printing object AgarreColganteCabina_v03.stl id:0 copy 0

;TYPE:Custom
G90 ; use absolute coordinates
M83 ; extruder relative mode
M104 S150 ; set temporary nozzle temp to prevent oozing during homing
M140 S60 ; set final bed temp
G4 S30 ; allow partial nozzle warmup
G28 ; home all axis
G1 Z50 F240
G1 X2.0 Y10 F3000
M104 S210 ; set final nozzle temp
M190 S60 ; wait for bed temp to stabilize
M109 S210 ; wait for nozzle temp to stabilize
G1 Z0.28 F240
G92 E0
G1 X2.0 Y140 E10 F1500 ; prime the nozzle
G1 X2.3 Y140 F5000
G92 E0
G1 X2.3 Y10 E10 F1200 ; prime the nozzle
G92 E0
G21 ; set units to millimeters
G90 ; use absolute coordinates
M83 ; use relative distances for extrusion
; Filament gcode
M107
;LAYER_CHANGE
;Z:0.2
;HEIGHT:0.2
G1 E-5 F3600
G1 Z.2 F9000
G1 X116.652 Y120.177
G1 E5 F2400
M204 S500
;TYPE:Skirt/Brim
;WIDTH:0.42
G1 F1200
G1 X117.913 Y119.246 E.04915
G1 X119.278 Y118.476 E.04914
G1 X120.727 Y117.879 E.04914
G1 X121.813 Y117.561 E.03548
G1 X123.355 Y117.28 E.04914
G1 X125.355 Y117.198 E.06276
G1 X126.483 Y117.291 E.03549
G1 X128.023 Y117.582 E.04914
G1 X145.174 Y121.525 E.55179
G1 X146.674 Y122.275 E.05258
G1 X147.666 Y123.627 E.05258
G1 X147.941 Y125 E.0439
G1 X147.941 Y135 E.31354
G1 X147.546 Y136.63 E.05259
G1 X146.45 Y137.899 E.05257
G1 X145.174 Y138.475 E.0439
G1 X128.023 Y142.418 E.55179
G1 X126.915 Y142.647 E.03547
G1 X125.355 Y142.802 E.04915
G1 X123.355 Y142.72 E.06276
G1 X121.813 Y142.439 E.04914
G1 X120.317 Y141.973 E.04913
G1 X118.889 Y141.326 E.04916
G1 X117.913 Y140.754 E.03547
G1 X116.652 Y139.823 E.04915
G1 X115.514 Y138.746 E.04913
G1 X114.516 Y137.538 E.04913
G1 X113.468 Y135.831 E.0628
G1 X112.842 Y134.395 E.04912
G1 X112.501 Y133.316 E.03548
G1 X112.189 Y131.78 E.04914
G1 X112.066 Y129.782 E.06276
G1 X112.189 Y128.22 E.04913
G1 X112.501 Y126.684 E.04914
G1 X113.006 Y125.181 E.04971
G1 X113.674 Y123.784 E.04855
G1 X114.266 Y122.819 E.0355
G1 X115.222 Y121.578 E.04912
G1 X116.609 Y120.219 E.06088
G1 X116.871 Y120.486 F9000
G1 F1200
G1 X116.881 Y120.476 E.00044
G1 X118.104 Y119.571 E.0477
G1 X119.428 Y118.823 E.04768
G1 X120.833 Y118.241 E.04768
G1 X121.919 Y117.922 E.03549
G1 X123.416 Y117.652 E.04769
G1 X125.324 Y117.574 E.05987
G1 X126.838 Y117.722 E.0477
G1 X145.09 Y121.893 E.58703
G1 X146.497 Y122.62 E.04966
G1 X147.381 Y123.936 E.04971
G1 X147.564 Y125 E.03385
G1 X147.564 Y135 E.31354
G1 X147.17 Y136.535 E.04969
G1 X146.086 Y137.691 E.04969
G1 X145.09 Y138.107 E.03384
G1 X128.015 Y142.034 E.54935
G1 X126.452 Y142.334 E.0499
G1 X124.935 Y142.434 E.04767
G1 X123.416 Y142.348 E.0477
G1 X122.299 Y142.164 E.03549
G1 X120.833 Y141.759 E.04769
G1 X119.041 Y140.978 E.06129
G1 X117.78 Y140.211 E.04628
G1 X116.586 Y139.269 E.04769
G1 X115.778 Y138.477 E.03548
G1 X114.811 Y137.302 E.04771
G1 X113.995 Y136.019 E.04767
G1 X113.341 Y134.646 E.04768
G1 X112.766 Y132.824 E.0599
G1 X112.512 Y131.324 E.0477
G1 X112.442 Y129.805 E.04768
G1 X112.512 Y128.676 E.03547
G1 X112.86 Y126.798 E.05989
G1 X113.341 Y125.355 E.04769
G1 X113.995 Y123.981 E.04771
G1 X114.811 Y122.698 E.04767
G1 X115.517 Y121.813 E.0355
G1 X116.828 Y120.528 E.05756
G1 E-3.5 F3600
;WIPE_START
G1 F7200
G1 X116.871 Y120.486 E-.02855
G1 X116.881 Y120.476 E-.00672
G1 X118.104 Y119.571 E-.72268
G1 X119.428 Y118.823 E-.72232
G1 X119.466 Y118.807 E-.01973
;WIPE_END
; printing object AgarreColganteCabina_v03.stl id:0 copy 0
G1 X130.028 Y124.124 F9000
G1 E5 F2400
;TYPE:Perimeter
;WIDTH:0.419999
G1 F1200
G1 X130.248 Y124.308 E.00899
G1 X131.114 Y125.259 E.04033
G1 X131.643 Y126.05 E.02984
G1 X131.967 Y126.697 E.02269
G1 X132.129 Y127.035 E.01175
G1 X132.435 Y127.936 E.02983
G1 X132.639 Y128.939 E.03209
G1 X132.711 Y129.985 E.03287
G1 X132.649 Y130.989 E.03154
G1 X132.454 Y131.992 E.03204
G1 X132.129 Y132.965 E.03216
G1 X131.68 Y133.886 E.03213
G1 X131.114 Y134.741 E.03215
G1 X130.442 Y135.515 E.03214
G1 X129.675 Y136.194 E.03212
G1 X128.825 Y136.768 E.03216
G1 X127.908 Y137.225 E.03212
G1 X126.939 Y137.56 E.03215
G1 X125.971 Y137.757 E.03097
G1 X125.019 Y137.828 E.02993
G1 X124.066 Y137.786 E.02991
G1 X122.811 Y137.56 E.03998
G1 X121.91 Y137.254 E.02983
G1 X120.925 Y136.768 E.03444
G1 X120.152 Y136.252 E.02914
G1 X119.361 Y135.568 E.03279
G1 X119.073 Y135.246 E.01355
G1 X118.681 Y134.8 E.01862
G1 X118.107 Y133.95 E.03216
G1 X117.65 Y133.033 E.03212
G1 X117.315 Y132.064 E.03215
G1 X117.111 Y131.061 E.03209
G1 X117.039 Y130.015 E.03287
G1 X117.101 Y129.023 E.03116
G1 X117.281 Y128.085 E.02995
G1 X117.574 Y127.176 E.02995
G1 X117.974 Y126.31 E.02991
G1 X118.681 Y125.2 E.04126
G1 X119.308 Y124.485 E.02982
G1 X120.134 Y123.761 E.03444
G1 X120.925 Y123.232 E.02984
G1 X121.842 Y122.775 E.03212
G1 X122.811 Y122.44 E.03215
G1 X123.814 Y122.236 E.03209
G1 X124.86 Y122.164 E.03287
G1 X125.864 Y122.227 E.03154
G1 X126.867 Y122.421 E.03203
G1 X127.84 Y122.746 E.03216
G1 X128.714 Y123.175 E.03053
G1 X129.517 Y123.694 E.02998
G1 X129.982 Y124.085 E.01905
G1 X129.78 Y124.407 F9000
;TYPE:External perimeter
G1 F1200
G1 X129.999 Y124.592 E.00899
G1 X130.801 Y125.469 E.03726
G1 X131.329 Y126.259 E.02979
G1 X131.629 Y126.864 E.02117
G1 X131.772 Y127.157 E.01022
G1 X132.077 Y128.057 E.0298
G1 X132.269 Y129.012 E.03054
G1 X132.335 Y130.009 E.03133
G1 X132.272 Y130.964 E.03001
G1 X132.084 Y131.919 E.03052
G1 X131.772 Y132.843 E.03058
G1 X131.342 Y133.719 E.0306
G1 X130.801 Y134.531 E.03059
G1 X130.159 Y135.266 E.0306
G1 X129.426 Y135.911 E.03061
G1 X128.616 Y136.454 E.03058
G1 X127.741 Y136.887 E.03061
G1 X126.818 Y137.202 E.03058
G1 X125.898 Y137.387 E.02942
G1 X124.995 Y137.452 E.02839
G1 X124.091 Y137.409 E.02838
G1 X123.198 Y137.257 E.0284
G1 X122.319 Y136.994 E.02877
G1 X122.009 Y136.887 E.01028
G1 X121.156 Y136.467 E.02981
G1 X120.343 Y135.923 E.03067
G1 X119.609 Y135.284 E.03051
G1 X119.356 Y134.998 E.01197
G1 X118.964 Y134.551 E.01864
G1 X118.421 Y133.741 E.03058
G1 X117.988 Y132.866 E.03061
G1 X117.673 Y131.943 E.03058
G1 X117.481 Y130.988 E.03054
G1 X117.415 Y129.991 E.03133
G1 X117.477 Y129.049 E.0296
G1 X117.651 Y128.158 E.02846
G1 X117.931 Y127.297 E.02839
G1 X118.312 Y126.477 E.02835
G1 X118.964 Y125.449 E.03817
G1 X119.591 Y124.734 E.02982
G1 X120.344 Y124.074 E.0314
G1 X121.134 Y123.546 E.02979
G1 X122.009 Y123.113 E.03061
G1 X122.932 Y122.798 E.03058
G1 X123.887 Y122.606 E.03054
G1 X124.884 Y122.54 E.03133
G1 X125.839 Y122.603 E.03001
G1 X126.794 Y122.791 E.03052
G1 X127.718 Y123.103 E.03058
G1 X128.546 Y123.513 E.02897
G1 X129.307 Y124.008 E.02846
G1 X129.734 Y124.368 E.01751
G1 E-3.5 F3600
;WIPE_START
G1 F7200
G1 X129.78 Y124.407 E-.02865
G1 X129.999 Y124.592 E-.13617
G1 X130.801 Y125.469 E-.5645
G1 X131.329 Y126.259 E-.45135
G1 X131.628 Y126.861 E-.31933
;WIPE_END
G1 X131.913 Y125.774 F9000
G1 E5 F2400
;TYPE:Perimeter
;WIDTH:0.422474
G1 F1200
G1 X132.068 Y125.904 E.00638
;WIDTH:0.421183
G1 X132.596 Y126.064 E.01735
;WIDTH:0.419999
G1 X143.311 Y126.064 E.33596
G1 X143.311 Y130 E.12341
G1 X143.311 Y133.936 E.12341
G1 X132.596 Y133.936 E.33596
;WIDTH:0.433354
G1 X132.065 Y134.091 E.01796
;WIDTH:0.439686
G1 X131.965 Y134.165 E.0041
G1 X132.024 Y134.056 E.00409
;WIDTH:0.433354
G1 X132.486 Y133.086 E.03488
;WIDTH:0.419999
G1 X132.824 Y132.066 E.03369
G1 X133.025 Y131.014 E.03358
G1 X133.088 Y129.96 E.03311
G1 X133.009 Y128.865 E.03442
G1 X132.792 Y127.815 E.03362
G1 X132.486 Y126.914 E.02983
G1 X132.306 Y126.53 E.0133
;WIDTH:0.422474
G1 X131.941 Y125.827 E.025
G1 E-3.5 F3600
;WIPE_START
G1 F7200
G1 X131.913 Y125.774 E-.02847
G1 X132.068 Y125.904 E-.09609
G1 X132.596 Y126.064 E-.26206
G1 X134.94 Y126.064 E-1.11338
;WIPE_END
G1 X131.965 Y134.165 F9000
G1 E5 F2400
;WIDTH:0.439686
G1 F1200
G1 X131.687 Y134.552 E.01572
;WIDTH:0.408222
G1 X131.41 Y134.938 E.01443
;WIDTH:0.378088
G1 X130.71 Y135.75 E.02988
;WIDTH:0.38001
G1 X129.91 Y136.463 E.03004
;WIDTH:0.38252
G1 X129.024 Y137.066 E.03026
;WIDTH:0.385622
G1 X128.067 Y137.548 E.03053
;WIDTH:0.389314
G1 X127.055 Y137.902 E.03088
;WIDTH:0.393306
G1 X126.042 Y138.114 E.03015
;WIDTH:0.397806
G1 X125.043 Y138.193 E.02957
;WIDTH:0.399454
G1 X124.041 Y138.152 E.02973
;WIDTH:0.401788
G1 X123.053 Y137.988 E.02989
;WIDTH:0.402484
G1 X122.08 Y137.7 E.03034
;WIDTH:0.404516
G1 X121.171 Y137.307 E.02978
G1 X120.728 Y137.063 E.01521
;WIDTH:0.377396
G1 X119.955 Y136.547 E.02585
;WIDTH:0.406416
G1 X119.512 Y136.19 E.0172
G1 X119.128 Y135.836 E.01579
;WIDTH:0.376386
G1 X118.414 Y135.034 E.02977
;WIDTH:0.37747
G1 X117.811 Y134.148 E.02981
;WIDTH:0.379152
G1 X117.33 Y133.191 E.02995
;WIDTH:0.38142
G1 X116.977 Y132.179 E.03017
;WIDTH:0.384304
G1 X116.759 Y131.131 E.03039
;WIDTH:0.388838
G1 X116.678 Y130.039 E.0315
;WIDTH:0.391942
G1 X116.738 Y128.999 E.03023
;WIDTH:0.3954
G1 X116.923 Y128.013 E.0294
;WIDTH:0.398474
G1 X117.227 Y127.058 E.02963
;WIDTH:0.400936
G1 X117.644 Y126.147 E.02983
;WIDTH:0.401836
G1 X118.177 Y125.283 E.0303
;WIDTH:0.404152
G1 X118.795 Y124.51 E.02973
;WIDTH:0.404864
G1 X119.511 Y123.809 E.03016
G1 X119.937 Y123.465 E.01648
;WIDTH:0.375986
G1 X120.728 Y122.937 E.02634
;WIDTH:0.404516
G1 X121.171 Y122.693 E.01521
G1 X121.685 Y122.456 E.01702
;WIDTH:0.376952
G1 X122.697 Y122.104 E.02976
;WIDTH:0.37845
G1 X123.744 Y121.887 E.02983
;WIDTH:0.379904
G1 X124.837 Y121.807 E.03071
;WIDTH:0.38321
G1 X125.888 Y121.869 E.02979
;WIDTH:0.386238
G1 X126.938 Y122.068 E.03051
;WIDTH:0.390036
G1 X127.956 Y122.403 E.03093
;WIDTH:0.396636
G1 X128.877 Y122.848 E.03008
;WIDTH:0.39728
G1 X129.72 Y123.39 E.02953
;WIDTH:0.400008
G1 X130.49 Y124.032 E.02977
;WIDTH:0.402144
G1 X131.175 Y124.763 E.02992
;WIDTH:0.409148
G1 X131.84 Y125.675 E.03437
;WIDTH:0.422474
G1 X131.913 Y125.774 E.00388
G1 X132.355 Y125.596 F9000
;WIDTH:0.419999
G1 F1200
G1 X132.596 Y125.687 E.00808
G1 X143.688 Y125.687 E.34778
G1 X143.688 Y130 E.13523
G1 X143.688 Y134.313 E.13523
G1 X132.596 Y134.313 E.34778
G1 X132.279 Y134.41 E.01039
G1 X132.139 Y134.544 E.00608
G1 X131.459 Y135.473 E.0361
G1 X130.742 Y136.236 E.03283
G1 X129.936 Y136.905 E.03284
G1 X129.055 Y137.472 E.03285
G1 X128.112 Y137.926 E.03282
G1 X127.12 Y138.262 E.03284
G1 X126.094 Y138.474 E.03285
G1 X125.05 Y138.56 E.03284
G1 X124.004 Y138.517 E.03282
G1 X122.971 Y138.347 E.03282
G1 X121.954 Y138.047 E.03325
G1 X121.004 Y137.637 E.03244
G1 X120.101 Y137.107 E.03283
G1 X119.269 Y136.471 E.03284
G1 X118.52 Y135.738 E.03286
G1 X117.867 Y134.919 E.03284
G1 X117.319 Y134.026 E.03285
G1 X116.884 Y133.074 E.03282
G1 X116.569 Y132.075 E.03284
G1 X116.377 Y131.045 E.03285
G1 X116.313 Y130 E.03283
G1 X116.377 Y128.955 E.03283
G1 X116.569 Y127.925 E.03285
G1 X116.884 Y126.926 E.03284
G1 X117.319 Y125.974 E.03282
G1 X117.875 Y125.071 E.03325
G1 X118.52 Y124.262 E.03244
G1 X119.269 Y123.529 E.03286
G1 X120.101 Y122.893 E.03284
G1 X121.004 Y122.363 E.03283
G1 X121.965 Y121.948 E.03282
G1 X122.97 Y121.653 E.03284
G1 X124.003 Y121.483 E.03282
G1 X125.063 Y121.441 E.03326
G1 X126.094 Y121.526 E.03244
G1 X127.12 Y121.738 E.03285
G1 X128.112 Y122.074 E.03284
G1 X129.055 Y122.528 E.03282
G1 X129.936 Y123.095 E.03285
G1 X130.742 Y123.764 E.03284
G1 X131.444 Y124.511 E.03214
G1 X132.221 Y125.545 E.04055
G1 X132.299 Y125.575 E.00262
G1 X132.52 Y125.271 F9000
;TYPE:External perimeter
G1 F1200
G1 X132.596 Y125.31 E.00268
G1 X144.065 Y125.31 E.3596
G1 X144.065 Y130 E.14705
G1 X144.065 Y134.69 E.14705
G1 X132.596 Y134.69 E.3596
G1 X132.444 Y134.767 E.00534
G1 X131.75 Y135.714 E.03681
G1 X131 Y136.511 E.03431
G1 X130.16 Y137.21 E.03426
G1 X129.24 Y137.801 E.03428
G1 X128.255 Y138.276 E.03429
G1 X127.219 Y138.627 E.0343
G1 X126.148 Y138.848 E.03429
G1 X125.058 Y138.938 E.03429
G1 X123.965 Y138.893 E.0343
G1 X122.886 Y138.715 E.03429
G1 X121.826 Y138.402 E.03465
G1 X120.833 Y137.974 E.0339
G1 X119.89 Y137.42 E.03429
G1 X119.021 Y136.756 E.03429
G1 X118.24 Y135.991 E.03428
G1 X117.558 Y135.136 E.03429
G1 X116.986 Y134.204 E.03429
G1 X116.532 Y133.209 E.03429
G1 X116.202 Y132.167 E.03427
G1 X116.002 Y131.092 E.03428
G1 X115.936 Y130 E.0343
G1 X116.002 Y128.908 E.0343
G1 X116.202 Y127.833 E.03428
G1 X116.532 Y126.791 E.03427
G1 X116.986 Y125.796 E.03429
G1 X117.566 Y124.854 E.03469
G1 X118.24 Y124.009 E.03389
G1 X119.021 Y123.244 E.03428
G1 X119.89 Y122.58 E.03429
G1 X120.833 Y122.026 E.03429
G1 X121.837 Y121.593 E.03428
G1 X122.886 Y121.285 E.03428
G1 X123.965 Y121.107 E.03429
G1 X125.071 Y121.063 E.03471
G1 X126.148 Y121.152 E.03388
G1 X127.219 Y121.373 E.03429
G1 X128.255 Y121.724 E.0343
G1 X129.24 Y122.199 E.03429
G1 X130.16 Y122.79 E.03428
G1 X131 Y123.489 E.03426
G1 X131.75 Y124.286 E.03431
G1 X132.444 Y125.233 E.03681
G1 X132.466 Y125.244 E.00077
G1 E-3.5 F3600
;WIPE_START
G1 F7200
G1 X132.52 Y125.271 E-.02868
G1 X132.596 Y125.31 E-.04058
G1 X135.608 Y125.31 E-1.43074
;WIPE_END
G1 X142.421 Y126.185 F9000
G1 E5 F2400
;TYPE:Solid infill
;WIDTH:0.423378
G1 F1200
G1 X143.02 Y126.785 E.02682
G1 X143.02 Y127.323 E.01702
G1 X142.052 Y126.355 E.04331
G1 X141.514 Y126.355 E.01702
G1 X143.02 Y127.861 E.06738
G1 X143.02 Y128.399 E.01702
G1 X140.976 Y126.355 E.09145
G1 X140.438 Y126.355 E.01702
G1 X143.02 Y128.937 E.11552
G1 X143.02 Y129.475 E.01702
G1 X139.9 Y126.355 E.13959
G1 X139.362 Y126.355 E.01702
G1 X143.02 Y130.013 E.16366
G1 X143.02 Y130.551 E.01702
G1 X138.824 Y126.355 E.18772
G1 X138.286 Y126.355 E.01702
G1 X143.02 Y131.089 E.21179
G1 X143.02 Y131.627 E.01702
G1 X137.748 Y126.355 E.23586
G1 X137.21 Y126.355 E.01702
G1 X143.02 Y132.165 E.25993
G1 X143.02 Y132.703 E.01702
G1 X136.672 Y126.355 E.284
G1 X136.134 Y126.355 E.01702
G1 X143.02 Y133.241 E.30807
G1 X143.02 Y133.645 E.01278
G1 X142.887 Y133.645 E.00421
G1 X135.596 Y126.355 E.32617
G1 X135.058 Y126.355 E.01702
G1 X142.349 Y133.645 E.32617
G1 X141.811 Y133.645 E.01702
G1 X134.52 Y126.355 E.32617
G1 X133.982 Y126.355 E.01702
G1 X141.273 Y133.645 E.32617
G1 X140.735 Y133.645 E.01702
G1 X133.444 Y126.355 E.32617
G1 X132.906 Y126.355 E.01702
G1 X140.197 Y133.645 E.32617
G1 X139.658 Y133.645 E.01705
G1 X132.696 Y126.683 E.31147
G1 X132.759 Y126.816 E.00466
G1 X132.989 Y127.515 E.02328
G1 X139.12 Y133.645 E.27427
G1 X138.582 Y133.645 E.01702
G1 X133.177 Y128.24 E.24181
G1 X133.303 Y128.904 E.02138
G1 X138.044 Y133.645 E.21211
G1 X137.506 Y133.645 E.01702
G1 X133.343 Y129.482 E.18625
G1 X133.375 Y130.052 E.01806
G1 X136.968 Y133.645 E.16075
G1 X136.43 Y133.645 E.01702
G1 X133.343 Y130.558 E.13811
G1 X133.304 Y131.058 E.01587
G1 X135.892 Y133.645 E.11576
G1 X135.354 Y133.645 E.01702
G1 X133.228 Y131.52 E.09509
G1 X133.139 Y131.968 E.01445
G1 X134.816 Y133.645 E.07503
G1 X134.278 Y133.645 E.01702
G1 X133.021 Y132.389 E.05621
G1 X132.888 Y132.793 E.01346
G1 X133.74 Y133.645 E.03812
G1 X133.202 Y133.645 E.01702
G1 X132.753 Y133.197 E.02007
G1 X132.579 Y133.561 E.01276
G1 X132.834 Y133.815 E.01139
M106 S255
;LAYER_CHANGE
;Z:0.28
;HEIGHT:0.08
;BEFORE_LAYER_CHANGE
G92 E0
;0.28


G1 E-3.5 F3600
;WIPE_START
G1 F7200
G1 X132.579 Y133.561 E-.17096
G1 X132.753 Y133.197 E-.19164
G1 X133.202 Y133.645 E-.30128
G1 X133.74 Y133.645 E-.25555
G1 X132.888 Y132.793 E-.57233
G1 X132.893 Y132.777 E-.00824
;WIPE_END
G1 Z.28 F9000
;AFTER_LAYER_CHANGE
;0.28
M104 S205 ; set temperature
; stop printing object AgarreColganteCabina_v03.stl id:0 copy 0
G1 X134.471 Y140.936
G1 E5 F2400
;TYPE:Skirt/Brim
;WIDTH:0.42
G1 X128.023 Y142.418 E.08864
G1 X126.915 Y142.647 E.01516
G1 X125.355 Y142.802 E.021
G1 X123.355 Y142.72 E.02682
G1 X121.813 Y142.439 E.021
G1 X120.317 Y141.973 E.02099
G1 X118.889 Y141.326 E.021
G1 X117.913 Y140.754 E.01516
G1 X116.652 Y139.823 E.021
G1 X115.514 Y138.746 E.02099
G1 X114.516 Y137.538 E.02099
G1 X113.468 Y135.831 E.02684
G1 X112.842 Y134.395 E.02099
G1 X112.501 Y133.316 E.01516
G1 X112.189 Y131.78 E.021
G1 X112.066 Y129.782 E.02682
G1 X112.189 Y128.22 E.02099
G1 X112.501 Y126.684 E.021
G1 X113.006 Y125.181 E.02124
G1 X113.674 Y123.784 E.02075
G1 X114.266 Y122.819 E.01517
G1 X115.222 Y121.578 E.02099
G1 X116.652 Y120.177 E.02682
G1 X117.913 Y119.246 E.021
G1 X119.278 Y118.476 E.021
G1 X120.727 Y117.879 E.021
G1 X121.813 Y117.561 E.01516
G1 X123.355 Y117.28 E.021
G1 X125.355 Y117.198 E.02682
G1 X126.483 Y117.291 E.01516
G1 X128.023 Y117.582 E.021
G1 X145.174 Y121.525 E.23579
G1 X146.674 Y122.275 E.02247
G1 X147.666 Y123.627 E.02247
G1 X147.941 Y125 E.01876
G1 X147.941 Y135 E.13398
G1 X147.546 Y136.63 E.02247
G1 X146.45 Y137.899 E.02247
G1 X145.174 Y138.475 E.01876
G1 X134.529 Y140.922 E.14634
G1 X134.445 Y140.555 F9000
G1 F2400
G1 X128.015 Y142.034 E.0884
G1 X126.452 Y142.334 E.02132
G1 X124.935 Y142.434 E.02037
G1 X123.416 Y142.348 E.02038
G1 X122.299 Y142.164 E.01517
G1 X120.833 Y141.759 E.02038
G1 X119.041 Y140.978 E.02619
G1 X117.78 Y140.211 E.01978
G1 X116.586 Y139.269 E.02038
G1 X115.778 Y138.477 E.01516
G1 X114.811 Y137.302 E.02039
G1 X113.995 Y136.019 E.02037
G1 X113.341 Y134.646 E.02038
G1 X112.766 Y132.824 E.0256
G1 X112.512 Y131.324 E.02038
G1 X112.442 Y129.805 E.02037
G1 X112.512 Y128.676 E.01516
G1 X112.86 Y126.798 E.02559
G1 X113.341 Y125.355 E.02038
G1 X113.995 Y123.981 E.02039
G1 X114.811 Y122.698 E.02037
G1 X115.517 Y121.813 E.01517
G1 X116.881 Y120.476 E.02559
G1 X118.104 Y119.571 E.02038
G1 X119.428 Y118.823 E.02037
G1 X120.833 Y118.241 E.02038
G1 X121.919 Y117.922 E.01517
G1 X123.416 Y117.652 E.02038
G1 X125.324 Y117.574 E.02559
G1 X126.838 Y117.722 E.02038
G1 X145.09 Y121.893 E.25085
G1 X146.497 Y122.62 E.02122
G1 X147.381 Y123.936 E.02124
G1 X147.564 Y125 E.01447
G1 X147.564 Y135 E.13398
G1 X147.17 Y136.535 E.02123
G1 X146.086 Y137.691 E.02123
G1 X145.09 Y138.107 E.01446
G1 X134.503 Y140.542 E.14555
G1 E-3.5 F3600
;WIPE_START
G1 F7200
G1 X134.445 Y140.555 E-.02823
G1 X131.425 Y141.249 E-1.47177
;WIPE_END
; printing object AgarreColganteCabina_v03.stl id:0 copy 0
G1 X130.203 Y135.639 F9000
G1 E5 F2400
;TYPE:Perimeter
;WIDTH:0.439999
G1 X129.604 Y136.164 E.0112
G1 X128.796 Y136.71 E.01371
G1 X127.886 Y137.165 E.01431
G1 X126.925 Y137.496 E.01429
G1 X125.959 Y137.694 E.01387
G1 X125.032 Y137.768 E.01308
G1 X124.071 Y137.722 E.01353
G1 X122.825 Y137.496 E.01781
G1 X121.938 Y137.195 E.01317
G1 X120.954 Y136.71 E.01543
G1 X120.207 Y136.211 E.01263
G1 X119.41 Y135.526 E.01478
G1 X118.734 Y134.763 E.01434
G1 X118.165 Y133.921 E.01429
G1 X117.71 Y133.011 E.01431
G1 X117.379 Y132.05 E.01429
G1 X117.344 Y131.903 E.00213
G1 X117.175 Y131.054 E.01217
G1 X117.107 Y130.157 E.01265
G1 X117.165 Y129.023 E.01597
G1 X117.344 Y128.097 E.01326
G1 X117.634 Y127.196 E.01331
G1 X118.186 Y126.048 E.01791
G1 X118.685 Y125.301 E.01263
G1 X119.121 Y124.796 E.00938
G1 X119.408 Y124.476 E.00605
G1 X120.112 Y123.859 E.01316
G1 X120.985 Y123.271 E.0148
G1 X121.864 Y122.835 E.0138
G1 X122.825 Y122.504 E.01429
G1 X123.821 Y122.3 E.0143
G1 X124.718 Y122.232 E.01265
G1 X125.852 Y122.29 E.01597
G1 X126.848 Y122.483 E.01427
G1 X127.812 Y122.805 E.01429
G1 X128.688 Y123.231 E.0137
G1 X129.481 Y123.748 E.01331
G1 X130.205 Y124.356 E.0133
G1 X131.065 Y125.301 E.01797
G1 X131.585 Y126.079 E.01316
G1 X131.935 Y126.777 E.01098
G1 X132.07 Y127.063 E.00445
G1 X132.371 Y127.95 E.01317
G1 X132.575 Y128.946 E.0143
G1 X132.643 Y129.843 E.01265
G1 X132.585 Y130.977 E.01597
G1 X132.392 Y131.973 E.01427
G1 X132.07 Y132.937 E.01429
G1 X131.625 Y133.851 E.0143
G1 X131.065 Y134.699 E.01429
G1 X130.399 Y135.467 E.0143
G1 X130.248 Y135.599 E.00282
G1 X129.978 Y135.291 F9000
;TYPE:External perimeter
;WIDTH:0.419999
G1 F1500
G1 X129.334 Y135.852 E.01144
G1 X128.566 Y136.367 E.01239
G1 X127.704 Y136.794 E.01289
G1 X126.793 Y137.105 E.0129
G1 X125.878 Y137.289 E.0125
G1 X125.003 Y137.356 E.01176
G1 X124.875 Y137.3 E.00187
G1 X124.747 Y137.356 E.00187
G1 X123.927 Y137.298 E.01101
G1 X123.22 Y137.159 E.00965
G1 X122.323 Y136.89 E.01255
G1 X121.546 Y136.547 E.01138
G1 X121.184 Y136.367 E.00542
G1 X120.436 Y135.868 E.01205
G1 X119.681 Y135.214 E.01338
G1 X119.044 Y134.491 E.01291
G1 X118.508 Y133.691 E.0129
G1 X118.081 Y132.829 E.01289
G1 X117.749 Y131.822 E.01421
G1 X117.58 Y130.971 E.01162
G1 X117.519 Y130.128 E.01132
G1 X117.575 Y130 E.00187
G1 X117.519 Y129.872 E.00187
G1 X117.577 Y129.052 E.01101
G1 X117.749 Y128.178 E.01193
G1 X118.025 Y127.329 E.01196
G1 X118.402 Y126.528 E.01186
G1 X118.896 Y125.728 E.0126
G1 X119.431 Y125.068 E.01138
G1 X119.68 Y124.787 E.00503
G1 X120.384 Y124.169 E.01255
G1 X121.184 Y123.633 E.0129
G1 X122.046 Y123.206 E.01289
G1 X122.957 Y122.895 E.0129
G1 X123.901 Y122.705 E.0129
G1 X124.747 Y122.644 E.01136
G1 X124.875 Y122.7 E.00187
G1 X125.003 Y122.644 E.00187
G1 X125.826 Y122.702 E.01105
G1 X126.767 Y122.888 E.01285
G1 X127.679 Y123.196 E.0129
G1 X128.505 Y123.601 E.01233
G1 X129.251 Y124.091 E.01196
G1 X129.933 Y124.667 E.01196
G1 X130.722 Y125.53 E.01567
G1 X131.242 Y126.309 E.01255
G1 X131.565 Y126.96 E.00974
G1 X131.679 Y127.196 E.00351
G1 X131.98 Y128.082 E.01254
G1 X132.17 Y129.026 E.0129
G1 X132.231 Y129.872 E.01136
G1 X132.171 Y130 E.00189
G1 X132.231 Y130.128 E.00189
G1 X132.173 Y130.948 E.01101
G1 X131.987 Y131.892 E.01289
G1 X131.679 Y132.804 E.0129
G1 X131.255 Y133.668 E.01289
G1 X130.722 Y134.47 E.0129
G1 X130.088 Y135.195 E.0129
G1 X130.023 Y135.251 E.00115
G1 E-3.5 F3600
;WIPE_START
G1 F7200
G1 X129.978 Y135.291 E-.0286
G1 X129.334 Y135.852 E-.40569
G1 X128.566 Y136.367 E-.43923
G1 X127.704 Y136.794 E-.45693
G1 X127.366 Y136.909 E-.16955
;WIPE_END
G1 X131.964 Y134.173 F9000
G1 E5 F2400
;TYPE:Perimeter
;WIDTH:0.50483
G1 F1500
G1 X132.023 Y134.047 E.00226
;WIDTH:0.481342
G1 X132.471 Y133.073 E.01655
;WIDTH:0.439999
G1 X132.807 Y132.055 E.01508
G1 X133.007 Y131.007 E.015
G1 X133.064 Y129.814 E.0168
G1 X132.99 Y128.863 E.01341
G1 X132.772 Y127.814 E.01507
G1 X132.471 Y126.927 E.01317
G1 X132.314 Y126.59 E.00523
;WIDTH:0.478578
G1 X131.889 Y125.738 E.01461
G1 X132.09 Y125.888 E.00385
;WIDTH:0.453461
G1 X132.653 Y126.046 E.00849
;WIDTH:0.439999
G1 X143.329 Y126.046 E.15014
G1 X143.329 Y130 E.05561
G1 X143.329 Y133.954 E.05561
G1 X132.653 Y133.954 E.15014
;WIDTH:0.481342
G1 X132.083 Y134.1 E.00908
;WIDTH:0.50483
G1 X132.015 Y134.142 E.0013
G1 X131.964 Y134.173 F9000
G1 F2400
G1 X131.689 Y134.553 E.00761
;WIDTH:0.469449
G1 X131.414 Y134.932 E.00704
;WIDTH:0.435336
G1 X130.715 Y135.744 E.0149
;WIDTH:0.436922
G1 X129.881 Y136.482 E.01555
;WIDTH:0.439642
G1 X129.03 Y137.062 E.01447
;WIDTH:0.442682
G1 X128.074 Y137.545 E.01516
;WIDTH:0.44631
G1 X127.062 Y137.9 E.01531
;WIDTH:0.450298
G1 X126.042 Y138.114 E.01501
G1 X125.061 Y138.194 E.01418
;WIDTH:0.45579
G1 X124.041 Y138.152 E.01489
;WIDTH:0.458718
G1 X123.055 Y137.988 E.01468
G1 X122.051 Y137.689 E.01538
;WIDTH:0.461508
G1 X121.171 Y137.307 E.01418
G1 X120.721 Y137.059 E.00759
;WIDTH:0.43583
G1 X119.973 Y136.561 E.01251
;WIDTH:0.464434
G1 X119.512 Y136.19 E.0088
G1 X119.135 Y135.843 E.00762
;WIDTH:0.433726
G1 X118.418 Y135.04 E.01491
;WIDTH:0.434748
G1 X117.815 Y134.154 E.01489
;WIDTH:0.436366
G1 X117.333 Y133.197 E.01494
;WIDTH:0.438568
G1 X116.979 Y132.186 E.01501
;WIDTH:0.441366
G1 X116.76 Y131.137 E.01512
;WIDTH:0.441576
G1 X116.685 Y130.186 E.01347
;WIDTH:0.443708
G1 X116.741 Y128.993 E.01694
;WIDTH:0.45239
G1 X116.923 Y128.013 E.01443
;WIDTH:0.455468
G1 X117.227 Y127.058 E.01461
;WIDTH:0.461488
G1 X117.645 Y126.15 E.01477
G1 X118.195 Y125.259 E.01547
;WIDTH:0.461146
G1 X118.795 Y124.51 E.01417
;WIDTH:0.461856
G1 X119.511 Y123.809 E.01482
G1 X119.943 Y123.461 E.0082
;WIDTH:0.433448
G1 X120.721 Y122.941 E.01296
;WIDTH:0.461508
G1 X121.171 Y122.693 E.00759
G1 X121.678 Y122.459 E.00825
;WIDTH:0.434254
G1 X122.69 Y122.106 E.01487
;WIDTH:0.43563
G1 X123.739 Y121.888 E.01491
G1 X124.689 Y121.814 E.01326
;WIDTH:0.440084
G1 X125.882 Y121.868 E.0168
;WIDTH:0.443288
G1 X126.93 Y122.067 E.01512
;WIDTH:0.447022
G1 X127.949 Y122.401 E.01533
;WIDTH:0.450952
G1 X128.877 Y122.847 E.01485
;WIDTH:0.45427
G1 X129.72 Y123.39 E.01458
;WIDTH:0.456998
G1 X130.49 Y124.032 E.01467
;WIDTH:0.459134
G1 X131.175 Y124.763 E.01473
;WIDTH:0.463668
G1 X131.807 Y125.628 E.01591
;WIDTH:0.478578
G1 X131.889 Y125.738 E.00211
G1 X132.391 Y125.527 F9000
;WIDTH:0.439999
G1 F2400
G1 X132.653 Y125.623 E.00392
G1 X143.752 Y125.623 E.15609
G1 X143.752 Y130 E.06156
G1 X143.752 Y134.377 E.06156
G1 X132.653 Y134.377 E.15609
G1 X132.322 Y134.474 E.00485
G1 X132.157 Y134.628 E.00317
G1 X131.509 Y135.514 E.01544
G1 X130.787 Y136.282 E.01482
G1 X129.938 Y136.981 E.01547
G1 X129.087 Y137.528 E.01423
G1 X128.136 Y137.986 E.01484
G1 X127.137 Y138.324 E.01483
G1 X126.103 Y138.538 E.01485
G1 X125.052 Y138.624 E.01483
G1 X123.997 Y138.581 E.01485
G1 X122.958 Y138.41 E.01481
G1 X121.903 Y138.095 E.01548
G1 X120.975 Y137.694 E.01422
G1 X120.065 Y137.16 E.01484
G1 X119.226 Y136.519 E.01485
G1 X118.473 Y135.781 E.01483
G1 X117.815 Y134.956 E.01484
G1 X117.262 Y134.057 E.01484
G1 X116.824 Y133.097 E.01484
G1 X116.506 Y132.091 E.01484
G1 X116.314 Y131.053 E.01485
G1 X116.249 Y130.001 E.01482
G1 X116.322 Y128.904 E.01546
G1 X116.506 Y127.909 E.01423
G1 X116.824 Y126.903 E.01484
G1 X117.262 Y125.945 E.01481
G1 X117.842 Y125.01 E.01547
G1 X118.473 Y124.219 E.01423
G1 X119.226 Y123.481 E.01483
G1 X120.065 Y122.84 E.01485
G1 X120.975 Y122.306 E.01484
G1 X121.944 Y121.887 E.01485
G1 X122.956 Y121.59 E.01483
G1 X123.996 Y121.419 E.01482
G1 X125.095 Y121.379 E.01547
G1 X126.103 Y121.462 E.01422
G1 X127.137 Y121.676 E.01485
G1 X128.136 Y122.014 E.01483
G1 X129.087 Y122.472 E.01484
G1 X129.974 Y123.043 E.01484
G1 X130.786 Y123.717 E.01484
G1 X131.49 Y124.467 E.01447
G1 X132.257 Y125.478 E.01785
G1 X132.334 Y125.506 E.00115
G1 X132.572 Y125.169 F9000
;TYPE:External perimeter
;WIDTH:0.419999
G1 F1500
G1 X132.653 Y125.21 E.00122
G1 X144.165 Y125.21 E.15424
G1 X144.165 Y130 E.06418
G1 X144.165 Y134.79 E.06418
G1 X132.653 Y134.79 E.15424
G1 X132.49 Y134.872 E.00244
G1 X131.827 Y135.778 E.01504
G1 X131.069 Y136.584 E.01482
G1 X130.181 Y137.315 E.01541
G1 X129.289 Y137.889 E.01421
G1 X128.292 Y138.369 E.01483
G1 X127.245 Y138.723 E.01481
G1 X126.162 Y138.947 E.01482
G1 X125.06 Y139.038 E.01482
G1 X123.955 Y138.993 E.01482
G1 X122.865 Y138.813 E.0148
G1 X121.762 Y138.484 E.01542
G1 X120.788 Y138.063 E.01422
G1 X119.834 Y137.504 E.01481
G1 X118.956 Y136.832 E.01481
G1 X118.166 Y136.058 E.01482
G1 X117.476 Y135.194 E.01481
G1 X116.897 Y134.251 E.01483
G1 X116.438 Y133.245 E.01482
G1 X116.105 Y132.191 E.01481
G1 X115.903 Y131.104 E.01481
G1 X115.835 Y130 E.01482
G1 X115.911 Y128.852 E.01541
G1 X116.105 Y127.809 E.01421
G1 X116.438 Y126.755 E.01481
G1 X116.897 Y125.749 E.01482
G1 X117.504 Y124.772 E.01541
G1 X118.166 Y123.942 E.01422
G1 X118.956 Y123.168 E.01482
G1 X119.834 Y122.496 E.01481
G1 X120.788 Y121.937 E.01481
G1 X121.803 Y121.498 E.01482
G1 X122.864 Y121.187 E.01481
G1 X123.955 Y121.007 E.01482
G1 X125.105 Y120.966 E.01542
G1 X126.162 Y121.053 E.01421
G1 X127.245 Y121.277 E.01482
G1 X128.292 Y121.631 E.01481
G1 X129.289 Y122.111 E.01483
G1 X130.219 Y122.709 E.01481
G1 X131.069 Y123.416 E.01481
G1 X131.827 Y124.222 E.01482
G1 X132.49 Y125.128 E.01504
G1 X132.518 Y125.142 E.00042
G1 E-3.5 F3600
;WIPE_START
G1 F7200
G1 X132.572 Y125.169 E-.02868
G1 X132.653 Y125.21 E-.04312
G1 X135.66 Y125.21 E-1.4282
;WIPE_END
G1 X136.149 Y126.371 F9000
G1 E5 F2400
;TYPE:Solid infill
;WIDTH:0.439999
G1 X133.346 Y129.174 E.05575
G1 X133.329 Y128.951 E.00315
G1 X133.128 Y127.889 E.0152
G1 X132.771 Y126.805 E.01605
G1 X132.554 Y126.347 E.00713
G1 X132.667 Y126.371 E.00162
G1 X136.747 Y126.371 E.05738
G1 X133.385 Y129.733 E.06687
G1 X133.379 Y130.337 E.00849
G1 X137.345 Y126.371 E.07888
G1 X137.943 Y126.371 E.00841
G1 X133.327 Y130.987 E.09181
G1 X133.209 Y131.703 E.01021
G1 X138.541 Y126.371 E.10605
G1 X139.139 Y126.371 E.00841
G1 X132.998 Y132.512 E.12214
G1 X132.933 Y132.449 E.00127
;WIDTH:0.398584
G1 X132.868 Y132.386 E.00115
;WIDTH:0.357168
G1 X132.79 Y132.72 E.00388
G1 X132.812 Y132.811 E.00106
G1 X132.467 Y133.782 F9000
G1 F2400
G1 X132.426 Y133.793 E.00048
G1 X132.407 Y133.722 E.00083
G1 X132.478 Y133.741 E.00083
;WIDTH:0.398584
G1 X132.561 Y133.603 E.00204
;WIDTH:0.439999
G1 X132.643 Y133.465 E.00226
G1 X139.737 Y126.371 E.14109
G1 X140.335 Y126.371 E.00841
G1 X133.077 Y133.629 E.14435
G1 X133.675 Y133.629 E.00841
G1 X140.933 Y126.371 E.14435
G1 X141.531 Y126.371 E.00841
G1 X134.273 Y133.629 E.14435
G1 X134.871 Y133.629 E.00841
G1 X142.129 Y126.371 E.14435
G1 X142.727 Y126.371 E.00841
G1 X135.469 Y133.629 E.14435
G1 X136.067 Y133.629 E.00841
G1 X143.004 Y126.692 E.13797
G1 X143.004 Y127.29 E.00841
G1 X136.665 Y133.629 E.12607
G1 X137.263 Y133.629 E.00841
G1 X143.004 Y127.888 E.11418
G1 X143.004 Y128.486 E.00841
G1 X137.861 Y133.629 E.10229
G1 X138.459 Y133.629 E.00841
G1 X143.004 Y129.084 E.09039
G1 X143.004 Y129.682 E.00841
G1 X139.057 Y133.629 E.0785
G1 X139.655 Y133.629 E.00841
G1 X143.004 Y130.28 E.06661
G1 X143.004 Y130.878 E.00841
G1 X140.253 Y133.629 E.05471
G1 X140.719 Y133.839 E.00719
;WIDTH:0.357168
G1 X140.678 Y133.85 E.00048
G1 X140.658 Y133.779 E.00083
G1 X140.73 Y133.798 E.00084
;WIDTH:0.398584
G1 X140.79 Y133.713 E.00132
;WIDTH:0.439999
G1 X140.851 Y133.629 E.00146
G1 X143.004 Y131.476 E.04282
G1 X143.004 Y133.629 E.03028
G1 X141.449 Y133.629 E.02187
G1 X142.854 Y132.223 E.02795
G1 X142.607 Y133.158 F9000
;WIDTH:0.505206
G1 F2400
G1 X142.564 Y133.114 E.001
G1 X142.505 Y133.13 E.00099
G1 X142.489 Y133.189 E.00099
G1 X142.533 Y133.232 E.001
G1 X142.591 Y133.216 E.00098
G1 E-3.5 F3600
;WIPE_START
G1 F7200
G1 X142.533 Y133.232 E-.02858
G1 X142.489 Y133.189 E-.02922
G1 X142.505 Y133.13 E-.02904
G1 X142.564 Y133.114 E-.02904
G1 X142.607 Y133.158 E-.02922
;WIPE_END
G1 E-1.3549 F3600
G1 X135.128 Y126.794 F9000
G1 E5 F2400
;WIDTH:0.439999
G1 X133.634 Y128.288 E.02971
G1 X133.522 Y127.73 E.008
G1 X133.215 Y126.794 E.01385
G1 X134.917 Y126.794 E.02394
G1 X133.982 Y127.279 F9000
;WIDTH:0.602528
G1 F2400
G1 X133.93 Y127.227 E.00143
G1 X133.859 Y127.246 E.00143
G1 X133.84 Y127.317 E.00143
G1 X133.892 Y127.369 E.00143
G1 X133.963 Y127.35 E.00143
;LAYER_CHANGE
;Z:0.36
;HEIGHT:0.08
;BEFORE_LAYER_CHANGE
G92 E0
;0.36


G1 E-3.5 F3600
;WIPE_START
G1 F7200
G1 X133.892 Y127.369 E-.03491
G1 X133.84 Y127.317 E-.03493
G1 X133.859 Y127.246 E-.03491
G1 X133.93 Y127.227 E-.03491
G1 X133.982 Y127.279 E-.03493
;WIPE_END
G1 E-1.32541 F3600
G1 Z.36 F9000
;AFTER_LAYER_CHANGE
;0.36
G1 X132.629 Y130.093
G1 E5 F2400
;TYPE:Perimeter
;WIDTH:0.439999
G1 F1728
G1 X132.642 Y130.135 E.00062
G1 X132.585 Y130.978 E.01188
G1 X132.392 Y131.973 E.01425
G1 X132.07 Y132.937 E.01429
G1 X131.596 Y133.896 E.01504
G1 X131.065 Y134.699 E.01354
G1 X130.399 Y135.467 E.0143
G1 X129.638 Y136.141 E.0143
G1 X128.796 Y136.71 E.01429
G1 X127.886 Y137.165 E.01431
G1 X126.925 Y137.496 E.01429
G1 X125.959 Y137.694 E.01387
G1 X125.073 Y137.766 E.0125
G1 X124.072 Y137.723 E.01409
G1 X122.825 Y137.496 E.01783
G1 X121.938 Y137.195 E.01317
G1 X120.954 Y136.71 E.01543
G1 X120.548 Y136.439 E.00686
G1 X120.157 Y136.172 E.00666
G1 X119.411 Y135.526 E.01388
G1 X118.734 Y134.763 E.01435
G1 X118.165 Y133.921 E.01429
G1 X117.71 Y133.011 E.01431
G1 X117.379 Y132.05 E.01429
G1 X117.175 Y131.054 E.0143
G1 X117.109 Y130.198 E.01207
G1 X117.164 Y129.03 E.01644
G1 X117.344 Y128.097 E.01336
G1 X117.634 Y127.196 E.01331
G1 X118.033 Y126.345 E.01322
G1 X118.192 Y126.038 E.00486
G1 X118.685 Y125.301 E.01247
G1 X119.408 Y124.476 E.01543
G1 X120.112 Y123.859 E.01316
G1 X120.979 Y123.279 E.01467
G1 X121.86 Y122.837 E.01386
G1 X122.825 Y122.504 E.01436
G1 X123.821 Y122.3 E.0143
G1 X124.677 Y122.234 E.01207
G1 X125.853 Y122.29 E.01656
G1 X126.848 Y122.483 E.01425
G1 X127.812 Y122.805 E.01429
G1 X128.688 Y123.231 E.0137
G1 X129.481 Y123.748 E.01331
G1 X130.205 Y124.356 E.0133
G1 X130.85 Y125.048 E.0133
G1 X131.065 Y125.301 E.00467
G1 X131.585 Y126.079 E.01316
G1 X132.07 Y127.063 E.01543
G1 X132.371 Y127.95 E.01317
G1 X132.575 Y128.946 E.0143
G1 X132.641 Y129.802 E.01207
G1 X132.634 Y129.949 E.00207
G1 X132.599 Y130 E.00087
G1 X132.61 Y130.036 E.00053
G1 X132.182 Y130.075 F9000
;TYPE:External perimeter
;WIDTH:0.419999
G1 F1500
G1 X132.229 Y130.168 E.0014
G1 X132.173 Y130.949 E.01049
G1 X131.987 Y131.892 E.01288
G1 X131.679 Y132.804 E.0129
G1 X131.227 Y133.711 E.01358
G1 X130.722 Y134.47 E.01221
G1 X130.088 Y135.195 E.0129
G1 X129.366 Y135.831 E.01289
G1 X128.566 Y136.367 E.0129
G1 X127.704 Y136.794 E.01289
G1 X126.793 Y137.105 E.0129
G1 X125.878 Y137.289 E.0125
G1 X125.043 Y137.354 E.01122
G1 X124.976 Y137.348 E.0009
G1 X124.875 Y137.271 E.0017
G1 X124.713 Y137.355 E.00244
G1 X124.102 Y137.311 E.00821
G1 X123.22 Y137.159 E.01199
G1 X122.309 Y136.885 E.01275
G1 X121.184 Y136.367 E.01659
G1 X120.777 Y136.095 E.00656
G1 X120.427 Y135.859 E.00566
G1 X119.681 Y135.214 E.01321
G1 X119.044 Y134.491 E.01291
G1 X118.508 Y133.691 E.0129
G1 X118.081 Y132.829 E.01289
G1 X117.77 Y131.918 E.0129
G1 X117.58 Y130.974 E.0129
G1 X117.521 Y130.168 E.01083
G1 X117.527 Y130.101 E.0009
G1 X117.604 Y130 E.0017
G1 X117.521 Y129.834 E.00249
G1 X117.577 Y129.051 E.01052
G1 X117.749 Y128.178 E.01192
G1 X118.025 Y127.329 E.01196
G1 X118.402 Y126.53 E.01184
G1 X118.904 Y125.716 E.01281
G1 X119.68 Y124.787 E.01622
G1 X120.384 Y124.169 E.01255
G1 X121.142 Y123.661 E.01223
G1 X122.045 Y123.206 E.01355
G1 X122.957 Y122.895 E.01291
G1 X123.901 Y122.705 E.0129
G1 X124.707 Y122.646 E.01083
G1 X124.775 Y122.652 E.00091
G1 X124.875 Y122.729 E.00169
G1 X125.022 Y122.645 E.00227
G1 X125.824 Y122.702 E.01077
G1 X126.767 Y122.888 E.01288
G1 X127.679 Y123.196 E.0129
G1 X128.505 Y123.601 E.01233
G1 X129.251 Y124.091 E.01196
G1 X129.933 Y124.667 E.01196
G1 X130.54 Y125.32 E.01195
G1 X130.722 Y125.53 E.00372
G1 X131.242 Y126.309 E.01255
G1 X131.679 Y127.196 E.01325
G1 X131.98 Y128.082 E.01254
G1 X132.17 Y129.026 E.0129
G1 X132.229 Y129.832 E.01083
G1 X132.144 Y130 E.00252
G1 X132.155 Y130.022 E.00033
G1 X133.055 Y129.677 F9000
;TYPE:Perimeter
;WIDTH:0.439999
G1 F1500
G1 X132.99 Y128.863 E.01148
G1 X132.772 Y127.814 E.01507
G1 X132.471 Y126.927 E.01317
G1 X132.314 Y126.59 E.00523
;WIDTH:0.47858
G1 X131.889 Y125.738 E.01461
G1 X132.09 Y125.888 E.00385
;WIDTH:0.453462
G1 X132.653 Y126.046 E.00849
;WIDTH:0.439999
G1 X143.329 Y126.046 E.15014
G1 X143.329 Y130 E.05561
G1 X143.329 Y133.954 E.05561
G1 X132.653 Y133.954 E.15014
;WIDTH:0.474267
G1 X132.038 Y134.135 E.00975
;WIDTH:0.491868
G1 X131.931 Y134.211 E.00207
G1 X131.989 Y134.093 E.00208
;WIDTH:0.474267
G1 X132.471 Y133.073 E.01715
;WIDTH:0.439999
G1 X132.807 Y132.055 E.01508
G1 X133.007 Y131.009 E.01498
G1 X133.063 Y129.772 E.01741
G1 X133.06 Y129.737 E.00049
G1 E-3.5 F3600
;WIPE_START
G1 F7200
G1 X133.055 Y129.677 E-.0286
G1 X132.99 Y128.863 E-.38788
G1 X132.772 Y127.814 E-.50892
G1 X132.471 Y126.927 E-.44492
G1 X132.356 Y126.68 E-.12968
;WIPE_END
G1 X131.931 Y134.211 F9000
G1 E5 F2400
;WIDTH:0.491868
G1 F1728
G1 X131.672 Y134.572 E.00701
;WIDTH:0.462969
G1 X131.414 Y134.932 E.00657
;WIDTH:0.435336
G1 X130.715 Y135.744 E.0149
G1 X129.914 Y136.456 E.01491
;WIDTH:0.439642
G1 X129.03 Y137.062 E.01506
;WIDTH:0.442684
G1 X128.074 Y137.545 E.01516
;WIDTH:0.446312
G1 X127.062 Y137.9 E.01531
;WIDTH:0.4503
G1 X126.042 Y138.114 E.01501
G1 X125.103 Y138.192 E.01357
;WIDTH:0.455474
G1 X124.041 Y138.152 E.01549
;WIDTH:0.45869
G1 X123.056 Y137.988 E.01466
G1 X122.038 Y137.684 E.0156
;WIDTH:0.461508
G1 X121.171 Y137.307 E.01397
G1 X120.721 Y137.059 E.00759
;WIDTH:0.436628
G1 X119.983 Y136.568 E.01237
;WIDTH:0.465046
G1 X119.515 Y136.192 E.00894
G1 X119.138 Y135.842 E.00766
;WIDTH:0.458484
G1 X118.758 Y135.446 E.00806
G1 X118.418 Y135.04 E.00777
;WIDTH:0.434748
G1 X117.815 Y134.154 E.01489
;WIDTH:0.436366
G1 X117.333 Y133.197 E.01494
;WIDTH:0.43857
G1 X116.979 Y132.186 E.01501
;WIDTH:0.441366
G1 X116.76 Y131.137 E.01512
G1 X116.687 Y130.228 E.01287
;WIDTH:0.448696
G1 X116.738 Y128.999 E.01765
;WIDTH:0.45239
G1 X116.923 Y128.013 E.01452
;WIDTH:0.455468
G1 X117.227 Y127.058 E.01461
;WIDTH:0.462596
G1 X117.645 Y126.151 E.0148
G1 X118.203 Y125.247 E.01574
;WIDTH:0.461144
G1 X118.795 Y124.51 E.01396
;WIDTH:0.461856
G1 X119.511 Y123.809 E.01482
G1 X119.943 Y123.461 E.0082
;WIDTH:0.436212
G1 X120.679 Y122.967 E.01235
;WIDTH:0.465168
G1 X121.172 Y122.695 E.00839
G1 X121.672 Y122.462 E.00822
;WIDTH:0.434252
G1 X122.69 Y122.106 E.01496
;WIDTH:0.435628
G1 X123.739 Y121.888 E.01491
G1 X124.647 Y121.816 E.01268
;WIDTH:0.447844
G1 X125.103 Y121.808 E.00653
G1 X125.894 Y121.869 E.01136
;WIDTH:0.44329
G1 X126.93 Y122.067 E.01495
;WIDTH:0.447022
G1 X127.949 Y122.401 E.01533
;WIDTH:0.450954
G1 X128.877 Y122.847 E.01486
;WIDTH:0.45427
G1 X129.72 Y123.39 E.01458
;WIDTH:0.456998
G1 X130.49 Y124.032 E.01467
;WIDTH:0.459134
G1 X131.175 Y124.763 E.01473
;WIDTH:0.463668
G1 X131.807 Y125.628 E.01591
;WIDTH:0.47858
G1 X131.889 Y125.738 E.00211
G1 X132.391 Y125.527 F9000
;WIDTH:0.439999
G1 F1728
G1 X132.653 Y125.623 E.00392
G1 X143.752 Y125.623 E.15609
G1 X143.752 Y130 E.06156
G1 X143.752 Y134.377 E.06156
G1 X132.653 Y134.377 E.15609
G1 X132.295 Y134.492 E.00529
G1 X132.157 Y134.628 E.00272
G1 X131.509 Y135.514 E.01544
G1 X130.787 Y136.281 E.01481
G1 X129.925 Y136.989 E.01569
G1 X129.087 Y137.528 E.01401
G1 X128.136 Y137.986 E.01484
G1 X127.137 Y138.324 E.01483
G1 X126.103 Y138.538 E.01485
G1 X125.052 Y138.624 E.01483
G1 X123.997 Y138.581 E.01485
G1 X122.958 Y138.41 E.01481
G1 X121.89 Y138.089 E.01568
G1 X120.975 Y137.694 E.01402
G1 X120.065 Y137.16 E.01484
G1 X119.228 Y136.52 E.01482
G1 X118.436 Y135.735 E.01568
G1 X117.815 Y134.956 E.01401
G1 X117.262 Y134.057 E.01484
G1 X116.824 Y133.097 E.01484
G1 X116.506 Y132.091 E.01484
G1 X116.314 Y131.053 E.01485
G1 X116.249 Y130 E.01484
G1 X116.314 Y128.947 E.01484
G1 X116.506 Y127.909 E.01485
G1 X116.824 Y126.903 E.01484
G1 X117.262 Y125.945 E.01481
G1 X117.851 Y124.998 E.01568
G1 X118.473 Y124.219 E.01402
G1 X119.226 Y123.481 E.01483
G1 X120.065 Y122.84 E.01485
G1 X120.975 Y122.306 E.01484
G1 X121.944 Y121.887 E.01485
G1 X122.956 Y121.59 E.01483
G1 X123.995 Y121.419 E.01481
G1 X125.11 Y121.381 E.01569
G1 X126.103 Y121.462 E.01401
G1 X127.137 Y121.676 E.01485
G1 X128.136 Y122.014 E.01483
G1 X129.087 Y122.472 E.01484
G1 X129.974 Y123.043 E.01484
G1 X130.786 Y123.717 E.01484
G1 X131.49 Y124.467 E.01447
G1 X132.257 Y125.478 E.01785
G1 X132.334 Y125.506 E.00115
G1 X132.572 Y125.169 F9000
;TYPE:External perimeter
;WIDTH:0.419999
G1 F1500
G1 X132.653 Y125.21 E.00122
G1 X144.165 Y125.21 E.15424
G1 X144.165 Y130 E.06418
G1 X144.165 Y134.79 E.06418
G1 X132.653 Y134.79 E.15424
G1 X132.49 Y134.872 E.00244
G1 X131.827 Y135.778 E.01504
G1 X131.07 Y136.583 E.01481
G1 X130.169 Y137.323 E.01562
G1 X129.289 Y137.889 E.01402
G1 X128.292 Y138.369 E.01483
G1 X127.245 Y138.723 E.01481
G1 X126.162 Y138.947 E.01482
G1 X125.06 Y139.038 E.01482
G1 X123.955 Y138.993 E.01482
G1 X122.865 Y138.813 E.0148
G1 X121.748 Y138.478 E.01562
G1 X120.788 Y138.063 E.01401
G1 X119.834 Y137.504 E.01481
G1 X118.956 Y136.832 E.01481
G1 X118.128 Y136.011 E.01562
G1 X117.476 Y135.194 E.014
G1 X116.897 Y134.251 E.01483
G1 X116.438 Y133.245 E.01482
G1 X116.105 Y132.191 E.01481
G1 X115.903 Y131.104 E.01481
G1 X115.835 Y130 E.01482
G1 X115.903 Y128.896 E.01482
G1 X116.105 Y127.809 E.01481
G1 X116.438 Y126.755 E.01481
G1 X116.897 Y125.749 E.01482
G1 X117.513 Y124.76 E.01561
G1 X118.166 Y123.942 E.01402
G1 X118.956 Y123.168 E.01482
G1 X119.834 Y122.496 E.01481
G1 X120.788 Y121.937 E.01481
G1 X121.803 Y121.498 E.01482
G1 X122.864 Y121.187 E.01481
G1 X123.955 Y121.007 E.01482
G1 X125.12 Y120.967 E.01562
G1 X126.162 Y121.053 E.01401
G1 X127.245 Y121.277 E.01482
G1 X128.292 Y121.631 E.01481
G1 X129.289 Y122.111 E.01483
G1 X130.219 Y122.709 E.01481
G1 X131.069 Y123.416 E.01481
G1 X131.827 Y124.222 E.01482
G1 X132.49 Y125.128 E.01504
G1 X132.518 Y125.142 E.00042
G1 E-3.5 F3600
;WIPE_START
G1 F7200
G1 X132.572 Y125.169 E-.02868
G1 X132.653 Y125.21 E-.04312
G1 X135.66 Y125.21 E-1.4282
;WIPE_END
G1 X132.549 Y133.656 F9000
G1 E5 F2400
;TYPE:Solid infill
;WIDTH:0.439999
G1 F1728
G1 X132.781 Y133.17 E.00757
G1 X133.127 Y132.113 E.01564
G1 X133.308 Y131.206 E.01301
G1 X133.34 Y130.836 E.00522
G1 X136.132 Y133.629 E.05554
G1 X133.113 Y133.629 E.04246
G1 X132.76 Y133.646 E.00497
G1 X133.215 Y133.206 E.0089
G1 X133.522 Y132.27 E.01385
G1 X133.635 Y131.729 E.00777
G1 X135.111 Y133.206 E.02937
G1 X133.426 Y133.206 E.0237
G1 X133.886 Y132.637 E.01029
;WIDTH:0.593626
G1 X133.835 Y132.688 E.00138
G1 X133.854 Y132.757 E.00137
G1 X133.924 Y132.776 E.00139
G1 X133.975 Y132.725 E.00138
G1 X133.956 Y132.655 E.00139
G1 E-3.5 F3600
;WIPE_START
G1 F7200
G1 X133.975 Y132.725 E-.03445
G1 X133.924 Y132.776 E-.03426
G1 X133.854 Y132.757 E-.03445
G1 X133.835 Y132.688 E-.03399
G1 X133.886 Y132.637 E-.03426
G1 X133.426 Y133.206 E-.34755
G1 X135.111 Y133.206 E-.80037
G1 X134.842 Y132.937 E-.18067
;WIPE_END
G1 X133.385 Y130.284 F9000
G1 E5 F2400
;WIDTH:0.439999
G1 F1728
G1 X136.73 Y133.629 E.06653
G1 X137.328 Y133.629 E.00841
G1 X133.383 Y129.684 E.07846
G1 X133.337 Y129.04 E.00908
G1 X137.926 Y133.629 E.09127
G1 X138.524 Y133.629 E.00841
G1 X133.208 Y128.313 E.10573
G1 X132.862 Y127.592 E.01125
;WIDTH:0.357168
G1 X132.8 Y127.307 E.0033
G1 X132.821 Y127.217 E.00105
;WIDTH:0.398584
G1 X132.914 Y127.365 E.00222
;WIDTH:0.439999
G1 X133.006 Y127.513 E.00245
G1 X139.122 Y133.629 E.12164
G1 X139.72 Y133.629 E.00841
G1 X132.658 Y126.567 E.14045
G1 X133.06 Y126.371 E.00629
G1 X140.318 Y133.629 E.14435
G1 X140.916 Y133.629 E.00841
G1 X133.658 Y126.371 E.14435
G1 X134.256 Y126.371 E.00841
G1 X141.514 Y133.629 E.14435
G1 X142.112 Y133.629 E.00841
G1 X134.854 Y126.371 E.14435
G1 X135.452 Y126.371 E.00841
G1 X142.71 Y133.629 E.14435
G1 X142.895 Y133.652 E.00262
;WIDTH:0.398584
G1 X143.08 Y133.675 E.00236
;WIDTH:0.357168
G1 X143.061 Y133.746 E.00083
G1 X143.132 Y133.727 E.00083
G1 X143.121 Y133.686 E.00048
;WIDTH:0.439999
G1 X143.004 Y133.325 E.00534
G1 X136.05 Y126.371 E.13831
G1 X136.648 Y126.371 E.00841
G1 X143.004 Y132.727 E.12641
G1 X143.004 Y132.129 E.00841
G1 X137.246 Y126.371 E.11452
G1 X137.844 Y126.371 E.00841
G1 X143.004 Y131.531 E.10263
G1 X143.004 Y130.933 E.00841
G1 X138.442 Y126.371 E.09073
G1 X139.04 Y126.371 E.00841
G1 X143.004 Y130.335 E.07884
G1 X143.004 Y129.737 E.00841
G1 X139.638 Y126.371 E.06695
G1 X140.236 Y126.371 E.00841
G1 X143.004 Y129.139 E.05505
G1 X143.173 Y128.662 E.00712
;WIDTH:0.357168
G1 X143.154 Y128.733 E.00083
G1 X143.225 Y128.714 E.00083
G1 X143.214 Y128.673 E.00048
;WIDTH:0.398584
G1 X143.109 Y128.607 E.00157
;WIDTH:0.439999
G1 X143.004 Y128.541 E.00174
G1 X140.834 Y126.371 E.04316
G1 X140.768 Y126.266 E.00174
;WIDTH:0.398584
G1 X140.702 Y126.161 E.00157
;WIDTH:0.357168
G1 X140.713 Y126.202 E.00048
G1 X140.642 Y126.221 E.00083
G1 X140.661 Y126.15 E.00083
;WIDTH:0.439999
G1 X141.432 Y126.371 E.01128
G1 X143.004 Y126.371 E.02211
G1 X143.004 Y127.943 E.02211
G1 X141.581 Y126.521 E.02829
G1 X142.527 Y126.772 F9000
;WIDTH:0.515102
G1 F1728
G1 X142.483 Y126.816 E.00103
G1 X142.499 Y126.876 E.00103
G1 X142.559 Y126.892 E.00103
G1 X142.603 Y126.848 E.00103
G1 X142.587 Y126.788 E.00103
;LAYER_CHANGE
;Z:0.44
;HEIGHT:0.08
;BEFORE_LAYER_CHANGE
G92 E0
;0.44


G1 E-3.5 F3600
;WIPE_START
G1 F7200
G1 X142.603 Y126.848 E-.0295
G1 X142.559 Y126.892 E-.02956
G1 X142.499 Y126.876 E-.0295
G1 X142.483 Y126.816 E-.0295
G1 X142.527 Y126.772 E-.02956
;WIPE_END
G1 E-1.35238 F3600
G1 Z.44 F9000
;AFTER_LAYER_CHANGE
;0.44
G1 X132.611 Y130.075
G1 E5 F2400
;TYPE:Perimeter
;WIDTH:0.439999
G1 F1729
G1 X132.637 Y130.124 E.00078
G1 X132.585 Y130.98 E.01206
G1 X132.392 Y131.973 E.01423
G1 X132.07 Y132.937 E.01429
G1 X131.589 Y133.907 E.01523
G1 X131.065 Y134.699 E.01336
G1 X130.399 Y135.467 E.0143
G1 X129.582 Y136.179 E.01524
G1 X128.796 Y136.71 E.01334
G1 X127.886 Y137.165 E.01431
G1 X126.925 Y137.496 E.01429
G1 X125.959 Y137.694 E.01387
G1 X125.114 Y137.765 E.01193
G1 X124.073 Y137.723 E.01465
G1 X123.141 Y137.565 E.01329
G1 X122.825 Y137.496 E.00455
G1 X121.938 Y137.195 E.01317
G1 X120.954 Y136.71 E.01543
G1 X120.228 Y136.225 E.01228
G1 X119.412 Y135.527 E.0151
G1 X118.734 Y134.763 E.01437
G1 X118.165 Y133.921 E.01429
G1 X117.71 Y133.011 E.01431
G1 X117.379 Y132.05 E.01429
G1 X117.175 Y131.054 E.0143
G1 X117.11 Y130.239 E.0115
G1 X117.141 Y130 E.00339
G1 X117.11 Y129.761 E.00339
G1 X117.165 Y129.02 E.01045
G1 X117.344 Y128.097 E.01322
G1 X117.634 Y127.196 E.01331
G1 X118.03 Y126.341 E.01325
G1 X118.569 Y125.474 E.01436
G1 X119.121 Y124.796 E.0123
G1 X119.408 Y124.476 E.00605
G1 X120.112 Y123.859 E.01316
G1 X120.548 Y123.561 E.00743
G1 X120.985 Y123.271 E.00738
G1 X121.864 Y122.835 E.0138
G1 X122.825 Y122.504 E.01429
G1 X123.821 Y122.3 E.0143
G1 X124.636 Y122.235 E.0115
G1 X125.855 Y122.29 E.01716
G1 X126.848 Y122.483 E.01423
G1 X127.812 Y122.805 E.01429
G1 X128.681 Y123.236 E.01364
G1 X129.481 Y123.748 E.01336
G1 X130.205 Y124.356 E.0133
G1 X131.065 Y125.301 E.01797
G1 X131.585 Y126.079 E.01316
G1 X132.07 Y127.063 E.01543
G1 X132.371 Y127.95 E.01317
G1 X132.575 Y128.946 E.0143
G1 X132.64 Y129.761 E.0115
G1 X132.627 Y129.938 E.0025
G1 X132.57 Y130 E.00118
G1 X132.582 Y130.022 E.00035
G1 X132.162 Y130.1 F9000
;TYPE:External perimeter
;WIDTH:0.419999
G1 F1500
G1 X132.228 Y130.186 E.00145
G1 X132.173 Y130.949 E.01025
G1 X131.987 Y131.892 E.01288
G1 X131.679 Y132.804 E.0129
G1 X131.22 Y133.722 E.01375
G1 X130.722 Y134.47 E.01204
G1 X130.088 Y135.195 E.0129
G1 X129.313 Y135.866 E.01373
G1 X128.566 Y136.367 E.01205
G1 X127.704 Y136.794 E.01289
G1 X126.793 Y137.105 E.0129
G1 X125.878 Y137.289 E.0125
G1 X125.083 Y137.353 E.01069
G1 X125.001 Y137.342 E.00111
G1 X124.875 Y137.21 E.00244
G1 X124.708 Y137.352 E.00294
G1 X124.103 Y137.311 E.00812
G1 X123.221 Y137.16 E.01199
G1 X122.295 Y136.881 E.01296
G1 X121.184 Y136.367 E.0164
G1 X120.457 Y135.881 E.01172
G1 X119.682 Y135.214 E.0137
G1 X119.044 Y134.491 E.01292
G1 X118.508 Y133.691 E.0129
G1 X118.081 Y132.829 E.01289
G1 X117.77 Y131.918 E.0129
G1 X117.58 Y130.974 E.0129
G1 X117.522 Y130.208 E.01029
G1 X117.533 Y130.126 E.00111
G1 X117.665 Y130 E.00244
G1 X117.523 Y129.829 E.00298
G1 X117.576 Y129.061 E.01031
G1 X117.749 Y128.178 E.01206
G1 X118.025 Y127.329 E.01196
G1 X118.4 Y126.524 E.0119
G1 X118.912 Y125.704 E.01295
G1 X119.68 Y124.787 E.01603
G1 X120.384 Y124.169 E.01255
G1 X121.184 Y123.633 E.0129
G1 X122.046 Y123.206 E.01289
G1 X122.957 Y122.895 E.0129
G1 X123.901 Y122.705 E.0129
G1 X124.667 Y122.647 E.01029
G1 X124.749 Y122.658 E.00111
G1 X124.875 Y122.79 E.00244
G1 X125.031 Y122.65 E.00281
G1 X125.824 Y122.702 E.01065
G1 X126.767 Y122.888 E.01288
G1 X127.679 Y123.196 E.0129
G1 X128.496 Y123.604 E.01224
G1 X129.251 Y124.091 E.01204
G1 X129.933 Y124.667 E.01196
G1 X130.722 Y125.53 E.01567
G1 X131.242 Y126.309 E.01255
G1 X131.679 Y127.196 E.01325
G1 X131.98 Y128.082 E.01254
G1 X132.17 Y129.026 E.0129
G1 X132.224 Y129.85 E.01106
G1 X132.085 Y130 E.00274
G1 X132.125 Y130.052 E.00088
G1 X133.05 Y129.59 F9000
;TYPE:Perimeter
;WIDTH:0.439999
G1 F1500
G1 X132.99 Y128.863 E.01026
G1 X132.772 Y127.814 E.01507
G1 X132.471 Y126.927 E.01317
G1 X132.314 Y126.59 E.00523
;WIDTH:0.478578
G1 X131.889 Y125.738 E.01461
G1 X132.09 Y125.888 E.00385
;WIDTH:0.453461
G1 X132.653 Y126.046 E.00849
;WIDTH:0.439999
G1 X143.329 Y126.046 E.15014
G1 X143.329 Y130 E.05561
G1 X143.329 Y133.954 E.05561
G1 X132.653 Y133.954 E.15014
;WIDTH:0.472631
G1 X132.027 Y134.144 E.00991
;WIDTH:0.489
G1 X131.923 Y134.221 E.00203
G1 X131.981 Y134.105 E.00204
;WIDTH:0.472631
G1 X132.471 Y133.073 E.01731
;WIDTH:0.439999
G1 X132.807 Y132.055 E.01508
G1 X133.007 Y131.011 E.01495
G1 X133.061 Y130.27 E.01045
G1 X133.061 Y129.73 E.00759
G1 X133.055 Y129.65 E.00113
G1 E-3.5 F3600
;WIPE_START
G1 F7200
G1 X133.05 Y129.59 E-.0286
G1 X132.99 Y128.863 E-.3465
G1 X132.772 Y127.814 E-.50892
G1 X132.471 Y126.927 E-.44492
G1 X132.319 Y126.601 E-.17106
;WIPE_END
G1 X131.923 Y134.221 F9000
G1 E5 F2400
;WIDTH:0.489
G1 F1729
G1 X131.668 Y134.577 E.00687
;WIDTH:0.461534
G1 X131.414 Y134.932 E.00645
;WIDTH:0.435336
G1 X130.715 Y135.744 E.0149
;WIDTH:0.4367
G1 X129.857 Y136.498 E.01594
;WIDTH:0.439642
G1 X129.03 Y137.062 E.01407
;WIDTH:0.442682
G1 X128.074 Y137.545 E.01516
;WIDTH:0.44631
G1 X127.062 Y137.9 E.01531
;WIDTH:0.450298
G1 X126.042 Y138.114 E.01501
G1 X125.145 Y138.189 E.01297
;WIDTH:0.445946
G1 X124.639 Y138.186 E.00722
;WIDTH:0.455122
G1 X124.041 Y138.152 E.00872
;WIDTH:0.458664
G1 X123.056 Y137.988 E.01466
G1 X122.024 Y137.679 E.01582
;WIDTH:0.461508
G1 X121.171 Y137.307 E.01375
G1 X120.721 Y137.059 E.00759
;WIDTH:0.437422
G1 X119.994 Y136.575 E.01221
;WIDTH:0.466034
G1 X119.512 Y136.189 E.00922
G1 X119.138 Y135.845 E.00759
;WIDTH:0.433788
G1 X118.418 Y135.04 E.01497
;WIDTH:0.434748
G1 X117.815 Y134.154 E.01489
;WIDTH:0.436366
G1 X117.333 Y133.197 E.01494
;WIDTH:0.43857
G1 X116.979 Y132.186 E.01501
;WIDTH:0.441366
G1 X116.76 Y131.137 E.01512
G1 X116.689 Y130.27 E.01227
;WIDTH:0.439494
G1 X116.688 Y129.743 E.0074
;WIDTH:0.44868
G1 X116.738 Y128.999 E.0107
;WIDTH:0.45239
G1 X116.923 Y128.013 E.01452
;WIDTH:0.455468
G1 X117.227 Y127.058 E.01461
;WIDTH:0.45783
G1 X117.643 Y126.15 E.01464
G1 X118.212 Y125.236 E.01578
;WIDTH:0.461146
G1 X118.795 Y124.51 E.01375
;WIDTH:0.461854
G1 X119.511 Y123.809 E.01482
G1 X119.943 Y123.461 E.0082
;WIDTH:0.433446
G1 X120.721 Y122.941 E.01296
;WIDTH:0.461506
G1 X121.171 Y122.693 E.00759
G1 X121.678 Y122.459 E.00825
;WIDTH:0.434252
G1 X122.69 Y122.106 E.01487
;WIDTH:0.435628
G1 X123.739 Y121.888 E.01491
G1 X124.605 Y121.818 E.01209
;WIDTH:0.44666
G1 X125.114 Y121.809 E.00727
G1 X125.886 Y121.868 E.01106
;WIDTH:0.443286
G1 X126.93 Y122.067 E.01506
;WIDTH:0.447022
G1 X127.949 Y122.401 E.01533
;WIDTH:0.458206
G1 X128.875 Y122.85 E.0151
G1 X129.72 Y123.39 E.01471
;WIDTH:0.456998
G1 X130.49 Y124.032 E.01467
;WIDTH:0.459134
G1 X131.175 Y124.763 E.01473
;WIDTH:0.463668
G1 X131.807 Y125.628 E.01591
;WIDTH:0.478578
G1 X131.889 Y125.738 E.00211
G1 X132.391 Y125.527 F9000
;WIDTH:0.439999
G1 F1729
G1 X132.653 Y125.623 E.00392
G1 X143.752 Y125.623 E.15609
G1 X143.752 Y130 E.06156
G1 X143.752 Y134.377 E.06156
G1 X132.653 Y134.377 E.15609
G1 X132.288 Y134.497 E.0054
G1 X132.157 Y134.628 E.00261
G1 X131.509 Y135.514 E.01544
G1 X130.787 Y136.281 E.01481
G1 X129.913 Y136.997 E.01589
G1 X129.087 Y137.528 E.01381
G1 X128.136 Y137.986 E.01484
G1 X127.137 Y138.324 E.01483
G1 X126.103 Y138.538 E.01485
G1 X125.052 Y138.624 E.01483
G1 X123.997 Y138.581 E.01485
G1 X122.958 Y138.41 E.01481
G1 X121.877 Y138.084 E.01588
G1 X120.975 Y137.694 E.01382
G1 X120.065 Y137.16 E.01484
G1 X119.226 Y136.519 E.01485
G1 X118.473 Y135.781 E.01483
G1 X117.815 Y134.956 E.01484
G1 X117.262 Y134.057 E.01484
G1 X116.824 Y133.097 E.01484
G1 X116.506 Y132.091 E.01484
G1 X116.314 Y131.053 E.01485
G1 X116.249 Y130 E.01484
G1 X116.314 Y128.947 E.01484
G1 X116.506 Y127.909 E.01485
G1 X116.824 Y126.903 E.01484
G1 X117.261 Y125.945 E.01481
G1 X117.86 Y124.987 E.01589
G1 X118.473 Y124.219 E.01382
G1 X119.226 Y123.481 E.01483
G1 X120.065 Y122.84 E.01485
G1 X120.975 Y122.306 E.01484
G1 X121.944 Y121.887 E.01485
G1 X122.956 Y121.59 E.01483
G1 X123.995 Y121.419 E.01481
G1 X125.124 Y121.382 E.01589
G1 X126.103 Y121.462 E.01381
G1 X127.137 Y121.676 E.01485
G1 X128.136 Y122.014 E.01483
G1 X129.087 Y122.472 E.01484
G1 X129.974 Y123.043 E.01484
G1 X130.786 Y123.717 E.01484
G1 X131.49 Y124.467 E.01447
G1 X132.257 Y125.478 E.01785
G1 X132.334 Y125.506 E.00115
G1 X132.572 Y125.169 F9000
;TYPE:External perimeter
;WIDTH:0.419999
G1 F1500
G1 X132.653 Y125.21 E.00122
G1 X144.165 Y125.21 E.15424
G1 X144.165 Y130 E.06418
G1 X144.165 Y134.79 E.06418
G1 X132.653 Y134.79 E.15424
G1 X132.49 Y134.872 E.00244
G1 X131.827 Y135.778 E.01504
G1 X131.07 Y136.583 E.01481
G1 X130.156 Y137.331 E.01582
G1 X129.289 Y137.889 E.01381
G1 X128.292 Y138.369 E.01483
G1 X127.245 Y138.723 E.01481
G1 X126.162 Y138.947 E.01482
G1 X125.06 Y139.038 E.01482
G1 X123.955 Y138.993 E.01482
G1 X122.865 Y138.813 E.0148
G1 X121.735 Y138.472 E.01581
G1 X120.788 Y138.063 E.01382
G1 X119.834 Y137.504 E.01481
G1 X118.956 Y136.832 E.01481
G1 X118.166 Y136.058 E.01482
G1 X117.476 Y135.194 E.01481
G1 X116.897 Y134.251 E.01483
G1 X116.438 Y133.245 E.01482
G1 X116.105 Y132.191 E.01481
G1 X115.903 Y131.104 E.01481
G1 X115.835 Y130 E.01482
G1 X115.903 Y128.896 E.01482
G1 X116.105 Y127.809 E.01481
G1 X116.438 Y126.755 E.01481
G1 X116.897 Y125.749 E.01482
G1 X117.523 Y124.748 E.01582
G1 X118.166 Y123.942 E.01381
G1 X118.956 Y123.168 E.01482
G1 X119.834 Y122.496 E.01481
G1 X120.788 Y121.937 E.01481
G1 X121.803 Y121.498 E.01482
G1 X122.864 Y121.187 E.01481
G1 X123.954 Y121.007 E.0148
G1 X125.134 Y120.968 E.01582
G1 X126.162 Y121.053 E.01382
G1 X127.245 Y121.277 E.01482
G1 X128.292 Y121.631 E.01481
G1 X129.289 Y122.111 E.01483
G1 X130.219 Y122.709 E.01481
G1 X131.069 Y123.416 E.01481
G1 X131.827 Y124.222 E.01482
G1 X132.49 Y125.128 E.01504
G1 X132.518 Y125.142 E.00042
G1 E-3.5 F3600
;WIPE_START
G1 F7200
G1 X132.572 Y125.169 E-.02868
G1 X132.653 Y125.21 E-.04312
G1 X135.66 Y125.21 E-1.4282
;WIPE_END
G1 X136.149 Y126.371 F9000
G1 E5 F2400
;TYPE:Solid infill
;WIDTH:0.439999
G1 F1729
G1 X133.347 Y129.173 E.05573
G1 X133.329 Y128.947 E.00319
G1 X133.128 Y127.889 E.01515
G1 X132.771 Y126.805 E.01605
G1 X132.554 Y126.347 E.00713
G1 X132.667 Y126.371 E.00162
G1 X136.747 Y126.371 E.05738
G1 X133.386 Y129.732 E.06685
G1 X133.383 Y130.333 E.00845
G1 X137.345 Y126.371 E.0788
G1 X137.943 Y126.371 E.00841
G1 X133.328 Y130.986 E.09179
G1 X133.209 Y131.703 E.01022
G1 X138.541 Y126.371 E.10605
G1 X139.139 Y126.371 E.00841
G1 X132.998 Y132.512 E.12214
G1 X132.93 Y132.459 E.00121
;WIDTH:0.398584
G1 X132.863 Y132.405 E.00109
;WIDTH:0.357168
G1 X132.792 Y132.718 E.00363
G1 X132.814 Y132.811 E.00108
G1 X132.462 Y133.789 F9000
G1 F1729
G1 X132.421 Y133.8 E.00048
G1 X132.402 Y133.729 E.00083
G1 X132.473 Y133.748 E.00083
;WIDTH:0.398584
G1 X132.556 Y133.609 E.00205
;WIDTH:0.439999
G1 X132.639 Y133.469 E.00229
G1 X139.737 Y126.371 E.14117
G1 X140.335 Y126.371 E.00841
G1 X133.077 Y133.629 E.14435
G1 X133.675 Y133.629 E.00841
G1 X140.933 Y126.371 E.14435
G1 X141.531 Y126.371 E.00841
G1 X134.273 Y133.629 E.14435
G1 X134.871 Y133.629 E.00841
G1 X142.129 Y126.371 E.14435
G1 X142.727 Y126.371 E.00841
G1 X135.469 Y133.629 E.14435
G1 X136.067 Y133.629 E.00841
G1 X143.004 Y126.692 E.13797
G1 X143.004 Y127.29 E.00841
G1 X136.665 Y133.629 E.12607
G1 X137.263 Y133.629 E.00841
G1 X143.004 Y127.888 E.11418
G1 X143.004 Y128.486 E.00841
G1 X137.861 Y133.629 E.10229
G1 X138.459 Y133.629 E.00841
G1 X143.004 Y129.084 E.09039
G1 X143.004 Y129.682 E.00841
G1 X139.057 Y133.629 E.0785
G1 X139.655 Y133.629 E.00841
G1 X143.004 Y130.28 E.06661
G1 X143.004 Y130.878 E.00841
G1 X140.253 Y133.629 E.05471
G1 X140.719 Y133.839 E.00719
;WIDTH:0.357168
G1 X140.678 Y133.85 E.00048
G1 X140.658 Y133.779 E.00083
G1 X140.73 Y133.798 E.00084
;WIDTH:0.398584
G1 X140.79 Y133.713 E.00132
;WIDTH:0.439999
G1 X140.851 Y133.629 E.00146
G1 X143.004 Y131.476 E.04282
G1 X143.004 Y133.629 E.03028
G1 X141.449 Y133.629 E.02187
G1 X142.854 Y132.223 E.02795
G1 X142.607 Y133.158 F9000
;WIDTH:0.505204
G1 F1729
G1 X142.564 Y133.114 E.001
G1 X142.505 Y133.13 E.00099
G1 X142.489 Y133.189 E.00099
G1 X142.533 Y133.232 E.001
G1 X142.591 Y133.216 E.00098
G1 E-3.5 F3600
;WIPE_START
G1 F7200
G1 X142.533 Y133.232 E-.02858
G1 X142.489 Y133.189 E-.02922
G1 X142.505 Y133.13 E-.02904
G1 X142.564 Y133.114 E-.02904
G1 X142.607 Y133.158 E-.02922
;WIPE_END
G1 E-1.3549 F3600
G1 X135.128 Y126.794 F9000
G1 E5 F2400
;WIDTH:0.439999
G1 F1729
G1 X133.634 Y128.288 E.02971
G1 X133.522 Y127.73 E.008
G1 X133.215 Y126.794 E.01385
G1 X134.917 Y126.794 E.02394
G1 X133.982 Y127.279 F9000
;WIDTH:0.60253
G1 F1729
G1 X133.93 Y127.227 E.00143
G1 X133.859 Y127.246 E.00143
G1 X133.84 Y127.317 E.00143
G1 X133.892 Y127.369 E.00143
G1 X133.963 Y127.35 E.00143
;LAYER_CHANGE
;Z:0.52
;HEIGHT:0.08
;BEFORE_LAYER_CHANGE
G92 E0
;0.52


G1 E-3.5 F3600
;WIPE_START
G1 F7200
G1 X133.892 Y127.369 E-.03491
G1 X133.84 Y127.317 E-.03493
G1 X133.859 Y127.246 E-.03491
G1 X133.93 Y127.227 E-.03491
G1 X133.982 Y127.279 E-.03493
;WIPE_END
G1 E-1.32541 F3600
G1 Z.52 F9000
;AFTER_LAYER_CHANGE
;0.52
G1 X132.571 Y130.045
G1 E5 F2400
;TYPE:Perimeter
;WIDTH:0.439999
G1 F1731
G1 X132.634 Y130.15 E.00172
G1 X132.585 Y130.981 E.01171
G1 X132.392 Y131.973 E.01421
G1 X132.07 Y132.937 E.01429
G1 X131.581 Y133.919 E.01543
G1 X131.065 Y134.699 E.01315
G1 X130.399 Y135.467 E.0143
G1 X129.638 Y136.141 E.0143
G1 X128.796 Y136.71 E.01429
G1 X127.886 Y137.165 E.01431
G1 X126.925 Y137.496 E.01429
G1 X125.959 Y137.694 E.01387
G1 X125.155 Y137.763 E.01135
G1 X124.074 Y137.724 E.01521
G1 X122.825 Y137.496 E.01786
G1 X121.938 Y137.195 E.01317
G1 X120.954 Y136.71 E.01543
G1 X120.176 Y136.19 E.01316
G1 X119.408 Y135.524 E.0143
G1 X118.734 Y134.763 E.0143
G1 X118.165 Y133.921 E.01429
G1 X117.71 Y133.011 E.01431
G1 X117.379 Y132.05 E.01429
G1 X117.175 Y131.054 E.0143
G1 X117.112 Y130.28 E.01092
G1 X117.164 Y129.031 E.01758
G1 X117.344 Y128.097 E.01338
G1 X117.634 Y127.196 E.01331
G1 X118.197 Y126.032 E.01818
G1 X118.577 Y125.463 E.00962
G1 X119.121 Y124.796 E.0121
G1 X119.408 Y124.476 E.00605
G1 X120.112 Y123.859 E.01316
G1 X120.956 Y123.294 E.01428
G1 X121.858 Y122.838 E.01421
G1 X122.825 Y122.504 E.01439
G1 X123.821 Y122.3 E.0143
G1 X124.595 Y122.237 E.01092
G1 X125.856 Y122.29 E.01775
G1 X126.848 Y122.483 E.01421
G1 X127.812 Y122.805 E.01429
G1 X128.68 Y123.236 E.01363
G1 X129.481 Y123.748 E.01337
G1 X130.205 Y124.356 E.0133
G1 X131.065 Y125.301 E.01797
G1 X131.585 Y126.079 E.01316
G1 X131.935 Y126.777 E.01098
G1 X132.07 Y127.063 E.00445
G1 X132.371 Y127.95 E.01317
G1 X132.575 Y128.946 E.0143
G1 X132.638 Y129.72 E.01092
G1 X132.62 Y129.922 E.00285
G1 X132.55 Y129.994 E.00141
G1 X132.172 Y129.868 F9000
;TYPE:External perimeter
;WIDTH:0.419999
G1 F1500
G1 X132.083 Y129.959 E.00171
G1 X132.005 Y130.011 E.00126
G1 X132.22 Y130.182 E.00368
G1 X132.173 Y130.95 E.01031
G1 X131.987 Y131.892 E.01286
G1 X131.679 Y132.804 E.0129
G1 X131.213 Y133.732 E.01391
G1 X130.722 Y134.47 E.01188
G1 X130.088 Y135.195 E.0129
G1 X129.366 Y135.831 E.01289
G1 X128.566 Y136.367 E.0129
G1 X127.704 Y136.794 E.01289
G1 X126.793 Y137.105 E.0129
G1 X125.878 Y137.289 E.0125
G1 X125.124 Y137.352 E.01014
G1 X125.03 Y137.336 E.00128
G1 X124.854 Y137.144 E.00349
G1 X124.72 Y137.336 E.00314
G1 X124.105 Y137.312 E.00825
G1 X123.217 Y137.159 E.01207
G1 X122.363 Y136.904 E.01194
G1 X122.046 Y136.794 E.0045
G1 X121.207 Y136.38 E.01254
G1 X120.384 Y135.831 E.01325
G1 X119.68 Y135.213 E.01255
G1 X119.044 Y134.491 E.01289
G1 X118.508 Y133.691 E.0129
G1 X118.081 Y132.829 E.01289
G1 X117.77 Y131.918 E.0129
G1 X117.58 Y130.974 E.0129
G1 X117.523 Y130.249 E.00974
G1 X117.539 Y130.155 E.00128
G1 X117.731 Y129.979 E.00349
G1 X117.539 Y129.845 E.00314
G1 X117.576 Y129.063 E.01049
G1 X117.749 Y128.178 E.01208
G1 X118.025 Y127.329 E.01196
G1 X118.546 Y126.251 E.01604
G1 X118.92 Y125.692 E.00901
G1 X119.431 Y125.068 E.01081
G1 X119.68 Y124.787 E.00503
G1 X120.384 Y124.169 E.01255
G1 X121.122 Y123.675 E.0119
G1 X122.045 Y123.207 E.01387
G1 X122.957 Y122.895 E.01291
G1 X123.901 Y122.705 E.0129
G1 X124.626 Y122.648 E.00974
G1 X124.721 Y122.664 E.00129
G1 X124.896 Y122.856 E.00348
G1 X125.029 Y122.664 E.00313
G1 X125.825 Y122.702 E.01068
G1 X126.767 Y122.888 E.01286
G1 X127.679 Y123.196 E.0129
G1 X128.494 Y123.605 E.01222
G1 X129.251 Y124.091 E.01205
G1 X129.933 Y124.667 E.01196
G1 X130.722 Y125.53 E.01567
G1 X131.242 Y126.309 E.01255
G1 X131.565 Y126.96 E.00974
G1 X131.679 Y127.196 E.00351
G1 X131.98 Y128.082 E.01254
G1 X132.17 Y129.026 E.0129
G1 X132.227 Y129.751 E.00974
G1 X132.22 Y129.818 E.0009
G1 X132.213 Y129.825 E.00013
G1 X133.055 Y130.369 F9000
;TYPE:Perimeter
;WIDTH:0.439999
G1 F1500
G1 X133.06 Y130.312 E.0008
G1 X133.06 Y129.688 E.00878
G1 X132.99 Y128.863 E.01164
G1 X132.772 Y127.814 E.01507
G1 X132.471 Y126.927 E.01317
G1 X132.314 Y126.59 E.00523
;WIDTH:0.47858
G1 X131.889 Y125.738 E.01461
G1 X132.09 Y125.888 E.00385
;WIDTH:0.453462
G1 X132.653 Y126.046 E.00849
;WIDTH:0.439999
G1 X143.329 Y126.046 E.15014
G1 X143.329 Y130 E.05561
G1 X143.329 Y133.954 E.05561
G1 X132.653 Y133.954 E.15014
;WIDTH:0.471054
G1 X132.017 Y134.153 E.01006
;WIDTH:0.486278
G1 X131.914 Y134.231 E.00202
G1 X131.972 Y134.116 E.00201
;WIDTH:0.471054
G1 X132.471 Y133.073 E.01745
;WIDTH:0.439999
G1 X132.807 Y132.055 E.01508
G1 X133.006 Y131.013 E.01492
G1 X133.051 Y130.429 E.00824
G1 E-3.5 F3600
;WIPE_START
G1 F7200
G1 X133.055 Y130.369 E-.02856
G1 X133.06 Y130.312 E-.02718
G1 X133.06 Y129.688 E-.2964
G1 X132.99 Y128.863 E-.39328
G1 X132.772 Y127.814 E-.50892
G1 X132.606 Y127.324 E-.24566
;WIPE_END
G1 X131.914 Y134.231 F9000
G1 E5 F2400
;WIDTH:0.486278
G1 F1731
G1 X131.664 Y134.581 E.00671
;WIDTH:0.460172
G1 X131.414 Y134.932 E.00635
;WIDTH:0.435336
G1 X130.715 Y135.744 E.0149
G1 X129.913 Y136.455 E.01491
;WIDTH:0.439642
G1 X129.03 Y137.062 E.01506
;WIDTH:0.442682
G1 X128.074 Y137.545 E.01516
;WIDTH:0.44631
G1 X127.062 Y137.9 E.01531
;WIDTH:0.450298
G1 X126.042 Y138.114 E.01501
G1 X125.187 Y138.187 E.01236
;WIDTH:0.444046
G1 X124.599 Y138.185 E.00835
;WIDTH:0.454724
G1 X124.041 Y138.152 E.00813
;WIDTH:0.458798
G1 X123.052 Y137.988 E.01473
;WIDTH:0.460448
G1 X122.091 Y137.705 E.01477
;WIDTH:0.461506
G1 X121.171 Y137.307 E.01481
G1 X120.721 Y137.059 E.00759
;WIDTH:0.433446
G1 X119.943 Y136.539 E.01296
;WIDTH:0.461856
G1 X119.511 Y136.191 E.0082
G1 X119.132 Y135.839 E.00765
;WIDTH:0.433724
G1 X118.418 Y135.04 E.01485
;WIDTH:0.434748
G1 X117.815 Y134.154 E.01489
G1 X117.336 Y133.196 E.01488
;WIDTH:0.43857
G1 X116.979 Y132.186 E.01501
;WIDTH:0.441368
G1 X116.76 Y131.137 E.01512
G1 X116.691 Y130.312 E.01168
;WIDTH:0.43846
G1 X116.69 Y129.703 E.00853
;WIDTH:0.448654
G1 X116.738 Y128.999 E.01013
;WIDTH:0.45239
G1 X116.923 Y128.013 E.01452
;WIDTH:0.455466
G1 X117.227 Y127.058 E.01461
;WIDTH:0.464724
G1 X117.645 Y126.153 E.01484
G1 X118.22 Y125.224 E.01626
;WIDTH:0.461146
G1 X118.795 Y124.51 E.01354
;WIDTH:0.461856
G1 X119.511 Y123.809 E.01482
G1 X119.943 Y123.461 E.0082
;WIDTH:0.437676
G1 X120.658 Y122.981 E.01204
;WIDTH:0.466848
G1 X121.173 Y122.696 E.0088
G1 X121.669 Y122.463 E.0082
;WIDTH:0.434252
G1 X122.69 Y122.106 E.015
;WIDTH:0.435628
G1 X123.739 Y121.888 E.01491
G1 X124.563 Y121.82 E.01151
;WIDTH:0.444738
G1 X125.076 Y121.81 E.0073
G1 X125.888 Y121.869 E.01158
;WIDTH:0.443286
G1 X126.93 Y122.067 E.01503
;WIDTH:0.447022
G1 X127.949 Y122.401 E.01533
;WIDTH:0.459542
G1 X128.875 Y122.85 E.01514
G1 X129.72 Y123.39 E.01475
;WIDTH:0.456998
G1 X130.49 Y124.032 E.01467
;WIDTH:0.459134
G1 X131.175 Y124.763 E.01473
;WIDTH:0.463668
G1 X131.807 Y125.628 E.01591
;WIDTH:0.47858
G1 X131.889 Y125.738 E.00211
G1 X132.391 Y125.527 F9000
;WIDTH:0.439999
G1 F1731
G1 X132.653 Y125.623 E.00392
G1 X143.752 Y125.623 E.15609
G1 X143.752 Y130 E.06156
G1 X143.752 Y134.377 E.06156
G1 X132.653 Y134.377 E.15609
G1 X132.282 Y134.502 E.00551
G1 X132.157 Y134.628 E.0025
G1 X131.509 Y135.514 E.01544
G1 X130.788 Y136.281 E.0148
G1 X129.901 Y137.005 E.0161
G1 X129.087 Y137.528 E.01361
G1 X128.136 Y137.986 E.01484
G1 X127.137 Y138.324 E.01483
G1 X126.103 Y138.538 E.01485
G1 X125.052 Y138.624 E.01483
G1 X123.997 Y138.581 E.01485
G1 X122.956 Y138.41 E.01484
G1 X121.944 Y138.113 E.01483
G1 X120.975 Y137.694 E.01485
G1 X120.065 Y137.16 E.01484
G1 X119.226 Y136.519 E.01485
G1 X118.473 Y135.781 E.01483
G1 X117.815 Y134.956 E.01484
G1 X117.264 Y134.059 E.0148
G1 X116.798 Y133.013 E.0161
G1 X116.506 Y132.091 E.0136
G1 X116.314 Y131.053 E.01485
G1 X116.249 Y130 E.01484
G1 X116.314 Y128.947 E.01484
G1 X116.506 Y127.909 E.01485
G1 X116.824 Y126.903 E.01484
G1 X117.261 Y125.946 E.0148
G1 X117.869 Y124.976 E.0161
G1 X118.473 Y124.219 E.01362
G1 X119.226 Y123.481 E.01483
G1 X120.065 Y122.84 E.01485
G1 X120.975 Y122.306 E.01484
G1 X121.944 Y121.887 E.01485
G1 X122.956 Y121.59 E.01483
G1 X123.994 Y121.419 E.01479
G1 X125.139 Y121.383 E.01611
G1 X126.103 Y121.462 E.0136
G1 X127.137 Y121.676 E.01485
G1 X128.136 Y122.014 E.01483
G1 X129.087 Y122.472 E.01484
G1 X129.974 Y123.043 E.01484
G1 X130.786 Y123.717 E.01484
G1 X131.49 Y124.467 E.01447
G1 X132.257 Y125.478 E.01785
G1 X132.334 Y125.506 E.00115
G1 X132.572 Y125.169 F9000
;TYPE:External perimeter
;WIDTH:0.419999
G1 F1500
G1 X132.653 Y125.21 E.00122
G1 X144.165 Y125.21 E.15424
G1 X144.165 Y130 E.06418
G1 X144.165 Y134.79 E.06418
G1 X132.653 Y134.79 E.15424
G1 X132.49 Y134.872 E.00244
G1 X131.827 Y135.778 E.01504
G1 X131.07 Y136.583 E.01481
G1 X130.144 Y137.339 E.01602
G1 X129.289 Y137.889 E.01362
G1 X128.292 Y138.369 E.01483
G1 X127.245 Y138.723 E.01481
G1 X126.162 Y138.947 E.01482
G1 X125.06 Y139.038 E.01482
G1 X123.955 Y138.993 E.01482
G1 X122.864 Y138.813 E.01482
G1 X121.803 Y138.502 E.01481
G1 X120.788 Y138.063 E.01482
G1 X119.834 Y137.504 E.01481
G1 X118.956 Y136.832 E.01481
G1 X118.166 Y136.058 E.01482
G1 X117.476 Y135.194 E.01481
G1 X116.898 Y134.252 E.01481
G1 X116.411 Y133.16 E.01602
G1 X116.105 Y132.191 E.01361
G1 X115.903 Y131.104 E.01481
G1 X115.835 Y130 E.01482
G1 X115.903 Y128.896 E.01482
G1 X116.105 Y127.809 E.01481
G1 X116.438 Y126.755 E.01481
G1 X116.897 Y125.75 E.0148
G1 X117.532 Y124.736 E.01603
G1 X118.166 Y123.942 E.01361
G1 X118.956 Y123.168 E.01482
G1 X119.834 Y122.496 E.01481
G1 X120.788 Y121.937 E.01481
G1 X121.803 Y121.498 E.01482
G1 X122.864 Y121.187 E.01481
G1 X123.954 Y121.007 E.0148
G1 X125.149 Y120.97 E.01602
G1 X126.162 Y121.053 E.01362
G1 X127.245 Y121.277 E.01482
G1 X128.292 Y121.631 E.01481
G1 X129.289 Y122.111 E.01483
G1 X130.219 Y122.709 E.01481
G1 X131.069 Y123.416 E.01481
G1 X131.827 Y124.222 E.01482
G1 X132.49 Y125.128 E.01504
G1 X132.518 Y125.142 E.00042
G1 E-3.5 F3600
;WIPE_START
G1 F7200
G1 X132.572 Y125.169 E-.02868
G1 X132.653 Y125.21 E-.04312
G1 X135.66 Y125.21 E-1.4282
;WIPE_END
G1 X132.546 Y133.658 F9000
G1 E5 F2400
;TYPE:Solid infill
;WIDTH:0.439999
G1 F1731
G1 X132.781 Y133.172 E.00759
G1 X133.085 Y132.272 E.01336
G1 X133.307 Y131.207 E.0153
G1 X133.34 Y130.846 E.0051
G1 X136.123 Y133.629 E.05535
G1 X133.108 Y133.629 E.0424
G1 X132.758 Y133.647 E.00493
G1 X133.216 Y133.206 E.00894
G1 X133.499 Y132.358 E.01257
G1 X133.629 Y131.733 E.00898
G1 X135.103 Y133.206 E.02931
G1 X133.427 Y133.206 E.02357
G1 X133.889 Y132.642 E.01025
;WIDTH:0.584792
G1 X133.838 Y132.692 E.00135
G1 X133.857 Y132.761 E.00135
G1 X133.925 Y132.779 E.00133
G1 X133.976 Y132.729 E.00135
G1 X133.957 Y132.661 E.00133
G1 E-3.5 F3600
;WIPE_START
G1 F7200
G1 X133.976 Y132.729 E-.03354
G1 X133.925 Y132.779 E-.03393
G1 X133.857 Y132.761 E-.03341
G1 X133.838 Y132.692 E-.03399
G1 X133.889 Y132.642 E-.03393
G1 X133.427 Y133.206 E-.34631
G1 X135.103 Y133.206 E-.7961
G1 X134.822 Y132.925 E-.18879
;WIPE_END
G1 X133.383 Y130.29 F9000
G1 E5 F2400
;WIDTH:0.439999
G1 F1731
G1 X136.721 Y133.629 E.0664
G1 X137.319 Y133.629 E.00841
G1 X133.384 Y129.693 E.07827
G1 X133.338 Y129.049 E.00908
G1 X137.917 Y133.629 E.09108
G1 X138.515 Y133.629 E.00841
G1 X133.21 Y128.324 E.10551
G1 X132.865 Y127.6 E.01128
;WIDTH:0.357168
G1 X132.804 Y127.32 E.00324
G1 X132.826 Y127.229 E.00106
;WIDTH:0.398584
G1 X132.918 Y127.378 E.00222
;WIDTH:0.439999
G1 X133.01 Y127.526 E.00245
G1 X139.113 Y133.629 E.12138
G1 X139.711 Y133.629 E.00841
G1 X132.666 Y126.584 E.14012
G1 X133.052 Y126.371 E.0062
G1 X140.309 Y133.629 E.14434
G1 X140.907 Y133.629 E.00841
G1 X133.65 Y126.371 E.14434
G1 X134.248 Y126.371 E.00841
G1 X141.505 Y133.629 E.14434
G1 X142.103 Y133.629 E.00841
G1 X134.846 Y126.371 E.14434
G1 X135.444 Y126.371 E.00841
G1 X142.701 Y133.629 E.14434
G1 X142.891 Y133.652 E.00269
;WIDTH:0.398584
G1 X143.08 Y133.675 E.00242
;WIDTH:0.357168
G1 X143.061 Y133.746 E.00083
G1 X143.132 Y133.727 E.00083
G1 X143.121 Y133.686 E.00048
;WIDTH:0.439999
G1 X143.004 Y133.333 E.00523
G1 X136.042 Y126.371 E.13846
G1 X136.64 Y126.371 E.00841
G1 X143.004 Y132.735 E.12657
G1 X143.004 Y132.137 E.00841
G1 X137.238 Y126.371 E.11468
G1 X137.835 Y126.371 E.0084
G1 X143.004 Y131.54 E.1028
G1 X143.004 Y130.942 E.00841
G1 X138.433 Y126.371 E.09091
G1 X139.031 Y126.371 E.00841
G1 X143.004 Y130.344 E.07902
G1 X143.004 Y129.746 E.00841
G1 X139.629 Y126.371 E.06712
G1 X140.227 Y126.371 E.00841
G1 X143.004 Y129.148 E.05523
G1 X143.173 Y128.671 E.00712
;WIDTH:0.357168
G1 X143.154 Y128.742 E.00083
G1 X143.225 Y128.723 E.00083
G1 X143.214 Y128.682 E.00048
;WIDTH:0.398584
G1 X143.109 Y128.616 E.00157
;WIDTH:0.439999
G1 X143.004 Y128.55 E.00174
G1 X140.825 Y126.371 E.04334
G1 X140.759 Y126.266 E.00174
;WIDTH:0.398584
G1 X140.693 Y126.161 E.00157
;WIDTH:0.357168
G1 X140.704 Y126.202 E.00048
G1 X140.633 Y126.221 E.00083
G1 X140.652 Y126.15 E.00083
;WIDTH:0.439999
G1 X141.423 Y126.371 E.01128
G1 X143.004 Y126.371 E.02223
G1 X143.004 Y127.952 E.02223
G1 X141.573 Y126.521 E.02846
G1 X142.525 Y126.773 F9000
;WIDTH:0.52013
G1 F1731
G1 X142.48 Y126.818 E.00106
G1 X142.496 Y126.879 E.00105
G1 X142.557 Y126.895 E.00105
G1 X142.602 Y126.85 E.00106
G1 X142.585 Y126.79 E.00104
;LAYER_CHANGE
;Z:0.6
;HEIGHT:0.08
;BEFORE_LAYER_CHANGE
G92 E0
;0.6


G1 E-3.5 F3600
;WIPE_START
G1 F7200
G1 X142.602 Y126.85 E-.02962
G1 X142.557 Y126.895 E-.03023
G1 X142.496 Y126.879 E-.02996
G1 X142.48 Y126.818 E-.02996
G1 X142.525 Y126.773 E-.03023
;WIPE_END
G1 E-1.35 F3600
G1 Z.6 F9000
;AFTER_LAYER_CHANGE
;0.6
G1 X132.526 Y130.009
G1 E5 F2400
;TYPE:Perimeter
;WIDTH:0.439999
G1 F1731
G1 X132.612 Y130.095 E.00171
G1 X132.637 Y130.322 E.00321
G1 X132.585 Y130.983 E.00932
G1 X132.392 Y131.973 E.01418
G1 X132.07 Y132.937 E.01429
G1 X131.625 Y133.851 E.0143
G1 X131.065 Y134.699 E.01429
G1 X130.399 Y135.467 E.0143
G1 X129.56 Y136.194 E.01561
G1 X128.796 Y136.71 E.01297
G1 X127.886 Y137.165 E.01431
G1 X126.925 Y137.496 E.01429
G1 X125.959 Y137.694 E.01387
G1 X125.197 Y137.762 E.01076
G1 X124.875 Y137.702 E.00461
G1 X124.576 Y137.763 E.00429
G1 X124.075 Y137.724 E.00707
G1 X122.825 Y137.496 E.01787
G1 X121.938 Y137.195 E.01317
G1 X120.954 Y136.71 E.01543
G1 X120.176 Y136.19 E.01316
G1 X119.408 Y135.524 E.0143
G1 X118.681 Y134.685 E.01561
G1 X118.529 Y134.466 E.00375
G1 X118.165 Y133.921 E.00922
G1 X117.71 Y133.011 E.01431
G1 X117.379 Y132.05 E.01429
G1 X117.175 Y131.054 E.0143
G1 X117.113 Y130.322 E.01033
G1 X117.171 Y130 E.0046
G1 X117.113 Y129.678 E.0046
G1 X117.165 Y129.017 E.00932
G1 X117.344 Y128.097 E.01318
G1 X117.634 Y127.196 E.01331
G1 X118.213 Y126.007 E.0186
G1 X118.685 Y125.301 E.01194
G1 X119.121 Y124.796 E.00938
G1 X119.408 Y124.476 E.00605
G1 X120.112 Y123.859 E.01316
G1 X120.945 Y123.301 E.0141
G1 X121.858 Y122.838 E.0144
G1 X122.825 Y122.504 E.01439
G1 X123.821 Y122.3 E.0143
G1 X124.553 Y122.238 E.01033
G1 X124.875 Y122.301 E.00461
G1 X125.145 Y122.236 E.00391
G1 X125.858 Y122.29 E.01006
G1 X126.848 Y122.483 E.01418
G1 X127.812 Y122.805 E.01429
G1 X128.679 Y123.237 E.01362
G1 X129.481 Y123.748 E.01337
G1 X130.205 Y124.356 E.0133
G1 X130.841 Y125.049 E.01323
G1 X131.114 Y125.373 E.00596
G1 X131.585 Y126.079 E.01194
G1 X131.935 Y126.777 E.01098
G1 X132.07 Y127.063 E.00445
G1 X132.371 Y127.95 E.01317
G1 X132.575 Y128.946 E.0143
G1 X132.637 Y129.678 E.01033
G1 X132.612 Y129.905 E.00321
G1 X132.55 Y129.966 E.00122
G1 X132.172 Y129.83 F9000
;TYPE:External perimeter
;WIDTH:0.419999
G1 F1500
G1 X132.082 Y129.919 E.0017
G1 X131.966 Y129.985 E.00179
G1 X131.992 Y130.054 E.00099
G1 X132.082 Y130.081 E.00126
G1 X132.225 Y130.263 E.0031
G1 X132.173 Y130.95 E.00923
G1 X131.987 Y131.892 E.01286
G1 X131.679 Y132.804 E.0129
G1 X131.255 Y133.668 E.01289
G1 X130.722 Y134.47 E.0129
G1 X130.088 Y135.195 E.0129
G1 X129.291 Y135.881 E.01409
G1 X128.566 Y136.367 E.01169
G1 X127.704 Y136.794 E.01289
G1 X126.793 Y137.105 E.0129
G1 X125.878 Y137.289 E.0125
G1 X125.164 Y137.35 E.0096
G1 X125.059 Y137.33 E.00143
G1 X124.86 Y137.091 E.00417
G1 X124.653 Y137.344 E.00438
G1 X124.107 Y137.312 E.00733
G1 X123.223 Y137.16 E.01202
G1 X122.268 Y136.871 E.01337
G1 X121.184 Y136.367 E.01602
G1 X120.405 Y135.847 E.01255
G1 X119.68 Y135.213 E.0129
G1 X118.994 Y134.416 E.01409
G1 X118.873 Y134.237 E.00289
G1 X118.508 Y133.691 E.0088
G1 X118.081 Y132.829 E.01289
G1 X117.77 Y131.918 E.0129
G1 X117.58 Y130.974 E.0129
G1 X117.525 Y130.289 E.00921
G1 X117.545 Y130.184 E.00143
G1 X117.784 Y129.985 E.00417
G1 X117.531 Y129.778 E.00438
G1 X117.576 Y129.065 E.00957
G1 X117.749 Y128.178 E.01211
G1 X118.025 Y127.329 E.01196
G1 X118.557 Y126.236 E.01629
G1 X119.028 Y125.53 E.01137
G1 X119.431 Y125.068 E.00821
G1 X119.68 Y124.787 E.00503
G1 X120.384 Y124.169 E.01255
G1 X121.111 Y123.682 E.01172
G1 X122.044 Y123.207 E.01403
G1 X122.957 Y122.895 E.01293
G1 X123.901 Y122.705 E.0129
G1 X124.586 Y122.65 E.00921
G1 X124.691 Y122.67 E.00143
G1 X124.89 Y122.909 E.00417
G1 X125.096 Y122.656 E.00437
G1 X125.825 Y122.702 E.00979
G1 X126.767 Y122.888 E.01286
G1 X127.679 Y123.196 E.0129
G1 X128.492 Y123.606 E.0122
G1 X129.251 Y124.091 E.01207
G1 X129.933 Y124.667 E.01196
G1 X130.77 Y125.603 E.01682
G1 X131.242 Y126.309 E.01138
G1 X131.565 Y126.96 E.00974
G1 X131.679 Y127.196 E.00351
G1 X131.98 Y128.082 E.01254
G1 X132.17 Y129.026 E.0129
G1 X132.225 Y129.711 E.00921
G1 X132.217 Y129.785 E.001
G1 X132.215 Y129.787 E.00004
G1 X133.046 Y130.325 F9000
;TYPE:Perimeter
;WIDTH:0.439999
G1 F1500
G1 X133.055 Y130.162 E.0023
G1 X133.058 Y129.645 E.00727
G1 X132.989 Y128.863 E.01104
G1 X132.772 Y127.814 E.01506
G1 X132.471 Y126.927 E.01317
G1 X132.314 Y126.59 E.00523
;WIDTH:0.478578
G1 X131.889 Y125.738 E.01461
G1 X132.09 Y125.888 E.00385
;WIDTH:0.453462
G1 X132.653 Y126.046 E.00849
;WIDTH:0.439999
G1 X143.329 Y126.046 E.15014
G1 X143.329 Y130 E.05561
G1 X143.329 Y133.954 E.05561
G1 X132.653 Y133.954 E.15014
;WIDTH:0.481343
G1 X132.083 Y134.1 E.00908
;WIDTH:0.504832
G1 X131.964 Y134.173 E.00226
G1 X132.023 Y134.047 E.00226
;WIDTH:0.481343
G1 X132.471 Y133.073 E.01655
;WIDTH:0.439999
G1 X132.807 Y132.055 E.01508
G1 X133.006 Y131.016 E.01488
G1 X133.043 Y130.385 E.00889
G1 E-3.5 F3600
;WIPE_START
G1 F7200
G1 X133.046 Y130.325 E-.02854
G1 X133.055 Y130.162 E-.07754
G1 X133.058 Y129.645 E-.24558
G1 X132.989 Y128.863 E-.37289
G1 X132.772 Y127.814 E-.50882
G1 X132.591 Y127.283 E-.26663
;WIPE_END
G1 X131.964 Y134.173 F9000
G1 E5 F2400
;WIDTH:0.504832
G1 F1731
G1 X131.689 Y134.553 E.00761
;WIDTH:0.469451
G1 X131.414 Y134.932 E.00704
;WIDTH:0.435334
G1 X130.715 Y135.744 E.0149
;WIDTH:0.446078
G1 X129.837 Y136.517 E.01669
G1 X129.03 Y137.062 E.01389
;WIDTH:0.442682
G1 X128.074 Y137.545 E.01516
;WIDTH:0.44631
G1 X127.062 Y137.9 E.01531
;WIDTH:0.450298
G1 X126.042 Y138.114 E.01501
G1 X125.23 Y138.184 E.01174
;WIDTH:0.442238
G1 X124.559 Y138.183 E.00949
;WIDTH:0.45427
G1 X124.041 Y138.153 E.00754
;WIDTH:0.458614
G1 X123.058 Y137.989 E.01463
G1 X121.998 Y137.669 E.01626
;WIDTH:0.461508
G1 X121.171 Y137.307 E.01334
G1 X120.721 Y137.059 E.00759
;WIDTH:0.433446
G1 X119.943 Y136.539 E.01296
;WIDTH:0.461856
G1 X119.511 Y136.191 E.0082
G1 X119.131 Y135.839 E.00766
;WIDTH:0.440596
G1 X118.36 Y134.961 E.01646
G1 X117.815 Y134.154 E.01371
;WIDTH:0.436366
G1 X117.333 Y133.197 E.01494
;WIDTH:0.438568
G1 X116.979 Y132.186 E.01501
;WIDTH:0.441368
G1 X116.76 Y131.137 E.01512
G1 X116.693 Y130.355 E.01107
;WIDTH:0.452978
G1 X116.689 Y129.844 E.00741
G1 X116.738 Y128.999 E.01227
;WIDTH:0.45239
G1 X116.923 Y128.013 E.01452
;WIDTH:0.455466
G1 X117.227 Y127.058 E.01461
;WIDTH:0.465738
G1 X117.645 Y126.154 E.01486
G1 X118.229 Y125.213 E.01652
;WIDTH:0.461144
G1 X118.795 Y124.51 E.01333
;WIDTH:0.461856
G1 X119.511 Y123.809 E.01482
G1 X119.943 Y123.461 E.0082
;WIDTH:0.438408
G1 X120.647 Y122.987 E.01189
;WIDTH:0.467656
G1 X121.173 Y122.696 E.00901
G1 X121.668 Y122.464 E.00819
;WIDTH:0.434254
G1 X122.69 Y122.106 E.01502
;WIDTH:0.435628
G1 X123.739 Y121.888 E.01491
G1 X124.52 Y121.822 E.01091
;WIDTH:0.445798
G1 X125.117 Y121.811 E.00851
G1 X125.891 Y121.869 E.01107
;WIDTH:0.443286
G1 X126.93 Y122.067 E.01499
;WIDTH:0.447022
G1 X127.949 Y122.401 E.01533
;WIDTH:0.460842
G1 X128.875 Y122.851 E.01519
G1 X129.72 Y123.39 E.01479
;WIDTH:0.456998
G1 X130.49 Y124.032 E.01467
;WIDTH:0.466692
G1 X131.173 Y124.765 E.01498
G1 X131.807 Y125.628 E.01601
;WIDTH:0.478578
G1 X131.889 Y125.738 E.00211
G1 X132.391 Y125.527 F9000
;WIDTH:0.439999
G1 F1731
G1 X132.653 Y125.623 E.00392
G1 X143.752 Y125.623 E.15609
G1 X143.752 Y130 E.06156
G1 X143.752 Y134.377 E.06156
G1 X132.653 Y134.377 E.15609
G1 X132.322 Y134.474 E.00485
G1 X132.157 Y134.628 E.00317
G1 X131.509 Y135.514 E.01544
G1 X130.786 Y136.283 E.01484
G1 X129.974 Y136.957 E.01484
G1 X129.087 Y137.528 E.01484
G1 X128.136 Y137.986 E.01484
G1 X127.137 Y138.324 E.01483
G1 X126.103 Y138.538 E.01485
G1 X125.052 Y138.624 E.01483
G1 X123.997 Y138.581 E.01485
G1 X122.959 Y138.41 E.01479
G1 X121.85 Y138.072 E.0163
G1 X120.975 Y137.694 E.0134
G1 X120.065 Y137.16 E.01484
G1 X119.226 Y136.519 E.01485
G1 X118.473 Y135.781 E.01483
G1 X117.815 Y134.956 E.01484
G1 X117.262 Y134.057 E.01484
G1 X116.824 Y133.097 E.01484
G1 X116.506 Y132.091 E.01484
G1 X116.314 Y131.053 E.01485
G1 X116.249 Y130 E.01484
G1 X116.314 Y128.947 E.01484
G1 X116.506 Y127.909 E.01485
G1 X116.824 Y126.903 E.01484
G1 X117.261 Y125.946 E.0148
G1 X117.879 Y124.964 E.01632
G1 X118.473 Y124.219 E.0134
G1 X119.226 Y123.481 E.01483
G1 X120.065 Y122.84 E.01485
G1 X120.975 Y122.306 E.01484
G1 X121.944 Y121.887 E.01485
G1 X122.956 Y121.59 E.01483
G1 X123.994 Y121.419 E.01479
G1 X125.154 Y121.384 E.01632
G1 X126.103 Y121.462 E.01339
G1 X127.137 Y121.676 E.01485
G1 X128.136 Y122.014 E.01483
G1 X129.087 Y122.472 E.01484
G1 X129.974 Y123.043 E.01484
G1 X130.786 Y123.717 E.01484
G1 X131.509 Y124.486 E.01484
G1 X132.257 Y125.478 E.01747
G1 X132.334 Y125.506 E.00115
G1 X132.572 Y125.169 F9000
;TYPE:External perimeter
;WIDTH:0.419999
G1 F1500
G1 X132.653 Y125.21 E.00122
G1 X144.165 Y125.21 E.15424
G1 X144.165 Y130 E.06418
G1 X144.165 Y134.79 E.06418
G1 X132.653 Y134.79 E.15424
G1 X132.49 Y134.872 E.00244
G1 X131.827 Y135.778 E.01504
G1 X131.069 Y136.584 E.01482
G1 X130.219 Y137.291 E.01481
G1 X129.289 Y137.889 E.01481
G1 X128.292 Y138.369 E.01483
G1 X127.245 Y138.723 E.01481
G1 X126.162 Y138.947 E.01482
G1 X125.06 Y139.038 E.01482
G1 X123.955 Y138.993 E.01482
G1 X122.865 Y138.813 E.0148
G1 X121.707 Y138.46 E.01622
G1 X120.788 Y138.063 E.01341
G1 X119.834 Y137.504 E.01481
G1 X118.956 Y136.832 E.01481
G1 X118.166 Y136.058 E.01482
G1 X117.476 Y135.194 E.01481
G1 X116.897 Y134.251 E.01483
G1 X116.438 Y133.245 E.01482
G1 X116.105 Y132.191 E.01481
G1 X115.903 Y131.104 E.01481
G1 X115.835 Y130 E.01482
G1 X115.903 Y128.896 E.01482
G1 X116.105 Y127.809 E.01481
G1 X116.438 Y126.755 E.01481
G1 X116.897 Y125.75 E.0148
G1 X117.541 Y124.725 E.01622
G1 X118.166 Y123.942 E.01342
G1 X118.956 Y123.168 E.01482
G1 X119.834 Y122.496 E.01481
G1 X120.788 Y121.937 E.01481
G1 X121.803 Y121.498 E.01482
G1 X122.864 Y121.187 E.01481
G1 X123.954 Y121.007 E.0148
G1 X125.164 Y120.971 E.01622
G1 X126.162 Y121.053 E.01342
G1 X127.245 Y121.277 E.01482
G1 X128.292 Y121.631 E.01481
G1 X129.289 Y122.111 E.01483
G1 X130.219 Y122.709 E.01481
G1 X131.069 Y123.416 E.01481
G1 X131.827 Y124.222 E.01482
G1 X132.49 Y125.128 E.01504
G1 X132.518 Y125.142 E.00042
G1 E-3.5 F3600
;WIPE_START
G1 F7200
G1 X132.572 Y125.169 E-.02868
G1 X132.653 Y125.21 E-.04312
G1 X135.66 Y125.21 E-1.4282
;WIPE_END
G1 X136.149 Y126.371 F9000
G1 E5 F2400
;TYPE:Solid infill
;WIDTH:0.439999
G1 F1731
G1 X133.348 Y129.173 E.05572
G1 X133.328 Y128.941 E.00327
G1 X133.128 Y127.888 E.01507
G1 X132.771 Y126.805 E.01604
G1 X132.554 Y126.347 E.00713
G1 X132.667 Y126.371 E.00162
G1 X136.747 Y126.371 E.05738
G1 X133.383 Y129.735 E.06691
G1 X133.383 Y130.333 E.00841
G1 X137.345 Y126.371 E.0788
G1 X137.943 Y126.371 E.00841
G1 X133.329 Y130.985 E.09177
G1 X133.202 Y131.71 E.01035
G1 X138.541 Y126.371 E.10619
G1 X139.139 Y126.371 E.00841
G1 X133.008 Y132.501 E.12193
G1 X132.934 Y132.47 E.00113
;WIDTH:0.398584
G1 X132.859 Y132.438 E.00103
;WIDTH:0.357168
G1 X132.801 Y132.709 E.00313
G1 X132.822 Y132.8 E.00106
G1 X132.467 Y133.782 F9000
G1 F1731
G1 X132.426 Y133.793 E.00048
G1 X132.407 Y133.722 E.00083
G1 X132.478 Y133.741 E.00083
;WIDTH:0.398584
G1 X132.561 Y133.603 E.00204
;WIDTH:0.439999
G1 X132.643 Y133.465 E.00226
G1 X139.737 Y126.371 E.14109
G1 X140.335 Y126.371 E.00841
G1 X133.077 Y133.629 E.14435
G1 X133.675 Y133.629 E.00841
G1 X140.933 Y126.371 E.14435
G1 X141.531 Y126.371 E.00841
G1 X134.273 Y133.629 E.14435
G1 X134.871 Y133.629 E.00841
G1 X142.129 Y126.371 E.14435
G1 X142.727 Y126.371 E.00841
G1 X135.469 Y133.629 E.14435
G1 X136.067 Y133.629 E.00841
G1 X143.004 Y126.692 E.13797
G1 X143.004 Y127.29 E.00841
G1 X136.665 Y133.629 E.12607
G1 X137.263 Y133.629 E.00841
G1 X143.004 Y127.888 E.11418
G1 X143.004 Y128.486 E.00841
G1 X137.861 Y133.629 E.10229
G1 X138.459 Y133.629 E.00841
G1 X143.004 Y129.084 E.09039
G1 X143.004 Y129.682 E.00841
G1 X139.057 Y133.629 E.0785
G1 X139.655 Y133.629 E.00841
G1 X143.004 Y130.28 E.06661
G1 X143.004 Y130.878 E.00841
G1 X140.253 Y133.629 E.05471
G1 X140.719 Y133.839 E.00719
;WIDTH:0.357168
G1 X140.678 Y133.85 E.00048
G1 X140.658 Y133.779 E.00083
G1 X140.73 Y133.798 E.00084
;WIDTH:0.398584
G1 X140.79 Y133.713 E.00132
;WIDTH:0.439999
G1 X140.851 Y133.629 E.00146
G1 X143.004 Y131.476 E.04282
G1 X143.004 Y133.629 E.03028
G1 X141.449 Y133.629 E.02187
G1 X142.854 Y132.223 E.02795
G1 X142.607 Y133.158 F9000
;WIDTH:0.505204
G1 F1731
G1 X142.564 Y133.114 E.001
G1 X142.505 Y133.13 E.00099
G1 X142.489 Y133.189 E.00099
G1 X142.533 Y133.232 E.001
G1 X142.591 Y133.216 E.00098
G1 E-3.5 F3600
;WIPE_START
G1 F7200
G1 X142.533 Y133.232 E-.02858
G1 X142.489 Y133.189 E-.02922
G1 X142.505 Y133.13 E-.02904
G1 X142.564 Y133.114 E-.02904
G1 X142.607 Y133.158 E-.02922
;WIPE_END
G1 E-1.3549 F3600
G1 X135.128 Y126.794 F9000
G1 E5 F2400
;WIDTH:0.439999
G1 F1731
G1 X133.634 Y128.288 E.02971
G1 X133.522 Y127.73 E.008
G1 X133.215 Y126.794 E.01385
G1 X134.917 Y126.794 E.02394
G1 X133.982 Y127.279 F9000
;WIDTH:0.602532
G1 F1731
G1 X133.93 Y127.227 E.00143
G1 X133.859 Y127.246 E.00143
G1 X133.84 Y127.317 E.00143
G1 X133.892 Y127.369 E.00143
G1 X133.963 Y127.35 E.00143
;LAYER_CHANGE
;Z:0.68
;HEIGHT:0.08
;BEFORE_LAYER_CHANGE
G92 E0
;0.68


G1 E-3.5 F3600
;WIPE_START
G1 F7200
G1 X133.892 Y127.369 E-.03491
G1 X133.84 Y127.317 E-.03493
G1 X133.859 Y127.246 E-.03491
G1 X133.93 Y127.227 E-.03491
G1 X133.982 Y127.279 E-.03493
;WIPE_END
G1 E-1.32541 F3600
G1 Z.68 F9000
;AFTER_LAYER_CHANGE
;0.68
G1 X132.486 Y130
G1 E5 F2400
;TYPE:Perimeter
;WIDTH:0.439999
G1 F1730
G1 X132.604 Y130.113 E.0023
G1 X132.635 Y130.363 E.00354
G1 X132.585 Y130.984 E.00876
G1 X132.392 Y131.973 E.01417
G1 X132.07 Y132.937 E.01429
G1 X131.567 Y133.941 E.01579
G1 X131.065 Y134.699 E.01279
G1 X130.399 Y135.467 E.0143
G1 X129.638 Y136.141 E.0143
G1 X128.796 Y136.71 E.01429
G1 X127.886 Y137.165 E.01431
G1 X126.925 Y137.496 E.01429
G1 X125.959 Y137.694 E.01387
G1 X125.238 Y137.76 E.01018
G1 X125.008 Y137.735 E.00325
G1 X124.863 Y137.683 E.00217
G1 X124.643 Y137.757 E.00326
G1 X124.076 Y137.725 E.00799
G1 X122.825 Y137.496 E.01789
G1 X121.938 Y137.195 E.01317
G1 X120.954 Y136.71 E.01543
G1 X120.176 Y136.19 E.01316
G1 X119.408 Y135.524 E.0143
G1 X118.685 Y134.699 E.01543
G1 X118.165 Y133.921 E.01316
G1 X117.71 Y133.011 E.01431
G1 X117.379 Y132.05 E.01429
G1 X117.175 Y131.054 E.0143
G1 X117.115 Y130.363 E.00975
G1 X117.14 Y130.134 E.00324
G1 X117.192 Y129.987 E.00219
G1 X117.117 Y129.755 E.00343
G1 X117.164 Y129.034 E.01016
G1 X117.344 Y128.097 E.01342
G1 X117.634 Y127.196 E.01331
G1 X118.22 Y125.996 E.01878
G1 X118.685 Y125.301 E.01176
G1 X119.121 Y124.796 E.00938
G1 X119.408 Y124.476 E.00605
G1 X120.112 Y123.859 E.01316
G1 X120.985 Y123.271 E.0148
G1 X121.864 Y122.835 E.0138
G1 X122.825 Y122.504 E.01429
G1 X123.821 Y122.3 E.0143
G1 X124.512 Y122.24 E.00975
G1 X124.742 Y122.265 E.00325
G1 X124.887 Y122.317 E.00217
G1 X125.132 Y122.24 E.00361
G1 X125.859 Y122.29 E.01025
G1 X126.848 Y122.483 E.01417
G1 X127.812 Y122.805 E.01429
G1 X128.678 Y123.238 E.01362
G1 X129.481 Y123.748 E.01338
G1 X130.205 Y124.356 E.0133
G1 X131.065 Y125.301 E.01797
G1 X131.585 Y126.079 E.01316
G1 X131.935 Y126.777 E.01098
G1 X132.07 Y127.063 E.00445
G1 X132.371 Y127.95 E.01317
G1 X132.575 Y128.946 E.0143
G1 X132.635 Y129.637 E.00975
G1 X132.603 Y129.887 E.00354
G1 X132.529 Y129.958 E.00144
G1 X132.172 Y129.791 F9000
;TYPE:External perimeter
;WIDTH:0.419999
G1 F1500
G1 X132.081 Y129.879 E.0017
G1 X131.935 Y129.95 E.00218
G1 X131.935 Y130.05 E.00134
G1 X132.213 Y130.248 E.00457
G1 X132.173 Y130.951 E.00943
G1 X131.987 Y131.892 E.01285
G1 X131.679 Y132.804 E.0129
G1 X131.199 Y133.754 E.01426
G1 X130.722 Y134.47 E.01153
G1 X130.088 Y135.195 E.0129
G1 X129.366 Y135.831 E.01289
G1 X128.566 Y136.367 E.0129
G1 X127.704 Y136.794 E.01289
G1 X126.793 Y137.105 E.0129
G1 X125.878 Y137.289 E.0125
G1 X125.205 Y137.349 E.00905
G1 X125.09 Y137.323 E.00158
G1 X124.875 Y137.047 E.00469
G1 X124.787 Y137.096 E.00135
G1 X124.66 Y137.323 E.00349
G1 X124.545 Y137.349 E.00158
G1 X123.924 Y137.298 E.00835
G1 X123.217 Y137.159 E.00965
G1 X122.363 Y136.904 E.01194
G1 X122.046 Y136.794 E.0045
G1 X121.207 Y136.38 E.01254
G1 X120.384 Y135.831 E.01325
G1 X119.68 Y135.213 E.01255
G1 X119.028 Y134.47 E.01324
G1 X118.508 Y133.691 E.01255
G1 X118.081 Y132.829 E.01289
G1 X117.77 Y131.918 E.0129
G1 X117.58 Y130.974 E.0129
G1 X117.526 Y130.33 E.00866
G1 X117.552 Y130.215 E.00158
G1 X117.828 Y130 E.00469
G1 X117.779 Y129.912 E.00135
G1 X117.551 Y129.785 E.0035
G1 X117.526 Y129.67 E.00158
G1 X117.577 Y129.049 E.00835
G1 X117.749 Y128.178 E.0119
G1 X118.025 Y127.329 E.01196
G1 X118.405 Y126.534 E.01181
G1 X119.044 Y125.509 E.01618
G1 X119.662 Y124.805 E.01255
G1 X120.405 Y124.153 E.01324
G1 X121.184 Y123.633 E.01255
G1 X122.046 Y123.206 E.01289
G1 X122.957 Y122.895 E.0129
G1 X123.901 Y122.705 E.0129
G1 X124.545 Y122.651 E.00866
G1 X124.66 Y122.677 E.00158
G1 X124.875 Y122.953 E.00469
G1 X124.963 Y122.904 E.00135
G1 X125.09 Y122.677 E.00349
G1 X125.205 Y122.651 E.00158
G1 X125.826 Y122.702 E.00835
G1 X126.767 Y122.888 E.01285
G1 X127.679 Y123.196 E.0129
G1 X128.49 Y123.606 E.01218
G1 X129.251 Y124.091 E.01209
G1 X129.933 Y124.667 E.01196
G1 X130.722 Y125.53 E.01567
G1 X131.242 Y126.309 E.01255
G1 X131.565 Y126.96 E.00974
G1 X131.679 Y127.196 E.00351
G1 X131.98 Y128.082 E.01254
G1 X132.17 Y129.026 E.0129
G1 X132.224 Y129.67 E.00866
G1 X132.214 Y129.749 E.00107
G1 X133.05 Y130.265 F9000
;TYPE:Perimeter
;WIDTH:0.439999
G1 F1500
G1 X133.043 Y130.128 E.00193
G1 X133.056 Y129.602 E.0074
G1 X132.989 Y128.863 E.01044
G1 X132.772 Y127.814 E.01506
G1 X132.471 Y126.927 E.01317
G1 X132.314 Y126.59 E.00523
;WIDTH:0.478578
G1 X131.889 Y125.738 E.01461
G1 X132.09 Y125.888 E.00385
;WIDTH:0.453461
G1 X132.653 Y126.046 E.00849
;WIDTH:0.439999
G1 X143.329 Y126.046 E.15014
G1 X143.329 Y130 E.05561
G1 X143.329 Y133.954 E.05561
G1 X132.653 Y133.954 E.15014
;WIDTH:0.468098
G1 X131.995 Y134.171 E.01039
;WIDTH:0.481278
G1 X131.899 Y134.25 E.00192
G1 X131.956 Y134.139 E.00193
;WIDTH:0.468098
G1 X132.471 Y133.073 E.01776
;WIDTH:0.439999
G1 X132.807 Y132.055 E.01508
G1 X133.006 Y131.019 E.01484
G1 X133.057 Y130.398 E.00876
G1 X133.053 Y130.325 E.00103
G1 E-3.5 F3600
;WIPE_START
G1 F7200
G1 X133.05 Y130.265 E-.02854
G1 X133.043 Y130.128 E-.06516
G1 X133.056 Y129.602 E-.24993
G1 X132.989 Y128.863 E-.35246
G1 X132.772 Y127.814 E-.50882
G1 X132.572 Y127.226 E-.29509
;WIPE_END
G1 X131.899 Y134.25 F9000
G1 E5 F2400
;WIDTH:0.481278
G1 F1730
G1 X131.414 Y134.932 E.01292
;WIDTH:0.435336
G1 X130.715 Y135.744 E.0149
;WIDTH:0.437192
G1 X129.916 Y136.458 E.01497
;WIDTH:0.439642
G1 X129.03 Y137.062 E.01507
;WIDTH:0.442682
G1 X128.074 Y137.545 E.01516
;WIDTH:0.44631
G1 X127.062 Y137.9 E.01531
;WIDTH:0.450298
G1 X126.042 Y138.114 E.01501
G1 X125.273 Y138.182 E.01112
;WIDTH:0.45085
G1 X124.7 Y138.181 E.00827
;WIDTH:0.453752
G1 X124.041 Y138.153 E.00958
;WIDTH:0.458798
G1 X123.052 Y137.988 E.01473
;WIDTH:0.460448
G1 X122.091 Y137.705 E.01477
;WIDTH:0.461506
G1 X121.171 Y137.307 E.01481
G1 X120.721 Y137.059 E.00759
;WIDTH:0.433446
G1 X119.943 Y136.539 E.01296
;WIDTH:0.461856
G1 X119.511 Y136.191 E.0082
G1 X119.132 Y135.839 E.00765
;WIDTH:0.433724
G1 X118.418 Y135.04 E.01485
;WIDTH:0.434748
G1 X117.815 Y134.154 E.01489
;WIDTH:0.436366
G1 X117.333 Y133.197 E.01494
;WIDTH:0.43857
G1 X116.979 Y132.186 E.01501
;WIDTH:0.441368
G1 X116.76 Y131.137 E.01512
G1 X116.695 Y130.397 E.01048
;WIDTH:0.451898
G1 X116.691 Y129.803 E.00859
G1 X116.738 Y128.999 E.01165
;WIDTH:0.45239
G1 X116.923 Y128.013 E.01452
;WIDTH:0.455468
G1 X117.227 Y127.058 E.01461
;WIDTH:0.466988
G1 X117.648 Y126.149 E.01499
G1 X118.17 Y125.293 E.015
;WIDTH:0.461144
G1 X118.795 Y124.51 E.01479
;WIDTH:0.461856
G1 X119.511 Y123.809 E.01482
G1 X119.943 Y123.461 E.0082
;WIDTH:0.433448
G1 X120.721 Y122.941 E.01296
;WIDTH:0.46151
G1 X121.171 Y122.693 E.00759
G1 X121.678 Y122.459 E.00825
;WIDTH:0.434252
G1 X122.69 Y122.106 E.01487
;WIDTH:0.435632
G1 X123.739 Y121.888 E.01491
;WIDTH:0.43602
G1 X124.477 Y121.82 E.01032
;WIDTH:0.465814
G1 X125.043 Y121.812 E.00845
G1 X125.894 Y121.869 E.01273
;WIDTH:0.443286
G1 X126.93 Y122.067 E.01495
;WIDTH:0.447022
G1 X127.949 Y122.401 E.01533
;WIDTH:0.46211
G1 X128.874 Y122.851 E.01522
G1 X129.72 Y123.39 E.01484
;WIDTH:0.456998
G1 X130.49 Y124.032 E.01467
;WIDTH:0.459134
G1 X131.175 Y124.763 E.01473
;WIDTH:0.463668
G1 X131.807 Y125.628 E.01591
;WIDTH:0.478578
G1 X131.889 Y125.738 E.00211
G1 X132.391 Y125.527 F9000
;WIDTH:0.439999
G1 F1730
G1 X132.653 Y125.623 E.00392
G1 X143.752 Y125.623 E.15609
G1 X143.752 Y130 E.06156
G1 X143.752 Y134.377 E.06156
G1 X132.653 Y134.377 E.15609
G1 X132.269 Y134.512 E.00572
G1 X132.157 Y134.628 E.00227
G1 X131.509 Y135.514 E.01544
G1 X130.786 Y136.283 E.01484
G1 X129.974 Y136.957 E.01484
G1 X129.087 Y137.528 E.01484
G1 X128.136 Y137.986 E.01484
G1 X127.137 Y138.324 E.01483
G1 X126.103 Y138.538 E.01485
G1 X125.052 Y138.624 E.01483
G1 X123.997 Y138.581 E.01485
G1 X122.956 Y138.41 E.01484
G1 X121.944 Y138.113 E.01483
G1 X120.975 Y137.694 E.01485
G1 X120.065 Y137.16 E.01484
G1 X119.226 Y136.519 E.01485
G1 X118.473 Y135.781 E.01483
G1 X117.815 Y134.956 E.01484
G1 X117.262 Y134.057 E.01484
G1 X116.824 Y133.097 E.01484
G1 X116.506 Y132.091 E.01484
G1 X116.314 Y131.053 E.01485
G1 X116.249 Y130 E.01484
G1 X116.314 Y128.947 E.01484
G1 X116.506 Y127.909 E.01485
G1 X116.824 Y126.903 E.01484
G1 X117.262 Y125.943 E.01484
G1 X117.815 Y125.044 E.01484
G1 X118.473 Y124.219 E.01484
G1 X119.226 Y123.481 E.01483
G1 X120.065 Y122.84 E.01485
G1 X120.975 Y122.306 E.01484
G1 X121.944 Y121.887 E.01485
G1 X122.956 Y121.59 E.01483
G1 X123.997 Y121.419 E.01484
G1 X125.052 Y121.376 E.01485
G1 X126.103 Y121.462 E.01483
G1 X127.137 Y121.676 E.01485
G1 X128.136 Y122.014 E.01483
G1 X129.087 Y122.472 E.01484
G1 X129.974 Y123.043 E.01484
G1 X130.786 Y123.717 E.01484
G1 X131.49 Y124.467 E.01447
G1 X132.257 Y125.478 E.01785
G1 X132.334 Y125.506 E.00115
G1 X132.572 Y125.169 F9000
;TYPE:External perimeter
;WIDTH:0.419999
G1 F1500
G1 X132.653 Y125.21 E.00122
G1 X144.165 Y125.21 E.15424
G1 X144.165 Y130 E.06418
G1 X144.165 Y134.79 E.06418
G1 X132.653 Y134.79 E.15424
G1 X132.49 Y134.872 E.00244
G1 X131.827 Y135.778 E.01504
G1 X131.069 Y136.584 E.01482
G1 X130.219 Y137.291 E.01481
G1 X129.289 Y137.889 E.01481
G1 X128.292 Y138.369 E.01483
G1 X127.245 Y138.723 E.01481
G1 X126.162 Y138.947 E.01482
G1 X125.06 Y139.038 E.01482
G1 X123.955 Y138.993 E.01482
G1 X122.864 Y138.813 E.01482
G1 X121.803 Y138.502 E.01481
G1 X120.788 Y138.063 E.01482
G1 X119.834 Y137.504 E.01481
G1 X118.956 Y136.832 E.01481
G1 X118.166 Y136.058 E.01482
G1 X117.476 Y135.194 E.01481
G1 X116.897 Y134.251 E.01483
G1 X116.438 Y133.245 E.01482
G1 X116.105 Y132.191 E.01481
G1 X115.903 Y131.104 E.01481
G1 X115.835 Y130 E.01482
G1 X115.903 Y128.896 E.01482
G1 X116.105 Y127.809 E.01481
G1 X116.438 Y126.755 E.01481
G1 X116.897 Y125.749 E.01482
G1 X117.476 Y124.806 E.01483
G1 X118.166 Y123.942 E.01481
G1 X118.956 Y123.168 E.01482
G1 X119.834 Y122.496 E.01481
G1 X120.788 Y121.937 E.01481
G1 X121.803 Y121.498 E.01482
G1 X122.864 Y121.187 E.01481
G1 X123.955 Y121.007 E.01482
G1 X125.06 Y120.962 E.01482
G1 X126.162 Y121.053 E.01482
G1 X127.245 Y121.277 E.01482
G1 X128.292 Y121.631 E.01481
G1 X129.289 Y122.111 E.01483
G1 X130.219 Y122.709 E.01481
G1 X131.069 Y123.416 E.01481
G1 X131.827 Y124.222 E.01482
G1 X132.49 Y125.128 E.01504
G1 X132.518 Y125.142 E.00042
G1 E-3.5 F3600
;WIPE_START
G1 F7200
G1 X132.572 Y125.169 E-.02868
G1 X132.653 Y125.21 E-.04312
G1 X135.66 Y125.21 E-1.4282
;WIPE_END
G1 X132.544 Y133.66 F9000
G1 E5 F2400
;TYPE:Solid infill
;WIDTH:0.439999
G1 F1730
G1 X132.781 Y133.172 E.00763
G1 X133.085 Y132.272 E.01336
G1 X133.307 Y131.207 E.0153
G1 X133.341 Y130.855 E.00497
G1 X136.115 Y133.629 E.05517
G1 X133.041 Y133.629 E.04323
G1 X132.755 Y133.647 E.00403
G1 X133.216 Y133.206 E.00897
G1 X133.499 Y132.358 E.01257
G1 X133.628 Y131.74 E.00888
G1 X135.094 Y133.206 E.02916
G1 X133.427 Y133.206 E.02344
G1 X133.886 Y132.645 E.01019
;WIDTH:0.580226
G1 X133.836 Y132.695 E.00132
G1 X133.854 Y132.763 E.00132
G1 X133.922 Y132.781 E.00132
G1 X133.972 Y132.731 E.00132
G1 X133.954 Y132.663 E.00132
G1 E-3.5 F3600
;WIPE_START
G1 F7200
G1 X133.972 Y132.731 E-.03341
G1 X133.922 Y132.781 E-.03359
G1 X133.854 Y132.763 E-.03341
G1 X133.836 Y132.695 E-.03341
G1 X133.886 Y132.645 E-.03359
G1 X133.427 Y133.206 E-.3443
G1 X135.094 Y133.206 E-.79183
G1 X134.802 Y132.914 E-.19646
;WIPE_END
G1 X133.381 Y130.297 F9000
G1 E5 F2400
;WIDTH:0.439999
G1 F1730
G1 X136.713 Y133.629 E.06627
G1 X137.311 Y133.629 E.00841
G1 X133.381 Y129.699 E.07816
G1 X133.339 Y129.059 E.00902
G1 X137.909 Y133.629 E.09089
G1 X138.507 Y133.629 E.00841
G1 X133.213 Y128.335 E.10529
G1 X132.808 Y127.403 F9000
;WIDTH:0.357168
G1 F1730
G1 X132.83 Y127.242 E.00184
;WIDTH:0.398584
G1 X132.922 Y127.391 E.00222
;WIDTH:0.439999
G1 X133.014 Y127.539 E.00245
G1 X139.105 Y133.629 E.12113
G1 X139.703 Y133.629 E.00841
G1 X132.674 Y126.6 E.1398
G1 X133.043 Y126.371 E.00611
G1 X140.301 Y133.629 E.14435
G1 X140.898 Y133.629 E.0084
G1 X133.641 Y126.371 E.14434
G1 X134.239 Y126.371 E.00841
G1 X141.496 Y133.629 E.14434
G1 X142.094 Y133.629 E.00841
G1 X134.837 Y126.371 E.14434
G1 X135.435 Y126.371 E.00841
G1 X142.692 Y133.629 E.14434
G1 X142.886 Y133.652 E.00275
;WIDTH:0.398584
G1 X143.081 Y133.675 E.00249
;WIDTH:0.357168
G1 X143.061 Y133.747 E.00085
G1 X143.133 Y133.728 E.00084
G1 X143.122 Y133.686 E.00049
;WIDTH:0.439999
G1 X143.004 Y133.342 E.00511
G1 X136.033 Y126.371 E.13864
G1 X136.631 Y126.371 E.00841
G1 X143.004 Y132.744 E.12675
G1 X143.004 Y132.146 E.00841
G1 X137.229 Y126.371 E.11486
G1 X137.827 Y126.371 E.00841
G1 X143.004 Y131.548 E.10296
G1 X143.004 Y130.95 E.00841
G1 X138.425 Y126.371 E.09107
G1 X139.023 Y126.371 E.00841
G1 X143.004 Y130.352 E.07918
G1 X143.004 Y129.754 E.00841
G1 X139.621 Y126.371 E.06728
G1 X140.219 Y126.371 E.00841
G1 X143.004 Y129.156 E.05539
G1 X143.173 Y128.68 E.0071
;WIDTH:0.357168
G1 X143.154 Y128.751 E.00083
G1 X143.225 Y128.732 E.00083
G1 X143.214 Y128.691 E.00048
;WIDTH:0.398584
G1 X143.109 Y128.624 E.00158
;WIDTH:0.439999
G1 X143.004 Y128.558 E.00174
G1 X140.817 Y126.371 E.0435
G1 X140.751 Y126.266 E.00174
;WIDTH:0.398584
G1 X140.684 Y126.161 E.00158
;WIDTH:0.357168
G1 X140.695 Y126.202 E.00048
G1 X140.624 Y126.221 E.00083
G1 X140.643 Y126.15 E.00083
;WIDTH:0.439999
G1 X141.415 Y126.371 E.01129
G1 X143.004 Y126.371 E.02235
G1 X143.004 Y127.96 E.02235
G1 X141.564 Y126.521 E.02863
G1 X142.522 Y126.775 F9000
;WIDTH:0.525226
G1 F1730
G1 X142.477 Y126.82 E.00108
G1 X142.493 Y126.882 E.00108
G1 X142.555 Y126.898 E.00108
G1 X142.6 Y126.853 E.00108
G1 X142.583 Y126.792 E.00107
;LAYER_CHANGE
;Z:0.76
;HEIGHT:0.08
;BEFORE_LAYER_CHANGE
G92 E0
;0.76


G1 E-3.5 F3600
;WIPE_START
G1 F7200
G1 X142.6 Y126.853 E-.03008
G1 X142.555 Y126.898 E-.03023
G1 X142.493 Y126.882 E-.03041
G1 X142.477 Y126.82 E-.03041
G1 X142.522 Y126.775 E-.03023
;WIPE_END
G1 E-1.34864 F3600
G1 Z.76 F9000
;AFTER_LAYER_CHANGE
;0.76
G1 X132.484 Y129.97
G1 E5 F2400
;TYPE:Perimeter
;WIDTH:0.439999
G1 F1733
G1 X132.451 Y130 E.00063
G1 X132.595 Y130.133 E.00276
G1 X132.634 Y130.405 E.00386
G1 X132.584 Y130.986 E.0082
G1 X132.392 Y131.973 E.01414
G1 X132.07 Y132.937 E.01429
G1 X131.625 Y133.851 E.0143
G1 X131.065 Y134.699 E.01429
G1 X130.399 Y135.467 E.0143
G1 X129.638 Y136.141 E.0143
G1 X128.796 Y136.71 E.01429
G1 X127.886 Y137.165 E.01431
G1 X126.925 Y137.496 E.01429
G1 X125.959 Y137.694 E.01387
G1 X125.28 Y137.758 E.00959
G1 X125.026 Y137.726 E.0036
G1 X124.875 Y137.632 E.0025
G1 X124.724 Y137.726 E.0025
G1 X124.47 Y137.759 E.0036
G1 X123.889 Y137.709 E.0082
G1 X122.825 Y137.496 E.01526
G1 X121.938 Y137.195 E.01317
G1 X120.954 Y136.71 E.01543
G1 X120.176 Y136.19 E.01316
G1 X119.408 Y135.524 E.0143
G1 X118.734 Y134.763 E.0143
G1 X118.165 Y133.921 E.01429
G1 X117.71 Y133.011 E.01431
G1 X117.379 Y132.05 E.01429
G1 X117.175 Y131.054 E.0143
G1 X117.117 Y130.405 E.00916
G1 X117.148 Y130.152 E.00358
G1 X117.243 Y130 E.00252
G1 X117.148 Y129.848 E.00252
G1 X117.116 Y129.595 E.00359
G1 X117.166 Y129.014 E.0082
G1 X117.344 Y128.097 E.01314
G1 X117.634 Y127.196 E.01331
G1 X118.165 Y126.079 E.01739
G1 X118.685 Y125.301 E.01316
G1 X119.121 Y124.796 E.00938
G1 X119.408 Y124.476 E.00605
G1 X120.112 Y123.859 E.01316
G1 X120.985 Y123.271 E.0148
G1 X121.864 Y122.835 E.0138
G1 X122.825 Y122.504 E.01429
G1 X123.821 Y122.3 E.0143
G1 X124.47 Y122.241 E.00916
G1 X124.724 Y122.274 E.0036
G1 X124.875 Y122.368 E.0025
G1 X125.026 Y122.274 E.0025
G1 X125.28 Y122.241 E.0036
G1 X125.861 Y122.291 E.0082
G1 X126.848 Y122.483 E.01414
G1 X127.812 Y122.805 E.01429
G1 X128.688 Y123.231 E.0137
G1 X129.481 Y123.748 E.01331
G1 X130.205 Y124.356 E.0133
G1 X131.065 Y125.301 E.01797
G1 X131.585 Y126.079 E.01316
G1 X131.935 Y126.777 E.01098
G1 X132.07 Y127.063 E.00445
G1 X132.371 Y127.95 E.01317
G1 X132.575 Y128.946 E.0143
G1 X132.633 Y129.595 E.00916
G1 X132.595 Y129.867 E.00386
G1 X132.528 Y129.929 E.00128
G1 X132.173 Y129.753 F9000
;TYPE:External perimeter
;WIDTH:0.419999
G1 F1500
G1 X132.079 Y129.839 E.00171
G1 X131.9 Y129.93 E.00269
G1 X131.9 Y130.07 E.00188
G1 X132.209 Y130.281 E.00501
G1 X132.173 Y130.951 E.00899
G1 X131.987 Y131.892 E.01285
G1 X131.679 Y132.804 E.0129
G1 X131.255 Y133.668 E.01289
G1 X130.722 Y134.47 E.0129
G1 X130.088 Y135.195 E.0129
G1 X129.366 Y135.831 E.01289
G1 X128.566 Y136.367 E.0129
G1 X127.704 Y136.794 E.01289
G1 X126.793 Y137.105 E.0129
G1 X125.878 Y137.289 E.0125
G1 X125.245 Y137.347 E.00852
G1 X125.121 Y137.317 E.00171
G1 X124.91 Y137.016 E.00493
G1 X124.805 Y137.025 E.00141
G1 X124.588 Y137.337 E.00509
G1 X123.924 Y137.298 E.00891
G1 X123.217 Y137.159 E.00965
G1 X122.363 Y136.904 E.01194
G1 X122.046 Y136.794 E.0045
G1 X121.207 Y136.38 E.01254
G1 X120.384 Y135.831 E.01325
G1 X119.68 Y135.213 E.01255
G1 X119.044 Y134.491 E.01289
G1 X118.508 Y133.691 E.0129
G1 X118.081 Y132.829 E.01289
G1 X117.77 Y131.918 E.0129
G1 X117.58 Y130.974 E.0129
G1 X117.528 Y130.37 E.00812
G1 X117.558 Y130.246 E.00171
G1 X117.859 Y130.035 E.00493
G1 X117.85 Y129.93 E.00141
G1 X117.538 Y129.713 E.00509
G1 X117.575 Y129.07 E.00863
G1 X117.749 Y128.178 E.01218
G1 X118.025 Y127.329 E.01196
G1 X118.508 Y126.309 E.01512
G1 X119.028 Y125.53 E.01255
G1 X119.431 Y125.068 E.00821
G1 X119.68 Y124.787 E.00503
G1 X120.384 Y124.169 E.01255
G1 X121.184 Y123.633 E.0129
G1 X122.046 Y123.206 E.01289
G1 X122.957 Y122.895 E.0129
G1 X123.901 Y122.705 E.0129
G1 X124.504 Y122.653 E.00811
G1 X124.629 Y122.683 E.00172
G1 X124.84 Y122.984 E.00493
G1 X124.945 Y122.975 E.00141
G1 X125.162 Y122.663 E.00509
G1 X125.826 Y122.702 E.00891
G1 X126.767 Y122.888 E.01285
G1 X127.679 Y123.196 E.0129
G1 X128.505 Y123.601 E.01233
G1 X129.251 Y124.091 E.01196
G1 X129.933 Y124.667 E.01196
G1 X130.722 Y125.53 E.01567
G1 X131.242 Y126.309 E.01255
G1 X131.565 Y126.96 E.00974
G1 X131.679 Y127.196 E.00351
G1 X131.98 Y128.082 E.01254
G1 X132.17 Y129.026 E.0129
G1 X132.222 Y129.63 E.00812
G1 X132.211 Y129.709 E.00107
G1 X133.037 Y130.193 F9000
;TYPE:Perimeter
;WIDTH:0.439999
G1 F1500
G1 X132.995 Y130 E.00278
G1 X133.038 Y129.854 E.00214
G1 X133.055 Y129.559 E.00416
G1 X132.989 Y128.863 E.00983
G1 X132.772 Y127.814 E.01506
G1 X132.471 Y126.927 E.01317
G1 X132.314 Y126.59 E.00523
;WIDTH:0.478578
G1 X131.889 Y125.738 E.01461
G1 X132.09 Y125.888 E.00385
;WIDTH:0.453461
G1 X132.653 Y126.046 E.00849
;WIDTH:0.439999
G1 X143.329 Y126.046 E.15014
G1 X143.329 Y130 E.05561
G1 X143.329 Y133.954 E.05561
G1 X132.653 Y133.954 E.15014
;WIDTH:0.481343
G1 X132.083 Y134.1 E.00908
;WIDTH:0.504832
G1 X131.964 Y134.173 E.00226
G1 X132.023 Y134.047 E.00226
;WIDTH:0.481343
G1 X132.471 Y133.073 E.01655
;WIDTH:0.439999
G1 X132.807 Y132.055 E.01508
G1 X133.006 Y131.022 E.01479
G1 X133.056 Y130.28 E.01046
G1 X133.05 Y130.252 E.0004
G1 E-3.5 F3600
;WIPE_START
G1 F7200
G1 X133.037 Y130.193 E-.0287
G1 X132.995 Y130 E-.09382
G1 X133.038 Y129.854 E-.0723
G1 X133.055 Y129.559 E-.14036
G1 X132.989 Y128.863 E-.33208
G1 X132.772 Y127.814 E-.50882
G1 X132.553 Y127.168 E-.32392
;WIPE_END
G1 X131.964 Y134.173 F9000
G1 E5 F2400
;WIDTH:0.504832
G1 F1733
G1 X131.689 Y134.553 E.00761
;WIDTH:0.46945
G1 X131.414 Y134.932 E.00704
;WIDTH:0.435336
G1 X130.715 Y135.744 E.0149
;WIDTH:0.437194
G1 X129.916 Y136.458 E.01497
;WIDTH:0.439642
G1 X129.03 Y137.062 E.01507
;WIDTH:0.442682
G1 X128.074 Y137.545 E.01516
;WIDTH:0.44631
G1 X127.062 Y137.9 E.01531
;WIDTH:0.450298
G1 X126.042 Y138.114 E.01501
G1 X125.316 Y138.179 E.0105
;WIDTH:0.450598
G1 X124.66 Y138.18 E.00946
;WIDTH:0.453152
G1 X124.041 Y138.153 E.00898
;WIDTH:0.458798
G1 X123.052 Y137.988 E.01473
;WIDTH:0.460448
G1 X122.091 Y137.705 E.01477
;WIDTH:0.461508
G1 X121.171 Y137.307 E.01481
G1 X120.721 Y137.059 E.00759
;WIDTH:0.433446
G1 X119.943 Y136.539 E.01296
;WIDTH:0.461856
G1 X119.511 Y136.191 E.0082
G1 X119.132 Y135.839 E.00765
;WIDTH:0.433724
G1 X118.418 Y135.04 E.01485
;WIDTH:0.434748
G1 X117.815 Y134.154 E.01489
;WIDTH:0.436366
G1 X117.333 Y133.197 E.01494
;WIDTH:0.43857
G1 X116.979 Y132.186 E.01501
;WIDTH:0.441368
G1 X116.76 Y131.137 E.01512
G1 X116.697 Y130.441 E.00986
;WIDTH:0.45082
G1 X116.693 Y129.763 E.00978
G1 X116.738 Y128.999 E.01104
;WIDTH:0.452392
G1 X116.923 Y128.013 E.01452
;WIDTH:0.455468
G1 X117.227 Y127.058 E.01461
;WIDTH:0.457948
G1 X117.644 Y126.147 E.01469
;WIDTH:0.459842
G1 X118.17 Y125.293 E.01477
;WIDTH:0.461146
G1 X118.795 Y124.51 E.01479
;WIDTH:0.461856
G1 X119.511 Y123.809 E.01482
G1 X119.943 Y123.461 E.0082
;WIDTH:0.433448
G1 X120.721 Y122.941 E.01296
;WIDTH:0.461508
G1 X121.171 Y122.693 E.00759
G1 X121.678 Y122.459 E.00825
;WIDTH:0.434252
G1 X122.69 Y122.106 E.01487
;WIDTH:0.435632
G1 X123.739 Y121.888 E.01491
;WIDTH:0.435908
G1 X124.434 Y121.822 E.00972
;WIDTH:0.479606
G1 X125.004 Y121.821 E.00877
G1 X125.897 Y121.869 E.01375
;WIDTH:0.443288
G1 X126.93 Y122.067 E.01491
;WIDTH:0.447022
G1 X127.949 Y122.401 E.01533
;WIDTH:0.450952
G1 X128.877 Y122.847 E.01485
;WIDTH:0.45427
G1 X129.72 Y123.39 E.01458
;WIDTH:0.456998
G1 X130.49 Y124.032 E.01467
;WIDTH:0.459134
G1 X131.175 Y124.763 E.01473
;WIDTH:0.463668
G1 X131.807 Y125.628 E.01591
;WIDTH:0.478578
G1 X131.889 Y125.738 E.00211
G1 X132.391 Y125.527 F9000
;WIDTH:0.439999
G1 F1733
G1 X132.653 Y125.623 E.00392
G1 X143.752 Y125.623 E.15609
G1 X143.752 Y130 E.06156
G1 X143.752 Y134.377 E.06156
G1 X132.653 Y134.377 E.15609
G1 X132.322 Y134.474 E.00485
G1 X132.157 Y134.628 E.00317
G1 X131.509 Y135.514 E.01544
G1 X130.786 Y136.283 E.01484
G1 X129.974 Y136.957 E.01484
G1 X129.087 Y137.528 E.01484
G1 X128.136 Y137.986 E.01484
G1 X127.137 Y138.324 E.01483
G1 X126.103 Y138.538 E.01485
G1 X125.052 Y138.624 E.01483
G1 X123.997 Y138.581 E.01485
G1 X122.956 Y138.41 E.01484
G1 X121.944 Y138.113 E.01483
G1 X120.975 Y137.694 E.01485
G1 X120.065 Y137.16 E.01484
G1 X119.226 Y136.519 E.01485
G1 X118.473 Y135.781 E.01483
G1 X117.815 Y134.956 E.01484
G1 X117.262 Y134.057 E.01484
G1 X116.824 Y133.097 E.01484
G1 X116.506 Y132.091 E.01484
G1 X116.314 Y131.053 E.01485
G1 X116.249 Y130 E.01484
G1 X116.314 Y128.947 E.01484
G1 X116.506 Y127.909 E.01485
G1 X116.824 Y126.903 E.01484
G1 X117.262 Y125.943 E.01484
G1 X117.815 Y125.044 E.01484
G1 X118.473 Y124.219 E.01484
G1 X119.226 Y123.481 E.01483
G1 X120.065 Y122.84 E.01485
G1 X120.975 Y122.306 E.01484
G1 X121.944 Y121.887 E.01485
G1 X122.956 Y121.59 E.01483
G1 X123.997 Y121.419 E.01484
G1 X125.052 Y121.376 E.01485
G1 X126.103 Y121.462 E.01483
G1 X127.137 Y121.676 E.01485
G1 X128.136 Y122.014 E.01483
G1 X129.087 Y122.472 E.01484
G1 X129.974 Y123.043 E.01484
G1 X130.786 Y123.717 E.01484
G1 X131.49 Y124.467 E.01447
G1 X132.257 Y125.478 E.01785
G1 X132.334 Y125.506 E.00115
G1 X132.572 Y125.169 F9000
;TYPE:External perimeter
;WIDTH:0.419999
G1 F1500
G1 X132.653 Y125.21 E.00122
G1 X144.165 Y125.21 E.15424
G1 X144.165 Y130 E.06418
G1 X144.165 Y134.79 E.06418
G1 X132.653 Y134.79 E.15424
G1 X132.49 Y134.872 E.00244
G1 X131.827 Y135.778 E.01504
G1 X131.069 Y136.584 E.01482
G1 X130.219 Y137.291 E.01481
G1 X129.289 Y137.889 E.01481
G1 X128.292 Y138.369 E.01483
G1 X127.245 Y138.723 E.01481
G1 X126.162 Y138.947 E.01482
G1 X125.06 Y139.038 E.01482
G1 X123.955 Y138.993 E.01482
G1 X122.864 Y138.813 E.01482
G1 X121.803 Y138.502 E.01481
G1 X120.788 Y138.063 E.01482
G1 X119.834 Y137.504 E.01481
G1 X118.956 Y136.832 E.01481
G1 X118.166 Y136.058 E.01482
G1 X117.476 Y135.194 E.01481
G1 X116.897 Y134.251 E.01483
G1 X116.438 Y133.245 E.01482
G1 X116.105 Y132.191 E.01481
G1 X115.903 Y131.104 E.01481
G1 X115.835 Y130 E.01482
G1 X115.903 Y128.896 E.01482
G1 X116.105 Y127.809 E.01481
G1 X116.438 Y126.755 E.01481
G1 X116.897 Y125.749 E.01482
G1 X117.476 Y124.806 E.01483
G1 X118.166 Y123.942 E.01481
G1 X118.956 Y123.168 E.01482
G1 X119.834 Y122.496 E.01481
G1 X120.788 Y121.937 E.01481
G1 X121.803 Y121.498 E.01482
G1 X122.864 Y121.187 E.01481
G1 X123.955 Y121.007 E.01482
G1 X125.06 Y120.962 E.01482
G1 X126.162 Y121.053 E.01482
G1 X127.245 Y121.277 E.01482
G1 X128.292 Y121.631 E.01481
G1 X129.289 Y122.111 E.01483
G1 X130.219 Y122.709 E.01481
G1 X131.069 Y123.416 E.01481
G1 X131.827 Y124.222 E.01482
G1 X132.49 Y125.128 E.01504
G1 X132.518 Y125.142 E.00042
G1 E-3.5 F3600
;WIPE_START
G1 F7200
G1 X132.572 Y125.169 E-.02868
G1 X132.653 Y125.21 E-.04312
G1 X135.66 Y125.21 E-1.4282
;WIPE_END
G1 X136.149 Y126.371 F9000
G1 E5 F2400
;TYPE:Solid infill
;WIDTH:0.439999
G1 F1733
G1 X133.345 Y129.175 E.05577
G1 X133.327 Y128.933 E.00341
G1 X133.127 Y127.888 E.01496
G1 X132.771 Y126.805 E.01603
G1 X132.554 Y126.347 E.00713
G1 X132.667 Y126.371 E.00162
G1 X136.747 Y126.371 E.05738
G1 X133.381 Y129.737 E.06695
G1 X133.379 Y130.338 E.00845
G1 X137.345 Y126.371 E.07889
G1 X137.943 Y126.371 E.00841
G1 X133.33 Y130.984 E.09175
G1 X133.202 Y131.71 E.01037
G1 X138.541 Y126.371 E.10619
G1 X139.139 Y126.371 E.00841
G1 X133.008 Y132.501 E.12193
G1 X132.934 Y132.47 E.00113
;WIDTH:0.398584
G1 X132.859 Y132.438 E.00103
;WIDTH:0.357168
G1 X132.801 Y132.709 E.00313
G1 X132.822 Y132.8 E.00106
G1 X132.467 Y133.782 F9000
G1 F1733
G1 X132.426 Y133.793 E.00048
G1 X132.407 Y133.722 E.00083
G1 X132.478 Y133.741 E.00083
;WIDTH:0.398584
G1 X132.561 Y133.603 E.00204
;WIDTH:0.439999
G1 X132.643 Y133.465 E.00226
G1 X139.737 Y126.371 E.14109
G1 X140.335 Y126.371 E.00841
G1 X133.077 Y133.629 E.14435
G1 X133.675 Y133.629 E.00841
G1 X140.933 Y126.371 E.14435
G1 X141.531 Y126.371 E.00841
G1 X134.273 Y133.629 E.14435
G1 X134.871 Y133.629 E.00841
G1 X142.129 Y126.371 E.14435
G1 X142.727 Y126.371 E.00841
G1 X135.469 Y133.629 E.14435
G1 X136.067 Y133.629 E.00841
G1 X143.004 Y126.692 E.13797
G1 X143.004 Y127.29 E.00841
G1 X136.665 Y133.629 E.12607
G1 X137.263 Y133.629 E.00841
G1 X143.004 Y127.888 E.11418
G1 X143.004 Y128.486 E.00841
G1 X137.861 Y133.629 E.10229
G1 X138.459 Y133.629 E.00841
G1 X143.004 Y129.084 E.09039
G1 X143.004 Y129.682 E.00841
G1 X139.057 Y133.629 E.0785
G1 X139.655 Y133.629 E.00841
G1 X143.004 Y130.28 E.06661
G1 X143.004 Y130.878 E.00841
G1 X140.253 Y133.629 E.05471
G1 X140.851 Y133.629 E.00841
G1 X143.004 Y131.476 E.04282
G1 X143.004 Y133.629 E.03028
G1 X141.449 Y133.629 E.02187
G1 X142.854 Y132.223 E.02795
G1 X142.607 Y133.158 F9000
;WIDTH:0.505204
G1 F1733
G1 X142.564 Y133.114 E.001
G1 X142.505 Y133.13 E.00099
G1 X142.489 Y133.189 E.00099
G1 X142.533 Y133.232 E.001
G1 X142.591 Y133.216 E.00098
G1 E-3.5 F3600
;WIPE_START
G1 F7200
G1 X142.533 Y133.232 E-.02858
G1 X142.489 Y133.189 E-.02922
G1 X142.505 Y133.13 E-.02904
G1 X142.564 Y133.114 E-.02904
G1 X142.607 Y133.158 E-.02922
;WIPE_END
G1 E-1.3549 F3600
G1 X135.128 Y126.794 F9000
G1 E5 F2400
;WIDTH:0.439999
G1 F1733
G1 X133.634 Y128.288 E.02971
G1 X133.522 Y127.73 E.008
G1 X133.215 Y126.794 E.01385
G1 X134.917 Y126.794 E.02394
G1 X133.982 Y127.279 F9000
;WIDTH:0.602532
G1 F1733
G1 X133.93 Y127.227 E.00143
G1 X133.859 Y127.246 E.00143
G1 X133.84 Y127.317 E.00143
G1 X133.892 Y127.369 E.00143
G1 X133.963 Y127.35 E.00143
;LAYER_CHANGE
;Z:0.84
;HEIGHT:0.08
;BEFORE_LAYER_CHANGE
G92 E0
;0.84


G1 E-3.5 F3600
;WIPE_START
G1 F7200
G1 X133.892 Y127.369 E-.03491
G1 X133.84 Y127.317 E-.03493
G1 X133.859 Y127.246 E-.03491
G1 X133.93 Y127.227 E-.03491
G1 X133.982 Y127.279 E-.03493
;WIPE_END
G1 E-1.32541 F3600
G1 Z.84 F9000
;AFTER_LAYER_CHANGE
;0.84
G1 X132.614 Y129.362
G1 E5 F2400
;TYPE:Perimeter
;WIDTH:0.439999
G1 F1739
G1 X132.632 Y129.552 E.00268
G1 X132.586 Y129.846 E.00418
G1 X132.414 Y130 E.00325
G1 X132.586 Y130.154 E.00325
G1 X132.632 Y130.448 E.00418
G1 X132.584 Y130.989 E.00764
G1 X132.392 Y131.973 E.0141
G1 X132.07 Y132.937 E.01429
G1 X131.625 Y133.851 E.0143
G1 X131.065 Y134.699 E.01429
G1 X130.399 Y135.467 E.0143
G1 X129.638 Y136.141 E.0143
G1 X128.796 Y136.71 E.01429
G1 X127.886 Y137.165 E.01431
G1 X126.925 Y137.496 E.01429
G1 X125.959 Y137.694 E.01387
G1 X125.323 Y137.757 E.00899
G1 X125.045 Y137.717 E.00395
G1 X124.875 Y137.591 E.00298
G1 X124.705 Y137.717 E.00298
G1 X124.427 Y137.757 E.00395
G1 X123.886 Y137.709 E.00764
G1 X122.825 Y137.496 E.01522
G1 X121.938 Y137.195 E.01317
G1 X120.954 Y136.71 E.01543
G1 X120.176 Y136.19 E.01316
G1 X119.408 Y135.524 E.0143
G1 X118.734 Y134.763 E.0143
G1 X118.165 Y133.921 E.01429
G1 X117.71 Y133.011 E.01431
G1 X117.379 Y132.05 E.01429
G1 X117.175 Y131.054 E.0143
G1 X117.118 Y130.448 E.00856
G1 X117.157 Y130.171 E.00393
G1 X117.284 Y130 E.003
G1 X117.157 Y129.829 E.003
G1 X117.118 Y129.552 E.00393
G1 X117.166 Y129.011 E.00764
G1 X117.344 Y128.097 E.0131
G1 X117.634 Y127.196 E.01331
G1 X118.165 Y126.079 E.01739
G1 X118.685 Y125.301 E.01316
G1 X119.121 Y124.796 E.00938
G1 X119.408 Y124.476 E.00605
G1 X120.112 Y123.859 E.01316
G1 X120.985 Y123.271 E.0148
G1 X121.864 Y122.835 E.0138
G1 X122.825 Y122.504 E.01429
G1 X123.821 Y122.3 E.0143
G1 X124.427 Y122.243 E.00856
G1 X124.705 Y122.283 E.00395
G1 X124.875 Y122.409 E.00298
G1 X125.045 Y122.283 E.00298
G1 X125.323 Y122.243 E.00395
G1 X125.864 Y122.291 E.00764
G1 X126.848 Y122.483 E.0141
G1 X127.812 Y122.805 E.01429
G1 X128.688 Y123.231 E.0137
G1 X129.481 Y123.748 E.01331
G1 X130.205 Y124.356 E.0133
G1 X131.065 Y125.301 E.01797
G1 X131.585 Y126.079 E.01316
G1 X131.935 Y126.777 E.01098
G1 X132.07 Y127.063 E.00445
G1 X132.371 Y127.95 E.01317
G1 X132.575 Y128.946 E.0143
G1 X132.608 Y129.303 E.00504
G1 X132.203 Y129.397 F9000
;TYPE:External perimeter
;WIDTH:0.419999
G1 F1500
G1 X132.221 Y129.589 E.00258
G1 X132.206 Y129.685 E.0013
G1 X132.078 Y129.799 E.0023
G1 X131.898 Y129.877 E.00263
G1 X131.842 Y130 E.00181
G1 X131.93 Y130.156 E.0024
G1 X132.078 Y130.201 E.00207
G1 X132.22 Y130.37 E.00296
G1 X132.173 Y130.952 E.00782
G1 X131.987 Y131.892 E.01284
G1 X131.679 Y132.804 E.0129
G1 X131.255 Y133.668 E.01289
G1 X130.722 Y134.47 E.0129
G1 X130.088 Y135.195 E.0129
G1 X129.366 Y135.831 E.01289
G1 X128.566 Y136.367 E.0129
G1 X127.704 Y136.794 E.01289
G1 X126.793 Y137.105 E.0129
G1 X125.878 Y137.289 E.0125
G1 X125.286 Y137.346 E.00797
G1 X125.153 Y137.31 E.00185
G1 X124.965 Y136.991 E.00496
G1 X124.785 Y136.991 E.00241
G1 X124.705 Y137.099 E.0018
G1 X124.597 Y137.31 E.00318
G1 X124.464 Y137.346 E.00185
G1 X123.923 Y137.298 E.00728
G1 X123.217 Y137.159 E.00964
G1 X122.363 Y136.904 E.01194
G1 X122.046 Y136.794 E.0045
G1 X121.207 Y136.38 E.01254
G1 X120.384 Y135.831 E.01325
G1 X119.68 Y135.213 E.01255
G1 X119.044 Y134.491 E.01289
G1 X118.508 Y133.691 E.0129
G1 X118.081 Y132.829 E.01289
G1 X117.77 Y131.918 E.0129
G1 X117.58 Y130.974 E.0129
G1 X117.529 Y130.411 E.00757
G1 X117.565 Y130.278 E.00185
G1 X117.884 Y130.09 E.00496
G1 X117.884 Y129.91 E.00241
G1 X117.776 Y129.83 E.0018
G1 X117.565 Y129.722 E.00318
G1 X117.529 Y129.589 E.00185
G1 X117.577 Y129.048 E.00728
G1 X117.749 Y128.178 E.01188
G1 X118.025 Y127.329 E.01196
G1 X118.508 Y126.309 E.01512
G1 X119.028 Y125.53 E.01255
G1 X119.431 Y125.068 E.00821
G1 X119.68 Y124.787 E.00503
G1 X120.384 Y124.169 E.01255
G1 X121.184 Y123.633 E.0129
G1 X122.046 Y123.206 E.01289
G1 X122.957 Y122.895 E.0129
G1 X123.901 Y122.705 E.0129
G1 X124.464 Y122.654 E.00757
G1 X124.597 Y122.69 E.00185
G1 X124.785 Y123.009 E.00496
G1 X124.965 Y123.009 E.00241
G1 X125.045 Y122.901 E.0018
G1 X125.153 Y122.69 E.00318
G1 X125.286 Y122.654 E.00185
G1 X125.827 Y122.702 E.00728
G1 X126.767 Y122.888 E.01284
G1 X127.679 Y123.196 E.0129
G1 X128.505 Y123.601 E.01233
G1 X129.251 Y124.091 E.01196
G1 X129.933 Y124.667 E.01196
G1 X130.722 Y125.53 E.01567
G1 X131.242 Y126.309 E.01255
G1 X131.565 Y126.96 E.00974
G1 X131.679 Y127.196 E.00351
G1 X131.98 Y128.082 E.01254
G1 X132.17 Y129.026 E.0129
G1 X132.198 Y129.337 E.00418
G1 X133.035 Y129.327 F9000
;TYPE:Perimeter
;WIDTH:0.439999
G1 F1500
G1 X132.989 Y128.863 E.00656
G1 X132.772 Y127.814 E.01506
G1 X132.471 Y126.927 E.01317
G1 X132.314 Y126.59 E.00523
;WIDTH:0.478578
G1 X131.889 Y125.738 E.01461
G1 X132.09 Y125.888 E.00385
;WIDTH:0.453461
G1 X132.653 Y126.046 E.00849
;WIDTH:0.439999
G1 X143.329 Y126.046 E.15014
G1 X143.329 Y130 E.05561
G1 X143.329 Y133.954 E.05561
G1 X132.653 Y133.954 E.15014
;WIDTH:0.481343
G1 X132.083 Y134.1 E.00908
;WIDTH:0.504832
G1 X131.964 Y134.173 E.00226
G1 X132.023 Y134.047 E.00226
;WIDTH:0.481343
G1 X132.471 Y133.073 E.01655
;WIDTH:0.439999
G1 X132.807 Y132.055 E.01508
G1 X133.005 Y131.026 E.01474
G1 X133.054 Y130.312 E.01006
G1 X132.979 Y130 E.00451
G1 X133.032 Y129.836 E.00242
G1 X133.053 Y129.515 E.00452
G1 X133.041 Y129.387 E.00181
G1 E-3.5 F3600
;WIPE_START
G1 F7200
G1 X133.035 Y129.327 E-.02864
G1 X132.989 Y128.863 E-.22148
G1 X132.772 Y127.814 E-.50882
G1 X132.471 Y126.927 E-.44492
G1 X132.314 Y126.59 E-.17659
G1 X132.202 Y126.365 E-.11955
;WIPE_END
G1 X131.964 Y134.173 F9000
G1 E5 F2400
;WIDTH:0.504832
G1 F1739
G1 X131.689 Y134.553 E.00761
;WIDTH:0.46945
G1 X131.414 Y134.932 E.00704
;WIDTH:0.435336
G1 X130.715 Y135.744 E.0149
;WIDTH:0.437196
G1 X129.916 Y136.458 E.01497
;WIDTH:0.439642
G1 X129.03 Y137.062 E.01507
;WIDTH:0.442682
G1 X128.074 Y137.545 E.01516
;WIDTH:0.44631
G1 X127.062 Y137.9 E.01531
;WIDTH:0.450298
G1 X126.042 Y138.114 E.01501
G1 X125.36 Y138.176 E.00987
G1 X124.62 Y138.178 E.01066
;WIDTH:0.452446
G1 X124.041 Y138.154 E.00839
;WIDTH:0.458798
G1 X123.052 Y137.988 E.01473
;WIDTH:0.460448
G1 X122.091 Y137.705 E.01477
;WIDTH:0.461508
G1 X121.171 Y137.307 E.01481
G1 X120.721 Y137.059 E.00759
;WIDTH:0.433446
G1 X119.943 Y136.539 E.01296
;WIDTH:0.461856
G1 X119.511 Y136.191 E.0082
G1 X119.132 Y135.839 E.00765
;WIDTH:0.433726
G1 X118.418 Y135.04 E.01485
;WIDTH:0.434748
G1 X117.815 Y134.154 E.01489
;WIDTH:0.436366
G1 X117.333 Y133.197 E.01494
;WIDTH:0.43857
G1 X116.979 Y132.186 E.01501
;WIDTH:0.441368
G1 X116.76 Y131.137 E.01512
G1 X116.7 Y130.485 E.00924
;WIDTH:0.44974
G1 X116.694 Y129.723 E.01096
G1 X116.738 Y128.999 E.01044
;WIDTH:0.45239
G1 X116.923 Y128.013 E.01452
;WIDTH:0.455468
G1 X117.227 Y127.058 E.01461
;WIDTH:0.457948
G1 X117.644 Y126.147 E.01469
;WIDTH:0.459842
G1 X118.17 Y125.293 E.01477
;WIDTH:0.461146
G1 X118.795 Y124.51 E.01479
;WIDTH:0.461856
G1 X119.511 Y123.809 E.01482
G1 X119.943 Y123.461 E.0082
;WIDTH:0.433448
G1 X120.721 Y122.941 E.01296
;WIDTH:0.46151
G1 X121.171 Y122.693 E.00759
G1 X121.678 Y122.459 E.00825
;WIDTH:0.434252
G1 X122.69 Y122.106 E.01487
;WIDTH:0.43563
G1 X123.739 Y121.888 E.01491
;WIDTH:0.435826
G1 X124.39 Y121.824 E.00911
;WIDTH:0.482782
G1 X125.042 Y121.821 E.0101
G1 X125.901 Y121.87 E.01332
;WIDTH:0.443286
G1 X126.93 Y122.067 E.01485
;WIDTH:0.447022
G1 X127.949 Y122.401 E.01533
;WIDTH:0.450954
G1 X128.877 Y122.847 E.01486
;WIDTH:0.45427
G1 X129.72 Y123.39 E.01458
;WIDTH:0.456998
G1 X130.49 Y124.032 E.01467
;WIDTH:0.459132
G1 X131.175 Y124.763 E.01473
;WIDTH:0.463666
G1 X131.807 Y125.628 E.01591
;WIDTH:0.478578
G1 X131.889 Y125.738 E.00211
G1 X132.391 Y125.527 F9000
;WIDTH:0.439999
G1 F1739
G1 X132.653 Y125.623 E.00392
G1 X143.752 Y125.623 E.15609
G1 X143.752 Y130 E.06156
G1 X143.752 Y134.377 E.06156
G1 X132.653 Y134.377 E.15609
G1 X132.322 Y134.474 E.00485
G1 X132.157 Y134.628 E.00317
G1 X131.509 Y135.514 E.01544
G1 X130.786 Y136.283 E.01484
G1 X129.974 Y136.957 E.01484
G1 X129.087 Y137.528 E.01484
G1 X128.136 Y137.986 E.01484
G1 X127.137 Y138.324 E.01483
G1 X126.103 Y138.538 E.01485
G1 X125.052 Y138.624 E.01483
G1 X123.997 Y138.581 E.01485
G1 X122.956 Y138.41 E.01484
G1 X121.944 Y138.113 E.01483
G1 X120.975 Y137.694 E.01485
G1 X120.065 Y137.16 E.01484
G1 X119.226 Y136.519 E.01485
G1 X118.473 Y135.781 E.01483
G1 X117.815 Y134.956 E.01484
G1 X117.262 Y134.057 E.01484
G1 X116.824 Y133.097 E.01484
G1 X116.506 Y132.091 E.01484
G1 X116.314 Y131.053 E.01485
G1 X116.249 Y130 E.01484
G1 X116.314 Y128.947 E.01484
G1 X116.506 Y127.909 E.01485
G1 X116.824 Y126.903 E.01484
G1 X117.262 Y125.943 E.01484
G1 X117.815 Y125.044 E.01484
G1 X118.473 Y124.219 E.01484
G1 X119.226 Y123.481 E.01483
G1 X120.065 Y122.84 E.01485
G1 X120.975 Y122.306 E.01484
G1 X121.944 Y121.887 E.01485
G1 X122.956 Y121.59 E.01483
G1 X123.997 Y121.419 E.01484
G1 X125.052 Y121.376 E.01485
G1 X126.103 Y121.462 E.01483
G1 X127.137 Y121.676 E.01485
G1 X128.136 Y122.014 E.01483
G1 X129.087 Y122.472 E.01484
G1 X129.974 Y123.043 E.01484
G1 X130.786 Y123.717 E.01484
G1 X131.49 Y124.467 E.01447
G1 X132.257 Y125.478 E.01785
G1 X132.334 Y125.506 E.00115
G1 X132.572 Y125.169 F9000
;TYPE:External perimeter
;WIDTH:0.419999
G1 F1500
G1 X132.653 Y125.21 E.00122
G1 X144.165 Y125.21 E.15424
G1 X144.165 Y130 E.06418
G1 X144.165 Y134.79 E.06418
G1 X132.653 Y134.79 E.15424
G1 X132.49 Y134.872 E.00244
G1 X131.827 Y135.778 E.01504
G1 X131.069 Y136.584 E.01482
G1 X130.219 Y137.291 E.01481
G1 X129.289 Y137.889 E.01481
G1 X128.292 Y138.369 E.01483
G1 X127.245 Y138.723 E.01481
G1 X126.162 Y138.947 E.01482
G1 X125.06 Y139.038 E.01482
G1 X123.955 Y138.993 E.01482
G1 X122.864 Y138.813 E.01482
G1 X121.803 Y138.502 E.01481
G1 X120.788 Y138.063 E.01482
G1 X119.834 Y137.504 E.01481
G1 X118.956 Y136.832 E.01481
G1 X118.166 Y136.058 E.01482
G1 X117.476 Y135.194 E.01481
G1 X116.897 Y134.251 E.01483
G1 X116.438 Y133.245 E.01482
G1 X116.105 Y132.191 E.01481
G1 X115.903 Y131.104 E.01481
G1 X115.835 Y130 E.01482
G1 X115.903 Y128.896 E.01482
G1 X116.105 Y127.809 E.01481
G1 X116.438 Y126.755 E.01481
G1 X116.897 Y125.749 E.01482
G1 X117.476 Y124.806 E.01483
G1 X118.166 Y123.942 E.01481
G1 X118.956 Y123.168 E.01482
G1 X119.834 Y122.496 E.01481
G1 X120.788 Y121.937 E.01481
G1 X121.803 Y121.498 E.01482
G1 X122.864 Y121.187 E.01481
G1 X123.955 Y121.007 E.01482
G1 X125.06 Y120.962 E.01482
G1 X126.162 Y121.053 E.01482
G1 X127.245 Y121.277 E.01482
G1 X128.292 Y121.631 E.01481
G1 X129.289 Y122.111 E.01483
G1 X130.219 Y122.709 E.01481
G1 X131.069 Y123.416 E.01481
G1 X131.827 Y124.222 E.01482
G1 X132.49 Y125.128 E.01504
G1 X132.518 Y125.142 E.00042
G1 E-3.5 F3600
;WIPE_START
G1 F7200
G1 X132.572 Y125.169 E-.02868
G1 X132.653 Y125.21 E-.04312
G1 X135.66 Y125.21 E-1.4282
;WIPE_END
G1 X132.781 Y133.172 F9000
G1 E5 F2400
;TYPE:Solid infill
;WIDTH:0.439999
G1 F1739
G1 X133.085 Y132.272 E.01336
G1 X133.308 Y131.207 E.0153
G1 X133.346 Y130.826 E.00538
G1 X136.149 Y133.629 E.05575
G1 X133.108 Y133.629 E.04277
G1 X132.554 Y133.653 E.0078
G1 X132.691 Y133.363 E.00451
G1 X133.216 Y133.206 E.00771
G1 X133.499 Y132.358 E.01257
G1 X133.634 Y131.712 E.00928
G1 X135.128 Y133.206 E.02971
G1 X133.427 Y133.206 E.02392
G1 X133.898 Y132.634 E.01042
;WIDTH:0.598174
G1 X133.846 Y132.685 E.00141
G1 X133.865 Y132.755 E.0014
G1 X133.935 Y132.774 E.0014
G1 X133.986 Y132.723 E.00139
G1 X133.968 Y132.653 E.0014
G1 E-3.5 F3600
;WIPE_START
G1 F7200
G1 X133.986 Y132.723 E-.03433
G1 X133.935 Y132.774 E-.03426
G1 X133.865 Y132.755 E-.03445
G1 X133.846 Y132.685 E-.03445
G1 X133.898 Y132.634 E-.0346
G1 X133.427 Y133.206 E-.35196
G1 X135.128 Y133.206 E-.80798
G1 X134.878 Y132.956 E-.16797
;WIPE_END
G1 X133.153 Y129.959 F9000
G1 E5 F2400
;WIDTH:0.357168
G1 F1739
G1 X133.134 Y130.03 E.00083
G1 X133.205 Y130.011 E.00083
G1 X133.194 Y129.97 E.00048
;WIDTH:0.398584
G1 X133.284 Y130.113 E.00214
;WIDTH:0.439999
G1 X133.374 Y130.256 E.00238
G1 X136.747 Y133.629 E.06708
G1 X137.345 Y133.629 E.00841
G1 X133.379 Y129.663 E.07888
G1 X133.337 Y129.022 E.00903
G1 X137.943 Y133.629 E.09162
G1 X138.541 Y133.629 E.00841
G1 X133.205 Y128.293 E.10613
G1 X132.859 Y127.583 E.01111
;WIDTH:0.357168
G1 X132.792 Y127.282 E.00349
G1 X132.813 Y127.191 E.00106
;WIDTH:0.398584
G1 X132.905 Y127.34 E.00222
;WIDTH:0.439999
G1 X132.998 Y127.488 E.00246
G1 X139.139 Y133.629 E.12214
G1 X139.737 Y133.629 E.00841
G1 X132.643 Y126.535 E.14109
G1 X133.077 Y126.371 E.00652
G1 X140.335 Y133.629 E.14435
G1 X140.933 Y133.629 E.00841
G1 X133.675 Y126.371 E.14435
G1 X134.273 Y126.371 E.00841
G1 X141.531 Y133.629 E.14435
G1 X142.129 Y133.629 E.00841
G1 X134.871 Y126.371 E.14435
G1 X135.469 Y126.371 E.00841
G1 X142.727 Y133.629 E.14435
G1 X142.904 Y133.652 E.00251
;WIDTH:0.398584
G1 X143.081 Y133.676 E.00227
;WIDTH:0.357168
G1 X143.062 Y133.747 E.00083
G1 X143.133 Y133.728 E.00083
G1 X143.122 Y133.687 E.00048
;WIDTH:0.439999
G1 X143.004 Y133.308 E.00558
G1 X136.067 Y126.371 E.13797
G1 X136.665 Y126.371 E.00841
G1 X143.004 Y132.71 E.12607
G1 X143.004 Y132.112 E.00841
G1 X137.263 Y126.371 E.11418
G1 X137.861 Y126.371 E.00841
G1 X143.004 Y131.514 E.10229
G1 X143.004 Y130.916 E.00841
G1 X138.459 Y126.371 E.09039
G1 X139.057 Y126.371 E.00841
G1 X143.004 Y130.318 E.0785
G1 X143.004 Y129.72 E.00841
G1 X139.655 Y126.371 E.06661
G1 X140.253 Y126.371 E.00841
G1 X143.004 Y129.122 E.05471
G1 X143.173 Y128.645 E.00712
;WIDTH:0.357168
G1 X143.154 Y128.717 E.00084
G1 X143.225 Y128.697 E.00083
G1 X143.214 Y128.656 E.00048
;WIDTH:0.398584
G1 X143.109 Y128.59 E.00157
;WIDTH:0.439999
G1 X143.004 Y128.524 E.00174
G1 X140.851 Y126.371 E.04282
G1 X140.785 Y126.266 E.00174
;WIDTH:0.398584
G1 X140.719 Y126.161 E.00157
;WIDTH:0.357168
G1 X140.73 Y126.202 E.00048
G1 X140.658 Y126.221 E.00084
G1 X140.678 Y126.15 E.00083
;WIDTH:0.439999
G1 X141.449 Y126.371 E.01128
G1 X143.004 Y126.371 E.02187
G1 X143.004 Y127.926 E.02187
G1 X141.598 Y126.521 E.02795
G1 X142.533 Y126.768 F9000
;WIDTH:0.505202
G1 F1739
G1 X142.489 Y126.811 E.001
G1 X142.505 Y126.87 E.00099
G1 X142.564 Y126.886 E.00099
G1 X142.607 Y126.842 E.001
G1 X142.591 Y126.784 E.00098
;LAYER_CHANGE
;Z:0.92
;HEIGHT:0.08
;BEFORE_LAYER_CHANGE
G92 E0
;0.92


G1 E-3.5 F3600
;WIPE_START
G1 F7200
G1 X142.607 Y126.842 E-.02858
G1 X142.564 Y126.886 E-.02922
G1 X142.505 Y126.87 E-.02904
G1 X142.489 Y126.811 E-.02904
G1 X142.533 Y126.768 E-.02922
;WIPE_END
G1 E-1.3549 F3600
G1 Z.92 F9000
;AFTER_LAYER_CHANGE
;0.92
G1 X132.619 Y129.397
G1 E5 F2400
;TYPE:Perimeter
;WIDTH:0.439999
G1 F1166
G1 X132.63 Y129.51 E.0016
G1 X132.615 Y129.715 E.00289
G1 X132.576 Y129.824 E.00163
G1 X132.374 Y130 E.00377
G1 X132.576 Y130.176 E.00377
G1 X132.631 Y130.38 E.00297
G1 X132.584 Y130.991 E.00862
G1 X132.392 Y131.973 E.01407
G1 X132.07 Y132.937 E.01429
G1 X131.625 Y133.851 E.0143
G1 X131.065 Y134.699 E.01429
G1 X130.399 Y135.467 E.0143
G1 X129.638 Y136.141 E.0143
G1 X128.796 Y136.71 E.01429
G1 X127.886 Y137.165 E.01431
G1 X126.925 Y137.496 E.01429
G1 X125.959 Y137.694 E.01387
G1 X125.365 Y137.755 E.0084
G1 X125.064 Y137.707 E.00429
G1 X124.934 Y137.631 E.00212
G1 X124.875 Y137.545 E.00147
G1 X124.816 Y137.631 E.00147
G1 X124.523 Y137.753 E.00446
G1 X123.884 Y137.709 E.00901
G1 X122.825 Y137.496 E.01519
G1 X121.938 Y137.195 E.01317
G1 X120.954 Y136.71 E.01543
G1 X120.176 Y136.19 E.01316
G1 X119.408 Y135.524 E.0143
G1 X118.734 Y134.763 E.0143
G1 X118.165 Y133.921 E.01429
G1 X117.71 Y133.011 E.01431
G1 X117.379 Y132.05 E.01429
G1 X117.175 Y131.054 E.0143
G1 X117.12 Y130.49 E.00797
G1 X117.167 Y130.19 E.00427
G1 X117.243 Y130.06 E.00212
G1 X117.331 Y130 E.0015
G1 X117.243 Y129.94 E.0015
G1 X117.121 Y129.635 E.00462
G1 X117.163 Y129.038 E.00842
G1 X117.344 Y128.097 E.01348
G1 X117.634 Y127.196 E.01331
G1 X118.165 Y126.079 E.01739
G1 X118.685 Y125.301 E.01316
G1 X119.121 Y124.796 E.00938
G1 X119.408 Y124.476 E.00605
G1 X120.112 Y123.859 E.01316
G1 X120.985 Y123.271 E.0148
G1 X121.864 Y122.835 E.0138
G1 X122.825 Y122.504 E.01429
G1 X123.821 Y122.3 E.0143
G1 X124.385 Y122.245 E.00797
G1 X124.686 Y122.293 E.00429
G1 X124.816 Y122.369 E.00212
G1 X124.875 Y122.455 E.00147
G1 X124.934 Y122.369 E.00147
G1 X125.155 Y122.261 E.00346
G1 X125.365 Y122.245 E.00296
G1 X125.866 Y122.291 E.00708
G1 X126.848 Y122.483 E.01407
G1 X127.812 Y122.805 E.01429
G1 X128.688 Y123.231 E.0137
G1 X129.481 Y123.748 E.01331
G1 X130.205 Y124.356 E.0133
G1 X131.065 Y125.301 E.01797
G1 X131.585 Y126.079 E.01316
G1 X131.935 Y126.777 E.01098
G1 X132.07 Y127.063 E.00445
G1 X132.371 Y127.95 E.01317
G1 X132.575 Y128.946 E.0143
G1 X132.613 Y129.337 E.00552
G1 X132.208 Y129.431 F9000
;TYPE:External perimeter
;WIDTH:0.419999
G1 F1166
G1 X132.219 Y129.548 E.00157
G1 X132.202 Y129.651 E.0014
G1 X132.077 Y129.759 E.00221
G1 X131.87 Y129.85 E.00303
G1 X131.802 Y130 E.00221
G1 X131.87 Y130.15 E.00221
G1 X132.202 Y130.349 E.00519
G1 X132.173 Y130.953 E.0081
G1 X131.987 Y131.892 E.01283
G1 X131.679 Y132.804 E.0129
G1 X131.255 Y133.668 E.01289
G1 X130.722 Y134.47 E.0129
G1 X130.088 Y135.195 E.0129
G1 X129.366 Y135.831 E.01289
G1 X128.566 Y136.367 E.0129
G1 X127.704 Y136.794 E.01289
G1 X126.793 Y137.105 E.0129
G1 X125.878 Y137.289 E.0125
G1 X125.327 Y137.344 E.00742
G1 X125.186 Y137.304 E.00196
G1 X124.984 Y136.956 E.00539
G1 X124.82 Y136.941 E.00221
G1 X124.685 Y137.034 E.0022
G1 X124.564 Y137.304 E.00396
G1 X124.423 Y137.344 E.00196
G1 X123.922 Y137.298 E.00674
G1 X123.217 Y137.159 E.00963
G1 X122.363 Y136.904 E.01194
G1 X122.046 Y136.794 E.0045
G1 X121.207 Y136.38 E.01254
G1 X120.384 Y135.831 E.01325
G1 X119.68 Y135.213 E.01255
G1 X119.044 Y134.491 E.01289
G1 X118.508 Y133.691 E.0129
G1 X118.081 Y132.829 E.01289
G1 X117.77 Y131.918 E.0129
G1 X117.58 Y130.974 E.0129
G1 X117.531 Y130.452 E.00702
G1 X117.571 Y130.311 E.00196
G1 X117.919 Y130.109 E.00539
G1 X117.934 Y129.945 E.00221
G1 X117.841 Y129.81 E.0022
G1 X117.571 Y129.689 E.00396
G1 X117.531 Y129.548 E.00196
G1 X117.577 Y129.047 E.00674
G1 X117.749 Y128.178 E.01187
G1 X118.025 Y127.329 E.01196
G1 X118.508 Y126.309 E.01512
G1 X119.028 Y125.53 E.01255
G1 X119.431 Y125.068 E.00821
G1 X119.68 Y124.787 E.00503
G1 X120.384 Y124.169 E.01255
G1 X121.184 Y123.633 E.0129
G1 X122.046 Y123.206 E.01289
G1 X122.957 Y122.895 E.0129
G1 X123.901 Y122.705 E.0129
G1 X124.423 Y122.656 E.00702
G1 X124.564 Y122.696 E.00196
G1 X124.766 Y123.044 E.00539
G1 X124.93 Y123.059 E.00221
G1 X125.065 Y122.966 E.0022
G1 X125.186 Y122.696 E.00396
G1 X125.327 Y122.656 E.00196
G1 X125.828 Y122.702 E.00674
G1 X126.767 Y122.888 E.01283
G1 X127.679 Y123.196 E.0129
G1 X128.505 Y123.601 E.01233
G1 X129.251 Y124.091 E.01196
G1 X129.933 Y124.667 E.01196
G1 X130.722 Y125.53 E.01567
G1 X131.242 Y126.309 E.01255
G1 X131.565 Y126.96 E.00974
G1 X131.679 Y127.196 E.00351
G1 X131.98 Y128.082 E.01254
G1 X132.17 Y129.026 E.0129
G1 X132.203 Y129.371 E.00464
G1 X133.04 Y129.362 F9000
;TYPE:Perimeter
;WIDTH:0.439999
G1 F1166
G1 X132.989 Y128.863 E.00705
G1 X132.772 Y127.814 E.01506
G1 X132.471 Y126.927 E.01317
G1 X132.314 Y126.59 E.00523
;WIDTH:0.478578
G1 X131.889 Y125.738 E.01461
G1 X132.09 Y125.888 E.00385
;WIDTH:0.453462
G1 X132.653 Y126.046 E.00849
;WIDTH:0.439999
G1 X143.329 Y126.046 E.15014
G1 X143.329 Y130 E.05561
G1 X143.329 Y133.954 E.05561
G1 X132.653 Y133.954 E.15014
;WIDTH:0.481343
G1 X132.083 Y134.1 E.00908
;WIDTH:0.504832
G1 X131.964 Y134.173 E.00226
G1 X132.023 Y134.047 E.00226
;WIDTH:0.481343
G1 X132.471 Y133.073 E.01655
;WIDTH:0.439999
G1 X132.807 Y132.055 E.01508
G1 X133.005 Y131.03 E.01468
G1 X133.052 Y130.343 E.00968
G1 X132.961 Y130 E.00499
G1 X133.025 Y129.817 E.00273
G1 X133.051 Y129.471 E.00488
G1 X133.046 Y129.422 E.00069
G1 E-3.5 F3600
;WIPE_START
G1 F7200
G1 X133.04 Y129.362 E-.02864
G1 X132.989 Y128.863 E-.23826
G1 X132.772 Y127.814 E-.50882
G1 X132.471 Y126.927 E-.44492
G1 X132.314 Y126.59 E-.17659
G1 X132.217 Y126.396 E-.10277
;WIPE_END
G1 X131.964 Y134.173 F9000
G1 E5 F2400
;WIDTH:0.504832
G1 F1166
G1 X131.689 Y134.553 E.00761
;WIDTH:0.46945
G1 X131.414 Y134.932 E.00704
;WIDTH:0.435336
G1 X130.715 Y135.744 E.0149
;WIDTH:0.437194
G1 X129.916 Y136.458 E.01497
;WIDTH:0.439642
G1 X129.03 Y137.062 E.01507
;WIDTH:0.442684
G1 X128.074 Y137.545 E.01516
;WIDTH:0.446312
G1 X127.062 Y137.9 E.01531
;WIDTH:0.4503
G1 X126.042 Y138.114 E.01501
G1 X125.404 Y138.174 E.00923
;WIDTH:0.470737
G1 X125.228 Y138.163 E.00266
;WIDTH:0.506836
G1 X125.051 Y138.153 E.00289
;WIDTH:0.542934
G1 X124.699 Y138.153 E.00616
;WIDTH:0.507219
G1 X124.522 Y138.164 E.00289
;WIDTH:0.471503
G1 X124.346 Y138.174 E.00266
;WIDTH:0.437648
G1 X123.845 Y138.129 E.00703
;WIDTH:0.4588
G1 X123.052 Y137.988 E.01183
;WIDTH:0.46045
G1 X122.091 Y137.705 E.01477
;WIDTH:0.461508
G1 X121.171 Y137.307 E.01481
G1 X120.721 Y137.059 E.00759
;WIDTH:0.433448
G1 X119.943 Y136.539 E.01296
;WIDTH:0.461856
G1 X119.511 Y136.191 E.0082
G1 X119.132 Y135.839 E.00765
;WIDTH:0.433726
G1 X118.418 Y135.04 E.01485
;WIDTH:0.434748
G1 X117.815 Y134.154 E.01489
;WIDTH:0.436364
G1 X117.333 Y133.197 E.01494
;WIDTH:0.43857
G1 X116.979 Y132.186 E.01501
;WIDTH:0.44137
G1 X116.76 Y131.137 E.01512
G1 X116.702 Y130.529 E.00862
;WIDTH:0.472685
G1 X116.711 Y130.353 E.00267
;WIDTH:0.511876
G1 X116.719 Y130.176 E.00292
;WIDTH:0.551066
G1 X116.719 Y129.824 E.00625
;WIDTH:0.511876
G1 X116.711 Y129.647 E.00292
;WIDTH:0.472685
G1 X116.702 Y129.471 E.00267
;WIDTH:0.445596
G1 X116.742 Y128.969 E.00718
;WIDTH:0.45239
G1 X116.923 Y128.013 E.01408
;WIDTH:0.455468
G1 X117.227 Y127.058 E.01461
;WIDTH:0.457948
G1 X117.644 Y126.147 E.01469
;WIDTH:0.459842
G1 X118.17 Y125.293 E.01477
;WIDTH:0.461146
G1 X118.795 Y124.51 E.01479
;WIDTH:0.461856
G1 X119.511 Y123.809 E.01482
G1 X119.943 Y123.461 E.0082
;WIDTH:0.433448
G1 X120.721 Y122.941 E.01296
;WIDTH:0.461508
G1 X121.171 Y122.693 E.00759
G1 X121.678 Y122.459 E.00825
;WIDTH:0.434252
G1 X122.69 Y122.106 E.01487
;WIDTH:0.435632
G1 X123.739 Y121.888 E.01491
;WIDTH:0.435788
G1 X124.346 Y121.826 E.0085
;WIDTH:0.471503
G1 X124.522 Y121.836 E.00266
;WIDTH:0.507217
G1 X124.699 Y121.847 E.00289
;WIDTH:0.542932
G1 X124.875 Y121.858 E.00308
G1 X125.044 Y121.838 E.00298
;WIDTH:0.496591
G1 X125.213 Y121.818 E.00271
;WIDTH:0.45025
G1 X125.905 Y121.87 E.01
;WIDTH:0.443286
G1 X126.93 Y122.067 E.01479
;WIDTH:0.447024
G1 X127.949 Y122.401 E.01533
;WIDTH:0.450954
G1 X128.877 Y122.847 E.01486
;WIDTH:0.45427
G1 X129.72 Y123.39 E.01458
;WIDTH:0.457
G1 X130.49 Y124.032 E.01467
;WIDTH:0.459134
G1 X131.175 Y124.763 E.01473
;WIDTH:0.463666
G1 X131.807 Y125.628 E.01591
;WIDTH:0.478578
G1 X131.889 Y125.738 E.00211
G1 X132.391 Y125.527 F9000
;WIDTH:0.439999
G1 F1166
G1 X132.653 Y125.623 E.00392
G1 X143.752 Y125.623 E.15609
G1 X143.752 Y130 E.06156
G1 X143.752 Y134.377 E.06156
G1 X132.653 Y134.377 E.15609
G1 X132.322 Y134.474 E.00485
G1 X132.157 Y134.628 E.00317
G1 X131.509 Y135.514 E.01544
G1 X130.786 Y136.283 E.01484
G1 X129.974 Y136.957 E.01484
G1 X129.087 Y137.528 E.01484
G1 X128.136 Y137.986 E.01484
G1 X127.137 Y138.324 E.01483
G1 X126.103 Y138.538 E.01485
G1 X125.052 Y138.624 E.01483
G1 X123.997 Y138.581 E.01485
G1 X122.956 Y138.41 E.01484
G1 X121.944 Y138.113 E.01483
G1 X120.975 Y137.694 E.01485
G1 X120.065 Y137.16 E.01484
G1 X119.226 Y136.519 E.01485
G1 X118.473 Y135.781 E.01483
G1 X117.815 Y134.956 E.01484
G1 X117.262 Y134.057 E.01484
G1 X116.824 Y133.097 E.01484
G1 X116.506 Y132.091 E.01484
G1 X116.314 Y131.053 E.01485
G1 X116.249 Y130 E.01484
G1 X116.314 Y128.947 E.01484
G1 X116.506 Y127.909 E.01485
G1 X116.824 Y126.903 E.01484
G1 X117.262 Y125.943 E.01484
G1 X117.815 Y125.044 E.01484
G1 X118.473 Y124.219 E.01484
G1 X119.226 Y123.481 E.01483
G1 X120.065 Y122.84 E.01485
G1 X120.975 Y122.306 E.01484
G1 X121.944 Y121.887 E.01485
G1 X122.956 Y121.59 E.01483
G1 X123.997 Y121.419 E.01484
G1 X125.052 Y121.376 E.01485
G1 X126.103 Y121.462 E.01483
G1 X127.137 Y121.676 E.01485
G1 X128.136 Y122.014 E.01483
G1 X129.087 Y122.472 E.01484
G1 X129.974 Y123.043 E.01484
G1 X130.786 Y123.717 E.01484
G1 X131.49 Y124.467 E.01447
G1 X132.257 Y125.478 E.01785
G1 X132.334 Y125.506 E.00115
G1 X132.572 Y125.169 F9000
;TYPE:External perimeter
;WIDTH:0.419999
G1 F1166
G1 X132.653 Y125.21 E.00122
G1 X144.165 Y125.21 E.15424
G1 X144.165 Y130 E.06418
G1 X144.165 Y134.79 E.06418
G1 X132.653 Y134.79 E.15424
G1 X132.49 Y134.872 E.00244
G1 X131.827 Y135.778 E.01504
G1 X131.069 Y136.584 E.01482
G1 X130.219 Y137.291 E.01481
G1 X129.289 Y137.889 E.01481
G1 X128.292 Y138.369 E.01483
G1 X127.245 Y138.723 E.01481
G1 X126.162 Y138.947 E.01482
G1 X125.06 Y139.038 E.01482
G1 X123.955 Y138.993 E.01482
G1 X122.864 Y138.813 E.01482
G1 X121.803 Y138.502 E.01481
G1 X120.788 Y138.063 E.01482
G1 X119.834 Y137.504 E.01481
G1 X118.956 Y136.832 E.01481
G1 X118.166 Y136.058 E.01482
G1 X117.476 Y135.194 E.01481
G1 X116.897 Y134.251 E.01483
G1 X116.438 Y133.245 E.01482
G1 X116.105 Y132.191 E.01481
G1 X115.903 Y131.104 E.01481
G1 X115.835 Y130 E.01482
G1 X115.903 Y128.896 E.01482
G1 X116.105 Y127.809 E.01481
G1 X116.438 Y126.755 E.01481
G1 X116.897 Y125.749 E.01482
G1 X117.476 Y124.806 E.01483
G1 X118.166 Y123.942 E.01481
G1 X118.956 Y123.168 E.01482
G1 X119.834 Y122.496 E.01481
G1 X120.788 Y121.937 E.01481
G1 X121.803 Y121.498 E.01482
G1 X122.864 Y121.187 E.01481
G1 X123.955 Y121.007 E.01482
G1 X125.06 Y120.962 E.01482
G1 X126.162 Y121.053 E.01482
G1 X127.245 Y121.277 E.01482
G1 X128.292 Y121.631 E.01481
G1 X129.289 Y122.111 E.01483
G1 X130.219 Y122.709 E.01481
G1 X131.069 Y123.416 E.01481
G1 X131.827 Y124.222 E.01482
G1 X132.49 Y125.128 E.01504
G1 X132.518 Y125.142 E.00042
G1 E-3.5 F3600
;WIPE_START
G1 F7200
G1 X132.572 Y125.169 E-.02868
G1 X132.653 Y125.21 E-.04312
G1 X135.66 Y125.21 E-1.4282
;WIPE_END
G1 X133.377 Y129.598 F9000
G1 E5 F2400
;TYPE:Internal infill
;WIDTH:0.44
G1 F1166
G1 X133.329 Y128.934 E.00936
G1 X133.125 Y127.875 E.01517
G1 X132.878 Y127.122 E.01114
G1 X133.629 Y126.371 E.01494
G1 X134.344 Y126.371 E.01006
G1 X141.602 Y133.629 E.14435
G1 X142.317 Y133.629 E.01006
G1 X143.004 Y132.942 E.01366
G1 X143.004 Y127.058 E.08275
G1 X142.317 Y126.371 E.01366
G1 X141.602 Y126.371 E.01006
G1 X134.344 Y133.629 E.14435
G1 X133.629 Y133.629 E.01006
G1 X132.88 Y132.88 E.0149
G1 X133.082 Y132.284 E.00885
G1 X133.31 Y131.196 E.01563
G1 X133.374 Y130.403 E.01119
;LAYER_CHANGE
;Z:1
;HEIGHT:0.08
;BEFORE_LAYER_CHANGE
G92 E0
;1


G1 E-3.5 F3600
;WIPE_START
G1 F7200
G1 X133.31 Y131.196 E-.3779
G1 X133.082 Y132.284 E-.52803
G1 X132.88 Y132.88 E-.29892
G1 X133.319 Y133.319 E-.29515
;WIPE_END
G1 Z1 F9000
;AFTER_LAYER_CHANGE
;1
G1 X132.502 Y130.143
G1 E5 F2400
;TYPE:Perimeter
;WIDTH:0.439999
G1 F1164
G1 X132.568 Y130.199 E.00122
G1 X132.63 Y130.416 E.00317
G1 X132.583 Y130.996 E.00818
G1 X132.392 Y131.973 E.014
G1 X132.07 Y132.937 E.01429
G1 X131.625 Y133.851 E.0143
G1 X131.065 Y134.699 E.01429
G1 X130.399 Y135.467 E.0143
G1 X129.638 Y136.141 E.0143
G1 X128.796 Y136.71 E.01429
G1 X127.886 Y137.165 E.01431
G1 X126.925 Y137.496 E.01429
G1 X125.959 Y137.694 E.01387
G1 X125.41 Y137.755 E.00777
G1 X125.084 Y137.698 E.00465
G1 X124.955 Y137.615 E.00216
G1 X124.875 Y137.494 E.00204
G1 X124.796 Y137.615 E.00203
G1 X124.483 Y137.753 E.00481
G1 X123.879 Y137.708 E.00852
G1 X122.825 Y137.496 E.01512
G1 X121.938 Y137.195 E.01317
G1 X121.363 Y136.918 E.00898
G1 X120.954 Y136.71 E.00645
G1 X120.176 Y136.19 E.01316
G1 X119.408 Y135.524 E.0143
G1 X118.734 Y134.763 E.0143
G1 X118.165 Y133.921 E.01429
G1 X117.71 Y133.011 E.01431
G1 X117.379 Y132.05 E.01429
G1 X117.175 Y131.054 E.0143
G1 X117.12 Y130.535 E.00734
G1 X117.177 Y130.21 E.00464
G1 X117.26 Y130.08 E.00217
G1 X117.381 Y130 E.00204
G1 X117.26 Y129.92 E.00204
G1 X117.177 Y129.79 E.00217
G1 X117.12 Y129.465 E.00464
G1 X117.174 Y128.953 E.00724
G1 X117.344 Y128.097 E.01227
G1 X117.634 Y127.196 E.01331
G1 X118.032 Y126.338 E.0133
G1 X118.529 Y125.534 E.01329
G1 X118.734 Y125.237 E.00508
G1 X119.351 Y124.533 E.01316
G1 X119.797 Y124.135 E.00841
G1 X120.176 Y123.81 E.00702
G1 X120.954 Y123.29 E.01316
G1 X121.864 Y122.835 E.01431
G1 X122.825 Y122.504 E.01429
G1 X123.821 Y122.3 E.0143
G1 X124.34 Y122.245 E.00734
G1 X124.666 Y122.302 E.00465
G1 X124.796 Y122.385 E.00217
G1 X124.875 Y122.506 E.00203
G1 X124.955 Y122.385 E.00204
G1 X125.173 Y122.268 E.00348
G1 X125.41 Y122.245 E.00335
G1 X125.929 Y122.3 E.00734
G1 X126.852 Y122.484 E.01324
G1 X127.812 Y122.805 E.01424
G1 X128.688 Y123.231 E.0137
G1 X129.481 Y123.748 E.01331
G1 X130.205 Y124.356 E.0133
G1 X130.85 Y125.048 E.0133
G1 X131.065 Y125.301 E.00467
G1 X131.585 Y126.079 E.01316
G1 X132.07 Y127.063 E.01543
G1 X132.371 Y127.95 E.01317
G1 X132.575 Y128.946 E.0143
G1 X132.63 Y129.465 E.00734
G1 X132.612 Y129.687 E.00313
G1 X132.568 Y129.801 E.00172
G1 X132.331 Y130 E.00435
G1 X132.456 Y130.105 E.0023
G1 X132.167 Y130.365 F9000
;TYPE:External perimeter
;WIDTH:0.419999
G1 F1164
G1 X132.199 Y130.384 E.0005
G1 X132.219 Y130.494 E.0015
G1 X132.17 Y130.974 E.00646
G1 X131.987 Y131.892 E.01254
G1 X131.679 Y132.804 E.0129
G1 X131.255 Y133.668 E.01289
G1 X130.722 Y134.47 E.0129
G1 X130.088 Y135.195 E.0129
G1 X129.366 Y135.831 E.01289
G1 X128.566 Y136.367 E.0129
G1 X127.704 Y136.794 E.01289
G1 X126.793 Y137.105 E.0129
G1 X125.878 Y137.289 E.0125
G1 X125.369 Y137.344 E.00686
G1 X125.22 Y137.298 E.00209
G1 X125.004 Y136.921 E.00582
G1 X124.811 Y136.904 E.0026
G1 X124.65 Y137.013 E.0026
G1 X124.53 Y137.298 E.00414
G1 X124.381 Y137.344 E.00209
G1 X123.901 Y137.295 E.00646
G1 X122.983 Y137.112 E.01254
G1 X122.046 Y136.794 E.01326
G1 X121.207 Y136.38 E.01254
G1 X120.384 Y135.831 E.01325
G1 X119.68 Y135.213 E.01255
G1 X119.044 Y134.491 E.01289
G1 X118.508 Y133.691 E.0129
G1 X118.081 Y132.829 E.01289
G1 X117.77 Y131.918 E.0129
G1 X117.58 Y130.974 E.0129
G1 X117.53 Y130.486 E.00657
G1 X117.577 Y130.345 E.00199
G1 X117.954 Y130.129 E.00582
G1 X117.971 Y129.936 E.0026
G1 X117.862 Y129.775 E.0026
G1 X117.577 Y129.655 E.00414
G1 X117.531 Y129.506 E.00209
G1 X117.58 Y129.026 E.00646
G1 X117.763 Y128.108 E.01254
G1 X118.025 Y127.329 E.01101
G1 X118.402 Y126.52 E.01196
G1 X119.044 Y125.509 E.01605
G1 X119.662 Y124.805 E.01255
G1 X120.069 Y124.446 E.00727
G1 X120.405 Y124.153 E.00597
G1 X121.184 Y123.633 E.01255
G1 X122.046 Y123.206 E.01289
G1 X122.957 Y122.895 E.0129
G1 X123.901 Y122.705 E.0129
G1 X124.393 Y122.655 E.00663
G1 X124.53 Y122.702 E.00194
G1 X124.746 Y123.079 E.00582
G1 X124.939 Y123.096 E.0026
G1 X125.1 Y122.987 E.0026
G1 X125.22 Y122.702 E.00414
G1 X125.369 Y122.656 E.00209
G1 X125.878 Y122.711 E.00686
G1 X126.769 Y122.888 E.01217
G1 X127.679 Y123.196 E.01287
G1 X128.505 Y123.601 E.01233
G1 X129.251 Y124.091 E.01196
G1 X129.933 Y124.667 E.01196
G1 X130.54 Y125.32 E.01195
G1 X130.722 Y125.53 E.00372
G1 X131.242 Y126.309 E.01255
G1 X131.679 Y127.196 E.01325
G1 X131.98 Y128.082 E.01254
G1 X132.17 Y129.026 E.0129
G1 X132.219 Y129.545 E.00698
G1 X132.199 Y129.616 E.00099
G1 X132.077 Y129.719 E.00214
G1 X131.842 Y129.823 E.00344
G1 X131.762 Y130 E.0026
G1 X131.842 Y130.177 E.0026
G1 X132.115 Y130.335 E.00423
G1 X132.969 Y129.943 F9000
;TYPE:Perimeter
;WIDTH:0.439999
G1 F1164
G1 X133.02 Y129.797 E.00217
G1 X133.051 Y129.422 E.00529
G1 X132.989 Y128.863 E.00791
G1 X132.772 Y127.814 E.01506
G1 X132.471 Y126.927 E.01317
G1 X132.314 Y126.59 E.00523
;WIDTH:0.478578
G1 X131.889 Y125.738 E.01461
G1 X132.09 Y125.888 E.00385
;WIDTH:0.453462
G1 X132.653 Y126.046 E.00849
;WIDTH:0.439999
G1 X143.329 Y126.046 E.15014
G1 X143.329 Y130 E.05561
G1 X143.329 Y133.954 E.05561
G1 X132.653 Y133.954 E.15014
;WIDTH:0.481343
G1 X132.083 Y134.1 E.00908
;WIDTH:0.504832
G1 X131.964 Y134.173 E.00226
G1 X132.023 Y134.047 E.00226
;WIDTH:0.481343
G1 X132.471 Y133.073 E.01655
;WIDTH:0.439999
G1 X132.807 Y132.055 E.01508
G1 X133.004 Y131.039 E.01455
G1 X133.051 Y130.375 E.00936
G1 X132.946 Y130.01 E.00534
G1 X132.949 Y130 E.00015
G1 E-3.5 F3600
;WIPE_START
G1 F7200
G1 X132.969 Y129.943 E-.02869
G1 X133.02 Y129.797 E-.07346
G1 X133.051 Y129.422 E-.17873
G1 X132.989 Y128.863 E-.26715
G1 X132.772 Y127.814 E-.50882
G1 X132.472 Y126.931 E-.44315
;WIPE_END
G1 X131.964 Y134.173 F9000
G1 E5 F2400
;WIDTH:0.504832
G1 F1164
G1 X131.689 Y134.553 E.00761
;WIDTH:0.46945
G1 X131.414 Y134.932 E.00704
;WIDTH:0.435336
G1 X130.715 Y135.744 E.0149
;WIDTH:0.437196
G1 X129.916 Y136.458 E.01497
;WIDTH:0.439642
G1 X129.03 Y137.062 E.01507
;WIDTH:0.442682
G1 X128.074 Y137.545 E.01516
;WIDTH:0.44631
G1 X127.062 Y137.9 E.01531
;WIDTH:0.4503
G1 X126.042 Y138.114 E.01501
G1 X125.452 Y138.171 E.00854
;WIDTH:0.468106
G1 X125.247 Y138.17 E.00307
;WIDTH:0.504682
G1 X125.042 Y138.168 E.00332
;WIDTH:0.532614
G1 X124.959 Y138.151 E.00145
;WIDTH:0.560546
G1 X124.875 Y138.133 E.00155
G1 X124.703 Y138.148 E.00312
;WIDTH:0.517972
G1 X124.531 Y138.162 E.00287
;WIDTH:0.475398
G1 X124.359 Y138.176 E.00263
;WIDTH:0.4371
G1 X123.837 Y138.128 E.00732
;WIDTH:0.458798
G1 X123.052 Y137.988 E.01171
;WIDTH:0.460448
G1 X122.091 Y137.705 E.01477
;WIDTH:0.461508
G1 X121.171 Y137.307 E.01481
G1 X120.721 Y137.059 E.00759
;WIDTH:0.433446
G1 X119.943 Y136.539 E.01296
;WIDTH:0.461856
G1 X119.511 Y136.191 E.0082
G1 X119.132 Y135.839 E.00765
;WIDTH:0.433724
G1 X118.418 Y135.04 E.01485
;WIDTH:0.434748
G1 X117.815 Y134.154 E.01489
;WIDTH:0.436366
G1 X117.333 Y133.197 E.01494
;WIDTH:0.43857
G1 X116.979 Y132.186 E.01501
;WIDTH:0.44137
G1 X116.76 Y131.137 E.01512
G1 X116.704 Y130.577 E.00794
;WIDTH:0.477121
G1 X116.715 Y130.385 E.00294
;WIDTH:0.522861
G1 X116.726 Y130.192 E.00325
;WIDTH:0.5686
G1 X116.725 Y129.821 E.0068
;WIDTH:0.522596
G1 X116.713 Y129.642 E.00302
;WIDTH:0.476591
G1 X116.701 Y129.463 E.00274
;WIDTH:0.444878
G1 X116.743 Y128.961 E.00717
;WIDTH:0.45239
G1 X116.923 Y128.013 E.01397
;WIDTH:0.455468
G1 X117.227 Y127.058 E.01461
;WIDTH:0.457948
G1 X117.644 Y126.147 E.01469
;WIDTH:0.459842
G1 X118.17 Y125.293 E.01477
;WIDTH:0.461146
G1 X118.795 Y124.51 E.01479
;WIDTH:0.461856
G1 X119.511 Y123.809 E.01482
G1 X119.943 Y123.461 E.0082
;WIDTH:0.433448
G1 X120.721 Y122.941 E.01296
;WIDTH:0.461506
G1 X121.171 Y122.693 E.00759
G1 X121.678 Y122.459 E.00825
;WIDTH:0.434252
G1 X122.69 Y122.106 E.01487
;WIDTH:0.435632
G1 X123.739 Y121.888 E.01491
G1 X124.297 Y121.827 E.00781
;WIDTH:0.476624
G1 X124.49 Y121.84 E.00296
;WIDTH:0.518584
G1 X124.682 Y121.853 E.00321
;WIDTH:0.560544
G1 X124.875 Y121.867 E.0035
G1 X125.001 Y121.851 E.0023
;WIDTH:0.522696
G1 X125.127 Y121.836 E.00213
;WIDTH:0.484848
G1 X125.253 Y121.82 E.00198
;WIDTH:0.447
G1 X125.914 Y121.871 E.00948
;WIDTH:0.443286
G1 X126.93 Y122.067 E.01467
;WIDTH:0.447022
G1 X127.949 Y122.401 E.01533
;WIDTH:0.450954
G1 X128.877 Y122.847 E.01486
;WIDTH:0.45427
G1 X129.72 Y123.39 E.01458
;WIDTH:0.457
G1 X130.49 Y124.032 E.01467
;WIDTH:0.459134
G1 X131.175 Y124.763 E.01473
;WIDTH:0.463666
G1 X131.807 Y125.628 E.01591
;WIDTH:0.478578
G1 X131.889 Y125.738 E.00211
G1 X132.391 Y125.527 F9000
;WIDTH:0.439999
G1 F1164
G1 X132.653 Y125.623 E.00392
G1 X143.752 Y125.623 E.15609
G1 X143.752 Y130 E.06156
G1 X143.752 Y134.377 E.06156
G1 X132.653 Y134.377 E.15609
G1 X132.322 Y134.474 E.00485
G1 X132.157 Y134.628 E.00317
G1 X131.509 Y135.514 E.01544
G1 X130.786 Y136.283 E.01484
G1 X129.974 Y136.957 E.01484
G1 X129.087 Y137.528 E.01484
G1 X128.136 Y137.986 E.01484
G1 X127.137 Y138.324 E.01483
G1 X126.103 Y138.538 E.01485
G1 X125.052 Y138.624 E.01483
G1 X123.997 Y138.581 E.01485
G1 X122.956 Y138.41 E.01484
G1 X121.944 Y138.113 E.01483
G1 X120.975 Y137.694 E.01485
G1 X120.065 Y137.16 E.01484
G1 X119.226 Y136.519 E.01485
G1 X118.473 Y135.781 E.01483
G1 X117.815 Y134.956 E.01484
G1 X117.262 Y134.057 E.01484
G1 X116.824 Y133.097 E.01484
G1 X116.506 Y132.091 E.01484
G1 X116.314 Y131.053 E.01485
G1 X116.249 Y130 E.01484
G1 X116.314 Y128.947 E.01484
G1 X116.506 Y127.909 E.01485
G1 X116.824 Y126.903 E.01484
G1 X117.262 Y125.943 E.01484
G1 X117.815 Y125.044 E.01484
G1 X118.473 Y124.219 E.01484
G1 X119.226 Y123.481 E.01483
G1 X120.065 Y122.84 E.01485
G1 X120.975 Y122.306 E.01484
G1 X121.944 Y121.887 E.01485
G1 X122.956 Y121.59 E.01483
G1 X123.997 Y121.419 E.01484
G1 X125.052 Y121.376 E.01485
G1 X126.103 Y121.462 E.01483
G1 X127.137 Y121.676 E.01485
G1 X128.136 Y122.014 E.01483
G1 X129.087 Y122.472 E.01484
G1 X129.974 Y123.043 E.01484
G1 X130.786 Y123.717 E.01484
G1 X131.49 Y124.467 E.01447
G1 X132.257 Y125.478 E.01785
G1 X132.334 Y125.506 E.00115
G1 X132.572 Y125.169 F9000
;TYPE:External perimeter
;WIDTH:0.419999
G1 F1164
G1 X132.653 Y125.21 E.00122
G1 X144.165 Y125.21 E.15424
G1 X144.165 Y130 E.06418
G1 X144.165 Y134.79 E.06418
G1 X132.653 Y134.79 E.15424
G1 X132.49 Y134.872 E.00244
G1 X131.827 Y135.778 E.01504
G1 X131.069 Y136.584 E.01482
G1 X130.219 Y137.291 E.01481
G1 X129.289 Y137.889 E.01481
G1 X128.292 Y138.369 E.01483
G1 X127.245 Y138.723 E.01481
G1 X126.162 Y138.947 E.01482
G1 X125.06 Y139.038 E.01482
G1 X123.955 Y138.993 E.01482
G1 X122.864 Y138.813 E.01482
G1 X121.803 Y138.502 E.01481
G1 X120.788 Y138.063 E.01482
G1 X119.834 Y137.504 E.01481
G1 X118.956 Y136.832 E.01481
G1 X118.166 Y136.058 E.01482
G1 X117.476 Y135.194 E.01481
G1 X116.897 Y134.251 E.01483
G1 X116.438 Y133.245 E.01482
G1 X116.105 Y132.191 E.01481
G1 X115.903 Y131.104 E.01481
G1 X115.835 Y130 E.01482
G1 X115.903 Y128.896 E.01482
G1 X116.105 Y127.809 E.01481
G1 X116.438 Y126.755 E.01481
G1 X116.897 Y125.749 E.01482
G1 X117.476 Y124.806 E.01483
G1 X118.166 Y123.942 E.01481
G1 X118.956 Y123.168 E.01482
G1 X119.834 Y122.496 E.01481
G1 X120.788 Y121.937 E.01481
G1 X121.803 Y121.498 E.01482
G1 X122.864 Y121.187 E.01481
G1 X123.955 Y121.007 E.01482
G1 X125.06 Y120.962 E.01482
G1 X126.162 Y121.053 E.01482
G1 X127.245 Y121.277 E.01482
G1 X128.292 Y121.631 E.01481
G1 X129.289 Y122.111 E.01483
G1 X130.219 Y122.709 E.01481
G1 X131.069 Y123.416 E.01481
G1 X131.827 Y124.222 E.01482
G1 X132.49 Y125.128 E.01504
G1 X132.518 Y125.142 E.00042
G1 E-3.5 F3600
;WIPE_START
G1 F7200
G1 X132.572 Y125.169 E-.02868
G1 X132.653 Y125.21 E-.04312
G1 X135.66 Y125.21 E-1.4282
;WIPE_END
G1 X133.371 Y129.598 F9000
G1 E5 F2400
;TYPE:Internal infill
;WIDTH:0.44
G1 F1164
G1 X133.31 Y128.804 E.0112
G1 X133.125 Y127.875 E.01332
G1 X132.878 Y127.122 E.01114
G1 X133.629 Y126.371 E.01494
G1 X134.344 Y126.371 E.01006
G1 X141.602 Y133.629 E.14435
G1 X142.317 Y133.629 E.01006
G1 X143.004 Y132.942 E.01366
G1 X143.004 Y127.058 E.08275
G1 X142.317 Y126.371 E.01366
G1 X141.602 Y126.371 E.01006
G1 X134.344 Y133.629 E.14435
G1 X133.629 Y133.629 E.01006
G1 X132.88 Y132.88 E.0149
G1 X133.082 Y132.284 E.00885
G1 X133.31 Y131.196 E.01563
G1 X133.371 Y130.404 E.01117
;LAYER_CHANGE
;Z:1.08
;HEIGHT:0.08
;BEFORE_LAYER_CHANGE
G92 E0
;1.08


G1 E-3.5 F3600
;WIPE_START
G1 F7200
G1 X133.31 Y131.196 E-.37731
G1 X133.082 Y132.284 E-.52803
G1 X132.88 Y132.88 E-.29892
G1 X133.32 Y133.32 E-.29574
;WIPE_END
G1 Z1.08 F9000
;AFTER_LAYER_CHANGE
;1.08
G1 X132.615 Y130.368
G1 E5 F2400
;TYPE:Perimeter
;WIDTH:0.439999
G1 F1157
G1 X132.586 Y130.968 E.00845
G1 X132.392 Y131.973 E.01439
G1 X132.07 Y132.937 E.01429
G1 X131.625 Y133.851 E.0143
G1 X131.065 Y134.699 E.01429
G1 X130.399 Y135.467 E.0143
G1 X129.638 Y136.141 E.0143
G1 X128.796 Y136.71 E.01429
G1 X127.886 Y137.165 E.01431
G1 X126.925 Y137.496 E.01429
G1 X125.959 Y137.694 E.01387
G1 X125.089 Y137.769 E.01228
G1 X124.065 Y137.719 E.01442
G1 X122.825 Y137.496 E.01772
G1 X121.938 Y137.195 E.01317
G1 X120.954 Y136.71 E.01543
G1 X120.176 Y136.19 E.01316
G1 X119.408 Y135.524 E.0143
G1 X118.734 Y134.763 E.0143
G1 X118.165 Y133.921 E.01429
G1 X117.71 Y133.011 E.01431
G1 X117.379 Y132.05 E.01429
G1 X117.175 Y131.054 E.0143
G1 X117.106 Y130.214 E.01185
G1 X117.164 Y129.032 E.01664
G1 X117.344 Y128.097 E.01339
G1 X117.634 Y127.196 E.01331
G1 X118.032 Y126.338 E.0133
G1 X118.529 Y125.534 E.01329
G1 X118.734 Y125.237 E.00508
G1 X119.351 Y124.533 E.01316
G1 X120.176 Y123.81 E.01543
G1 X120.954 Y123.29 E.01316
G1 X121.864 Y122.835 E.01431
G1 X122.825 Y122.504 E.01429
G1 X123.821 Y122.3 E.0143
G1 X124.661 Y122.231 E.01185
G1 X125.843 Y122.289 E.01664
G1 X126.848 Y122.483 E.01439
G1 X127.812 Y122.805 E.01429
G1 X128.688 Y123.231 E.0137
G1 X129.481 Y123.748 E.01331
G1 X130.205 Y124.356 E.0133
G1 X131.065 Y125.301 E.01797
G1 X131.585 Y126.079 E.01316
G1 X131.935 Y126.777 E.01098
G1 X132.07 Y127.063 E.00445
G1 X132.371 Y127.95 E.01317
G1 X132.575 Y128.946 E.0143
G1 X132.644 Y129.786 E.01185
G1 X132.618 Y130.308 E.00735
G1 X132.208 Y130.289 F9000
;TYPE:External perimeter
;WIDTH:0.419999
G1 F1157
G1 X132.173 Y130.945 E.0088
G1 X131.987 Y131.892 E.01293
G1 X131.679 Y132.804 E.0129
G1 X131.255 Y133.668 E.01289
G1 X130.722 Y134.47 E.0129
G1 X130.088 Y135.195 E.0129
G1 X129.366 Y135.831 E.01289
G1 X128.566 Y136.367 E.0129
G1 X127.704 Y136.794 E.01289
G1 X126.793 Y137.105 E.0129
G1 X125.878 Y137.289 E.0125
G1 X125.057 Y137.357 E.01104
G1 X124.087 Y137.307 E.01301
G1 X123.217 Y137.159 E.01182
G1 X122.363 Y136.904 E.01194
G1 X122.046 Y136.794 E.0045
G1 X121.207 Y136.38 E.01254
G1 X120.384 Y135.831 E.01325
G1 X119.68 Y135.213 E.01255
G1 X119.044 Y134.491 E.01289
G1 X118.508 Y133.691 E.0129
G1 X118.081 Y132.829 E.01289
G1 X117.77 Y131.918 E.0129
G1 X117.58 Y130.974 E.0129
G1 X117.518 Y130.182 E.01064
G1 X117.577 Y129.055 E.01512
G1 X117.749 Y128.178 E.01197
G1 X118.025 Y127.329 E.01196
G1 X118.402 Y126.52 E.01196
G1 X119.044 Y125.509 E.01605
G1 X119.662 Y124.805 E.01255
G1 X120.405 Y124.153 E.01324
G1 X121.184 Y123.633 E.01255
G1 X122.046 Y123.206 E.01289
G1 X122.957 Y122.895 E.0129
G1 X123.901 Y122.705 E.0129
G1 X124.693 Y122.643 E.01064
G1 X125.82 Y122.702 E.01512
G1 X126.767 Y122.888 E.01293
G1 X127.679 Y123.196 E.0129
G1 X128.505 Y123.601 E.01233
G1 X129.251 Y124.091 E.01196
G1 X129.933 Y124.667 E.01196
G1 X130.722 Y125.53 E.01567
G1 X131.242 Y126.309 E.01255
G1 X131.565 Y126.96 E.00974
G1 X131.679 Y127.196 E.00351
G1 X131.98 Y128.082 E.01254
G1 X132.17 Y129.026 E.0129
G1 X132.232 Y129.818 E.01064
G1 X132.211 Y130.229 E.00551
G1 X133.042 Y130.268 F9000
;TYPE:Perimeter
;WIDTH:0.439999
G1 F1157
G1 X133.066 Y129.753 E.00725
G1 X132.989 Y128.863 E.01256
G1 X132.772 Y127.814 E.01506
G1 X132.471 Y126.927 E.01317
G1 X132.314 Y126.59 E.00523
;WIDTH:0.478578
G1 X131.889 Y125.738 E.01461
G1 X132.09 Y125.888 E.00385
;WIDTH:0.453462
G1 X132.653 Y126.046 E.00849
;WIDTH:0.439999
G1 X143.329 Y126.046 E.15014
G1 X143.329 Y130 E.05561
G1 X143.329 Y133.954 E.05561
G1 X132.653 Y133.954 E.15014
;WIDTH:0.481343
G1 X132.083 Y134.1 E.00908
;WIDTH:0.504832
G1 X131.964 Y134.173 E.00226
G1 X132.023 Y134.047 E.00226
;WIDTH:0.481343
G1 X132.471 Y133.073 E.01655
;WIDTH:0.439999
G1 X132.807 Y132.055 E.01508
G1 X133.008 Y130.99 E.01524
G1 X133.039 Y130.328 E.00932
G1 E-3.5 F3600
;WIPE_START
G1 F7200
G1 X133.042 Y130.268 E-.02854
G1 X133.066 Y129.753 E-.24489
G1 X132.989 Y128.863 E-.42433
G1 X132.772 Y127.814 E-.50882
G1 X132.573 Y127.229 E-.29342
;WIPE_END
G1 X131.964 Y134.173 F9000
G1 E5 F2400
;WIDTH:0.504832
G1 F1157
G1 X131.689 Y134.553 E.00761
;WIDTH:0.46945
G1 X131.414 Y134.932 E.00704
;WIDTH:0.435336
G1 X130.715 Y135.744 E.0149
;WIDTH:0.437194
G1 X129.916 Y136.458 E.01497
;WIDTH:0.439642
G1 X129.03 Y137.062 E.01507
;WIDTH:0.442682
G1 X128.074 Y137.545 E.01516
;WIDTH:0.44631
G1 X127.062 Y137.9 E.01531
;WIDTH:0.4503
G1 X126.042 Y138.114 E.01501
G1 X125.122 Y138.192 E.0133
;WIDTH:0.45848
G1 X124.041 Y138.151 E.01588
;WIDTH:0.458798
G1 X123.052 Y137.988 E.01472
;WIDTH:0.460448
G1 X122.091 Y137.705 E.01477
;WIDTH:0.461508
G1 X121.171 Y137.307 E.01481
G1 X120.721 Y137.059 E.00759
;WIDTH:0.433446
G1 X119.943 Y136.539 E.01296
;WIDTH:0.461854
G1 X119.511 Y136.191 E.0082
G1 X119.132 Y135.839 E.00765
;WIDTH:0.433724
G1 X118.418 Y135.04 E.01485
;WIDTH:0.434748
G1 X117.815 Y134.154 E.01489
;WIDTH:0.436366
G1 X117.333 Y133.197 E.01494
;WIDTH:0.43857
G1 X116.979 Y132.186 E.01501
;WIDTH:0.441368
G1 X116.76 Y131.137 E.01512
G1 X116.686 Y130.247 E.0126
;WIDTH:0.448768
G1 X116.738 Y129.009 E.01779
;WIDTH:0.45239
G1 X116.923 Y128.013 E.01466
;WIDTH:0.455468
G1 X117.227 Y127.058 E.01461
;WIDTH:0.457948
G1 X117.644 Y126.147 E.01469
;WIDTH:0.459842
G1 X118.17 Y125.293 E.01477
;WIDTH:0.461144
G1 X118.795 Y124.51 E.01479
;WIDTH:0.461856
G1 X119.511 Y123.809 E.01482
G1 X119.943 Y123.461 E.0082
;WIDTH:0.433448
G1 X120.721 Y122.941 E.01296
;WIDTH:0.461506
G1 X121.171 Y122.693 E.00759
G1 X121.678 Y122.459 E.00825
;WIDTH:0.434252
G1 X122.69 Y122.106 E.01487
;WIDTH:0.435628
G1 X123.739 Y121.888 E.01491
G1 X124.628 Y121.813 E.01242
;WIDTH:0.440428
G1 X125.865 Y121.867 E.01743
;WIDTH:0.443288
G1 X126.93 Y122.067 E.01536
;WIDTH:0.447022
G1 X127.949 Y122.401 E.01533
;WIDTH:0.450954
G1 X128.877 Y122.847 E.01486
;WIDTH:0.45427
G1 X129.72 Y123.39 E.01458
;WIDTH:0.457
G1 X130.49 Y124.032 E.01467
;WIDTH:0.459134
G1 X131.175 Y124.763 E.01473
;WIDTH:0.463666
G1 X131.807 Y125.628 E.01591
;WIDTH:0.478578
G1 X131.889 Y125.738 E.00211
G1 X132.391 Y125.527 F9000
;WIDTH:0.439999
G1 F1157
G1 X132.653 Y125.623 E.00392
G1 X143.752 Y125.623 E.15609
G1 X143.752 Y130 E.06156
G1 X143.752 Y134.377 E.06156
G1 X132.653 Y134.377 E.15609
G1 X132.322 Y134.474 E.00485
G1 X132.157 Y134.628 E.00317
G1 X131.509 Y135.514 E.01544
G1 X130.786 Y136.283 E.01484
G1 X129.974 Y136.957 E.01484
G1 X129.087 Y137.528 E.01484
G1 X128.136 Y137.986 E.01484
G1 X127.137 Y138.324 E.01483
G1 X126.103 Y138.538 E.01485
G1 X125.052 Y138.624 E.01483
G1 X123.997 Y138.581 E.01485
G1 X122.956 Y138.41 E.01484
G1 X121.944 Y138.113 E.01483
G1 X120.975 Y137.694 E.01485
G1 X120.065 Y137.16 E.01484
G1 X119.226 Y136.519 E.01485
G1 X118.473 Y135.781 E.01483
G1 X117.815 Y134.956 E.01484
G1 X117.262 Y134.057 E.01484
G1 X116.824 Y133.097 E.01484
G1 X116.506 Y132.091 E.01484
G1 X116.314 Y131.053 E.01485
G1 X116.249 Y130 E.01484
G1 X116.314 Y128.947 E.01484
G1 X116.506 Y127.909 E.01485
G1 X116.824 Y126.903 E.01484
G1 X117.262 Y125.943 E.01484
G1 X117.815 Y125.044 E.01484
G1 X118.473 Y124.219 E.01484
G1 X119.226 Y123.481 E.01483
G1 X120.065 Y122.84 E.01485
G1 X120.975 Y122.306 E.01484
G1 X121.944 Y121.887 E.01485
G1 X122.956 Y121.59 E.01483
G1 X123.997 Y121.419 E.01484
G1 X125.052 Y121.376 E.01485
G1 X126.103 Y121.462 E.01483
G1 X127.137 Y121.676 E.01485
G1 X128.136 Y122.014 E.01483
G1 X129.087 Y122.472 E.01484
G1 X129.974 Y123.043 E.01484
G1 X130.786 Y123.717 E.01484
G1 X131.49 Y124.467 E.01447
G1 X132.257 Y125.478 E.01785
G1 X132.334 Y125.506 E.00115
G1 X132.572 Y125.169 F9000
;TYPE:External perimeter
;WIDTH:0.419999
G1 F1157
G1 X132.653 Y125.21 E.00122
G1 X144.165 Y125.21 E.15424
G1 X144.165 Y130 E.06418
G1 X144.165 Y134.79 E.06418
G1 X132.653 Y134.79 E.15424
G1 X132.49 Y134.872 E.00244
G1 X131.827 Y135.778 E.01504
G1 X131.069 Y136.584 E.01482
G1 X130.219 Y137.291 E.01481
G1 X129.289 Y137.889 E.01481
G1 X128.292 Y138.369 E.01483
G1 X127.245 Y138.723 E.01481
G1 X126.162 Y138.947 E.01482
G1 X125.06 Y139.038 E.01482
G1 X123.955 Y138.993 E.01482
G1 X122.864 Y138.813 E.01482
G1 X121.803 Y138.502 E.01481
G1 X120.788 Y138.063 E.01482
G1 X119.834 Y137.504 E.01481
G1 X118.956 Y136.832 E.01481
G1 X118.166 Y136.058 E.01482
G1 X117.476 Y135.194 E.01481
G1 X116.897 Y134.251 E.01483
G1 X116.438 Y133.245 E.01482
G1 X116.105 Y132.191 E.01481
G1 X115.903 Y131.104 E.01481
G1 X115.835 Y130 E.01482
G1 X115.903 Y128.896 E.01482
G1 X116.105 Y127.809 E.01481
G1 X116.438 Y126.755 E.01481
G1 X116.897 Y125.749 E.01482
G1 X117.476 Y124.806 E.01483
G1 X118.166 Y123.942 E.01481
G1 X118.956 Y123.168 E.01482
G1 X119.834 Y122.496 E.01481
G1 X120.788 Y121.937 E.01481
G1 X121.803 Y121.498 E.01482
G1 X122.864 Y121.187 E.01481
G1 X123.955 Y121.007 E.01482
G1 X125.06 Y120.962 E.01482
G1 X126.162 Y121.053 E.01482
G1 X127.245 Y121.277 E.01482
G1 X128.292 Y121.631 E.01481
G1 X129.289 Y122.111 E.01483
G1 X130.219 Y122.709 E.01481
G1 X131.069 Y123.416 E.01481
G1 X131.827 Y124.222 E.01482
G1 X132.49 Y125.128 E.01504
G1 X132.518 Y125.142 E.00042
G1 E-3.5 F3600
;WIPE_START
G1 F7200
G1 X132.572 Y125.169 E-.02868
G1 X132.653 Y125.21 E-.04312
G1 X135.66 Y125.21 E-1.4282
;WIPE_END
G1 X143.004 Y129.595 F9000
G1 E5 F2400
;TYPE:Internal infill
;WIDTH:0.44
G1 F1157
G1 X143.004 Y127.058 E.03568
G1 X142.317 Y126.371 E.01366
G1 X141.602 Y126.371 E.01006
G1 X134.344 Y133.629 E.14435
G1 X133.629 Y133.629 E.01006
G1 X132.878 Y132.878 E.01494
G1 X133.125 Y132.125 E.01114
G1 X133.333 Y131.015 E.01588
G1 X133.394 Y129.874 E.01607
G1 X133.331 Y128.955 E.01295
G1 X133.125 Y127.875 E.01546
G1 X132.878 Y127.122 E.01114
G1 X133.629 Y126.371 E.01494
G1 X134.344 Y126.371 E.01006
G1 X141.602 Y133.629 E.14435
G1 X142.317 Y133.629 E.01006
G1 X143.004 Y132.942 E.01366
G1 X143.004 Y130.405 E.03568
;LAYER_CHANGE
;Z:1.16
;HEIGHT:0.0799999
;BEFORE_LAYER_CHANGE
G92 E0
;1.16


G1 E-3.5 F3600
;WIPE_START
G1 F7200
G1 X143.004 Y132.942 E-1.20508
G1 X142.565 Y133.381 E-.29492
;WIPE_END
G1 Z1.16 F9000
;AFTER_LAYER_CHANGE
;1.16
G1 X132.624 Y130.195
G1 E5 F2400
;TYPE:Perimeter
;WIDTH:0.439999
G1 F1226
G1 X132.586 Y130.968 E.01088
G1 X132.392 Y131.973 E.01439
G1 X132.07 Y132.937 E.01429
G1 X131.625 Y133.851 E.0143
G1 X131.065 Y134.699 E.01429
G1 X130.399 Y135.467 E.0143
G1 X129.638 Y136.141 E.0143
G1 X128.796 Y136.71 E.01429
G1 X127.886 Y137.165 E.01431
G1 X126.925 Y137.496 E.01429
G1 X125.959 Y137.694 E.01387
G1 X125.089 Y137.769 E.01228
G1 X124.065 Y137.719 E.01442
G1 X122.825 Y137.496 E.01772
G1 X121.938 Y137.195 E.01317
G1 X120.954 Y136.71 E.01543
G1 X120.176 Y136.19 E.01316
G1 X119.408 Y135.524 E.0143
G1 X118.734 Y134.763 E.0143
G1 X118.165 Y133.921 E.01429
G1 X117.71 Y133.011 E.01431
G1 X117.379 Y132.05 E.01429
G1 X117.175 Y131.054 E.0143
G1 X117.106 Y130.214 E.01185
G1 X117.164 Y129.032 E.01664
G1 X117.344 Y128.097 E.01339
G1 X117.634 Y127.196 E.01331
G1 X118.032 Y126.338 E.0133
G1 X118.529 Y125.534 E.01329
G1 X118.734 Y125.237 E.00508
G1 X119.351 Y124.533 E.01316
G1 X120.176 Y123.81 E.01543
G1 X120.954 Y123.29 E.01316
G1 X121.864 Y122.835 E.01431
G1 X122.825 Y122.504 E.01429
G1 X123.821 Y122.3 E.0143
G1 X124.661 Y122.231 E.01185
G1 X125.843 Y122.289 E.01664
G1 X126.848 Y122.483 E.01439
G1 X127.812 Y122.805 E.01429
G1 X128.688 Y123.231 E.0137
G1 X129.481 Y123.748 E.01331
G1 X130.205 Y124.356 E.0133
G1 X131.065 Y125.301 E.01797
G1 X131.585 Y126.079 E.01316
G1 X131.935 Y126.777 E.01098
G1 X132.07 Y127.063 E.00445
G1 X132.371 Y127.95 E.01317
G1 X132.575 Y128.946 E.0143
G1 X132.644 Y129.786 E.01185
G1 X132.627 Y130.135 E.00491
G1 X132.216 Y130.135 F9000
;TYPE:External perimeter
;WIDTH:0.419999
G1 F1226
G1 X132.173 Y130.945 E.01087
G1 X131.987 Y131.892 E.01293
G1 X131.679 Y132.804 E.0129
G1 X131.255 Y133.668 E.01289
G1 X130.722 Y134.47 E.0129
G1 X130.088 Y135.195 E.0129
G1 X129.366 Y135.831 E.01289
G1 X128.566 Y136.367 E.0129
G1 X127.704 Y136.794 E.01289
G1 X126.793 Y137.105 E.0129
G1 X125.878 Y137.289 E.0125
G1 X125.057 Y137.357 E.01104
G1 X124.087 Y137.307 E.01301
G1 X123.217 Y137.159 E.01182
G1 X122.363 Y136.904 E.01194
G1 X122.046 Y136.794 E.0045
G1 X121.207 Y136.38 E.01254
G1 X120.384 Y135.831 E.01325
G1 X119.68 Y135.213 E.01255
G1 X119.044 Y134.491 E.01289
G1 X118.508 Y133.691 E.0129
G1 X118.081 Y132.829 E.01289
G1 X117.77 Y131.918 E.0129
G1 X117.58 Y130.974 E.0129
G1 X117.518 Y130.182 E.01064
G1 X117.577 Y129.055 E.01512
G1 X117.749 Y128.178 E.01197
G1 X118.025 Y127.329 E.01196
G1 X118.402 Y126.52 E.01196
G1 X119.044 Y125.509 E.01605
G1 X119.662 Y124.805 E.01255
G1 X120.405 Y124.153 E.01324
G1 X121.184 Y123.633 E.01255
G1 X122.046 Y123.206 E.01289
G1 X122.957 Y122.895 E.0129
G1 X123.901 Y122.705 E.0129
G1 X124.693 Y122.643 E.01064
G1 X125.82 Y122.702 E.01512
G1 X126.767 Y122.888 E.01293
G1 X127.679 Y123.196 E.0129
G1 X128.505 Y123.601 E.01233
G1 X129.251 Y124.091 E.01196
G1 X129.933 Y124.667 E.01196
G1 X130.722 Y125.53 E.01567
G1 X131.242 Y126.309 E.01255
G1 X131.565 Y126.96 E.00974
G1 X131.679 Y127.196 E.00351
G1 X131.98 Y128.082 E.01254
G1 X132.17 Y129.026 E.0129
G1 X132.232 Y129.818 E.01064
G1 X132.219 Y130.075 E.00345
G1 X133.051 Y130.075 F9000
;TYPE:Perimeter
;WIDTH:0.439999
G1 F1226
G1 X133.066 Y129.753 E.00453
G1 X132.989 Y128.863 E.01256
G1 X132.772 Y127.814 E.01506
G1 X132.471 Y126.927 E.01317
G1 X132.314 Y126.59 E.00523
;WIDTH:0.478578
G1 X131.889 Y125.738 E.01461
G1 X132.09 Y125.888 E.00385
;WIDTH:0.453462
G1 X132.653 Y126.046 E.00849
;WIDTH:0.439999
G1 X143.329 Y126.046 E.15014
G1 X143.329 Y130 E.05561
G1 X143.329 Y133.954 E.05561
G1 X132.653 Y133.954 E.15014
;WIDTH:0.481342
G1 X132.083 Y134.1 E.00908
;WIDTH:0.50483
G1 X131.964 Y134.173 E.00226
G1 X132.023 Y134.047 E.00226
;WIDTH:0.481342
G1 X132.471 Y133.073 E.01655
;WIDTH:0.439999
G1 X132.807 Y132.055 E.01508
G1 X133.008 Y130.99 E.01524
G1 X133.048 Y130.135 E.01204
G1 E-3.5 F3600
;WIPE_START
G1 F7200
G1 X133.051 Y130.075 E-.02854
G1 X133.066 Y129.753 E-.15312
G1 X132.989 Y128.863 E-.42433
G1 X132.772 Y127.814 E-.50882
G1 X132.511 Y127.046 E-.38519
;WIPE_END
G1 X131.964 Y134.173 F9000
G1 E5 F2400
;WIDTH:0.50483
G1 F1226
G1 X131.689 Y134.553 E.00761
;WIDTH:0.46945
G1 X131.414 Y134.932 E.00704
;WIDTH:0.435336
G1 X130.715 Y135.744 E.0149
;WIDTH:0.437196
G1 X129.916 Y136.458 E.01497
;WIDTH:0.439642
G1 X129.03 Y137.062 E.01507
;WIDTH:0.442682
G1 X128.074 Y137.545 E.01516
;WIDTH:0.44631
G1 X127.062 Y137.9 E.01531
;WIDTH:0.4503
G1 X126.042 Y138.114 E.01501
G1 X125.122 Y138.192 E.0133
;WIDTH:0.458478
G1 X124.041 Y138.151 E.01588
;WIDTH:0.4588
G1 X123.052 Y137.988 E.01472
;WIDTH:0.460448
G1 X122.091 Y137.705 E.01477
;WIDTH:0.461508
G1 X121.171 Y137.307 E.01481
G1 X120.721 Y137.059 E.00759
;WIDTH:0.433446
G1 X119.943 Y136.539 E.01296
;WIDTH:0.461856
G1 X119.511 Y136.191 E.0082
G1 X119.132 Y135.839 E.00765
;WIDTH:0.433726
G1 X118.418 Y135.04 E.01485
;WIDTH:0.434748
G1 X117.815 Y134.154 E.01489
;WIDTH:0.436366
G1 X117.333 Y133.197 E.01494
;WIDTH:0.43857
G1 X116.979 Y132.186 E.01501
;WIDTH:0.441368
G1 X116.76 Y131.137 E.01512
G1 X116.686 Y130.247 E.0126
;WIDTH:0.448768
G1 X116.738 Y129.009 E.01779
;WIDTH:0.45239
G1 X116.923 Y128.013 E.01466
;WIDTH:0.455468
G1 X117.227 Y127.058 E.01461
;WIDTH:0.457948
G1 X117.644 Y126.147 E.01469
;WIDTH:0.459842
G1 X118.17 Y125.293 E.01477
;WIDTH:0.461146
G1 X118.795 Y124.51 E.01479
;WIDTH:0.461856
G1 X119.511 Y123.809 E.01482
G1 X119.943 Y123.461 E.0082
;WIDTH:0.433448
G1 X120.721 Y122.941 E.01296
;WIDTH:0.461508
G1 X121.171 Y122.693 E.00759
G1 X121.678 Y122.459 E.00825
;WIDTH:0.434252
G1 X122.69 Y122.106 E.01487
;WIDTH:0.43563
G1 X123.739 Y121.888 E.01491
G1 X124.628 Y121.813 E.01242
;WIDTH:0.44043
G1 X125.865 Y121.867 E.01743
;WIDTH:0.443288
G1 X126.93 Y122.067 E.01536
;WIDTH:0.447022
G1 X127.949 Y122.401 E.01533
;WIDTH:0.450952
G1 X128.877 Y122.847 E.01485
;WIDTH:0.454272
G1 X129.72 Y123.39 E.01458
;WIDTH:0.457
G1 X130.49 Y124.032 E.01467
;WIDTH:0.459134
G1 X131.175 Y124.763 E.01473
;WIDTH:0.463666
G1 X131.807 Y125.628 E.01591
;WIDTH:0.478578
G1 X131.889 Y125.738 E.00211
G1 X132.391 Y125.527 F9000
;WIDTH:0.439999
G1 F1226
G1 X132.653 Y125.623 E.00392
G1 X143.752 Y125.623 E.15609
G1 X143.752 Y130 E.06156
G1 X143.752 Y134.377 E.06156
G1 X132.653 Y134.377 E.15609
G1 X132.322 Y134.474 E.00485
G1 X132.157 Y134.628 E.00317
G1 X131.509 Y135.514 E.01544
G1 X130.786 Y136.283 E.01484
G1 X129.974 Y136.957 E.01484
G1 X129.087 Y137.528 E.01484
G1 X128.136 Y137.986 E.01484
G1 X127.137 Y138.324 E.01483
G1 X126.103 Y138.538 E.01485
G1 X125.052 Y138.624 E.01483
G1 X123.997 Y138.581 E.01485
G1 X122.956 Y138.41 E.01484
G1 X121.944 Y138.113 E.01483
G1 X120.975 Y137.694 E.01485
G1 X120.065 Y137.16 E.01484
G1 X119.226 Y136.519 E.01485
G1 X118.473 Y135.781 E.01483
G1 X117.815 Y134.956 E.01484
G1 X117.262 Y134.057 E.01484
G1 X116.824 Y133.097 E.01484
G1 X116.506 Y132.091 E.01484
G1 X116.314 Y131.053 E.01485
G1 X116.249 Y130 E.01484
G1 X116.314 Y128.947 E.01484
G1 X116.506 Y127.909 E.01485
G1 X116.824 Y126.903 E.01484
G1 X117.262 Y125.943 E.01484
G1 X117.815 Y125.044 E.01484
G1 X118.473 Y124.219 E.01484
G1 X119.226 Y123.481 E.01483
G1 X120.065 Y122.84 E.01485
G1 X120.975 Y122.306 E.01484
G1 X121.944 Y121.887 E.01485
G1 X122.956 Y121.59 E.01483
G1 X123.997 Y121.419 E.01484
G1 X125.052 Y121.376 E.01485
G1 X126.103 Y121.462 E.01483
G1 X127.137 Y121.676 E.01485
G1 X128.136 Y122.014 E.01483
G1 X129.087 Y122.472 E.01484
G1 X129.974 Y123.043 E.01484
G1 X130.786 Y123.717 E.01484
G1 X131.49 Y124.467 E.01447
G1 X132.257 Y125.478 E.01785
G1 X132.334 Y125.506 E.00115
G1 X132.572 Y125.169 F9000
;TYPE:External perimeter
;WIDTH:0.419999
G1 F1226
G1 X132.653 Y125.21 E.00122
G1 X144.165 Y125.21 E.15424
G1 X144.165 Y130 E.06418
G1 X144.165 Y134.79 E.06418
G1 X132.653 Y134.79 E.15424
G1 X132.49 Y134.872 E.00244
G1 X131.827 Y135.778 E.01504
G1 X131.069 Y136.584 E.01482
G1 X130.219 Y137.291 E.01481
G1 X129.289 Y137.889 E.01481
G1 X128.292 Y138.369 E.01483
G1 X127.245 Y138.723 E.01481
G1 X126.162 Y138.947 E.01482
G1 X125.06 Y139.038 E.01482
G1 X123.955 Y138.993 E.01482
G1 X122.864 Y138.813 E.01482
G1 X121.803 Y138.502 E.01481
G1 X120.788 Y138.063 E.01482
G1 X119.834 Y137.504 E.01481
G1 X118.956 Y136.832 E.01481
G1 X118.166 Y136.058 E.01482
G1 X117.476 Y135.194 E.01481
G1 X116.897 Y134.251 E.01483
G1 X116.438 Y133.245 E.01482
G1 X116.105 Y132.191 E.01481
G1 X115.903 Y131.104 E.01481
G1 X115.835 Y130 E.01482
G1 X115.903 Y128.896 E.01482
G1 X116.105 Y127.809 E.01481
G1 X116.438 Y126.755 E.01481
G1 X116.897 Y125.749 E.01482
G1 X117.476 Y124.806 E.01483
G1 X118.166 Y123.942 E.01481
G1 X118.956 Y123.168 E.01482
G1 X119.834 Y122.496 E.01481
G1 X120.788 Y121.937 E.01481
G1 X121.803 Y121.498 E.01482
G1 X122.864 Y121.187 E.01481
G1 X123.955 Y121.007 E.01482
G1 X125.06 Y120.962 E.01482
G1 X126.162 Y121.053 E.01482
G1 X127.245 Y121.277 E.01482
G1 X128.292 Y121.631 E.01481
G1 X129.289 Y122.111 E.01483
G1 X130.219 Y122.709 E.01481
G1 X131.069 Y123.416 E.01481
G1 X131.827 Y124.222 E.01482
G1 X132.49 Y125.128 E.01504
G1 X132.518 Y125.142 E.00042
G1 E-3.5 F3600
;WIPE_START
G1 F7200
G1 X132.572 Y125.169 E-.02868
G1 X132.653 Y125.21 E-.04312
G1 X135.66 Y125.21 E-1.4282
;WIPE_END
G1 X137.354 Y126.371 F9000
G1 E5 F2400
;TYPE:Solid infill
;WIDTH:0.44003
G1 F1226
G1 X142.564 Y126.371 E.07328
G1 X142.721 Y126.477 E.00266
;WIDTH:0.398598
G1 X142.879 Y126.583 E.00241
G1 X142.941 Y126.711 E.0018
;WIDTH:0.440028
G1 X143.004 Y126.839 E.00201
G1 X143.004 Y128.283 E.02031
G1 E-3.5 F3600
;WIPE_START
G1 F7200
G1 X143.004 Y126.839 E-.6859
G1 X142.941 Y126.711 E-.06777
G1 X142.879 Y126.583 E-.06756
G1 X142.721 Y126.477 E-.09037
G1 X142.564 Y126.371 E-.08998
G1 X141.515 Y126.371 E-.49842
;WIPE_END
G1 X143.004 Y130.405 F9000
G1 E5 F2400
;TYPE:Internal infill
;WIDTH:0.44
G1 F1226
G1 X143.004 Y132.942 E.03568
G1 X142.317 Y133.629 E.01366
G1 X141.602 Y133.629 E.01006
G1 X134.344 Y126.371 E.14435
G1 X133.629 Y126.371 E.01006
G1 X132.878 Y127.122 E.01494
G1 X133.125 Y127.875 E.01114
G1 X133.331 Y128.955 E.01546
G1 X133.394 Y129.874 E.01295
G1 X133.333 Y131.015 E.01607
G1 X133.125 Y132.125 E.01588
G1 X132.878 Y132.878 E.01114
G1 X132.924 Y132.924 E.00091
G1 X132.989 Y132.861 E.00127
G1 X133.271 Y133.037 E.00467
G1 X133.215 Y133.206 E.0025
G1 X134.767 Y133.206 E.02183
G1 X141.179 Y126.794 E.12753
G1 X138.642 Y126.794 E.03568
G1 E-3.5 F3600
;WIPE_START
G1 F7200
G1 X141.179 Y126.794 E-1.20508
G1 X140.74 Y127.233 E-.29492
;WIPE_END
G1 X133.161 Y133.629 F9000
G1 E5 F2400
;TYPE:Solid infill
;WIDTH:0.44003
G1 F1226
G1 X139.562 Y133.629 E.09003
;LAYER_CHANGE
;Z:1.24
;HEIGHT:0.08
;BEFORE_LAYER_CHANGE
G92 E0
;1.24


G1 E-3.5 F3600
;WIPE_START
G1 F7200
G1 X136.404 Y133.629 E-1.5
;WIPE_END
G1 Z1.24 F9000
;AFTER_LAYER_CHANGE
;1.24
G1 X132.367 Y132.049
G1 E5 F2400
;TYPE:Perimeter
;WIDTH:0.439999
G1 F1553
G1 X132.07 Y132.937 E.01317
G1 X131.625 Y133.851 E.0143
G1 X131.065 Y134.699 E.01429
G1 X130.399 Y135.467 E.0143
G1 X129.638 Y136.141 E.0143
G1 X128.796 Y136.71 E.01429
G1 X127.886 Y137.165 E.01431
G1 X126.925 Y137.496 E.01429
G1 X125.959 Y137.694 E.01387
G1 X125.089 Y137.769 E.01228
G1 X124.065 Y137.719 E.01442
G1 X122.825 Y137.496 E.01772
G1 X121.938 Y137.195 E.01317
G1 X120.954 Y136.71 E.01543
G1 X120.176 Y136.19 E.01316
G1 X119.408 Y135.524 E.0143
G1 X118.734 Y134.763 E.0143
G1 X118.165 Y133.921 E.01429
G1 X117.71 Y133.011 E.01431
G1 X117.379 Y132.05 E.01429
G1 X117.175 Y131.054 E.0143
G1 X117.106 Y130.214 E.01185
G1 X117.164 Y129.032 E.01664
G1 X117.344 Y128.097 E.01339
G1 X117.634 Y127.196 E.01331
G1 X118.032 Y126.338 E.0133
G1 X118.529 Y125.534 E.01329
G1 X118.734 Y125.237 E.00508
G1 X119.351 Y124.533 E.01316
G1 X120.176 Y123.81 E.01543
G1 X120.954 Y123.29 E.01316
G1 X121.864 Y122.835 E.01431
G1 X122.825 Y122.504 E.01429
G1 X123.821 Y122.3 E.0143
G1 X124.661 Y122.231 E.01185
G1 X125.843 Y122.289 E.01664
G1 X126.848 Y122.483 E.01439
G1 X127.812 Y122.805 E.01429
G1 X128.688 Y123.231 E.0137
G1 X129.481 Y123.748 E.01331
G1 X130.205 Y124.356 E.0133
G1 X131.065 Y125.301 E.01797
G1 X131.585 Y126.079 E.01316
G1 X131.935 Y126.777 E.01098
G1 X132.07 Y127.063 E.00445
G1 X132.371 Y127.95 E.01317
G1 X132.575 Y128.946 E.0143
G1 X132.644 Y129.786 E.01185
G1 X132.586 Y130.968 E.01664
G1 X132.392 Y131.973 E.01439
G1 X132.386 Y131.992 E.00028
G1 X131.979 Y131.918 F9000
;TYPE:External perimeter
;WIDTH:0.419999
G1 F1500
G1 X131.679 Y132.804 E.01253
G1 X131.255 Y133.668 E.01289
G1 X130.722 Y134.47 E.0129
G1 X130.088 Y135.195 E.0129
G1 X129.366 Y135.831 E.01289
G1 X128.566 Y136.367 E.0129
G1 X127.704 Y136.794 E.01289
G1 X126.793 Y137.105 E.0129
G1 X125.878 Y137.289 E.0125
G1 X125.057 Y137.357 E.01104
G1 X124.087 Y137.307 E.01301
G1 X123.217 Y137.159 E.01182
G1 X122.363 Y136.904 E.01194
G1 X122.046 Y136.794 E.0045
G1 X121.207 Y136.38 E.01254
G1 X120.384 Y135.831 E.01325
G1 X119.68 Y135.213 E.01255
G1 X119.044 Y134.491 E.01289
G1 X118.508 Y133.691 E.0129
G1 X118.081 Y132.829 E.01289
G1 X117.77 Y131.918 E.0129
G1 X117.58 Y130.974 E.0129
G1 X117.518 Y130.182 E.01064
G1 X117.577 Y129.055 E.01512
G1 X117.749 Y128.178 E.01197
G1 X118.025 Y127.329 E.01196
G1 X118.402 Y126.52 E.01196
G1 X119.044 Y125.509 E.01605
G1 X119.662 Y124.805 E.01255
G1 X120.405 Y124.153 E.01324
G1 X121.184 Y123.633 E.01255
G1 X122.046 Y123.206 E.01289
G1 X122.957 Y122.895 E.0129
G1 X123.901 Y122.705 E.0129
G1 X124.693 Y122.643 E.01064
G1 X125.82 Y122.702 E.01512
G1 X126.767 Y122.888 E.01293
G1 X127.679 Y123.196 E.0129
G1 X128.505 Y123.601 E.01233
G1 X129.251 Y124.091 E.01196
G1 X129.933 Y124.667 E.01196
G1 X130.722 Y125.53 E.01567
G1 X131.242 Y126.309 E.01255
G1 X131.565 Y126.96 E.00974
G1 X131.679 Y127.196 E.00351
G1 X131.98 Y128.082 E.01254
G1 X132.17 Y129.026 E.0129
G1 X132.232 Y129.818 E.01064
G1 X132.173 Y130.945 E.01512
G1 X131.994 Y131.86 E.01249
G1 X132.813 Y132.022 F9000
;TYPE:Perimeter
;WIDTH:0.439999
G1 F1500
G1 X133.008 Y130.99 E.01477
G1 X133.066 Y129.753 E.01742
G1 X132.989 Y128.863 E.01256
G1 X132.772 Y127.814 E.01506
G1 X132.471 Y126.927 E.01317
G1 X132.314 Y126.59 E.00523
;WIDTH:0.478578
G1 X131.889 Y125.738 E.01461
G1 X132.09 Y125.888 E.00385
;WIDTH:0.453461
G1 X132.653 Y126.046 E.00849
;WIDTH:0.439999
G1 X143.329 Y126.046 E.15014
G1 X143.329 Y130 E.05561
G1 X143.329 Y133.954 E.05561
G1 X132.653 Y133.954 E.15014
;WIDTH:0.481343
G1 X132.083 Y134.1 E.00908
;WIDTH:0.504832
G1 X131.964 Y134.173 E.00226
G1 X132.023 Y134.047 E.00226
;WIDTH:0.481343
G1 X132.471 Y133.073 E.01655
;WIDTH:0.439999
G1 X132.798 Y132.081 E.01469
G1 E-3.5 F3600
;WIPE_START
G1 F7200
G1 X132.813 Y132.022 E-.02892
G1 X133.008 Y130.99 E-.49887
G1 X133.066 Y129.753 E-.58822
G1 X132.997 Y128.948 E-.38399
;WIPE_END
G1 X131.964 Y134.173 F9000
G1 E5 F2400
;WIDTH:0.504832
G1 F1553
G1 X131.689 Y134.553 E.00761
;WIDTH:0.46945
G1 X131.414 Y134.932 E.00704
;WIDTH:0.435336
G1 X130.715 Y135.744 E.0149
;WIDTH:0.437194
G1 X129.916 Y136.458 E.01497
;WIDTH:0.439642
G1 X129.03 Y137.062 E.01507
;WIDTH:0.442682
G1 X128.074 Y137.545 E.01516
;WIDTH:0.44631
G1 X127.062 Y137.9 E.01531
;WIDTH:0.450298
G1 X126.042 Y138.114 E.01501
G1 X125.122 Y138.192 E.0133
;WIDTH:0.45848
G1 X124.041 Y138.151 E.01588
;WIDTH:0.458798
G1 X123.052 Y137.988 E.01472
;WIDTH:0.46045
G1 X122.091 Y137.705 E.01477
;WIDTH:0.461508
G1 X121.171 Y137.307 E.01481
G1 X120.721 Y137.059 E.00759
;WIDTH:0.433446
G1 X119.943 Y136.539 E.01296
;WIDTH:0.461856
G1 X119.511 Y136.191 E.0082
G1 X119.132 Y135.839 E.00765
;WIDTH:0.433726
G1 X118.418 Y135.04 E.01485
;WIDTH:0.434748
G1 X117.815 Y134.154 E.01489
;WIDTH:0.436366
G1 X117.333 Y133.197 E.01494
;WIDTH:0.43857
G1 X116.979 Y132.186 E.01501
;WIDTH:0.441368
G1 X116.76 Y131.137 E.01512
G1 X116.686 Y130.247 E.0126
;WIDTH:0.448768
G1 X116.738 Y129.009 E.01779
;WIDTH:0.45239
G1 X116.923 Y128.013 E.01466
;WIDTH:0.455468
G1 X117.227 Y127.058 E.01461
;WIDTH:0.457948
G1 X117.644 Y126.147 E.01469
;WIDTH:0.459842
G1 X118.17 Y125.293 E.01477
;WIDTH:0.461146
G1 X118.795 Y124.51 E.01479
;WIDTH:0.461856
G1 X119.511 Y123.809 E.01482
G1 X119.943 Y123.461 E.0082
;WIDTH:0.433448
G1 X120.721 Y122.941 E.01296
;WIDTH:0.461508
G1 X121.171 Y122.693 E.00759
G1 X121.678 Y122.459 E.00825
;WIDTH:0.434254
G1 X122.69 Y122.106 E.01487
;WIDTH:0.43563
G1 X123.739 Y121.888 E.01491
G1 X124.628 Y121.813 E.01242
;WIDTH:0.44043
G1 X125.865 Y121.867 E.01743
;WIDTH:0.443286
G1 X126.93 Y122.067 E.01536
;WIDTH:0.447022
G1 X127.949 Y122.401 E.01533
;WIDTH:0.450954
G1 X128.877 Y122.847 E.01486
;WIDTH:0.45427
G1 X129.72 Y123.39 E.01458
;WIDTH:0.456998
G1 X130.49 Y124.032 E.01467
;WIDTH:0.459132
G1 X131.175 Y124.763 E.01473
;WIDTH:0.463666
G1 X131.807 Y125.628 E.01591
;WIDTH:0.478578
G1 X131.889 Y125.738 E.00211
G1 X132.391 Y125.527 F9000
;WIDTH:0.439999
G1 F1553
G1 X132.653 Y125.623 E.00392
G1 X143.752 Y125.623 E.15609
G1 X143.752 Y130 E.06156
G1 X143.752 Y134.377 E.06156
G1 X132.653 Y134.377 E.15609
G1 X132.322 Y134.474 E.00485
G1 X132.157 Y134.628 E.00317
G1 X131.509 Y135.514 E.01544
G1 X130.786 Y136.283 E.01484
G1 X129.974 Y136.957 E.01484
G1 X129.087 Y137.528 E.01484
G1 X128.136 Y137.986 E.01484
G1 X127.137 Y138.324 E.01483
G1 X126.103 Y138.538 E.01485
G1 X125.052 Y138.624 E.01483
G1 X123.997 Y138.581 E.01485
G1 X122.956 Y138.41 E.01484
G1 X121.944 Y138.113 E.01483
G1 X120.975 Y137.694 E.01485
G1 X120.065 Y137.16 E.01484
G1 X119.226 Y136.519 E.01485
G1 X118.473 Y135.781 E.01483
G1 X117.815 Y134.956 E.01484
G1 X117.262 Y134.057 E.01484
G1 X116.824 Y133.097 E.01484
G1 X116.506 Y132.091 E.01484
G1 X116.314 Y131.053 E.01485
G1 X116.249 Y130 E.01484
G1 X116.314 Y128.947 E.01484
G1 X116.506 Y127.909 E.01485
G1 X116.824 Y126.903 E.01484
G1 X117.262 Y125.943 E.01484
G1 X117.815 Y125.044 E.01484
G1 X118.473 Y124.219 E.01484
G1 X119.226 Y123.481 E.01483
G1 X120.065 Y122.84 E.01485
G1 X120.975 Y122.306 E.01484
G1 X121.944 Y121.887 E.01485
G1 X122.956 Y121.59 E.01483
G1 X123.997 Y121.419 E.01484
G1 X125.052 Y121.376 E.01485
G1 X126.103 Y121.462 E.01483
G1 X127.137 Y121.676 E.01485
G1 X128.136 Y122.014 E.01483
G1 X129.087 Y122.472 E.01484
G1 X129.974 Y123.043 E.01484
G1 X130.786 Y123.717 E.01484
G1 X131.49 Y124.467 E.01447
G1 X132.257 Y125.478 E.01785
G1 X132.334 Y125.506 E.00115
G1 X132.572 Y125.169 F9000
;TYPE:External perimeter
;WIDTH:0.419999
G1 F1500
G1 X132.653 Y125.21 E.00122
G1 X144.165 Y125.21 E.15424
G1 X144.165 Y130 E.06418
G1 X144.165 Y134.79 E.06418
G1 X132.653 Y134.79 E.15424
G1 X132.49 Y134.872 E.00244
G1 X131.827 Y135.778 E.01504
G1 X131.069 Y136.584 E.01482
G1 X130.219 Y137.291 E.01481
G1 X129.289 Y137.889 E.01481
G1 X128.292 Y138.369 E.01483
G1 X127.245 Y138.723 E.01481
G1 X126.162 Y138.947 E.01482
G1 X125.06 Y139.038 E.01482
G1 X123.955 Y138.993 E.01482
G1 X122.864 Y138.813 E.01482
G1 X121.803 Y138.502 E.01481
G1 X120.788 Y138.063 E.01482
G1 X119.834 Y137.504 E.01481
G1 X118.956 Y136.832 E.01481
G1 X118.166 Y136.058 E.01482
G1 X117.476 Y135.194 E.01481
G1 X116.897 Y134.251 E.01483
G1 X116.438 Y133.245 E.01482
G1 X116.105 Y132.191 E.01481
G1 X115.903 Y131.104 E.01481
G1 X115.835 Y130 E.01482
G1 X115.903 Y128.896 E.01482
G1 X116.105 Y127.809 E.01481
G1 X116.438 Y126.755 E.01481
G1 X116.897 Y125.749 E.01482
G1 X117.476 Y124.806 E.01483
G1 X118.166 Y123.942 E.01481
G1 X118.956 Y123.168 E.01482
G1 X119.834 Y122.496 E.01481
G1 X120.788 Y121.937 E.01481
G1 X121.803 Y121.498 E.01482
G1 X122.864 Y121.187 E.01481
G1 X123.955 Y121.007 E.01482
G1 X125.06 Y120.962 E.01482
G1 X126.162 Y121.053 E.01482
G1 X127.245 Y121.277 E.01482
G1 X128.292 Y121.631 E.01481
G1 X129.289 Y122.111 E.01483
G1 X130.219 Y122.709 E.01481
G1 X131.069 Y123.416 E.01481
G1 X131.827 Y124.222 E.01482
G1 X132.49 Y125.128 E.01504
G1 X132.518 Y125.142 E.00042
G1 E-3.5 F3600
;WIPE_START
G1 F7200
G1 X132.572 Y125.169 E-.02868
G1 X132.653 Y125.21 E-.04312
G1 X135.66 Y125.21 E-1.4282
;WIPE_END
G1 X136.476 Y129.371 F9000
G1 E5 F2400
;TYPE:Internal infill
;WIDTH:0.44
G1 F1553
G1 X136.524 Y129.323 E.00095
G1 X135.164 Y127.963 E.02705
G1 X135.55 Y127.577 E.00768
G1 X134.344 Y126.371 E.02399
G1 X133.629 Y126.371 E.01006
G1 X132.878 Y127.122 E.01494
G1 X133.125 Y127.875 E.01114
G1 X133.331 Y128.955 E.01546
G1 X133.394 Y129.874 E.01295
G1 X133.333 Y131.015 E.01607
G1 X133.125 Y132.125 E.01588
G1 X132.878 Y132.878 E.01114
G1 X132.924 Y132.924 E.00091
G1 X134.717 Y131.13 E.03567
G1 E-3.5 F3600
;WIPE_START
G1 F7200
G1 X132.924 Y132.924 E-1.20479
G1 X132.878 Y132.878 E-.0309
G1 X133.051 Y132.349 E-.26431
;WIPE_END
G1 X139.389 Y133.821 F9000
G1 E5 F2400
M204 S250
;TYPE:Bridge infill
;WIDTH:0.34535
;HEIGHT:0.334664
G1 F1500
G1 X139.745 Y133.465 E.01961
G1 X140.454 Y132.28 E.05378
G1 X140.413 Y132.238 E.00229
G1 X139.003 Y133.648 E.07766
G1 X138.444 Y133.648 E.02177
G1 X140.133 Y131.959 E.09302
G1 X139.854 Y131.679 E.01539
G1 X137.885 Y133.648 E.10844
G1 X137.326 Y133.648 E.02177
G1 X143.023 Y127.951 E.31376
G1 X143.023 Y127.392 E.02177
G1 X136.767 Y133.648 E.34455
G1 X136.208 Y133.648 E.02177
G1 X143.023 Y126.826 E.37553
G1 X142.945 Y126.798 E.00323
G1 X142.722 Y126.575 E.01228
G1 X135.649 Y133.648 E.38955
G1 X135.09 Y133.648 E.02177
G1 X142.385 Y126.352 E.4018
G1 X141.826 Y126.352 E.02177
G1 X134.531 Y133.648 E.4018
G1 X133.971 Y133.648 E.02181
G1 X141.267 Y126.352 E.40183
G1 X140.708 Y126.352 E.02177
G1 X133.412 Y133.648 E.40183
G1 X133.139 Y133.648 E.01063
G1 X133.184 Y133.317 E.01301
G1 X140.149 Y126.352 E.3836
G1 X139.59 Y126.352 E.02177
G1 X136.857 Y129.085 E.15052
G1 X136.577 Y128.806 E.01539
G1 X139.031 Y126.352 E.13516
G1 X138.472 Y126.352 E.02177
G1 X136.298 Y128.526 E.11973
G1 X136.018 Y128.246 E.01542
G1 X137.912 Y126.352 E.10431
G1 X137.353 Y126.352 E.02177
G1 X135.616 Y128.089 E.09567
M204 S500
G1 E-3.5 F3600
;WIPE_START
G1 F7200
G1 X137.353 Y126.352 E-1.16683
G1 X137.912 Y126.352 E-.26552
G1 X137.811 Y126.453 E-.06765
;WIPE_END
G1 X141.064 Y130.821 F9000
G1 E5 F2400
;TYPE:Internal infill
;WIDTH:0.44
;HEIGHT:0.08
G1 F1553
G1 X140.315 Y131.57 E.0149
G1 X140.962 Y132.217 E.01287
G1 X140.673 Y132.7 E.00792
G1 X141.602 Y133.629 E.01848
G1 X142.317 Y133.629 E.01006
G1 X143.004 Y132.942 E.01366
G1 X143.004 Y130.405 E.03568
;LAYER_CHANGE
;Z:1.32
;HEIGHT:0.08
;BEFORE_LAYER_CHANGE
G92 E0
;1.32


G1 E-3.5 F3600
;WIPE_START
G1 F7200
G1 X143.004 Y132.942 E-1.20508
G1 X142.565 Y133.381 E-.29492
;WIPE_END
G1 Z1.32 F9000
;AFTER_LAYER_CHANGE
;1.32
G1 X132.624 Y130.195
G1 E5 F2400
;TYPE:Perimeter
;WIDTH:0.439999
G1 F1409
G1 X132.586 Y130.968 E.01088
G1 X132.392 Y131.973 E.01439
G1 X132.07 Y132.937 E.01429
G1 X131.625 Y133.851 E.0143
G1 X131.065 Y134.699 E.01429
G1 X130.399 Y135.467 E.0143
G1 X129.638 Y136.141 E.0143
G1 X128.796 Y136.71 E.01429
G1 X127.886 Y137.165 E.01431
G1 X126.925 Y137.496 E.01429
G1 X125.959 Y137.694 E.01387
G1 X125.089 Y137.769 E.01228
G1 X124.065 Y137.719 E.01442
G1 X122.825 Y137.496 E.01772
G1 X121.938 Y137.195 E.01317
G1 X120.954 Y136.71 E.01543
G1 X120.176 Y136.19 E.01316
G1 X119.408 Y135.524 E.0143
G1 X118.734 Y134.763 E.0143
G1 X118.165 Y133.921 E.01429
G1 X117.71 Y133.011 E.01431
G1 X117.379 Y132.05 E.01429
G1 X117.175 Y131.054 E.0143
G1 X117.106 Y130.214 E.01185
G1 X117.164 Y129.032 E.01664
G1 X117.344 Y128.097 E.01339
G1 X117.634 Y127.196 E.01331
G1 X118.032 Y126.338 E.0133
G1 X118.529 Y125.534 E.01329
G1 X118.734 Y125.237 E.00508
G1 X119.351 Y124.533 E.01316
G1 X120.176 Y123.81 E.01543
G1 X120.954 Y123.29 E.01316
G1 X121.864 Y122.835 E.01431
G1 X122.825 Y122.504 E.01429
G1 X123.821 Y122.3 E.0143
G1 X124.661 Y122.231 E.01185
G1 X125.843 Y122.289 E.01664
G1 X126.848 Y122.483 E.01439
G1 X127.812 Y122.805 E.01429
G1 X128.688 Y123.231 E.0137
G1 X129.481 Y123.748 E.01331
G1 X130.205 Y124.356 E.0133
G1 X131.065 Y125.301 E.01797
G1 X131.585 Y126.079 E.01316
G1 X131.935 Y126.777 E.01098
G1 X132.07 Y127.063 E.00445
G1 X132.371 Y127.95 E.01317
G1 X132.575 Y128.946 E.0143
G1 X132.644 Y129.786 E.01185
G1 X132.627 Y130.135 E.00491
G1 X132.216 Y130.135 F9000
;TYPE:External perimeter
;WIDTH:0.419999
G1 F1409
G1 X132.173 Y130.945 E.01087
G1 X131.987 Y131.892 E.01293
G1 X131.679 Y132.804 E.0129
G1 X131.255 Y133.668 E.01289
G1 X130.722 Y134.47 E.0129
G1 X130.088 Y135.195 E.0129
G1 X129.366 Y135.831 E.01289
G1 X128.566 Y136.367 E.0129
G1 X127.704 Y136.794 E.01289
G1 X126.793 Y137.105 E.0129
G1 X125.878 Y137.289 E.0125
G1 X125.057 Y137.357 E.01104
G1 X124.087 Y137.307 E.01301
G1 X123.217 Y137.159 E.01182
G1 X122.363 Y136.904 E.01194
G1 X122.046 Y136.794 E.0045
G1 X121.207 Y136.38 E.01254
G1 X120.384 Y135.831 E.01325
G1 X119.68 Y135.213 E.01255
G1 X119.044 Y134.491 E.01289
G1 X118.508 Y133.691 E.0129
G1 X118.081 Y132.829 E.01289
G1 X117.77 Y131.918 E.0129
G1 X117.58 Y130.974 E.0129
G1 X117.518 Y130.182 E.01064
G1 X117.577 Y129.055 E.01512
G1 X117.749 Y128.178 E.01197
G1 X118.025 Y127.329 E.01196
G1 X118.402 Y126.52 E.01196
G1 X119.044 Y125.509 E.01605
G1 X119.662 Y124.805 E.01255
G1 X120.405 Y124.153 E.01324
G1 X121.184 Y123.633 E.01255
G1 X122.046 Y123.206 E.01289
G1 X122.957 Y122.895 E.0129
G1 X123.901 Y122.705 E.0129
G1 X124.693 Y122.643 E.01064
G1 X125.82 Y122.702 E.01512
G1 X126.767 Y122.888 E.01293
G1 X127.679 Y123.196 E.0129
G1 X128.505 Y123.601 E.01233
G1 X129.251 Y124.091 E.01196
G1 X129.933 Y124.667 E.01196
G1 X130.722 Y125.53 E.01567
G1 X131.242 Y126.309 E.01255
G1 X131.565 Y126.96 E.00974
G1 X131.679 Y127.196 E.00351
G1 X131.98 Y128.082 E.01254
G1 X132.17 Y129.026 E.0129
G1 X132.232 Y129.818 E.01064
G1 X132.219 Y130.075 E.00345
G1 X133.051 Y130.075 F9000
;TYPE:Perimeter
;WIDTH:0.439999
G1 F1409
G1 X133.066 Y129.753 E.00453
G1 X132.989 Y128.863 E.01256
G1 X132.772 Y127.814 E.01506
G1 X132.471 Y126.927 E.01317
G1 X132.314 Y126.59 E.00523
;WIDTH:0.478578
G1 X131.889 Y125.738 E.01461
G1 X132.09 Y125.888 E.00385
;WIDTH:0.453461
G1 X132.653 Y126.046 E.00849
;WIDTH:0.439999
G1 X143.329 Y126.046 E.15014
G1 X143.329 Y130 E.05561
G1 X143.329 Y133.954 E.05561
G1 X132.653 Y133.954 E.15014
;WIDTH:0.481343
G1 X132.083 Y134.1 E.00908
;WIDTH:0.504832
G1 X131.964 Y134.173 E.00226
G1 X132.023 Y134.047 E.00226
;WIDTH:0.481343
G1 X132.471 Y133.073 E.01655
;WIDTH:0.439999
G1 X132.807 Y132.055 E.01508
G1 X133.008 Y130.99 E.01524
G1 X133.048 Y130.135 E.01204
G1 E-3.5 F3600
;WIPE_START
G1 F7200
G1 X133.051 Y130.075 E-.02854
G1 X133.066 Y129.753 E-.15312
G1 X132.989 Y128.863 E-.42433
G1 X132.772 Y127.814 E-.50882
G1 X132.511 Y127.046 E-.38519
;WIPE_END
G1 X131.964 Y134.173 F9000
G1 E5 F2400
;WIDTH:0.504832
G1 F1409
G1 X131.689 Y134.553 E.00761
;WIDTH:0.46945
G1 X131.414 Y134.932 E.00704
;WIDTH:0.435336
G1 X130.715 Y135.744 E.0149
;WIDTH:0.437196
G1 X129.916 Y136.458 E.01497
;WIDTH:0.439642
G1 X129.03 Y137.062 E.01507
;WIDTH:0.442682
G1 X128.074 Y137.545 E.01516
;WIDTH:0.44631
G1 X127.062 Y137.9 E.01531
;WIDTH:0.450298
G1 X126.042 Y138.114 E.01501
G1 X125.122 Y138.192 E.0133
;WIDTH:0.45848
G1 X124.041 Y138.151 E.01588
;WIDTH:0.458798
G1 X123.052 Y137.988 E.01472
;WIDTH:0.46045
G1 X122.091 Y137.705 E.01477
;WIDTH:0.461508
G1 X121.171 Y137.307 E.01481
G1 X120.721 Y137.059 E.00759
;WIDTH:0.433446
G1 X119.943 Y136.539 E.01296
;WIDTH:0.461854
G1 X119.511 Y136.191 E.0082
G1 X119.132 Y135.839 E.00765
;WIDTH:0.433724
G1 X118.418 Y135.04 E.01485
;WIDTH:0.434748
G1 X117.815 Y134.154 E.01489
;WIDTH:0.436364
G1 X117.333 Y133.197 E.01494
;WIDTH:0.43857
G1 X116.979 Y132.186 E.01501
;WIDTH:0.441368
G1 X116.76 Y131.137 E.01512
G1 X116.686 Y130.247 E.0126
;WIDTH:0.448768
G1 X116.738 Y129.009 E.01779
;WIDTH:0.45239
G1 X116.923 Y128.013 E.01466
;WIDTH:0.455468
G1 X117.227 Y127.058 E.01461
;WIDTH:0.457948
G1 X117.644 Y126.147 E.01469
;WIDTH:0.459842
G1 X118.17 Y125.293 E.01477
;WIDTH:0.461146
G1 X118.795 Y124.51 E.01479
;WIDTH:0.461856
G1 X119.511 Y123.809 E.01482
G1 X119.943 Y123.461 E.0082
;WIDTH:0.433448
G1 X120.721 Y122.941 E.01296
;WIDTH:0.461508
G1 X121.171 Y122.693 E.00759
G1 X121.678 Y122.459 E.00825
;WIDTH:0.434254
G1 X122.69 Y122.106 E.01487
;WIDTH:0.43563
G1 X123.739 Y121.888 E.01491
G1 X124.628 Y121.813 E.01242
;WIDTH:0.44043
G1 X125.865 Y121.867 E.01743
;WIDTH:0.443286
G1 X126.93 Y122.067 E.01536
;WIDTH:0.447024
G1 X127.949 Y122.401 E.01533
;WIDTH:0.450954
G1 X128.877 Y122.847 E.01486
;WIDTH:0.45427
G1 X129.72 Y123.39 E.01458
;WIDTH:0.456998
G1 X130.49 Y124.032 E.01467
;WIDTH:0.459132
G1 X131.175 Y124.763 E.01473
;WIDTH:0.463666
G1 X131.807 Y125.628 E.01591
;WIDTH:0.478578
G1 X131.889 Y125.738 E.00211
G1 X132.391 Y125.527 F9000
;WIDTH:0.439999
G1 F1409
G1 X132.653 Y125.623 E.00392
G1 X143.752 Y125.623 E.15609
G1 X143.752 Y130 E.06156
G1 X143.752 Y134.377 E.06156
G1 X132.653 Y134.377 E.15609
G1 X132.322 Y134.474 E.00485
G1 X132.157 Y134.628 E.00317
G1 X131.509 Y135.514 E.01544
G1 X130.786 Y136.283 E.01484
G1 X129.974 Y136.957 E.01484
G1 X129.087 Y137.528 E.01484
G1 X128.136 Y137.986 E.01484
G1 X127.137 Y138.324 E.01483
G1 X126.103 Y138.538 E.01485
G1 X125.052 Y138.624 E.01483
G1 X123.997 Y138.581 E.01485
G1 X122.956 Y138.41 E.01484
G1 X121.944 Y138.113 E.01483
G1 X120.975 Y137.694 E.01485
G1 X120.065 Y137.16 E.01484
G1 X119.226 Y136.519 E.01485
G1 X118.473 Y135.781 E.01483
G1 X117.815 Y134.956 E.01484
G1 X117.262 Y134.057 E.01484
G1 X116.824 Y133.097 E.01484
G1 X116.506 Y132.091 E.01484
G1 X116.314 Y131.053 E.01485
G1 X116.249 Y130 E.01484
G1 X116.314 Y128.947 E.01484
G1 X116.506 Y127.909 E.01485
G1 X116.824 Y126.903 E.01484
G1 X117.262 Y125.943 E.01484
G1 X117.815 Y125.044 E.01484
G1 X118.473 Y124.219 E.01484
G1 X119.226 Y123.481 E.01483
G1 X120.065 Y122.84 E.01485
G1 X120.975 Y122.306 E.01484
G1 X121.944 Y121.887 E.01485
G1 X122.956 Y121.59 E.01483
G1 X123.997 Y121.419 E.01484
G1 X125.052 Y121.376 E.01485
G1 X126.103 Y121.462 E.01483
G1 X127.137 Y121.676 E.01485
G1 X128.136 Y122.014 E.01483
G1 X129.087 Y122.472 E.01484
G1 X129.974 Y123.043 E.01484
G1 X130.786 Y123.717 E.01484
G1 X131.49 Y124.467 E.01447
G1 X132.257 Y125.478 E.01785
G1 X132.334 Y125.506 E.00115
G1 X132.572 Y125.169 F9000
;TYPE:External perimeter
;WIDTH:0.419999
G1 F1409
G1 X132.653 Y125.21 E.00122
G1 X144.165 Y125.21 E.15424
G1 X144.165 Y130 E.06418
G1 X144.165 Y134.79 E.06418
G1 X132.653 Y134.79 E.15424
G1 X132.49 Y134.872 E.00244
G1 X131.827 Y135.778 E.01504
G1 X131.069 Y136.584 E.01482
G1 X130.219 Y137.291 E.01481
G1 X129.289 Y137.889 E.01481
G1 X128.292 Y138.369 E.01483
G1 X127.245 Y138.723 E.01481
G1 X126.162 Y138.947 E.01482
G1 X125.06 Y139.038 E.01482
G1 X123.955 Y138.993 E.01482
G1 X122.864 Y138.813 E.01482
G1 X121.803 Y138.502 E.01481
G1 X120.788 Y138.063 E.01482
G1 X119.834 Y137.504 E.01481
G1 X118.956 Y136.832 E.01481
G1 X118.166 Y136.058 E.01482
G1 X117.476 Y135.194 E.01481
G1 X116.897 Y134.251 E.01483
G1 X116.438 Y133.245 E.01482
G1 X116.105 Y132.191 E.01481
G1 X115.903 Y131.104 E.01481
G1 X115.835 Y130 E.01482
G1 X115.903 Y128.896 E.01482
G1 X116.105 Y127.809 E.01481
G1 X116.438 Y126.755 E.01481
G1 X116.897 Y125.749 E.01482
G1 X117.476 Y124.806 E.01483
G1 X118.166 Y123.942 E.01481
G1 X118.956 Y123.168 E.01482
G1 X119.834 Y122.496 E.01481
G1 X120.788 Y121.937 E.01481
G1 X121.803 Y121.498 E.01482
G1 X122.864 Y121.187 E.01481
G1 X123.955 Y121.007 E.01482
G1 X125.06 Y120.962 E.01482
G1 X126.162 Y121.053 E.01482
G1 X127.245 Y121.277 E.01482
G1 X128.292 Y121.631 E.01481
G1 X129.289 Y122.111 E.01483
G1 X130.219 Y122.709 E.01481
G1 X131.069 Y123.416 E.01481
G1 X131.827 Y124.222 E.01482
G1 X132.49 Y125.128 E.01504
G1 X132.518 Y125.142 E.00042
G1 E-3.5 F3600
;WIPE_START
G1 F7200
G1 X132.572 Y125.169 E-.02868
G1 X132.653 Y125.21 E-.04312
G1 X135.66 Y125.21 E-1.4282
;WIPE_END
G1 X133.375 Y129.599 F9000
G1 E5 F2400
;TYPE:Internal infill
;WIDTH:0.44
G1 F1409
G1 X133.331 Y128.955 E.00908
G1 X133.125 Y127.875 E.01546
G1 X132.878 Y127.122 E.01114
G1 X133.629 Y126.371 E.01494
G1 X134.344 Y126.371 E.01006
G1 X136.14 Y128.167 E.03572
G1 X136.14 Y131.833 E.05156
G1 X134.344 Y133.629 E.03572
G1 X133.629 Y133.629 E.01006
G1 X132.878 Y132.878 E.01494
G1 X133.125 Y132.125 E.01114
G1 X133.333 Y131.015 E.01588
G1 X133.366 Y130.4 E.00866
G1 E-3.5 F3600
;WIPE_START
G1 F7200
G1 X133.333 Y131.015 E-.29255
G1 X133.125 Y132.125 E-.53643
G1 X132.878 Y132.878 E-.37643
G1 X133.316 Y133.316 E-.29459
;WIPE_END
G1 X136.611 Y133.497 F9000
G1 E5 F2400
;TYPE:Solid infill
;WIDTH:0.570554
G1 F1409
G1 X136.562 Y133.546 E.00128
G1 X136.58 Y133.612 E.00126
G1 X136.646 Y133.63 E.00126
G1 X136.695 Y133.581 E.00128
G1 X136.677 Y133.515 E.00126
;WIDTH:0.439999
G1 X137.384 Y133.629 E.01007
G1 X136.563 Y132.808 E.01633
G1 X136.488 Y132.712 E.00171
;WIDTH:0.398584
G1 X136.413 Y132.616 E.00155
;WIDTH:0.357168
G1 X136.424 Y132.657 E.00048
G1 X136.353 Y132.676 E.00083
G1 X136.372 Y132.605 E.00083
;WIDTH:0.439999
G1 X136.563 Y132.21 E.00617
G1 X137.982 Y133.629 E.02822
G1 X138.58 Y133.629 E.00841
G1 X136.563 Y131.612 E.04012
G1 X136.563 Y131.014 E.00841
G1 X139.178 Y133.629 E.05201
G1 X139.776 Y133.629 E.00841
G1 X136.563 Y130.416 E.0639
G1 X136.563 Y129.818 E.00841
G1 X140.187 Y133.442 E.07208
G1 X140.233 Y133.566 E.00186
;WIDTH:0.398584
G1 X140.279 Y133.691 E.00169
;WIDTH:0.357168
G1 X140.26 Y133.762 E.00083
G1 X140.331 Y133.743 E.00083
G1 X140.32 Y133.702 E.00048
G1 X140.187 Y132.844 F9000
;WIDTH:0.439999
G1 F1409
G1 X136.563 Y129.22 E.07208
G1 X136.563 Y128.622 E.00841
G1 X140.187 Y132.246 E.07208
G1 X140.187 Y131.648 E.00841
G1 X136.563 Y128.024 E.07208
G1 X136.563 Y127.426 E.00841
G1 X140.187 Y131.05 E.07208
G1 X140.187 Y130.452 E.00841
G1 X136.563 Y126.828 E.07208
G1 X136.435 Y126.213 E.00883
;WIDTH:0.357168
G1 X136.416 Y126.284 E.00083
G1 X136.487 Y126.265 E.00083
G1 X136.476 Y126.224 E.00048
;WIDTH:0.398584
G1 X136.59 Y126.298 E.00172
;WIDTH:0.439999
G1 X136.704 Y126.371 E.0019
G1 X140.187 Y129.854 E.06927
G1 X140.187 Y129.256 E.00841
G1 X137.302 Y126.371 E.05738
G1 X137.9 Y126.371 E.00841
G1 X140.187 Y128.658 E.04549
G1 X140.187 Y128.06 E.00841
G1 X138.498 Y126.371 E.03359
G1 X139.227 Y126.425 E.01028
;WIDTH:0.548012
G1 X140.133 Y126.425 E.016
G1 X140.133 Y127.331 E.016
G1 X139.376 Y126.575 E.01889
G1 E-3.5 F3600
;WIPE_START
G1 F7200
G1 X140.133 Y127.331 E-.50818
G1 X140.133 Y126.425 E-.43035
G1 X139.227 Y126.425 E-.43035
G1 X138.952 Y126.405 E-.13112
;WIPE_END
G1 X143.004 Y129.595 F9000
G1 E5 F2400
;TYPE:Internal infill
;WIDTH:0.44
G1 F1409
G1 X143.004 Y127.058 E.03568
G1 X142.317 Y126.371 E.01366
G1 X141.602 Y126.371 E.01006
G1 X140.61 Y127.363 E.01973
G1 X140.61 Y132.637 E.07417
G1 X141.602 Y133.629 E.01973
G1 X142.317 Y133.629 E.01006
G1 X143.004 Y132.942 E.01366
G1 X143.004 Y130.405 E.03568
;LAYER_CHANGE
;Z:1.4
;HEIGHT:0.0799999
;BEFORE_LAYER_CHANGE
G92 E0
;1.4


G1 E-3.5 F3600
;WIPE_START
G1 F7200
G1 X143.004 Y132.942 E-1.20508
G1 X142.565 Y133.381 E-.29492
;WIPE_END
G1 Z1.4 F9000
;AFTER_LAYER_CHANGE
;1.4
G1 X132.624 Y130.195
G1 E5 F2400
;TYPE:Perimeter
;WIDTH:0.439999
G1 F1441
G1 X132.586 Y130.968 E.01088
G1 X132.392 Y131.973 E.01439
G1 X132.07 Y132.937 E.01429
G1 X131.625 Y133.851 E.0143
G1 X131.065 Y134.699 E.01429
G1 X130.399 Y135.467 E.0143
G1 X129.638 Y136.141 E.0143
G1 X128.796 Y136.71 E.01429
G1 X127.886 Y137.165 E.01431
G1 X126.925 Y137.496 E.01429
G1 X125.959 Y137.694 E.01387
G1 X125.089 Y137.769 E.01228
G1 X124.065 Y137.719 E.01442
G1 X122.825 Y137.496 E.01772
G1 X121.938 Y137.195 E.01317
G1 X120.954 Y136.71 E.01543
G1 X120.176 Y136.19 E.01316
G1 X119.408 Y135.524 E.0143
G1 X118.734 Y134.763 E.0143
G1 X118.165 Y133.921 E.01429
G1 X117.71 Y133.011 E.01431
G1 X117.379 Y132.05 E.01429
G1 X117.175 Y131.054 E.0143
G1 X117.106 Y130.214 E.01185
G1 X117.164 Y129.032 E.01664
G1 X117.344 Y128.097 E.01339
G1 X117.634 Y127.196 E.01331
G1 X118.032 Y126.338 E.0133
G1 X118.529 Y125.534 E.01329
G1 X118.734 Y125.237 E.00508
G1 X119.351 Y124.533 E.01316
G1 X120.176 Y123.81 E.01543
G1 X120.954 Y123.29 E.01316
G1 X121.864 Y122.835 E.01431
G1 X122.825 Y122.504 E.01429
G1 X123.821 Y122.3 E.0143
G1 X124.661 Y122.231 E.01185
G1 X125.843 Y122.289 E.01664
G1 X126.848 Y122.483 E.01439
G1 X127.812 Y122.805 E.01429
G1 X128.688 Y123.231 E.0137
G1 X129.481 Y123.748 E.01331
G1 X130.205 Y124.356 E.0133
G1 X131.065 Y125.301 E.01797
G1 X131.585 Y126.079 E.01316
G1 X131.935 Y126.777 E.01098
G1 X132.07 Y127.063 E.00445
G1 X132.371 Y127.95 E.01317
G1 X132.575 Y128.946 E.0143
G1 X132.644 Y129.786 E.01185
G1 X132.627 Y130.135 E.00491
G1 X132.216 Y130.135 F9000
;TYPE:External perimeter
;WIDTH:0.419999
G1 F1441
G1 X132.173 Y130.945 E.01087
G1 X131.987 Y131.892 E.01293
G1 X131.679 Y132.804 E.0129
G1 X131.255 Y133.668 E.01289
G1 X130.722 Y134.47 E.0129
G1 X130.088 Y135.195 E.0129
G1 X129.366 Y135.831 E.01289
G1 X128.566 Y136.367 E.0129
G1 X127.704 Y136.794 E.01289
G1 X126.793 Y137.105 E.0129
G1 X125.878 Y137.289 E.0125
G1 X125.057 Y137.357 E.01104
G1 X124.087 Y137.307 E.01301
G1 X123.217 Y137.159 E.01182
G1 X122.363 Y136.904 E.01194
G1 X122.046 Y136.794 E.0045
G1 X121.207 Y136.38 E.01254
G1 X120.384 Y135.831 E.01325
G1 X119.68 Y135.213 E.01255
G1 X119.044 Y134.491 E.01289
G1 X118.508 Y133.691 E.0129
G1 X118.081 Y132.829 E.01289
G1 X117.77 Y131.918 E.0129
G1 X117.58 Y130.974 E.0129
G1 X117.518 Y130.182 E.01064
G1 X117.577 Y129.055 E.01512
G1 X117.749 Y128.178 E.01197
G1 X118.025 Y127.329 E.01196
G1 X118.402 Y126.52 E.01196
G1 X119.044 Y125.509 E.01605
G1 X119.662 Y124.805 E.01255
G1 X120.405 Y124.153 E.01324
G1 X121.184 Y123.633 E.01255
G1 X122.046 Y123.206 E.01289
G1 X122.957 Y122.895 E.0129
G1 X123.901 Y122.705 E.0129
G1 X124.693 Y122.643 E.01064
G1 X125.82 Y122.702 E.01512
G1 X126.767 Y122.888 E.01293
G1 X127.679 Y123.196 E.0129
G1 X128.505 Y123.601 E.01233
G1 X129.251 Y124.091 E.01196
G1 X129.933 Y124.667 E.01196
G1 X130.722 Y125.53 E.01567
G1 X131.242 Y126.309 E.01255
G1 X131.565 Y126.96 E.00974
G1 X131.679 Y127.196 E.00351
G1 X131.98 Y128.082 E.01254
G1 X132.17 Y129.026 E.0129
G1 X132.232 Y129.818 E.01064
G1 X132.219 Y130.075 E.00345
G1 X133.051 Y130.075 F9000
;TYPE:Perimeter
;WIDTH:0.439999
G1 F1441
G1 X133.066 Y129.753 E.00453
G1 X132.989 Y128.863 E.01256
G1 X132.772 Y127.814 E.01506
G1 X132.471 Y126.927 E.01317
G1 X132.314 Y126.59 E.00523
;WIDTH:0.478578
G1 X131.889 Y125.738 E.01461
G1 X132.09 Y125.888 E.00385
;WIDTH:0.453462
G1 X132.653 Y126.046 E.00849
;WIDTH:0.439999
G1 X143.329 Y126.046 E.15014
G1 X143.329 Y130 E.05561
G1 X143.329 Y133.954 E.05561
G1 X132.653 Y133.954 E.15014
;WIDTH:0.481343
G1 X132.083 Y134.1 E.00908
;WIDTH:0.504832
G1 X131.964 Y134.173 E.00226
G1 X132.023 Y134.047 E.00226
;WIDTH:0.481343
G1 X132.471 Y133.073 E.01655
;WIDTH:0.439999
G1 X132.807 Y132.055 E.01508
G1 X133.008 Y130.99 E.01524
G1 X133.048 Y130.135 E.01204
G1 E-3.5 F3600
;WIPE_START
G1 F7200
G1 X133.051 Y130.075 E-.02854
G1 X133.066 Y129.753 E-.15312
G1 X132.989 Y128.863 E-.42433
G1 X132.772 Y127.814 E-.50882
G1 X132.511 Y127.046 E-.38519
;WIPE_END
G1 X131.964 Y134.173 F9000
G1 E5 F2400
;WIDTH:0.504832
G1 F1441
G1 X131.689 Y134.553 E.00761
;WIDTH:0.46945
G1 X131.414 Y134.932 E.00704
;WIDTH:0.435336
G1 X130.715 Y135.744 E.0149
;WIDTH:0.437194
G1 X129.916 Y136.458 E.01497
;WIDTH:0.439642
G1 X129.03 Y137.062 E.01507
;WIDTH:0.442684
G1 X128.074 Y137.545 E.01516
;WIDTH:0.44631
G1 X127.062 Y137.9 E.01531
;WIDTH:0.4503
G1 X126.042 Y138.114 E.01501
G1 X125.122 Y138.192 E.0133
;WIDTH:0.45848
G1 X124.041 Y138.151 E.01588
;WIDTH:0.458798
G1 X123.052 Y137.988 E.01472
;WIDTH:0.46045
G1 X122.091 Y137.705 E.01477
;WIDTH:0.461508
G1 X121.171 Y137.307 E.01481
G1 X120.721 Y137.059 E.00759
;WIDTH:0.433446
G1 X119.943 Y136.539 E.01296
;WIDTH:0.461854
G1 X119.511 Y136.191 E.0082
G1 X119.132 Y135.839 E.00765
;WIDTH:0.433724
G1 X118.418 Y135.04 E.01485
;WIDTH:0.434748
G1 X117.815 Y134.154 E.01489
;WIDTH:0.436364
G1 X117.333 Y133.197 E.01494
;WIDTH:0.43857
G1 X116.979 Y132.186 E.01501
;WIDTH:0.441368
G1 X116.76 Y131.137 E.01512
G1 X116.686 Y130.247 E.0126
;WIDTH:0.448768
G1 X116.738 Y129.009 E.01779
;WIDTH:0.45239
G1 X116.923 Y128.013 E.01466
;WIDTH:0.455468
G1 X117.227 Y127.058 E.01461
;WIDTH:0.457948
G1 X117.644 Y126.147 E.01469
;WIDTH:0.459842
G1 X118.17 Y125.293 E.01477
;WIDTH:0.461144
G1 X118.795 Y124.51 E.01479
;WIDTH:0.461856
G1 X119.511 Y123.809 E.01482
G1 X119.943 Y123.461 E.0082
;WIDTH:0.433448
G1 X120.721 Y122.941 E.01296
;WIDTH:0.461508
G1 X121.171 Y122.693 E.00759
G1 X121.678 Y122.459 E.00825
;WIDTH:0.434252
G1 X122.69 Y122.106 E.01487
;WIDTH:0.43563
G1 X123.739 Y121.888 E.01491
G1 X124.628 Y121.813 E.01242
;WIDTH:0.44043
G1 X125.865 Y121.867 E.01743
;WIDTH:0.443286
G1 X126.93 Y122.067 E.01536
;WIDTH:0.447022
G1 X127.949 Y122.401 E.01533
;WIDTH:0.450954
G1 X128.877 Y122.847 E.01486
;WIDTH:0.45427
G1 X129.72 Y123.39 E.01458
;WIDTH:0.457
G1 X130.49 Y124.032 E.01467
;WIDTH:0.459134
G1 X131.175 Y124.763 E.01473
;WIDTH:0.463666
G1 X131.807 Y125.628 E.01591
;WIDTH:0.478578
G1 X131.889 Y125.738 E.00211
G1 X132.391 Y125.527 F9000
;WIDTH:0.439999
G1 F1441
G1 X132.653 Y125.623 E.00392
G1 X143.752 Y125.623 E.15609
G1 X143.752 Y130 E.06156
G1 X143.752 Y134.377 E.06156
G1 X132.653 Y134.377 E.15609
G1 X132.322 Y134.474 E.00485
G1 X132.157 Y134.628 E.00317
G1 X131.509 Y135.514 E.01544
G1 X130.786 Y136.283 E.01484
G1 X129.974 Y136.957 E.01484
G1 X129.087 Y137.528 E.01484
G1 X128.136 Y137.986 E.01484
G1 X127.137 Y138.324 E.01483
G1 X126.103 Y138.538 E.01485
G1 X125.052 Y138.624 E.01483
G1 X123.997 Y138.581 E.01485
G1 X122.956 Y138.41 E.01484
G1 X121.944 Y138.113 E.01483
G1 X120.975 Y137.694 E.01485
G1 X120.065 Y137.16 E.01484
G1 X119.226 Y136.519 E.01485
G1 X118.473 Y135.781 E.01483
G1 X117.815 Y134.956 E.01484
G1 X117.262 Y134.057 E.01484
G1 X116.824 Y133.097 E.01484
G1 X116.506 Y132.091 E.01484
G1 X116.314 Y131.053 E.01485
G1 X116.249 Y130 E.01484
G1 X116.314 Y128.947 E.01484
G1 X116.506 Y127.909 E.01485
G1 X116.824 Y126.903 E.01484
G1 X117.262 Y125.943 E.01484
G1 X117.815 Y125.044 E.01484
G1 X118.473 Y124.219 E.01484
G1 X119.226 Y123.481 E.01483
G1 X120.065 Y122.84 E.01485
G1 X120.975 Y122.306 E.01484
G1 X121.944 Y121.887 E.01485
G1 X122.956 Y121.59 E.01483
G1 X123.997 Y121.419 E.01484
G1 X125.052 Y121.376 E.01485
G1 X126.103 Y121.462 E.01483
G1 X127.137 Y121.676 E.01485
G1 X128.136 Y122.014 E.01483
G1 X129.087 Y122.472 E.01484
G1 X129.974 Y123.043 E.01484
G1 X130.786 Y123.717 E.01484
G1 X131.49 Y124.467 E.01447
G1 X132.257 Y125.478 E.01785
G1 X132.334 Y125.506 E.00115
G1 X132.572 Y125.169 F9000
;TYPE:External perimeter
;WIDTH:0.419999
G1 F1441
G1 X132.653 Y125.21 E.00122
G1 X144.165 Y125.21 E.15424
G1 X144.165 Y130 E.06418
G1 X144.165 Y134.79 E.06418
G1 X132.653 Y134.79 E.15424
G1 X132.49 Y134.872 E.00244
G1 X131.827 Y135.778 E.01504
G1 X131.069 Y136.584 E.01482
G1 X130.219 Y137.291 E.01481
G1 X129.289 Y137.889 E.01481
G1 X128.292 Y138.369 E.01483
G1 X127.245 Y138.723 E.01481
G1 X126.162 Y138.947 E.01482
G1 X125.06 Y139.038 E.01482
G1 X123.955 Y138.993 E.01482
G1 X122.864 Y138.813 E.01482
G1 X121.803 Y138.502 E.01481
G1 X120.788 Y138.063 E.01482
G1 X119.834 Y137.504 E.01481
G1 X118.956 Y136.832 E.01481
G1 X118.166 Y136.058 E.01482
G1 X117.476 Y135.194 E.01481
G1 X116.897 Y134.251 E.01483
G1 X116.438 Y133.245 E.01482
G1 X116.105 Y132.191 E.01481
G1 X115.903 Y131.104 E.01481
G1 X115.835 Y130 E.01482
G1 X115.903 Y128.896 E.01482
G1 X116.105 Y127.809 E.01481
G1 X116.438 Y126.755 E.01481
G1 X116.897 Y125.749 E.01482
G1 X117.476 Y124.806 E.01483
G1 X118.166 Y123.942 E.01481
G1 X118.956 Y123.168 E.01482
G1 X119.834 Y122.496 E.01481
G1 X120.788 Y121.937 E.01481
G1 X121.803 Y121.498 E.01482
G1 X122.864 Y121.187 E.01481
G1 X123.955 Y121.007 E.01482
G1 X125.06 Y120.962 E.01482
G1 X126.162 Y121.053 E.01482
G1 X127.245 Y121.277 E.01482
G1 X128.292 Y121.631 E.01481
G1 X129.289 Y122.111 E.01483
G1 X130.219 Y122.709 E.01481
G1 X131.069 Y123.416 E.01481
G1 X131.827 Y124.222 E.01482
G1 X132.49 Y125.128 E.01504
G1 X132.518 Y125.142 E.00042
G1 E-3.5 F3600
;WIPE_START
G1 F7200
G1 X132.572 Y125.169 E-.02868
G1 X132.653 Y125.21 E-.04312
G1 X135.66 Y125.21 E-1.4282
;WIPE_END
G1 X136.411 Y126.419 F9000
G1 E5 F2400
;TYPE:Solid infill
;WIDTH:0.570554
G1 F1441
G1 X136.362 Y126.37 E.00128
G1 X136.295 Y126.388 E.00128
G1 X136.277 Y126.454 E.00126
G1 X136.326 Y126.503 E.00128
G1 X136.393 Y126.485 E.00128
G1 X136.128 Y127.384 F9000
;WIDTH:0.357168
G1 F1441
G1 X136.087 Y127.395 E.00048
G1 X136.068 Y127.324 E.00083
G1 X136.139 Y127.343 E.00083
;WIDTH:0.398584
G1 X136.209 Y127.268 E.0013
;WIDTH:0.439999
G1 X137.1 Y126.371 E.01778
G1 X137.196 Y126.296 E.00171
;WIDTH:0.398584
G1 X137.292 Y126.221 E.00155
;WIDTH:0.357168
G1 X137.251 Y126.232 E.00048
G1 X137.232 Y126.161 E.00083
G1 X137.303 Y126.18 E.00083
;WIDTH:0.439999
G1 X137.698 Y126.371 E.00617
G1 X136.279 Y127.79 E.02822
G1 X136.279 Y128.388 E.00841
G1 X138.296 Y126.371 E.04012
G1 X138.894 Y126.371 E.00841
G1 X136.279 Y128.986 E.05201
G1 X136.279 Y129.584 E.00841
G1 X139.492 Y126.371 E.0639
G1 X140.089 Y126.371 E.0084
G1 X136.279 Y130.182 E.07579
G1 X136.279 Y130.78 E.00841
G1 X140.471 Y126.587 E.08338
G1 X140.534 Y126.446 E.00217
;WIDTH:0.398584
G1 X140.597 Y126.305 E.00196
;WIDTH:0.357168
G1 X140.556 Y126.316 E.00048
G1 X140.537 Y126.245 E.00083
G1 X140.608 Y126.264 E.00083
G1 X140.471 Y127.185 F9000
;WIDTH:0.439999
G1 F1441
G1 X136.279 Y131.378 E.08338
G1 X136.279 Y131.976 E.00841
G1 X140.471 Y127.783 E.08338
G1 X140.471 Y128.381 E.00841
G1 X136.279 Y132.574 E.08338
G1 X136.279 Y133.172 E.00841
G1 X140.471 Y128.979 E.08338
G1 X140.471 Y129.577 E.00841
G1 X136.42 Y133.629 E.08058
G1 X136.311 Y133.682 E.0017
;WIDTH:0.398584
G1 X136.203 Y133.735 E.00153
;WIDTH:0.357168
G1 X136.132 Y133.716 E.00083
G1 X136.151 Y133.787 E.00083
G1 X136.192 Y133.776 E.00048
;WIDTH:0.439999
G1 X137.018 Y133.629 E.0118
G1 X140.471 Y130.175 E.06869
G1 X140.471 Y130.773 E.00841
G1 X137.616 Y133.629 E.05679
G1 X138.214 Y133.629 E.00841
G1 X140.471 Y131.371 E.0449
G1 X140.693 Y131.796 E.00674
;WIDTH:0.357168
G1 X140.622 Y131.777 E.00083
G1 X140.641 Y131.848 E.00083
G1 X140.682 Y131.837 E.00048
;WIDTH:0.398584
G1 X140.577 Y131.903 E.00157
;WIDTH:0.439999
G1 X140.471 Y131.969 E.00176
G1 X138.812 Y133.629 E.03301
G1 X140.272 Y132.837 F9000
;WIDTH:0.539508
G1 F1441
G1 X139.53 Y133.579 E.01823
G1 X140.421 Y133.579 E.01548
G1 X140.421 Y132.687 E.0155
G1 E-3.5 F3600
;WIPE_START
G1 F7200
G1 X140.421 Y133.579 E-.4237
G1 X139.53 Y133.579 E-.42322
G1 X140.272 Y132.837 E-.49844
;WIPE_END
G1 E-.15464 F3600
G1 X143.004 Y130.405 F9000
G1 E5 F2400
;TYPE:Internal infill
;WIDTH:0.44
G1 F1441
G1 X143.004 Y132.942 E.03568
G1 X142.317 Y133.629 E.01366
G1 X141.602 Y133.629 E.01006
G1 X140.894 Y132.921 E.01408
G1 X140.894 Y127.079 E.08216
G1 X141.602 Y126.371 E.01408
G1 X142.317 Y126.371 E.01006
G1 X143.004 Y127.058 E.01366
G1 X143.004 Y129.595 E.03568
G1 E-3.5 F3600
;WIPE_START
G1 F7200
G1 X143.004 Y127.058 E-1.20507
G1 X142.565 Y126.619 E-.29493
;WIPE_END
G1 X133.375 Y129.599 F9000
G1 E5 F2400
G1 F1441
G1 X133.331 Y128.955 E.00908
G1 X133.125 Y127.875 E.01546
G1 X132.878 Y127.122 E.01114
G1 X133.629 Y126.371 E.01494
G1 X134.344 Y126.371 E.01006
G1 X135.856 Y127.883 E.03007
G1 X135.856 Y132.117 E.05954
G1 X134.344 Y133.629 E.03007
G1 X133.629 Y133.629 E.01006
G1 X132.878 Y132.878 E.01494
G1 X133.125 Y132.125 E.01114
G1 X133.333 Y131.015 E.01588
G1 X133.366 Y130.4 E.00866
;LAYER_CHANGE
;Z:1.48
;HEIGHT:0.08
;BEFORE_LAYER_CHANGE
G92 E0
;1.48


G1 E-3.5 F3600
;WIPE_START
G1 F7200
G1 X133.333 Y131.015 E-.29255
G1 X133.125 Y132.125 E-.53643
G1 X132.878 Y132.878 E-.37643
G1 X133.316 Y133.316 E-.29459
;WIPE_END
G1 Z1.48 F9000
;AFTER_LAYER_CHANGE
;1.48
G1 X132.615 Y130.365
G1 E5 F2400
;TYPE:Perimeter
;WIDTH:0.439999
G1 F1481
G1 X132.586 Y130.968 E.00849
G1 X132.392 Y131.973 E.01439
G1 X132.07 Y132.937 E.01429
G1 X131.625 Y133.851 E.0143
G1 X131.065 Y134.699 E.01429
G1 X130.399 Y135.467 E.0143
G1 X129.638 Y136.141 E.0143
G1 X128.796 Y136.71 E.01429
G1 X127.886 Y137.165 E.01431
G1 X126.925 Y137.496 E.01429
G1 X125.959 Y137.694 E.01387
G1 X125.089 Y137.769 E.01228
G1 X124.065 Y137.719 E.01442
G1 X122.825 Y137.496 E.01772
G1 X121.938 Y137.195 E.01317
G1 X120.954 Y136.71 E.01543
G1 X120.176 Y136.19 E.01316
G1 X119.408 Y135.524 E.0143
G1 X118.734 Y134.763 E.0143
G1 X118.165 Y133.921 E.01429
G1 X117.71 Y133.011 E.01431
G1 X117.379 Y132.05 E.01429
G1 X117.175 Y131.054 E.0143
G1 X117.106 Y130.214 E.01185
G1 X117.164 Y129.032 E.01664
G1 X117.344 Y128.097 E.01339
G1 X117.634 Y127.196 E.01331
G1 X118.032 Y126.338 E.0133
G1 X118.529 Y125.534 E.01329
G1 X118.734 Y125.237 E.00508
G1 X119.351 Y124.533 E.01316
G1 X120.176 Y123.81 E.01543
G1 X120.954 Y123.29 E.01316
G1 X121.864 Y122.835 E.01431
G1 X122.825 Y122.504 E.01429
G1 X123.821 Y122.3 E.0143
G1 X124.661 Y122.231 E.01185
G1 X125.843 Y122.289 E.01664
G1 X126.848 Y122.483 E.01439
G1 X127.812 Y122.805 E.01429
G1 X128.688 Y123.231 E.0137
G1 X129.481 Y123.748 E.01331
G1 X130.205 Y124.356 E.0133
G1 X131.065 Y125.301 E.01797
G1 X131.585 Y126.079 E.01316
G1 X131.935 Y126.777 E.01098
G1 X132.07 Y127.063 E.00445
G1 X132.371 Y127.95 E.01317
G1 X132.575 Y128.946 E.0143
G1 X132.644 Y129.786 E.01185
G1 X132.618 Y130.305 E.00731
G1 X132.208 Y130.286 F9000
;TYPE:External perimeter
;WIDTH:0.419999
G1 F1481
G1 X132.173 Y130.945 E.00884
G1 X131.987 Y131.892 E.01293
G1 X131.679 Y132.804 E.0129
G1 X131.255 Y133.668 E.01289
G1 X130.722 Y134.47 E.0129
G1 X130.088 Y135.195 E.0129
G1 X129.366 Y135.831 E.01289
G1 X128.566 Y136.367 E.0129
G1 X127.704 Y136.794 E.01289
G1 X126.793 Y137.105 E.0129
G1 X125.878 Y137.289 E.0125
G1 X125.057 Y137.357 E.01104
G1 X124.087 Y137.307 E.01301
G1 X123.217 Y137.159 E.01182
G1 X122.363 Y136.904 E.01194
G1 X122.046 Y136.794 E.0045
G1 X121.207 Y136.38 E.01254
G1 X120.384 Y135.831 E.01325
G1 X119.68 Y135.213 E.01255
G1 X119.044 Y134.491 E.01289
G1 X118.508 Y133.691 E.0129
G1 X118.081 Y132.829 E.01289
G1 X117.77 Y131.918 E.0129
G1 X117.58 Y130.974 E.0129
G1 X117.518 Y130.182 E.01064
G1 X117.577 Y129.055 E.01512
G1 X117.749 Y128.178 E.01197
G1 X118.025 Y127.329 E.01196
G1 X118.402 Y126.52 E.01196
G1 X119.044 Y125.509 E.01605
G1 X119.662 Y124.805 E.01255
G1 X120.405 Y124.153 E.01324
G1 X121.184 Y123.633 E.01255
G1 X122.046 Y123.206 E.01289
G1 X122.957 Y122.895 E.0129
G1 X123.901 Y122.705 E.0129
G1 X124.693 Y122.643 E.01064
G1 X125.82 Y122.702 E.01512
G1 X126.767 Y122.888 E.01293
G1 X127.679 Y123.196 E.0129
G1 X128.505 Y123.601 E.01233
G1 X129.251 Y124.091 E.01196
G1 X129.933 Y124.667 E.01196
G1 X130.722 Y125.53 E.01567
G1 X131.242 Y126.309 E.01255
G1 X131.565 Y126.96 E.00974
G1 X131.679 Y127.196 E.00351
G1 X131.98 Y128.082 E.01254
G1 X132.17 Y129.026 E.0129
G1 X132.232 Y129.818 E.01064
G1 X132.211 Y130.226 E.00547
G1 X133.042 Y130.265 F9000
;TYPE:Perimeter
;WIDTH:0.439999
G1 F1481
G1 X133.066 Y129.753 E.00721
G1 X132.989 Y128.863 E.01256
G1 X132.772 Y127.814 E.01506
G1 X132.471 Y126.927 E.01317
G1 X132.314 Y126.59 E.00523
;WIDTH:0.478578
G1 X131.889 Y125.738 E.01461
G1 X132.09 Y125.888 E.00385
;WIDTH:0.453461
G1 X132.653 Y126.046 E.00849
;WIDTH:0.439999
G1 X143.329 Y126.046 E.15014
G1 X143.329 Y130 E.05561
G1 X143.329 Y133.954 E.05561
G1 X132.653 Y133.954 E.15014
;WIDTH:0.481342
G1 X132.083 Y134.1 E.00908
;WIDTH:0.50483
G1 X131.964 Y134.173 E.00226
G1 X132.023 Y134.047 E.00226
;WIDTH:0.481342
G1 X132.471 Y133.073 E.01655
;WIDTH:0.439999
G1 X132.807 Y132.055 E.01508
G1 X133.008 Y130.99 E.01524
G1 X133.039 Y130.325 E.00936
G1 E-3.5 F3600
;WIPE_START
G1 F7200
G1 X133.042 Y130.265 E-.02854
G1 X133.066 Y129.753 E-.24347
G1 X132.989 Y128.863 E-.42433
G1 X132.772 Y127.814 E-.50882
G1 X132.572 Y127.226 E-.29484
;WIPE_END
G1 X131.964 Y134.173 F9000
G1 E5 F2400
;WIDTH:0.50483
G1 F1481
G1 X131.689 Y134.553 E.00761
;WIDTH:0.469449
G1 X131.414 Y134.932 E.00704
;WIDTH:0.435336
G1 X130.715 Y135.744 E.0149
;WIDTH:0.437196
G1 X129.916 Y136.458 E.01497
;WIDTH:0.439642
G1 X129.03 Y137.062 E.01507
;WIDTH:0.442684
G1 X128.074 Y137.545 E.01516
;WIDTH:0.446308
G1 X127.062 Y137.9 E.01531
;WIDTH:0.4503
G1 X126.042 Y138.114 E.01501
G1 X125.122 Y138.192 E.0133
;WIDTH:0.45848
G1 X124.041 Y138.151 E.01588
;WIDTH:0.458798
G1 X123.052 Y137.988 E.01472
;WIDTH:0.46045
G1 X122.091 Y137.705 E.01477
;WIDTH:0.461508
G1 X121.171 Y137.307 E.01481
G1 X120.721 Y137.059 E.00759
;WIDTH:0.433446
G1 X119.943 Y136.539 E.01296
;WIDTH:0.461856
G1 X119.511 Y136.191 E.0082
G1 X119.132 Y135.839 E.00765
;WIDTH:0.433724
G1 X118.418 Y135.04 E.01485
;WIDTH:0.434748
G1 X117.815 Y134.154 E.01489
;WIDTH:0.436364
G1 X117.333 Y133.197 E.01494
;WIDTH:0.43857
G1 X116.979 Y132.186 E.01501
;WIDTH:0.441368
G1 X116.76 Y131.137 E.01512
G1 X116.686 Y130.247 E.0126
;WIDTH:0.448768
G1 X116.738 Y129.009 E.01779
;WIDTH:0.45239
G1 X116.923 Y128.013 E.01466
;WIDTH:0.455468
G1 X117.227 Y127.058 E.01461
;WIDTH:0.457948
G1 X117.644 Y126.147 E.01469
;WIDTH:0.459842
G1 X118.17 Y125.293 E.01477
;WIDTH:0.461144
G1 X118.795 Y124.51 E.01479
;WIDTH:0.461856
G1 X119.511 Y123.809 E.01482
G1 X119.943 Y123.461 E.0082
;WIDTH:0.433448
G1 X120.721 Y122.941 E.01296
;WIDTH:0.461508
G1 X121.171 Y122.693 E.00759
G1 X121.678 Y122.459 E.00825
;WIDTH:0.434254
G1 X122.69 Y122.106 E.01487
;WIDTH:0.43563
G1 X123.739 Y121.888 E.01491
G1 X124.628 Y121.813 E.01242
;WIDTH:0.44043
G1 X125.865 Y121.867 E.01743
;WIDTH:0.443286
G1 X126.93 Y122.067 E.01536
;WIDTH:0.447024
G1 X127.949 Y122.401 E.01533
;WIDTH:0.450954
G1 X128.877 Y122.847 E.01486
;WIDTH:0.45427
G1 X129.72 Y123.39 E.01458
;WIDTH:0.456998
G1 X130.49 Y124.032 E.01467
;WIDTH:0.459132
G1 X131.175 Y124.763 E.01473
;WIDTH:0.463666
G1 X131.807 Y125.628 E.01591
;WIDTH:0.478578
G1 X131.889 Y125.738 E.00211
G1 X132.391 Y125.527 F9000
;WIDTH:0.439999
G1 F1481
G1 X132.653 Y125.623 E.00392
G1 X143.752 Y125.623 E.15609
G1 X143.752 Y130 E.06156
G1 X143.752 Y134.377 E.06156
G1 X132.653 Y134.377 E.15609
G1 X132.322 Y134.474 E.00485
G1 X132.157 Y134.628 E.00317
G1 X131.509 Y135.514 E.01544
G1 X130.786 Y136.283 E.01484
G1 X129.974 Y136.957 E.01484
G1 X129.087 Y137.528 E.01484
G1 X128.136 Y137.986 E.01484
G1 X127.137 Y138.324 E.01483
G1 X126.103 Y138.538 E.01485
G1 X125.052 Y138.624 E.01483
G1 X123.997 Y138.581 E.01485
G1 X122.956 Y138.41 E.01484
G1 X121.944 Y138.113 E.01483
G1 X120.975 Y137.694 E.01485
G1 X120.065 Y137.16 E.01484
G1 X119.226 Y136.519 E.01485
G1 X118.473 Y135.781 E.01483
G1 X117.815 Y134.956 E.01484
G1 X117.262 Y134.057 E.01484
G1 X116.824 Y133.097 E.01484
G1 X116.506 Y132.091 E.01484
G1 X116.314 Y131.053 E.01485
G1 X116.249 Y130 E.01484
G1 X116.314 Y128.947 E.01484
G1 X116.506 Y127.909 E.01485
G1 X116.824 Y126.903 E.01484
G1 X117.262 Y125.943 E.01484
G1 X117.815 Y125.044 E.01484
G1 X118.473 Y124.219 E.01484
G1 X119.226 Y123.481 E.01483
G1 X120.065 Y122.84 E.01485
G1 X120.975 Y122.306 E.01484
G1 X121.944 Y121.887 E.01485
G1 X122.956 Y121.59 E.01483
G1 X123.997 Y121.419 E.01484
G1 X125.052 Y121.376 E.01485
G1 X126.103 Y121.462 E.01483
G1 X127.137 Y121.676 E.01485
G1 X128.136 Y122.014 E.01483
G1 X129.087 Y122.472 E.01484
G1 X129.974 Y123.043 E.01484
G1 X130.786 Y123.717 E.01484
G1 X131.49 Y124.467 E.01447
G1 X132.257 Y125.478 E.01785
G1 X132.334 Y125.506 E.00115
G1 X132.572 Y125.169 F9000
;TYPE:External perimeter
;WIDTH:0.419999
G1 F1481
G1 X132.653 Y125.21 E.00122
G1 X144.165 Y125.21 E.15424
G1 X144.165 Y130 E.06418
G1 X144.165 Y134.79 E.06418
G1 X132.653 Y134.79 E.15424
G1 X132.49 Y134.872 E.00244
G1 X131.827 Y135.778 E.01504
G1 X131.069 Y136.584 E.01482
G1 X130.219 Y137.291 E.01481
G1 X129.289 Y137.889 E.01481
G1 X128.292 Y138.369 E.01483
G1 X127.245 Y138.723 E.01481
G1 X126.162 Y138.947 E.01482
G1 X125.06 Y139.038 E.01482
G1 X123.955 Y138.993 E.01482
G1 X122.864 Y138.813 E.01482
G1 X121.803 Y138.502 E.01481
G1 X120.788 Y138.063 E.01482
G1 X119.834 Y137.504 E.01481
G1 X118.956 Y136.832 E.01481
G1 X118.166 Y136.058 E.01482
G1 X117.476 Y135.194 E.01481
G1 X116.897 Y134.251 E.01483
G1 X116.438 Y133.245 E.01482
G1 X116.105 Y132.191 E.01481
G1 X115.903 Y131.104 E.01481
G1 X115.835 Y130 E.01482
G1 X115.903 Y128.896 E.01482
G1 X116.105 Y127.809 E.01481
G1 X116.438 Y126.755 E.01481
G1 X116.897 Y125.749 E.01482
G1 X117.476 Y124.806 E.01483
G1 X118.166 Y123.942 E.01481
G1 X118.956 Y123.168 E.01482
G1 X119.834 Y122.496 E.01481
G1 X120.788 Y121.937 E.01481
G1 X121.803 Y121.498 E.01482
G1 X122.864 Y121.187 E.01481
G1 X123.955 Y121.007 E.01482
G1 X125.06 Y120.962 E.01482
G1 X126.162 Y121.053 E.01482
G1 X127.245 Y121.277 E.01482
G1 X128.292 Y121.631 E.01481
G1 X129.289 Y122.111 E.01483
G1 X130.219 Y122.709 E.01481
G1 X131.069 Y123.416 E.01481
G1 X131.827 Y124.222 E.01482
G1 X132.49 Y125.128 E.01504
G1 X132.518 Y125.142 E.00042
G1 E-3.5 F3600
;WIPE_START
G1 F7200
G1 X132.572 Y125.169 E-.02868
G1 X132.653 Y125.21 E-.04312
G1 X135.66 Y125.21 E-1.4282
;WIPE_END
G1 X133.375 Y129.599 F9000
G1 E5 F2400
;TYPE:Internal infill
;WIDTH:0.44
G1 F1481
G1 X133.331 Y128.955 E.00908
G1 X133.125 Y127.875 E.01546
G1 X132.878 Y127.122 E.01114
G1 X133.629 Y126.371 E.01494
G1 X134.344 Y126.371 E.01006
G1 X135.571 Y127.598 E.0244
G1 X135.571 Y132.402 E.06756
G1 X134.344 Y133.629 E.0244
G1 X133.629 Y133.629 E.01006
G1 X132.878 Y132.878 E.01494
G1 X133.125 Y132.125 E.01114
G1 X133.333 Y131.015 E.01588
G1 X133.366 Y130.4 E.00866
G1 E-3.5 F3600
;WIPE_START
G1 F7200
G1 X133.333 Y131.015 E-.29255
G1 X133.125 Y132.125 E-.53643
G1 X132.878 Y132.878 E-.37643
G1 X133.316 Y133.316 E-.29459
;WIPE_END
G1 X136.042 Y133.497 F9000
G1 E5 F2400
;TYPE:Solid infill
;WIDTH:0.570554
G1 F1481
G1 X135.993 Y133.546 E.00128
G1 X136.011 Y133.612 E.00126
G1 X136.077 Y133.63 E.00126
G1 X136.126 Y133.581 E.00128
G1 X136.108 Y133.515 E.00126
G1 X136.966 Y133.768 F9000
;WIDTH:0.357168
G1 F1481
G1 X136.947 Y133.839 E.00083
G1 X137.019 Y133.82 E.00084
G1 X137.008 Y133.779 E.00048
;WIDTH:0.398584
G1 X136.911 Y133.704 E.00156
;WIDTH:0.439999
G1 X136.815 Y133.629 E.00171
G1 X135.994 Y132.808 E.01633
G1 X135.919 Y132.712 E.00171
;WIDTH:0.398584
G1 X135.844 Y132.616 E.00155
;WIDTH:0.357168
G1 X135.855 Y132.657 E.00048
G1 X135.784 Y132.676 E.00083
G1 X135.803 Y132.605 E.00083
;WIDTH:0.439999
G1 X135.994 Y132.21 E.00617
G1 X137.413 Y133.629 E.02822
G1 X138.011 Y133.629 E.00841
G1 X135.994 Y131.612 E.04012
G1 X135.994 Y131.014 E.00841
G1 X138.609 Y133.629 E.05201
G1 X139.207 Y133.629 E.00841
G1 X135.994 Y130.416 E.0639
G1 X135.994 Y129.818 E.00841
G1 X139.805 Y133.629 E.0758
G1 X140.403 Y133.629 E.00841
G1 X135.994 Y129.22 E.08769
G1 X135.994 Y128.622 E.00841
G1 X140.756 Y133.384 E.09471
G1 X140.796 Y133.531 E.00214
;WIDTH:0.398584
G1 X140.836 Y133.679 E.00194
;WIDTH:0.357168
G1 X140.817 Y133.75 E.00083
G1 X140.888 Y133.731 E.00083
G1 X140.877 Y133.69 E.00048
G1 X140.756 Y132.786 F9000
;WIDTH:0.439999
G1 F1481
G1 X135.994 Y128.024 E.09471
G1 X135.994 Y127.426 E.00841
G1 X140.756 Y132.188 E.09471
G1 X140.756 Y131.59 E.00841
G1 X135.994 Y126.828 E.09471
G1 X135.866 Y126.213 E.00883
;WIDTH:0.357168
G1 X135.847 Y126.284 E.00083
G1 X135.918 Y126.265 E.00083
G1 X135.907 Y126.224 E.00048
;WIDTH:0.398584
G1 X136.021 Y126.298 E.00172
;WIDTH:0.439999
G1 X136.135 Y126.371 E.0019
G1 X140.756 Y130.992 E.09191
G1 X140.756 Y130.394 E.00841
G1 X136.733 Y126.371 E.08001
G1 X137.331 Y126.371 E.00841
G1 X140.756 Y129.796 E.06812
G1 X140.756 Y129.198 E.00841
G1 X137.929 Y126.371 E.05623
G1 X138.527 Y126.371 E.00841
G1 X140.756 Y128.6 E.04433
G1 X140.84 Y128.66 E.00145
;WIDTH:0.398584
G1 X140.925 Y128.721 E.00133
;WIDTH:0.357168
G1 X140.906 Y128.792 E.00083
G1 X140.977 Y128.773 E.00083
G1 X140.966 Y128.732 E.00048
G1 E-3.5 F3600
;WIPE_START
G1 F7200
G1 X140.977 Y128.773 E-.02016
G1 X140.906 Y128.792 E-.03491
G1 X140.925 Y128.721 E-.03491
G1 X140.84 Y128.66 E-.0497
G1 X140.756 Y128.6 E-.04903
G1 X138.804 Y126.648 E-1.31129
;WIPE_END
G1 X139.275 Y126.521 F9000
G1 E5 F2400
;WIDTH:0.439999
G1 F1481
G1 X140.756 Y128.002 E.02946
G1 X140.756 Y126.371 E.02294
G1 X139.125 Y126.371 E.02294
G1 X140.261 Y126.785 F9000
;WIDTH:0.54946
G1 F1481
G1 X140.214 Y126.832 E.00118
G1 X140.231 Y126.896 E.00117
G1 X140.295 Y126.913 E.00117
G1 X140.342 Y126.866 E.00118
G1 X140.325 Y126.802 E.00117
G1 E-3.5 F3600
;WIPE_START
G1 F7200
G1 X140.342 Y126.866 E-.03145
G1 X140.295 Y126.913 E-.03157
G1 X140.231 Y126.896 E-.03145
G1 X140.214 Y126.832 E-.03145
G1 X140.261 Y126.785 E-.03157
;WIPE_END
G1 E-1.34251 F3600
G1 X141.179 Y129.331 F9000
G1 E5 F2400
;TYPE:Internal infill
;WIDTH:0.44
G1 F1481
G1 X141.179 Y126.794 E.03568
G1 X141.602 Y126.371 E.00841
G1 X142.317 Y126.371 E.01006
G1 X143.004 Y127.058 E.01366
G1 X143.004 Y132.942 E.08275
G1 X142.317 Y133.629 E.01366
G1 X141.602 Y133.629 E.01006
G1 X141.179 Y133.206 E.00841
G1 X141.179 Y130.669 E.03568
;LAYER_CHANGE
;Z:1.56
;HEIGHT:0.0799999
;BEFORE_LAYER_CHANGE
G92 E0
;1.56


G1 E-3.5 F3600
;WIPE_START
G1 F7200
G1 X141.179 Y133.206 E-1.20507
G1 X141.602 Y133.629 E-.28415
G1 X141.625 Y133.629 E-.01078
;WIPE_END
G1 Z1.56 F9000
;AFTER_LAYER_CHANGE
;1.56
G1 X132.62 Y130.269
G1 E5 F2400
;TYPE:Perimeter
;WIDTH:0.439999
G1 F1488
G1 X132.586 Y130.968 E.00984
G1 X132.392 Y131.973 E.01439
G1 X132.07 Y132.937 E.01429
G1 X131.625 Y133.851 E.0143
G1 X131.065 Y134.699 E.01429
G1 X130.399 Y135.467 E.0143
G1 X129.638 Y136.141 E.0143
G1 X128.796 Y136.71 E.01429
G1 X127.886 Y137.165 E.01431
G1 X126.925 Y137.496 E.01429
G1 X125.959 Y137.694 E.01387
G1 X125.089 Y137.769 E.01228
G1 X124.065 Y137.719 E.01442
G1 X122.825 Y137.496 E.01772
G1 X121.938 Y137.195 E.01317
G1 X120.954 Y136.71 E.01543
G1 X120.176 Y136.19 E.01316
G1 X119.408 Y135.524 E.0143
G1 X118.734 Y134.763 E.0143
G1 X118.165 Y133.921 E.01429
G1 X117.71 Y133.011 E.01431
G1 X117.379 Y132.05 E.01429
G1 X117.175 Y131.054 E.0143
G1 X117.106 Y130.214 E.01185
G1 X117.164 Y129.032 E.01664
G1 X117.344 Y128.097 E.01339
G1 X117.634 Y127.196 E.01331
G1 X118.032 Y126.338 E.0133
G1 X118.529 Y125.534 E.01329
G1 X118.734 Y125.237 E.00508
G1 X119.351 Y124.533 E.01316
G1 X120.176 Y123.81 E.01543
G1 X120.954 Y123.29 E.01316
G1 X121.864 Y122.835 E.01431
G1 X122.825 Y122.504 E.01429
G1 X123.821 Y122.3 E.0143
G1 X124.661 Y122.231 E.01185
G1 X125.843 Y122.289 E.01664
G1 X126.848 Y122.483 E.01439
G1 X127.812 Y122.805 E.01429
G1 X128.688 Y123.231 E.0137
G1 X129.481 Y123.748 E.01331
G1 X130.205 Y124.356 E.0133
G1 X131.065 Y125.301 E.01797
G1 X131.585 Y126.079 E.01316
G1 X131.935 Y126.777 E.01098
G1 X132.07 Y127.063 E.00445
G1 X132.371 Y127.95 E.01317
G1 X132.575 Y128.946 E.0143
G1 X132.644 Y129.786 E.01185
G1 X132.623 Y130.209 E.00596
G1 X132.213 Y130.19 F9000
;TYPE:External perimeter
;WIDTH:0.419999
G1 F1488
G1 X132.173 Y130.945 E.01013
G1 X131.987 Y131.892 E.01293
G1 X131.679 Y132.804 E.0129
G1 X131.255 Y133.668 E.01289
G1 X130.722 Y134.47 E.0129
G1 X130.088 Y135.195 E.0129
G1 X129.366 Y135.831 E.01289
G1 X128.566 Y136.367 E.0129
G1 X127.704 Y136.794 E.01289
G1 X126.793 Y137.105 E.0129
G1 X125.878 Y137.289 E.0125
G1 X125.057 Y137.357 E.01104
G1 X124.087 Y137.307 E.01301
G1 X123.217 Y137.159 E.01182
G1 X122.363 Y136.904 E.01194
G1 X122.046 Y136.794 E.0045
G1 X121.207 Y136.38 E.01254
G1 X120.384 Y135.831 E.01325
G1 X119.68 Y135.213 E.01255
G1 X119.044 Y134.491 E.01289
G1 X118.508 Y133.691 E.0129
G1 X118.081 Y132.829 E.01289
G1 X117.77 Y131.918 E.0129
G1 X117.58 Y130.974 E.0129
G1 X117.518 Y130.182 E.01064
G1 X117.577 Y129.055 E.01512
G1 X117.749 Y128.178 E.01197
G1 X118.025 Y127.329 E.01196
G1 X118.402 Y126.52 E.01196
G1 X119.044 Y125.509 E.01605
G1 X119.662 Y124.805 E.01255
G1 X120.405 Y124.153 E.01324
G1 X121.184 Y123.633 E.01255
G1 X122.046 Y123.206 E.01289
G1 X122.957 Y122.895 E.0129
G1 X123.901 Y122.705 E.0129
G1 X124.693 Y122.643 E.01064
G1 X125.82 Y122.702 E.01512
G1 X126.767 Y122.888 E.01293
G1 X127.679 Y123.196 E.0129
G1 X128.505 Y123.601 E.01233
G1 X129.251 Y124.091 E.01196
G1 X129.933 Y124.667 E.01196
G1 X130.722 Y125.53 E.01567
G1 X131.242 Y126.309 E.01255
G1 X131.565 Y126.96 E.00974
G1 X131.679 Y127.196 E.00351
G1 X131.98 Y128.082 E.01254
G1 X132.17 Y129.026 E.0129
G1 X132.232 Y129.818 E.01064
G1 X132.216 Y130.13 E.00419
G1 X133.048 Y130.13 F9000
;TYPE:Perimeter
;WIDTH:0.439999
G1 F1488
G1 X133.066 Y129.753 E.00531
G1 X132.989 Y128.863 E.01256
G1 X132.772 Y127.814 E.01506
G1 X132.471 Y126.927 E.01317
G1 X132.314 Y126.59 E.00523
;WIDTH:0.478578
G1 X131.889 Y125.738 E.01461
G1 X132.09 Y125.888 E.00385
;WIDTH:0.453462
G1 X132.653 Y126.046 E.00849
;WIDTH:0.439999
G1 X143.329 Y126.046 E.15014
G1 X143.329 Y130 E.05561
G1 X143.329 Y133.954 E.05561
G1 X132.653 Y133.954 E.15014
;WIDTH:0.481342
G1 X132.083 Y134.1 E.00908
;WIDTH:0.50483
G1 X131.964 Y134.173 E.00226
G1 X132.023 Y134.047 E.00226
;WIDTH:0.481342
G1 X132.471 Y133.073 E.01655
;WIDTH:0.439999
G1 X132.807 Y132.055 E.01508
G1 X133.008 Y130.99 E.01524
G1 X133.045 Y130.19 E.01126
G1 E-3.5 F3600
;WIPE_START
G1 F7200
G1 X133.048 Y130.13 E-.02854
G1 X133.066 Y129.753 E-.17928
G1 X132.989 Y128.863 E-.42433
G1 X132.772 Y127.814 E-.50882
G1 X132.529 Y127.098 E-.35903
;WIPE_END
G1 X131.964 Y134.173 F9000
G1 E5 F2400
;WIDTH:0.50483
G1 F1488
G1 X131.689 Y134.553 E.00761
;WIDTH:0.469449
G1 X131.414 Y134.932 E.00704
;WIDTH:0.435336
G1 X130.715 Y135.744 E.0149
;WIDTH:0.437196
G1 X129.916 Y136.458 E.01497
;WIDTH:0.439642
G1 X129.03 Y137.062 E.01507
;WIDTH:0.442684
G1 X128.074 Y137.545 E.01516
;WIDTH:0.446308
G1 X127.062 Y137.9 E.01531
;WIDTH:0.4503
G1 X126.042 Y138.114 E.01501
G1 X125.122 Y138.192 E.0133
;WIDTH:0.45848
G1 X124.041 Y138.151 E.01588
;WIDTH:0.458798
G1 X123.052 Y137.988 E.01472
;WIDTH:0.460448
G1 X122.091 Y137.705 E.01477
;WIDTH:0.461508
G1 X121.171 Y137.307 E.01481
G1 X120.721 Y137.059 E.00759
;WIDTH:0.433446
G1 X119.943 Y136.539 E.01296
;WIDTH:0.461856
G1 X119.511 Y136.191 E.0082
G1 X119.132 Y135.839 E.00765
;WIDTH:0.433724
G1 X118.418 Y135.04 E.01485
;WIDTH:0.434748
G1 X117.815 Y134.154 E.01489
;WIDTH:0.436366
G1 X117.333 Y133.197 E.01494
;WIDTH:0.43857
G1 X116.979 Y132.186 E.01501
;WIDTH:0.441368
G1 X116.76 Y131.137 E.01512
G1 X116.686 Y130.247 E.0126
;WIDTH:0.448768
G1 X116.738 Y129.009 E.01779
;WIDTH:0.45239
G1 X116.923 Y128.013 E.01466
;WIDTH:0.455468
G1 X117.227 Y127.058 E.01461
;WIDTH:0.457948
G1 X117.644 Y126.147 E.01469
;WIDTH:0.459842
G1 X118.17 Y125.293 E.01477
;WIDTH:0.461144
G1 X118.795 Y124.51 E.01479
;WIDTH:0.461856
G1 X119.511 Y123.809 E.01482
G1 X119.943 Y123.461 E.0082
;WIDTH:0.433448
G1 X120.721 Y122.941 E.01296
;WIDTH:0.461506
G1 X121.171 Y122.693 E.00759
G1 X121.678 Y122.459 E.00825
;WIDTH:0.434254
G1 X122.69 Y122.106 E.01487
;WIDTH:0.43563
G1 X123.739 Y121.888 E.01491
G1 X124.628 Y121.813 E.01242
;WIDTH:0.44043
G1 X125.865 Y121.867 E.01743
;WIDTH:0.443288
G1 X126.93 Y122.067 E.01536
;WIDTH:0.447022
G1 X127.949 Y122.401 E.01533
;WIDTH:0.450954
G1 X128.877 Y122.847 E.01486
;WIDTH:0.45427
G1 X129.72 Y123.39 E.01458
;WIDTH:0.457
G1 X130.49 Y124.032 E.01467
;WIDTH:0.459134
G1 X131.175 Y124.763 E.01473
;WIDTH:0.463666
G1 X131.807 Y125.628 E.01591
;WIDTH:0.478578
G1 X131.889 Y125.738 E.00211
G1 X132.391 Y125.527 F9000
;WIDTH:0.439999
G1 F1488
G1 X132.653 Y125.623 E.00392
G1 X143.752 Y125.623 E.15609
G1 X143.752 Y130 E.06156
G1 X143.752 Y134.377 E.06156
G1 X132.653 Y134.377 E.15609
G1 X132.322 Y134.474 E.00485
G1 X132.157 Y134.628 E.00317
G1 X131.509 Y135.514 E.01544
G1 X130.786 Y136.283 E.01484
G1 X129.974 Y136.957 E.01484
G1 X129.087 Y137.528 E.01484
G1 X128.136 Y137.986 E.01484
G1 X127.137 Y138.324 E.01483
G1 X126.103 Y138.538 E.01485
G1 X125.052 Y138.624 E.01483
G1 X123.997 Y138.581 E.01485
G1 X122.956 Y138.41 E.01484
G1 X121.944 Y138.113 E.01483
G1 X120.975 Y137.694 E.01485
G1 X120.065 Y137.16 E.01484
G1 X119.226 Y136.519 E.01485
G1 X118.473 Y135.781 E.01483
G1 X117.815 Y134.956 E.01484
G1 X117.262 Y134.057 E.01484
G1 X116.824 Y133.097 E.01484
G1 X116.506 Y132.091 E.01484
G1 X116.314 Y131.053 E.01485
G1 X116.249 Y130 E.01484
G1 X116.314 Y128.947 E.01484
G1 X116.506 Y127.909 E.01485
G1 X116.824 Y126.903 E.01484
G1 X117.262 Y125.943 E.01484
G1 X117.815 Y125.044 E.01484
G1 X118.473 Y124.219 E.01484
G1 X119.226 Y123.481 E.01483
G1 X120.065 Y122.84 E.01485
G1 X120.975 Y122.306 E.01484
G1 X121.944 Y121.887 E.01485
G1 X122.956 Y121.59 E.01483
G1 X123.997 Y121.419 E.01484
G1 X125.052 Y121.376 E.01485
G1 X126.103 Y121.462 E.01483
G1 X127.137 Y121.676 E.01485
G1 X128.136 Y122.014 E.01483
G1 X129.087 Y122.472 E.01484
G1 X129.974 Y123.043 E.01484
G1 X130.786 Y123.717 E.01484
G1 X131.49 Y124.467 E.01447
G1 X132.257 Y125.478 E.01785
G1 X132.334 Y125.506 E.00115
G1 X132.572 Y125.169 F9000
;TYPE:External perimeter
;WIDTH:0.419999
G1 F1488
G1 X132.653 Y125.21 E.00122
G1 X144.165 Y125.21 E.15424
G1 X144.165 Y130 E.06418
G1 X144.165 Y134.79 E.06418
G1 X132.653 Y134.79 E.15424
G1 X132.49 Y134.872 E.00244
G1 X131.827 Y135.778 E.01504
G1 X131.069 Y136.584 E.01482
G1 X130.219 Y137.291 E.01481
G1 X129.289 Y137.889 E.01481
G1 X128.292 Y138.369 E.01483
G1 X127.245 Y138.723 E.01481
G1 X126.162 Y138.947 E.01482
G1 X125.06 Y139.038 E.01482
G1 X123.955 Y138.993 E.01482
G1 X122.864 Y138.813 E.01482
G1 X121.803 Y138.502 E.01481
G1 X120.788 Y138.063 E.01482
G1 X119.834 Y137.504 E.01481
G1 X118.956 Y136.832 E.01481
G1 X118.166 Y136.058 E.01482
G1 X117.476 Y135.194 E.01481
G1 X116.897 Y134.251 E.01483
G1 X116.438 Y133.245 E.01482
G1 X116.105 Y132.191 E.01481
G1 X115.903 Y131.104 E.01481
G1 X115.835 Y130 E.01482
G1 X115.903 Y128.896 E.01482
G1 X116.105 Y127.809 E.01481
G1 X116.438 Y126.755 E.01481
G1 X116.897 Y125.749 E.01482
G1 X117.476 Y124.806 E.01483
G1 X118.166 Y123.942 E.01481
G1 X118.956 Y123.168 E.01482
G1 X119.834 Y122.496 E.01481
G1 X120.788 Y121.937 E.01481
G1 X121.803 Y121.498 E.01482
G1 X122.864 Y121.187 E.01481
G1 X123.955 Y121.007 E.01482
G1 X125.06 Y120.962 E.01482
G1 X126.162 Y121.053 E.01482
G1 X127.245 Y121.277 E.01482
G1 X128.292 Y121.631 E.01481
G1 X129.289 Y122.111 E.01483
G1 X130.219 Y122.709 E.01481
G1 X131.069 Y123.416 E.01481
G1 X131.827 Y124.222 E.01482
G1 X132.49 Y125.128 E.01504
G1 X132.518 Y125.142 E.00042
G1 E-3.5 F3600
;WIPE_START
G1 F7200
G1 X132.572 Y125.169 E-.02868
G1 X132.653 Y125.21 E-.04312
G1 X135.66 Y125.21 E-1.4282
;WIPE_END
G1 X135.927 Y126.419 F9000
G1 E5 F2400
;TYPE:Solid infill
;WIDTH:0.570554
G1 F1488
G1 X135.878 Y126.37 E.00128
G1 X135.811 Y126.388 E.00128
G1 X135.793 Y126.454 E.00126
G1 X135.842 Y126.503 E.00128
G1 X135.909 Y126.485 E.00128
;WIDTH:0.439999
G1 X136.616 Y126.371 E.01007
G1 X135.725 Y127.268 E.01778
;WIDTH:0.398584
G1 X135.655 Y127.343 E.0013
;WIDTH:0.357168
G1 X135.584 Y127.324 E.00083
G1 X135.603 Y127.395 E.00083
G1 X135.644 Y127.384 E.00048
;WIDTH:0.439999
G1 X135.795 Y127.79 E.00609
G1 X137.213 Y126.371 E.02821
G1 X137.811 Y126.371 E.00841
G1 X135.795 Y128.388 E.04011
G1 X135.795 Y128.986 E.00841
G1 X138.409 Y126.371 E.052
G1 X139.007 Y126.371 E.00841
G1 X135.795 Y129.584 E.06389
G1 X135.795 Y130.182 E.00841
G1 X139.605 Y126.371 E.07579
G1 X140.203 Y126.371 E.00841
G1 X135.795 Y130.78 E.08768
G1 X135.795 Y131.378 E.00841
G1 X140.801 Y126.371 E.09957
G1 X140.955 Y126.815 E.00661
G1 X135.795 Y131.976 E.10264
G1 X135.795 Y132.574 E.00841
G1 X140.955 Y127.413 E.10264
G1 X140.955 Y128.011 E.00841
G1 X135.795 Y133.172 E.10264
G1 X135.708 Y133.776 E.00858
;WIDTH:0.357168
G1 X135.667 Y133.787 E.00048
G1 X135.647 Y133.716 E.00083
G1 X135.719 Y133.735 E.00084
;WIDTH:0.398584
G1 X135.827 Y133.682 E.00153
;WIDTH:0.439999
G1 X135.936 Y133.629 E.0017
G1 X140.955 Y128.609 E.09983
G1 X140.955 Y129.207 E.00841
G1 X136.534 Y133.629 E.08794
G1 X137.132 Y133.629 E.00841
G1 X140.955 Y129.805 E.07604
G1 X140.955 Y130.403 E.00841
G1 X137.73 Y133.629 E.06415
G1 X138.328 Y133.629 E.00841
G1 X140.955 Y131.001 E.05226
G1 X140.955 Y131.599 E.00841
G1 X138.926 Y133.629 E.04036
G1 E-3.5 F3600
;WIPE_START
G1 F7200
G1 X140.955 Y131.599 E-1.36332
G1 X140.955 Y131.311 E-.13668
;WIPE_END
G1 X140.806 Y132.346 F9000
G1 E5 F2400
G1 F1488
G1 X139.524 Y133.629 E.02551
G1 X140.955 Y133.629 E.02012
G1 X140.955 Y132.197 E.02014
G1 X141.378 Y130.868 F9000
;TYPE:Internal infill
;WIDTH:0.44
G1 F1488
G1 X141.378 Y133.405 E.03568
G1 X141.602 Y133.629 E.00446
G1 X142.317 Y133.629 E.01006
G1 X143.004 Y132.942 E.01366
G1 X143.004 Y127.058 E.08275
G1 X142.317 Y126.371 E.01366
G1 X141.602 Y126.371 E.01006
G1 X141.378 Y126.595 E.00446
G1 X141.378 Y129.132 E.03568
G1 E-3.5 F3600
;WIPE_START
G1 F7200
G1 X141.378 Y126.595 E-1.20508
G1 X141.602 Y126.371 E-.15047
G1 X141.906 Y126.371 E-.14445
;WIPE_END
G1 X133.375 Y129.599 F9000
G1 E5 F2400
G1 F1488
G1 X133.331 Y128.955 E.00908
G1 X133.125 Y127.875 E.01546
G1 X132.878 Y127.122 E.01114
G1 X133.629 Y126.371 E.01494
G1 X134.344 Y126.371 E.01006
G1 X135.372 Y127.399 E.02045
G1 X135.372 Y132.601 E.07316
G1 X134.344 Y133.629 E.02045
G1 X133.629 Y133.629 E.01006
G1 X132.878 Y132.878 E.01494
G1 X133.125 Y132.125 E.01114
G1 X133.333 Y131.015 E.01588
G1 X133.366 Y130.4 E.00866
;LAYER_CHANGE
;Z:1.64
;HEIGHT:0.08
;BEFORE_LAYER_CHANGE
G92 E0
;1.64


G1 E-3.5 F3600
;WIPE_START
G1 F7200
G1 X133.333 Y131.015 E-.29255
G1 X133.125 Y132.125 E-.53643
G1 X132.878 Y132.878 E-.37643
G1 X133.316 Y133.316 E-.29459
;WIPE_END
G1 Z1.64 F9000
;AFTER_LAYER_CHANGE
;1.64
G1 X132.615 Y130.365
G1 E5 F2400
;TYPE:Perimeter
;WIDTH:0.439999
G1 F1496
G1 X132.586 Y130.968 E.00849
G1 X132.392 Y131.973 E.01439
G1 X132.07 Y132.937 E.01429
G1 X131.625 Y133.851 E.0143
G1 X131.065 Y134.699 E.01429
G1 X130.399 Y135.467 E.0143
G1 X129.638 Y136.141 E.0143
G1 X128.796 Y136.71 E.01429
G1 X127.886 Y137.165 E.01431
G1 X126.925 Y137.496 E.01429
G1 X125.959 Y137.694 E.01387
G1 X125.089 Y137.769 E.01228
G1 X124.065 Y137.719 E.01442
G1 X122.825 Y137.496 E.01772
G1 X121.938 Y137.195 E.01317
G1 X120.954 Y136.71 E.01543
G1 X120.176 Y136.19 E.01316
G1 X119.408 Y135.524 E.0143
G1 X118.734 Y134.763 E.0143
G1 X118.165 Y133.921 E.01429
G1 X117.71 Y133.011 E.01431
G1 X117.379 Y132.05 E.01429
G1 X117.175 Y131.054 E.0143
G1 X117.106 Y130.214 E.01185
G1 X117.164 Y129.032 E.01664
G1 X117.344 Y128.097 E.01339
G1 X117.634 Y127.196 E.01331
G1 X118.032 Y126.338 E.0133
G1 X118.529 Y125.534 E.01329
G1 X118.734 Y125.237 E.00508
G1 X119.351 Y124.533 E.01316
G1 X120.176 Y123.81 E.01543
G1 X120.954 Y123.29 E.01316
G1 X121.864 Y122.835 E.01431
G1 X122.825 Y122.504 E.01429
G1 X123.821 Y122.3 E.0143
G1 X124.661 Y122.231 E.01185
G1 X125.843 Y122.289 E.01664
G1 X126.848 Y122.483 E.01439
G1 X127.812 Y122.805 E.01429
G1 X128.688 Y123.231 E.0137
G1 X129.481 Y123.748 E.01331
G1 X130.205 Y124.356 E.0133
G1 X131.065 Y125.301 E.01797
G1 X131.585 Y126.079 E.01316
G1 X131.935 Y126.777 E.01098
G1 X132.07 Y127.063 E.00445
G1 X132.371 Y127.95 E.01317
G1 X132.575 Y128.946 E.0143
G1 X132.644 Y129.786 E.01185
G1 X132.618 Y130.305 E.00731
G1 X132.208 Y130.286 F9000
;TYPE:External perimeter
;WIDTH:0.419999
G1 F1496
G1 X132.173 Y130.945 E.00884
G1 X131.987 Y131.892 E.01293
G1 X131.679 Y132.804 E.0129
G1 X131.255 Y133.668 E.01289
G1 X130.722 Y134.47 E.0129
G1 X130.088 Y135.195 E.0129
G1 X129.366 Y135.831 E.01289
G1 X128.566 Y136.367 E.0129
G1 X127.704 Y136.794 E.01289
G1 X126.793 Y137.105 E.0129
G1 X125.878 Y137.289 E.0125
G1 X125.057 Y137.357 E.01104
G1 X124.087 Y137.307 E.01301
G1 X123.217 Y137.159 E.01182
G1 X122.363 Y136.904 E.01194
G1 X122.046 Y136.794 E.0045
G1 X121.207 Y136.38 E.01254
G1 X120.384 Y135.831 E.01325
G1 X119.68 Y135.213 E.01255
G1 X119.044 Y134.491 E.01289
G1 X118.508 Y133.691 E.0129
G1 X118.081 Y132.829 E.01289
G1 X117.77 Y131.918 E.0129
G1 X117.58 Y130.974 E.0129
G1 X117.518 Y130.182 E.01064
G1 X117.577 Y129.055 E.01512
G1 X117.749 Y128.178 E.01197
G1 X118.025 Y127.329 E.01196
G1 X118.402 Y126.52 E.01196
G1 X119.044 Y125.509 E.01605
G1 X119.662 Y124.805 E.01255
G1 X120.405 Y124.153 E.01324
G1 X121.184 Y123.633 E.01255
G1 X122.046 Y123.206 E.01289
G1 X122.957 Y122.895 E.0129
G1 X123.901 Y122.705 E.0129
G1 X124.693 Y122.643 E.01064
G1 X125.82 Y122.702 E.01512
G1 X126.767 Y122.888 E.01293
G1 X127.679 Y123.196 E.0129
G1 X128.505 Y123.601 E.01233
G1 X129.251 Y124.091 E.01196
G1 X129.933 Y124.667 E.01196
G1 X130.722 Y125.53 E.01567
G1 X131.242 Y126.309 E.01255
G1 X131.565 Y126.96 E.00974
G1 X131.679 Y127.196 E.00351
G1 X131.98 Y128.082 E.01254
G1 X132.17 Y129.026 E.0129
G1 X132.232 Y129.818 E.01064
G1 X132.211 Y130.226 E.00547
G1 X133.042 Y130.265 F9000
;TYPE:Perimeter
;WIDTH:0.439999
G1 F1496
G1 X133.066 Y129.753 E.00721
G1 X132.989 Y128.863 E.01256
G1 X132.772 Y127.814 E.01506
G1 X132.471 Y126.927 E.01317
G1 X132.314 Y126.59 E.00523
;WIDTH:0.478578
G1 X131.889 Y125.738 E.01461
G1 X132.09 Y125.888 E.00385
;WIDTH:0.453461
G1 X132.653 Y126.046 E.00849
;WIDTH:0.439999
G1 X143.329 Y126.046 E.15014
G1 X143.329 Y130 E.05561
G1 X143.329 Y133.954 E.05561
G1 X132.653 Y133.954 E.15014
;WIDTH:0.481343
G1 X132.083 Y134.1 E.00908
;WIDTH:0.504832
G1 X131.964 Y134.173 E.00226
G1 X132.023 Y134.047 E.00226
;WIDTH:0.481343
G1 X132.471 Y133.073 E.01655
;WIDTH:0.439999
G1 X132.807 Y132.055 E.01508
G1 X133.008 Y130.99 E.01524
G1 X133.039 Y130.325 E.00936
G1 E-3.5 F3600
;WIPE_START
G1 F7200
G1 X133.042 Y130.265 E-.02854
G1 X133.066 Y129.753 E-.24347
G1 X132.989 Y128.863 E-.42433
G1 X132.772 Y127.814 E-.50882
G1 X132.572 Y127.226 E-.29484
;WIPE_END
G1 X131.964 Y134.173 F9000
G1 E5 F2400
;WIDTH:0.504832
G1 F1496
G1 X131.689 Y134.553 E.00761
;WIDTH:0.46945
G1 X131.414 Y134.932 E.00704
;WIDTH:0.435336
G1 X130.715 Y135.744 E.0149
;WIDTH:0.437196
G1 X129.916 Y136.458 E.01497
;WIDTH:0.439642
G1 X129.03 Y137.062 E.01507
;WIDTH:0.442684
G1 X128.074 Y137.545 E.01516
;WIDTH:0.446308
G1 X127.062 Y137.9 E.01531
;WIDTH:0.450298
G1 X126.042 Y138.114 E.01501
G1 X125.122 Y138.192 E.0133
;WIDTH:0.45848
G1 X124.041 Y138.151 E.01588
;WIDTH:0.458798
G1 X123.052 Y137.988 E.01472
;WIDTH:0.46045
G1 X122.091 Y137.705 E.01477
;WIDTH:0.461508
G1 X121.171 Y137.307 E.01481
G1 X120.721 Y137.059 E.00759
;WIDTH:0.433446
G1 X119.943 Y136.539 E.01296
;WIDTH:0.461854
G1 X119.511 Y136.191 E.0082
G1 X119.132 Y135.839 E.00765
;WIDTH:0.433724
G1 X118.418 Y135.04 E.01485
;WIDTH:0.434748
G1 X117.815 Y134.154 E.01489
;WIDTH:0.436366
G1 X117.333 Y133.197 E.01494
;WIDTH:0.43857
G1 X116.979 Y132.186 E.01501
;WIDTH:0.441368
G1 X116.76 Y131.137 E.01512
G1 X116.686 Y130.247 E.0126
;WIDTH:0.448768
G1 X116.738 Y129.009 E.01779
;WIDTH:0.452388
G1 X116.923 Y128.013 E.01466
;WIDTH:0.455468
G1 X117.227 Y127.058 E.01461
;WIDTH:0.457948
G1 X117.644 Y126.147 E.01469
;WIDTH:0.459842
G1 X118.17 Y125.293 E.01477
;WIDTH:0.461146
G1 X118.795 Y124.51 E.01479
;WIDTH:0.461856
G1 X119.511 Y123.809 E.01482
G1 X119.943 Y123.461 E.0082
;WIDTH:0.433448
G1 X120.721 Y122.941 E.01296
;WIDTH:0.461508
G1 X121.171 Y122.693 E.00759
G1 X121.678 Y122.459 E.00825
;WIDTH:0.434252
G1 X122.69 Y122.106 E.01487
;WIDTH:0.43563
G1 X123.739 Y121.888 E.01491
G1 X124.628 Y121.813 E.01242
;WIDTH:0.44043
G1 X125.865 Y121.867 E.01743
;WIDTH:0.443286
G1 X126.93 Y122.067 E.01536
;WIDTH:0.447022
G1 X127.949 Y122.401 E.01533
;WIDTH:0.450954
G1 X128.877 Y122.847 E.01486
;WIDTH:0.45427
G1 X129.72 Y123.39 E.01458
;WIDTH:0.456998
G1 X130.49 Y124.032 E.01467
;WIDTH:0.459132
G1 X131.175 Y124.763 E.01473
;WIDTH:0.463666
G1 X131.807 Y125.628 E.01591
;WIDTH:0.478578
G1 X131.889 Y125.738 E.00211
G1 X132.391 Y125.527 F9000
;WIDTH:0.439999
G1 F1496
G1 X132.653 Y125.623 E.00392
G1 X143.752 Y125.623 E.15609
G1 X143.752 Y130 E.06156
G1 X143.752 Y134.377 E.06156
G1 X132.653 Y134.377 E.15609
G1 X132.322 Y134.474 E.00485
G1 X132.157 Y134.628 E.00317
G1 X131.509 Y135.514 E.01544
G1 X130.786 Y136.283 E.01484
G1 X129.974 Y136.957 E.01484
G1 X129.087 Y137.528 E.01484
G1 X128.136 Y137.986 E.01484
G1 X127.137 Y138.324 E.01483
G1 X126.103 Y138.538 E.01485
G1 X125.052 Y138.624 E.01483
G1 X123.997 Y138.581 E.01485
G1 X122.956 Y138.41 E.01484
G1 X121.944 Y138.113 E.01483
G1 X120.975 Y137.694 E.01485
G1 X120.065 Y137.16 E.01484
G1 X119.226 Y136.519 E.01485
G1 X118.473 Y135.781 E.01483
G1 X117.815 Y134.956 E.01484
G1 X117.262 Y134.057 E.01484
G1 X116.824 Y133.097 E.01484
G1 X116.506 Y132.091 E.01484
G1 X116.314 Y131.053 E.01485
G1 X116.249 Y130 E.01484
G1 X116.314 Y128.947 E.01484
G1 X116.506 Y127.909 E.01485
G1 X116.824 Y126.903 E.01484
G1 X117.262 Y125.943 E.01484
G1 X117.815 Y125.044 E.01484
G1 X118.473 Y124.219 E.01484
G1 X119.226 Y123.481 E.01483
G1 X120.065 Y122.84 E.01485
G1 X120.975 Y122.306 E.01484
G1 X121.944 Y121.887 E.01485
G1 X122.956 Y121.59 E.01483
G1 X123.997 Y121.419 E.01484
G1 X125.052 Y121.376 E.01485
G1 X126.103 Y121.462 E.01483
G1 X127.137 Y121.676 E.01485
G1 X128.136 Y122.014 E.01483
G1 X129.087 Y122.472 E.01484
G1 X129.974 Y123.043 E.01484
G1 X130.786 Y123.717 E.01484
G1 X131.49 Y124.467 E.01447
G1 X132.257 Y125.478 E.01785
G1 X132.334 Y125.506 E.00115
G1 X132.572 Y125.169 F9000
;TYPE:External perimeter
;WIDTH:0.419999
G1 F1496
G1 X132.653 Y125.21 E.00122
G1 X144.165 Y125.21 E.15424
G1 X144.165 Y130 E.06418
G1 X144.165 Y134.79 E.06418
G1 X132.653 Y134.79 E.15424
G1 X132.49 Y134.872 E.00244
G1 X131.827 Y135.778 E.01504
G1 X131.069 Y136.584 E.01482
G1 X130.219 Y137.291 E.01481
G1 X129.289 Y137.889 E.01481
G1 X128.292 Y138.369 E.01483
G1 X127.245 Y138.723 E.01481
G1 X126.162 Y138.947 E.01482
G1 X125.06 Y139.038 E.01482
G1 X123.955 Y138.993 E.01482
G1 X122.864 Y138.813 E.01482
G1 X121.803 Y138.502 E.01481
G1 X120.788 Y138.063 E.01482
G1 X119.834 Y137.504 E.01481
G1 X118.956 Y136.832 E.01481
G1 X118.166 Y136.058 E.01482
G1 X117.476 Y135.194 E.01481
G1 X116.897 Y134.251 E.01483
G1 X116.438 Y133.245 E.01482
G1 X116.105 Y132.191 E.01481
G1 X115.903 Y131.104 E.01481
G1 X115.835 Y130 E.01482
G1 X115.903 Y128.896 E.01482
G1 X116.105 Y127.809 E.01481
G1 X116.438 Y126.755 E.01481
G1 X116.897 Y125.749 E.01482
G1 X117.476 Y124.806 E.01483
G1 X118.166 Y123.942 E.01481
G1 X118.956 Y123.168 E.01482
G1 X119.834 Y122.496 E.01481
G1 X120.788 Y121.937 E.01481
G1 X121.803 Y121.498 E.01482
G1 X122.864 Y121.187 E.01481
G1 X123.955 Y121.007 E.01482
G1 X125.06 Y120.962 E.01482
G1 X126.162 Y121.053 E.01482
G1 X127.245 Y121.277 E.01482
G1 X128.292 Y121.631 E.01481
G1 X129.289 Y122.111 E.01483
G1 X130.219 Y122.709 E.01481
G1 X131.069 Y123.416 E.01481
G1 X131.827 Y124.222 E.01482
G1 X132.49 Y125.128 E.01504
G1 X132.518 Y125.142 E.00042
G1 E-3.5 F3600
;WIPE_START
G1 F7200
G1 X132.572 Y125.169 E-.02868
G1 X132.653 Y125.21 E-.04312
G1 X135.66 Y125.21 E-1.4282
;WIPE_END
G1 X133.375 Y129.599 F9000
G1 E5 F2400
;TYPE:Internal infill
;WIDTH:0.44
G1 F1496
G1 X133.331 Y128.955 E.00908
G1 X133.125 Y127.875 E.01546
G1 X132.878 Y127.122 E.01114
G1 X133.629 Y126.371 E.01494
G1 X134.344 Y126.371 E.01006
G1 X135.209 Y127.236 E.0172
G1 X135.209 Y132.764 E.07774
G1 X134.344 Y133.629 E.0172
G1 X133.629 Y133.629 E.01006
G1 X132.878 Y132.878 E.01494
G1 X133.125 Y132.125 E.01114
G1 X133.333 Y131.015 E.01588
G1 X133.366 Y130.4 E.00866
G1 E-3.5 F3600
;WIPE_START
G1 F7200
G1 X133.333 Y131.015 E-.29255
G1 X133.125 Y132.125 E-.53643
G1 X132.878 Y132.878 E-.37643
G1 X133.316 Y133.316 E-.29459
;WIPE_END
G1 X135.679 Y133.497 F9000
G1 E5 F2400
;TYPE:Solid infill
;WIDTH:0.570556
G1 F1496
G1 X135.63 Y133.546 E.00128
G1 X135.648 Y133.612 E.00126
G1 X135.715 Y133.63 E.00128
G1 X135.764 Y133.581 E.00128
G1 X135.746 Y133.515 E.00126
G1 X136.604 Y133.768 F9000
;WIDTH:0.357168
G1 F1496
G1 X136.585 Y133.839 E.00083
G1 X136.656 Y133.82 E.00083
G1 X136.645 Y133.779 E.00048
;WIDTH:0.398584
G1 X136.549 Y133.704 E.00155
;WIDTH:0.439999
G1 X136.453 Y133.629 E.00171
G1 X135.632 Y132.808 E.01633
G1 X135.557 Y132.712 E.00171
;WIDTH:0.398584
G1 X135.482 Y132.616 E.00155
;WIDTH:0.357168
G1 X135.493 Y132.657 E.00048
G1 X135.421 Y132.676 E.00084
G1 X135.44 Y132.605 E.00083
;WIDTH:0.439999
G1 X135.632 Y132.21 E.00618
G1 X137.051 Y133.629 E.02822
G1 X137.649 Y133.629 E.00841
G1 X135.632 Y131.612 E.04012
G1 X135.632 Y131.014 E.00841
G1 X138.247 Y133.629 E.05201
G1 X138.845 Y133.629 E.00841
G1 X135.632 Y130.416 E.0639
G1 X135.632 Y129.818 E.00841
G1 X139.443 Y133.629 E.0758
G1 X140.041 Y133.629 E.00841
G1 X135.632 Y129.22 E.08769
G1 X135.632 Y128.622 E.00841
G1 X140.639 Y133.629 E.09958
G1 X141.274 Y133.724 E.00903
;WIDTH:0.357168
G1 X141.285 Y133.765 E.00048
G1 X141.214 Y133.784 E.00083
G1 X141.233 Y133.713 E.00083
;WIDTH:0.398584
G1 X141.175 Y133.612 E.00148
;WIDTH:0.439999
G1 X141.118 Y133.51 E.00164
G1 X135.632 Y128.024 E.10911
G1 X135.632 Y127.426 E.00841
G1 X141.118 Y132.912 E.10911
G1 X141.118 Y132.314 E.00841
G1 X135.632 Y126.828 E.10911
G1 X135.504 Y126.213 E.00883
;WIDTH:0.357168
G1 X135.485 Y126.284 E.00083
G1 X135.556 Y126.265 E.00083
G1 X135.545 Y126.224 E.00048
;WIDTH:0.398584
G1 X135.659 Y126.298 E.00172
;WIDTH:0.439999
G1 X135.773 Y126.371 E.0019
G1 X141.118 Y131.716 E.1063
G1 X141.118 Y131.118 E.00841
G1 X136.371 Y126.371 E.09441
G1 X136.969 Y126.371 E.00841
G1 X141.118 Y130.52 E.08252
G1 X141.118 Y129.922 E.00841
G1 X137.567 Y126.371 E.07062
G1 X138.165 Y126.371 E.00841
G1 X141.118 Y129.324 E.05873
G1 X141.118 Y128.727 E.0084
G1 X138.763 Y126.371 E.04685
G1 X139.361 Y126.371 E.00841
G1 X141.118 Y128.129 E.03495
G1 X140.263 Y126.585 F9000
;WIDTH:0.568137
G1 F1496
G1 X141.054 Y127.376 E.0205
G1 X141.054 Y126.435 E.01724
G1 X140.113 Y126.435 E.01724
G1 E-3.5 F3600
;WIPE_START
G1 F7200
G1 X141.054 Y126.435 E-.44698
G1 X141.054 Y127.376 E-.44698
G1 X140.263 Y126.585 E-.53136
;WIPE_END
G1 E-.07468 F3600
G1 X141.541 Y128.132 F9000
G1 E5 F2400
;TYPE:Internal infill
;WIDTH:0.44
G1 F1496
G1 X141.541 Y126.371 E.02477
G1 X142.317 Y126.371 E.01091
G1 X143.004 Y127.058 E.01366
G1 X143.004 Y132.942 E.08275
G1 X142.317 Y133.629 E.01366
G1 X141.541 Y133.629 E.01091
G1 X141.541 Y131.868 E.02477
;LAYER_CHANGE
;Z:1.72
;HEIGHT:0.08
;BEFORE_LAYER_CHANGE
G92 E0
;1.72


G1 E-3.5 F3600
;WIPE_START
G1 F7200
G1 X141.541 Y133.629 E-.83647
G1 X142.317 Y133.629 E-.3686
G1 X142.756 Y133.19 E-.29493
;WIPE_END
G1 Z1.72 F9000
;AFTER_LAYER_CHANGE
;1.72
G1 X132.586 Y130.966
G1 E5 F2400
;TYPE:Perimeter
;WIDTH:0.439999
G1 F1535
G1 X132.586 Y130.968 E.00003
G1 X132.392 Y131.973 E.01439
G1 X132.07 Y132.937 E.01429
G1 X131.625 Y133.851 E.0143
G1 X131.065 Y134.699 E.01429
G1 X130.399 Y135.467 E.0143
G1 X129.638 Y136.141 E.0143
G1 X128.796 Y136.71 E.01429
G1 X127.886 Y137.165 E.01431
G1 X126.925 Y137.496 E.01429
G1 X125.959 Y137.694 E.01387
G1 X125.089 Y137.769 E.01228
G1 X124.065 Y137.719 E.01442
G1 X122.825 Y137.496 E.01772
G1 X121.938 Y137.195 E.01317
G1 X120.954 Y136.71 E.01543
G1 X120.176 Y136.19 E.01316
G1 X119.408 Y135.524 E.0143
G1 X118.734 Y134.763 E.0143
G1 X118.165 Y133.921 E.01429
G1 X117.71 Y133.011 E.01431
G1 X117.379 Y132.05 E.01429
G1 X117.175 Y131.054 E.0143
G1 X117.106 Y130.214 E.01185
G1 X117.164 Y129.032 E.01664
G1 X117.344 Y128.097 E.01339
G1 X117.634 Y127.196 E.01331
G1 X118.032 Y126.338 E.0133
G1 X118.529 Y125.534 E.01329
G1 X118.734 Y125.237 E.00508
G1 X119.351 Y124.533 E.01316
G1 X120.176 Y123.81 E.01543
G1 X120.954 Y123.29 E.01316
G1 X121.864 Y122.835 E.01431
G1 X122.825 Y122.504 E.01429
G1 X123.821 Y122.3 E.0143
G1 X124.661 Y122.231 E.01185
G1 X125.843 Y122.289 E.01664
G1 X126.848 Y122.483 E.01439
G1 X127.812 Y122.805 E.01429
G1 X128.688 Y123.231 E.0137
G1 X129.481 Y123.748 E.01331
G1 X130.205 Y124.356 E.0133
G1 X131.065 Y125.301 E.01797
G1 X131.585 Y126.079 E.01316
G1 X131.935 Y126.777 E.01098
G1 X132.07 Y127.063 E.00445
G1 X132.371 Y127.95 E.01317
G1 X132.575 Y128.946 E.0143
G1 X132.644 Y129.786 E.01185
G1 X132.589 Y130.906 E.01577
G1 X132.178 Y130.864 F9000
;TYPE:External perimeter
;WIDTH:0.419999
G1 F1500
G1 X132.173 Y130.945 E.00109
G1 X131.987 Y131.892 E.01293
G1 X131.679 Y132.804 E.0129
G1 X131.255 Y133.668 E.01289
G1 X130.722 Y134.47 E.0129
G1 X130.088 Y135.195 E.0129
G1 X129.366 Y135.831 E.01289
G1 X128.566 Y136.367 E.0129
G1 X127.704 Y136.794 E.01289
G1 X126.793 Y137.105 E.0129
G1 X125.878 Y137.289 E.0125
G1 X125.057 Y137.357 E.01104
G1 X124.087 Y137.307 E.01301
G1 X123.217 Y137.159 E.01182
G1 X122.363 Y136.904 E.01194
G1 X122.046 Y136.794 E.0045
G1 X121.207 Y136.38 E.01254
G1 X120.384 Y135.831 E.01325
G1 X119.68 Y135.213 E.01255
G1 X119.044 Y134.491 E.01289
G1 X118.508 Y133.691 E.0129
G1 X118.081 Y132.829 E.01289
G1 X117.77 Y131.918 E.0129
G1 X117.58 Y130.974 E.0129
G1 X117.518 Y130.182 E.01064
G1 X117.577 Y129.055 E.01512
G1 X117.749 Y128.178 E.01197
G1 X118.025 Y127.329 E.01196
G1 X118.402 Y126.52 E.01196
G1 X119.044 Y125.509 E.01605
G1 X119.662 Y124.805 E.01255
G1 X120.405 Y124.153 E.01324
G1 X121.184 Y123.633 E.01255
G1 X122.046 Y123.206 E.01289
G1 X122.957 Y122.895 E.0129
G1 X123.901 Y122.705 E.0129
G1 X124.693 Y122.643 E.01064
G1 X125.82 Y122.702 E.01512
G1 X126.767 Y122.888 E.01293
G1 X127.679 Y123.196 E.0129
G1 X128.505 Y123.601 E.01233
G1 X129.251 Y124.091 E.01196
G1 X129.933 Y124.667 E.01196
G1 X130.722 Y125.53 E.01567
G1 X131.242 Y126.309 E.01255
G1 X131.565 Y126.96 E.00974
G1 X131.679 Y127.196 E.00351
G1 X131.98 Y128.082 E.01254
G1 X132.17 Y129.026 E.0129
G1 X132.232 Y129.818 E.01064
G1 X132.181 Y130.804 E.01323
G1 X133.013 Y130.888 F9000
;TYPE:Perimeter
;WIDTH:0.439999
G1 F1500
G1 X133.066 Y129.753 E.01598
G1 X132.989 Y128.863 E.01256
G1 X132.772 Y127.814 E.01506
G1 X132.471 Y126.927 E.01317
G1 X132.314 Y126.59 E.00523
;WIDTH:0.478578
G1 X131.889 Y125.738 E.01461
G1 X132.09 Y125.888 E.00385
;WIDTH:0.453462
G1 X132.653 Y126.046 E.00849
;WIDTH:0.439999
G1 X143.329 Y126.046 E.15014
G1 X143.329 Y130 E.05561
G1 X143.329 Y133.954 E.05561
G1 X132.653 Y133.954 E.15014
;WIDTH:0.481343
G1 X132.083 Y134.1 E.00908
;WIDTH:0.504832
G1 X131.964 Y134.173 E.00226
G1 X132.023 Y134.047 E.00226
;WIDTH:0.481343
G1 X132.471 Y133.073 E.01655
;WIDTH:0.439999
G1 X132.807 Y132.055 E.01508
G1 X133.008 Y130.99 E.01524
G1 X133.01 Y130.948 E.00059
G1 E-3.5 F3600
;WIPE_START
G1 F7200
G1 X133.013 Y130.888 E-.02854
G1 X133.066 Y129.753 E-.53971
G1 X132.989 Y128.863 E-.42433
G1 X132.772 Y127.817 E-.50742
;WIPE_END
G1 X131.964 Y134.173 F9000
G1 E5 F2400
;WIDTH:0.504832
G1 F1535
G1 X131.689 Y134.553 E.00761
;WIDTH:0.46945
G1 X131.414 Y134.932 E.00704
;WIDTH:0.435336
G1 X130.715 Y135.744 E.0149
;WIDTH:0.437196
G1 X129.916 Y136.458 E.01497
;WIDTH:0.439642
G1 X129.03 Y137.062 E.01507
;WIDTH:0.442682
G1 X128.074 Y137.545 E.01516
;WIDTH:0.44631
G1 X127.062 Y137.9 E.01531
;WIDTH:0.450298
G1 X126.042 Y138.114 E.01501
G1 X125.122 Y138.192 E.0133
;WIDTH:0.45848
G1 X124.041 Y138.151 E.01588
;WIDTH:0.458798
G1 X123.052 Y137.988 E.01472
;WIDTH:0.46045
G1 X122.091 Y137.705 E.01477
;WIDTH:0.461508
G1 X121.171 Y137.307 E.01481
G1 X120.721 Y137.059 E.00759
;WIDTH:0.433446
G1 X119.943 Y136.539 E.01296
;WIDTH:0.461854
G1 X119.511 Y136.191 E.0082
G1 X119.132 Y135.839 E.00765
;WIDTH:0.433724
G1 X118.418 Y135.04 E.01485
;WIDTH:0.434748
G1 X117.815 Y134.154 E.01489
;WIDTH:0.436364
G1 X117.333 Y133.197 E.01494
;WIDTH:0.43857
G1 X116.979 Y132.186 E.01501
;WIDTH:0.441368
G1 X116.76 Y131.137 E.01512
G1 X116.686 Y130.247 E.0126
;WIDTH:0.448768
G1 X116.738 Y129.009 E.01779
;WIDTH:0.45239
G1 X116.923 Y128.013 E.01466
;WIDTH:0.455468
G1 X117.227 Y127.058 E.01461
;WIDTH:0.457948
G1 X117.644 Y126.147 E.01469
;WIDTH:0.459842
G1 X118.17 Y125.293 E.01477
;WIDTH:0.461146
G1 X118.795 Y124.51 E.01479
;WIDTH:0.461856
G1 X119.511 Y123.809 E.01482
G1 X119.943 Y123.461 E.0082
;WIDTH:0.433448
G1 X120.721 Y122.941 E.01296
;WIDTH:0.461508
G1 X121.171 Y122.693 E.00759
G1 X121.678 Y122.459 E.00825
;WIDTH:0.434252
G1 X122.69 Y122.106 E.01487
;WIDTH:0.435628
G1 X123.739 Y121.888 E.01491
G1 X124.628 Y121.813 E.01242
;WIDTH:0.44043
G1 X125.865 Y121.867 E.01743
;WIDTH:0.443286
G1 X126.93 Y122.067 E.01536
;WIDTH:0.447024
G1 X127.949 Y122.401 E.01533
;WIDTH:0.450954
G1 X128.877 Y122.847 E.01486
;WIDTH:0.45427
G1 X129.72 Y123.39 E.01458
;WIDTH:0.457
G1 X130.49 Y124.032 E.01467
;WIDTH:0.459134
G1 X131.175 Y124.763 E.01473
;WIDTH:0.463666
G1 X131.807 Y125.628 E.01591
;WIDTH:0.478578
G1 X131.889 Y125.738 E.00211
G1 X132.391 Y125.527 F9000
;WIDTH:0.439999
G1 F1535
G1 X132.653 Y125.623 E.00392
G1 X143.752 Y125.623 E.15609
G1 X143.752 Y130 E.06156
G1 X143.752 Y134.377 E.06156
G1 X132.653 Y134.377 E.15609
G1 X132.322 Y134.474 E.00485
G1 X132.157 Y134.628 E.00317
G1 X131.509 Y135.514 E.01544
G1 X130.786 Y136.283 E.01484
G1 X129.974 Y136.957 E.01484
G1 X129.087 Y137.528 E.01484
G1 X128.136 Y137.986 E.01484
G1 X127.137 Y138.324 E.01483
G1 X126.103 Y138.538 E.01485
G1 X125.052 Y138.624 E.01483
G1 X123.997 Y138.581 E.01485
G1 X122.956 Y138.41 E.01484
G1 X121.944 Y138.113 E.01483
G1 X120.975 Y137.694 E.01485
G1 X120.065 Y137.16 E.01484
G1 X119.226 Y136.519 E.01485
G1 X118.473 Y135.781 E.01483
G1 X117.815 Y134.956 E.01484
G1 X117.262 Y134.057 E.01484
G1 X116.824 Y133.097 E.01484
G1 X116.506 Y132.091 E.01484
G1 X116.314 Y131.053 E.01485
G1 X116.249 Y130 E.01484
G1 X116.314 Y128.947 E.01484
G1 X116.506 Y127.909 E.01485
G1 X116.824 Y126.903 E.01484
G1 X117.262 Y125.943 E.01484
G1 X117.815 Y125.044 E.01484
G1 X118.473 Y124.219 E.01484
G1 X119.226 Y123.481 E.01483
G1 X120.065 Y122.84 E.01485
G1 X120.975 Y122.306 E.01484
G1 X121.944 Y121.887 E.01485
G1 X122.956 Y121.59 E.01483
G1 X123.997 Y121.419 E.01484
G1 X125.052 Y121.376 E.01485
G1 X126.103 Y121.462 E.01483
G1 X127.137 Y121.676 E.01485
G1 X128.136 Y122.014 E.01483
G1 X129.087 Y122.472 E.01484
G1 X129.974 Y123.043 E.01484
G1 X130.786 Y123.717 E.01484
G1 X131.49 Y124.467 E.01447
G1 X132.257 Y125.478 E.01785
G1 X132.334 Y125.506 E.00115
G1 X132.572 Y125.169 F9000
;TYPE:External perimeter
;WIDTH:0.419999
G1 F1500
G1 X132.653 Y125.21 E.00122
G1 X144.165 Y125.21 E.15424
G1 X144.165 Y130 E.06418
G1 X144.165 Y134.79 E.06418
G1 X132.653 Y134.79 E.15424
G1 X132.49 Y134.872 E.00244
G1 X131.827 Y135.778 E.01504
G1 X131.069 Y136.584 E.01482
G1 X130.219 Y137.291 E.01481
G1 X129.289 Y137.889 E.01481
G1 X128.292 Y138.369 E.01483
G1 X127.245 Y138.723 E.01481
G1 X126.162 Y138.947 E.01482
G1 X125.06 Y139.038 E.01482
G1 X123.955 Y138.993 E.01482
G1 X122.864 Y138.813 E.01482
G1 X121.803 Y138.502 E.01481
G1 X120.788 Y138.063 E.01482
G1 X119.834 Y137.504 E.01481
G1 X118.956 Y136.832 E.01481
G1 X118.166 Y136.058 E.01482
G1 X117.476 Y135.194 E.01481
G1 X116.897 Y134.251 E.01483
G1 X116.438 Y133.245 E.01482
G1 X116.105 Y132.191 E.01481
G1 X115.903 Y131.104 E.01481
G1 X115.835 Y130 E.01482
G1 X115.903 Y128.896 E.01482
G1 X116.105 Y127.809 E.01481
G1 X116.438 Y126.755 E.01481
G1 X116.897 Y125.749 E.01482
G1 X117.476 Y124.806 E.01483
G1 X118.166 Y123.942 E.01481
G1 X118.956 Y123.168 E.01482
G1 X119.834 Y122.496 E.01481
G1 X120.788 Y121.937 E.01481
G1 X121.803 Y121.498 E.01482
G1 X122.864 Y121.187 E.01481
G1 X123.955 Y121.007 E.01482
G1 X125.06 Y120.962 E.01482
G1 X126.162 Y121.053 E.01482
G1 X127.245 Y121.277 E.01482
G1 X128.292 Y121.631 E.01481
G1 X129.289 Y122.111 E.01483
G1 X130.219 Y122.709 E.01481
G1 X131.069 Y123.416 E.01481
G1 X131.827 Y124.222 E.01482
G1 X132.49 Y125.128 E.01504
G1 X132.518 Y125.142 E.00042
G1 E-3.5 F3600
;WIPE_START
G1 F7200
G1 X132.572 Y125.169 E-.02868
G1 X132.653 Y125.21 E-.04312
G1 X135.66 Y125.21 E-1.4282
;WIPE_END
G1 X135.601 Y126.419 F9000
G1 E5 F2400
;TYPE:Solid infill
;WIDTH:0.570556
G1 F1535
G1 X135.552 Y126.37 E.00128
G1 X135.486 Y126.388 E.00126
G1 X135.468 Y126.454 E.00126
G1 X135.517 Y126.503 E.00128
G1 X135.583 Y126.485 E.00126
;WIDTH:0.439999
G1 X135.469 Y127.192 E.01007
G1 X136.29 Y126.371 E.01633
G1 X136.386 Y126.296 E.00171
;WIDTH:0.398584
G1 X136.482 Y126.221 E.00155
;WIDTH:0.357168
G1 X136.441 Y126.232 E.00048
G1 X136.422 Y126.161 E.00083
G1 X136.493 Y126.18 E.00083
;WIDTH:0.439999
G1 X136.888 Y126.371 E.00617
G1 X135.469 Y127.79 E.02822
G1 X135.469 Y128.388 E.00841
G1 X137.486 Y126.371 E.04012
G1 X138.084 Y126.371 E.00841
G1 X135.469 Y128.986 E.05201
G1 X135.469 Y129.584 E.00841
G1 X138.682 Y126.371 E.0639
G1 X139.28 Y126.371 E.00841
G1 X135.469 Y130.182 E.0758
G1 X135.469 Y130.78 E.00841
G1 X139.878 Y126.371 E.08769
G1 X140.476 Y126.371 E.00841
G1 X135.469 Y131.378 E.09958
G1 X135.469 Y131.976 E.00841
G1 X141.074 Y126.371 E.11148
G1 X141.241 Y126.337 E.0024
;WIDTH:0.398584
G1 X141.409 Y126.303 E.00217
;WIDTH:0.357168
G1 X141.368 Y126.314 E.00048
G1 X141.349 Y126.243 E.00083
G1 X141.42 Y126.262 E.00083
;WIDTH:0.439999
G1 X141.281 Y126.762 E.0073
G1 X135.469 Y132.574 E.11559
G1 X135.469 Y133.172 E.00841
G1 X141.281 Y127.36 E.11559
G1 X141.281 Y127.958 E.00841
G1 X135.61 Y133.629 E.11279
G1 X135.502 Y133.682 E.00169
;WIDTH:0.398584
G1 X135.393 Y133.735 E.00154
;WIDTH:0.357168
G1 X135.322 Y133.716 E.00083
G1 X135.341 Y133.787 E.00083
G1 X135.382 Y133.776 E.00048
;WIDTH:0.439999
G1 X136.208 Y133.629 E.0118
G1 X141.281 Y128.556 E.1009
G1 X141.281 Y129.154 E.00841
G1 X136.806 Y133.629 E.089
G1 X137.404 Y133.629 E.00841
G1 X141.281 Y129.752 E.07711
G1 X141.281 Y130.35 E.00841
G1 X138.002 Y133.629 E.06521
G1 X138.6 Y133.629 E.00841
G1 X141.281 Y130.948 E.05332
G1 X141.281 Y131.546 E.00841
G1 X139.198 Y133.629 E.04143
G1 E-3.5 F3600
;WIPE_START
G1 F7200
G1 X141.281 Y131.546 E-1.39926
G1 X141.281 Y131.334 E-.10074
;WIPE_END
G1 X141.131 Y132.293 F9000
G1 E5 F2400
G1 F1535
G1 X139.796 Y133.629 E.02656
G1 X141.281 Y133.629 E.02088
G1 X141.281 Y132.144 E.02088
G1 X140.9 Y133.179 F9000
;WIDTH:0.464096
G1 F1535
G1 X140.86 Y133.14 E.00083
G1 X140.806 Y133.154 E.00083
G1 X140.792 Y133.208 E.00083
G1 X140.831 Y133.248 E.00083
G1 X140.885 Y133.233 E.00083
G1 X141.704 Y131.705 F9000
;TYPE:Internal infill
;WIDTH:0.44
G1 F1535
G1 X141.704 Y133.629 E.02706
G1 X142.317 Y133.629 E.00862
G1 X143.004 Y132.942 E.01366
G1 X143.004 Y127.058 E.08275
G1 X142.317 Y126.371 E.01366
G1 X141.704 Y126.371 E.00862
G1 X141.704 Y128.295 E.02706
G1 E-3.5 F3600
;WIPE_START
G1 F7200
G1 X141.704 Y126.371 E-.9139
G1 X142.317 Y126.371 E-.29117
G1 X142.756 Y126.81 E-.29493
;WIPE_END
G1 X133.375 Y129.599 F9000
G1 E5 F2400
G1 F1535
G1 X133.331 Y128.955 E.00908
G1 X133.125 Y127.875 E.01546
G1 X132.878 Y127.122 E.01114
G1 X133.629 Y126.371 E.01494
G1 X134.344 Y126.371 E.01006
G1 X135.046 Y127.073 E.01396
G1 X135.046 Y132.927 E.08233
G1 X134.344 Y133.629 E.01396
G1 X133.629 Y133.629 E.01006
G1 X132.878 Y132.878 E.01494
G1 X133.125 Y132.125 E.01114
G1 X133.333 Y131.015 E.01588
G1 X133.366 Y130.4 E.00866
;LAYER_CHANGE
;Z:1.8
;HEIGHT:0.0799999
;BEFORE_LAYER_CHANGE
G92 E0
;1.8


G1 E-3.5 F3600
;WIPE_START
G1 F7200
G1 X133.333 Y131.015 E-.29255
G1 X133.125 Y132.125 E-.53643
G1 X132.878 Y132.878 E-.37643
G1 X133.316 Y133.316 E-.29459
;WIPE_END
G1 Z1.8 F9000
;AFTER_LAYER_CHANGE
;1.8
G1 X132.615 Y130.365
G1 E5 F2400
;TYPE:Perimeter
;WIDTH:0.439999
G1 F1553
G1 X132.586 Y130.968 E.00849
G1 X132.392 Y131.973 E.01439
G1 X132.07 Y132.937 E.01429
G1 X131.625 Y133.851 E.0143
G1 X131.065 Y134.699 E.01429
G1 X130.399 Y135.467 E.0143
G1 X129.638 Y136.141 E.0143
G1 X128.796 Y136.71 E.01429
G1 X127.886 Y137.165 E.01431
G1 X126.925 Y137.496 E.01429
G1 X125.959 Y137.694 E.01387
G1 X125.089 Y137.769 E.01228
G1 X124.065 Y137.719 E.01442
G1 X122.825 Y137.496 E.01772
G1 X121.938 Y137.195 E.01317
G1 X120.954 Y136.71 E.01543
G1 X120.176 Y136.19 E.01316
G1 X119.408 Y135.524 E.0143
G1 X118.734 Y134.763 E.0143
G1 X118.165 Y133.921 E.01429
G1 X117.71 Y133.011 E.01431
G1 X117.379 Y132.05 E.01429
G1 X117.175 Y131.054 E.0143
G1 X117.106 Y130.214 E.01185
G1 X117.164 Y129.032 E.01664
G1 X117.344 Y128.097 E.01339
G1 X117.634 Y127.196 E.01331
G1 X118.032 Y126.338 E.0133
G1 X118.529 Y125.534 E.01329
G1 X118.734 Y125.237 E.00508
G1 X119.351 Y124.533 E.01316
G1 X120.176 Y123.81 E.01543
G1 X120.954 Y123.29 E.01316
G1 X121.864 Y122.835 E.01431
G1 X122.825 Y122.504 E.01429
G1 X123.821 Y122.3 E.0143
G1 X124.661 Y122.231 E.01185
G1 X125.843 Y122.289 E.01664
G1 X126.848 Y122.483 E.01439
G1 X127.812 Y122.805 E.01429
G1 X128.688 Y123.231 E.0137
G1 X129.481 Y123.748 E.01331
G1 X130.205 Y124.356 E.0133
G1 X131.065 Y125.301 E.01797
G1 X131.585 Y126.079 E.01316
G1 X131.935 Y126.777 E.01098
G1 X132.07 Y127.063 E.00445
G1 X132.371 Y127.95 E.01317
G1 X132.575 Y128.946 E.0143
G1 X132.644 Y129.786 E.01185
G1 X132.618 Y130.305 E.00731
G1 X132.208 Y130.286 F9000
;TYPE:External perimeter
;WIDTH:0.419999
G1 F1500
G1 X132.173 Y130.945 E.00884
G1 X131.987 Y131.892 E.01293
G1 X131.679 Y132.804 E.0129
G1 X131.255 Y133.668 E.01289
G1 X130.722 Y134.47 E.0129
G1 X130.088 Y135.195 E.0129
G1 X129.366 Y135.831 E.01289
G1 X128.566 Y136.367 E.0129
G1 X127.704 Y136.794 E.01289
G1 X126.793 Y137.105 E.0129
G1 X125.878 Y137.289 E.0125
G1 X125.057 Y137.357 E.01104
G1 X124.087 Y137.307 E.01301
G1 X123.217 Y137.159 E.01182
G1 X122.363 Y136.904 E.01194
G1 X122.046 Y136.794 E.0045
G1 X121.207 Y136.38 E.01254
G1 X120.384 Y135.831 E.01325
G1 X119.68 Y135.213 E.01255
G1 X119.044 Y134.491 E.01289
G1 X118.508 Y133.691 E.0129
G1 X118.081 Y132.829 E.01289
G1 X117.77 Y131.918 E.0129
G1 X117.58 Y130.974 E.0129
G1 X117.518 Y130.182 E.01064
G1 X117.577 Y129.055 E.01512
G1 X117.749 Y128.178 E.01197
G1 X118.025 Y127.329 E.01196
G1 X118.402 Y126.52 E.01196
G1 X119.044 Y125.509 E.01605
G1 X119.662 Y124.805 E.01255
G1 X120.405 Y124.153 E.01324
G1 X121.184 Y123.633 E.01255
G1 X122.046 Y123.206 E.01289
G1 X122.957 Y122.895 E.0129
G1 X123.901 Y122.705 E.0129
G1 X124.693 Y122.643 E.01064
G1 X125.82 Y122.702 E.01512
G1 X126.767 Y122.888 E.01293
G1 X127.679 Y123.196 E.0129
G1 X128.505 Y123.601 E.01233
G1 X129.251 Y124.091 E.01196
G1 X129.933 Y124.667 E.01196
G1 X130.722 Y125.53 E.01567
G1 X131.242 Y126.309 E.01255
G1 X131.565 Y126.96 E.00974
G1 X131.679 Y127.196 E.00351
G1 X131.98 Y128.082 E.01254
G1 X132.17 Y129.026 E.0129
G1 X132.232 Y129.818 E.01064
G1 X132.211 Y130.226 E.00547
G1 X133.042 Y130.265 F9000
;TYPE:Perimeter
;WIDTH:0.439999
G1 F1500
G1 X133.066 Y129.753 E.00721
G1 X132.989 Y128.863 E.01256
G1 X132.772 Y127.814 E.01506
G1 X132.471 Y126.927 E.01317
G1 X132.314 Y126.59 E.00523
;WIDTH:0.478578
G1 X131.889 Y125.738 E.01461
G1 X132.09 Y125.888 E.00385
;WIDTH:0.453461
G1 X132.653 Y126.046 E.00849
;WIDTH:0.439999
G1 X143.329 Y126.046 E.15014
G1 X143.329 Y130 E.05561
G1 X143.329 Y133.954 E.05561
G1 X132.653 Y133.954 E.15014
;WIDTH:0.481343
G1 X132.083 Y134.1 E.00908
;WIDTH:0.504832
G1 X131.964 Y134.173 E.00226
G1 X132.023 Y134.047 E.00226
;WIDTH:0.481343
G1 X132.471 Y133.073 E.01655
;WIDTH:0.439999
G1 X132.807 Y132.055 E.01508
G1 X133.008 Y130.99 E.01524
G1 X133.039 Y130.325 E.00936
G1 E-3.5 F3600
;WIPE_START
G1 F7200
G1 X133.042 Y130.265 E-.02854
G1 X133.066 Y129.753 E-.24347
G1 X132.989 Y128.863 E-.42433
G1 X132.772 Y127.814 E-.50882
G1 X132.572 Y127.226 E-.29484
;WIPE_END
G1 X131.964 Y134.173 F9000
G1 E5 F2400
;WIDTH:0.504832
G1 F1553
G1 X131.689 Y134.553 E.00761
;WIDTH:0.46945
G1 X131.414 Y134.932 E.00704
;WIDTH:0.435336
G1 X130.715 Y135.744 E.0149
;WIDTH:0.437196
G1 X129.916 Y136.458 E.01497
;WIDTH:0.439642
G1 X129.03 Y137.062 E.01507
;WIDTH:0.442682
G1 X128.074 Y137.545 E.01516
;WIDTH:0.446312
G1 X127.062 Y137.9 E.01531
;WIDTH:0.450298
G1 X126.042 Y138.114 E.01501
G1 X125.122 Y138.192 E.0133
;WIDTH:0.45848
G1 X124.041 Y138.151 E.01588
;WIDTH:0.458798
G1 X123.052 Y137.988 E.01472
;WIDTH:0.46045
G1 X122.091 Y137.705 E.01477
;WIDTH:0.461508
G1 X121.171 Y137.307 E.01481
G1 X120.721 Y137.059 E.00759
;WIDTH:0.433446
G1 X119.943 Y136.539 E.01296
;WIDTH:0.461854
G1 X119.511 Y136.191 E.0082
G1 X119.132 Y135.839 E.00765
;WIDTH:0.433724
G1 X118.418 Y135.04 E.01485
;WIDTH:0.434748
G1 X117.815 Y134.154 E.01489
;WIDTH:0.436364
G1 X117.333 Y133.197 E.01494
;WIDTH:0.43857
G1 X116.979 Y132.186 E.01501
;WIDTH:0.44137
G1 X116.76 Y131.137 E.01512
G1 X116.686 Y130.247 E.0126
;WIDTH:0.448768
G1 X116.738 Y129.009 E.01779
;WIDTH:0.45239
G1 X116.923 Y128.013 E.01466
;WIDTH:0.455468
G1 X117.227 Y127.058 E.01461
;WIDTH:0.457948
G1 X117.644 Y126.147 E.01469
;WIDTH:0.459842
G1 X118.17 Y125.293 E.01477
;WIDTH:0.461144
G1 X118.795 Y124.51 E.01479
;WIDTH:0.461856
G1 X119.511 Y123.809 E.01482
G1 X119.943 Y123.461 E.0082
;WIDTH:0.433448
G1 X120.721 Y122.941 E.01296
;WIDTH:0.461508
G1 X121.171 Y122.693 E.00759
G1 X121.678 Y122.459 E.00825
;WIDTH:0.434254
G1 X122.69 Y122.106 E.01487
;WIDTH:0.43563
G1 X123.739 Y121.888 E.01491
G1 X124.628 Y121.813 E.01242
;WIDTH:0.44043
G1 X125.865 Y121.867 E.01743
;WIDTH:0.443286
G1 X126.93 Y122.067 E.01536
;WIDTH:0.447022
G1 X127.949 Y122.401 E.01533
;WIDTH:0.450954
G1 X128.877 Y122.847 E.01486
;WIDTH:0.45427
G1 X129.72 Y123.39 E.01458
;WIDTH:0.456998
G1 X130.49 Y124.032 E.01467
;WIDTH:0.459132
G1 X131.175 Y124.763 E.01473
;WIDTH:0.463666
G1 X131.807 Y125.628 E.01591
;WIDTH:0.478578
G1 X131.889 Y125.738 E.00211
G1 X132.391 Y125.527 F9000
;WIDTH:0.439999
G1 F1553
G1 X132.653 Y125.623 E.00392
G1 X143.752 Y125.623 E.15609
G1 X143.752 Y130 E.06156
G1 X143.752 Y134.377 E.06156
G1 X132.653 Y134.377 E.15609
G1 X132.322 Y134.474 E.00485
G1 X132.157 Y134.628 E.00317
G1 X131.509 Y135.514 E.01544
G1 X130.786 Y136.283 E.01484
G1 X129.974 Y136.957 E.01484
G1 X129.087 Y137.528 E.01484
G1 X128.136 Y137.986 E.01484
G1 X127.137 Y138.324 E.01483
G1 X126.103 Y138.538 E.01485
G1 X125.052 Y138.624 E.01483
G1 X123.997 Y138.581 E.01485
G1 X122.956 Y138.41 E.01484
G1 X121.944 Y138.113 E.01483
G1 X120.975 Y137.694 E.01485
G1 X120.065 Y137.16 E.01484
G1 X119.226 Y136.519 E.01485
G1 X118.473 Y135.781 E.01483
G1 X117.815 Y134.956 E.01484
G1 X117.262 Y134.057 E.01484
G1 X116.824 Y133.097 E.01484
G1 X116.506 Y132.091 E.01484
G1 X116.314 Y131.053 E.01485
G1 X116.249 Y130 E.01484
G1 X116.314 Y128.947 E.01484
G1 X116.506 Y127.909 E.01485
G1 X116.824 Y126.903 E.01484
G1 X117.262 Y125.943 E.01484
G1 X117.815 Y125.044 E.01484
G1 X118.473 Y124.219 E.01484
G1 X119.226 Y123.481 E.01483
G1 X120.065 Y122.84 E.01485
G1 X120.975 Y122.306 E.01484
G1 X121.944 Y121.887 E.01485
G1 X122.956 Y121.59 E.01483
G1 X123.997 Y121.419 E.01484
G1 X125.052 Y121.376 E.01485
G1 X126.103 Y121.462 E.01483
G1 X127.137 Y121.676 E.01485
G1 X128.136 Y122.014 E.01483
G1 X129.087 Y122.472 E.01484
G1 X129.974 Y123.043 E.01484
G1 X130.786 Y123.717 E.01484
G1 X131.49 Y124.467 E.01447
G1 X132.257 Y125.478 E.01785
G1 X132.334 Y125.506 E.00115
G1 X132.572 Y125.169 F9000
;TYPE:External perimeter
;WIDTH:0.419999
G1 F1500
G1 X132.653 Y125.21 E.00122
G1 X144.165 Y125.21 E.15424
G1 X144.165 Y130 E.06418
G1 X144.165 Y134.79 E.06418
G1 X132.653 Y134.79 E.15424
G1 X132.49 Y134.872 E.00244
G1 X131.827 Y135.778 E.01504
G1 X131.069 Y136.584 E.01482
G1 X130.219 Y137.291 E.01481
G1 X129.289 Y137.889 E.01481
G1 X128.292 Y138.369 E.01483
G1 X127.245 Y138.723 E.01481
G1 X126.162 Y138.947 E.01482
G1 X125.06 Y139.038 E.01482
G1 X123.955 Y138.993 E.01482
G1 X122.864 Y138.813 E.01482
G1 X121.803 Y138.502 E.01481
G1 X120.788 Y138.063 E.01482
G1 X119.834 Y137.504 E.01481
G1 X118.956 Y136.832 E.01481
G1 X118.166 Y136.058 E.01482
G1 X117.476 Y135.194 E.01481
G1 X116.897 Y134.251 E.01483
G1 X116.438 Y133.245 E.01482
G1 X116.105 Y132.191 E.01481
G1 X115.903 Y131.104 E.01481
G1 X115.835 Y130 E.01482
G1 X115.903 Y128.896 E.01482
G1 X116.105 Y127.809 E.01481
G1 X116.438 Y126.755 E.01481
G1 X116.897 Y125.749 E.01482
G1 X117.476 Y124.806 E.01483
G1 X118.166 Y123.942 E.01481
G1 X118.956 Y123.168 E.01482
G1 X119.834 Y122.496 E.01481
G1 X120.788 Y121.937 E.01481
G1 X121.803 Y121.498 E.01482
G1 X122.864 Y121.187 E.01481
G1 X123.955 Y121.007 E.01482
G1 X125.06 Y120.962 E.01482
G1 X126.162 Y121.053 E.01482
G1 X127.245 Y121.277 E.01482
G1 X128.292 Y121.631 E.01481
G1 X129.289 Y122.111 E.01483
G1 X130.219 Y122.709 E.01481
G1 X131.069 Y123.416 E.01481
G1 X131.827 Y124.222 E.01482
G1 X132.49 Y125.128 E.01504
G1 X132.518 Y125.142 E.00042
G1 E-3.5 F3600
;WIPE_START
G1 F7200
G1 X132.572 Y125.169 E-.02868
G1 X132.653 Y125.21 E-.04312
G1 X135.66 Y125.21 E-1.4282
;WIPE_END
G1 X134.884 Y129.448 F9000
G1 E5 F2400
;TYPE:Internal infill
;WIDTH:0.44
G1 F1553
G1 X134.884 Y126.911 E.03568
G1 X134.344 Y126.371 E.01074
G1 X133.629 Y126.371 E.01006
G1 X132.878 Y127.122 E.01494
G1 X133.125 Y127.875 E.01114
G1 X133.331 Y128.955 E.01546
G1 X133.394 Y129.874 E.01295
G1 X133.333 Y131.015 E.01607
G1 X133.125 Y132.125 E.01588
G1 X132.878 Y132.878 E.01114
G1 X133.629 Y133.629 E.01494
G1 X134.344 Y133.629 E.01006
G1 X134.884 Y133.089 E.01074
G1 X134.884 Y130.552 E.03568
G1 E-3.5 F3600
;WIPE_START
G1 F7200
G1 X134.884 Y133.089 E-1.20508
G1 X134.445 Y133.528 E-.29492
;WIPE_END
G1 X135.354 Y133.497 F9000
G1 E5 F2400
;TYPE:Solid infill
;WIDTH:0.570554
G1 F1553
G1 X135.305 Y133.546 E.00128
G1 X135.323 Y133.612 E.00126
G1 X135.39 Y133.63 E.00128
G1 X135.439 Y133.581 E.00128
G1 X135.421 Y133.515 E.00126
;WIDTH:0.439999
G1 X136.127 Y133.629 E.01006
G1 X135.306 Y132.808 E.01633
G1 X135.231 Y132.712 E.00171
;WIDTH:0.398584
G1 X135.156 Y132.616 E.00155
;WIDTH:0.357168
G1 X135.167 Y132.657 E.00048
G1 X135.096 Y132.676 E.00083
G1 X135.115 Y132.605 E.00083
;WIDTH:0.439999
G1 X135.306 Y132.21 E.00617
G1 X136.725 Y133.629 E.02822
G1 X137.323 Y133.629 E.00841
G1 X135.306 Y131.612 E.04012
G1 X135.306 Y131.014 E.00841
G1 X137.921 Y133.629 E.05201
G1 X138.519 Y133.629 E.00841
G1 X135.306 Y130.416 E.0639
G1 X135.306 Y129.818 E.00841
G1 X139.117 Y133.629 E.0758
G1 X139.715 Y133.629 E.00841
G1 X135.306 Y129.22 E.08769
G1 X135.306 Y128.622 E.00841
G1 X140.313 Y133.629 E.09958
G1 X140.911 Y133.629 E.00841
G1 X135.306 Y128.024 E.11148
G1 X135.306 Y127.426 E.00841
G1 X141.444 Y133.563 E.12207
G1 X141.412 Y133.676 E.00165
;WIDTH:0.398584
G1 X141.381 Y133.79 E.0015
;WIDTH:0.357168
G1 X141.581 Y133.777 E.00227
;WIDTH:0.439999
G1 X141.444 Y132.965 E.01158
G1 X135.306 Y126.828 E.12207
G1 X135.178 Y126.213 E.00883
;WIDTH:0.357168
G1 X135.159 Y126.284 E.00083
G1 X135.23 Y126.265 E.00083
G1 X135.219 Y126.224 E.00048
;WIDTH:0.398584
G1 X135.333 Y126.298 E.00172
;WIDTH:0.439999
G1 X135.447 Y126.371 E.0019
G1 X141.444 Y132.367 E.11926
G1 X141.444 Y131.769 E.00841
G1 X136.045 Y126.371 E.10737
G1 X136.643 Y126.371 E.00841
G1 X141.444 Y131.171 E.09548
G1 X141.444 Y130.573 E.00841
G1 X137.241 Y126.371 E.08358
G1 X137.839 Y126.371 E.00841
G1 X141.444 Y129.975 E.07169
G1 X141.444 Y129.377 E.00841
G1 X138.437 Y126.371 E.0598
G1 X139.035 Y126.371 E.00841
G1 X141.444 Y128.779 E.0479
G1 X141.654 Y128.314 E.00718
;WIDTH:0.357168
G1 X141.665 Y128.355 E.00048
G1 X141.594 Y128.374 E.00083
G1 X141.613 Y128.303 E.00083
;WIDTH:0.398584
G1 X141.528 Y128.242 E.00133
;WIDTH:0.439999
G1 X141.444 Y128.181 E.00146
G1 X139.633 Y126.371 E.03601
G1 X140.405 Y126.443 E.0109
;WIDTH:0.583648
G1 X141.372 Y126.443 E.01822
G1 X141.372 Y127.41 E.01822
G1 X140.554 Y126.593 E.02178
G1 E-3.5 F3600
;WIPE_START
G1 F7200
G1 X141.372 Y127.41 E-.54916
G1 X141.372 Y126.443 E-.45932
G1 X140.405 Y126.443 E-.45933
G1 X140.338 Y126.437 E-.03219
;WIPE_END
G1 X141.866 Y128.457 F9000
G1 E5 F2400
;TYPE:Internal infill
;WIDTH:0.44
G1 F1553
G1 X141.866 Y126.371 E.02934
G1 X142.317 Y126.371 E.00634
G1 X143.004 Y127.058 E.01366
G1 X143.004 Y132.942 E.08275
G1 X142.317 Y133.629 E.01366
G1 X141.866 Y133.629 E.00634
G1 X141.866 Y131.543 E.02934
;LAYER_CHANGE
;Z:1.88
;HEIGHT:0.08
;BEFORE_LAYER_CHANGE
G92 E0
;1.88


G1 E-3.5 F3600
;WIPE_START
G1 F7200
G1 X141.866 Y133.629 E-.99085
G1 X142.317 Y133.629 E-.21422
G1 X142.756 Y133.19 E-.29493
;WIPE_END
G1 Z1.88 F9000
;AFTER_LAYER_CHANGE
;1.88
G1 X132.603 Y130.609
G1 E5 F2400
;TYPE:Perimeter
;WIDTH:0.439999
G1 F1555
G1 X132.586 Y130.968 E.00505
G1 X132.392 Y131.973 E.01439
G1 X132.07 Y132.937 E.01429
G1 X131.625 Y133.851 E.0143
G1 X131.065 Y134.699 E.01429
G1 X130.399 Y135.467 E.0143
G1 X129.638 Y136.141 E.0143
G1 X128.796 Y136.71 E.01429
G1 X127.886 Y137.165 E.01431
G1 X126.925 Y137.496 E.01429
G1 X125.959 Y137.694 E.01387
G1 X125.089 Y137.769 E.01228
G1 X124.065 Y137.719 E.01442
G1 X122.825 Y137.496 E.01772
G1 X121.938 Y137.195 E.01317
G1 X120.954 Y136.71 E.01543
G1 X120.176 Y136.19 E.01316
G1 X119.408 Y135.524 E.0143
G1 X118.734 Y134.763 E.0143
G1 X118.165 Y133.921 E.01429
G1 X117.71 Y133.011 E.01431
G1 X117.379 Y132.05 E.01429
G1 X117.175 Y131.054 E.0143
G1 X117.106 Y130.214 E.01185
G1 X117.164 Y129.032 E.01664
G1 X117.344 Y128.097 E.01339
G1 X117.634 Y127.196 E.01331
G1 X118.032 Y126.338 E.0133
G1 X118.529 Y125.534 E.01329
G1 X118.734 Y125.237 E.00508
G1 X119.351 Y124.533 E.01316
G1 X120.176 Y123.81 E.01543
G1 X120.954 Y123.29 E.01316
G1 X121.864 Y122.835 E.01431
G1 X122.825 Y122.504 E.01429
G1 X123.821 Y122.3 E.0143
G1 X124.661 Y122.231 E.01185
G1 X125.843 Y122.289 E.01664
G1 X126.848 Y122.483 E.01439
G1 X127.812 Y122.805 E.01429
G1 X128.688 Y123.231 E.0137
G1 X129.481 Y123.748 E.01331
G1 X130.205 Y124.356 E.0133
G1 X131.065 Y125.301 E.01797
G1 X131.585 Y126.079 E.01316
G1 X131.935 Y126.777 E.01098
G1 X132.07 Y127.063 E.00445
G1 X132.371 Y127.95 E.01317
G1 X132.575 Y128.946 E.0143
G1 X132.644 Y129.786 E.01185
G1 X132.606 Y130.549 E.01074
G1 X132.196 Y130.519 F9000
;TYPE:External perimeter
;WIDTH:0.419999
G1 F1500
G1 X132.173 Y130.945 E.00572
G1 X131.987 Y131.892 E.01293
G1 X131.679 Y132.804 E.0129
G1 X131.255 Y133.668 E.01289
G1 X130.722 Y134.47 E.0129
G1 X130.088 Y135.195 E.0129
G1 X129.366 Y135.831 E.01289
G1 X128.566 Y136.367 E.0129
G1 X127.704 Y136.794 E.01289
G1 X126.793 Y137.105 E.0129
G1 X125.878 Y137.289 E.0125
G1 X125.057 Y137.357 E.01104
G1 X124.087 Y137.307 E.01301
G1 X123.217 Y137.159 E.01182
G1 X122.363 Y136.904 E.01194
G1 X122.046 Y136.794 E.0045
G1 X121.207 Y136.38 E.01254
G1 X120.384 Y135.831 E.01325
G1 X119.68 Y135.213 E.01255
G1 X119.044 Y134.491 E.01289
G1 X118.508 Y133.691 E.0129
G1 X118.081 Y132.829 E.01289
G1 X117.77 Y131.918 E.0129
G1 X117.58 Y130.974 E.0129
G1 X117.518 Y130.182 E.01064
G1 X117.577 Y129.055 E.01512
G1 X117.749 Y128.178 E.01197
G1 X118.025 Y127.329 E.01196
G1 X118.402 Y126.52 E.01196
G1 X119.044 Y125.509 E.01605
G1 X119.662 Y124.805 E.01255
G1 X120.405 Y124.153 E.01324
G1 X121.184 Y123.633 E.01255
G1 X122.046 Y123.206 E.01289
G1 X122.957 Y122.895 E.0129
G1 X123.901 Y122.705 E.0129
G1 X124.693 Y122.643 E.01064
G1 X125.82 Y122.702 E.01512
G1 X126.767 Y122.888 E.01293
G1 X127.679 Y123.196 E.0129
G1 X128.505 Y123.601 E.01233
G1 X129.251 Y124.091 E.01196
G1 X129.933 Y124.667 E.01196
G1 X130.722 Y125.53 E.01567
G1 X131.242 Y126.309 E.01255
G1 X131.565 Y126.96 E.00974
G1 X131.679 Y127.196 E.00351
G1 X131.98 Y128.082 E.01254
G1 X132.17 Y129.026 E.0129
G1 X132.232 Y129.818 E.01064
G1 X132.199 Y130.459 E.0086
G1 X133.031 Y130.498 F9000
;TYPE:Perimeter
;WIDTH:0.439999
G1 F1500
G1 X133.066 Y129.753 E.01049
G1 X132.989 Y128.863 E.01256
G1 X132.772 Y127.814 E.01506
G1 X132.471 Y126.927 E.01317
G1 X132.314 Y126.59 E.00523
;WIDTH:0.478578
G1 X131.889 Y125.738 E.01461
G1 X132.09 Y125.888 E.00385
;WIDTH:0.453461
G1 X132.653 Y126.046 E.00849
;WIDTH:0.439999
G1 X143.329 Y126.046 E.15014
G1 X143.329 Y130 E.05561
G1 X143.329 Y133.954 E.05561
G1 X132.653 Y133.954 E.15014
;WIDTH:0.481343
G1 X132.083 Y134.1 E.00908
;WIDTH:0.504832
G1 X131.964 Y134.173 E.00226
G1 X132.023 Y134.047 E.00226
;WIDTH:0.481343
G1 X132.471 Y133.073 E.01655
;WIDTH:0.439999
G1 X132.807 Y132.055 E.01508
G1 X133.008 Y130.99 E.01524
G1 X133.028 Y130.558 E.00608
G1 E-3.5 F3600
;WIPE_START
G1 F7200
G1 X133.031 Y130.498 E-.02854
G1 X133.066 Y129.753 E-.35427
G1 X132.989 Y128.863 E-.42433
G1 X132.772 Y127.814 E-.50882
G1 X132.647 Y127.447 E-.18404
;WIPE_END
G1 X131.964 Y134.173 F9000
G1 E5 F2400
;WIDTH:0.504832
G1 F1555
G1 X131.689 Y134.553 E.00761
;WIDTH:0.46945
G1 X131.414 Y134.932 E.00704
;WIDTH:0.435336
G1 X130.715 Y135.744 E.0149
;WIDTH:0.437194
G1 X129.916 Y136.458 E.01497
;WIDTH:0.439642
G1 X129.03 Y137.062 E.01507
;WIDTH:0.442684
G1 X128.074 Y137.545 E.01516
;WIDTH:0.446308
G1 X127.062 Y137.9 E.01531
;WIDTH:0.4503
G1 X126.042 Y138.114 E.01501
G1 X125.122 Y138.192 E.0133
;WIDTH:0.45848
G1 X124.041 Y138.151 E.01588
;WIDTH:0.458798
G1 X123.052 Y137.988 E.01472
;WIDTH:0.46045
G1 X122.091 Y137.705 E.01477
;WIDTH:0.461508
G1 X121.171 Y137.307 E.01481
G1 X120.721 Y137.059 E.00759
;WIDTH:0.433446
G1 X119.943 Y136.539 E.01296
;WIDTH:0.461856
G1 X119.511 Y136.191 E.0082
G1 X119.132 Y135.839 E.00765
;WIDTH:0.433724
G1 X118.418 Y135.04 E.01485
;WIDTH:0.434748
G1 X117.815 Y134.154 E.01489
;WIDTH:0.436364
G1 X117.333 Y133.197 E.01494
;WIDTH:0.43857
G1 X116.979 Y132.186 E.01501
;WIDTH:0.44137
G1 X116.76 Y131.137 E.01512
G1 X116.686 Y130.247 E.0126
;WIDTH:0.448768
G1 X116.738 Y129.009 E.01779
;WIDTH:0.45239
G1 X116.923 Y128.013 E.01466
;WIDTH:0.455468
G1 X117.227 Y127.058 E.01461
;WIDTH:0.457948
G1 X117.644 Y126.147 E.01469
;WIDTH:0.459842
G1 X118.17 Y125.293 E.01477
;WIDTH:0.461144
G1 X118.795 Y124.51 E.01479
;WIDTH:0.461856
G1 X119.511 Y123.809 E.01482
G1 X119.943 Y123.461 E.0082
;WIDTH:0.433448
G1 X120.721 Y122.941 E.01296
;WIDTH:0.461506
G1 X121.171 Y122.693 E.00759
G1 X121.678 Y122.459 E.00825
;WIDTH:0.434254
G1 X122.69 Y122.106 E.01487
;WIDTH:0.43563
G1 X123.739 Y121.888 E.01491
G1 X124.628 Y121.813 E.01242
;WIDTH:0.44043
G1 X125.865 Y121.867 E.01743
;WIDTH:0.443286
G1 X126.93 Y122.067 E.01536
;WIDTH:0.447024
G1 X127.949 Y122.401 E.01533
;WIDTH:0.450954
G1 X128.877 Y122.847 E.01486
;WIDTH:0.45427
G1 X129.72 Y123.39 E.01458
;WIDTH:0.456998
G1 X130.49 Y124.032 E.01467
;WIDTH:0.459132
G1 X131.175 Y124.763 E.01473
;WIDTH:0.463666
G1 X131.807 Y125.628 E.01591
;WIDTH:0.478578
G1 X131.889 Y125.738 E.00211
G1 X132.391 Y125.527 F9000
;WIDTH:0.439999
G1 F1555
G1 X132.653 Y125.623 E.00392
G1 X143.752 Y125.623 E.15609
G1 X143.752 Y130 E.06156
G1 X143.752 Y134.377 E.06156
G1 X132.653 Y134.377 E.15609
G1 X132.322 Y134.474 E.00485
G1 X132.157 Y134.628 E.00317
G1 X131.509 Y135.514 E.01544
G1 X130.786 Y136.283 E.01484
G1 X129.974 Y136.957 E.01484
G1 X129.087 Y137.528 E.01484
G1 X128.136 Y137.986 E.01484
G1 X127.137 Y138.324 E.01483
G1 X126.103 Y138.538 E.01485
G1 X125.052 Y138.624 E.01483
G1 X123.997 Y138.581 E.01485
G1 X122.956 Y138.41 E.01484
G1 X121.944 Y138.113 E.01483
G1 X120.975 Y137.694 E.01485
G1 X120.065 Y137.16 E.01484
G1 X119.226 Y136.519 E.01485
G1 X118.473 Y135.781 E.01483
G1 X117.815 Y134.956 E.01484
G1 X117.262 Y134.057 E.01484
G1 X116.824 Y133.097 E.01484
G1 X116.506 Y132.091 E.01484
G1 X116.314 Y131.053 E.01485
G1 X116.249 Y130 E.01484
G1 X116.314 Y128.947 E.01484
G1 X116.506 Y127.909 E.01485
G1 X116.824 Y126.903 E.01484
G1 X117.262 Y125.943 E.01484
G1 X117.815 Y125.044 E.01484
G1 X118.473 Y124.219 E.01484
G1 X119.226 Y123.481 E.01483
G1 X120.065 Y122.84 E.01485
G1 X120.975 Y122.306 E.01484
G1 X121.944 Y121.887 E.01485
G1 X122.956 Y121.59 E.01483
G1 X123.997 Y121.419 E.01484
G1 X125.052 Y121.376 E.01485
G1 X126.103 Y121.462 E.01483
G1 X127.137 Y121.676 E.01485
G1 X128.136 Y122.014 E.01483
G1 X129.087 Y122.472 E.01484
G1 X129.974 Y123.043 E.01484
G1 X130.786 Y123.717 E.01484
G1 X131.49 Y124.467 E.01447
G1 X132.257 Y125.478 E.01785
G1 X132.334 Y125.506 E.00115
G1 X132.572 Y125.169 F9000
;TYPE:External perimeter
;WIDTH:0.419999
G1 F1500
G1 X132.653 Y125.21 E.00122
G1 X144.165 Y125.21 E.15424
G1 X144.165 Y130 E.06418
G1 X144.165 Y134.79 E.06418
G1 X132.653 Y134.79 E.15424
G1 X132.49 Y134.872 E.00244
G1 X131.827 Y135.778 E.01504
G1 X131.069 Y136.584 E.01482
G1 X130.219 Y137.291 E.01481
G1 X129.289 Y137.889 E.01481
G1 X128.292 Y138.369 E.01483
G1 X127.245 Y138.723 E.01481
G1 X126.162 Y138.947 E.01482
G1 X125.06 Y139.038 E.01482
G1 X123.955 Y138.993 E.01482
G1 X122.864 Y138.813 E.01482
G1 X121.803 Y138.502 E.01481
G1 X120.788 Y138.063 E.01482
G1 X119.834 Y137.504 E.01481
G1 X118.956 Y136.832 E.01481
G1 X118.166 Y136.058 E.01482
G1 X117.476 Y135.194 E.01481
G1 X116.897 Y134.251 E.01483
G1 X116.438 Y133.245 E.01482
G1 X116.105 Y132.191 E.01481
G1 X115.903 Y131.104 E.01481
G1 X115.835 Y130 E.01482
G1 X115.903 Y128.896 E.01482
G1 X116.105 Y127.809 E.01481
G1 X116.438 Y126.755 E.01481
G1 X116.897 Y125.749 E.01482
G1 X117.476 Y124.806 E.01483
G1 X118.166 Y123.942 E.01481
G1 X118.956 Y123.168 E.01482
G1 X119.834 Y122.496 E.01481
G1 X120.788 Y121.937 E.01481
G1 X121.803 Y121.498 E.01482
G1 X122.864 Y121.187 E.01481
G1 X123.955 Y121.007 E.01482
G1 X125.06 Y120.962 E.01482
G1 X126.162 Y121.053 E.01482
G1 X127.245 Y121.277 E.01482
G1 X128.292 Y121.631 E.01481
G1 X129.289 Y122.111 E.01483
G1 X130.219 Y122.709 E.01481
G1 X131.069 Y123.416 E.01481
G1 X131.827 Y124.222 E.01482
G1 X132.49 Y125.128 E.01504
G1 X132.518 Y125.142 E.00042
G1 E-3.5 F3600
;WIPE_START
G1 F7200
G1 X132.572 Y125.169 E-.02868
G1 X132.653 Y125.21 E-.04312
G1 X135.66 Y125.21 E-1.4282
;WIPE_END
G1 X135.313 Y126.419 F9000
G1 E5 F2400
;TYPE:Solid infill
;WIDTH:0.570554
G1 F1555
G1 X135.264 Y126.37 E.00128
G1 X135.197 Y126.388 E.00128
G1 X135.179 Y126.454 E.00126
G1 X135.228 Y126.503 E.00128
G1 X135.295 Y126.485 E.00128
G1 X135.03 Y127.384 F9000
;WIDTH:0.357168
G1 F1555
G1 X134.989 Y127.395 E.00048
G1 X134.97 Y127.324 E.00083
G1 X135.041 Y127.343 E.00083
;WIDTH:0.398584
G1 X135.111 Y127.268 E.0013
;WIDTH:0.439999
G1 X136.002 Y126.371 E.01778
G1 X136.098 Y126.296 E.00171
;WIDTH:0.398584
G1 X136.194 Y126.221 E.00155
;WIDTH:0.357168
G1 X136.153 Y126.232 E.00048
G1 X136.134 Y126.161 E.00083
G1 X136.205 Y126.18 E.00083
;WIDTH:0.439999
G1 X136.6 Y126.371 E.00617
G1 X135.181 Y127.79 E.02822
G1 X135.181 Y128.388 E.00841
G1 X137.198 Y126.371 E.04012
G1 X137.796 Y126.371 E.00841
G1 X135.181 Y128.986 E.05201
G1 X135.181 Y129.584 E.00841
G1 X138.394 Y126.371 E.0639
G1 X138.991 Y126.371 E.0084
G1 X135.181 Y130.182 E.07579
G1 X135.181 Y130.78 E.00841
G1 X139.589 Y126.371 E.08768
G1 X140.187 Y126.371 E.00841
G1 X135.181 Y131.378 E.09957
G1 X135.181 Y131.976 E.00841
G1 X140.785 Y126.371 E.11147
G1 X141.383 Y126.371 E.00841
G1 X135.181 Y132.574 E.12336
G1 X135.181 Y133.172 E.00841
G1 X141.569 Y126.783 E.12706
G1 X141.569 Y127.381 E.00841
G1 X135.322 Y133.629 E.12425
G1 X135.213 Y133.682 E.0017
;WIDTH:0.398584
G1 X135.105 Y133.735 E.00153
;WIDTH:0.357168
G1 X135.034 Y133.716 E.00083
G1 X135.053 Y133.787 E.00083
G1 X135.094 Y133.776 E.00048
;WIDTH:0.439999
G1 X135.92 Y133.629 E.0118
G1 X141.569 Y127.979 E.11236
G1 X141.569 Y128.577 E.00841
G1 X136.518 Y133.629 E.10047
G1 X137.116 Y133.629 E.00841
G1 X141.569 Y129.175 E.08857
G1 X141.569 Y129.773 E.00841
G1 X137.714 Y133.629 E.07668
G1 X138.312 Y133.629 E.00841
G1 X141.569 Y130.371 E.06479
G1 X141.569 Y130.969 E.00841
G1 X138.91 Y133.629 E.05289
G1 X139.508 Y133.629 E.00841
G1 X141.569 Y131.567 E.041
G1 X141.569 Y133.629 E.029
G1 X140.106 Y133.629 E.02057
G1 X141.42 Y132.315 E.02613
G1 X141.193 Y133.186 F9000
;WIDTH:0.451728
G1 F1555
G1 X141.155 Y133.148 E.00078
G1 X141.102 Y133.162 E.00079
G1 X141.088 Y133.214 E.00078
G1 X141.126 Y133.253 E.00079
G1 X141.179 Y133.238 E.0008
G1 X141.992 Y131.417 F9000
;TYPE:Internal infill
;WIDTH:0.44
G1 F1555
G1 X141.992 Y133.629 E.03111
G1 X142.317 Y133.629 E.00457
G1 X143.004 Y132.942 E.01366
G1 X143.004 Y127.058 E.08275
G1 X142.317 Y126.371 E.01366
G1 X141.992 Y126.371 E.00457
G1 X141.992 Y128.583 E.03111
G1 E-3.5 F3600
;WIPE_START
G1 F7200
G1 X141.992 Y126.371 E-1.0507
G1 X142.317 Y126.371 E-.15438
G1 X142.756 Y126.81 E-.29492
;WIPE_END
G1 X134.758 Y129.322 F9000
G1 E5 F2400
G1 F1555
G1 X134.758 Y126.785 E.03568
G1 X134.344 Y126.371 E.00823
G1 X133.629 Y126.371 E.01006
G1 X132.878 Y127.122 E.01494
G1 X133.125 Y127.875 E.01114
G1 X133.331 Y128.955 E.01546
G1 X133.394 Y129.874 E.01295
G1 X133.333 Y131.015 E.01607
G1 X133.125 Y132.125 E.01588
G1 X132.878 Y132.878 E.01114
G1 X133.629 Y133.629 E.01494
G1 X134.344 Y133.629 E.01006
G1 X134.758 Y133.215 E.00823
G1 X134.758 Y130.678 E.03568
;LAYER_CHANGE
;Z:1.96
;HEIGHT:0.08
;BEFORE_LAYER_CHANGE
G92 E0
;1.96


G1 E-3.5 F3600
;WIPE_START
G1 F7200
G1 X134.758 Y133.215 E-1.20508
G1 X134.344 Y133.629 E-.27811
G1 X134.309 Y133.629 E-.01681
;WIPE_END
G1 Z1.96 F9000
;AFTER_LAYER_CHANGE
;1.96
G1 X132.606 Y130.56
G1 E5 F2400
;TYPE:Perimeter
;WIDTH:0.439999
G1 F1589
G1 X132.586 Y130.968 E.00574
G1 X132.392 Y131.973 E.01439
G1 X132.07 Y132.937 E.01429
G1 X131.625 Y133.851 E.0143
G1 X131.065 Y134.699 E.01429
G1 X130.399 Y135.467 E.0143
G1 X129.638 Y136.141 E.0143
G1 X128.796 Y136.71 E.01429
G1 X127.886 Y137.165 E.01431
G1 X126.925 Y137.496 E.01429
G1 X125.959 Y137.694 E.01387
G1 X125.089 Y137.769 E.01228
G1 X124.065 Y137.719 E.01442
G1 X122.825 Y137.496 E.01772
G1 X121.938 Y137.195 E.01317
G1 X120.954 Y136.71 E.01543
G1 X120.176 Y136.19 E.01316
G1 X119.408 Y135.524 E.0143
G1 X118.734 Y134.763 E.0143
G1 X118.165 Y133.921 E.01429
G1 X117.71 Y133.011 E.01431
G1 X117.379 Y132.05 E.01429
G1 X117.175 Y131.054 E.0143
G1 X117.106 Y130.214 E.01185
G1 X117.164 Y129.032 E.01664
G1 X117.344 Y128.097 E.01339
G1 X117.634 Y127.196 E.01331
G1 X118.032 Y126.338 E.0133
G1 X118.529 Y125.534 E.01329
G1 X118.734 Y125.237 E.00508
G1 X119.351 Y124.533 E.01316
G1 X120.176 Y123.81 E.01543
G1 X120.954 Y123.29 E.01316
G1 X121.864 Y122.835 E.01431
G1 X122.825 Y122.504 E.01429
G1 X123.821 Y122.3 E.0143
G1 X124.661 Y122.231 E.01185
G1 X125.843 Y122.289 E.01664
G1 X126.848 Y122.483 E.01439
G1 X127.812 Y122.805 E.01429
G1 X128.688 Y123.231 E.0137
G1 X129.481 Y123.748 E.01331
G1 X130.205 Y124.356 E.0133
G1 X131.065 Y125.301 E.01797
G1 X131.585 Y126.079 E.01316
G1 X131.935 Y126.777 E.01098
G1 X132.07 Y127.063 E.00445
G1 X132.371 Y127.95 E.01317
G1 X132.575 Y128.946 E.0143
G1 X132.644 Y129.786 E.01185
G1 X132.609 Y130.5 E.01005
G1 X132.198 Y130.481 F9000
;TYPE:External perimeter
;WIDTH:0.419999
G1 F1500
G1 X132.173 Y130.945 E.00623
G1 X131.987 Y131.892 E.01293
G1 X131.679 Y132.804 E.0129
G1 X131.255 Y133.668 E.01289
G1 X130.722 Y134.47 E.0129
G1 X130.088 Y135.195 E.0129
G1 X129.366 Y135.831 E.01289
G1 X128.566 Y136.367 E.0129
G1 X127.704 Y136.794 E.01289
G1 X126.793 Y137.105 E.0129
G1 X125.878 Y137.289 E.0125
G1 X125.057 Y137.357 E.01104
G1 X124.087 Y137.307 E.01301
G1 X123.217 Y137.159 E.01182
G1 X122.363 Y136.904 E.01194
G1 X122.046 Y136.794 E.0045
G1 X121.207 Y136.38 E.01254
G1 X120.384 Y135.831 E.01325
G1 X119.68 Y135.213 E.01255
G1 X119.044 Y134.491 E.01289
G1 X118.508 Y133.691 E.0129
G1 X118.081 Y132.829 E.01289
G1 X117.77 Y131.918 E.0129
G1 X117.58 Y130.974 E.0129
G1 X117.518 Y130.182 E.01064
G1 X117.577 Y129.055 E.01512
G1 X117.749 Y128.178 E.01197
G1 X118.025 Y127.329 E.01196
G1 X118.402 Y126.52 E.01196
G1 X119.044 Y125.509 E.01605
G1 X119.662 Y124.805 E.01255
G1 X120.405 Y124.153 E.01324
G1 X121.184 Y123.633 E.01255
G1 X122.046 Y123.206 E.01289
G1 X122.957 Y122.895 E.0129
G1 X123.901 Y122.705 E.0129
G1 X124.693 Y122.643 E.01064
G1 X125.82 Y122.702 E.01512
G1 X126.767 Y122.888 E.01293
G1 X127.679 Y123.196 E.0129
G1 X128.505 Y123.601 E.01233
G1 X129.251 Y124.091 E.01196
G1 X129.933 Y124.667 E.01196
G1 X130.722 Y125.53 E.01567
G1 X131.242 Y126.309 E.01255
G1 X131.565 Y126.96 E.00974
G1 X131.679 Y127.196 E.00351
G1 X131.98 Y128.082 E.01254
G1 X132.17 Y129.026 E.0129
G1 X132.232 Y129.818 E.01064
G1 X132.201 Y130.421 E.00809
G1 X133.033 Y130.46 F9000
;TYPE:Perimeter
;WIDTH:0.439999
G1 F1500
G1 X133.066 Y129.753 E.00995
G1 X132.989 Y128.863 E.01256
G1 X132.772 Y127.814 E.01506
G1 X132.471 Y126.927 E.01317
G1 X132.314 Y126.59 E.00523
;WIDTH:0.478578
G1 X131.889 Y125.738 E.01461
G1 X132.09 Y125.888 E.00385
;WIDTH:0.453462
G1 X132.653 Y126.046 E.00849
;WIDTH:0.439999
G1 X143.329 Y126.046 E.15014
G1 X143.329 Y130 E.05561
G1 X143.329 Y133.954 E.05561
G1 X132.653 Y133.954 E.15014
;WIDTH:0.481342
G1 X132.083 Y134.1 E.00908
;WIDTH:0.50483
G1 X131.964 Y134.173 E.00226
G1 X132.023 Y134.047 E.00226
;WIDTH:0.481342
G1 X132.471 Y133.073 E.01655
;WIDTH:0.439999
G1 X132.807 Y132.055 E.01508
G1 X133.008 Y130.99 E.01524
G1 X133.03 Y130.52 E.00662
G1 E-3.5 F3600
;WIPE_START
G1 F7200
G1 X133.033 Y130.46 E-.02854
G1 X133.066 Y129.753 E-.33619
G1 X132.989 Y128.863 E-.42433
G1 X132.772 Y127.814 E-.50882
G1 X132.635 Y127.411 E-.20212
;WIPE_END
G1 X131.964 Y134.173 F9000
G1 E5 F2400
;WIDTH:0.50483
G1 F1589
G1 X131.689 Y134.553 E.00761
;WIDTH:0.469449
G1 X131.414 Y134.932 E.00704
;WIDTH:0.435336
G1 X130.715 Y135.744 E.0149
;WIDTH:0.437196
G1 X129.916 Y136.458 E.01497
;WIDTH:0.439642
G1 X129.03 Y137.062 E.01507
;WIDTH:0.442682
G1 X128.074 Y137.545 E.01516
;WIDTH:0.44631
G1 X127.062 Y137.9 E.01531
;WIDTH:0.450298
G1 X126.042 Y138.114 E.01501
G1 X125.122 Y138.192 E.0133
;WIDTH:0.45848
G1 X124.041 Y138.151 E.01588
;WIDTH:0.458798
G1 X123.052 Y137.988 E.01472
;WIDTH:0.460448
G1 X122.091 Y137.705 E.01477
;WIDTH:0.461508
G1 X121.171 Y137.307 E.01481
G1 X120.721 Y137.059 E.00759
;WIDTH:0.433446
G1 X119.943 Y136.539 E.01296
;WIDTH:0.461854
G1 X119.511 Y136.191 E.0082
G1 X119.132 Y135.839 E.00765
;WIDTH:0.433724
G1 X118.418 Y135.04 E.01485
;WIDTH:0.434748
G1 X117.815 Y134.154 E.01489
;WIDTH:0.436364
G1 X117.333 Y133.197 E.01494
;WIDTH:0.43857
G1 X116.979 Y132.186 E.01501
;WIDTH:0.44137
G1 X116.76 Y131.137 E.01512
G1 X116.686 Y130.247 E.0126
;WIDTH:0.448768
G1 X116.738 Y129.009 E.01779
;WIDTH:0.45239
G1 X116.923 Y128.013 E.01466
;WIDTH:0.455468
G1 X117.227 Y127.058 E.01461
;WIDTH:0.457948
G1 X117.644 Y126.147 E.01469
;WIDTH:0.459842
G1 X118.17 Y125.293 E.01477
;WIDTH:0.461146
G1 X118.795 Y124.51 E.01479
;WIDTH:0.461856
G1 X119.511 Y123.809 E.01482
G1 X119.943 Y123.461 E.0082
;WIDTH:0.433448
G1 X120.721 Y122.941 E.01296
;WIDTH:0.461508
G1 X121.171 Y122.693 E.00759
G1 X121.678 Y122.459 E.00825
;WIDTH:0.434254
G1 X122.69 Y122.106 E.01487
;WIDTH:0.43563
G1 X123.739 Y121.888 E.01491
G1 X124.628 Y121.813 E.01242
;WIDTH:0.44043
G1 X125.865 Y121.867 E.01743
;WIDTH:0.443286
G1 X126.93 Y122.067 E.01536
;WIDTH:0.447022
G1 X127.949 Y122.401 E.01533
;WIDTH:0.450954
G1 X128.877 Y122.847 E.01486
;WIDTH:0.45427
G1 X129.72 Y123.39 E.01458
;WIDTH:0.457
G1 X130.49 Y124.032 E.01467
;WIDTH:0.459134
G1 X131.175 Y124.763 E.01473
;WIDTH:0.463666
G1 X131.807 Y125.628 E.01591
;WIDTH:0.478578
G1 X131.889 Y125.738 E.00211
G1 X132.391 Y125.527 F9000
;WIDTH:0.439999
G1 F1589
G1 X132.653 Y125.623 E.00392
G1 X143.752 Y125.623 E.15609
G1 X143.752 Y130 E.06156
G1 X143.752 Y134.377 E.06156
G1 X132.653 Y134.377 E.15609
G1 X132.322 Y134.474 E.00485
G1 X132.157 Y134.628 E.00317
G1 X131.509 Y135.514 E.01544
G1 X130.786 Y136.283 E.01484
G1 X129.974 Y136.957 E.01484
G1 X129.087 Y137.528 E.01484
G1 X128.136 Y137.986 E.01484
G1 X127.137 Y138.324 E.01483
G1 X126.103 Y138.538 E.01485
G1 X125.052 Y138.624 E.01483
G1 X123.997 Y138.581 E.01485
G1 X122.956 Y138.41 E.01484
G1 X121.944 Y138.113 E.01483
G1 X120.975 Y137.694 E.01485
G1 X120.065 Y137.16 E.01484
G1 X119.226 Y136.519 E.01485
G1 X118.473 Y135.781 E.01483
G1 X117.815 Y134.956 E.01484
G1 X117.262 Y134.057 E.01484
G1 X116.824 Y133.097 E.01484
G1 X116.506 Y132.091 E.01484
G1 X116.314 Y131.053 E.01485
G1 X116.249 Y130 E.01484
G1 X116.314 Y128.947 E.01484
G1 X116.506 Y127.909 E.01485
G1 X116.824 Y126.903 E.01484
G1 X117.262 Y125.943 E.01484
G1 X117.815 Y125.044 E.01484
G1 X118.473 Y124.219 E.01484
G1 X119.226 Y123.481 E.01483
G1 X120.065 Y122.84 E.01485
G1 X120.975 Y122.306 E.01484
G1 X121.944 Y121.887 E.01485
G1 X122.956 Y121.59 E.01483
G1 X123.997 Y121.419 E.01484
G1 X125.052 Y121.376 E.01485
G1 X126.103 Y121.462 E.01483
G1 X127.137 Y121.676 E.01485
G1 X128.136 Y122.014 E.01483
G1 X129.087 Y122.472 E.01484
G1 X129.974 Y123.043 E.01484
G1 X130.786 Y123.717 E.01484
G1 X131.49 Y124.467 E.01447
G1 X132.257 Y125.478 E.01785
G1 X132.334 Y125.506 E.00115
G1 X132.572 Y125.169 F9000
;TYPE:External perimeter
;WIDTH:0.419999
G1 F1500
G1 X132.653 Y125.21 E.00122
G1 X144.165 Y125.21 E.15424
G1 X144.165 Y130 E.06418
G1 X144.165 Y134.79 E.06418
G1 X132.653 Y134.79 E.15424
G1 X132.49 Y134.872 E.00244
G1 X131.827 Y135.778 E.01504
G1 X131.069 Y136.584 E.01482
G1 X130.219 Y137.291 E.01481
G1 X129.289 Y137.889 E.01481
G1 X128.292 Y138.369 E.01483
G1 X127.245 Y138.723 E.01481
G1 X126.162 Y138.947 E.01482
G1 X125.06 Y139.038 E.01482
G1 X123.955 Y138.993 E.01482
G1 X122.864 Y138.813 E.01482
G1 X121.803 Y138.502 E.01481
G1 X120.788 Y138.063 E.01482
G1 X119.834 Y137.504 E.01481
G1 X118.956 Y136.832 E.01481
G1 X118.166 Y136.058 E.01482
G1 X117.476 Y135.194 E.01481
G1 X116.897 Y134.251 E.01483
G1 X116.438 Y133.245 E.01482
G1 X116.105 Y132.191 E.01481
G1 X115.903 Y131.104 E.01481
G1 X115.835 Y130 E.01482
G1 X115.903 Y128.896 E.01482
G1 X116.105 Y127.809 E.01481
G1 X116.438 Y126.755 E.01481
G1 X116.897 Y125.749 E.01482
G1 X117.476 Y124.806 E.01483
G1 X118.166 Y123.942 E.01481
G1 X118.956 Y123.168 E.01482
G1 X119.834 Y122.496 E.01481
G1 X120.788 Y121.937 E.01481
G1 X121.803 Y121.498 E.01482
G1 X122.864 Y121.187 E.01481
G1 X123.955 Y121.007 E.01482
G1 X125.06 Y120.962 E.01482
G1 X126.162 Y121.053 E.01482
G1 X127.245 Y121.277 E.01482
G1 X128.292 Y121.631 E.01481
G1 X129.289 Y122.111 E.01483
G1 X130.219 Y122.709 E.01481
G1 X131.069 Y123.416 E.01481
G1 X131.827 Y124.222 E.01482
G1 X132.49 Y125.128 E.01504
G1 X132.518 Y125.142 E.00042
G1 E-3.5 F3600
;WIPE_START
G1 F7200
G1 X132.572 Y125.169 E-.02868
G1 X132.653 Y125.21 E-.04312
G1 X135.66 Y125.21 E-1.4282
;WIPE_END
G1 X134.65 Y129.214 F9000
G1 E5 F2400
;TYPE:Internal infill
;WIDTH:0.44
G1 F1589
G1 X134.65 Y126.677 E.03568
G1 X134.344 Y126.371 E.00609
G1 X133.629 Y126.371 E.01006
G1 X132.878 Y127.122 E.01494
G1 X133.125 Y127.875 E.01114
G1 X133.331 Y128.955 E.01546
G1 X133.394 Y129.874 E.01295
G1 X133.333 Y131.015 E.01607
G1 X133.125 Y132.125 E.01588
G1 X132.878 Y132.878 E.01114
G1 X133.629 Y133.629 E.01494
G1 X134.344 Y133.629 E.01006
G1 X134.65 Y133.323 E.00609
G1 X134.65 Y130.786 E.03568
G1 E-3.5 F3600
;WIPE_START
G1 F7200
G1 X134.65 Y133.323 E-1.20508
G1 X134.344 Y133.629 E-.20556
G1 X134.156 Y133.629 E-.08936
;WIPE_END
G1 X135.121 Y133.497 F9000
G1 E5 F2400
;TYPE:Solid infill
;WIDTH:0.570554
G1 F1589
G1 X135.072 Y133.546 E.00128
G1 X135.09 Y133.612 E.00126
G1 X135.156 Y133.63 E.00126
G1 X135.205 Y133.581 E.00128
G1 X135.187 Y133.515 E.00126
;WIDTH:0.439999
G1 X135.894 Y133.629 E.01007
G1 X135.073 Y132.808 E.01633
G1 X134.998 Y132.712 E.00171
;WIDTH:0.398584
G1 X134.923 Y132.616 E.00155
;WIDTH:0.357168
G1 X134.934 Y132.657 E.00048
G1 X134.863 Y132.676 E.00083
G1 X134.882 Y132.605 E.00083
;WIDTH:0.439999
G1 X135.073 Y132.21 E.00617
G1 X136.492 Y133.629 E.02822
G1 X137.09 Y133.629 E.00841
G1 X135.073 Y131.612 E.04012
G1 X135.073 Y131.014 E.00841
G1 X137.688 Y133.629 E.05201
G1 X138.286 Y133.629 E.00841
G1 X135.073 Y130.416 E.0639
G1 X135.073 Y129.818 E.00841
G1 X138.884 Y133.629 E.0758
G1 X139.482 Y133.629 E.00841
G1 X135.073 Y129.22 E.08769
G1 X135.073 Y128.622 E.00841
G1 X140.08 Y133.629 E.09958
G1 X140.678 Y133.629 E.00841
G1 X135.073 Y128.024 E.11148
G1 X135.073 Y127.426 E.00841
G1 X141.276 Y133.629 E.12337
G1 X141.807 Y133.699 E.00753
;WIDTH:0.357168
G1 X141.818 Y133.74 E.00048
G1 X141.747 Y133.759 E.00083
G1 X141.766 Y133.688 E.00083
;WIDTH:0.398584
G1 X141.721 Y133.56 E.00172
;WIDTH:0.439999
G1 X141.677 Y133.432 E.0019
G1 X135.073 Y126.828 E.13134
G1 X134.945 Y126.213 E.00883
;WIDTH:0.357168
G1 X134.926 Y126.284 E.00083
G1 X134.997 Y126.265 E.00083
G1 X134.986 Y126.224 E.00048
;WIDTH:0.398584
G1 X135.1 Y126.298 E.00172
;WIDTH:0.439999
G1 X135.214 Y126.371 E.0019
G1 X141.677 Y132.834 E.12854
G1 X141.677 Y132.236 E.00841
G1 X135.812 Y126.371 E.11665
G1 X136.41 Y126.371 E.00841
G1 X141.677 Y131.638 E.10475
G1 X141.677 Y131.04 E.00841
G1 X137.008 Y126.371 E.09286
G1 X137.606 Y126.371 E.00841
G1 X141.677 Y130.442 E.08097
G1 X141.677 Y129.844 E.00841
G1 X138.204 Y126.371 E.06907
G1 X138.802 Y126.371 E.00841
G1 X141.677 Y129.246 E.05718
G1 X141.677 Y128.648 E.00841
G1 X139.4 Y126.371 E.04529
G1 X139.998 Y126.371 E.00841
G1 X141.677 Y128.05 E.03339
G1 X141.762 Y128.111 E.00147
;WIDTH:0.398584
G1 X141.846 Y128.171 E.00131
;WIDTH:0.357168
G1 X141.827 Y128.242 E.00083
G1 X141.898 Y128.223 E.00083
G1 X141.887 Y128.182 E.00048
G1 X140.872 Y126.573 F9000
;WIDTH:0.54512
G1 F1589
G1 X141.624 Y127.325 E.01867
G1 X141.624 Y126.424 E.01582
G1 X140.723 Y126.424 E.01582
G1 E-3.5 F3600
;WIPE_START
G1 F7200
G1 X141.624 Y126.424 E-.42797
G1 X141.624 Y127.325 E-.42797
G1 X140.872 Y126.573 E-.50516
;WIPE_END
G1 E-.1389 F3600
G1 X142.1 Y128.691 F9000
G1 E5 F2400
;TYPE:Internal infill
;WIDTH:0.44
G1 F1589
G1 X142.1 Y126.371 E.03263
G1 X142.317 Y126.371 E.00305
G1 X143.004 Y127.058 E.01366
G1 X143.004 Y132.942 E.08275
G1 X142.317 Y133.629 E.01366
G1 X142.1 Y133.629 E.00305
G1 X142.1 Y131.309 E.03263
;LAYER_CHANGE
;Z:2.04
;HEIGHT:0.0799999
;BEFORE_LAYER_CHANGE
G92 E0
;2.04


G1 E-3.5 F3600
;WIPE_START
G1 F7200
G1 X142.1 Y133.629 E-1.102
G1 X142.317 Y133.629 E-.10308
G1 X142.756 Y133.19 E-.29492
;WIPE_END
G1 Z2.04 F9000
;AFTER_LAYER_CHANGE
;2.04
G1 X132.606 Y130.56
G1 E5 F2400
;TYPE:Perimeter
;WIDTH:0.439999
G1 F1722
G1 X132.586 Y130.968 E.00574
G1 X132.392 Y131.973 E.01439
G1 X132.07 Y132.937 E.01429
G1 X131.625 Y133.851 E.0143
G1 X131.065 Y134.699 E.01429
G1 X130.399 Y135.467 E.0143
G1 X129.638 Y136.141 E.0143
G1 X128.796 Y136.71 E.01429
G1 X127.886 Y137.165 E.01431
G1 X126.925 Y137.496 E.01429
G1 X125.959 Y137.694 E.01387
G1 X125.089 Y137.769 E.01228
G1 X124.065 Y137.719 E.01442
G1 X122.825 Y137.496 E.01772
G1 X121.938 Y137.195 E.01317
G1 X120.954 Y136.71 E.01543
G1 X120.176 Y136.19 E.01316
G1 X119.408 Y135.524 E.0143
G1 X118.734 Y134.763 E.0143
G1 X118.165 Y133.921 E.01429
G1 X117.71 Y133.011 E.01431
G1 X117.379 Y132.05 E.01429
G1 X117.175 Y131.054 E.0143
G1 X117.106 Y130.214 E.01185
G1 X117.164 Y129.032 E.01664
G1 X117.344 Y128.097 E.01339
G1 X117.634 Y127.196 E.01331
G1 X118.032 Y126.338 E.0133
G1 X118.529 Y125.534 E.01329
G1 X118.734 Y125.237 E.00508
G1 X119.351 Y124.533 E.01316
G1 X120.176 Y123.81 E.01543
G1 X120.954 Y123.29 E.01316
G1 X121.864 Y122.835 E.01431
G1 X122.825 Y122.504 E.01429
G1 X123.821 Y122.3 E.0143
G1 X124.661 Y122.231 E.01185
G1 X125.843 Y122.289 E.01664
G1 X126.848 Y122.483 E.01439
G1 X127.812 Y122.805 E.01429
G1 X128.688 Y123.231 E.0137
G1 X129.481 Y123.748 E.01331
G1 X130.205 Y124.356 E.0133
G1 X131.065 Y125.301 E.01797
G1 X131.585 Y126.079 E.01316
G1 X131.935 Y126.777 E.01098
G1 X132.07 Y127.063 E.00445
G1 X132.371 Y127.95 E.01317
G1 X132.575 Y128.946 E.0143
G1 X132.644 Y129.786 E.01185
G1 X132.609 Y130.5 E.01005
G1 X132.198 Y130.481 F9000
;TYPE:External perimeter
;WIDTH:0.419999
G1 F1500
G1 X132.173 Y130.945 E.00623
G1 X131.987 Y131.892 E.01293
G1 X131.679 Y132.804 E.0129
G1 X131.255 Y133.668 E.01289
G1 X130.722 Y134.47 E.0129
G1 X130.088 Y135.195 E.0129
G1 X129.366 Y135.831 E.01289
G1 X128.566 Y136.367 E.0129
G1 X127.704 Y136.794 E.01289
G1 X126.793 Y137.105 E.0129
G1 X125.878 Y137.289 E.0125
G1 X125.057 Y137.357 E.01104
G1 X124.087 Y137.307 E.01301
G1 X123.217 Y137.159 E.01182
G1 X122.363 Y136.904 E.01194
G1 X122.046 Y136.794 E.0045
G1 X121.207 Y136.38 E.01254
G1 X120.384 Y135.831 E.01325
G1 X119.68 Y135.213 E.01255
G1 X119.044 Y134.491 E.01289
G1 X118.508 Y133.691 E.0129
G1 X118.081 Y132.829 E.01289
G1 X117.77 Y131.918 E.0129
G1 X117.58 Y130.974 E.0129
G1 X117.518 Y130.182 E.01064
G1 X117.577 Y129.055 E.01512
G1 X117.749 Y128.178 E.01197
G1 X118.025 Y127.329 E.01196
G1 X118.402 Y126.52 E.01196
G1 X119.044 Y125.509 E.01605
G1 X119.662 Y124.805 E.01255
G1 X120.405 Y124.153 E.01324
G1 X121.184 Y123.633 E.01255
G1 X122.046 Y123.206 E.01289
G1 X122.957 Y122.895 E.0129
G1 X123.901 Y122.705 E.0129
G1 X124.693 Y122.643 E.01064
G1 X125.82 Y122.702 E.01512
G1 X126.767 Y122.888 E.01293
G1 X127.679 Y123.196 E.0129
G1 X128.505 Y123.601 E.01233
G1 X129.251 Y124.091 E.01196
G1 X129.933 Y124.667 E.01196
G1 X130.722 Y125.53 E.01567
G1 X131.242 Y126.309 E.01255
G1 X131.565 Y126.96 E.00974
G1 X131.679 Y127.196 E.00351
G1 X131.98 Y128.082 E.01254
G1 X132.17 Y129.026 E.0129
G1 X132.232 Y129.818 E.01064
G1 X132.201 Y130.421 E.00809
G1 X133.033 Y130.46 F9000
;TYPE:Perimeter
;WIDTH:0.439999
G1 F1500
G1 X133.066 Y129.753 E.00995
G1 X132.989 Y128.863 E.01256
G1 X132.772 Y127.814 E.01506
G1 X132.471 Y126.927 E.01317
G1 X132.314 Y126.59 E.00523
;WIDTH:0.478578
G1 X131.889 Y125.738 E.01461
G1 X132.09 Y125.888 E.00385
;WIDTH:0.453461
G1 X132.653 Y126.046 E.00849
;WIDTH:0.439999
G1 X143.329 Y126.046 E.15014
G1 X143.329 Y130 E.05561
G1 X143.329 Y133.954 E.05561
G1 X132.653 Y133.954 E.15014
;WIDTH:0.481342
G1 X132.083 Y134.1 E.00908
;WIDTH:0.50483
G1 X131.964 Y134.173 E.00226
G1 X132.023 Y134.047 E.00226
;WIDTH:0.481342
G1 X132.471 Y133.073 E.01655
;WIDTH:0.439999
G1 X132.807 Y132.055 E.01508
G1 X133.008 Y130.99 E.01524
G1 X133.03 Y130.52 E.00662
G1 E-3.5 F3600
;WIPE_START
G1 F7200
G1 X133.033 Y130.46 E-.02854
G1 X133.066 Y129.753 E-.33619
G1 X132.989 Y128.863 E-.42433
G1 X132.772 Y127.814 E-.50882
G1 X132.635 Y127.411 E-.20212
;WIPE_END
G1 X131.964 Y134.173 F9000
G1 E5 F2400
;WIDTH:0.50483
G1 F1722
G1 X131.689 Y134.553 E.00761
;WIDTH:0.469449
G1 X131.414 Y134.932 E.00704
;WIDTH:0.435336
G1 X130.715 Y135.744 E.0149
;WIDTH:0.437194
G1 X129.916 Y136.458 E.01497
;WIDTH:0.43964
G1 X129.03 Y137.062 E.01507
;WIDTH:0.442684
G1 X128.074 Y137.545 E.01516
;WIDTH:0.446308
G1 X127.062 Y137.9 E.01531
;WIDTH:0.450298
G1 X126.042 Y138.114 E.01501
G1 X125.122 Y138.192 E.0133
;WIDTH:0.45848
G1 X124.041 Y138.151 E.01588
;WIDTH:0.458798
G1 X123.052 Y137.988 E.01472
;WIDTH:0.46045
G1 X122.091 Y137.705 E.01477
;WIDTH:0.461508
G1 X121.171 Y137.307 E.01481
G1 X120.721 Y137.059 E.00759
;WIDTH:0.433446
G1 X119.943 Y136.539 E.01296
;WIDTH:0.461856
G1 X119.511 Y136.191 E.0082
G1 X119.132 Y135.839 E.00765
;WIDTH:0.433724
G1 X118.418 Y135.04 E.01485
;WIDTH:0.434748
G1 X117.815 Y134.154 E.01489
;WIDTH:0.436364
G1 X117.333 Y133.197 E.01494
;WIDTH:0.43857
G1 X116.979 Y132.186 E.01501
;WIDTH:0.441368
G1 X116.76 Y131.137 E.01512
G1 X116.686 Y130.247 E.0126
;WIDTH:0.448768
G1 X116.738 Y129.009 E.01779
;WIDTH:0.452388
G1 X116.923 Y128.013 E.01466
;WIDTH:0.455468
G1 X117.227 Y127.058 E.01461
;WIDTH:0.457948
G1 X117.644 Y126.147 E.01469
;WIDTH:0.459842
G1 X118.17 Y125.293 E.01477
;WIDTH:0.461146
G1 X118.795 Y124.51 E.01479
;WIDTH:0.461856
G1 X119.511 Y123.809 E.01482
G1 X119.943 Y123.461 E.0082
;WIDTH:0.433448
G1 X120.721 Y122.941 E.01296
;WIDTH:0.461508
G1 X121.171 Y122.693 E.00759
G1 X121.678 Y122.459 E.00825
;WIDTH:0.434252
G1 X122.69 Y122.106 E.01487
;WIDTH:0.435628
G1 X123.739 Y121.888 E.01491
G1 X124.628 Y121.813 E.01242
;WIDTH:0.44043
G1 X125.865 Y121.867 E.01743
;WIDTH:0.443286
G1 X126.93 Y122.067 E.01536
;WIDTH:0.447022
G1 X127.949 Y122.401 E.01533
;WIDTH:0.450952
G1 X128.877 Y122.847 E.01485
;WIDTH:0.45427
G1 X129.72 Y123.39 E.01458
;WIDTH:0.456998
G1 X130.49 Y124.032 E.01467
;WIDTH:0.459132
G1 X131.175 Y124.763 E.01473
;WIDTH:0.463666
G1 X131.807 Y125.628 E.01591
;WIDTH:0.478578
G1 X131.889 Y125.738 E.00211
G1 X132.391 Y125.527 F9000
;WIDTH:0.439999
G1 F1722
G1 X132.653 Y125.623 E.00392
G1 X143.752 Y125.623 E.15609
G1 X143.752 Y130 E.06156
G1 X143.752 Y134.377 E.06156
G1 X132.653 Y134.377 E.15609
G1 X132.322 Y134.474 E.00485
G1 X132.157 Y134.628 E.00317
G1 X131.509 Y135.514 E.01544
G1 X130.786 Y136.283 E.01484
G1 X129.974 Y136.957 E.01484
G1 X129.087 Y137.528 E.01484
G1 X128.136 Y137.986 E.01484
G1 X127.137 Y138.324 E.01483
G1 X126.103 Y138.538 E.01485
G1 X125.052 Y138.624 E.01483
G1 X123.997 Y138.581 E.01485
G1 X122.956 Y138.41 E.01484
G1 X121.944 Y138.113 E.01483
G1 X120.975 Y137.694 E.01485
G1 X120.065 Y137.16 E.01484
G1 X119.226 Y136.519 E.01485
G1 X118.473 Y135.781 E.01483
G1 X117.815 Y134.956 E.01484
G1 X117.262 Y134.057 E.01484
G1 X116.824 Y133.097 E.01484
G1 X116.506 Y132.091 E.01484
G1 X116.314 Y131.053 E.01485
G1 X116.249 Y130 E.01484
G1 X116.314 Y128.947 E.01484
G1 X116.506 Y127.909 E.01485
G1 X116.824 Y126.903 E.01484
G1 X117.262 Y125.943 E.01484
G1 X117.815 Y125.044 E.01484
G1 X118.473 Y124.219 E.01484
G1 X119.226 Y123.481 E.01483
G1 X120.065 Y122.84 E.01485
G1 X120.975 Y122.306 E.01484
G1 X121.944 Y121.887 E.01485
G1 X122.956 Y121.59 E.01483
G1 X123.997 Y121.419 E.01484
G1 X125.052 Y121.376 E.01485
G1 X126.103 Y121.462 E.01483
G1 X127.137 Y121.676 E.01485
G1 X128.136 Y122.014 E.01483
G1 X129.087 Y122.472 E.01484
G1 X129.974 Y123.043 E.01484
G1 X130.786 Y123.717 E.01484
G1 X131.49 Y124.467 E.01447
G1 X132.257 Y125.478 E.01785
G1 X132.334 Y125.506 E.00115
G1 X132.572 Y125.169 F9000
;TYPE:External perimeter
;WIDTH:0.419999
G1 F1500
G1 X132.653 Y125.21 E.00122
G1 X144.165 Y125.21 E.15424
G1 X144.165 Y130 E.06418
G1 X144.165 Y134.79 E.06418
G1 X132.653 Y134.79 E.15424
G1 X132.49 Y134.872 E.00244
G1 X131.827 Y135.778 E.01504
G1 X131.069 Y136.584 E.01482
G1 X130.219 Y137.291 E.01481
G1 X129.289 Y137.889 E.01481
G1 X128.292 Y138.369 E.01483
G1 X127.245 Y138.723 E.01481
G1 X126.162 Y138.947 E.01482
G1 X125.06 Y139.038 E.01482
G1 X123.955 Y138.993 E.01482
G1 X122.864 Y138.813 E.01482
G1 X121.803 Y138.502 E.01481
G1 X120.788 Y138.063 E.01482
G1 X119.834 Y137.504 E.01481
G1 X118.956 Y136.832 E.01481
G1 X118.166 Y136.058 E.01482
G1 X117.476 Y135.194 E.01481
G1 X116.897 Y134.251 E.01483
G1 X116.438 Y133.245 E.01482
G1 X116.105 Y132.191 E.01481
G1 X115.903 Y131.104 E.01481
G1 X115.835 Y130 E.01482
G1 X115.903 Y128.896 E.01482
G1 X116.105 Y127.809 E.01481
G1 X116.438 Y126.755 E.01481
G1 X116.897 Y125.749 E.01482
G1 X117.476 Y124.806 E.01483
G1 X118.166 Y123.942 E.01481
G1 X118.956 Y123.168 E.01482
G1 X119.834 Y122.496 E.01481
G1 X120.788 Y121.937 E.01481
G1 X121.803 Y121.498 E.01482
G1 X122.864 Y121.187 E.01481
G1 X123.955 Y121.007 E.01482
G1 X125.06 Y120.962 E.01482
G1 X126.162 Y121.053 E.01482
G1 X127.245 Y121.277 E.01482
G1 X128.292 Y121.631 E.01481
G1 X129.289 Y122.111 E.01483
G1 X130.219 Y122.709 E.01481
G1 X131.069 Y123.416 E.01481
G1 X131.827 Y124.222 E.01482
G1 X132.49 Y125.128 E.01504
G1 X132.518 Y125.142 E.00042
G1 E-3.5 F3600
;WIPE_START
G1 F7200
G1 X132.572 Y125.169 E-.02868
G1 X132.653 Y125.21 E-.04312
G1 X135.66 Y125.21 E-1.4282
;WIPE_END
G1 X135.342 Y126.356 F9000
G1 E5 F2400
;TYPE:Solid infill
;WIDTH:0.408923
G1 F1722
G1 X135.342 Y133.644 E.09496
G1 X134.95 Y133.644 E.00511
G1 X134.95 Y126.356 E.09496
G1 X135.131 Y126.356 E.00236
G1 E-3.5 F3600
;WIPE_START
G1 F7200
G1 X134.95 Y126.356 E-.08598
G1 X134.95 Y129.333 E-1.41402
;WIPE_END
G1 X134.543 Y129.107 F9000
G1 E5 F2400
;TYPE:Internal infill
;WIDTH:0.44
G1 F1722
G1 X134.543 Y126.57 E.03568
G1 X134.344 Y126.371 E.00396
G1 X133.629 Y126.371 E.01006
G1 X132.878 Y127.122 E.01494
G1 X133.125 Y127.875 E.01114
G1 X133.331 Y128.955 E.01546
G1 X133.394 Y129.874 E.01295
G1 X133.333 Y131.015 E.01607
G1 X133.125 Y132.125 E.01588
G1 X132.878 Y132.878 E.01114
G1 X133.629 Y133.629 E.01494
G1 X134.344 Y133.629 E.01006
G1 X134.543 Y133.43 E.00396
G1 X134.543 Y130.893 E.03568
G1 E-3.5 F3600
;WIPE_START
G1 F7200
G1 X134.543 Y133.43 E-1.20508
G1 X134.344 Y133.629 E-.13368
G1 X134.004 Y133.629 E-.16124
;WIPE_END
G1 X140.397 Y133.821 F9000
G1 E5 F2400
;TYPE:Top solid infill
;WIDTH:0.410636
G1 F1722
G1 X141.021 Y133.197 E.01155
G1 X141.021 Y132.64 E.00729
G1 X140.012 Y133.649 E.01867
G1 X139.456 Y133.649 E.00728
G1 X141.021 Y132.084 E.02896
G1 X141.021 Y131.528 E.00728
G1 X138.9 Y133.649 E.03925
G1 X138.343 Y133.649 E.00729
G1 X141.021 Y130.971 E.04956
G1 X141.021 Y130.415 E.00728
G1 X137.787 Y133.649 E.05985
G1 X137.23 Y133.649 E.00729
G1 X141.021 Y129.858 E.07016
G1 X141.021 Y129.302 E.00728
G1 X136.674 Y133.649 E.08045
G1 X136.117 Y133.649 E.00729
G1 X141.021 Y128.745 E.09076
G1 X141.021 Y128.189 E.00728
G1 X135.729 Y133.48 E.09793
G1 X135.729 Y132.924 E.00728
G1 X141.021 Y127.632 E.09794
G1 X141.021 Y127.076 E.00728
G1 X135.729 Y132.367 E.09793
G1 X135.729 Y131.811 E.00728
G1 X141.021 Y126.519 E.09794
G1 X141.021 Y126.351 E.0022
G1 X140.633 Y126.351 E.00508
G1 X135.729 Y131.255 E.09076
G1 X135.729 Y130.698 E.00729
G1 X140.076 Y126.351 E.08045
G1 X139.52 Y126.351 E.00728
G1 X135.729 Y130.142 E.07016
G1 X135.729 Y129.585 E.00729
G1 X138.963 Y126.351 E.05985
G1 X138.407 Y126.351 E.00728
G1 X135.729 Y129.029 E.04956
G1 X135.729 Y128.472 E.00729
G1 X137.85 Y126.351 E.03925
G1 X137.294 Y126.351 E.00728
G1 X135.729 Y127.916 E.02896
G1 X135.729 Y127.359 E.00729
G1 X136.737 Y126.351 E.01866
G1 X136.181 Y126.351 E.00728
G1 X135.557 Y126.975 E.01155
G1 E-3.5 F3600
;WIPE_START
G1 F7200
G1 X136.181 Y126.351 E-.41917
G1 X136.737 Y126.351 E-.2641
G1 X135.729 Y127.359 E-.67713
G1 X135.729 Y127.653 E-.1396
;WIPE_END
G1 X141.408 Y126.356 F9000
G1 E5 F2400
;TYPE:Solid infill
;WIDTH:0.408922
G1 F1722
G1 X141.8 Y126.356 E.00511
G1 X141.8 Y133.644 E.09496
G1 X141.408 Y133.644 E.00511
G1 X141.408 Y126.567 E.09221
G1 E-3.5 F3600
;WIPE_START
G1 F7200
G1 X141.408 Y129.725 E-1.5
;WIPE_END
G1 X142.207 Y128.798 F9000
G1 E5 F2400
;TYPE:Internal infill
;WIDTH:0.44
G1 F1722
G1 X142.207 Y126.371 E.03413
G1 X142.317 Y126.371 E.00155
G1 X143.004 Y127.058 E.01366
G1 X143.004 Y132.942 E.08275
G1 X142.317 Y133.629 E.01366
G1 X142.207 Y133.629 E.00155
G1 X142.207 Y131.202 E.03413
;LAYER_CHANGE
;Z:2.12
;HEIGHT:0.0799999
;BEFORE_LAYER_CHANGE
G92 E0
;2.12


G1 E-3.5 F3600
;WIPE_START
G1 F7200
G1 X142.207 Y133.629 E-1.15282
G1 X142.317 Y133.629 E-.05225
G1 X142.756 Y133.19 E-.29493
;WIPE_END
G1 Z2.12 F9000
;AFTER_LAYER_CHANGE
;2.12
G1 X132.608 Y130.56
G1 E5 F2400
;TYPE:Perimeter
;WIDTH:0.439999
G1 F1478
G1 X132.586 Y130.968 E.00575
G1 X132.371 Y132.05 E.01551
G1 X132.07 Y132.937 E.01317
G1 X131.625 Y133.851 E.0143
G1 X131.065 Y134.699 E.01429
G1 X130.399 Y135.467 E.0143
G1 X129.638 Y136.141 E.0143
G1 X128.796 Y136.71 E.01429
G1 X127.886 Y137.165 E.01431
G1 X126.925 Y137.496 E.01429
G1 X125.959 Y137.694 E.01387
G1 X125.089 Y137.769 E.01228
G1 X124.065 Y137.719 E.01442
G1 X123.137 Y137.564 E.01323
G1 X122.825 Y137.496 E.00449
G1 X121.864 Y137.165 E.01429
G1 X121.024 Y136.75 E.01318
G1 X120.548 Y136.439 E.008
G1 X120.112 Y136.141 E.00743
G1 X119.408 Y135.524 E.01316
G1 X118.734 Y134.763 E.0143
G1 X118.165 Y133.921 E.01429
G1 X117.71 Y133.011 E.01431
G1 X117.379 Y132.05 E.01429
G1 X117.175 Y131.054 E.0143
G1 X117.106 Y130.214 E.01185
G1 X117.164 Y129.032 E.01664
G1 X117.344 Y128.097 E.01339
G1 X117.634 Y127.196 E.01331
G1 X118.032 Y126.338 E.0133
G1 X118.529 Y125.534 E.01329
G1 X118.734 Y125.237 E.00508
G1 X119.351 Y124.533 E.01316
G1 X120.176 Y123.81 E.01543
G1 X120.954 Y123.29 E.01316
G1 X121.864 Y122.835 E.01431
G1 X122.825 Y122.504 E.01429
G1 X123.821 Y122.3 E.0143
G1 X124.661 Y122.231 E.01185
G1 X125.843 Y122.289 E.01664
G1 X126.848 Y122.483 E.01439
G1 X127.812 Y122.805 E.01429
G1 X128.688 Y123.231 E.0137
G1 X129.481 Y123.748 E.01331
G1 X130.205 Y124.356 E.0133
G1 X131.065 Y125.301 E.01797
G1 X131.585 Y126.079 E.01316
G1 X132.07 Y127.063 E.01543
G1 X132.371 Y127.95 E.01317
G1 X132.575 Y128.946 E.0143
G1 X132.645 Y129.866 E.01298
G1 X132.611 Y130.5 E.00893
G1 X132.198 Y130.481 F9000
;TYPE:External perimeter
;WIDTH:0.419999
G1 F1478
G1 X132.173 Y130.945 E.00623
G1 X131.98 Y131.918 E.01329
G1 X131.679 Y132.804 E.01254
G1 X131.255 Y133.668 E.01289
G1 X130.722 Y134.47 E.0129
G1 X130.088 Y135.195 E.0129
G1 X129.366 Y135.831 E.01289
G1 X128.566 Y136.367 E.0129
G1 X127.704 Y136.794 E.01289
G1 X126.793 Y137.105 E.0129
G1 X125.878 Y137.289 E.0125
G1 X125.057 Y137.357 E.01104
G1 X124.087 Y137.307 E.01301
G1 X123.217 Y137.159 E.01182
G1 X122.046 Y136.794 E.01643
G1 X121.207 Y136.38 E.01254
G1 X120.777 Y136.095 E.00691
G1 X120.384 Y135.831 E.00634
G1 X119.68 Y135.213 E.01255
G1 X119.044 Y134.491 E.01289
G1 X118.508 Y133.691 E.0129
G1 X118.081 Y132.829 E.01289
G1 X117.77 Y131.918 E.0129
G1 X117.58 Y130.974 E.0129
G1 X117.518 Y130.182 E.01064
G1 X117.577 Y129.055 E.01512
G1 X117.749 Y128.178 E.01197
G1 X118.025 Y127.329 E.01196
G1 X118.402 Y126.52 E.01196
G1 X118.873 Y125.763 E.01195
G1 X119.044 Y125.509 E.0041
G1 X119.662 Y124.805 E.01255
G1 X120.405 Y124.153 E.01324
G1 X121.184 Y123.633 E.01255
G1 X122.046 Y123.206 E.01289
G1 X122.957 Y122.895 E.0129
G1 X123.901 Y122.705 E.0129
G1 X124.693 Y122.643 E.01064
G1 X125.82 Y122.702 E.01512
G1 X126.767 Y122.888 E.01293
G1 X127.679 Y123.196 E.0129
G1 X128.505 Y123.601 E.01233
G1 X129.251 Y124.091 E.01196
G1 X129.933 Y124.667 E.01196
G1 X130.722 Y125.53 E.01567
G1 X131.242 Y126.309 E.01255
G1 X131.679 Y127.196 E.01325
G1 X131.98 Y128.082 E.01254
G1 X132.17 Y129.026 E.0129
G1 X132.233 Y129.844 E.01099
G1 X132.202 Y130.421 E.00774
G1 E-3.5 F3600
;WIPE_START
G1 F7200
G1 X132.198 Y130.481 E-.02856
G1 X132.173 Y130.945 E-.22072
G1 X131.98 Y131.918 E-.47118
G1 X131.679 Y132.804 E-.44447
G1 X131.368 Y133.438 E-.33507
;WIPE_END
G1 X136.555 Y133.022 F9000
G1 E5 F2400
;TYPE:Perimeter
;WIDTH:0.439999
G1 F1478
G1 X136.555 Y133.954 E.01311
G1 X132.653 Y133.954 E.05488
;WIDTH:0.481343
G1 X132.083 Y134.1 E.00908
;WIDTH:0.504832
G1 X131.964 Y134.173 E.00226
G1 X132.023 Y134.047 E.00226
;WIDTH:0.481343
G1 X132.471 Y133.073 E.01655
;WIDTH:0.439999
G1 X132.772 Y132.186 E.01317
G1 X133.008 Y130.99 E.01714
G1 X133.066 Y129.753 E.01742
G1 X132.989 Y128.863 E.01256
G1 X132.772 Y127.814 E.01506
G1 X132.471 Y126.927 E.01317
G1 X132.314 Y126.59 E.00523
;WIDTH:0.478578
G1 X131.889 Y125.738 E.01461
G1 X132.09 Y125.888 E.00385
;WIDTH:0.453462
G1 X132.653 Y126.046 E.00849
;WIDTH:0.439999
G1 X136.555 Y126.046 E.05488
G1 X136.555 Y127.905 E.02614
G1 X136.555 Y132.962 E.07112
G1 E-3.5 F3600
;WIPE_START
G1 F7200
G1 X136.555 Y133.022 E-.0285
G1 X136.555 Y133.954 E-.4427
G1 X134.389 Y133.954 E-1.0288
;WIPE_END
G1 X131.964 Y134.173 F9000
G1 E5 F2400
;WIDTH:0.504832
G1 F1478
G1 X131.689 Y134.553 E.00761
;WIDTH:0.46945
G1 X131.414 Y134.932 E.00704
;WIDTH:0.435336
G1 X130.715 Y135.744 E.0149
;WIDTH:0.437194
G1 X129.916 Y136.458 E.01497
;WIDTH:0.43964
G1 X129.03 Y137.062 E.01507
;WIDTH:0.442684
G1 X128.074 Y137.545 E.01516
;WIDTH:0.446308
G1 X127.062 Y137.9 E.01531
;WIDTH:0.450298
G1 X126.042 Y138.114 E.01501
G1 X125.122 Y138.192 E.0133
;WIDTH:0.45848
G1 X124.041 Y138.151 E.01588
;WIDTH:0.458798
G1 X123.052 Y137.988 E.01472
;WIDTH:0.46045
G1 X122.091 Y137.705 E.01477
;WIDTH:0.461508
G1 X121.171 Y137.307 E.01481
G1 X120.721 Y137.059 E.00759
;WIDTH:0.433446
G1 X119.943 Y136.539 E.01296
;WIDTH:0.461854
G1 X119.511 Y136.191 E.0082
G1 X119.132 Y135.839 E.00765
;WIDTH:0.433724
G1 X118.418 Y135.04 E.01485
;WIDTH:0.434748
G1 X117.815 Y134.154 E.01489
;WIDTH:0.436364
G1 X117.333 Y133.197 E.01494
;WIDTH:0.43857
G1 X116.979 Y132.186 E.01501
;WIDTH:0.441368
G1 X116.76 Y131.137 E.01512
G1 X116.686 Y130.247 E.0126
;WIDTH:0.448768
G1 X116.738 Y129.009 E.01779
;WIDTH:0.45239
G1 X116.923 Y128.013 E.01466
;WIDTH:0.455468
G1 X117.227 Y127.058 E.01461
;WIDTH:0.457948
G1 X117.644 Y126.147 E.01469
;WIDTH:0.459842
G1 X118.17 Y125.293 E.01477
;WIDTH:0.461144
G1 X118.795 Y124.51 E.01479
;WIDTH:0.461856
G1 X119.511 Y123.809 E.01482
G1 X119.943 Y123.461 E.0082
;WIDTH:0.433448
G1 X120.721 Y122.941 E.01296
;WIDTH:0.461508
G1 X121.171 Y122.693 E.00759
G1 X121.678 Y122.459 E.00825
;WIDTH:0.434252
G1 X122.69 Y122.106 E.01487
;WIDTH:0.435628
G1 X123.739 Y121.888 E.01491
G1 X124.628 Y121.813 E.01242
;WIDTH:0.44043
G1 X125.865 Y121.867 E.01743
;WIDTH:0.443286
G1 X126.93 Y122.067 E.01536
;WIDTH:0.447024
G1 X127.949 Y122.401 E.01533
;WIDTH:0.450954
G1 X128.877 Y122.847 E.01486
;WIDTH:0.45427
G1 X129.72 Y123.39 E.01458
;WIDTH:0.457
G1 X130.49 Y124.032 E.01467
;WIDTH:0.459134
G1 X131.175 Y124.763 E.01473
;WIDTH:0.463666
G1 X131.807 Y125.628 E.01591
;WIDTH:0.478578
G1 X131.889 Y125.738 E.00211
G1 X132.391 Y125.527 F9000
;WIDTH:0.439999
G1 F1478
G1 X132.653 Y125.623 E.00392
G1 X136.978 Y125.623 E.06082
G1 X136.978 Y127.905 E.03209
G1 X136.978 Y134.377 E.09102
G1 X132.653 Y134.377 E.06082
G1 X132.322 Y134.474 E.00485
G1 X132.157 Y134.628 E.00317
G1 X131.509 Y135.514 E.01544
G1 X130.786 Y136.283 E.01484
G1 X129.974 Y136.957 E.01484
G1 X129.087 Y137.528 E.01484
G1 X128.136 Y137.986 E.01484
G1 X127.137 Y138.324 E.01483
G1 X126.103 Y138.538 E.01485
G1 X125.052 Y138.624 E.01483
G1 X123.997 Y138.581 E.01485
G1 X122.956 Y138.41 E.01484
G1 X121.944 Y138.113 E.01483
G1 X120.975 Y137.694 E.01485
G1 X120.065 Y137.16 E.01484
G1 X119.226 Y136.519 E.01485
G1 X118.473 Y135.781 E.01483
G1 X117.815 Y134.956 E.01484
G1 X117.262 Y134.057 E.01484
G1 X116.824 Y133.097 E.01484
G1 X116.506 Y132.091 E.01484
G1 X116.314 Y131.053 E.01485
G1 X116.249 Y130 E.01484
G1 X116.314 Y128.947 E.01484
G1 X116.506 Y127.909 E.01485
G1 X116.824 Y126.903 E.01484
G1 X117.262 Y125.943 E.01484
G1 X117.815 Y125.044 E.01484
G1 X118.473 Y124.219 E.01484
G1 X119.226 Y123.481 E.01483
G1 X120.065 Y122.84 E.01485
G1 X120.975 Y122.306 E.01484
G1 X121.944 Y121.887 E.01485
G1 X122.956 Y121.59 E.01483
G1 X123.997 Y121.419 E.01484
G1 X125.052 Y121.376 E.01485
G1 X126.103 Y121.462 E.01483
G1 X127.137 Y121.676 E.01485
G1 X128.136 Y122.014 E.01483
G1 X129.087 Y122.472 E.01484
G1 X129.974 Y123.043 E.01484
G1 X130.786 Y123.717 E.01484
G1 X131.49 Y124.467 E.01447
G1 X132.257 Y125.478 E.01785
G1 X132.334 Y125.506 E.00115
G1 X132.572 Y125.169 F9000
;TYPE:External perimeter
;WIDTH:0.419999
G1 F1478
G1 X132.653 Y125.21 E.00122
G1 X137.39 Y125.21 E.06347
G1 X137.39 Y127.905 E.03611
G1 X137.39 Y134.79 E.09225
G1 X132.653 Y134.79 E.06347
G1 X132.49 Y134.872 E.00244
G1 X131.827 Y135.778 E.01504
G1 X131.069 Y136.584 E.01482
G1 X130.219 Y137.291 E.01481
G1 X129.289 Y137.889 E.01481
G1 X128.292 Y138.369 E.01483
G1 X127.245 Y138.723 E.01481
G1 X126.162 Y138.947 E.01482
G1 X125.06 Y139.038 E.01482
G1 X123.955 Y138.993 E.01482
G1 X122.864 Y138.813 E.01482
G1 X121.803 Y138.502 E.01481
G1 X120.788 Y138.063 E.01482
G1 X119.834 Y137.504 E.01481
G1 X118.956 Y136.832 E.01481
G1 X118.166 Y136.058 E.01482
G1 X117.476 Y135.194 E.01481
G1 X116.897 Y134.251 E.01483
G1 X116.438 Y133.245 E.01482
G1 X116.105 Y132.191 E.01481
G1 X115.903 Y131.104 E.01481
G1 X115.835 Y130 E.01482
G1 X115.903 Y128.896 E.01482
G1 X116.105 Y127.809 E.01481
G1 X116.438 Y126.755 E.01481
G1 X116.897 Y125.749 E.01482
G1 X117.476 Y124.806 E.01483
G1 X118.166 Y123.942 E.01481
G1 X118.956 Y123.168 E.01482
G1 X119.834 Y122.496 E.01481
G1 X120.788 Y121.937 E.01481
G1 X121.803 Y121.498 E.01482
G1 X122.864 Y121.187 E.01481
G1 X123.955 Y121.007 E.01482
G1 X125.06 Y120.962 E.01482
G1 X126.162 Y121.053 E.01482
G1 X127.245 Y121.277 E.01482
G1 X128.292 Y121.631 E.01481
G1 X129.289 Y122.111 E.01483
G1 X130.219 Y122.709 E.01481
G1 X131.069 Y123.416 E.01481
G1 X131.827 Y124.222 E.01482
G1 X132.49 Y125.128 E.01504
G1 X132.518 Y125.142 E.00042
G1 E-3.5 F3600
;WIPE_START
G1 F7200
G1 X132.572 Y125.169 E-.02868
G1 X132.653 Y125.21 E-.04312
G1 X135.66 Y125.21 E-1.4282
;WIPE_END
G1 X134.435 Y128.102 F9000
G1 E5 F2400
;TYPE:Internal infill
;WIDTH:0.44
G1 F1478
G1 X134.435 Y126.371 E.02434
G1 X133.629 Y126.371 E.01134
G1 X132.878 Y127.122 E.01494
G1 X133.125 Y127.875 E.01114
G1 X133.331 Y128.955 E.01546
G1 X133.393 Y129.9 E.01332
G1 X133.316 Y131.165 E.01782
G1 X133.125 Y132.125 E.01377
G1 X132.878 Y132.878 E.01114
G1 X133.629 Y133.629 E.01494
G1 X134.435 Y133.629 E.01134
G1 X134.435 Y131.898 E.02434
G1 X134.858 Y133.629 F9000
;TYPE:Solid infill
;WIDTH:0.439999
G1 F1478
G1 X134.858 Y126.371 E.10207
G1 X136.229 Y126.371 E.01928
G1 X136.229 Y133.629 E.10207
G1 X135.07 Y133.629 E.0163
G1 X135.307 Y133.18 E.00714
;WIDTH:0.491266
G1 X135.307 Y126.82 E.10029
G1 X135.781 Y126.82 E.00747
G1 X135.781 Y133.18 E.10029
G1 X135.518 Y133.18 E.00415
G1 E-3.5 F3600
;WIPE_START
G1 F7200
G1 X135.781 Y133.18 E-.12493
G1 X135.781 Y130.285 E-1.37507
;WIPE_END
G1 X140.195 Y133.954 F9000
G1 E5 F2400
;TYPE:Perimeter
;WIDTH:0.439999
G1 F1478
G1 X140.195 Y126.046 E.11121
G1 X143.329 Y126.046 E.04407
G1 X143.329 Y127.613 E.02204
G1 X143.329 Y133.954 E.08918
G1 X140.255 Y133.954 E.04323
G1 X139.772 Y134.377 F9000
G1 F1478
G1 X139.772 Y125.623 E.12311
G1 X143.752 Y125.623 E.05597
G1 X143.752 Y127.613 E.02799
G1 X143.752 Y134.377 E.09512
G1 X139.832 Y134.377 E.05513
G1 X139.36 Y134.79 F9000
;TYPE:External perimeter
;WIDTH:0.419999
G1 F1478
G1 X139.36 Y125.21 E.12835
G1 X144.165 Y125.21 E.06438
G1 X144.165 Y127.613 E.0322
G1 X144.165 Y134.79 E.09616
G1 X139.42 Y134.79 E.06357
G1 X140.521 Y133.629 F9000
;TYPE:Solid infill
;WIDTH:0.439999
G1 F1478
G1 X140.521 Y126.371 E.10207
G1 X141.892 Y126.371 E.01928
G1 X141.892 Y133.629 E.10207
G1 X140.732 Y133.629 E.01631
G1 X140.969 Y133.18 E.00714
;WIDTH:0.491265
G1 X140.969 Y126.82 E.10029
G1 X141.443 Y126.82 E.00747
G1 X141.443 Y133.18 E.10029
G1 X141.181 Y133.18 E.00413
G1 E-3.5 F3600
;WIPE_START
G1 F7200
G1 X141.443 Y133.18 E-.12445
G1 X141.443 Y130.284 E-1.37555
;WIPE_END
G1 X142.315 Y131.094 F9000
G1 E5 F2400
;TYPE:Internal infill
;WIDTH:0.44
G1 F1478
G1 X142.317 Y133.629 E.03565
G1 X143.004 Y132.942 E.01366
G1 X143.004 Y127.058 E.08275
G1 X142.317 Y126.371 E.01366
G1 X142.315 Y128.906 E.03565
;LAYER_CHANGE
;Z:2.2
;HEIGHT:0.0800002
;BEFORE_LAYER_CHANGE
G92 E0
;2.2


G1 E-3.5 F3600
;WIPE_START
G1 F7200
G1 X142.317 Y126.371 E-1.20413
G1 X142.757 Y126.811 E-.29587
;WIPE_END
G1 Z2.2 F9000
;AFTER_LAYER_CHANGE
;2.2
G1 X132.615 Y129.472
G1 E5 F2400
;TYPE:Perimeter
;WIDTH:0.439999
G1 F1484
G1 X132.645 Y129.866 E.00556
G1 X132.586 Y130.968 E.01552
G1 X132.426 Y131.803 E.01196
G1 X132.07 Y132.937 E.01672
G1 X131.625 Y133.851 E.0143
G1 X131.065 Y134.699 E.01429
G1 X130.399 Y135.467 E.0143
G1 X129.638 Y136.141 E.0143
G1 X128.796 Y136.71 E.01429
G1 X127.886 Y137.165 E.01431
G1 X126.925 Y137.496 E.01429
G1 X125.959 Y137.694 E.01387
G1 X125.089 Y137.769 E.01228
G1 X124.065 Y137.719 E.01442
G1 X123.137 Y137.564 E.01323
G1 X122.825 Y137.496 E.00449
G1 X121.864 Y137.165 E.01429
G1 X121.024 Y136.75 E.01318
G1 X120.548 Y136.439 E.008
G1 X120.112 Y136.141 E.00743
G1 X119.408 Y135.524 E.01316
G1 X118.734 Y134.763 E.0143
G1 X118.165 Y133.921 E.01429
G1 X117.71 Y133.011 E.01431
G1 X117.379 Y132.05 E.01429
G1 X117.175 Y131.054 E.0143
G1 X117.106 Y130.214 E.01185
G1 X117.164 Y129.032 E.01664
G1 X117.344 Y128.097 E.01339
G1 X117.634 Y127.196 E.01331
G1 X118.032 Y126.338 E.0133
G1 X118.529 Y125.534 E.01329
G1 X118.734 Y125.237 E.00508
G1 X119.351 Y124.533 E.01316
G1 X120.176 Y123.81 E.01543
G1 X120.954 Y123.29 E.01316
G1 X121.864 Y122.835 E.01431
G1 X122.825 Y122.504 E.01429
G1 X123.821 Y122.3 E.0143
G1 X124.661 Y122.231 E.01185
G1 X125.843 Y122.289 E.01664
G1 X126.848 Y122.483 E.01439
G1 X127.812 Y122.805 E.01429
G1 X128.688 Y123.231 E.0137
G1 X129.481 Y123.748 E.01331
G1 X130.205 Y124.356 E.0133
G1 X131.065 Y125.301 E.01797
G1 X131.585 Y126.079 E.01316
G1 X132.07 Y127.063 E.01543
G1 X132.371 Y127.95 E.01317
G1 X132.575 Y128.946 E.0143
G1 X132.61 Y129.412 E.00657
G1 X132.203 Y129.453 F9000
;TYPE:External perimeter
;WIDTH:0.419999
G1 F1484
G1 X132.233 Y129.844 E.00525
G1 X132.173 Y130.945 E.01477
G1 X132.021 Y131.722 E.01061
G1 X131.679 Y132.804 E.0152
G1 X131.255 Y133.668 E.01289
G1 X130.722 Y134.47 E.0129
G1 X130.088 Y135.195 E.0129
G1 X129.366 Y135.831 E.01289
G1 X128.566 Y136.367 E.0129
G1 X127.704 Y136.794 E.01289
G1 X126.793 Y137.105 E.0129
G1 X125.878 Y137.289 E.0125
G1 X125.057 Y137.357 E.01104
G1 X124.087 Y137.307 E.01301
G1 X123.217 Y137.159 E.01182
G1 X122.046 Y136.794 E.01643
G1 X121.207 Y136.38 E.01254
G1 X120.777 Y136.095 E.00691
G1 X120.384 Y135.831 E.00634
G1 X119.68 Y135.213 E.01255
G1 X119.044 Y134.491 E.01289
G1 X118.508 Y133.691 E.0129
G1 X118.081 Y132.829 E.01289
G1 X117.77 Y131.918 E.0129
G1 X117.58 Y130.974 E.0129
G1 X117.518 Y130.182 E.01064
G1 X117.577 Y129.055 E.01512
G1 X117.749 Y128.178 E.01197
G1 X118.025 Y127.329 E.01196
G1 X118.402 Y126.52 E.01196
G1 X118.873 Y125.763 E.01195
G1 X119.044 Y125.509 E.0041
G1 X119.662 Y124.805 E.01255
G1 X120.405 Y124.153 E.01324
G1 X121.184 Y123.633 E.01255
G1 X122.046 Y123.206 E.01289
G1 X122.957 Y122.895 E.0129
G1 X123.901 Y122.705 E.0129
G1 X124.693 Y122.643 E.01064
G1 X125.82 Y122.702 E.01512
G1 X126.767 Y122.888 E.01293
G1 X127.679 Y123.196 E.0129
G1 X128.505 Y123.601 E.01233
G1 X129.251 Y124.091 E.01196
G1 X129.933 Y124.667 E.01196
G1 X130.722 Y125.53 E.01567
G1 X131.242 Y126.309 E.01255
G1 X131.679 Y127.196 E.01325
G1 X131.98 Y128.082 E.01254
G1 X132.17 Y129.026 E.0129
G1 X132.198 Y129.393 E.00493
G1 E-3.5 F3600
;WIPE_START
G1 F7200
G1 X132.203 Y129.453 E-.0286
G1 X132.233 Y129.844 E-.18627
G1 X132.173 Y130.945 E-.52375
G1 X132.021 Y131.722 E-.37607
G1 X131.777 Y132.496 E-.38531
;WIPE_END
G1 X136.27 Y127.356 F9000
G1 E5 F2400
;TYPE:Perimeter
;WIDTH:0.439999
G1 F1484
G1 X136.27 Y127.777 E.00592
G1 X136.27 Y133.954 E.08687
G1 X132.653 Y133.954 E.05087
;WIDTH:0.481342
G1 X132.083 Y134.1 E.00908
;WIDTH:0.50483
G1 X131.964 Y134.173 E.00226
G1 X132.023 Y134.047 E.00226
;WIDTH:0.481342
G1 X132.471 Y133.073 E.01655
;WIDTH:0.439999
G1 X132.841 Y131.885 E.0175
G1 X133.008 Y130.99 E.0128
G1 X133.066 Y129.753 E.01742
G1 X132.989 Y128.863 E.01256
G1 X132.772 Y127.814 E.01506
G1 X132.471 Y126.927 E.01317
G1 X132.314 Y126.59 E.00523
;WIDTH:0.478578
G1 X131.889 Y125.738 E.01461
G1 X132.09 Y125.888 E.00385
;WIDTH:0.453462
G1 X132.653 Y126.046 E.00849
;WIDTH:0.439999
G1 X136.27 Y126.046 E.05087
G1 X136.27 Y127.296 E.01758
G1 E-3.5 F3600
;WIPE_START
G1 F7200
G1 X136.27 Y127.356 E-.0285
G1 X136.27 Y127.777 E-.19997
G1 X136.27 Y130.454 E-1.27153
;WIPE_END
G1 X131.964 Y134.173 F9000
G1 E5 F2400
;WIDTH:0.50483
G1 F1484
G1 X131.689 Y134.553 E.00761
;WIDTH:0.469449
G1 X131.414 Y134.932 E.00704
;WIDTH:0.435336
G1 X130.715 Y135.744 E.0149
;WIDTH:0.437194
G1 X129.916 Y136.458 E.01497
;WIDTH:0.43964
G1 X129.03 Y137.062 E.01507
;WIDTH:0.442682
G1 X128.074 Y137.545 E.01516
;WIDTH:0.446312
G1 X127.062 Y137.9 E.01531
;WIDTH:0.450298
G1 X126.042 Y138.114 E.01501
G1 X125.122 Y138.192 E.0133
;WIDTH:0.45848
G1 X124.041 Y138.151 E.01588
;WIDTH:0.458798
G1 X123.052 Y137.988 E.01472
;WIDTH:0.46045
G1 X122.091 Y137.705 E.01477
;WIDTH:0.461508
G1 X121.171 Y137.307 E.01481
G1 X120.721 Y137.059 E.00759
;WIDTH:0.433446
G1 X119.943 Y136.539 E.01296
;WIDTH:0.461854
G1 X119.511 Y136.191 E.0082
G1 X119.132 Y135.839 E.00765
;WIDTH:0.433724
G1 X118.418 Y135.04 E.01485
;WIDTH:0.434748
G1 X117.815 Y134.154 E.01489
;WIDTH:0.436364
G1 X117.333 Y133.197 E.01494
;WIDTH:0.43857
G1 X116.979 Y132.186 E.01501
;WIDTH:0.44137
G1 X116.76 Y131.137 E.01512
G1 X116.686 Y130.247 E.0126
;WIDTH:0.448768
G1 X116.738 Y129.009 E.01779
;WIDTH:0.45239
G1 X116.923 Y128.013 E.01466
;WIDTH:0.455468
G1 X117.227 Y127.058 E.01461
;WIDTH:0.457948
G1 X117.644 Y126.147 E.01469
;WIDTH:0.459842
G1 X118.17 Y125.293 E.01477
;WIDTH:0.461146
G1 X118.795 Y124.51 E.01479
;WIDTH:0.461856
G1 X119.511 Y123.809 E.01482
G1 X119.943 Y123.461 E.0082
;WIDTH:0.433448
G1 X120.721 Y122.941 E.01296
;WIDTH:0.461508
G1 X121.171 Y122.693 E.00759
G1 X121.678 Y122.459 E.00825
;WIDTH:0.434254
G1 X122.69 Y122.106 E.01487
;WIDTH:0.43563
G1 X123.739 Y121.888 E.01491
G1 X124.628 Y121.813 E.01242
;WIDTH:0.44043
G1 X125.865 Y121.867 E.01743
;WIDTH:0.443286
G1 X126.93 Y122.067 E.01536
;WIDTH:0.447024
G1 X127.949 Y122.401 E.01533
;WIDTH:0.450952
G1 X128.877 Y122.847 E.01485
;WIDTH:0.45427
G1 X129.72 Y123.39 E.01458
;WIDTH:0.457
G1 X130.49 Y124.032 E.01467
;WIDTH:0.459134
G1 X131.175 Y124.763 E.01473
;WIDTH:0.463666
G1 X131.807 Y125.628 E.01591
;WIDTH:0.478578
G1 X131.889 Y125.738 E.00211
G1 X132.391 Y125.527 F9000
;WIDTH:0.439999
G1 F1484
G1 X132.653 Y125.623 E.00392
G1 X136.693 Y125.623 E.05682
G1 X136.693 Y127.777 E.03029
G1 X136.693 Y134.377 E.09282
G1 X132.653 Y134.377 E.05682
G1 X132.322 Y134.474 E.00485
G1 X132.157 Y134.628 E.00317
G1 X131.509 Y135.514 E.01544
G1 X130.786 Y136.283 E.01484
G1 X129.974 Y136.957 E.01484
G1 X129.087 Y137.528 E.01484
G1 X128.136 Y137.986 E.01484
G1 X127.137 Y138.324 E.01483
G1 X126.103 Y138.538 E.01485
G1 X125.052 Y138.624 E.01483
G1 X123.997 Y138.581 E.01485
G1 X122.956 Y138.41 E.01484
G1 X121.944 Y138.113 E.01483
G1 X120.975 Y137.694 E.01485
G1 X120.065 Y137.16 E.01484
G1 X119.226 Y136.519 E.01485
G1 X118.473 Y135.781 E.01483
G1 X117.815 Y134.956 E.01484
G1 X117.262 Y134.057 E.01484
G1 X116.824 Y133.097 E.01484
G1 X116.506 Y132.091 E.01484
G1 X116.314 Y131.053 E.01485
G1 X116.249 Y130 E.01484
G1 X116.314 Y128.947 E.01484
G1 X116.506 Y127.909 E.01485
G1 X116.824 Y126.903 E.01484
G1 X117.262 Y125.943 E.01484
G1 X117.815 Y125.044 E.01484
G1 X118.473 Y124.219 E.01484
G1 X119.226 Y123.481 E.01483
G1 X120.065 Y122.84 E.01485
G1 X120.975 Y122.306 E.01484
G1 X121.944 Y121.887 E.01485
G1 X122.956 Y121.59 E.01483
G1 X123.997 Y121.419 E.01484
G1 X125.052 Y121.376 E.01485
G1 X126.103 Y121.462 E.01483
G1 X127.137 Y121.676 E.01485
G1 X128.136 Y122.014 E.01483
G1 X129.087 Y122.472 E.01484
G1 X129.974 Y123.043 E.01484
G1 X130.786 Y123.717 E.01484
G1 X131.49 Y124.467 E.01447
G1 X132.257 Y125.478 E.01785
G1 X132.334 Y125.506 E.00115
G1 X132.572 Y125.169 F9000
;TYPE:External perimeter
;WIDTH:0.419999
G1 F1484
G1 X132.653 Y125.21 E.00122
G1 X137.106 Y125.21 E.05966
G1 X137.106 Y127.777 E.03439
G1 X137.106 Y134.79 E.09396
G1 X132.653 Y134.79 E.05966
G1 X132.49 Y134.872 E.00244
G1 X131.827 Y135.778 E.01504
G1 X131.069 Y136.584 E.01482
G1 X130.219 Y137.291 E.01481
G1 X129.289 Y137.889 E.01481
G1 X128.292 Y138.369 E.01483
G1 X127.245 Y138.723 E.01481
G1 X126.162 Y138.947 E.01482
G1 X125.06 Y139.038 E.01482
G1 X123.955 Y138.993 E.01482
G1 X122.864 Y138.813 E.01482
G1 X121.803 Y138.502 E.01481
G1 X120.788 Y138.063 E.01482
G1 X119.834 Y137.504 E.01481
G1 X118.956 Y136.832 E.01481
G1 X118.166 Y136.058 E.01482
G1 X117.476 Y135.194 E.01481
G1 X116.897 Y134.251 E.01483
G1 X116.438 Y133.245 E.01482
G1 X116.105 Y132.191 E.01481
G1 X115.903 Y131.104 E.01481
G1 X115.835 Y130 E.01482
G1 X115.903 Y128.896 E.01482
G1 X116.105 Y127.809 E.01481
G1 X116.438 Y126.755 E.01481
G1 X116.897 Y125.749 E.01482
G1 X117.476 Y124.806 E.01483
G1 X118.166 Y123.942 E.01481
G1 X118.956 Y123.168 E.01482
G1 X119.834 Y122.496 E.01481
G1 X120.788 Y121.937 E.01481
G1 X121.803 Y121.498 E.01482
G1 X122.864 Y121.187 E.01481
G1 X123.955 Y121.007 E.01482
G1 X125.06 Y120.962 E.01482
G1 X126.162 Y121.053 E.01482
G1 X127.245 Y121.277 E.01482
G1 X128.292 Y121.631 E.01481
G1 X129.289 Y122.111 E.01483
G1 X130.219 Y122.709 E.01481
G1 X131.069 Y123.416 E.01481
G1 X131.827 Y124.222 E.01482
G1 X132.49 Y125.128 E.01504
G1 X132.518 Y125.142 E.00042
G1 E-3.5 F3600
;WIPE_START
G1 F7200
G1 X132.572 Y125.169 E-.02868
G1 X132.653 Y125.21 E-.04312
G1 X135.66 Y125.21 E-1.4282
;WIPE_END
G1 X135.733 Y126.371 F9000
G1 E5 F2400
;TYPE:Solid infill
;WIDTH:0.439999
G1 F1484
G1 X134.751 Y126.371 E.01381
G1 X134.751 Y133.629 E.10207
G1 X135.945 Y133.629 E.01679
G1 X135.945 Y126.371 E.10207
G1 X135.541 Y126.775 E.00804
;WIDTH:0.402791
G1 X135.541 Y133.225 E.08273
G1 X135.155 Y133.225 E.00495
G1 X135.155 Y126.775 E.08273
G1 X135.329 Y126.775 E.00223
G1 X134.328 Y128.209 F9000
;TYPE:Internal infill
;WIDTH:0.44
G1 F1484
G1 X134.328 Y126.371 E.02585
G1 X133.629 Y126.371 E.00983
G1 X132.878 Y127.122 E.01494
G1 X133.125 Y127.875 E.01114
G1 X133.331 Y128.955 E.01546
G1 X133.393 Y129.9 E.01332
G1 X133.316 Y131.165 E.01782
G1 X133.125 Y132.125 E.01377
G1 X132.878 Y132.878 E.01114
G1 X133.629 Y133.629 E.01494
G1 X134.328 Y133.629 E.00983
G1 X134.328 Y131.791 E.02585
G1 E-3.5 F3600
;WIPE_START
G1 F7200
G1 X134.328 Y133.629 E-.87305
G1 X133.629 Y133.629 E-.33203
G1 X133.19 Y133.19 E-.29492
;WIPE_END
G1 X140.48 Y133.954 F9000
G1 E5 F2400
;TYPE:Perimeter
;WIDTH:0.439999
G1 F1484
G1 X140.48 Y126.046 E.11121
G1 X143.329 Y126.046 E.04007
G1 X143.329 Y127.47 E.02003
G1 X143.329 Y133.954 E.09119
G1 X140.54 Y133.954 E.03922
G1 X140.057 Y134.377 F9000
G1 F1484
G1 X140.057 Y125.623 E.12311
G1 X143.752 Y125.623 E.05196
G1 X143.752 Y127.47 E.02598
G1 X143.752 Y134.377 E.09714
G1 X140.117 Y134.377 E.05112
G1 X139.644 Y134.79 F9000
;TYPE:External perimeter
;WIDTH:0.419999
G1 F1484
G1 X139.644 Y125.21 E.12835
G1 X144.165 Y125.21 E.06057
G1 X144.165 Y127.47 E.03028
G1 X144.165 Y134.79 E.09807
G1 X139.704 Y134.79 E.05977
G1 E-3.5 F3600
;WIPE_START
G1 F7200
G1 X139.644 Y134.79 E-.0285
G1 X139.644 Y131.692 E-1.4715
;WIPE_END
G1 X142.422 Y130.987 F9000
G1 E5 F2400
;TYPE:Internal infill
;WIDTH:0.44
G1 F1484
G1 X142.422 Y133.524 E.03568
G1 X143.004 Y132.942 E.01158
G1 X143.004 Y127.058 E.08275
G1 X142.422 Y126.476 E.01158
G1 X142.422 Y129.013 E.03568
G1 E-3.5 F3600
;WIPE_START
G1 F7200
G1 X142.422 Y126.476 E-1.20508
G1 X142.861 Y126.915 E-.29492
;WIPE_END
G1 X140.805 Y126.371 F9000
G1 E5 F2400
;TYPE:Solid infill
;WIDTH:0.439999
G1 F1484
G1 X141.999 Y126.371 E.01679
G1 X141.999 Y133.629 E.10207
G1 X140.805 Y133.629 E.01679
G1 X140.805 Y126.583 E.09909
G1 X141.209 Y126.775 E.00629
;WIDTH:0.40279
G1 X141.595 Y126.775 E.00495
G1 X141.595 Y133.225 E.08273
G1 X141.209 Y133.225 E.00495
G1 X141.209 Y126.987 E.08001
;LAYER_CHANGE
;Z:2.28
;HEIGHT:0.0799999
;BEFORE_LAYER_CHANGE
G92 E0
;2.28


G1 E-3.5 F3600
;WIPE_START
G1 F7200
G1 X141.209 Y130.145 E-1.5
;WIPE_END
G1 Z2.28 F9000
;AFTER_LAYER_CHANGE
;2.28
G1 X132.527 Y128.714
G1 E5 F2400
;TYPE:Perimeter
;WIDTH:0.439999
G1 F1405
G1 X132.575 Y128.946 E.00333
G1 X132.645 Y129.866 E.01298
G1 X132.586 Y130.968 E.01552
G1 X132.395 Y131.956 E.01415
G1 X132.07 Y132.937 E.01453
G1 X131.625 Y133.851 E.0143
G1 X131.065 Y134.699 E.01429
G1 X130.399 Y135.467 E.0143
G1 X129.638 Y136.141 E.0143
G1 X128.796 Y136.71 E.01429
G1 X127.886 Y137.165 E.01431
G1 X126.925 Y137.496 E.01429
G1 X125.959 Y137.694 E.01387
G1 X125.089 Y137.769 E.01228
G1 X124.065 Y137.719 E.01442
G1 X123.137 Y137.564 E.01323
G1 X122.825 Y137.496 E.00449
G1 X121.864 Y137.165 E.01429
G1 X121.024 Y136.75 E.01318
G1 X120.548 Y136.439 E.008
G1 X120.112 Y136.141 E.00743
G1 X119.408 Y135.524 E.01316
G1 X118.734 Y134.763 E.0143
G1 X118.165 Y133.921 E.01429
G1 X117.71 Y133.011 E.01431
G1 X117.379 Y132.05 E.01429
G1 X117.175 Y131.054 E.0143
G1 X117.106 Y130.214 E.01185
G1 X117.164 Y129.032 E.01664
G1 X117.344 Y128.097 E.01339
G1 X117.634 Y127.196 E.01331
G1 X118.032 Y126.338 E.0133
G1 X118.529 Y125.534 E.01329
G1 X118.734 Y125.237 E.00508
G1 X119.351 Y124.533 E.01316
G1 X120.176 Y123.81 E.01543
G1 X120.954 Y123.29 E.01316
G1 X121.864 Y122.835 E.01431
G1 X122.825 Y122.504 E.01429
G1 X123.821 Y122.3 E.0143
G1 X124.661 Y122.231 E.01185
G1 X125.843 Y122.289 E.01664
G1 X126.848 Y122.483 E.01439
G1 X127.812 Y122.805 E.01429
G1 X128.688 Y123.231 E.0137
G1 X129.481 Y123.748 E.01331
G1 X130.205 Y124.356 E.0133
G1 X131.065 Y125.301 E.01797
G1 X131.585 Y126.079 E.01316
G1 X132.07 Y127.063 E.01543
G1 X132.371 Y127.95 E.01317
G1 X132.515 Y128.655 E.01012
G1 X132.111 Y128.735 F9000
;TYPE:External perimeter
;WIDTH:0.419999
G1 F1405
G1 X132.17 Y129.026 E.00398
G1 X132.233 Y129.844 E.01099
G1 X132.173 Y130.945 E.01477
G1 X131.991 Y131.875 E.0127
G1 X131.679 Y132.804 E.01313
G1 X131.255 Y133.668 E.01289
G1 X130.722 Y134.47 E.0129
G1 X130.088 Y135.195 E.0129
G1 X129.366 Y135.831 E.01289
G1 X128.566 Y136.367 E.0129
G1 X127.704 Y136.794 E.01289
G1 X126.793 Y137.105 E.0129
G1 X125.878 Y137.289 E.0125
G1 X125.057 Y137.357 E.01104
G1 X124.087 Y137.307 E.01301
G1 X123.217 Y137.159 E.01182
G1 X122.046 Y136.794 E.01643
G1 X121.207 Y136.38 E.01254
G1 X120.777 Y136.095 E.00691
G1 X120.384 Y135.831 E.00634
G1 X119.68 Y135.213 E.01255
G1 X119.044 Y134.491 E.01289
G1 X118.508 Y133.691 E.0129
G1 X118.081 Y132.829 E.01289
G1 X117.77 Y131.918 E.0129
G1 X117.58 Y130.974 E.0129
G1 X117.518 Y130.182 E.01064
G1 X117.577 Y129.055 E.01512
G1 X117.749 Y128.178 E.01197
G1 X118.025 Y127.329 E.01196
G1 X118.402 Y126.52 E.01196
G1 X118.873 Y125.763 E.01195
G1 X119.044 Y125.509 E.0041
G1 X119.662 Y124.805 E.01255
G1 X120.405 Y124.153 E.01324
G1 X121.184 Y123.633 E.01255
G1 X122.046 Y123.206 E.01289
G1 X122.957 Y122.895 E.0129
G1 X123.901 Y122.705 E.0129
G1 X124.693 Y122.643 E.01064
G1 X125.82 Y122.702 E.01512
G1 X126.767 Y122.888 E.01293
G1 X127.679 Y123.196 E.0129
G1 X128.505 Y123.601 E.01233
G1 X129.251 Y124.091 E.01196
G1 X129.933 Y124.667 E.01196
G1 X130.722 Y125.53 E.01567
G1 X131.242 Y126.309 E.01255
G1 X131.679 Y127.196 E.01325
G1 X131.98 Y128.082 E.01254
G1 X132.1 Y128.677 E.00813
G1 E-3.5 F3600
;WIPE_START
G1 F7200
G1 X132.111 Y128.735 E-.02804
G1 X132.17 Y129.026 E-.14104
G1 X132.233 Y129.844 E-.3897
G1 X132.173 Y130.945 E-.52375
G1 X132.004 Y131.808 E-.41747
;WIPE_END
G1 X135.986 Y127.741 F9000
G1 E5 F2400
;TYPE:Perimeter
;WIDTH:0.439999
G1 F1405
G1 X135.986 Y133.954 E.08738
G1 X132.653 Y133.954 E.04687
;WIDTH:0.481343
G1 X132.083 Y134.1 E.00908
;WIDTH:0.504832
G1 X131.964 Y134.173 E.00226
G1 X132.023 Y134.047 E.00226
;WIDTH:0.481343
G1 X132.471 Y133.073 E.01655
;WIDTH:0.439999
G1 X132.81 Y132.038 E.01532
G1 X133.008 Y130.99 E.015
G1 X133.066 Y129.753 E.01742
G1 X132.989 Y128.863 E.01256
G1 X132.772 Y127.814 E.01506
G1 X132.471 Y126.927 E.01317
G1 X132.314 Y126.59 E.00523
;WIDTH:0.478578
G1 X131.889 Y125.738 E.01461
G1 X132.09 Y125.888 E.00385
;WIDTH:0.453461
G1 X132.653 Y126.046 E.00849
;WIDTH:0.439999
G1 X135.986 Y126.046 E.04687
G1 X135.986 Y127.649 E.02254
G1 X135.986 Y127.681 E.00045
G1 E-3.5 F3600
;WIPE_START
G1 F7200
G1 X135.986 Y127.741 E-.0285
G1 X135.986 Y130.839 E-1.4715
;WIPE_END
G1 X131.964 Y134.173 F9000
G1 E5 F2400
;WIDTH:0.504832
G1 F1405
G1 X131.689 Y134.553 E.00761
;WIDTH:0.46945
G1 X131.414 Y134.932 E.00704
;WIDTH:0.435336
G1 X130.715 Y135.744 E.0149
;WIDTH:0.437194
G1 X129.916 Y136.458 E.01497
;WIDTH:0.439642
G1 X129.03 Y137.062 E.01507
;WIDTH:0.442684
G1 X128.074 Y137.545 E.01516
;WIDTH:0.446308
G1 X127.062 Y137.9 E.01531
;WIDTH:0.4503
G1 X126.042 Y138.114 E.01501
G1 X125.122 Y138.192 E.0133
;WIDTH:0.45848
G1 X124.041 Y138.151 E.01588
;WIDTH:0.458798
G1 X123.052 Y137.988 E.01472
;WIDTH:0.46045
G1 X122.091 Y137.705 E.01477
;WIDTH:0.461508
G1 X121.171 Y137.307 E.01481
G1 X120.721 Y137.059 E.00759
;WIDTH:0.433446
G1 X119.943 Y136.539 E.01296
;WIDTH:0.461854
G1 X119.511 Y136.191 E.0082
G1 X119.132 Y135.839 E.00765
;WIDTH:0.433724
G1 X118.418 Y135.04 E.01485
;WIDTH:0.434748
G1 X117.815 Y134.154 E.01489
;WIDTH:0.436366
G1 X117.333 Y133.197 E.01494
;WIDTH:0.43857
G1 X116.979 Y132.186 E.01501
;WIDTH:0.44137
G1 X116.76 Y131.137 E.01512
G1 X116.686 Y130.247 E.0126
;WIDTH:0.448768
G1 X116.738 Y129.009 E.01779
;WIDTH:0.45239
G1 X116.923 Y128.013 E.01466
;WIDTH:0.455468
G1 X117.227 Y127.058 E.01461
;WIDTH:0.457948
G1 X117.644 Y126.147 E.01469
;WIDTH:0.459842
G1 X118.17 Y125.293 E.01477
;WIDTH:0.461144
G1 X118.795 Y124.51 E.01479
;WIDTH:0.461856
G1 X119.511 Y123.809 E.01482
G1 X119.943 Y123.461 E.0082
;WIDTH:0.433448
G1 X120.721 Y122.941 E.01296
;WIDTH:0.461508
G1 X121.171 Y122.693 E.00759
G1 X121.678 Y122.459 E.00825
;WIDTH:0.434254
G1 X122.69 Y122.106 E.01487
;WIDTH:0.43563
G1 X123.739 Y121.888 E.01491
G1 X124.628 Y121.813 E.01242
;WIDTH:0.44043
G1 X125.865 Y121.867 E.01743
;WIDTH:0.443286
G1 X126.93 Y122.067 E.01536
;WIDTH:0.447024
G1 X127.949 Y122.401 E.01533
;WIDTH:0.450954
G1 X128.877 Y122.847 E.01486
;WIDTH:0.45427
G1 X129.72 Y123.39 E.01458
;WIDTH:0.456998
G1 X130.49 Y124.032 E.01467
;WIDTH:0.459132
G1 X131.175 Y124.763 E.01473
;WIDTH:0.463666
G1 X131.807 Y125.628 E.01591
;WIDTH:0.478578
G1 X131.889 Y125.738 E.00211
G1 X132.391 Y125.527 F9000
;WIDTH:0.439999
G1 F1405
G1 X132.653 Y125.623 E.00392
G1 X136.409 Y125.623 E.05282
G1 X136.409 Y127.649 E.02849
G1 X136.409 Y134.377 E.09462
G1 X132.653 Y134.377 E.05282
G1 X132.322 Y134.474 E.00485
G1 X132.157 Y134.628 E.00317
G1 X131.509 Y135.514 E.01544
G1 X130.786 Y136.283 E.01484
G1 X129.974 Y136.957 E.01484
G1 X129.087 Y137.528 E.01484
G1 X128.136 Y137.986 E.01484
G1 X127.137 Y138.324 E.01483
G1 X126.103 Y138.538 E.01485
G1 X125.052 Y138.624 E.01483
G1 X123.997 Y138.581 E.01485
G1 X122.956 Y138.41 E.01484
G1 X121.944 Y138.113 E.01483
G1 X120.975 Y137.694 E.01485
G1 X120.065 Y137.16 E.01484
G1 X119.226 Y136.519 E.01485
G1 X118.473 Y135.781 E.01483
G1 X117.815 Y134.956 E.01484
G1 X117.262 Y134.057 E.01484
G1 X116.824 Y133.097 E.01484
G1 X116.506 Y132.091 E.01484
G1 X116.314 Y131.053 E.01485
G1 X116.249 Y130 E.01484
G1 X116.314 Y128.947 E.01484
G1 X116.506 Y127.909 E.01485
G1 X116.824 Y126.903 E.01484
G1 X117.262 Y125.943 E.01484
G1 X117.815 Y125.044 E.01484
G1 X118.473 Y124.219 E.01484
G1 X119.226 Y123.481 E.01483
G1 X120.065 Y122.84 E.01485
G1 X120.975 Y122.306 E.01484
G1 X121.944 Y121.887 E.01485
G1 X122.956 Y121.59 E.01483
G1 X123.997 Y121.419 E.01484
G1 X125.052 Y121.376 E.01485
G1 X126.103 Y121.462 E.01483
G1 X127.137 Y121.676 E.01485
G1 X128.136 Y122.014 E.01483
G1 X129.087 Y122.472 E.01484
G1 X129.974 Y123.043 E.01484
G1 X130.786 Y123.717 E.01484
G1 X131.49 Y124.467 E.01447
G1 X132.257 Y125.478 E.01785
G1 X132.334 Y125.506 E.00115
G1 X132.572 Y125.169 F9000
;TYPE:External perimeter
;WIDTH:0.419999
G1 F1405
G1 X132.653 Y125.21 E.00122
G1 X136.821 Y125.21 E.05584
G1 X136.821 Y127.649 E.03268
G1 X136.821 Y134.79 E.09568
G1 X132.653 Y134.79 E.05584
G1 X132.49 Y134.872 E.00244
G1 X131.827 Y135.778 E.01504
G1 X131.069 Y136.584 E.01482
G1 X130.219 Y137.291 E.01481
G1 X129.289 Y137.889 E.01481
G1 X128.292 Y138.369 E.01483
G1 X127.245 Y138.723 E.01481
G1 X126.162 Y138.947 E.01482
G1 X125.06 Y139.038 E.01482
G1 X123.955 Y138.993 E.01482
G1 X122.864 Y138.813 E.01482
G1 X121.803 Y138.502 E.01481
G1 X120.788 Y138.063 E.01482
G1 X119.834 Y137.504 E.01481
G1 X118.956 Y136.832 E.01481
G1 X118.166 Y136.058 E.01482
G1 X117.476 Y135.194 E.01481
G1 X116.897 Y134.251 E.01483
G1 X116.438 Y133.245 E.01482
G1 X116.105 Y132.191 E.01481
G1 X115.903 Y131.104 E.01481
G1 X115.835 Y130 E.01482
G1 X115.903 Y128.896 E.01482
G1 X116.105 Y127.809 E.01481
G1 X116.438 Y126.755 E.01481
G1 X116.897 Y125.749 E.01482
G1 X117.476 Y124.806 E.01483
G1 X118.166 Y123.942 E.01481
G1 X118.956 Y123.168 E.01482
G1 X119.834 Y122.496 E.01481
G1 X120.788 Y121.937 E.01481
G1 X121.803 Y121.498 E.01482
G1 X122.864 Y121.187 E.01481
G1 X123.955 Y121.007 E.01482
G1 X125.06 Y120.962 E.01482
G1 X126.162 Y121.053 E.01482
G1 X127.245 Y121.277 E.01482
G1 X128.292 Y121.631 E.01481
G1 X129.289 Y122.111 E.01483
G1 X130.219 Y122.709 E.01481
G1 X131.069 Y123.416 E.01481
G1 X131.827 Y124.222 E.01482
G1 X132.49 Y125.128 E.01504
G1 X132.518 Y125.142 E.00042
G1 E-3.5 F3600
;WIPE_START
G1 F7200
G1 X132.572 Y125.169 E-.02868
G1 X132.653 Y125.21 E-.04312
G1 X135.66 Y125.21 E-1.4282
;WIPE_END
G1 X134.228 Y128.309 F9000
G1 E5 F2400
;TYPE:Internal infill
;WIDTH:0.44
G1 F1405
G1 X134.228 Y126.371 E.02725
G1 X133.629 Y126.371 E.00842
G1 X132.878 Y127.122 E.01494
G1 X133.125 Y127.875 E.01114
G1 X133.331 Y128.955 E.01546
G1 X133.393 Y129.9 E.01332
G1 X133.316 Y131.165 E.01782
G1 X133.125 Y132.125 E.01377
G1 X132.878 Y132.878 E.01114
G1 X133.629 Y133.629 E.01494
G1 X134.228 Y133.629 E.00842
G1 X134.228 Y131.691 E.02725
G1 X134.651 Y133.629 F9000
;TYPE:Solid infill
;WIDTH:0.439999
G1 F1405
G1 X134.651 Y126.371 E.10207
G1 X135.66 Y126.371 E.01419
G1 X135.66 Y133.629 E.10207
G1 X134.862 Y133.629 E.01122
G1 X135.155 Y133.124 E.00821
;WIDTH:0.604038
G1 X135.155 Y126.876 E.12196
G1 E-3.5 F3600
;WIPE_START
G1 F7200
G1 X135.155 Y130.034 E-1.5
;WIPE_END
G1 X140.764 Y126.046 F9000
G1 E5 F2400
;TYPE:Perimeter
;WIDTH:0.439999
G1 F1405
G1 X143.329 Y126.046 E.03607
G1 X143.329 Y127.328 E.01803
G1 X143.329 Y133.954 E.09318
G1 X140.764 Y133.954 E.03607
G1 X140.764 Y126.106 E.11037
G1 X140.341 Y125.623 F9000
G1 F1405
G1 X143.752 Y125.623 E.04797
G1 X143.752 Y127.328 E.02398
G1 X143.752 Y134.377 E.09913
G1 X140.341 Y134.377 E.04797
G1 X140.341 Y125.683 E.12227
G1 X139.929 Y125.21 F9000
;TYPE:External perimeter
;WIDTH:0.419999
G1 F1405
G1 X144.165 Y125.21 E.05675
G1 X144.165 Y127.328 E.02838
G1 X144.165 Y134.79 E.09998
G1 X139.929 Y134.79 E.05675
G1 X139.929 Y125.27 E.12755
G1 X141.09 Y126.583 F9000
;TYPE:Solid infill
;WIDTH:0.439999
G1 F1405
G1 X141.09 Y133.629 E.09909
G1 X142.099 Y133.629 E.01419
G1 X142.099 Y126.371 E.10207
G1 X141.09 Y126.371 E.01419
G1 X141.595 Y126.876 E.01004
;WIDTH:0.604042
G1 X141.595 Y133.124 E.12196
G1 E-3.5 F3600
;WIPE_START
G1 F7200
G1 X141.595 Y129.966 E-1.5
;WIPE_END
G1 X142.522 Y130.887 F9000
G1 E5 F2400
;TYPE:Internal infill
;WIDTH:0.44
G1 F1405
G1 X142.522 Y133.424 E.03568
G1 X143.004 Y132.942 E.00959
G1 X143.004 Y127.058 E.08275
G1 X142.522 Y126.576 E.00959
G1 X142.522 Y129.113 E.03568
;LAYER_CHANGE
;Z:2.36
;HEIGHT:0.0799999
;BEFORE_LAYER_CHANGE
G92 E0
;2.36


G1 E-3.5 F3600
;WIPE_START
G1 F7200
G1 X142.522 Y126.576 E-1.20507
G1 X142.961 Y127.015 E-.29493
;WIPE_END
G1 Z2.36 F9000
;AFTER_LAYER_CHANGE
;2.36
G1 X132.627 Y129.575
G1 E5 F2400
;TYPE:Perimeter
;WIDTH:0.439999
G1 F1395
G1 X132.644 Y129.786 E.00298
G1 X132.586 Y130.968 E.01664
G1 X132.392 Y131.973 E.01439
G1 X132.07 Y132.937 E.01429
G1 X131.625 Y133.851 E.0143
G1 X131.065 Y134.699 E.01429
G1 X130.399 Y135.467 E.0143
G1 X129.638 Y136.141 E.0143
G1 X128.796 Y136.71 E.01429
G1 X127.886 Y137.165 E.01431
G1 X126.925 Y137.496 E.01429
G1 X125.959 Y137.694 E.01387
G1 X125.089 Y137.769 E.01228
G1 X124.065 Y137.719 E.01442
G1 X122.825 Y137.496 E.01772
G1 X121.938 Y137.195 E.01317
G1 X120.985 Y136.729 E.01492
G1 X120.112 Y136.141 E.0148
G1 X119.408 Y135.524 E.01316
G1 X118.734 Y134.763 E.0143
G1 X118.165 Y133.921 E.01429
G1 X117.71 Y133.011 E.01431
G1 X117.379 Y132.05 E.01429
G1 X117.175 Y131.054 E.0143
G1 X117.106 Y130.214 E.01185
G1 X117.164 Y129.032 E.01664
G1 X117.344 Y128.097 E.01339
G1 X117.634 Y127.196 E.01331
G1 X118.032 Y126.338 E.0133
G1 X118.529 Y125.534 E.01329
G1 X118.734 Y125.237 E.00508
G1 X119.351 Y124.533 E.01316
G1 X120.176 Y123.81 E.01543
G1 X120.954 Y123.29 E.01316
G1 X121.864 Y122.835 E.01431
G1 X122.825 Y122.504 E.01429
G1 X123.821 Y122.3 E.0143
G1 X124.661 Y122.231 E.01185
G1 X125.843 Y122.289 E.01664
G1 X126.848 Y122.483 E.01439
G1 X127.812 Y122.805 E.01429
G1 X128.688 Y123.231 E.0137
G1 X129.481 Y123.748 E.01331
G1 X130.205 Y124.356 E.0133
G1 X131.065 Y125.301 E.01797
G1 X131.585 Y126.079 E.01316
G1 X131.935 Y126.777 E.01098
G1 X132.07 Y127.063 E.00445
G1 X132.371 Y127.95 E.01317
G1 X132.575 Y128.946 E.0143
G1 X132.622 Y129.515 E.00803
G1 X132.21 Y129.534 F9000
;TYPE:External perimeter
;WIDTH:0.419999
G1 F1395
G1 X132.232 Y129.818 E.00382
G1 X132.173 Y130.945 E.01512
G1 X131.987 Y131.892 E.01293
G1 X131.679 Y132.804 E.0129
G1 X131.255 Y133.668 E.01289
G1 X130.722 Y134.47 E.0129
G1 X130.088 Y135.195 E.0129
G1 X129.366 Y135.831 E.01289
G1 X128.566 Y136.367 E.0129
G1 X127.704 Y136.794 E.01289
G1 X126.793 Y137.105 E.0129
G1 X125.878 Y137.289 E.0125
G1 X125.057 Y137.357 E.01104
G1 X124.087 Y137.307 E.01301
G1 X123.217 Y137.159 E.01182
G1 X122.363 Y136.904 E.01194
G1 X122.046 Y136.794 E.0045
G1 X121.194 Y136.373 E.01273
G1 X120.384 Y135.831 E.01306
G1 X119.68 Y135.213 E.01255
G1 X119.044 Y134.491 E.01289
G1 X118.508 Y133.691 E.0129
G1 X118.081 Y132.829 E.01289
G1 X117.77 Y131.918 E.0129
G1 X117.58 Y130.974 E.0129
G1 X117.518 Y130.182 E.01064
G1 X117.577 Y129.055 E.01512
G1 X117.749 Y128.178 E.01197
G1 X118.025 Y127.329 E.01196
G1 X118.402 Y126.52 E.01196
G1 X119.044 Y125.509 E.01605
G1 X119.662 Y124.805 E.01255
G1 X120.405 Y124.153 E.01324
G1 X121.184 Y123.633 E.01255
G1 X122.046 Y123.206 E.01289
G1 X122.957 Y122.895 E.0129
G1 X123.901 Y122.705 E.0129
G1 X124.693 Y122.643 E.01064
G1 X125.82 Y122.702 E.01512
G1 X126.767 Y122.888 E.01293
G1 X127.679 Y123.196 E.0129
G1 X128.505 Y123.601 E.01233
G1 X129.251 Y124.091 E.01196
G1 X129.933 Y124.667 E.01196
G1 X130.722 Y125.53 E.01567
G1 X131.242 Y126.309 E.01255
G1 X131.565 Y126.96 E.00974
G1 X131.679 Y127.196 E.00351
G1 X131.98 Y128.082 E.01254
G1 X132.17 Y129.026 E.0129
G1 X132.205 Y129.475 E.00603
G1 E-3.5 F3600
;WIPE_START
G1 F7200
G1 X132.21 Y129.534 E-.02813
G1 X132.232 Y129.818 E-.1353
G1 X132.173 Y130.945 E-.53606
G1 X131.987 Y131.892 E-.45842
G1 X131.757 Y132.574 E-.34209
;WIPE_END
G1 X135.786 Y128.014 F9000
G1 E5 F2400
;TYPE:Perimeter
;WIDTH:0.439999
G1 F1395
G1 X135.786 Y133.954 E.08354
G1 X132.653 Y133.954 E.04406
;WIDTH:0.481342
G1 X132.083 Y134.1 E.00908
;WIDTH:0.50483
G1 X131.964 Y134.173 E.00226
G1 X132.023 Y134.047 E.00226
;WIDTH:0.481342
G1 X132.471 Y133.073 E.01655
;WIDTH:0.439999
G1 X132.807 Y132.055 E.01508
G1 X133.008 Y130.99 E.01524
G1 X133.066 Y129.753 E.01742
G1 X132.989 Y128.863 E.01256
G1 X132.772 Y127.814 E.01506
G1 X132.471 Y126.927 E.01317
G1 X132.314 Y126.59 E.00523
;WIDTH:0.478578
G1 X131.889 Y125.738 E.01461
G1 X132.09 Y125.888 E.00385
;WIDTH:0.453461
G1 X132.653 Y126.046 E.00849
;WIDTH:0.439999
G1 X135.786 Y126.046 E.04406
G1 X135.786 Y127.56 E.02129
G1 X135.786 Y127.954 E.00554
G1 E-3.5 F3600
;WIPE_START
G1 F7200
G1 X135.786 Y128.014 E-.0285
G1 X135.786 Y131.112 E-1.4715
;WIPE_END
G1 X131.964 Y134.173 F9000
G1 E5 F2400
;WIDTH:0.50483
G1 F1395
G1 X131.689 Y134.553 E.00761
;WIDTH:0.469449
G1 X131.414 Y134.932 E.00704
;WIDTH:0.435336
G1 X130.715 Y135.744 E.0149
;WIDTH:0.437194
G1 X129.916 Y136.458 E.01497
;WIDTH:0.43964
G1 X129.03 Y137.062 E.01507
;WIDTH:0.442682
G1 X128.074 Y137.545 E.01516
;WIDTH:0.44631
G1 X127.062 Y137.9 E.01531
;WIDTH:0.450298
G1 X126.042 Y138.114 E.01501
G1 X125.122 Y138.192 E.0133
;WIDTH:0.45848
G1 X124.041 Y138.151 E.01588
;WIDTH:0.458798
G1 X123.052 Y137.988 E.01472
;WIDTH:0.460448
G1 X122.091 Y137.705 E.01477
;WIDTH:0.461508
G1 X121.171 Y137.307 E.01481
G1 X120.721 Y137.059 E.00759
;WIDTH:0.433446
G1 X119.943 Y136.539 E.01296
;WIDTH:0.461856
G1 X119.511 Y136.191 E.0082
G1 X119.132 Y135.839 E.00765
;WIDTH:0.433724
G1 X118.418 Y135.04 E.01485
;WIDTH:0.434748
G1 X117.815 Y134.154 E.01489
;WIDTH:0.436366
G1 X117.333 Y133.197 E.01494
;WIDTH:0.43857
G1 X116.979 Y132.186 E.01501
;WIDTH:0.44137
G1 X116.76 Y131.137 E.01512
G1 X116.686 Y130.247 E.0126
;WIDTH:0.448768
G1 X116.738 Y129.009 E.01779
;WIDTH:0.45239
G1 X116.923 Y128.013 E.01466
;WIDTH:0.455468
G1 X117.227 Y127.058 E.01461
;WIDTH:0.457948
G1 X117.644 Y126.147 E.01469
;WIDTH:0.459842
G1 X118.17 Y125.293 E.01477
;WIDTH:0.461144
G1 X118.795 Y124.51 E.01479
;WIDTH:0.461856
G1 X119.511 Y123.809 E.01482
G1 X119.943 Y123.461 E.0082
;WIDTH:0.433448
G1 X120.721 Y122.941 E.01296
;WIDTH:0.461508
G1 X121.171 Y122.693 E.00759
G1 X121.678 Y122.459 E.00825
;WIDTH:0.434254
G1 X122.69 Y122.106 E.01487
;WIDTH:0.43563
G1 X123.739 Y121.888 E.01491
G1 X124.628 Y121.813 E.01242
;WIDTH:0.44043
G1 X125.865 Y121.867 E.01743
;WIDTH:0.443286
G1 X126.93 Y122.067 E.01536
;WIDTH:0.447022
G1 X127.949 Y122.401 E.01533
;WIDTH:0.450954
G1 X128.877 Y122.847 E.01486
;WIDTH:0.45427
G1 X129.72 Y123.39 E.01458
;WIDTH:0.456998
G1 X130.49 Y124.032 E.01467
;WIDTH:0.459132
G1 X131.175 Y124.763 E.01473
;WIDTH:0.463666
G1 X131.807 Y125.628 E.01591
;WIDTH:0.478578
G1 X131.889 Y125.738 E.00211
G1 X132.391 Y125.527 F9000
;WIDTH:0.439999
G1 F1395
G1 X132.653 Y125.623 E.00392
G1 X136.209 Y125.623 E.05001
G1 X136.209 Y127.56 E.02724
G1 X136.209 Y134.377 E.09587
G1 X132.653 Y134.377 E.05001
G1 X132.322 Y134.474 E.00485
G1 X132.157 Y134.628 E.00317
G1 X131.509 Y135.514 E.01544
G1 X130.786 Y136.283 E.01484
G1 X129.974 Y136.957 E.01484
G1 X129.087 Y137.528 E.01484
G1 X128.136 Y137.986 E.01484
G1 X127.137 Y138.324 E.01483
G1 X126.103 Y138.538 E.01485
G1 X125.052 Y138.624 E.01483
G1 X123.997 Y138.581 E.01485
G1 X122.956 Y138.41 E.01484
G1 X121.944 Y138.113 E.01483
G1 X120.975 Y137.694 E.01485
G1 X120.065 Y137.16 E.01484
G1 X119.226 Y136.519 E.01485
G1 X118.473 Y135.781 E.01483
G1 X117.815 Y134.956 E.01484
G1 X117.262 Y134.057 E.01484
G1 X116.824 Y133.097 E.01484
G1 X116.506 Y132.091 E.01484
G1 X116.314 Y131.053 E.01485
G1 X116.249 Y130 E.01484
G1 X116.314 Y128.947 E.01484
G1 X116.506 Y127.909 E.01485
G1 X116.824 Y126.903 E.01484
G1 X117.262 Y125.943 E.01484
G1 X117.815 Y125.044 E.01484
G1 X118.473 Y124.219 E.01484
G1 X119.226 Y123.481 E.01483
G1 X120.065 Y122.84 E.01485
G1 X120.975 Y122.306 E.01484
G1 X121.944 Y121.887 E.01485
G1 X122.956 Y121.59 E.01483
G1 X123.997 Y121.419 E.01484
G1 X125.052 Y121.376 E.01485
G1 X126.103 Y121.462 E.01483
G1 X127.137 Y121.676 E.01485
G1 X128.136 Y122.014 E.01483
G1 X129.087 Y122.472 E.01484
G1 X129.974 Y123.043 E.01484
G1 X130.786 Y123.717 E.01484
G1 X131.49 Y124.467 E.01447
G1 X132.257 Y125.478 E.01785
G1 X132.334 Y125.506 E.00115
G1 X132.572 Y125.169 F9000
;TYPE:External perimeter
;WIDTH:0.419999
G1 F1395
G1 X132.653 Y125.21 E.00122
G1 X136.622 Y125.21 E.05318
G1 X136.622 Y127.56 E.03149
G1 X136.622 Y134.79 E.09687
G1 X132.653 Y134.79 E.05318
G1 X132.49 Y134.872 E.00244
G1 X131.827 Y135.778 E.01504
G1 X131.069 Y136.584 E.01482
G1 X130.219 Y137.291 E.01481
G1 X129.289 Y137.889 E.01481
G1 X128.292 Y138.369 E.01483
G1 X127.245 Y138.723 E.01481
G1 X126.162 Y138.947 E.01482
G1 X125.06 Y139.038 E.01482
G1 X123.955 Y138.993 E.01482
G1 X122.864 Y138.813 E.01482
G1 X121.803 Y138.502 E.01481
G1 X120.788 Y138.063 E.01482
G1 X119.834 Y137.504 E.01481
G1 X118.956 Y136.832 E.01481
G1 X118.166 Y136.058 E.01482
G1 X117.476 Y135.194 E.01481
G1 X116.897 Y134.251 E.01483
G1 X116.438 Y133.245 E.01482
G1 X116.105 Y132.191 E.01481
G1 X115.903 Y131.104 E.01481
G1 X115.835 Y130 E.01482
G1 X115.903 Y128.896 E.01482
G1 X116.105 Y127.809 E.01481
G1 X116.438 Y126.755 E.01481
G1 X116.897 Y125.749 E.01482
G1 X117.476 Y124.806 E.01483
G1 X118.166 Y123.942 E.01481
G1 X118.956 Y123.168 E.01482
G1 X119.834 Y122.496 E.01481
G1 X120.788 Y121.937 E.01481
G1 X121.803 Y121.498 E.01482
G1 X122.864 Y121.187 E.01481
G1 X123.955 Y121.007 E.01482
G1 X125.06 Y120.962 E.01482
G1 X126.162 Y121.053 E.01482
G1 X127.245 Y121.277 E.01482
G1 X128.292 Y121.631 E.01481
G1 X129.289 Y122.111 E.01483
G1 X130.219 Y122.709 E.01481
G1 X131.069 Y123.416 E.01481
G1 X131.827 Y124.222 E.01482
G1 X132.49 Y125.128 E.01504
G1 X132.518 Y125.142 E.00042
G1 E-3.5 F3600
;WIPE_START
G1 F7200
G1 X132.572 Y125.169 E-.02868
G1 X132.653 Y125.21 E-.04312
G1 X135.66 Y125.21 E-1.4282
;WIPE_END
G1 X135.249 Y126.371 F9000
G1 E5 F2400
;TYPE:Solid infill
;WIDTH:0.439999
G1 F1395
G1 X134.576 Y126.371 E.00946
G1 X134.576 Y133.629 E.10207
G1 X135.461 Y133.629 E.01245
G1 X135.461 Y126.371 E.10207
G1 X135.018 Y126.813 E.0088
;WIDTH:0.478676
G1 X135.018 Y133.187 E.09784
G1 X134.153 Y131.616 F9000
;TYPE:Internal infill
;WIDTH:0.44
G1 F1395
G1 X134.153 Y133.629 E.02831
G1 X133.629 Y133.629 E.00737
G1 X132.879 Y132.879 E.01492
G1 X133.115 Y132.17 E.01051
G1 X133.316 Y131.165 E.01441
G1 X133.393 Y129.9 E.01782
G1 X133.331 Y128.955 E.01332
G1 X133.115 Y127.831 E.0161
G1 X132.879 Y127.121 E.01052
G1 X133.629 Y126.371 E.01492
G1 X134.153 Y126.371 E.00737
G1 X134.153 Y128.384 E.02831
G1 E-3.5 F3600
;WIPE_START
G1 F7200
G1 X134.153 Y126.371 E-.95618
G1 X133.629 Y126.371 E-.2489
G1 X133.19 Y126.81 E-.29492
;WIPE_END
G1 X140.964 Y126.046 F9000
G1 E5 F2400
;TYPE:Perimeter
;WIDTH:0.439999
G1 F1395
G1 X143.329 Y126.046 E.03326
G1 X143.329 Y127.228 E.01662
G1 X143.329 Y133.954 E.09459
G1 X140.964 Y133.954 E.03326
G1 X140.964 Y126.106 E.11037
G1 X140.541 Y125.623 F9000
G1 F1395
G1 X143.752 Y125.623 E.04516
G1 X143.752 Y127.228 E.02257
G1 X143.752 Y134.377 E.10054
G1 X140.541 Y134.377 E.04516
G1 X140.541 Y125.683 E.12227
G1 X140.128 Y125.21 F9000
;TYPE:External perimeter
;WIDTH:0.419999
G1 F1395
G1 X144.165 Y125.21 E.05409
G1 X144.165 Y127.228 E.02704
G1 X144.165 Y134.79 E.10132
G1 X140.128 Y134.79 E.05409
G1 X140.128 Y125.27 E.12755
G1 X141.289 Y126.371 F9000
;TYPE:Solid infill
;WIDTH:0.439999
G1 F1395
G1 X142.174 Y126.371 E.01245
G1 X142.174 Y133.629 E.10207
G1 X141.289 Y133.629 E.01245
G1 X141.289 Y126.583 E.09909
G1 X141.732 Y126.813 E.00702
;WIDTH:0.478676
G1 X141.732 Y133.187 E.09784
G1 E-3.5 F3600
;WIPE_START
G1 F7200
G1 X141.732 Y130.029 E-1.5
;WIPE_END
G1 X142.597 Y130.812 F9000
G1 E5 F2400
;TYPE:Internal infill
;WIDTH:0.44
G1 F1395
G1 X142.597 Y133.349 E.03568
G1 X143.004 Y132.942 E.00809
G1 X143.004 Y127.058 E.08275
G1 X142.597 Y126.651 E.00809
G1 X142.597 Y129.188 E.03568
;LAYER_CHANGE
;Z:2.44
;HEIGHT:0.0800002
;BEFORE_LAYER_CHANGE
G92 E0
;2.44


G1 E-3.5 F3600
;WIPE_START
G1 F7200
G1 X142.597 Y126.651 E-1.20508
G1 X143.004 Y127.058 E-.2734
G1 X143.004 Y127.103 E-.02152
;WIPE_END
G1 Z2.44 F9000
;AFTER_LAYER_CHANGE
;2.44
G1 X132.633 Y129.652
G1 E5 F2400
;TYPE:Perimeter
;WIDTH:0.439999
G1 F1405
G1 X132.644 Y129.786 E.00189
G1 X132.586 Y130.968 E.01664
G1 X132.392 Y131.973 E.01439
G1 X132.07 Y132.937 E.01429
G1 X131.625 Y133.851 E.0143
G1 X131.065 Y134.699 E.01429
G1 X130.399 Y135.467 E.0143
G1 X129.638 Y136.141 E.0143
G1 X128.796 Y136.71 E.01429
G1 X127.886 Y137.165 E.01431
G1 X126.925 Y137.496 E.01429
G1 X125.959 Y137.694 E.01387
G1 X125.089 Y137.769 E.01228
G1 X124.065 Y137.719 E.01442
G1 X122.825 Y137.496 E.01772
G1 X121.938 Y137.195 E.01317
G1 X120.985 Y136.729 E.01492
G1 X120.112 Y136.141 E.0148
G1 X119.408 Y135.524 E.01316
G1 X118.734 Y134.763 E.0143
G1 X118.165 Y133.921 E.01429
G1 X117.71 Y133.011 E.01431
G1 X117.379 Y132.05 E.01429
G1 X117.175 Y131.054 E.0143
G1 X117.106 Y130.214 E.01185
G1 X117.164 Y129.032 E.01664
G1 X117.344 Y128.097 E.01339
G1 X117.634 Y127.196 E.01331
G1 X118.032 Y126.338 E.0133
G1 X118.529 Y125.534 E.01329
G1 X118.734 Y125.237 E.00508
G1 X119.351 Y124.533 E.01316
G1 X120.176 Y123.81 E.01543
G1 X120.954 Y123.29 E.01316
G1 X121.864 Y122.835 E.01431
G1 X122.825 Y122.504 E.01429
G1 X123.821 Y122.3 E.0143
G1 X124.661 Y122.231 E.01185
G1 X125.843 Y122.289 E.01664
G1 X126.848 Y122.483 E.01439
G1 X127.812 Y122.805 E.01429
G1 X128.688 Y123.231 E.0137
G1 X129.481 Y123.748 E.01331
G1 X130.205 Y124.356 E.0133
G1 X131.065 Y125.301 E.01797
G1 X131.585 Y126.079 E.01316
G1 X131.935 Y126.777 E.01098
G1 X132.07 Y127.063 E.00445
G1 X132.371 Y127.95 E.01317
G1 X132.575 Y128.946 E.0143
G1 X132.628 Y129.593 E.00913
G1 X132.216 Y129.612 F9000
;TYPE:External perimeter
;WIDTH:0.419999
G1 F1405
G1 X132.232 Y129.818 E.00277
G1 X132.173 Y130.945 E.01512
G1 X131.987 Y131.892 E.01293
G1 X131.679 Y132.804 E.0129
G1 X131.255 Y133.668 E.01289
G1 X130.722 Y134.47 E.0129
G1 X130.088 Y135.195 E.0129
G1 X129.366 Y135.831 E.01289
G1 X128.566 Y136.367 E.0129
G1 X127.704 Y136.794 E.01289
G1 X126.793 Y137.105 E.0129
G1 X125.878 Y137.289 E.0125
G1 X125.057 Y137.357 E.01104
G1 X124.087 Y137.307 E.01301
G1 X123.217 Y137.159 E.01182
G1 X122.363 Y136.904 E.01194
G1 X122.046 Y136.794 E.0045
G1 X121.194 Y136.373 E.01273
G1 X120.384 Y135.831 E.01306
G1 X119.68 Y135.213 E.01255
G1 X119.044 Y134.491 E.01289
G1 X118.508 Y133.691 E.0129
G1 X118.081 Y132.829 E.01289
G1 X117.77 Y131.918 E.0129
G1 X117.58 Y130.974 E.0129
G1 X117.518 Y130.182 E.01064
G1 X117.577 Y129.055 E.01512
G1 X117.749 Y128.178 E.01197
G1 X118.025 Y127.329 E.01196
G1 X118.402 Y126.52 E.01196
G1 X119.044 Y125.509 E.01605
G1 X119.662 Y124.805 E.01255
G1 X120.405 Y124.153 E.01324
G1 X121.184 Y123.633 E.01255
G1 X122.046 Y123.206 E.01289
G1 X122.957 Y122.895 E.0129
G1 X123.901 Y122.705 E.0129
G1 X124.693 Y122.643 E.01064
G1 X125.82 Y122.702 E.01512
G1 X126.767 Y122.888 E.01293
G1 X127.679 Y123.196 E.0129
G1 X128.505 Y123.601 E.01233
G1 X129.251 Y124.091 E.01196
G1 X129.933 Y124.667 E.01196
G1 X130.722 Y125.53 E.01567
G1 X131.242 Y126.309 E.01255
G1 X131.565 Y126.96 E.00974
G1 X131.679 Y127.196 E.00351
G1 X131.98 Y128.082 E.01254
G1 X132.17 Y129.026 E.0129
G1 X132.211 Y129.552 E.00707
G1 E-3.5 F3600
;WIPE_START
G1 F7200
G1 X132.216 Y129.612 E-.0286
G1 X132.232 Y129.818 E-.09814
G1 X132.173 Y130.945 E-.53606
G1 X131.987 Y131.892 E-.45842
G1 X131.732 Y132.648 E-.37878
;WIPE_END
G1 X135.623 Y128.237 F9000
G1 E5 F2400
;TYPE:Perimeter
;WIDTH:0.439999
G1 F1405
G1 X135.623 Y133.954 E.0804
G1 X132.653 Y133.954 E.04177
;WIDTH:0.481342
G1 X132.083 Y134.1 E.00908
;WIDTH:0.50483
G1 X131.964 Y134.173 E.00226
G1 X132.023 Y134.047 E.00226
;WIDTH:0.481342
G1 X132.471 Y133.073 E.01655
;WIDTH:0.439999
G1 X132.807 Y132.055 E.01508
G1 X133.008 Y130.99 E.01524
G1 X133.066 Y129.753 E.01742
G1 X132.99 Y128.863 E.01256
G1 X132.772 Y127.814 E.01507
G1 X132.471 Y126.927 E.01317
G1 X132.314 Y126.59 E.00523
;WIDTH:0.478578
G1 X131.889 Y125.738 E.01461
G1 X132.09 Y125.888 E.00385
;WIDTH:0.453461
G1 X132.653 Y126.046 E.00849
;WIDTH:0.439999
G1 X135.623 Y126.046 E.04177
G1 X135.623 Y127.489 E.02029
G1 X135.623 Y128.177 E.00968
G1 E-3.5 F3600
;WIPE_START
G1 F7200
G1 X135.623 Y128.237 E-.0285
G1 X135.623 Y131.335 E-1.4715
;WIPE_END
G1 X131.964 Y134.173 F9000
G1 E5 F2400
;WIDTH:0.50483
G1 F1405
G1 X131.689 Y134.553 E.00761
;WIDTH:0.469449
G1 X131.414 Y134.932 E.00704
;WIDTH:0.435336
G1 X130.715 Y135.744 E.0149
;WIDTH:0.437194
G1 X129.916 Y136.458 E.01497
;WIDTH:0.43964
G1 X129.03 Y137.062 E.01507
;WIDTH:0.442682
G1 X128.074 Y137.545 E.01516
;WIDTH:0.446308
G1 X127.062 Y137.9 E.01531
;WIDTH:0.450298
G1 X126.042 Y138.114 E.01501
G1 X125.122 Y138.192 E.0133
;WIDTH:0.45848
G1 X124.041 Y138.151 E.01588
;WIDTH:0.458798
G1 X123.052 Y137.988 E.01472
;WIDTH:0.46045
G1 X122.091 Y137.705 E.01477
;WIDTH:0.461508
G1 X121.171 Y137.307 E.01481
G1 X120.721 Y137.059 E.00759
;WIDTH:0.433446
G1 X119.943 Y136.539 E.01296
;WIDTH:0.461856
G1 X119.511 Y136.191 E.0082
G1 X119.132 Y135.839 E.00765
;WIDTH:0.433724
G1 X118.418 Y135.04 E.01485
;WIDTH:0.434748
G1 X117.815 Y134.154 E.01489
;WIDTH:0.436364
G1 X117.333 Y133.197 E.01494
;WIDTH:0.43857
G1 X116.979 Y132.186 E.01501
;WIDTH:0.441368
G1 X116.76 Y131.137 E.01512
G1 X116.686 Y130.247 E.0126
;WIDTH:0.448768
G1 X116.738 Y129.009 E.01779
;WIDTH:0.45239
G1 X116.923 Y128.013 E.01466
;WIDTH:0.455468
G1 X117.227 Y127.058 E.01461
;WIDTH:0.457948
G1 X117.644 Y126.147 E.01469
;WIDTH:0.459842
G1 X118.17 Y125.293 E.01477
;WIDTH:0.461146
G1 X118.795 Y124.51 E.01479
;WIDTH:0.461856
G1 X119.511 Y123.809 E.01482
G1 X119.943 Y123.461 E.0082
;WIDTH:0.433448
G1 X120.721 Y122.941 E.01296
;WIDTH:0.461508
G1 X121.171 Y122.693 E.00759
G1 X121.678 Y122.459 E.00825
;WIDTH:0.434254
G1 X122.69 Y122.106 E.01487
;WIDTH:0.43563
G1 X123.739 Y121.888 E.01491
G1 X124.628 Y121.813 E.01242
;WIDTH:0.44043
G1 X125.865 Y121.867 E.01743
;WIDTH:0.443286
G1 X126.93 Y122.067 E.01536
;WIDTH:0.447024
G1 X127.949 Y122.401 E.01533
;WIDTH:0.450954
G1 X128.877 Y122.847 E.01486
;WIDTH:0.45427
G1 X129.72 Y123.39 E.01458
;WIDTH:0.456998
G1 X130.49 Y124.032 E.01467
;WIDTH:0.459132
G1 X131.175 Y124.763 E.01473
;WIDTH:0.463666
G1 X131.807 Y125.628 E.01591
;WIDTH:0.478578
G1 X131.889 Y125.738 E.00211
G1 X132.391 Y125.527 F9000
;WIDTH:0.439999
G1 F1405
G1 X132.653 Y125.623 E.00392
G1 X136.046 Y125.623 E.04772
G1 X136.046 Y127.489 E.02624
G1 X136.046 Y134.377 E.09687
G1 X132.653 Y134.377 E.04772
G1 X132.322 Y134.474 E.00485
G1 X132.157 Y134.628 E.00317
G1 X131.509 Y135.514 E.01544
G1 X130.786 Y136.283 E.01484
G1 X129.974 Y136.957 E.01484
G1 X129.087 Y137.528 E.01484
G1 X128.136 Y137.986 E.01484
G1 X127.137 Y138.324 E.01483
G1 X126.103 Y138.538 E.01485
G1 X125.052 Y138.624 E.01483
G1 X123.997 Y138.581 E.01485
G1 X122.956 Y138.41 E.01484
G1 X121.944 Y138.113 E.01483
G1 X120.975 Y137.694 E.01485
G1 X120.065 Y137.16 E.01484
G1 X119.226 Y136.519 E.01485
G1 X118.473 Y135.781 E.01483
G1 X117.815 Y134.956 E.01484
G1 X117.262 Y134.057 E.01484
G1 X116.824 Y133.097 E.01484
G1 X116.506 Y132.091 E.01484
G1 X116.314 Y131.053 E.01485
G1 X116.249 Y130 E.01484
G1 X116.314 Y128.947 E.01484
G1 X116.506 Y127.909 E.01485
G1 X116.824 Y126.903 E.01484
G1 X117.262 Y125.943 E.01484
G1 X117.815 Y125.044 E.01484
G1 X118.473 Y124.219 E.01484
G1 X119.226 Y123.481 E.01483
G1 X120.065 Y122.84 E.01485
G1 X120.975 Y122.306 E.01484
G1 X121.944 Y121.887 E.01485
G1 X122.956 Y121.59 E.01483
G1 X123.997 Y121.419 E.01484
G1 X125.052 Y121.376 E.01485
G1 X126.103 Y121.462 E.01483
G1 X127.137 Y121.676 E.01485
G1 X128.136 Y122.014 E.01483
G1 X129.087 Y122.472 E.01484
G1 X129.974 Y123.043 E.01484
G1 X130.786 Y123.717 E.01484
G1 X131.49 Y124.467 E.01447
G1 X132.257 Y125.478 E.01785
G1 X132.334 Y125.506 E.00115
G1 X132.572 Y125.169 F9000
;TYPE:External perimeter
;WIDTH:0.419999
G1 F1405
G1 X132.653 Y125.21 E.00122
G1 X136.459 Y125.21 E.05099
G1 X136.459 Y127.489 E.03053
G1 X136.459 Y134.79 E.09782
G1 X132.653 Y134.79 E.05099
G1 X132.49 Y134.872 E.00244
G1 X131.827 Y135.778 E.01504
G1 X131.069 Y136.584 E.01482
G1 X130.219 Y137.291 E.01481
G1 X129.289 Y137.889 E.01481
G1 X128.292 Y138.369 E.01483
G1 X127.245 Y138.723 E.01481
G1 X126.162 Y138.947 E.01482
G1 X125.06 Y139.038 E.01482
G1 X123.955 Y138.993 E.01482
G1 X122.864 Y138.813 E.01482
G1 X121.803 Y138.502 E.01481
G1 X120.788 Y138.063 E.01482
G1 X119.834 Y137.504 E.01481
G1 X118.956 Y136.832 E.01481
G1 X118.166 Y136.058 E.01482
G1 X117.476 Y135.194 E.01481
G1 X116.897 Y134.251 E.01483
G1 X116.438 Y133.245 E.01482
G1 X116.105 Y132.191 E.01481
G1 X115.903 Y131.104 E.01481
G1 X115.835 Y130 E.01482
G1 X115.903 Y128.896 E.01482
G1 X116.105 Y127.809 E.01481
G1 X116.438 Y126.755 E.01481
G1 X116.897 Y125.749 E.01482
G1 X117.476 Y124.806 E.01483
G1 X118.166 Y123.942 E.01481
G1 X118.956 Y123.168 E.01482
G1 X119.834 Y122.496 E.01481
G1 X120.788 Y121.937 E.01481
G1 X121.803 Y121.498 E.01482
G1 X122.864 Y121.187 E.01481
G1 X123.955 Y121.007 E.01482
G1 X125.06 Y120.962 E.01482
G1 X126.162 Y121.053 E.01482
G1 X127.245 Y121.277 E.01482
G1 X128.292 Y121.631 E.01481
G1 X129.289 Y122.111 E.01483
G1 X130.219 Y122.709 E.01481
G1 X131.069 Y123.416 E.01481
G1 X131.827 Y124.222 E.01482
G1 X132.49 Y125.128 E.01504
G1 X132.518 Y125.142 E.00042
G1 E-3.5 F3600
;WIPE_START
G1 F7200
G1 X132.572 Y125.169 E-.02868
G1 X132.653 Y125.21 E-.04312
G1 X135.66 Y125.21 E-1.4282
;WIPE_END
G1 X134.502 Y126.583 F9000
G1 E5 F2400
;TYPE:Solid infill
;WIDTH:0.439999
G1 F1405
G1 X134.502 Y133.629 E.09909
G1 X135.298 Y133.629 E.01119
G1 X135.298 Y126.371 E.10207
G1 X134.502 Y126.371 E.01119
G1 X134.9 Y126.769 E.00792
;WIDTH:0.390226
G1 X134.9 Y133.231 E.08018
G1 X134.079 Y131.542 F9000
;TYPE:Internal infill
;WIDTH:0.44
G1 F1405
G1 X134.079 Y133.629 E.02935
G1 X133.629 Y133.629 E.00633
G1 X132.879 Y132.879 E.01492
G1 X133.104 Y132.214 E.00987
G1 X133.316 Y131.165 E.01505
G1 X133.393 Y129.9 E.01782
G1 X133.331 Y128.955 E.01332
G1 X133.104 Y127.786 E.01675
G1 X132.879 Y127.121 E.00987
G1 X133.629 Y126.371 E.01492
G1 X134.079 Y126.371 E.00633
G1 X134.079 Y128.458 E.02935
G1 E-3.5 F3600
;WIPE_START
G1 F7200
G1 X134.079 Y126.371 E-.99132
G1 X133.629 Y126.371 E-.21375
G1 X133.19 Y126.81 E-.29493
;WIPE_END
G1 X141.127 Y126.046 F9000
G1 E5 F2400
;TYPE:Perimeter
;WIDTH:0.439999
G1 F1405
G1 X143.329 Y126.046 E.03097
G1 X143.329 Y127.147 E.01548
G1 X143.329 Y133.954 E.09573
G1 X141.127 Y133.954 E.03097
G1 X141.127 Y126.106 E.11037
G1 X140.704 Y125.623 F9000
G1 F1405
G1 X143.752 Y125.623 E.04287
G1 X143.752 Y127.147 E.02143
G1 X143.752 Y134.377 E.10168
G1 X140.704 Y134.377 E.04287
G1 X140.704 Y125.683 E.12227
G1 X140.291 Y125.21 F9000
;TYPE:External perimeter
;WIDTH:0.419999
G1 F1405
G1 X144.165 Y125.21 E.0519
G1 X144.165 Y127.147 E.02595
G1 X144.165 Y134.79 E.1024
G1 X140.291 Y134.79 E.0519
G1 X140.291 Y125.27 E.12755
G1 E-3.5 F3600
;WIPE_START
G1 F7200
G1 X140.291 Y125.21 E-.0285
G1 X143.389 Y125.21 E-1.4715
;WIPE_END
G1 X142.671 Y129.262 F9000
G1 E5 F2400
;TYPE:Internal infill
;WIDTH:0.44
G1 F1405
G1 X142.671 Y126.725 E.03568
G1 X143.004 Y127.058 E.00662
G1 X143.004 Y132.942 E.08275
G1 X142.671 Y133.275 E.00662
G1 X142.671 Y130.738 E.03568
G1 E-3.5 F3600
;WIPE_START
G1 F7200
G1 X142.671 Y133.275 E-1.20508
G1 X143.004 Y132.942 E-.22369
G1 X143.004 Y132.792 E-.07123
;WIPE_END
G1 X141.452 Y133.629 F9000
G1 E5 F2400
;TYPE:Solid infill
;WIDTH:0.439999
G1 F1405
G1 X141.452 Y126.371 E.10207
G1 X142.248 Y126.371 E.01119
G1 X142.248 Y133.629 E.10207
G1 X141.664 Y133.629 E.00821
G1 X141.85 Y133.231 E.00618
;WIDTH:0.390226
G1 X141.85 Y126.769 E.08018
;LAYER_CHANGE
;Z:2.52
;HEIGHT:0.0799999
;BEFORE_LAYER_CHANGE
G92 E0
;2.52


G1 E-3.5 F3600
;WIPE_START
G1 F7200
G1 X141.85 Y129.927 E-1.5
;WIPE_END
G1 Z2.52 F9000
;AFTER_LAYER_CHANGE
;2.52
G1 X132.51 Y128.627
G1 E5 F2400
;TYPE:Perimeter
;WIDTH:0.439999
G1 F1360
G1 X132.575 Y128.946 E.00458
G1 X132.644 Y129.786 E.01185
G1 X132.586 Y130.968 E.01664
G1 X132.392 Y131.973 E.01439
G1 X132.07 Y132.937 E.01429
G1 X131.625 Y133.851 E.0143
G1 X131.065 Y134.699 E.01429
G1 X130.399 Y135.467 E.0143
G1 X129.638 Y136.141 E.0143
G1 X128.796 Y136.71 E.01429
G1 X127.886 Y137.165 E.01431
G1 X126.925 Y137.496 E.01429
G1 X125.959 Y137.694 E.01387
G1 X125.089 Y137.769 E.01228
G1 X124.065 Y137.719 E.01442
G1 X122.825 Y137.496 E.01772
G1 X121.938 Y137.195 E.01317
G1 X120.985 Y136.729 E.01492
G1 X120.112 Y136.141 E.0148
G1 X119.408 Y135.524 E.01316
G1 X118.734 Y134.763 E.0143
G1 X118.165 Y133.921 E.01429
G1 X117.71 Y133.011 E.01431
G1 X117.379 Y132.05 E.01429
G1 X117.175 Y131.054 E.0143
G1 X117.106 Y130.214 E.01185
G1 X117.164 Y129.032 E.01664
G1 X117.344 Y128.097 E.01339
G1 X117.634 Y127.196 E.01331
G1 X118.032 Y126.338 E.0133
G1 X118.529 Y125.534 E.01329
G1 X118.734 Y125.237 E.00508
G1 X119.351 Y124.533 E.01316
G1 X120.176 Y123.81 E.01543
G1 X120.954 Y123.29 E.01316
G1 X121.864 Y122.835 E.01431
G1 X122.825 Y122.504 E.01429
G1 X123.821 Y122.3 E.0143
G1 X124.661 Y122.231 E.01185
G1 X125.843 Y122.289 E.01664
G1 X126.848 Y122.483 E.01439
G1 X127.812 Y122.805 E.01429
G1 X128.688 Y123.231 E.0137
G1 X129.481 Y123.748 E.01331
G1 X130.205 Y124.356 E.0133
G1 X131.065 Y125.301 E.01797
G1 X131.585 Y126.079 E.01316
G1 X131.935 Y126.777 E.01098
G1 X132.07 Y127.063 E.00445
G1 X132.371 Y127.95 E.01317
G1 X132.498 Y128.568 E.00887
G1 X132.094 Y128.649 F9000
;TYPE:External perimeter
;WIDTH:0.419999
G1 F1360
G1 X132.17 Y129.026 E.00515
G1 X132.232 Y129.818 E.01064
G1 X132.173 Y130.945 E.01512
G1 X131.987 Y131.892 E.01293
G1 X131.679 Y132.804 E.0129
G1 X131.255 Y133.668 E.01289
G1 X130.722 Y134.47 E.0129
G1 X130.088 Y135.195 E.0129
G1 X129.366 Y135.831 E.01289
G1 X128.566 Y136.367 E.0129
G1 X127.704 Y136.794 E.01289
G1 X126.793 Y137.105 E.0129
G1 X125.878 Y137.289 E.0125
G1 X125.057 Y137.357 E.01104
G1 X124.087 Y137.307 E.01301
G1 X123.217 Y137.159 E.01182
G1 X122.363 Y136.904 E.01194
G1 X122.046 Y136.794 E.0045
G1 X121.194 Y136.373 E.01273
G1 X120.384 Y135.831 E.01306
G1 X119.68 Y135.213 E.01255
G1 X119.044 Y134.491 E.01289
G1 X118.508 Y133.691 E.0129
G1 X118.081 Y132.829 E.01289
G1 X117.77 Y131.918 E.0129
G1 X117.58 Y130.974 E.0129
G1 X117.518 Y130.182 E.01064
G1 X117.577 Y129.055 E.01512
G1 X117.749 Y128.178 E.01197
G1 X118.025 Y127.329 E.01196
G1 X118.402 Y126.52 E.01196
G1 X119.044 Y125.509 E.01605
G1 X119.662 Y124.805 E.01255
G1 X120.405 Y124.153 E.01324
G1 X121.184 Y123.633 E.01255
G1 X122.046 Y123.206 E.01289
G1 X122.957 Y122.895 E.0129
G1 X123.901 Y122.705 E.0129
G1 X124.693 Y122.643 E.01064
G1 X125.82 Y122.702 E.01512
G1 X126.767 Y122.888 E.01293
G1 X127.679 Y123.196 E.0129
G1 X128.505 Y123.601 E.01233
G1 X129.251 Y124.091 E.01196
G1 X129.933 Y124.667 E.01196
G1 X130.722 Y125.53 E.01567
G1 X131.242 Y126.309 E.01255
G1 X131.565 Y126.96 E.00974
G1 X131.679 Y127.196 E.00351
G1 X131.98 Y128.082 E.01254
G1 X132.082 Y128.59 E.00694
G1 E-3.5 F3600
;WIPE_START
G1 F7200
G1 X132.094 Y128.649 E-.0286
G1 X132.17 Y129.026 E-.18268
G1 X132.232 Y129.818 E-.37735
G1 X132.173 Y130.945 E-.53606
G1 X132.021 Y131.72 E-.37531
;WIPE_END
G1 X135.461 Y128.462 F9000
G1 E5 F2400
;TYPE:Perimeter
;WIDTH:0.439999
G1 F1360
G1 X135.461 Y133.954 E.07724
G1 X132.653 Y133.954 E.03949
;WIDTH:0.481342
G1 X132.083 Y134.1 E.00908
;WIDTH:0.50483
G1 X131.964 Y134.173 E.00226
G1 X132.023 Y134.047 E.00226
;WIDTH:0.481342
G1 X132.471 Y133.073 E.01655
;WIDTH:0.439999
G1 X132.807 Y132.055 E.01508
G1 X133.008 Y130.99 E.01524
G1 X133.066 Y129.753 E.01742
G1 X132.989 Y128.863 E.01256
G1 X132.772 Y127.814 E.01506
G1 X132.471 Y126.927 E.01317
G1 X132.314 Y126.59 E.00523
;WIDTH:0.478578
G1 X131.889 Y125.738 E.01461
G1 X132.09 Y125.888 E.00385
;WIDTH:0.453461
G1 X132.653 Y126.046 E.00849
;WIDTH:0.439999
G1 X135.461 Y126.046 E.03949
G1 X135.461 Y127.419 E.01931
G1 X135.461 Y128.402 E.01382
G1 E-3.5 F3600
;WIPE_START
G1 F7200
G1 X135.461 Y128.462 E-.0285
G1 X135.461 Y131.56 E-1.4715
;WIPE_END
G1 X131.964 Y134.173 F9000
G1 E5 F2400
;WIDTH:0.50483
G1 F1360
G1 X131.689 Y134.553 E.00761
;WIDTH:0.469449
G1 X131.414 Y134.932 E.00704
;WIDTH:0.435336
G1 X130.715 Y135.744 E.0149
;WIDTH:0.437196
G1 X129.916 Y136.458 E.01497
;WIDTH:0.439642
G1 X129.03 Y137.062 E.01507
;WIDTH:0.442684
G1 X128.074 Y137.545 E.01516
;WIDTH:0.446308
G1 X127.062 Y137.9 E.01531
;WIDTH:0.450298
G1 X126.042 Y138.114 E.01501
G1 X125.122 Y138.192 E.0133
;WIDTH:0.45848
G1 X124.041 Y138.151 E.01588
;WIDTH:0.458798
G1 X123.052 Y137.988 E.01472
;WIDTH:0.46045
G1 X122.091 Y137.705 E.01477
;WIDTH:0.461508
G1 X121.171 Y137.307 E.01481
G1 X120.721 Y137.059 E.00759
;WIDTH:0.433446
G1 X119.943 Y136.539 E.01296
;WIDTH:0.461854
G1 X119.511 Y136.191 E.0082
G1 X119.132 Y135.839 E.00765
;WIDTH:0.433724
G1 X118.418 Y135.04 E.01485
;WIDTH:0.434748
G1 X117.815 Y134.154 E.01489
;WIDTH:0.436364
G1 X117.333 Y133.197 E.01494
;WIDTH:0.43857
G1 X116.979 Y132.186 E.01501
;WIDTH:0.441368
G1 X116.76 Y131.137 E.01512
G1 X116.686 Y130.247 E.0126
;WIDTH:0.448768
G1 X116.738 Y129.009 E.01779
;WIDTH:0.45239
G1 X116.923 Y128.013 E.01466
;WIDTH:0.455468
G1 X117.227 Y127.058 E.01461
;WIDTH:0.457948
G1 X117.644 Y126.147 E.01469
;WIDTH:0.459842
G1 X118.17 Y125.293 E.01477
;WIDTH:0.461146
G1 X118.795 Y124.51 E.01479
;WIDTH:0.461856
G1 X119.511 Y123.809 E.01482
G1 X119.943 Y123.461 E.0082
;WIDTH:0.433448
G1 X120.721 Y122.941 E.01296
;WIDTH:0.461508
G1 X121.171 Y122.693 E.00759
G1 X121.678 Y122.459 E.00825
;WIDTH:0.434252
G1 X122.69 Y122.106 E.01487
;WIDTH:0.43563
G1 X123.739 Y121.888 E.01491
G1 X124.628 Y121.813 E.01242
;WIDTH:0.44043
G1 X125.865 Y121.867 E.01743
;WIDTH:0.443286
G1 X126.93 Y122.067 E.01536
;WIDTH:0.447024
G1 X127.949 Y122.401 E.01533
;WIDTH:0.450954
G1 X128.877 Y122.847 E.01486
;WIDTH:0.45427
G1 X129.72 Y123.39 E.01458
;WIDTH:0.456998
G1 X130.49 Y124.032 E.01467
;WIDTH:0.459132
G1 X131.175 Y124.763 E.01473
;WIDTH:0.463666
G1 X131.807 Y125.628 E.01591
;WIDTH:0.478578
G1 X131.889 Y125.738 E.00211
G1 X132.391 Y125.527 F9000
;WIDTH:0.439999
G1 F1360
G1 X132.653 Y125.623 E.00392
G1 X135.884 Y125.623 E.04544
G1 X135.884 Y127.419 E.02526
G1 X135.884 Y134.377 E.09785
G1 X132.653 Y134.377 E.04544
G1 X132.322 Y134.474 E.00485
G1 X132.157 Y134.628 E.00317
G1 X131.509 Y135.514 E.01544
G1 X130.786 Y136.283 E.01484
G1 X129.974 Y136.957 E.01484
G1 X129.087 Y137.528 E.01484
G1 X128.136 Y137.986 E.01484
G1 X127.137 Y138.324 E.01483
G1 X126.103 Y138.538 E.01485
G1 X125.052 Y138.624 E.01483
G1 X123.997 Y138.581 E.01485
G1 X122.956 Y138.41 E.01484
G1 X121.944 Y138.113 E.01483
G1 X120.975 Y137.694 E.01485
G1 X120.065 Y137.16 E.01484
G1 X119.226 Y136.519 E.01485
G1 X118.473 Y135.781 E.01483
G1 X117.815 Y134.956 E.01484
G1 X117.262 Y134.057 E.01484
G1 X116.824 Y133.097 E.01484
G1 X116.506 Y132.091 E.01484
G1 X116.314 Y131.053 E.01485
G1 X116.249 Y130 E.01484
G1 X116.314 Y128.947 E.01484
G1 X116.506 Y127.909 E.01485
G1 X116.824 Y126.903 E.01484
G1 X117.262 Y125.943 E.01484
G1 X117.815 Y125.044 E.01484
G1 X118.473 Y124.219 E.01484
G1 X119.226 Y123.481 E.01483
G1 X120.065 Y122.84 E.01485
G1 X120.975 Y122.306 E.01484
G1 X121.944 Y121.887 E.01485
G1 X122.956 Y121.59 E.01483
G1 X123.997 Y121.419 E.01484
G1 X125.052 Y121.376 E.01485
G1 X126.103 Y121.462 E.01483
G1 X127.137 Y121.676 E.01485
G1 X128.136 Y122.014 E.01483
G1 X129.087 Y122.472 E.01484
G1 X129.974 Y123.043 E.01484
G1 X130.786 Y123.717 E.01484
G1 X131.49 Y124.467 E.01447
G1 X132.257 Y125.478 E.01785
G1 X132.334 Y125.506 E.00115
G1 X132.572 Y125.169 F9000
;TYPE:External perimeter
;WIDTH:0.419999
G1 F1360
G1 X132.653 Y125.21 E.00122
G1 X136.296 Y125.21 E.04881
G1 X136.296 Y127.419 E.0296
G1 X136.296 Y134.79 E.09876
G1 X132.653 Y134.79 E.04881
G1 X132.49 Y134.872 E.00244
G1 X131.827 Y135.778 E.01504
G1 X131.069 Y136.584 E.01482
G1 X130.219 Y137.291 E.01481
G1 X129.289 Y137.889 E.01481
G1 X128.292 Y138.369 E.01483
G1 X127.245 Y138.723 E.01481
G1 X126.162 Y138.947 E.01482
G1 X125.06 Y139.038 E.01482
G1 X123.955 Y138.993 E.01482
G1 X122.864 Y138.813 E.01482
G1 X121.803 Y138.502 E.01481
G1 X120.788 Y138.063 E.01482
G1 X119.834 Y137.504 E.01481
G1 X118.956 Y136.832 E.01481
G1 X118.166 Y136.058 E.01482
G1 X117.476 Y135.194 E.01481
G1 X116.897 Y134.251 E.01483
G1 X116.438 Y133.245 E.01482
G1 X116.105 Y132.191 E.01481
G1 X115.903 Y131.104 E.01481
G1 X115.835 Y130 E.01482
G1 X115.903 Y128.896 E.01482
G1 X116.105 Y127.809 E.01481
G1 X116.438 Y126.755 E.01481
G1 X116.897 Y125.749 E.01482
G1 X117.476 Y124.806 E.01483
G1 X118.166 Y123.942 E.01481
G1 X118.956 Y123.168 E.01482
G1 X119.834 Y122.496 E.01481
G1 X120.788 Y121.937 E.01481
G1 X121.803 Y121.498 E.01482
G1 X122.864 Y121.187 E.01481
G1 X123.955 Y121.007 E.01482
G1 X125.06 Y120.962 E.01482
G1 X126.162 Y121.053 E.01482
G1 X127.245 Y121.277 E.01482
G1 X128.292 Y121.631 E.01481
G1 X129.289 Y122.111 E.01483
G1 X130.219 Y122.709 E.01481
G1 X131.069 Y123.416 E.01481
G1 X131.827 Y124.222 E.01482
G1 X132.49 Y125.128 E.01504
G1 X132.518 Y125.142 E.00042
G1 E-3.5 F3600
;WIPE_START
G1 F7200
G1 X132.572 Y125.169 E-.02868
G1 X132.653 Y125.21 E-.04312
G1 X135.66 Y125.21 E-1.4282
;WIPE_END
G1 X135.064 Y126.442 F9000
G1 E5 F2400
;TYPE:Solid infill
;WIDTH:0.582304
G1 F1360
G1 X135.064 Y133.558 E.13376
G1 X134.499 Y133.558 E.01062
G1 X134.499 Y126.442 E.13376
G1 X134.853 Y126.442 E.00665
G1 E-3.5 F3600
;WIPE_START
G1 F7200
G1 X134.499 Y126.442 E-.16815
G1 X134.499 Y129.246 E-1.33185
;WIPE_END
G1 X134.005 Y128.532 F9000
G1 E5 F2400
;TYPE:Internal infill
;WIDTH:0.44
G1 F1360
G1 X134.005 Y126.371 E.03039
G1 X133.629 Y126.371 E.00529
G1 X132.878 Y127.122 E.01494
G1 X133.125 Y127.875 E.01114
G1 X133.331 Y128.955 E.01546
G1 X133.393 Y129.9 E.01332
G1 X133.316 Y131.165 E.01782
G1 X133.125 Y132.125 E.01377
G1 X132.878 Y132.878 E.01114
G1 X133.629 Y133.629 E.01494
G1 X134.005 Y133.629 E.00529
G1 X134.005 Y131.468 E.03039
G1 E-3.5 F3600
;WIPE_START
G1 F7200
G1 X134.005 Y133.629 E-1.02648
G1 X133.629 Y133.629 E-.1786
G1 X133.19 Y133.19 E-.29492
;WIPE_END
G1 X141.289 Y133.954 F9000
G1 E5 F2400
;TYPE:Perimeter
;WIDTH:0.439999
G1 F1360
G1 X141.289 Y126.046 E.11121
G1 X143.329 Y126.046 E.02869
G1 X143.329 Y127.066 E.01434
G1 X143.329 Y133.954 E.09687
G1 X141.349 Y133.954 E.02785
G1 X140.866 Y134.377 F9000
G1 F1360
G1 X140.866 Y125.623 E.12311
G1 X143.752 Y125.623 E.04059
G1 X143.752 Y127.066 E.02029
G1 X143.752 Y134.377 E.10282
G1 X140.926 Y134.377 E.03974
G1 X140.454 Y134.79 F9000
;TYPE:External perimeter
;WIDTH:0.419999
G1 F1360
G1 X140.454 Y125.21 E.12835
G1 X144.165 Y125.21 E.04972
G1 X144.165 Y127.066 E.02487
G1 X144.165 Y134.79 E.10349
G1 X140.514 Y134.79 E.04892
G1 E-3.5 F3600
;WIPE_START
G1 F7200
G1 X140.454 Y134.79 E-.0285
G1 X140.454 Y131.692 E-1.4715
;WIPE_END
G1 X142.745 Y130.664 F9000
G1 E5 F2400
;TYPE:Internal infill
;WIDTH:0.44
G1 F1360
G1 X142.745 Y133.201 E.03568
G1 X143.004 Y132.942 E.00515
G1 X143.004 Y127.058 E.08275
G1 X142.745 Y126.799 E.00515
G1 X142.745 Y129.336 E.03568
G1 E-3.5 F3600
;WIPE_START
G1 F7200
G1 X142.745 Y126.799 E-1.20508
G1 X143.004 Y127.058 E-.17398
G1 X143.004 Y127.313 E-.12094
;WIPE_END
G1 X141.686 Y126.442 F9000
G1 E5 F2400
;TYPE:Solid infill
;WIDTH:0.582304
G1 F1360
G1 X142.251 Y126.442 E.01062
G1 X142.251 Y133.558 E.13376
G1 X141.686 Y133.558 E.01062
G1 X141.686 Y126.654 E.12977
;LAYER_CHANGE
;Z:2.6
;HEIGHT:0.0799999
;BEFORE_LAYER_CHANGE
G92 E0
;2.6


G1 E-3.5 F3600
;WIPE_START
G1 F7200
G1 X141.686 Y129.812 E-1.5
;WIPE_END
G1 Z2.6 F9000
;AFTER_LAYER_CHANGE
;2.6
G1 X132.481 Y128.485
G1 E5 F2400
;TYPE:Perimeter
;WIDTH:0.439999
G1 F1336
G1 X132.575 Y128.946 E.00662
G1 X132.645 Y129.866 E.01298
G1 X132.586 Y130.968 E.01552
G1 X132.392 Y131.973 E.01439
G1 X132.07 Y132.937 E.01429
G1 X131.625 Y133.851 E.0143
G1 X131.065 Y134.699 E.01429
G1 X130.399 Y135.467 E.0143
G1 X129.638 Y136.141 E.0143
G1 X128.796 Y136.71 E.01429
G1 X127.886 Y137.165 E.01431
G1 X126.925 Y137.496 E.01429
G1 X125.959 Y137.694 E.01387
G1 X125.089 Y137.769 E.01228
G1 X124.065 Y137.719 E.01442
G1 X123.137 Y137.564 E.01323
G1 X122.825 Y137.496 E.00449
G1 X121.864 Y137.165 E.01429
G1 X121.024 Y136.75 E.01318
G1 X120.548 Y136.439 E.008
G1 X120.112 Y136.141 E.00743
G1 X119.408 Y135.524 E.01316
G1 X118.734 Y134.763 E.0143
G1 X118.165 Y133.921 E.01429
G1 X117.71 Y133.011 E.01431
G1 X117.379 Y132.05 E.01429
G1 X117.175 Y131.054 E.0143
G1 X117.106 Y130.214 E.01185
G1 X117.164 Y129.032 E.01664
G1 X117.344 Y128.097 E.01339
G1 X117.634 Y127.196 E.01331
G1 X118.032 Y126.338 E.0133
G1 X118.529 Y125.534 E.01329
G1 X118.734 Y125.237 E.00508
G1 X119.351 Y124.533 E.01316
G1 X120.176 Y123.81 E.01543
G1 X120.954 Y123.29 E.01316
G1 X121.864 Y122.835 E.01431
G1 X122.825 Y122.504 E.01429
G1 X123.821 Y122.3 E.0143
G1 X124.661 Y122.231 E.01185
G1 X125.843 Y122.289 E.01664
G1 X126.848 Y122.483 E.01439
G1 X127.812 Y122.805 E.01429
G1 X128.688 Y123.231 E.0137
G1 X129.481 Y123.748 E.01331
G1 X130.205 Y124.356 E.0133
G1 X131.065 Y125.301 E.01797
G1 X131.585 Y126.079 E.01316
G1 X132.07 Y127.063 E.01543
G1 X132.371 Y127.95 E.01317
G1 X132.469 Y128.426 E.00683
G1 X132.065 Y128.506 F9000
;TYPE:External perimeter
;WIDTH:0.419999
G1 F1336
G1 X132.17 Y129.026 E.00711
G1 X132.233 Y129.844 E.01099
G1 X132.173 Y130.945 E.01477
G1 X131.987 Y131.892 E.01293
G1 X131.679 Y132.804 E.0129
G1 X131.255 Y133.668 E.01289
G1 X130.722 Y134.47 E.0129
G1 X130.088 Y135.195 E.0129
G1 X129.366 Y135.831 E.01289
G1 X128.566 Y136.367 E.0129
G1 X127.704 Y136.794 E.01289
G1 X126.793 Y137.105 E.0129
G1 X125.878 Y137.289 E.0125
G1 X125.057 Y137.357 E.01104
G1 X124.087 Y137.307 E.01301
G1 X123.217 Y137.159 E.01182
G1 X122.046 Y136.794 E.01643
G1 X121.207 Y136.38 E.01254
G1 X120.777 Y136.095 E.00691
G1 X120.384 Y135.831 E.00634
G1 X119.68 Y135.213 E.01255
G1 X119.044 Y134.491 E.01289
G1 X118.508 Y133.691 E.0129
G1 X118.081 Y132.829 E.01289
G1 X117.77 Y131.918 E.0129
G1 X117.58 Y130.974 E.0129
G1 X117.518 Y130.182 E.01064
G1 X117.577 Y129.055 E.01512
G1 X117.749 Y128.178 E.01197
G1 X118.025 Y127.329 E.01196
G1 X118.402 Y126.52 E.01196
G1 X118.873 Y125.763 E.01195
G1 X119.044 Y125.509 E.0041
G1 X119.662 Y124.805 E.01255
G1 X120.405 Y124.153 E.01324
G1 X121.184 Y123.633 E.01255
G1 X122.046 Y123.206 E.01289
G1 X122.957 Y122.895 E.0129
G1 X123.901 Y122.705 E.0129
G1 X124.693 Y122.643 E.01064
G1 X125.82 Y122.702 E.01512
G1 X126.767 Y122.888 E.01293
G1 X127.679 Y123.196 E.0129
G1 X128.505 Y123.601 E.01233
G1 X129.251 Y124.091 E.01196
G1 X129.933 Y124.667 E.01196
G1 X130.722 Y125.53 E.01567
G1 X131.242 Y126.309 E.01255
G1 X131.679 Y127.196 E.01325
G1 X131.98 Y128.082 E.01254
G1 X132.054 Y128.447 E.00499
G1 E-3.5 F3600
;WIPE_START
G1 F7200
G1 X132.065 Y128.506 E-.02851
G1 X132.17 Y129.026 E-.25199
G1 X132.233 Y129.844 E-.3897
G1 X132.173 Y130.945 E-.52375
G1 X132.049 Y131.577 E-.30605
;WIPE_END
G1 X135.298 Y128.687 F9000
G1 E5 F2400
;TYPE:Perimeter
;WIDTH:0.439999
G1 F1336
G1 X135.298 Y133.954 E.07407
G1 X132.653 Y133.954 E.0372
;WIDTH:0.481342
G1 X132.083 Y134.1 E.00908
;WIDTH:0.50483
G1 X131.964 Y134.173 E.00226
G1 X132.023 Y134.047 E.00226
;WIDTH:0.481342
G1 X132.471 Y133.073 E.01655
;WIDTH:0.439999
G1 X132.807 Y132.055 E.01508
G1 X133.008 Y130.99 E.01524
G1 X133.066 Y129.753 E.01742
G1 X132.989 Y128.863 E.01256
G1 X132.772 Y127.814 E.01506
G1 X132.471 Y126.927 E.01317
G1 X132.314 Y126.59 E.00523
;WIDTH:0.478578
G1 X131.889 Y125.738 E.01461
G1 X132.09 Y125.888 E.00385
;WIDTH:0.453461
G1 X132.653 Y126.046 E.00849
;WIDTH:0.439999
G1 X135.298 Y126.046 E.0372
G1 X135.298 Y127.351 E.01835
G1 X135.298 Y128.627 E.01794
G1 E-3.5 F3600
;WIPE_START
G1 F7200
G1 X135.298 Y128.687 E-.0285
G1 X135.298 Y131.785 E-1.4715
;WIPE_END
G1 X131.964 Y134.173 F9000
G1 E5 F2400
;WIDTH:0.50483
G1 F1336
G1 X131.689 Y134.553 E.00761
;WIDTH:0.469449
G1 X131.414 Y134.932 E.00704
;WIDTH:0.435336
G1 X130.715 Y135.744 E.0149
;WIDTH:0.437194
G1 X129.916 Y136.458 E.01497
;WIDTH:0.43964
G1 X129.03 Y137.062 E.01507
;WIDTH:0.442684
G1 X128.074 Y137.545 E.01516
;WIDTH:0.44631
G1 X127.062 Y137.9 E.01531
;WIDTH:0.450298
G1 X126.042 Y138.114 E.01501
G1 X125.122 Y138.192 E.0133
;WIDTH:0.45848
G1 X124.041 Y138.151 E.01588
;WIDTH:0.458798
G1 X123.052 Y137.988 E.01472
;WIDTH:0.46045
G1 X122.091 Y137.705 E.01477
;WIDTH:0.461508
G1 X121.171 Y137.307 E.01481
G1 X120.721 Y137.059 E.00759
;WIDTH:0.433446
G1 X119.943 Y136.539 E.01296
;WIDTH:0.461856
G1 X119.511 Y136.191 E.0082
G1 X119.132 Y135.839 E.00765
;WIDTH:0.433724
G1 X118.418 Y135.04 E.01485
;WIDTH:0.434748
G1 X117.815 Y134.154 E.01489
;WIDTH:0.436364
G1 X117.333 Y133.197 E.01494
;WIDTH:0.43857
G1 X116.979 Y132.186 E.01501
;WIDTH:0.441368
G1 X116.76 Y131.137 E.01512
G1 X116.686 Y130.247 E.0126
;WIDTH:0.448768
G1 X116.738 Y129.009 E.01779
;WIDTH:0.452388
G1 X116.923 Y128.013 E.01466
;WIDTH:0.455468
G1 X117.227 Y127.058 E.01461
;WIDTH:0.457948
G1 X117.644 Y126.147 E.01469
;WIDTH:0.459842
G1 X118.17 Y125.293 E.01477
;WIDTH:0.461146
G1 X118.795 Y124.51 E.01479
;WIDTH:0.461856
G1 X119.511 Y123.809 E.01482
G1 X119.943 Y123.461 E.0082
;WIDTH:0.433448
G1 X120.721 Y122.941 E.01296
;WIDTH:0.461508
G1 X121.171 Y122.693 E.00759
G1 X121.678 Y122.459 E.00825
;WIDTH:0.434254
G1 X122.69 Y122.106 E.01487
;WIDTH:0.43563
G1 X123.739 Y121.888 E.01491
G1 X124.628 Y121.813 E.01242
;WIDTH:0.44043
G1 X125.865 Y121.867 E.01743
;WIDTH:0.443286
G1 X126.93 Y122.067 E.01536
;WIDTH:0.447022
G1 X127.949 Y122.401 E.01533
;WIDTH:0.450954
G1 X128.877 Y122.847 E.01486
;WIDTH:0.45427
G1 X129.72 Y123.39 E.01458
;WIDTH:0.456998
G1 X130.49 Y124.032 E.01467
;WIDTH:0.459132
G1 X131.175 Y124.763 E.01473
;WIDTH:0.463666
G1 X131.807 Y125.628 E.01591
;WIDTH:0.478578
G1 X131.889 Y125.738 E.00211
G1 X132.391 Y125.527 F9000
;WIDTH:0.439999
G1 F1336
G1 X132.653 Y125.623 E.00392
G1 X135.721 Y125.623 E.04315
G1 X135.721 Y127.351 E.0243
G1 X135.721 Y134.377 E.09881
G1 X132.653 Y134.377 E.04315
G1 X132.322 Y134.474 E.00485
G1 X132.157 Y134.628 E.00317
G1 X131.509 Y135.514 E.01544
G1 X130.786 Y136.283 E.01484
G1 X129.974 Y136.957 E.01484
G1 X129.087 Y137.528 E.01484
G1 X128.136 Y137.986 E.01484
G1 X127.137 Y138.324 E.01483
G1 X126.103 Y138.538 E.01485
G1 X125.052 Y138.624 E.01483
G1 X123.997 Y138.581 E.01485
G1 X122.956 Y138.41 E.01484
G1 X121.944 Y138.113 E.01483
G1 X120.975 Y137.694 E.01485
G1 X120.065 Y137.16 E.01484
G1 X119.226 Y136.519 E.01485
G1 X118.473 Y135.781 E.01483
G1 X117.815 Y134.956 E.01484
G1 X117.262 Y134.057 E.01484
G1 X116.824 Y133.097 E.01484
G1 X116.506 Y132.091 E.01484
G1 X116.314 Y131.053 E.01485
G1 X116.249 Y130 E.01484
G1 X116.314 Y128.947 E.01484
G1 X116.506 Y127.909 E.01485
G1 X116.824 Y126.903 E.01484
G1 X117.262 Y125.943 E.01484
G1 X117.815 Y125.044 E.01484
G1 X118.473 Y124.219 E.01484
G1 X119.226 Y123.481 E.01483
G1 X120.065 Y122.84 E.01485
G1 X120.975 Y122.306 E.01484
G1 X121.944 Y121.887 E.01485
G1 X122.956 Y121.59 E.01483
G1 X123.997 Y121.419 E.01484
G1 X125.052 Y121.376 E.01485
G1 X126.103 Y121.462 E.01483
G1 X127.137 Y121.676 E.01485
G1 X128.136 Y122.014 E.01483
G1 X129.087 Y122.472 E.01484
G1 X129.974 Y123.043 E.01484
G1 X130.786 Y123.717 E.01484
G1 X131.49 Y124.467 E.01447
G1 X132.257 Y125.478 E.01785
G1 X132.334 Y125.506 E.00115
G1 X132.572 Y125.169 F9000
;TYPE:External perimeter
;WIDTH:0.419999
G1 F1336
G1 X132.653 Y125.21 E.00122
G1 X136.134 Y125.21 E.04664
G1 X136.134 Y127.351 E.02869
G1 X136.134 Y134.79 E.09967
G1 X132.653 Y134.79 E.04664
G1 X132.49 Y134.872 E.00244
G1 X131.827 Y135.778 E.01504
G1 X131.069 Y136.584 E.01482
G1 X130.219 Y137.291 E.01481
G1 X129.289 Y137.889 E.01481
G1 X128.292 Y138.369 E.01483
G1 X127.245 Y138.723 E.01481
G1 X126.162 Y138.947 E.01482
G1 X125.06 Y139.038 E.01482
G1 X123.955 Y138.993 E.01482
G1 X122.864 Y138.813 E.01482
G1 X121.803 Y138.502 E.01481
G1 X120.788 Y138.063 E.01482
G1 X119.834 Y137.504 E.01481
G1 X118.956 Y136.832 E.01481
G1 X118.166 Y136.058 E.01482
G1 X117.476 Y135.194 E.01481
G1 X116.897 Y134.251 E.01483
G1 X116.438 Y133.245 E.01482
G1 X116.105 Y132.191 E.01481
G1 X115.903 Y131.104 E.01481
G1 X115.835 Y130 E.01482
G1 X115.903 Y128.896 E.01482
G1 X116.105 Y127.809 E.01481
G1 X116.438 Y126.755 E.01481
G1 X116.897 Y125.749 E.01482
G1 X117.476 Y124.806 E.01483
G1 X118.166 Y123.942 E.01481
G1 X118.956 Y123.168 E.01482
G1 X119.834 Y122.496 E.01481
G1 X120.788 Y121.937 E.01481
G1 X121.803 Y121.498 E.01482
G1 X122.864 Y121.187 E.01481
G1 X123.955 Y121.007 E.01482
G1 X125.06 Y120.962 E.01482
G1 X126.162 Y121.053 E.01482
G1 X127.245 Y121.277 E.01482
G1 X128.292 Y121.631 E.01481
G1 X129.289 Y122.111 E.01483
G1 X130.219 Y122.709 E.01481
G1 X131.069 Y123.416 E.01481
G1 X131.827 Y124.222 E.01482
G1 X132.49 Y125.128 E.01504
G1 X132.518 Y125.142 E.00042
G1 E-3.5 F3600
;WIPE_START
G1 F7200
G1 X132.572 Y125.169 E-.02868
G1 X132.653 Y125.21 E-.04312
G1 X135.659 Y125.21 E-1.4282
;WIPE_END
G1 X134.402 Y126.42 F9000
G1 E5 F2400
;TYPE:Solid infill
;WIDTH:0.538078
G1 F1336
G1 X134.923 Y126.42 E.00903
G1 X134.923 Y133.58 E.12405
G1 X134.402 Y133.58 E.00903
G1 X134.402 Y126.632 E.12038
G1 E-3.5 F3600
;WIPE_START
G1 F7200
G1 X134.402 Y129.79 E-1.5
;WIPE_END
G1 X133.931 Y128.606 F9000
G1 E5 F2400
;TYPE:Internal infill
;WIDTH:0.44
G1 F1336
G1 X133.931 Y126.371 E.03143
G1 X133.629 Y126.371 E.00425
G1 X132.878 Y127.122 E.01494
G1 X133.125 Y127.875 E.01114
G1 X133.331 Y128.955 E.01546
G1 X133.393 Y129.9 E.01332
G1 X133.316 Y131.165 E.01782
G1 X133.125 Y132.125 E.01377
G1 X132.878 Y132.878 E.01114
G1 X133.629 Y133.629 E.01494
G1 X133.931 Y133.629 E.00425
G1 X133.931 Y131.394 E.03143
G1 E-3.5 F3600
;WIPE_START
G1 F7200
G1 X133.931 Y133.629 E-1.06162
G1 X133.629 Y133.629 E-.14345
G1 X133.19 Y133.19 E-.29493
;WIPE_END
G1 X141.452 Y133.954 F9000
G1 E5 F2400
;TYPE:Perimeter
;WIDTH:0.439999
G1 F1336
G1 X141.452 Y126.046 E.11121
G1 X143.329 Y126.046 E.0264
G1 X143.329 Y126.984 E.01319
G1 X143.329 Y133.954 E.09802
G1 X141.512 Y133.954 E.02555
G1 X141.029 Y134.377 F9000
G1 F1336
G1 X141.029 Y125.623 E.12311
G1 X143.752 Y125.623 E.03829
G1 X143.752 Y126.984 E.01914
G1 X143.752 Y134.377 E.10397
G1 X141.089 Y134.377 E.03745
G1 X140.616 Y134.79 F9000
;TYPE:External perimeter
;WIDTH:0.419999
G1 F1336
G1 X140.616 Y125.21 E.12835
G1 X144.165 Y125.21 E.04755
G1 X144.165 Y126.984 E.02377
G1 X144.165 Y134.79 E.10459
G1 X140.676 Y134.79 E.04675
G1 X141.827 Y133.58 F9000
;TYPE:Solid infill
;WIDTH:0.538079
G1 F1336
G1 X141.827 Y126.42 E.12405
G1 X142.348 Y126.42 E.00903
G1 X142.348 Y133.58 E.12405
G1 X142.038 Y133.58 E.00537
G1 E-3.5 F3600
;WIPE_START
G1 F7200
G1 X142.348 Y133.58 E-.14725
G1 X142.348 Y130.732 E-1.35275
;WIPE_END
G1 X142.819 Y130.59 F9000
G1 E5 F2400
;TYPE:Internal infill
;WIDTH:0.44
G1 F1336
G1 X142.819 Y133.127 E.03568
G1 X143.004 Y132.942 E.00368
G1 X143.004 Y127.058 E.08275
G1 X142.819 Y126.873 E.00368
G1 X142.819 Y129.41 E.03568
;LAYER_CHANGE
;Z:2.68
;HEIGHT:0.0800002
;BEFORE_LAYER_CHANGE
G92 E0
;2.68


G1 E-3.5 F3600
;WIPE_START
G1 F7200
G1 X142.819 Y126.873 E-1.20507
G1 X143.004 Y127.058 E-.12427
G1 X143.004 Y127.417 E-.17066
;WIPE_END
G1 Z2.68 F9000
;AFTER_LAYER_CHANGE
;2.68
G1 X132.643 Y129.833
G1 E5 F2400
;TYPE:Perimeter
;WIDTH:0.439999
G1 F1348
G1 X132.645 Y129.866 E.00046
G1 X132.586 Y130.968 E.01552
G1 X132.392 Y131.973 E.01439
G1 X132.07 Y132.937 E.01429
G1 X131.625 Y133.851 E.0143
G1 X131.065 Y134.699 E.01429
G1 X130.399 Y135.467 E.0143
G1 X129.638 Y136.141 E.0143
G1 X128.796 Y136.71 E.01429
G1 X127.886 Y137.165 E.01431
G1 X126.925 Y137.496 E.01429
G1 X125.959 Y137.694 E.01387
G1 X125.089 Y137.769 E.01228
G1 X124.065 Y137.719 E.01442
G1 X122.825 Y137.496 E.01772
G1 X121.938 Y137.195 E.01317
G1 X121.363 Y136.918 E.00898
G1 X120.954 Y136.71 E.00645
G1 X120.176 Y136.19 E.01316
G1 X119.408 Y135.524 E.0143
G1 X118.734 Y134.763 E.0143
G1 X118.165 Y133.921 E.01429
G1 X117.71 Y133.011 E.01431
G1 X117.379 Y132.05 E.01429
G1 X117.175 Y131.054 E.0143
G1 X117.106 Y130.214 E.01185
G1 X117.164 Y129.032 E.01664
G1 X117.344 Y128.097 E.01339
G1 X117.634 Y127.196 E.01331
G1 X118.032 Y126.338 E.0133
G1 X118.529 Y125.534 E.01329
G1 X118.734 Y125.237 E.00508
G1 X119.351 Y124.533 E.01316
G1 X119.797 Y124.135 E.00841
G1 X120.176 Y123.81 E.00702
G1 X120.954 Y123.29 E.01316
G1 X121.864 Y122.835 E.01431
G1 X122.825 Y122.504 E.01429
G1 X123.821 Y122.3 E.0143
G1 X124.661 Y122.231 E.01185
G1 X125.843 Y122.289 E.01664
G1 X126.848 Y122.483 E.01439
G1 X127.812 Y122.805 E.01429
G1 X128.688 Y123.231 E.0137
G1 X129.481 Y123.748 E.01331
G1 X130.205 Y124.356 E.0133
G1 X130.85 Y125.048 E.0133
G1 X131.065 Y125.301 E.00467
G1 X131.585 Y126.079 E.01316
G1 X132.07 Y127.063 E.01543
G1 X132.371 Y127.95 E.01317
G1 X132.575 Y128.946 E.0143
G1 X132.638 Y129.774 E.01168
G1 X132.229 Y129.793 F9000
;TYPE:External perimeter
;WIDTH:0.419999
G1 F1348
G1 X132.233 Y129.844 E.00069
G1 X132.173 Y130.945 E.01477
G1 X131.987 Y131.892 E.01293
G1 X131.679 Y132.804 E.0129
G1 X131.255 Y133.668 E.01289
G1 X130.722 Y134.47 E.0129
G1 X130.088 Y135.195 E.0129
G1 X129.366 Y135.831 E.01289
G1 X128.566 Y136.367 E.0129
G1 X127.704 Y136.794 E.01289
G1 X126.793 Y137.105 E.0129
G1 X125.878 Y137.289 E.0125
G1 X125.057 Y137.357 E.01104
G1 X124.087 Y137.307 E.01301
G1 X123.217 Y137.159 E.01182
G1 X122.046 Y136.794 E.01643
G1 X121.207 Y136.38 E.01254
G1 X120.384 Y135.831 E.01325
G1 X119.68 Y135.213 E.01255
G1 X119.044 Y134.491 E.01289
G1 X118.508 Y133.691 E.0129
G1 X118.081 Y132.829 E.01289
G1 X117.77 Y131.918 E.0129
G1 X117.58 Y130.974 E.0129
G1 X117.518 Y130.182 E.01064
G1 X117.577 Y129.055 E.01512
G1 X117.749 Y128.178 E.01197
G1 X118.025 Y127.329 E.01196
G1 X118.402 Y126.52 E.01196
G1 X119.044 Y125.509 E.01605
G1 X119.662 Y124.805 E.01255
G1 X120.069 Y124.446 E.00727
G1 X120.405 Y124.153 E.00597
G1 X121.184 Y123.633 E.01255
G1 X122.046 Y123.206 E.01289
G1 X122.957 Y122.895 E.0129
G1 X123.901 Y122.705 E.0129
G1 X124.693 Y122.643 E.01064
G1 X125.82 Y122.702 E.01512
G1 X126.767 Y122.888 E.01293
G1 X127.679 Y123.196 E.0129
G1 X128.505 Y123.601 E.01233
G1 X129.251 Y124.091 E.01196
G1 X129.933 Y124.667 E.01196
G1 X130.54 Y125.32 E.01195
G1 X130.722 Y125.53 E.00372
G1 X131.242 Y126.309 E.01255
G1 X131.679 Y127.196 E.01325
G1 X131.98 Y128.082 E.01254
G1 X132.17 Y129.026 E.0129
G1 X132.224 Y129.733 E.0095
G1 E-3.5 F3600
;WIPE_START
G1 F7200
G1 X132.229 Y129.793 E-.0286
G1 X132.233 Y129.844 E-.0243
G1 X132.173 Y130.945 E-.52375
G1 X131.987 Y131.892 E-.45842
G1 X131.679 Y132.804 E-.45724
G1 X131.672 Y132.819 E-.00769
;WIPE_END
G1 X135.172 Y128.861 F9000
G1 E5 F2400
;TYPE:Perimeter
;WIDTH:0.439999
G1 F1348
G1 X135.172 Y133.954 E.07162
G1 X132.653 Y133.954 E.03543
;WIDTH:0.481342
G1 X132.083 Y134.1 E.00908
;WIDTH:0.50483
G1 X131.964 Y134.173 E.00226
G1 X132.023 Y134.047 E.00226
;WIDTH:0.481342
G1 X132.471 Y133.073 E.01655
;WIDTH:0.439999
G1 X132.807 Y132.055 E.01508
G1 X133.008 Y130.99 E.01524
G1 X133.066 Y129.753 E.01742
G1 X132.989 Y128.863 E.01256
G1 X132.772 Y127.814 E.01506
G1 X132.471 Y126.927 E.01317
G1 X132.314 Y126.59 E.00523
;WIDTH:0.478578
G1 X131.889 Y125.738 E.01461
G1 X132.09 Y125.888 E.00385
;WIDTH:0.453461
G1 X132.653 Y126.046 E.00849
;WIDTH:0.439999
G1 X135.172 Y126.046 E.03543
G1 X135.172 Y127.298 E.01761
G1 X135.172 Y128.801 E.02114
G1 E-3.5 F3600
;WIPE_START
G1 F7200
G1 X135.172 Y128.861 E-.0285
G1 X135.172 Y131.959 E-1.4715
;WIPE_END
G1 X131.964 Y134.173 F9000
G1 E5 F2400
;WIDTH:0.50483
G1 F1348
G1 X131.689 Y134.553 E.00761
;WIDTH:0.469449
G1 X131.414 Y134.932 E.00704
;WIDTH:0.435336
G1 X130.715 Y135.744 E.0149
;WIDTH:0.437194
G1 X129.916 Y136.458 E.01497
;WIDTH:0.439642
G1 X129.03 Y137.062 E.01507
;WIDTH:0.442684
G1 X128.074 Y137.545 E.01516
;WIDTH:0.446308
G1 X127.062 Y137.9 E.01531
;WIDTH:0.450298
G1 X126.042 Y138.114 E.01501
G1 X125.122 Y138.192 E.0133
;WIDTH:0.45848
G1 X124.041 Y138.151 E.01588
;WIDTH:0.458798
G1 X123.052 Y137.988 E.01472
;WIDTH:0.46045
G1 X122.091 Y137.705 E.01477
;WIDTH:0.461508
G1 X121.171 Y137.307 E.01481
G1 X120.721 Y137.059 E.00759
;WIDTH:0.433446
G1 X119.943 Y136.539 E.01296
;WIDTH:0.461856
G1 X119.511 Y136.191 E.0082
G1 X119.132 Y135.839 E.00765
;WIDTH:0.433724
G1 X118.418 Y135.04 E.01485
;WIDTH:0.434748
G1 X117.815 Y134.154 E.01489
;WIDTH:0.436364
G1 X117.333 Y133.197 E.01494
;WIDTH:0.43857
G1 X116.979 Y132.186 E.01501
;WIDTH:0.44137
G1 X116.76 Y131.137 E.01512
G1 X116.686 Y130.247 E.0126
;WIDTH:0.448768
G1 X116.738 Y129.009 E.01779
;WIDTH:0.452388
G1 X116.923 Y128.013 E.01466
;WIDTH:0.455468
G1 X117.227 Y127.058 E.01461
;WIDTH:0.457948
G1 X117.644 Y126.147 E.01469
;WIDTH:0.459842
G1 X118.17 Y125.293 E.01477
;WIDTH:0.461144
G1 X118.795 Y124.51 E.01479
;WIDTH:0.461856
G1 X119.511 Y123.809 E.01482
G1 X119.943 Y123.461 E.0082
;WIDTH:0.433448
G1 X120.721 Y122.941 E.01296
;WIDTH:0.461508
G1 X121.171 Y122.693 E.00759
G1 X121.678 Y122.459 E.00825
;WIDTH:0.434254
G1 X122.69 Y122.106 E.01487
;WIDTH:0.43563
G1 X123.739 Y121.888 E.01491
G1 X124.628 Y121.813 E.01242
;WIDTH:0.44043
G1 X125.865 Y121.867 E.01743
;WIDTH:0.443286
G1 X126.93 Y122.067 E.01536
;WIDTH:0.447024
G1 X127.949 Y122.401 E.01533
;WIDTH:0.450954
G1 X128.877 Y122.847 E.01486
;WIDTH:0.45427
G1 X129.72 Y123.39 E.01458
;WIDTH:0.456998
G1 X130.49 Y124.032 E.01467
;WIDTH:0.459132
G1 X131.175 Y124.763 E.01473
;WIDTH:0.463666
G1 X131.807 Y125.628 E.01591
;WIDTH:0.478578
G1 X131.889 Y125.738 E.00211
G1 X132.391 Y125.527 F9000
;WIDTH:0.439999
G1 F1348
G1 X132.653 Y125.623 E.00392
G1 X135.595 Y125.623 E.04137
G1 X135.595 Y127.298 E.02356
G1 X135.595 Y134.377 E.09955
G1 X132.653 Y134.377 E.04137
G1 X132.322 Y134.474 E.00485
G1 X132.157 Y134.628 E.00317
G1 X131.509 Y135.514 E.01544
G1 X130.786 Y136.283 E.01484
G1 X129.974 Y136.957 E.01484
G1 X129.087 Y137.528 E.01484
G1 X128.136 Y137.986 E.01484
G1 X127.137 Y138.324 E.01483
G1 X126.103 Y138.538 E.01485
G1 X125.052 Y138.624 E.01483
G1 X123.997 Y138.581 E.01485
G1 X122.956 Y138.41 E.01484
G1 X121.944 Y138.113 E.01483
G1 X120.975 Y137.694 E.01485
G1 X120.065 Y137.16 E.01484
G1 X119.226 Y136.519 E.01485
G1 X118.473 Y135.781 E.01483
G1 X117.815 Y134.956 E.01484
G1 X117.262 Y134.057 E.01484
G1 X116.824 Y133.097 E.01484
G1 X116.506 Y132.091 E.01484
G1 X116.314 Y131.053 E.01485
G1 X116.249 Y130 E.01484
G1 X116.314 Y128.947 E.01484
G1 X116.506 Y127.909 E.01485
G1 X116.824 Y126.903 E.01484
G1 X117.262 Y125.943 E.01484
G1 X117.815 Y125.044 E.01484
G1 X118.473 Y124.219 E.01484
G1 X119.226 Y123.481 E.01483
G1 X120.065 Y122.84 E.01485
G1 X120.975 Y122.306 E.01484
G1 X121.944 Y121.887 E.01485
G1 X122.956 Y121.59 E.01483
G1 X123.997 Y121.419 E.01484
G1 X125.052 Y121.376 E.01485
G1 X126.103 Y121.462 E.01483
G1 X127.137 Y121.676 E.01485
G1 X128.136 Y122.014 E.01483
G1 X129.087 Y122.472 E.01484
G1 X129.974 Y123.043 E.01484
G1 X130.786 Y123.717 E.01484
G1 X131.49 Y124.467 E.01447
G1 X132.257 Y125.478 E.01785
G1 X132.334 Y125.506 E.00115
G1 X132.572 Y125.169 F9000
;TYPE:External perimeter
;WIDTH:0.419999
G1 F1348
G1 X132.653 Y125.21 E.00122
G1 X136.008 Y125.21 E.04495
G1 X136.008 Y127.298 E.02798
G1 X136.008 Y134.79 E.10038
G1 X132.653 Y134.79 E.04495
G1 X132.49 Y134.872 E.00244
G1 X131.827 Y135.778 E.01504
G1 X131.069 Y136.584 E.01482
G1 X130.219 Y137.291 E.01481
G1 X129.289 Y137.889 E.01481
G1 X128.292 Y138.369 E.01483
G1 X127.245 Y138.723 E.01481
G1 X126.162 Y138.947 E.01482
G1 X125.06 Y139.038 E.01482
G1 X123.955 Y138.993 E.01482
G1 X122.864 Y138.813 E.01482
G1 X121.803 Y138.502 E.01481
G1 X120.788 Y138.063 E.01482
G1 X119.834 Y137.504 E.01481
G1 X118.956 Y136.832 E.01481
G1 X118.166 Y136.058 E.01482
G1 X117.476 Y135.194 E.01481
G1 X116.897 Y134.251 E.01483
G1 X116.438 Y133.245 E.01482
G1 X116.105 Y132.191 E.01481
G1 X115.903 Y131.104 E.01481
G1 X115.835 Y130 E.01482
G1 X115.903 Y128.896 E.01482
G1 X116.105 Y127.809 E.01481
G1 X116.438 Y126.755 E.01481
G1 X116.897 Y125.749 E.01482
G1 X117.476 Y124.806 E.01483
G1 X118.166 Y123.942 E.01481
G1 X118.956 Y123.168 E.01482
G1 X119.834 Y122.496 E.01481
G1 X120.788 Y121.937 E.01481
G1 X121.803 Y121.498 E.01482
G1 X122.864 Y121.187 E.01481
G1 X123.955 Y121.007 E.01482
G1 X125.06 Y120.962 E.01482
G1 X126.162 Y121.053 E.01482
G1 X127.245 Y121.277 E.01482
G1 X128.292 Y121.631 E.01481
G1 X129.289 Y122.111 E.01483
G1 X130.219 Y122.709 E.01481
G1 X131.069 Y123.416 E.01481
G1 X131.827 Y124.222 E.01482
G1 X132.49 Y125.128 E.01504
G1 X132.518 Y125.142 E.00042
G1 E-3.5 F3600
;WIPE_START
G1 F7200
G1 X132.572 Y125.169 E-.02868
G1 X132.653 Y125.21 E-.04312
G1 X135.66 Y125.21 E-1.4282
;WIPE_END
G1 X134.811 Y126.407 F9000
G1 E5 F2400
;TYPE:Solid infill
;WIDTH:0.512371
G1 F1348
G1 X134.811 Y133.593 E.11836
G1 X134.315 Y133.593 E.00817
G1 X134.315 Y126.407 E.11836
G1 X134.599 Y126.407 E.00468
G1 E-3.5 F3600
;WIPE_START
G1 F7200
G1 X134.315 Y126.407 E-.1349
G1 X134.315 Y129.281 E-1.3651
;WIPE_END
G1 X133.856 Y128.681 F9000
G1 E5 F2400
;TYPE:Internal infill
;WIDTH:0.44
G1 F1348
G1 X133.856 Y126.371 E.03249
G1 X133.629 Y126.371 E.00319
G1 X132.878 Y127.122 E.01494
G1 X133.125 Y127.875 E.01114
G1 X133.331 Y128.955 E.01546
G1 X133.393 Y129.9 E.01332
G1 X133.316 Y131.165 E.01782
G1 X133.125 Y132.125 E.01377
G1 X132.878 Y132.878 E.01114
G1 X133.629 Y133.629 E.01494
G1 X133.856 Y133.629 E.00319
G1 X133.856 Y131.319 E.03249
G1 E-3.5 F3600
;WIPE_START
G1 F7200
G1 X133.856 Y133.629 E-1.09725
G1 X133.629 Y133.629 E-.10783
G1 X133.19 Y133.19 E-.29492
;WIPE_END
G1 X141.578 Y133.954 F9000
G1 E5 F2400
;TYPE:Perimeter
;WIDTH:0.439999
G1 F1348
G1 X141.578 Y126.046 E.11121
G1 X143.329 Y126.046 E.02463
G1 X143.329 Y126.921 E.01231
G1 X143.329 Y133.954 E.09891
G1 X141.638 Y133.954 E.02378
G1 X141.155 Y134.377 F9000
G1 F1348
G1 X141.155 Y125.623 E.12311
G1 X143.752 Y125.623 E.03652
G1 X143.752 Y126.921 E.01825
G1 X143.752 Y134.377 E.10486
G1 X141.215 Y134.377 E.03568
G1 X140.742 Y134.79 F9000
;TYPE:External perimeter
;WIDTH:0.419999
G1 F1348
G1 X140.742 Y125.21 E.12835
G1 X144.165 Y125.21 E.04586
G1 X144.165 Y126.921 E.02292
G1 X144.165 Y134.79 E.10543
G1 X140.802 Y134.79 E.04506
G1 E-3.5 F3600
;WIPE_START
G1 F7200
G1 X140.742 Y134.79 E-.0285
G1 X140.742 Y131.692 E-1.4715
;WIPE_END
G1 X142.894 Y130.515 F9000
G1 E5 F2400
;TYPE:Internal infill
;WIDTH:0.44
G1 F1348
G1 X142.894 Y133.052 E.03568
G1 X143.004 Y132.942 E.00219
G1 X143.004 Y127.058 E.08275
G1 X142.894 Y126.948 E.00219
G1 X142.894 Y129.485 E.03568
G1 E-3.5 F3600
;WIPE_START
G1 F7200
G1 X142.894 Y126.948 E-1.20508
G1 X143.004 Y127.058 E-.07389
G1 X143.004 Y127.523 E-.22103
;WIPE_END
G1 X141.939 Y126.407 F9000
G1 E5 F2400
;TYPE:Solid infill
;WIDTH:0.51237
G1 F1348
G1 X142.435 Y126.407 E.00817
G1 X142.435 Y133.593 E.11836
G1 X141.939 Y133.593 E.00817
G1 X141.939 Y126.619 E.11487
;LAYER_CHANGE
;Z:2.76
;HEIGHT:0.0799999
;BEFORE_LAYER_CHANGE
G92 E0
;2.76


G1 E-3.5 F3600
;WIPE_START
G1 F7200
G1 X141.939 Y129.777 E-1.5
;WIPE_END
G1 Z2.76 F9000
;AFTER_LAYER_CHANGE
;2.76
G1 X132.484 Y128.5
G1 E5 F2400
;TYPE:Perimeter
;WIDTH:0.439999
G1 F1301
G1 X132.575 Y128.946 E.0064
G1 X132.645 Y129.866 E.01298
G1 X132.586 Y130.968 E.01552
G1 X132.392 Y131.973 E.01439
G1 X132.07 Y132.937 E.01429
G1 X131.625 Y133.851 E.0143
G1 X131.065 Y134.699 E.01429
G1 X130.399 Y135.467 E.0143
G1 X129.638 Y136.141 E.0143
G1 X128.796 Y136.71 E.01429
G1 X127.886 Y137.165 E.01431
G1 X126.925 Y137.496 E.01429
G1 X125.959 Y137.694 E.01387
G1 X125.089 Y137.769 E.01228
G1 X124.065 Y137.719 E.01442
G1 X122.825 Y137.496 E.01772
G1 X121.938 Y137.195 E.01317
G1 X121.363 Y136.918 E.00898
G1 X120.954 Y136.71 E.00645
G1 X120.176 Y136.19 E.01316
G1 X119.408 Y135.524 E.0143
G1 X118.734 Y134.763 E.0143
G1 X118.165 Y133.921 E.01429
G1 X117.71 Y133.011 E.01431
G1 X117.379 Y132.05 E.01429
G1 X117.175 Y131.054 E.0143
G1 X117.106 Y130.214 E.01185
G1 X117.164 Y129.032 E.01664
G1 X117.344 Y128.097 E.01339
G1 X117.634 Y127.196 E.01331
G1 X118.032 Y126.338 E.0133
G1 X118.529 Y125.534 E.01329
G1 X118.734 Y125.237 E.00508
G1 X119.351 Y124.533 E.01316
G1 X119.797 Y124.135 E.00841
G1 X120.176 Y123.81 E.00702
G1 X120.954 Y123.29 E.01316
G1 X121.864 Y122.835 E.01431
G1 X122.825 Y122.504 E.01429
G1 X123.821 Y122.3 E.0143
G1 X124.661 Y122.231 E.01185
G1 X125.843 Y122.289 E.01664
G1 X126.848 Y122.483 E.01439
G1 X127.812 Y122.805 E.01429
G1 X128.688 Y123.231 E.0137
G1 X129.481 Y123.748 E.01331
G1 X130.205 Y124.356 E.0133
G1 X130.85 Y125.048 E.0133
G1 X131.065 Y125.301 E.00467
G1 X131.585 Y126.079 E.01316
G1 X132.07 Y127.063 E.01543
G1 X132.371 Y127.95 E.01317
G1 X132.472 Y128.441 E.00705
G1 X132.058 Y128.523 F9000
;TYPE:External perimeter
;WIDTH:0.419999
G1 F1301
G1 X132.17 Y129.026 E.0069
G1 X132.233 Y129.844 E.01099
G1 X132.173 Y130.945 E.01477
G1 X131.987 Y131.892 E.01293
G1 X131.679 Y132.804 E.0129
G1 X131.255 Y133.668 E.01289
G1 X130.722 Y134.47 E.0129
G1 X130.088 Y135.195 E.0129
G1 X129.366 Y135.831 E.01289
G1 X128.566 Y136.367 E.0129
G1 X127.704 Y136.794 E.01289
G1 X126.793 Y137.105 E.0129
G1 X125.878 Y137.289 E.0125
G1 X125.057 Y137.357 E.01104
G1 X124.087 Y137.307 E.01301
G1 X123.217 Y137.159 E.01182
G1 X122.046 Y136.794 E.01643
G1 X121.207 Y136.38 E.01254
G1 X120.384 Y135.831 E.01325
G1 X119.68 Y135.213 E.01255
G1 X119.044 Y134.491 E.01289
G1 X118.508 Y133.691 E.0129
G1 X118.081 Y132.829 E.01289
G1 X117.77 Y131.918 E.0129
G1 X117.58 Y130.974 E.0129
G1 X117.518 Y130.182 E.01064
G1 X117.577 Y129.055 E.01512
G1 X117.749 Y128.178 E.01197
G1 X118.025 Y127.329 E.01196
G1 X118.402 Y126.52 E.01196
G1 X119.044 Y125.509 E.01605
G1 X119.662 Y124.805 E.01255
G1 X120.069 Y124.446 E.00727
G1 X120.405 Y124.153 E.00597
G1 X121.184 Y123.633 E.01255
G1 X122.046 Y123.206 E.01289
G1 X122.957 Y122.895 E.0129
G1 X123.901 Y122.705 E.0129
G1 X124.693 Y122.643 E.01064
G1 X125.82 Y122.702 E.01512
G1 X126.767 Y122.888 E.01293
G1 X127.679 Y123.196 E.0129
G1 X128.505 Y123.601 E.01233
G1 X129.251 Y124.091 E.01196
G1 X129.933 Y124.667 E.01196
G1 X130.54 Y125.32 E.01195
G1 X130.722 Y125.53 E.00372
G1 X131.242 Y126.309 E.01255
G1 X131.565 Y126.96 E.00974
G1 X131.922 Y127.91 E.0136
G1 X132.045 Y128.465 E.00762
G1 E-3.5 F3600
;WIPE_START
G1 F7200
G1 X132.058 Y128.523 E-.02823
G1 X132.17 Y129.026 E-.24478
G1 X132.233 Y129.844 E-.3897
G1 X132.173 Y130.945 E-.52375
G1 X132.046 Y131.593 E-.31354
;WIPE_END
G1 X135.065 Y129.011 F9000
G1 E5 F2400
;TYPE:Perimeter
;WIDTH:0.439999
G1 F1301
G1 X135.065 Y133.954 E.06952
G1 X132.653 Y133.954 E.03392
;WIDTH:0.481342
G1 X132.083 Y134.1 E.00908
;WIDTH:0.50483
G1 X131.964 Y134.173 E.00226
G1 X132.023 Y134.047 E.00226
;WIDTH:0.481342
G1 X132.471 Y133.073 E.01655
;WIDTH:0.439999
G1 X132.807 Y132.055 E.01508
G1 X133.008 Y130.99 E.01524
G1 X133.066 Y129.753 E.01742
G1 X132.989 Y128.863 E.01256
G1 X132.772 Y127.814 E.01506
G1 X132.471 Y126.927 E.01317
G1 X132.314 Y126.59 E.00523
;WIDTH:0.478578
G1 X131.889 Y125.738 E.01461
G1 X132.09 Y125.888 E.00385
;WIDTH:0.453462
G1 X132.653 Y126.046 E.00849
;WIDTH:0.439999
G1 X135.065 Y126.046 E.03392
G1 X135.065 Y127.253 E.01697
G1 X135.065 Y128.951 E.02388
G1 E-3.5 F3600
;WIPE_START
G1 F7200
G1 X135.065 Y129.011 E-.0285
G1 X135.065 Y132.109 E-1.4715
;WIPE_END
G1 X131.964 Y134.173 F9000
G1 E5 F2400
;WIDTH:0.50483
G1 F1301
G1 X131.689 Y134.553 E.00761
;WIDTH:0.469449
G1 X131.414 Y134.932 E.00704
;WIDTH:0.435336
G1 X130.715 Y135.744 E.0149
;WIDTH:0.437196
G1 X129.916 Y136.458 E.01497
;WIDTH:0.439642
G1 X129.03 Y137.062 E.01507
;WIDTH:0.442684
G1 X128.074 Y137.545 E.01516
;WIDTH:0.44631
G1 X127.062 Y137.9 E.01531
;WIDTH:0.450298
G1 X126.042 Y138.114 E.01501
G1 X125.122 Y138.192 E.0133
;WIDTH:0.45848
G1 X124.041 Y138.151 E.01588
;WIDTH:0.458798
G1 X123.052 Y137.988 E.01472
;WIDTH:0.46045
G1 X122.091 Y137.705 E.01477
;WIDTH:0.461508
G1 X121.171 Y137.307 E.01481
G1 X120.721 Y137.059 E.00759
;WIDTH:0.433446
G1 X119.943 Y136.539 E.01296
;WIDTH:0.461854
G1 X119.511 Y136.191 E.0082
G1 X119.132 Y135.839 E.00765
;WIDTH:0.433724
G1 X118.418 Y135.04 E.01485
;WIDTH:0.434748
G1 X117.815 Y134.154 E.01489
;WIDTH:0.436364
G1 X117.333 Y133.197 E.01494
;WIDTH:0.43857
G1 X116.979 Y132.186 E.01501
;WIDTH:0.44137
G1 X116.76 Y131.137 E.01512
G1 X116.686 Y130.247 E.0126
;WIDTH:0.448768
G1 X116.738 Y129.009 E.01779
;WIDTH:0.452388
G1 X116.923 Y128.013 E.01466
;WIDTH:0.455468
G1 X117.227 Y127.058 E.01461
;WIDTH:0.457948
G1 X117.644 Y126.147 E.01469
;WIDTH:0.459842
G1 X118.17 Y125.293 E.01477
;WIDTH:0.461144
G1 X118.795 Y124.51 E.01479
;WIDTH:0.461856
G1 X119.511 Y123.809 E.01482
G1 X119.943 Y123.461 E.0082
;WIDTH:0.433448
G1 X120.721 Y122.941 E.01296
;WIDTH:0.461506
G1 X121.171 Y122.693 E.00759
G1 X121.678 Y122.459 E.00825
;WIDTH:0.434254
G1 X122.69 Y122.106 E.01487
;WIDTH:0.43563
G1 X123.739 Y121.888 E.01491
G1 X124.628 Y121.813 E.01242
;WIDTH:0.44043
G1 X125.865 Y121.867 E.01743
;WIDTH:0.443286
G1 X126.93 Y122.067 E.01536
;WIDTH:0.447022
G1 X127.949 Y122.401 E.01533
;WIDTH:0.450952
G1 X128.877 Y122.847 E.01485
;WIDTH:0.45427
G1 X129.72 Y123.39 E.01458
;WIDTH:0.457
G1 X130.49 Y124.032 E.01467
;WIDTH:0.459134
G1 X131.175 Y124.763 E.01473
;WIDTH:0.463666
G1 X131.807 Y125.628 E.01591
;WIDTH:0.478578
G1 X131.889 Y125.738 E.00211
G1 X132.391 Y125.527 F9000
;WIDTH:0.439999
G1 F1301
G1 X132.653 Y125.623 E.00392
G1 X135.488 Y125.623 E.03987
G1 X135.488 Y127.253 E.02292
G1 X135.488 Y134.377 E.10019
G1 X132.653 Y134.377 E.03987
G1 X132.322 Y134.474 E.00485
G1 X132.157 Y134.628 E.00317
G1 X131.509 Y135.514 E.01544
G1 X130.786 Y136.283 E.01484
G1 X129.974 Y136.957 E.01484
G1 X129.087 Y137.528 E.01484
G1 X128.136 Y137.986 E.01484
G1 X127.137 Y138.324 E.01483
G1 X126.103 Y138.538 E.01485
G1 X125.052 Y138.624 E.01483
G1 X123.997 Y138.581 E.01485
G1 X122.956 Y138.41 E.01484
G1 X121.944 Y138.113 E.01483
G1 X120.975 Y137.694 E.01485
G1 X120.065 Y137.16 E.01484
G1 X119.226 Y136.519 E.01485
G1 X118.473 Y135.781 E.01483
G1 X117.815 Y134.956 E.01484
G1 X117.262 Y134.057 E.01484
G1 X116.824 Y133.097 E.01484
G1 X116.506 Y132.091 E.01484
G1 X116.314 Y131.053 E.01485
G1 X116.249 Y130 E.01484
G1 X116.314 Y128.947 E.01484
G1 X116.506 Y127.909 E.01485
G1 X116.824 Y126.903 E.01484
G1 X117.262 Y125.943 E.01484
G1 X117.815 Y125.044 E.01484
G1 X118.473 Y124.219 E.01484
G1 X119.226 Y123.481 E.01483
G1 X120.065 Y122.84 E.01485
G1 X120.975 Y122.306 E.01484
G1 X121.944 Y121.887 E.01485
G1 X122.956 Y121.59 E.01483
G1 X123.997 Y121.419 E.01484
G1 X125.052 Y121.376 E.01485
G1 X126.103 Y121.462 E.01483
G1 X127.137 Y121.676 E.01485
G1 X128.136 Y122.014 E.01483
G1 X129.087 Y122.472 E.01484
G1 X129.974 Y123.043 E.01484
G1 X130.786 Y123.717 E.01484
G1 X131.49 Y124.467 E.01447
G1 X132.257 Y125.478 E.01785
G1 X132.334 Y125.506 E.00115
G1 X132.572 Y125.169 F9000
;TYPE:External perimeter
;WIDTH:0.419999
G1 F1301
G1 X132.653 Y125.21 E.00122
G1 X135.9 Y125.21 E.0435
G1 X135.9 Y127.253 E.02737
G1 X135.9 Y134.79 E.10098
G1 X132.653 Y134.79 E.0435
G1 X132.49 Y134.872 E.00244
G1 X131.827 Y135.778 E.01504
G1 X131.069 Y136.584 E.01482
G1 X130.219 Y137.291 E.01481
G1 X129.289 Y137.889 E.01481
G1 X128.292 Y138.369 E.01483
G1 X127.245 Y138.723 E.01481
G1 X126.162 Y138.947 E.01482
G1 X125.06 Y139.038 E.01482
G1 X123.955 Y138.993 E.01482
G1 X122.864 Y138.813 E.01482
G1 X121.803 Y138.502 E.01481
G1 X120.788 Y138.063 E.01482
G1 X119.834 Y137.504 E.01481
G1 X118.956 Y136.832 E.01481
G1 X118.166 Y136.058 E.01482
G1 X117.476 Y135.194 E.01481
G1 X116.897 Y134.251 E.01483
G1 X116.438 Y133.245 E.01482
G1 X116.105 Y132.191 E.01481
G1 X115.903 Y131.104 E.01481
G1 X115.835 Y130 E.01482
G1 X115.903 Y128.896 E.01482
G1 X116.105 Y127.809 E.01481
G1 X116.438 Y126.755 E.01481
G1 X116.897 Y125.749 E.01482
G1 X117.476 Y124.806 E.01483
G1 X118.166 Y123.942 E.01481
G1 X118.956 Y123.168 E.01482
G1 X119.834 Y122.496 E.01481
G1 X120.788 Y121.937 E.01481
G1 X121.803 Y121.498 E.01482
G1 X122.864 Y121.187 E.01481
G1 X123.955 Y121.007 E.01482
G1 X125.06 Y120.962 E.01482
G1 X126.162 Y121.053 E.01482
G1 X127.245 Y121.277 E.01482
G1 X128.292 Y121.631 E.01481
G1 X129.289 Y122.111 E.01483
G1 X130.219 Y122.709 E.01481
G1 X131.069 Y123.416 E.01481
G1 X131.827 Y124.222 E.01482
G1 X132.49 Y125.128 E.01504
G1 X132.518 Y125.142 E.00042
G1 E-3.5 F3600
;WIPE_START
G1 F7200
G1 X132.572 Y125.169 E-.02868
G1 X132.653 Y125.21 E-.04312
G1 X135.66 Y125.21 E-1.4282
;WIPE_END
G1 X133.782 Y128.755 F9000
G1 E5 F2400
;TYPE:Internal infill
;WIDTH:0.44
G1 F1301
G1 X133.782 Y126.371 E.03353
G1 X133.629 Y126.371 E.00215
G1 X132.878 Y127.122 E.01494
G1 X133.125 Y127.875 E.01114
G1 X133.331 Y128.955 E.01546
G1 X133.393 Y129.9 E.01332
G1 X133.316 Y131.165 E.01782
G1 X133.125 Y132.125 E.01377
G1 X132.878 Y132.878 E.01114
G1 X133.629 Y133.629 E.01494
G1 X133.782 Y133.629 E.00215
G1 X133.782 Y131.245 E.03353
G1 E-3.5 F3600
;WIPE_START
G1 F7200
G1 X133.782 Y133.629 E-1.1324
G1 X133.629 Y133.629 E-.07268
G1 X133.19 Y133.19 E-.29492
;WIPE_END
G1 X134.233 Y133.601 F9000
G1 E5 F2400
;TYPE:Solid infill
;WIDTH:0.495753
G1 F1301
G1 X134.233 Y126.399 E.11464
G1 X134.711 Y126.399 E.00761
G1 X134.711 Y133.601 E.11464
G1 X134.444 Y133.601 E.00425
G1 E-3.5 F3600
;WIPE_START
G1 F7200
G1 X134.711 Y133.601 E-.12682
G1 X134.711 Y130.71 E-1.37318
;WIPE_END
G1 X141.685 Y133.954 F9000
G1 E5 F2400
;TYPE:Perimeter
;WIDTH:0.439999
G1 F1301
G1 X141.685 Y126.046 E.11121
G1 X143.329 Y126.046 E.02312
G1 X143.329 Y126.868 E.01156
G1 X143.329 Y133.954 E.09965
G1 X141.745 Y133.954 E.02228
G1 X141.262 Y134.377 F9000
G1 F1301
G1 X141.262 Y125.623 E.12311
G1 X143.752 Y125.623 E.03502
G1 X143.752 Y126.868 E.01751
G1 X143.752 Y134.377 E.1056
G1 X141.322 Y134.377 E.03417
G1 X140.85 Y134.79 F9000
;TYPE:External perimeter
;WIDTH:0.419999
G1 F1301
G1 X140.85 Y125.21 E.12835
G1 X144.165 Y125.21 E.04442
G1 X144.165 Y126.868 E.02221
G1 X144.165 Y134.79 E.10614
G1 X140.91 Y134.79 E.04361
G1 X142.011 Y133.629 F9000
;TYPE:Solid infill
;WIDTH:0.439999
G1 F1301
G1 X142.011 Y126.371 E.10207
G1 X143.004 Y126.371 E.01396
G1 X143.004 Y133.629 E.10207
G1 X142.222 Y133.629 E.011
G1 X142.507 Y133.132 E.00806
;WIDTH:0.587308
G1 X142.507 Y126.868 E.11878
;LAYER_CHANGE
;Z:2.84
;HEIGHT:0.0799999
;BEFORE_LAYER_CHANGE
G92 E0
;2.84


G1 E-3.5 F3600
;WIPE_START
G1 F7200
G1 X142.507 Y130.026 E-1.5
;WIPE_END
G1 Z2.84 F9000
;AFTER_LAYER_CHANGE
;2.84
G1 X131.34 Y134.282
G1 E5 F2400
;TYPE:Perimeter
;WIDTH:0.439999
G1 F1315
G1 X131.065 Y134.699 E.00702
G1 X130.399 Y135.467 E.0143
G1 X129.638 Y136.141 E.0143
G1 X128.796 Y136.71 E.01429
G1 X127.886 Y137.165 E.01431
G1 X126.925 Y137.496 E.01429
G1 X125.959 Y137.694 E.01387
G1 X125.089 Y137.769 E.01228
G1 X124.065 Y137.719 E.01442
G1 X122.825 Y137.496 E.01772
G1 X121.938 Y137.195 E.01317
G1 X121.363 Y136.918 E.00898
G1 X120.954 Y136.71 E.00645
G1 X120.176 Y136.19 E.01316
G1 X119.408 Y135.524 E.0143
G1 X118.734 Y134.763 E.0143
G1 X118.165 Y133.921 E.01429
G1 X117.71 Y133.011 E.01431
G1 X117.379 Y132.05 E.01429
G1 X117.175 Y131.054 E.0143
G1 X117.106 Y130.214 E.01185
G1 X117.164 Y129.032 E.01664
G1 X117.344 Y128.097 E.01339
G1 X117.634 Y127.196 E.01331
G1 X118.032 Y126.338 E.0133
G1 X118.529 Y125.534 E.01329
G1 X118.734 Y125.237 E.00508
G1 X119.351 Y124.533 E.01316
G1 X119.797 Y124.135 E.00841
G1 X120.176 Y123.81 E.00702
G1 X120.954 Y123.29 E.01316
G1 X121.864 Y122.835 E.01431
G1 X122.825 Y122.504 E.01429
G1 X123.821 Y122.3 E.0143
G1 X124.661 Y122.231 E.01185
G1 X125.843 Y122.289 E.01664
G1 X126.848 Y122.483 E.01439
G1 X127.812 Y122.805 E.01429
G1 X128.688 Y123.231 E.0137
G1 X129.481 Y123.748 E.01331
G1 X130.205 Y124.356 E.0133
G1 X130.85 Y125.048 E.0133
G1 X131.065 Y125.301 E.00467
G1 X131.585 Y126.079 E.01316
G1 X132.07 Y127.063 E.01543
G1 X132.371 Y127.95 E.01317
G1 X132.575 Y128.946 E.0143
G1 X132.645 Y129.866 E.01298
G1 X132.586 Y130.968 E.01552
G1 X132.392 Y131.973 E.01439
G1 X132.07 Y132.937 E.01429
G1 X131.625 Y133.851 E.0143
G1 X131.373 Y134.232 E.00642
G1 X130.998 Y134.054 F9000
;TYPE:External perimeter
;WIDTH:0.419999
G1 F1315
G1 X130.722 Y134.47 E.00669
G1 X130.088 Y135.195 E.0129
G1 X129.366 Y135.831 E.01289
G1 X128.566 Y136.367 E.0129
G1 X127.704 Y136.794 E.01289
G1 X126.793 Y137.105 E.0129
G1 X125.878 Y137.289 E.0125
G1 X125.057 Y137.357 E.01104
G1 X124.087 Y137.307 E.01301
G1 X123.217 Y137.159 E.01182
G1 X122.046 Y136.794 E.01643
G1 X121.207 Y136.38 E.01254
G1 X120.384 Y135.831 E.01325
G1 X119.68 Y135.213 E.01255
G1 X119.044 Y134.491 E.01289
G1 X118.508 Y133.691 E.0129
G1 X118.081 Y132.829 E.01289
G1 X117.77 Y131.918 E.0129
G1 X117.58 Y130.974 E.0129
G1 X117.518 Y130.182 E.01064
G1 X117.577 Y129.055 E.01512
G1 X117.749 Y128.178 E.01197
G1 X118.025 Y127.329 E.01196
G1 X118.402 Y126.52 E.01196
G1 X119.044 Y125.509 E.01605
G1 X119.662 Y124.805 E.01255
G1 X120.069 Y124.446 E.00727
G1 X120.405 Y124.153 E.00597
G1 X121.184 Y123.633 E.01255
G1 X122.046 Y123.206 E.01289
G1 X122.957 Y122.895 E.0129
G1 X123.901 Y122.705 E.0129
G1 X124.693 Y122.643 E.01064
G1 X125.82 Y122.702 E.01512
G1 X126.767 Y122.888 E.01293
G1 X127.679 Y123.196 E.0129
G1 X128.505 Y123.601 E.01233
G1 X129.251 Y124.091 E.01196
G1 X129.933 Y124.667 E.01196
G1 X130.54 Y125.32 E.01195
G1 X130.722 Y125.53 E.00372
G1 X131.242 Y126.309 E.01255
G1 X131.565 Y126.96 E.00974
G1 X131.902 Y127.851 E.01276
G1 X131.987 Y128.108 E.00363
G1 X132.17 Y129.026 E.01254
G1 X132.233 Y129.844 E.01099
G1 X132.173 Y130.945 E.01477
G1 X131.987 Y131.892 E.01293
G1 X131.679 Y132.804 E.0129
G1 X131.255 Y133.668 E.01289
G1 X131.032 Y134.004 E.0054
G1 E-3.5 F3600
;WIPE_START
G1 F7200
G1 X130.998 Y134.054 E-.02872
G1 X130.722 Y134.47 E-.23713
G1 X130.088 Y135.195 E-.45748
G1 X129.366 Y135.831 E-.45703
G1 X128.807 Y136.206 E-.31964
;WIPE_END
G1 X134.957 Y130.84 F9000
G1 E5 F2400
;TYPE:Perimeter
;WIDTH:0.439999
G1 F1315
G1 X134.957 Y133.954 E.04379
G1 X132.653 Y133.954 E.0324
;WIDTH:0.481342
G1 X132.083 Y134.1 E.00908
;WIDTH:0.50483
G1 X131.964 Y134.173 E.00226
G1 X132.023 Y134.047 E.00226
;WIDTH:0.481342
G1 X132.471 Y133.073 E.01655
;WIDTH:0.439999
G1 X132.807 Y132.055 E.01508
G1 X133.008 Y130.99 E.01524
G1 X133.066 Y129.753 E.01742
G1 X132.989 Y128.863 E.01256
G1 X132.772 Y127.814 E.01506
G1 X132.471 Y126.927 E.01317
G1 X132.314 Y126.59 E.00523
;WIDTH:0.478578
G1 X131.889 Y125.738 E.01461
G1 X132.09 Y125.888 E.00385
;WIDTH:0.453461
G1 X132.653 Y126.046 E.00849
;WIDTH:0.439999
G1 X134.957 Y126.046 E.0324
G1 X134.957 Y127.209 E.01636
G1 X134.957 Y130.78 E.05022
G1 E-3.5 F3600
;WIPE_START
G1 F7200
G1 X134.957 Y130.84 E-.0285
G1 X134.957 Y133.938 E-1.4715
;WIPE_END
G1 X131.964 Y134.173 F9000
G1 E5 F2400
;WIDTH:0.50483
G1 F1315
G1 X131.689 Y134.553 E.00761
;WIDTH:0.469449
G1 X131.414 Y134.932 E.00704
;WIDTH:0.435336
G1 X130.715 Y135.744 E.0149
;WIDTH:0.437194
G1 X129.916 Y136.458 E.01497
;WIDTH:0.43964
G1 X129.03 Y137.062 E.01507
;WIDTH:0.442682
G1 X128.074 Y137.545 E.01516
;WIDTH:0.44631
G1 X127.062 Y137.9 E.01531
;WIDTH:0.450298
G1 X126.042 Y138.114 E.01501
G1 X125.122 Y138.192 E.0133
;WIDTH:0.45848
G1 X124.041 Y138.151 E.01588
;WIDTH:0.458798
G1 X123.052 Y137.988 E.01472
;WIDTH:0.460448
G1 X122.091 Y137.705 E.01477
;WIDTH:0.461508
G1 X121.171 Y137.307 E.01481
G1 X120.721 Y137.059 E.00759
;WIDTH:0.433446
G1 X119.943 Y136.539 E.01296
;WIDTH:0.461856
G1 X119.511 Y136.191 E.0082
G1 X119.132 Y135.839 E.00765
;WIDTH:0.433724
G1 X118.418 Y135.04 E.01485
;WIDTH:0.434748
G1 X117.815 Y134.154 E.01489
;WIDTH:0.436364
G1 X117.333 Y133.197 E.01494
;WIDTH:0.43857
G1 X116.979 Y132.186 E.01501
;WIDTH:0.441368
G1 X116.76 Y131.137 E.01512
G1 X116.686 Y130.247 E.0126
;WIDTH:0.448768
G1 X116.738 Y129.009 E.01779
;WIDTH:0.45239
G1 X116.923 Y128.013 E.01466
;WIDTH:0.455468
G1 X117.227 Y127.058 E.01461
;WIDTH:0.457948
G1 X117.644 Y126.147 E.01469
;WIDTH:0.459842
G1 X118.17 Y125.293 E.01477
;WIDTH:0.461146
G1 X118.795 Y124.51 E.01479
;WIDTH:0.461856
G1 X119.511 Y123.809 E.01482
G1 X119.943 Y123.461 E.0082
;WIDTH:0.433448
G1 X120.721 Y122.941 E.01296
;WIDTH:0.461508
G1 X121.171 Y122.693 E.00759
G1 X121.678 Y122.459 E.00825
;WIDTH:0.434254
G1 X122.69 Y122.106 E.01487
;WIDTH:0.43563
G1 X123.739 Y121.888 E.01491
G1 X124.628 Y121.813 E.01242
;WIDTH:0.44043
G1 X125.865 Y121.867 E.01743
;WIDTH:0.443286
G1 X126.93 Y122.067 E.01536
;WIDTH:0.447024
G1 X127.949 Y122.401 E.01533
;WIDTH:0.450954
G1 X128.877 Y122.847 E.01486
;WIDTH:0.45427
G1 X129.72 Y123.39 E.01458
;WIDTH:0.456998
G1 X130.49 Y124.032 E.01467
;WIDTH:0.459132
G1 X131.175 Y124.763 E.01473
;WIDTH:0.463666
G1 X131.807 Y125.628 E.01591
;WIDTH:0.478578
G1 X131.889 Y125.738 E.00211
G1 X132.391 Y125.527 F9000
;WIDTH:0.439999
G1 F1315
G1 X132.653 Y125.623 E.00392
G1 X135.38 Y125.623 E.03835
G1 X135.38 Y127.209 E.0223
G1 X135.38 Y134.377 E.10081
G1 X132.653 Y134.377 E.03835
G1 X132.322 Y134.474 E.00485
G1 X132.157 Y134.628 E.00317
G1 X131.509 Y135.514 E.01544
G1 X130.786 Y136.283 E.01484
G1 X129.974 Y136.957 E.01484
G1 X129.087 Y137.528 E.01484
G1 X128.136 Y137.986 E.01484
G1 X127.137 Y138.324 E.01483
G1 X126.103 Y138.538 E.01485
G1 X125.052 Y138.624 E.01483
G1 X123.997 Y138.581 E.01485
G1 X122.956 Y138.41 E.01484
G1 X121.944 Y138.113 E.01483
G1 X120.975 Y137.694 E.01485
G1 X120.065 Y137.16 E.01484
G1 X119.226 Y136.519 E.01485
G1 X118.473 Y135.781 E.01483
G1 X117.815 Y134.956 E.01484
G1 X117.262 Y134.057 E.01484
G1 X116.824 Y133.097 E.01484
G1 X116.506 Y132.091 E.01484
G1 X116.314 Y131.053 E.01485
G1 X116.249 Y130 E.01484
G1 X116.314 Y128.947 E.01484
G1 X116.506 Y127.909 E.01485
G1 X116.824 Y126.903 E.01484
G1 X117.262 Y125.943 E.01484
G1 X117.815 Y125.044 E.01484
G1 X118.473 Y124.219 E.01484
G1 X119.226 Y123.481 E.01483
G1 X120.065 Y122.84 E.01485
G1 X120.975 Y122.306 E.01484
G1 X121.944 Y121.887 E.01485
G1 X122.956 Y121.59 E.01483
G1 X123.997 Y121.419 E.01484
G1 X125.052 Y121.376 E.01485
G1 X126.103 Y121.462 E.01483
G1 X127.137 Y121.676 E.01485
G1 X128.136 Y122.014 E.01483
G1 X129.087 Y122.472 E.01484
G1 X129.974 Y123.043 E.01484
G1 X130.786 Y123.717 E.01484
G1 X131.49 Y124.467 E.01447
G1 X132.257 Y125.478 E.01785
G1 X132.334 Y125.506 E.00115
G1 X132.572 Y125.169 F9000
;TYPE:External perimeter
;WIDTH:0.419999
G1 F1315
G1 X132.653 Y125.21 E.00122
G1 X135.793 Y125.21 E.04207
G1 X135.793 Y127.209 E.02678
G1 X135.793 Y134.79 E.10157
G1 X132.653 Y134.79 E.04207
G1 X132.49 Y134.872 E.00244
G1 X131.827 Y135.778 E.01504
G1 X131.069 Y136.584 E.01482
G1 X130.219 Y137.291 E.01481
G1 X129.289 Y137.889 E.01481
G1 X128.292 Y138.369 E.01483
G1 X127.245 Y138.723 E.01481
G1 X126.162 Y138.947 E.01482
G1 X125.06 Y139.038 E.01482
G1 X123.955 Y138.993 E.01482
G1 X122.864 Y138.813 E.01482
G1 X121.803 Y138.502 E.01481
G1 X120.788 Y138.063 E.01482
G1 X119.834 Y137.504 E.01481
G1 X118.956 Y136.832 E.01481
G1 X118.166 Y136.058 E.01482
G1 X117.476 Y135.194 E.01481
G1 X116.897 Y134.251 E.01483
G1 X116.438 Y133.245 E.01482
G1 X116.105 Y132.191 E.01481
G1 X115.903 Y131.104 E.01481
G1 X115.835 Y130 E.01482
G1 X115.903 Y128.896 E.01482
G1 X116.105 Y127.809 E.01481
G1 X116.438 Y126.755 E.01481
G1 X116.897 Y125.749 E.01482
G1 X117.476 Y124.806 E.01483
G1 X118.166 Y123.942 E.01481
G1 X118.956 Y123.168 E.01482
G1 X119.834 Y122.496 E.01481
G1 X120.788 Y121.937 E.01481
G1 X121.803 Y121.498 E.01482
G1 X122.864 Y121.187 E.01481
G1 X123.955 Y121.007 E.01482
G1 X125.06 Y120.962 E.01482
G1 X126.162 Y121.053 E.01482
G1 X127.245 Y121.277 E.01482
G1 X128.292 Y121.631 E.01481
G1 X129.289 Y122.111 E.01483
G1 X130.219 Y122.709 E.01481
G1 X131.069 Y123.416 E.01481
G1 X131.827 Y124.222 E.01482
G1 X132.49 Y125.128 E.01504
G1 X132.518 Y125.142 E.00042
G1 E-3.5 F3600
;WIPE_START
G1 F7200
G1 X132.572 Y125.169 E-.02868
G1 X132.653 Y125.21 E-.04312
G1 X135.66 Y125.21 E-1.4282
;WIPE_END
G1 X134.615 Y126.388 F9000
G1 E5 F2400
;TYPE:Solid infill
;WIDTH:0.472831
G1 F1315
G1 X134.615 Y133.612 E.10948
G1 X134.16 Y133.612 E.0069
G1 X134.16 Y126.388 E.10948
G1 X134.404 Y126.388 E.0037
G1 E-3.5 F3600
;WIPE_START
G1 F7200
G1 X134.16 Y126.388 E-.1159
G1 X134.16 Y129.302 E-1.3841
;WIPE_END
G1 X133.72 Y128.817 F9000
G1 E5 F2400
;TYPE:Internal infill
;WIDTH:0.44
G1 F1315
G1 X133.72 Y126.371 E.0344
G1 X133.629 Y126.371 E.00128
G1 X132.878 Y127.122 E.01494
G1 X133.125 Y127.875 E.01114
G1 X133.331 Y128.955 E.01546
G1 X133.393 Y129.9 E.01332
G1 X133.316 Y131.165 E.01782
G1 X133.125 Y132.125 E.01377
G1 X132.878 Y132.878 E.01114
G1 X133.629 Y133.629 E.01494
G1 X133.72 Y133.629 E.00128
G1 X133.72 Y131.183 E.0344
G1 E-3.5 F3600
;WIPE_START
G1 F7200
G1 X133.72 Y133.629 E-1.16185
G1 X133.629 Y133.629 E-.04323
G1 X133.19 Y133.19 E-.29492
;WIPE_END
G1 X141.793 Y133.954 F9000
G1 E5 F2400
;TYPE:Perimeter
;WIDTH:0.439999
G1 F1315
G1 X141.793 Y126.046 E.11121
G1 X143.329 Y126.046 E.0216
G1 X143.329 Y126.814 E.0108
G1 X143.329 Y133.954 E.10041
G1 X141.853 Y133.954 E.02076
G1 X141.37 Y134.377 F9000
G1 F1315
G1 X141.37 Y125.623 E.12311
G1 X143.752 Y125.623 E.0335
G1 X143.752 Y126.814 E.01675
G1 X143.752 Y134.377 E.10636
G1 X141.43 Y134.377 E.03266
G1 X140.957 Y134.79 F9000
;TYPE:External perimeter
;WIDTH:0.419999
G1 F1315
G1 X140.957 Y125.21 E.12835
G1 X144.165 Y125.21 E.04298
G1 X144.165 Y126.814 E.02149
G1 X144.165 Y134.79 E.10686
G1 X141.017 Y134.79 E.04218
G1 E-3.5 F3600
;WIPE_START
G1 F7200
G1 X140.957 Y134.79 E-.0285
G1 X140.957 Y131.692 E-1.4715
;WIPE_END
G1 X142.118 Y126.371 F9000
G1 E5 F2400
;TYPE:Solid infill
;WIDTH:0.439999
G1 F1315
G1 X143.004 Y126.371 E.01246
G1 X143.004 Y133.629 E.10207
G1 X142.118 Y133.629 E.01246
G1 X142.118 Y126.583 E.09909
G1 X142.561 Y126.814 E.00703
;WIDTH:0.479786
G1 X142.561 Y133.186 E.09804
;LAYER_CHANGE
;Z:2.92
;HEIGHT:0.0800002
;BEFORE_LAYER_CHANGE
G92 E0
;2.92


G1 E-3.5 F3600
;WIPE_START
G1 F7200
G1 X142.561 Y130.028 E-1.5
;WIPE_END
G1 Z2.92 F9000
;AFTER_LAYER_CHANGE
;2.92
G1 X131.333 Y134.293
G1 E5 F2400
;TYPE:Perimeter
;WIDTH:0.439999
G1 F1294
G1 X131.065 Y134.699 E.00684
G1 X130.399 Y135.467 E.0143
G1 X129.638 Y136.141 E.0143
G1 X128.796 Y136.71 E.01429
G1 X127.886 Y137.165 E.01431
G1 X126.925 Y137.496 E.01429
G1 X125.959 Y137.694 E.01387
G1 X125.089 Y137.769 E.01228
G1 X124.065 Y137.719 E.01442
G1 X122.825 Y137.496 E.01772
G1 X121.938 Y137.195 E.01317
G1 X121.363 Y136.918 E.00898
G1 X120.954 Y136.71 E.00645
G1 X120.176 Y136.19 E.01316
G1 X119.408 Y135.524 E.0143
G1 X118.734 Y134.763 E.0143
G1 X118.165 Y133.921 E.01429
G1 X117.71 Y133.011 E.01431
G1 X117.379 Y132.05 E.01429
G1 X117.175 Y131.054 E.0143
G1 X117.106 Y130.214 E.01185
G1 X117.164 Y129.032 E.01664
G1 X117.344 Y128.097 E.01339
G1 X117.634 Y127.196 E.01331
G1 X118.032 Y126.338 E.0133
G1 X118.529 Y125.534 E.01329
G1 X118.734 Y125.237 E.00508
G1 X119.351 Y124.533 E.01316
G1 X119.797 Y124.135 E.00841
G1 X120.176 Y123.81 E.00702
G1 X120.954 Y123.29 E.01316
G1 X121.864 Y122.835 E.01431
G1 X122.825 Y122.504 E.01429
G1 X123.821 Y122.3 E.0143
G1 X124.661 Y122.231 E.01185
G1 X125.843 Y122.289 E.01664
G1 X126.848 Y122.483 E.01439
G1 X127.812 Y122.805 E.01429
G1 X128.688 Y123.231 E.0137
G1 X129.481 Y123.748 E.01331
G1 X130.205 Y124.356 E.0133
G1 X130.85 Y125.048 E.0133
G1 X131.065 Y125.301 E.00467
G1 X131.585 Y126.079 E.01316
G1 X132.07 Y127.063 E.01543
G1 X132.371 Y127.95 E.01317
G1 X132.575 Y128.946 E.0143
G1 X132.645 Y129.866 E.01298
G1 X132.586 Y130.968 E.01552
G1 X132.392 Y131.973 E.01439
G1 X132.07 Y132.937 E.01429
G1 X131.625 Y133.851 E.0143
G1 X131.367 Y134.243 E.0066
G1 X130.992 Y134.064 F9000
;TYPE:External perimeter
;WIDTH:0.419999
G1 F1294
G1 X130.722 Y134.47 E.00653
G1 X130.088 Y135.195 E.0129
G1 X129.366 Y135.831 E.01289
G1 X128.566 Y136.367 E.0129
G1 X127.704 Y136.794 E.01289
G1 X126.793 Y137.105 E.0129
G1 X125.878 Y137.289 E.0125
G1 X125.057 Y137.357 E.01104
G1 X124.087 Y137.307 E.01301
G1 X123.217 Y137.159 E.01182
G1 X122.046 Y136.794 E.01643
G1 X121.207 Y136.38 E.01254
G1 X120.384 Y135.831 E.01325
G1 X119.68 Y135.213 E.01255
G1 X119.044 Y134.491 E.01289
G1 X118.508 Y133.691 E.0129
G1 X118.081 Y132.829 E.01289
G1 X117.77 Y131.918 E.0129
G1 X117.58 Y130.974 E.0129
G1 X117.518 Y130.182 E.01064
G1 X117.577 Y129.055 E.01512
G1 X117.749 Y128.178 E.01197
G1 X118.025 Y127.329 E.01196
G1 X118.402 Y126.52 E.01196
G1 X119.044 Y125.509 E.01605
G1 X119.662 Y124.805 E.01255
G1 X120.069 Y124.446 E.00727
G1 X120.405 Y124.153 E.00597
G1 X121.184 Y123.633 E.01255
G1 X122.046 Y123.206 E.01289
G1 X122.957 Y122.895 E.0129
G1 X123.901 Y122.705 E.0129
G1 X124.693 Y122.643 E.01064
G1 X125.82 Y122.702 E.01512
G1 X126.767 Y122.888 E.01293
G1 X127.679 Y123.196 E.0129
G1 X128.505 Y123.601 E.01233
G1 X129.251 Y124.091 E.01196
G1 X129.933 Y124.667 E.01196
G1 X130.54 Y125.32 E.01195
G1 X130.722 Y125.53 E.00372
G1 X131.242 Y126.309 E.01255
G1 X131.565 Y126.96 E.00974
G1 X131.882 Y127.792 E.01193
G1 X131.987 Y128.108 E.00446
G1 X132.17 Y129.026 E.01254
G1 X132.233 Y129.844 E.01099
G1 X132.173 Y130.945 E.01477
G1 X131.987 Y131.892 E.01293
G1 X131.679 Y132.804 E.0129
G1 X131.255 Y133.668 E.01289
G1 X131.025 Y134.015 E.00558
G1 E-3.5 F3600
;WIPE_START
G1 F7200
G1 X130.992 Y134.064 E-.02806
G1 X130.722 Y134.47 E-.2316
G1 X130.088 Y135.195 E-.45748
G1 X129.366 Y135.831 E-.45703
G1 X128.796 Y136.213 E-.32583
;WIPE_END
G1 X134.85 Y130.69 F9000
G1 E5 F2400
;TYPE:Perimeter
;WIDTH:0.439999
G1 F1294
G1 X134.85 Y133.954 E.0459
G1 X132.653 Y133.954 E.0309
;WIDTH:0.481342
G1 X132.083 Y134.1 E.00908
;WIDTH:0.50483
G1 X131.964 Y134.173 E.00226
G1 X132.023 Y134.047 E.00226
;WIDTH:0.481342
G1 X132.471 Y133.073 E.01655
;WIDTH:0.439999
G1 X132.807 Y132.055 E.01508
G1 X133.008 Y130.99 E.01524
G1 X133.066 Y129.753 E.01742
G1 X132.989 Y128.863 E.01256
G1 X132.772 Y127.814 E.01506
G1 X132.471 Y126.927 E.01317
G1 X132.314 Y126.59 E.00523
;WIDTH:0.478578
G1 X131.889 Y125.738 E.01461
G1 X132.09 Y125.888 E.00385
;WIDTH:0.453461
G1 X132.653 Y126.046 E.00849
;WIDTH:0.439999
G1 X134.85 Y126.046 E.0309
G1 X134.85 Y127.164 E.01572
G1 X134.85 Y130.63 E.04874
G1 E-3.5 F3600
;WIPE_START
G1 F7200
G1 X134.85 Y130.69 E-.0285
G1 X134.85 Y133.788 E-1.4715
;WIPE_END
G1 X131.964 Y134.173 F9000
G1 E5 F2400
;WIDTH:0.50483
G1 F1294
G1 X131.689 Y134.553 E.00761
;WIDTH:0.469449
G1 X131.414 Y134.932 E.00704
;WIDTH:0.435336
G1 X130.715 Y135.744 E.0149
;WIDTH:0.437196
G1 X129.916 Y136.458 E.01497
;WIDTH:0.439642
G1 X129.03 Y137.062 E.01507
;WIDTH:0.442684
G1 X128.074 Y137.545 E.01516
;WIDTH:0.446308
G1 X127.062 Y137.9 E.01531
;WIDTH:0.450298
G1 X126.042 Y138.114 E.01501
G1 X125.122 Y138.192 E.0133
;WIDTH:0.45848
G1 X124.041 Y138.151 E.01588
;WIDTH:0.458798
G1 X123.052 Y137.988 E.01472
;WIDTH:0.460448
G1 X122.091 Y137.705 E.01477
;WIDTH:0.461508
G1 X121.171 Y137.307 E.01481
G1 X120.721 Y137.059 E.00759
;WIDTH:0.433446
G1 X119.943 Y136.539 E.01296
;WIDTH:0.461854
G1 X119.511 Y136.191 E.0082
G1 X119.132 Y135.839 E.00765
;WIDTH:0.433724
G1 X118.418 Y135.04 E.01485
;WIDTH:0.434748
G1 X117.815 Y134.154 E.01489
;WIDTH:0.436364
G1 X117.333 Y133.197 E.01494
;WIDTH:0.43857
G1 X116.979 Y132.186 E.01501
;WIDTH:0.441368
G1 X116.76 Y131.137 E.01512
G1 X116.686 Y130.247 E.0126
;WIDTH:0.448768
G1 X116.738 Y129.009 E.01779
;WIDTH:0.452388
G1 X116.923 Y128.013 E.01466
;WIDTH:0.455468
G1 X117.227 Y127.058 E.01461
;WIDTH:0.457948
G1 X117.644 Y126.147 E.01469
;WIDTH:0.459842
G1 X118.17 Y125.293 E.01477
;WIDTH:0.461146
G1 X118.795 Y124.51 E.01479
;WIDTH:0.461856
G1 X119.511 Y123.809 E.01482
G1 X119.943 Y123.461 E.0082
;WIDTH:0.433448
G1 X120.721 Y122.941 E.01296
;WIDTH:0.461508
G1 X121.171 Y122.693 E.00759
G1 X121.678 Y122.459 E.00825
;WIDTH:0.434254
G1 X122.69 Y122.106 E.01487
;WIDTH:0.43563
G1 X123.739 Y121.888 E.01491
G1 X124.628 Y121.813 E.01242
;WIDTH:0.44043
G1 X125.865 Y121.867 E.01743
;WIDTH:0.443286
G1 X126.93 Y122.067 E.01536
;WIDTH:0.447024
G1 X127.949 Y122.401 E.01533
;WIDTH:0.450952
G1 X128.877 Y122.847 E.01485
;WIDTH:0.45427
G1 X129.72 Y123.39 E.01458
;WIDTH:0.456998
G1 X130.49 Y124.032 E.01467
;WIDTH:0.459132
G1 X131.175 Y124.763 E.01473
;WIDTH:0.463666
G1 X131.807 Y125.628 E.01591
;WIDTH:0.478578
G1 X131.889 Y125.738 E.00211
G1 X132.391 Y125.527 F9000
;WIDTH:0.439999
G1 F1294
G1 X132.653 Y125.623 E.00392
G1 X135.273 Y125.623 E.03685
G1 X135.273 Y127.164 E.02167
G1 X135.273 Y134.377 E.10144
G1 X132.653 Y134.377 E.03685
G1 X132.322 Y134.474 E.00485
G1 X132.157 Y134.628 E.00317
G1 X131.509 Y135.514 E.01544
G1 X130.786 Y136.283 E.01484
G1 X129.974 Y136.957 E.01484
G1 X129.087 Y137.528 E.01484
G1 X128.136 Y137.986 E.01484
G1 X127.137 Y138.324 E.01483
G1 X126.103 Y138.538 E.01485
G1 X125.052 Y138.624 E.01483
G1 X123.997 Y138.581 E.01485
G1 X122.956 Y138.41 E.01484
G1 X121.944 Y138.113 E.01483
G1 X120.975 Y137.694 E.01485
G1 X120.065 Y137.16 E.01484
G1 X119.226 Y136.519 E.01485
G1 X118.473 Y135.781 E.01483
G1 X117.815 Y134.956 E.01484
G1 X117.262 Y134.057 E.01484
G1 X116.824 Y133.097 E.01484
G1 X116.506 Y132.091 E.01484
G1 X116.314 Y131.053 E.01485
G1 X116.249 Y130 E.01484
G1 X116.314 Y128.947 E.01484
G1 X116.506 Y127.909 E.01485
G1 X116.824 Y126.903 E.01484
G1 X117.262 Y125.943 E.01484
G1 X117.815 Y125.044 E.01484
G1 X118.473 Y124.219 E.01484
G1 X119.226 Y123.481 E.01483
G1 X120.065 Y122.84 E.01485
G1 X120.975 Y122.306 E.01484
G1 X121.944 Y121.887 E.01485
G1 X122.956 Y121.59 E.01483
G1 X123.997 Y121.419 E.01484
G1 X125.052 Y121.376 E.01485
G1 X126.103 Y121.462 E.01483
G1 X127.137 Y121.676 E.01485
G1 X128.136 Y122.014 E.01483
G1 X129.087 Y122.472 E.01484
G1 X129.974 Y123.043 E.01484
G1 X130.786 Y123.717 E.01484
G1 X131.49 Y124.467 E.01447
G1 X132.257 Y125.478 E.01785
G1 X132.334 Y125.506 E.00115
G1 X132.572 Y125.169 F9000
;TYPE:External perimeter
;WIDTH:0.419999
G1 F1294
G1 X132.653 Y125.21 E.00122
G1 X135.685 Y125.21 E.04062
G1 X135.685 Y127.164 E.02618
G1 X135.685 Y134.79 E.10217
G1 X132.653 Y134.79 E.04062
G1 X132.49 Y134.872 E.00244
G1 X131.827 Y135.778 E.01504
G1 X131.069 Y136.584 E.01482
G1 X130.219 Y137.291 E.01481
G1 X129.289 Y137.889 E.01481
G1 X128.292 Y138.369 E.01483
G1 X127.245 Y138.723 E.01481
G1 X126.162 Y138.947 E.01482
G1 X125.06 Y139.038 E.01482
G1 X123.955 Y138.993 E.01482
G1 X122.864 Y138.813 E.01482
G1 X121.803 Y138.502 E.01481
G1 X120.788 Y138.063 E.01482
G1 X119.834 Y137.504 E.01481
G1 X118.956 Y136.832 E.01481
G1 X118.166 Y136.058 E.01482
G1 X117.476 Y135.194 E.01481
G1 X116.897 Y134.251 E.01483
G1 X116.438 Y133.245 E.01482
G1 X116.105 Y132.191 E.01481
G1 X115.903 Y131.104 E.01481
G1 X115.835 Y130 E.01482
G1 X115.903 Y128.896 E.01482
G1 X116.105 Y127.809 E.01481
G1 X116.438 Y126.755 E.01481
G1 X116.897 Y125.749 E.01482
G1 X117.476 Y124.806 E.01483
G1 X118.166 Y123.942 E.01481
G1 X118.956 Y123.168 E.01482
G1 X119.834 Y122.496 E.01481
G1 X120.788 Y121.937 E.01481
G1 X121.803 Y121.498 E.01482
G1 X122.864 Y121.187 E.01481
G1 X123.955 Y121.007 E.01482
G1 X125.06 Y120.962 E.01482
G1 X126.162 Y121.053 E.01482
G1 X127.245 Y121.277 E.01482
G1 X128.292 Y121.631 E.01481
G1 X129.289 Y122.111 E.01483
G1 X130.219 Y122.709 E.01481
G1 X131.069 Y123.416 E.01481
G1 X131.827 Y124.222 E.01482
G1 X132.49 Y125.128 E.01504
G1 X132.518 Y125.142 E.00042
G1 E-3.5 F3600
;WIPE_START
G1 F7200
G1 X132.572 Y125.169 E-.02868
G1 X132.653 Y125.21 E-.04312
G1 X135.66 Y125.21 E-1.4282
;WIPE_END
G1 X133.67 Y128.867 F9000
G1 E5 F2400
;TYPE:Internal infill
;WIDTH:0.44
G1 F1294
G1 X133.67 Y126.371 E.0351
G1 X133.629 Y126.371 E.00058
G1 X132.878 Y127.122 E.01494
G1 X133.125 Y127.875 E.01114
G1 X133.331 Y128.955 E.01546
G1 X133.393 Y129.9 E.01332
G1 X133.316 Y131.165 E.01782
G1 X133.125 Y132.125 E.01377
G1 X132.878 Y132.878 E.01114
G1 X133.629 Y133.629 E.01494
G1 X133.67 Y133.629 E.00058
G1 X133.67 Y131.133 E.0351
G1 E-3.5 F3600
;WIPE_START
G1 F7200
G1 X133.67 Y133.629 E-1.1856
G1 X133.629 Y133.629 E-.01948
G1 X133.19 Y133.19 E-.29492
;WIPE_END
G1 X134.095 Y133.627 F9000
G1 E5 F2400
;TYPE:Solid infill
;WIDTH:0.444462
G1 F1294
G1 X134.095 Y126.373 E.10309
G1 X134.522 Y126.373 E.00607
G1 X134.522 Y133.627 E.10309
G1 X134.306 Y133.627 E.00307
G1 E-3.5 F3600
;WIPE_START
G1 F7200
G1 X134.522 Y133.627 E-.1026
G1 X134.522 Y130.685 E-1.3974
;WIPE_END
G1 X141.9 Y133.954 F9000
G1 E5 F2400
;TYPE:Perimeter
;WIDTH:0.439999
G1 F1294
G1 X141.9 Y126.046 E.11121
G1 X143.329 Y126.046 E.0201
G1 X143.329 Y126.76 E.01004
G1 X143.329 Y133.954 E.10117
G1 X141.96 Y133.954 E.01925
G1 X141.477 Y134.377 F9000
G1 F1294
G1 X141.477 Y125.623 E.12311
G1 X143.752 Y125.623 E.03199
G1 X143.752 Y126.76 E.01599
G1 X143.752 Y134.377 E.10712
G1 X141.537 Y134.377 E.03115
G1 X141.065 Y134.79 F9000
;TYPE:External perimeter
;WIDTH:0.419999
G1 F1294
G1 X141.065 Y125.21 E.12835
G1 X144.165 Y125.21 E.04153
G1 X144.165 Y126.76 E.02077
G1 X144.165 Y134.79 E.10759
G1 X141.125 Y134.79 E.04073
G1 X142.226 Y133.629 F9000
;TYPE:Solid infill
;WIDTH:0.439999
G1 F1294
G1 X142.226 Y126.371 E.10207
G1 X143.004 Y126.371 E.01094
G1 X143.004 Y133.629 E.10207
G1 X142.437 Y133.629 E.00797
G1 X142.615 Y133.24 E.00602
;WIDTH:0.372264
G1 X142.615 Y126.76 E.07653
;LAYER_CHANGE
;Z:3
;HEIGHT:0.0799999
;BEFORE_LAYER_CHANGE
G92 E0
;3


G1 E-3.5 F3600
;WIPE_START
G1 F7200
G1 X142.615 Y129.918 E-1.5
;WIPE_END
G1 Z3 F9000
;AFTER_LAYER_CHANGE
;3
G1 X131.327 Y134.303
G1 E5 F2400
;TYPE:Perimeter
;WIDTH:0.439999
G1 F1281
G1 X131.065 Y134.699 E.00668
G1 X130.399 Y135.467 E.0143
G1 X129.638 Y136.141 E.0143
G1 X128.796 Y136.71 E.01429
G1 X127.886 Y137.165 E.01431
G1 X126.925 Y137.496 E.01429
G1 X125.959 Y137.694 E.01387
G1 X125.089 Y137.769 E.01228
G1 X124.065 Y137.719 E.01442
G1 X122.825 Y137.496 E.01772
G1 X121.938 Y137.195 E.01317
G1 X121.363 Y136.918 E.00898
G1 X120.954 Y136.71 E.00645
G1 X120.176 Y136.19 E.01316
G1 X119.408 Y135.524 E.0143
G1 X118.734 Y134.763 E.0143
G1 X118.165 Y133.921 E.01429
G1 X117.71 Y133.011 E.01431
G1 X117.379 Y132.05 E.01429
G1 X117.175 Y131.054 E.0143
G1 X117.106 Y130.214 E.01185
G1 X117.164 Y129.032 E.01664
G1 X117.344 Y128.097 E.01339
G1 X117.634 Y127.196 E.01331
G1 X118.032 Y126.338 E.0133
G1 X118.529 Y125.534 E.01329
G1 X118.734 Y125.237 E.00508
G1 X119.351 Y124.533 E.01316
G1 X119.797 Y124.135 E.00841
G1 X120.176 Y123.81 E.00702
G1 X120.954 Y123.29 E.01316
G1 X121.864 Y122.835 E.01431
G1 X122.825 Y122.504 E.01429
G1 X123.821 Y122.3 E.0143
G1 X124.661 Y122.231 E.01185
G1 X125.843 Y122.289 E.01664
G1 X126.848 Y122.483 E.01439
G1 X127.812 Y122.805 E.01429
G1 X128.688 Y123.231 E.0137
G1 X129.481 Y123.748 E.01331
G1 X130.205 Y124.356 E.0133
G1 X130.85 Y125.048 E.0133
G1 X131.065 Y125.301 E.00467
G1 X131.585 Y126.079 E.01316
G1 X131.935 Y126.777 E.01098
G1 X132.252 Y127.6 E.0124
G1 X132.392 Y128.027 E.00632
G1 X132.575 Y128.946 E.01318
G1 X132.645 Y129.866 E.01298
G1 X132.586 Y130.968 E.01552
G1 X132.392 Y131.973 E.01439
G1 X132.07 Y132.937 E.01429
G1 X131.625 Y133.851 E.0143
G1 X131.36 Y134.253 E.00677
G1 X130.985 Y134.075 F9000
;TYPE:External perimeter
;WIDTH:0.419999
G1 F1281
G1 X130.722 Y134.47 E.00636
G1 X130.088 Y135.195 E.0129
G1 X129.366 Y135.831 E.01289
G1 X128.566 Y136.367 E.0129
G1 X127.704 Y136.794 E.01289
G1 X126.793 Y137.105 E.0129
G1 X125.878 Y137.289 E.0125
G1 X125.057 Y137.357 E.01104
G1 X124.087 Y137.307 E.01301
G1 X123.217 Y137.159 E.01182
G1 X122.046 Y136.794 E.01643
G1 X121.207 Y136.38 E.01254
G1 X120.384 Y135.831 E.01325
G1 X119.68 Y135.213 E.01255
G1 X119.044 Y134.491 E.01289
G1 X118.508 Y133.691 E.0129
G1 X118.081 Y132.829 E.01289
G1 X117.77 Y131.918 E.0129
G1 X117.58 Y130.974 E.0129
G1 X117.518 Y130.182 E.01064
G1 X117.577 Y129.055 E.01512
G1 X117.749 Y128.178 E.01197
G1 X118.025 Y127.329 E.01196
G1 X118.402 Y126.52 E.01196
G1 X119.044 Y125.509 E.01605
G1 X119.662 Y124.805 E.01255
G1 X120.069 Y124.446 E.00727
G1 X120.405 Y124.153 E.00597
G1 X121.184 Y123.633 E.01255
G1 X122.046 Y123.206 E.01289
G1 X122.957 Y122.895 E.0129
G1 X123.901 Y122.705 E.0129
G1 X124.693 Y122.643 E.01064
G1 X125.82 Y122.702 E.01512
G1 X126.767 Y122.888 E.01293
G1 X127.679 Y123.196 E.0129
G1 X128.505 Y123.601 E.01233
G1 X129.251 Y124.091 E.01196
G1 X129.933 Y124.667 E.01196
G1 X130.54 Y125.32 E.01195
G1 X130.722 Y125.53 E.00372
G1 X131.242 Y126.309 E.01255
G1 X131.565 Y126.96 E.00974
G1 X131.862 Y127.732 E.01108
G1 X131.987 Y128.108 E.00531
G1 X132.17 Y129.026 E.01254
G1 X132.233 Y129.844 E.01099
G1 X132.173 Y130.945 E.01477
G1 X131.987 Y131.892 E.01293
G1 X131.679 Y132.804 E.0129
G1 X131.255 Y133.668 E.01289
G1 X131.018 Y134.025 E.00574
G1 E-3.5 F3600
;WIPE_START
G1 F7200
G1 X130.985 Y134.075 E-.02846
G1 X130.722 Y134.47 E-.22541
G1 X130.088 Y135.195 E-.45748
G1 X129.366 Y135.831 E-.45703
G1 X128.786 Y136.22 E-.33162
;WIPE_END
G1 X134.742 Y130.54 F9000
G1 E5 F2400
;TYPE:Perimeter
;WIDTH:0.439999
G1 F1281
G1 X134.742 Y133.954 E.04801
G1 X132.653 Y133.954 E.02938
;WIDTH:0.481342
G1 X132.083 Y134.1 E.00908
;WIDTH:0.50483
G1 X131.964 Y134.173 E.00226
G1 X132.023 Y134.047 E.00226
;WIDTH:0.481342
G1 X132.471 Y133.073 E.01655
;WIDTH:0.439999
G1 X132.807 Y132.055 E.01508
G1 X133.008 Y130.99 E.01524
G1 X133.066 Y129.753 E.01742
G1 X132.989 Y128.863 E.01256
G1 X132.772 Y127.814 E.01506
G1 X132.471 Y126.927 E.01317
G1 X132.314 Y126.59 E.00523
;WIDTH:0.478578
G1 X131.889 Y125.738 E.01461
G1 X132.09 Y125.888 E.00385
;WIDTH:0.453461
G1 X132.653 Y126.046 E.00849
;WIDTH:0.439999
G1 X134.742 Y126.046 E.02938
G1 X134.742 Y127.119 E.01509
G1 X134.742 Y130.48 E.04727
G1 E-3.5 F3600
;WIPE_START
G1 F7200
G1 X134.742 Y130.54 E-.0285
G1 X134.742 Y133.638 E-1.4715
;WIPE_END
G1 X131.964 Y134.173 F9000
G1 E5 F2400
;WIDTH:0.50483
G1 F1281
G1 X131.689 Y134.553 E.00761
;WIDTH:0.469449
G1 X131.414 Y134.932 E.00704
;WIDTH:0.435336
G1 X130.715 Y135.744 E.0149
;WIDTH:0.437196
G1 X129.916 Y136.458 E.01497
;WIDTH:0.439642
G1 X129.03 Y137.062 E.01507
;WIDTH:0.442684
G1 X128.074 Y137.545 E.01516
;WIDTH:0.44631
G1 X127.062 Y137.9 E.01531
;WIDTH:0.450298
G1 X126.042 Y138.114 E.01501
G1 X125.122 Y138.192 E.0133
;WIDTH:0.45848
G1 X124.041 Y138.151 E.01588
;WIDTH:0.458798
G1 X123.052 Y137.988 E.01472
;WIDTH:0.46045
G1 X122.091 Y137.705 E.01477
;WIDTH:0.461508
G1 X121.171 Y137.307 E.01481
G1 X120.721 Y137.059 E.00759
;WIDTH:0.433446
G1 X119.943 Y136.539 E.01296
;WIDTH:0.461854
G1 X119.511 Y136.191 E.0082
G1 X119.132 Y135.839 E.00765
;WIDTH:0.433724
G1 X118.418 Y135.04 E.01485
;WIDTH:0.434748
G1 X117.815 Y134.154 E.01489
;WIDTH:0.436364
G1 X117.333 Y133.197 E.01494
;WIDTH:0.43857
G1 X116.979 Y132.186 E.01501
;WIDTH:0.441368
G1 X116.76 Y131.137 E.01512
G1 X116.686 Y130.247 E.0126
;WIDTH:0.448768
G1 X116.738 Y129.009 E.01779
;WIDTH:0.452388
G1 X116.923 Y128.013 E.01466
;WIDTH:0.455468
G1 X117.227 Y127.058 E.01461
;WIDTH:0.457948
G1 X117.644 Y126.147 E.01469
;WIDTH:0.459842
G1 X118.17 Y125.293 E.01477
;WIDTH:0.461146
G1 X118.795 Y124.51 E.01479
;WIDTH:0.461856
G1 X119.511 Y123.809 E.01482
G1 X119.943 Y123.461 E.0082
;WIDTH:0.433448
G1 X120.721 Y122.941 E.01296
;WIDTH:0.461508
G1 X121.171 Y122.693 E.00759
G1 X121.678 Y122.459 E.00825
;WIDTH:0.434254
G1 X122.69 Y122.106 E.01487
;WIDTH:0.43563
G1 X123.739 Y121.888 E.01491
G1 X124.628 Y121.813 E.01242
;WIDTH:0.44043
G1 X125.865 Y121.867 E.01743
;WIDTH:0.443286
G1 X126.93 Y122.067 E.01536
;WIDTH:0.447024
G1 X127.949 Y122.401 E.01533
;WIDTH:0.450952
G1 X128.877 Y122.847 E.01485
;WIDTH:0.45427
G1 X129.72 Y123.39 E.01458
;WIDTH:0.456998
G1 X130.49 Y124.032 E.01467
;WIDTH:0.459132
G1 X131.175 Y124.763 E.01473
;WIDTH:0.463666
G1 X131.807 Y125.628 E.01591
;WIDTH:0.478578
G1 X131.889 Y125.738 E.00211
G1 X132.391 Y125.527 F9000
;WIDTH:0.439999
G1 F1281
G1 X132.653 Y125.623 E.00392
G1 X135.165 Y125.623 E.03533
G1 X135.165 Y127.119 E.02104
G1 X135.165 Y134.377 E.10207
G1 X132.653 Y134.377 E.03533
G1 X132.322 Y134.474 E.00485
G1 X132.157 Y134.628 E.00317
G1 X131.509 Y135.514 E.01544
G1 X130.786 Y136.283 E.01484
G1 X129.974 Y136.957 E.01484
G1 X129.087 Y137.528 E.01484
G1 X128.136 Y137.986 E.01484
G1 X127.137 Y138.324 E.01483
G1 X126.103 Y138.538 E.01485
G1 X125.052 Y138.624 E.01483
G1 X123.997 Y138.581 E.01485
G1 X122.956 Y138.41 E.01484
G1 X121.944 Y138.113 E.01483
G1 X120.975 Y137.694 E.01485
G1 X120.065 Y137.16 E.01484
G1 X119.226 Y136.519 E.01485
G1 X118.473 Y135.781 E.01483
G1 X117.815 Y134.956 E.01484
G1 X117.262 Y134.057 E.01484
G1 X116.824 Y133.097 E.01484
G1 X116.506 Y132.091 E.01484
G1 X116.314 Y131.053 E.01485
G1 X116.249 Y130 E.01484
G1 X116.314 Y128.947 E.01484
G1 X116.506 Y127.909 E.01485
G1 X116.824 Y126.903 E.01484
G1 X117.262 Y125.943 E.01484
G1 X117.815 Y125.044 E.01484
G1 X118.473 Y124.219 E.01484
G1 X119.226 Y123.481 E.01483
G1 X120.065 Y122.84 E.01485
G1 X120.975 Y122.306 E.01484
G1 X121.944 Y121.887 E.01485
G1 X122.956 Y121.59 E.01483
G1 X123.997 Y121.419 E.01484
G1 X125.052 Y121.376 E.01485
G1 X126.103 Y121.462 E.01483
G1 X127.137 Y121.676 E.01485
G1 X128.136 Y122.014 E.01483
G1 X129.087 Y122.472 E.01484
G1 X129.974 Y123.043 E.01484
G1 X130.786 Y123.717 E.01484
G1 X131.49 Y124.467 E.01447
G1 X132.257 Y125.478 E.01785
G1 X132.334 Y125.506 E.00115
G1 X132.572 Y125.169 F9000
;TYPE:External perimeter
;WIDTH:0.419999
G1 F1281
G1 X132.653 Y125.21 E.00122
G1 X135.578 Y125.21 E.03919
G1 X135.578 Y127.119 E.02558
G1 X135.578 Y134.79 E.10278
G1 X132.653 Y134.79 E.03919
G1 X132.49 Y134.872 E.00244
G1 X131.827 Y135.778 E.01504
G1 X131.069 Y136.584 E.01482
G1 X130.219 Y137.291 E.01481
G1 X129.289 Y137.889 E.01481
G1 X128.292 Y138.369 E.01483
G1 X127.245 Y138.723 E.01481
G1 X126.162 Y138.947 E.01482
G1 X125.06 Y139.038 E.01482
G1 X123.955 Y138.993 E.01482
G1 X122.864 Y138.813 E.01482
G1 X121.803 Y138.502 E.01481
G1 X120.788 Y138.063 E.01482
G1 X119.834 Y137.504 E.01481
G1 X118.956 Y136.832 E.01481
G1 X118.166 Y136.058 E.01482
G1 X117.476 Y135.194 E.01481
G1 X116.897 Y134.251 E.01483
G1 X116.438 Y133.245 E.01482
G1 X116.105 Y132.191 E.01481
G1 X115.903 Y131.104 E.01481
G1 X115.835 Y130 E.01482
G1 X115.903 Y128.896 E.01482
G1 X116.105 Y127.809 E.01481
G1 X116.438 Y126.755 E.01481
G1 X116.897 Y125.749 E.01482
G1 X117.476 Y124.806 E.01483
G1 X118.166 Y123.942 E.01481
G1 X118.956 Y123.168 E.01482
G1 X119.834 Y122.496 E.01481
G1 X120.788 Y121.937 E.01481
G1 X121.803 Y121.498 E.01482
G1 X122.864 Y121.187 E.01481
G1 X123.955 Y121.007 E.01482
G1 X125.06 Y120.962 E.01482
G1 X126.162 Y121.053 E.01482
G1 X127.245 Y121.277 E.01482
G1 X128.292 Y121.631 E.01481
G1 X129.289 Y122.111 E.01483
G1 X130.219 Y122.709 E.01481
G1 X131.069 Y123.416 E.01481
G1 X131.827 Y124.222 E.01482
G1 X132.49 Y125.128 E.01504
G1 X132.518 Y125.142 E.00042
G1 E-3.5 F3600
;WIPE_START
G1 F7200
G1 X132.572 Y125.169 E-.02868
G1 X132.653 Y125.21 E-.04312
G1 X135.578 Y125.21 E-1.38938
G1 X135.578 Y125.292 E-.03882
;WIPE_END
G1 X134.429 Y126.359 F9000
G1 E5 F2400
;TYPE:Solid infill
;WIDTH:0.41609
G1 F1281
G1 X134.429 Y133.641 E.09662
G1 X134.03 Y133.641 E.00529
G1 X134.03 Y126.359 E.09662
G1 X134.217 Y126.359 E.00248
G1 E-3.5 F3600
;WIPE_START
G1 F7200
G1 X134.03 Y126.359 E-.08883
G1 X134.03 Y129.33 E-1.41117
;WIPE_END
G1 X133.619 Y128.918 F9000
G1 E5 F2400
;TYPE:Internal infill
;WIDTH:0.44
G1 F1281
G1 X133.619 Y126.381 E.03568
G1 X132.878 Y127.122 E.01474
G1 X133.125 Y127.875 E.01114
G1 X133.331 Y128.955 E.01546
G1 X133.393 Y129.9 E.01332
G1 X133.316 Y131.165 E.01782
G1 X133.125 Y132.125 E.01377
G1 X132.878 Y132.878 E.01114
G1 X133.619 Y133.619 E.01474
G1 X133.619 Y131.082 E.03568
G1 E-3.5 F3600
;WIPE_START
G1 F7200
G1 X133.619 Y133.619 E-1.20508
G1 X133.18 Y133.18 E-.29492
;WIPE_END
G1 X142.008 Y133.954 F9000
G1 E5 F2400
;TYPE:Perimeter
;WIDTH:0.439999
G1 F1281
G1 X142.008 Y126.046 E.11121
G1 X143.329 Y126.046 E.01858
G1 X143.329 Y126.706 E.00928
G1 X143.329 Y133.954 E.10193
G1 X142.068 Y133.954 E.01773
G1 X141.585 Y134.377 F9000
G1 F1281
G1 X141.585 Y125.623 E.12311
G1 X143.752 Y125.623 E.03048
G1 X143.752 Y126.706 E.01523
G1 X143.752 Y134.377 E.10788
G1 X141.645 Y134.377 E.02963
G1 X141.172 Y134.79 F9000
;TYPE:External perimeter
;WIDTH:0.419999
G1 F1281
G1 X141.172 Y125.21 E.12835
G1 X144.165 Y125.21 E.0401
G1 X144.165 Y126.706 E.02004
G1 X144.165 Y134.79 E.10831
G1 X141.232 Y134.79 E.0393
G1 E-3.5 F3600
;WIPE_START
G1 F7200
G1 X141.172 Y134.79 E-.0285
G1 X141.172 Y131.692 E-1.4715
;WIPE_END
G1 X142.942 Y126.433 F9000
G1 E5 F2400
;TYPE:Solid infill
;WIDTH:0.563786
G1 F1281
G1 X142.942 Y133.567 E.1297
G1 X142.395 Y133.567 E.00994
G1 X142.395 Y126.433 E.1297
G1 X142.73 Y126.433 E.00609
;LAYER_CHANGE
;Z:3.08
;HEIGHT:0.0799999
;BEFORE_LAYER_CHANGE
G92 E0
;3.08


G1 E-3.5 F3600
;WIPE_START
G1 F7200
G1 X142.395 Y126.433 E-.15912
G1 X142.395 Y129.256 E-1.34088
;WIPE_END
G1 Z3.08 F9000
;AFTER_LAYER_CHANGE
;3.08
G1 X131.329 Y125.695
G1 E5 F2400
;TYPE:Perimeter
;WIDTH:0.439999
G1 F1244
G1 X131.585 Y126.079 E.00649
G1 X131.935 Y126.777 E.01098
G1 X132.234 Y127.544 E.01158
G1 X132.392 Y128.027 E.00715
G1 X132.575 Y128.946 E.01318
G1 X132.645 Y129.866 E.01298
G1 X132.586 Y130.968 E.01552
G1 X132.392 Y131.973 E.01439
G1 X132.07 Y132.937 E.01429
G1 X131.625 Y133.851 E.0143
G1 X131.065 Y134.699 E.01429
G1 X130.399 Y135.467 E.0143
G1 X129.638 Y136.141 E.0143
G1 X128.796 Y136.71 E.01429
G1 X127.886 Y137.165 E.01431
G1 X126.925 Y137.496 E.01429
G1 X125.959 Y137.694 E.01387
G1 X125.089 Y137.769 E.01228
G1 X124.065 Y137.719 E.01442
G1 X122.825 Y137.496 E.01772
G1 X121.938 Y137.195 E.01317
G1 X121.363 Y136.918 E.00898
G1 X120.954 Y136.71 E.00645
G1 X120.176 Y136.19 E.01316
G1 X119.408 Y135.524 E.0143
G1 X118.734 Y134.763 E.0143
G1 X118.165 Y133.921 E.01429
G1 X117.71 Y133.011 E.01431
G1 X117.379 Y132.05 E.01429
G1 X117.175 Y131.054 E.0143
G1 X117.106 Y130.214 E.01185
G1 X117.164 Y129.032 E.01664
G1 X117.344 Y128.097 E.01339
G1 X117.634 Y127.196 E.01331
G1 X118.032 Y126.338 E.0133
G1 X118.529 Y125.534 E.01329
G1 X118.734 Y125.237 E.00508
G1 X119.351 Y124.533 E.01316
G1 X119.797 Y124.135 E.00841
G1 X120.176 Y123.81 E.00702
G1 X120.954 Y123.29 E.01316
G1 X121.864 Y122.835 E.01431
G1 X122.825 Y122.504 E.01429
G1 X123.821 Y122.3 E.0143
G1 X124.661 Y122.231 E.01185
G1 X125.843 Y122.289 E.01664
G1 X126.848 Y122.483 E.01439
G1 X127.812 Y122.805 E.01429
G1 X128.688 Y123.231 E.0137
G1 X129.481 Y123.748 E.01331
G1 X130.205 Y124.356 E.0133
G1 X130.85 Y125.048 E.0133
G1 X131.065 Y125.301 E.00467
G1 X131.295 Y125.645 E.00582
G1 X130.985 Y125.925 F9000
;TYPE:External perimeter
;WIDTH:0.419999
G1 F1244
G1 X131.242 Y126.309 E.00619
G1 X131.565 Y126.96 E.00974
G1 X131.843 Y127.677 E.0103
G1 X131.987 Y128.108 E.00609
G1 X132.17 Y129.026 E.01254
G1 X132.233 Y129.844 E.01099
G1 X132.173 Y130.945 E.01477
G1 X131.987 Y131.892 E.01293
G1 X131.679 Y132.804 E.0129
G1 X131.255 Y133.668 E.01289
G1 X130.722 Y134.47 E.0129
G1 X130.088 Y135.195 E.0129
G1 X129.366 Y135.831 E.01289
G1 X128.566 Y136.367 E.0129
G1 X127.704 Y136.794 E.01289
G1 X126.793 Y137.105 E.0129
G1 X125.878 Y137.289 E.0125
G1 X125.057 Y137.357 E.01104
G1 X124.087 Y137.307 E.01301
G1 X123.217 Y137.159 E.01182
G1 X122.046 Y136.794 E.01643
G1 X121.207 Y136.38 E.01254
G1 X120.384 Y135.831 E.01325
G1 X119.68 Y135.213 E.01255
G1 X119.044 Y134.491 E.01289
G1 X118.508 Y133.691 E.0129
G1 X118.081 Y132.829 E.01289
G1 X117.77 Y131.918 E.0129
G1 X117.58 Y130.974 E.0129
G1 X117.518 Y130.182 E.01064
G1 X117.577 Y129.055 E.01512
G1 X117.749 Y128.178 E.01197
G1 X118.025 Y127.329 E.01196
G1 X118.402 Y126.52 E.01196
G1 X119.044 Y125.509 E.01605
G1 X119.662 Y124.805 E.01255
G1 X120.069 Y124.446 E.00727
G1 X120.405 Y124.153 E.00597
G1 X121.184 Y123.633 E.01255
G1 X122.046 Y123.206 E.01289
G1 X122.957 Y122.895 E.0129
G1 X123.901 Y122.705 E.0129
G1 X124.693 Y122.643 E.01064
G1 X125.82 Y122.702 E.01512
G1 X126.767 Y122.888 E.01293
G1 X127.679 Y123.196 E.0129
G1 X128.505 Y123.601 E.01233
G1 X129.251 Y124.091 E.01196
G1 X129.933 Y124.667 E.01196
G1 X130.54 Y125.32 E.01195
G1 X130.722 Y125.53 E.00372
G1 X130.952 Y125.875 E.00556
G1 E-3.5 F3600
;WIPE_START
G1 F7200
G1 X130.985 Y125.925 E-.02846
G1 X131.242 Y126.309 E-.21948
G1 X131.565 Y126.96 E-.34519
G1 X131.843 Y127.677 E-.36528
G1 X131.987 Y128.108 E-.21585
G1 X132.121 Y128.781 E-.32574
;WIPE_END
G1 X134.642 Y129.6 F9000
G1 E5 F2400
;TYPE:Perimeter
;WIDTH:0.439999
G1 F1244
G1 X134.642 Y133.954 E.06123
G1 X132.653 Y133.954 E.02797
;WIDTH:0.481342
G1 X132.083 Y134.1 E.00908
;WIDTH:0.50483
G1 X131.964 Y134.173 E.00226
G1 X132.023 Y134.047 E.00226
;WIDTH:0.481342
G1 X132.471 Y133.073 E.01655
;WIDTH:0.439999
G1 X132.807 Y132.055 E.01508
G1 X133.008 Y130.99 E.01524
G1 X133.066 Y129.753 E.01742
G1 X132.989 Y128.863 E.01256
G1 X132.772 Y127.814 E.01506
G1 X132.471 Y126.927 E.01317
G1 X132.314 Y126.59 E.00523
;WIDTH:0.478578
G1 X131.889 Y125.738 E.01461
G1 X132.09 Y125.888 E.00385
;WIDTH:0.453461
G1 X132.653 Y126.046 E.00849
;WIDTH:0.439999
G1 X134.642 Y126.046 E.02797
G1 X134.642 Y127.077 E.0145
G1 X134.642 Y129.54 E.03464
G1 E-3.5 F3600
;WIPE_START
G1 F7200
G1 X134.642 Y129.6 E-.0285
G1 X134.642 Y132.698 E-1.4715
;WIPE_END
G1 X131.964 Y134.173 F9000
G1 E5 F2400
;WIDTH:0.50483
G1 F1244
G1 X131.689 Y134.553 E.00761
;WIDTH:0.469449
G1 X131.414 Y134.932 E.00704
;WIDTH:0.435336
G1 X130.715 Y135.744 E.0149
;WIDTH:0.437194
G1 X129.916 Y136.458 E.01497
;WIDTH:0.43964
G1 X129.03 Y137.062 E.01507
;WIDTH:0.442684
G1 X128.074 Y137.545 E.01516
;WIDTH:0.446308
G1 X127.062 Y137.9 E.01531
;WIDTH:0.450298
G1 X126.042 Y138.114 E.01501
G1 X125.122 Y138.192 E.0133
;WIDTH:0.45848
G1 X124.041 Y138.151 E.01588
;WIDTH:0.458798
G1 X123.052 Y137.988 E.01472
;WIDTH:0.46045
G1 X122.091 Y137.705 E.01477
;WIDTH:0.461508
G1 X121.171 Y137.307 E.01481
G1 X120.721 Y137.059 E.00759
;WIDTH:0.433446
G1 X119.943 Y136.539 E.01296
;WIDTH:0.461856
G1 X119.511 Y136.191 E.0082
G1 X119.132 Y135.839 E.00765
;WIDTH:0.433724
G1 X118.418 Y135.04 E.01485
;WIDTH:0.434748
G1 X117.815 Y134.154 E.01489
;WIDTH:0.436364
G1 X117.333 Y133.197 E.01494
;WIDTH:0.43857
G1 X116.979 Y132.186 E.01501
;WIDTH:0.44137
G1 X116.76 Y131.137 E.01512
G1 X116.686 Y130.247 E.0126
;WIDTH:0.448768
G1 X116.738 Y129.009 E.01779
;WIDTH:0.452388
G1 X116.923 Y128.013 E.01466
;WIDTH:0.455468
G1 X117.227 Y127.058 E.01461
;WIDTH:0.457948
G1 X117.644 Y126.147 E.01469
;WIDTH:0.459842
G1 X118.17 Y125.293 E.01477
;WIDTH:0.461146
G1 X118.795 Y124.51 E.01479
;WIDTH:0.461854
G1 X119.511 Y123.809 E.01482
G1 X119.943 Y123.461 E.0082
;WIDTH:0.433448
G1 X120.721 Y122.941 E.01296
;WIDTH:0.461508
G1 X121.171 Y122.693 E.00759
G1 X121.678 Y122.459 E.00825
;WIDTH:0.434254
G1 X122.69 Y122.106 E.01487
;WIDTH:0.43563
G1 X123.739 Y121.888 E.01491
G1 X124.628 Y121.813 E.01242
;WIDTH:0.44043
G1 X125.865 Y121.867 E.01743
;WIDTH:0.443286
G1 X126.93 Y122.067 E.01536
;WIDTH:0.447024
G1 X127.949 Y122.401 E.01533
;WIDTH:0.450954
G1 X128.877 Y122.847 E.01486
;WIDTH:0.45427
G1 X129.72 Y123.39 E.01458
;WIDTH:0.456998
G1 X130.49 Y124.032 E.01467
;WIDTH:0.459132
G1 X131.175 Y124.763 E.01473
;WIDTH:0.463666
G1 X131.807 Y125.628 E.01591
;WIDTH:0.478578
G1 X131.889 Y125.738 E.00211
G1 X132.391 Y125.527 F9000
;WIDTH:0.439999
G1 F1244
G1 X132.653 Y125.623 E.00392
G1 X135.065 Y125.623 E.03392
G1 X135.065 Y127.077 E.02045
G1 X135.065 Y134.377 E.10266
G1 X132.653 Y134.377 E.03392
G1 X132.322 Y134.474 E.00485
G1 X132.157 Y134.628 E.00317
G1 X131.509 Y135.514 E.01544
G1 X130.786 Y136.283 E.01484
G1 X129.974 Y136.957 E.01484
G1 X129.087 Y137.528 E.01484
G1 X128.136 Y137.986 E.01484
G1 X127.137 Y138.324 E.01483
G1 X126.103 Y138.538 E.01485
G1 X125.052 Y138.624 E.01483
G1 X123.997 Y138.581 E.01485
G1 X122.956 Y138.41 E.01484
G1 X121.944 Y138.113 E.01483
G1 X120.975 Y137.694 E.01485
G1 X120.065 Y137.16 E.01484
G1 X119.226 Y136.519 E.01485
G1 X118.473 Y135.781 E.01483
G1 X117.815 Y134.956 E.01484
G1 X117.262 Y134.057 E.01484
G1 X116.824 Y133.097 E.01484
G1 X116.506 Y132.091 E.01484
G1 X116.314 Y131.053 E.01485
G1 X116.249 Y130 E.01484
G1 X116.314 Y128.947 E.01484
G1 X116.506 Y127.909 E.01485
G1 X116.824 Y126.903 E.01484
G1 X117.262 Y125.943 E.01484
G1 X117.815 Y125.044 E.01484
G1 X118.473 Y124.219 E.01484
G1 X119.226 Y123.481 E.01483
G1 X120.065 Y122.84 E.01485
G1 X120.975 Y122.306 E.01484
G1 X121.944 Y121.887 E.01485
G1 X122.956 Y121.59 E.01483
G1 X123.997 Y121.419 E.01484
G1 X125.052 Y121.376 E.01485
G1 X126.103 Y121.462 E.01483
G1 X127.137 Y121.676 E.01485
G1 X128.136 Y122.014 E.01483
G1 X129.087 Y122.472 E.01484
G1 X129.974 Y123.043 E.01484
G1 X130.786 Y123.717 E.01484
G1 X131.49 Y124.467 E.01447
G1 X132.257 Y125.478 E.01785
G1 X132.334 Y125.506 E.00115
G1 X132.572 Y125.169 F9000
;TYPE:External perimeter
;WIDTH:0.419999
G1 F1244
G1 X132.653 Y125.21 E.00122
G1 X135.478 Y125.21 E.03785
G1 X135.478 Y127.077 E.02501
G1 X135.478 Y134.79 E.10334
G1 X132.653 Y134.79 E.03785
G1 X132.49 Y134.872 E.00244
G1 X131.827 Y135.778 E.01504
G1 X131.069 Y136.584 E.01482
G1 X130.219 Y137.291 E.01481
G1 X129.289 Y137.889 E.01481
G1 X128.292 Y138.369 E.01483
G1 X127.245 Y138.723 E.01481
G1 X126.162 Y138.947 E.01482
G1 X125.06 Y139.038 E.01482
G1 X123.955 Y138.993 E.01482
G1 X122.864 Y138.813 E.01482
G1 X121.803 Y138.502 E.01481
G1 X120.788 Y138.063 E.01482
G1 X119.834 Y137.504 E.01481
G1 X118.956 Y136.832 E.01481
G1 X118.166 Y136.058 E.01482
G1 X117.476 Y135.194 E.01481
G1 X116.897 Y134.251 E.01483
G1 X116.438 Y133.245 E.01482
G1 X116.105 Y132.191 E.01481
G1 X115.903 Y131.104 E.01481
G1 X115.835 Y130 E.01482
G1 X115.903 Y128.896 E.01482
G1 X116.105 Y127.809 E.01481
G1 X116.438 Y126.755 E.01481
G1 X116.897 Y125.749 E.01482
G1 X117.476 Y124.806 E.01483
G1 X118.166 Y123.942 E.01481
G1 X118.956 Y123.168 E.01482
G1 X119.834 Y122.496 E.01481
G1 X120.788 Y121.937 E.01481
G1 X121.803 Y121.498 E.01482
G1 X122.864 Y121.187 E.01481
G1 X123.955 Y121.007 E.01482
G1 X125.06 Y120.962 E.01482
G1 X126.162 Y121.053 E.01482
G1 X127.245 Y121.277 E.01482
G1 X128.292 Y121.631 E.01481
G1 X129.289 Y122.111 E.01483
G1 X130.219 Y122.709 E.01481
G1 X131.069 Y123.416 E.01481
G1 X131.827 Y124.222 E.01482
G1 X132.49 Y125.128 E.01504
G1 X132.518 Y125.142 E.00042
G1 X133.967 Y126.347 F9000
;TYPE:Solid infill
;WIDTH:0.391437
G1 F1244
G1 X134.341 Y126.347 E.00466
G1 X134.341 Y133.653 E.09095
G1 X133.967 Y133.653 E.00466
G1 X133.967 Y126.558 E.08832
G1 E-3.5 F3600
;WIPE_START
G1 F7200
G1 X133.967 Y129.716 E-1.5
;WIPE_END
G1 X133.568 Y128.969 F9000
G1 E5 F2400
;TYPE:Internal infill
;WIDTH:0.44
G1 F1244
G1 X133.568 Y126.432 E.03568
G1 X132.878 Y127.122 E.01372
G1 X133.125 Y127.875 E.01114
G1 X133.331 Y128.955 E.01546
G1 X133.393 Y129.9 E.01332
G1 X133.316 Y131.165 E.01782
G1 X133.125 Y132.125 E.01377
G1 X132.878 Y132.878 E.01114
G1 X133.568 Y133.568 E.01372
G1 X133.568 Y131.031 E.03568
G1 E-3.5 F3600
;WIPE_START
G1 F7200
G1 X133.568 Y133.568 E-1.20508
G1 X133.129 Y133.129 E-.29492
;WIPE_END
G1 X142.108 Y133.954 F9000
G1 E5 F2400
;TYPE:Perimeter
;WIDTH:0.439999
G1 F1244
G1 X142.108 Y126.046 E.11121
G1 X143.329 Y126.046 E.01717
G1 X143.329 Y126.656 E.00858
G1 X143.329 Y133.954 E.10263
G1 X142.168 Y133.954 E.01633
G1 X141.685 Y134.377 F9000
G1 F1244
G1 X141.685 Y125.623 E.12311
G1 X143.752 Y125.623 E.02907
G1 X143.752 Y126.656 E.01453
G1 X143.752 Y134.377 E.10858
G1 X141.745 Y134.377 E.02823
G1 X141.272 Y134.79 F9000
;TYPE:External perimeter
;WIDTH:0.419999
G1 F1244
G1 X141.272 Y125.21 E.12835
G1 X144.165 Y125.21 E.03876
G1 X144.165 Y126.656 E.01937
G1 X144.165 Y134.79 E.10898
G1 X141.332 Y134.79 E.03796
G1 X142.47 Y133.592 F9000
;TYPE:Solid infill
;WIDTH:0.51374
G1 F1244
G1 X142.47 Y126.408 E.11865
G1 X142.967 Y126.408 E.00821
G1 X142.967 Y133.592 E.11865
G1 X142.682 Y133.592 E.00471
;LAYER_CHANGE
;Z:3.16
;HEIGHT:0.0800002
;BEFORE_LAYER_CHANGE
G92 E0
;3.16


G1 E-3.5 F3600
;WIPE_START
G1 F7200
G1 X142.967 Y133.592 E-.13537
G1 X142.967 Y130.719 E-1.36463
;WIPE_END
G1 Z3.16 F9000
;AFTER_LAYER_CHANGE
;3.16
G1 X131.336 Y125.706
G1 E5 F2400
;TYPE:Perimeter
;WIDTH:0.439999
G1 F1271
G1 X131.585 Y126.079 E.00631
G1 X131.935 Y126.777 E.01098
G1 X132.22 Y127.503 E.01097
G1 X132.392 Y128.027 E.00776
G1 X132.575 Y128.946 E.01318
G1 X132.645 Y129.866 E.01298
G1 X132.586 Y130.968 E.01552
G1 X132.392 Y131.973 E.01439
G1 X132.04 Y133.011 E.01541
G1 X131.625 Y133.851 E.01318
G1 X131.065 Y134.699 E.01429
G1 X130.399 Y135.467 E.0143
G1 X129.638 Y136.141 E.0143
G1 X128.796 Y136.71 E.01429
G1 X127.886 Y137.165 E.01431
G1 X126.925 Y137.496 E.01429
G1 X125.959 Y137.694 E.01387
G1 X125.089 Y137.769 E.01228
G1 X124.065 Y137.719 E.01442
G1 X122.825 Y137.496 E.01772
G1 X121.938 Y137.195 E.01317
G1 X121.363 Y136.918 E.00898
G1 X120.954 Y136.71 E.00645
G1 X120.176 Y136.19 E.01316
G1 X119.408 Y135.524 E.0143
G1 X118.734 Y134.763 E.0143
G1 X118.165 Y133.921 E.01429
G1 X117.71 Y133.011 E.01431
G1 X117.379 Y132.05 E.01429
G1 X117.175 Y131.054 E.0143
G1 X117.106 Y130.214 E.01185
G1 X117.164 Y129.032 E.01664
G1 X117.344 Y128.097 E.01339
G1 X117.634 Y127.196 E.01331
G1 X118.032 Y126.338 E.0133
G1 X118.529 Y125.534 E.01329
G1 X118.734 Y125.237 E.00508
G1 X119.351 Y124.533 E.01316
G1 X119.797 Y124.135 E.00841
G1 X120.176 Y123.81 E.00702
G1 X120.954 Y123.29 E.01316
G1 X121.864 Y122.835 E.01431
G1 X122.825 Y122.504 E.01429
G1 X123.821 Y122.3 E.0143
G1 X124.661 Y122.231 E.01185
G1 X125.843 Y122.289 E.01664
G1 X126.848 Y122.483 E.01439
G1 X127.812 Y122.805 E.01429
G1 X128.688 Y123.231 E.0137
G1 X129.481 Y123.748 E.01331
G1 X130.205 Y124.356 E.0133
G1 X130.85 Y125.048 E.0133
G1 X131.065 Y125.301 E.00467
G1 X131.302 Y125.656 E.006
G1 X130.992 Y125.935 F9000
;TYPE:External perimeter
;WIDTH:0.419999
G1 F1271
G1 X131.242 Y126.309 E.00603
G1 X131.565 Y126.96 E.00974
G1 X131.829 Y127.636 E.00972
G1 X131.987 Y128.108 E.00667
G1 X132.17 Y129.026 E.01254
G1 X132.233 Y129.844 E.01099
G1 X132.173 Y130.945 E.01477
G1 X131.987 Y131.892 E.01293
G1 X131.679 Y132.804 E.0129
G1 X131.255 Y133.668 E.01289
G1 X130.722 Y134.47 E.0129
G1 X130.088 Y135.195 E.0129
G1 X129.366 Y135.831 E.01289
G1 X128.566 Y136.367 E.0129
G1 X127.704 Y136.794 E.01289
G1 X126.793 Y137.105 E.0129
G1 X125.878 Y137.289 E.0125
G1 X125.057 Y137.357 E.01104
G1 X124.087 Y137.307 E.01301
G1 X123.217 Y137.159 E.01182
G1 X122.046 Y136.794 E.01643
G1 X121.207 Y136.38 E.01254
G1 X120.384 Y135.831 E.01325
G1 X119.68 Y135.213 E.01255
G1 X119.044 Y134.491 E.01289
G1 X118.508 Y133.691 E.0129
G1 X118.081 Y132.829 E.01289
G1 X117.77 Y131.918 E.0129
G1 X117.58 Y130.974 E.0129
G1 X117.518 Y130.182 E.01064
G1 X117.577 Y129.055 E.01512
G1 X117.749 Y128.178 E.01197
G1 X118.025 Y127.329 E.01196
G1 X118.402 Y126.52 E.01196
G1 X119.044 Y125.509 E.01605
G1 X119.662 Y124.805 E.01255
G1 X120.069 Y124.446 E.00727
G1 X120.405 Y124.153 E.00597
G1 X121.184 Y123.633 E.01255
G1 X122.046 Y123.206 E.01289
G1 X122.957 Y122.895 E.0129
G1 X123.901 Y122.705 E.0129
G1 X124.693 Y122.643 E.01064
G1 X125.82 Y122.702 E.01512
G1 X126.767 Y122.888 E.01293
G1 X127.679 Y123.196 E.0129
G1 X128.505 Y123.601 E.01233
G1 X129.251 Y124.091 E.01196
G1 X129.933 Y124.667 E.01196
G1 X130.54 Y125.32 E.01195
G1 X130.722 Y125.53 E.00372
G1 X130.959 Y125.885 E.00572
G1 E-3.5 F3600
;WIPE_START
G1 F7200
G1 X130.992 Y125.935 E-.02846
G1 X131.242 Y126.309 E-.21368
G1 X131.565 Y126.96 E-.34519
G1 X131.829 Y127.636 E-.34472
G1 X131.987 Y128.108 E-.23643
G1 X132.123 Y128.793 E-.33152
;WIPE_END
G1 X134.568 Y129.703 F9000
G1 E5 F2400
;TYPE:Perimeter
;WIDTH:0.439999
G1 F1271
G1 X134.568 Y133.954 E.05978
G1 X132.653 Y133.954 E.02693
;WIDTH:0.481342
G1 X132.083 Y134.1 E.00908
;WIDTH:0.50483
G1 X131.964 Y134.173 E.00226
G1 X132.023 Y134.047 E.00226
;WIDTH:0.481342
G1 X132.419 Y133.198 E.01446
;WIDTH:0.439999
G1 X132.807 Y132.055 E.01698
G1 X133.008 Y130.99 E.01524
G1 X133.066 Y129.753 E.01742
G1 X132.989 Y128.863 E.01256
G1 X132.807 Y127.945 E.01316
G1 X132.62 Y127.368 E.00853
G1 X132.314 Y126.59 E.01176
;WIDTH:0.478578
G1 X131.889 Y125.738 E.01461
G1 X132.09 Y125.888 E.00385
;WIDTH:0.453462
G1 X132.653 Y126.046 E.00849
;WIDTH:0.439999
G1 X134.568 Y126.046 E.02693
G1 X134.568 Y127.046 E.01406
G1 X134.568 Y129.643 E.03652
G1 E-3.5 F3600
;WIPE_START
G1 F7200
G1 X134.568 Y129.703 E-.0285
G1 X134.568 Y132.801 E-1.4715
;WIPE_END
G1 X131.964 Y134.173 F9000
G1 E5 F2400
;WIDTH:0.50483
G1 F1271
G1 X131.689 Y134.553 E.00761
;WIDTH:0.469449
G1 X131.414 Y134.932 E.00704
;WIDTH:0.435336
G1 X130.715 Y135.744 E.0149
;WIDTH:0.437196
G1 X129.916 Y136.458 E.01497
;WIDTH:0.439642
G1 X129.03 Y137.062 E.01507
;WIDTH:0.442684
G1 X128.074 Y137.545 E.01516
;WIDTH:0.446308
G1 X127.062 Y137.9 E.01531
;WIDTH:0.450298
G1 X126.042 Y138.114 E.01501
G1 X125.122 Y138.192 E.0133
;WIDTH:0.45848
G1 X124.041 Y138.151 E.01588
;WIDTH:0.458798
G1 X123.052 Y137.988 E.01472
;WIDTH:0.46045
G1 X122.091 Y137.705 E.01477
;WIDTH:0.461508
G1 X121.171 Y137.307 E.01481
G1 X120.721 Y137.059 E.00759
;WIDTH:0.433446
G1 X119.943 Y136.539 E.01296
;WIDTH:0.461856
G1 X119.511 Y136.191 E.0082
G1 X119.132 Y135.839 E.00765
;WIDTH:0.433724
G1 X118.418 Y135.04 E.01485
;WIDTH:0.434748
G1 X117.815 Y134.154 E.01489
;WIDTH:0.436364
G1 X117.333 Y133.197 E.01494
;WIDTH:0.43857
G1 X116.979 Y132.186 E.01501
;WIDTH:0.44137
G1 X116.76 Y131.137 E.01512
G1 X116.686 Y130.247 E.0126
;WIDTH:0.448768
G1 X116.738 Y129.009 E.01779
;WIDTH:0.452388
G1 X116.923 Y128.013 E.01466
;WIDTH:0.455468
G1 X117.227 Y127.058 E.01461
;WIDTH:0.457948
G1 X117.644 Y126.147 E.01469
;WIDTH:0.459842
G1 X118.17 Y125.293 E.01477
;WIDTH:0.461146
G1 X118.795 Y124.51 E.01479
;WIDTH:0.461856
G1 X119.511 Y123.809 E.01482
G1 X119.943 Y123.461 E.0082
;WIDTH:0.433448
G1 X120.721 Y122.941 E.01296
;WIDTH:0.461508
G1 X121.171 Y122.693 E.00759
G1 X121.678 Y122.459 E.00825
;WIDTH:0.434254
G1 X122.69 Y122.106 E.01487
;WIDTH:0.43563
G1 X123.739 Y121.888 E.01491
G1 X124.628 Y121.813 E.01242
;WIDTH:0.44043
G1 X125.865 Y121.867 E.01743
;WIDTH:0.443286
G1 X126.93 Y122.067 E.01536
;WIDTH:0.447022
G1 X127.949 Y122.401 E.01533
;WIDTH:0.450952
G1 X128.877 Y122.847 E.01485
;WIDTH:0.45427
G1 X129.72 Y123.39 E.01458
;WIDTH:0.457
G1 X130.49 Y124.032 E.01467
;WIDTH:0.459134
G1 X131.175 Y124.763 E.01473
;WIDTH:0.463666
G1 X131.807 Y125.628 E.01591
;WIDTH:0.478578
G1 X131.889 Y125.738 E.00211
G1 X132.391 Y125.527 F9000
;WIDTH:0.439999
G1 F1271
G1 X132.653 Y125.623 E.00392
G1 X134.991 Y125.623 E.03288
G1 X134.991 Y127.046 E.02001
G1 X134.991 Y134.377 E.1031
G1 X132.653 Y134.377 E.03288
G1 X132.322 Y134.474 E.00485
G1 X132.157 Y134.628 E.00317
G1 X131.509 Y135.514 E.01544
G1 X130.786 Y136.283 E.01484
G1 X129.974 Y136.957 E.01484
G1 X129.087 Y137.528 E.01484
G1 X128.136 Y137.986 E.01484
G1 X127.137 Y138.324 E.01483
G1 X126.103 Y138.538 E.01485
G1 X125.052 Y138.624 E.01483
G1 X123.997 Y138.581 E.01485
G1 X122.956 Y138.41 E.01484
G1 X121.944 Y138.113 E.01483
G1 X120.975 Y137.694 E.01485
G1 X120.065 Y137.16 E.01484
G1 X119.226 Y136.519 E.01485
G1 X118.473 Y135.781 E.01483
G1 X117.815 Y134.956 E.01484
G1 X117.262 Y134.057 E.01484
G1 X116.824 Y133.097 E.01484
G1 X116.506 Y132.091 E.01484
G1 X116.314 Y131.053 E.01485
G1 X116.249 Y130 E.01484
G1 X116.314 Y128.947 E.01484
G1 X116.506 Y127.909 E.01485
G1 X116.824 Y126.903 E.01484
G1 X117.262 Y125.943 E.01484
G1 X117.815 Y125.044 E.01484
G1 X118.473 Y124.219 E.01484
G1 X119.226 Y123.481 E.01483
G1 X120.065 Y122.84 E.01485
G1 X120.975 Y122.306 E.01484
G1 X121.944 Y121.887 E.01485
G1 X122.956 Y121.59 E.01483
G1 X123.997 Y121.419 E.01484
G1 X125.052 Y121.376 E.01485
G1 X126.103 Y121.462 E.01483
G1 X127.137 Y121.676 E.01485
G1 X128.136 Y122.014 E.01483
G1 X129.087 Y122.472 E.01484
G1 X129.974 Y123.043 E.01484
G1 X130.786 Y123.717 E.01484
G1 X131.49 Y124.467 E.01447
G1 X132.257 Y125.478 E.01785
G1 X132.334 Y125.506 E.00115
G1 X132.572 Y125.169 F9000
;TYPE:External perimeter
;WIDTH:0.419999
G1 F1271
G1 X132.653 Y125.21 E.00122
G1 X135.403 Y125.21 E.03685
G1 X135.403 Y127.046 E.0246
G1 X135.403 Y134.79 E.10376
G1 X132.653 Y134.79 E.03685
G1 X132.49 Y134.872 E.00244
G1 X131.827 Y135.778 E.01504
G1 X131.069 Y136.584 E.01482
G1 X130.219 Y137.291 E.01481
G1 X129.289 Y137.889 E.01481
G1 X128.292 Y138.369 E.01483
G1 X127.245 Y138.723 E.01481
G1 X126.162 Y138.947 E.01482
G1 X125.06 Y139.038 E.01482
G1 X123.955 Y138.993 E.01482
G1 X122.864 Y138.813 E.01482
G1 X121.803 Y138.502 E.01481
G1 X120.788 Y138.063 E.01482
G1 X119.834 Y137.504 E.01481
G1 X118.956 Y136.832 E.01481
G1 X118.166 Y136.058 E.01482
G1 X117.476 Y135.194 E.01481
G1 X116.897 Y134.251 E.01483
G1 X116.438 Y133.245 E.01482
G1 X116.105 Y132.191 E.01481
G1 X115.903 Y131.104 E.01481
G1 X115.835 Y130 E.01482
G1 X115.903 Y128.896 E.01482
G1 X116.105 Y127.809 E.01481
G1 X116.438 Y126.755 E.01481
G1 X116.897 Y125.749 E.01482
G1 X117.476 Y124.806 E.01483
G1 X118.166 Y123.942 E.01481
G1 X118.956 Y123.168 E.01482
G1 X119.834 Y122.496 E.01481
G1 X120.788 Y121.937 E.01481
G1 X121.803 Y121.498 E.01482
G1 X122.864 Y121.187 E.01481
G1 X123.955 Y121.007 E.01482
G1 X125.06 Y120.962 E.01482
G1 X126.162 Y121.053 E.01482
G1 X127.245 Y121.277 E.01482
G1 X128.292 Y121.631 E.01481
G1 X129.289 Y122.111 E.01483
G1 X130.219 Y122.709 E.01481
G1 X131.069 Y123.416 E.01481
G1 X131.827 Y124.222 E.01482
G1 X132.49 Y125.128 E.01504
G1 X132.518 Y125.142 E.00042
G1 E-3.5 F3600
;WIPE_START
G1 F7200
G1 X132.572 Y125.169 E-.02868
G1 X132.653 Y125.21 E-.04312
G1 X135.403 Y125.21 E-1.30625
G1 X135.403 Y125.467 E-.12195
;WIPE_END
G1 X134.272 Y126.341 F9000
G1 E5 F2400
;TYPE:Solid infill
;WIDTH:0.379686
G1 F1271
G1 X134.272 Y133.659 E.08824
G1 X133.91 Y133.659 E.00436
G1 X133.91 Y126.341 E.08824
G1 X134.061 Y126.341 E.00182
G1 E-3.5 F3600
;WIPE_START
G1 F7200
G1 X133.91 Y126.341 E-.07173
G1 X133.91 Y129.348 E-1.42827
;WIPE_END
G1 X133.517 Y129.02 F9000
G1 E5 F2400
;TYPE:Internal infill
;WIDTH:0.44
G1 F1271
G1 X133.517 Y126.483 E.03568
G1 X132.878 Y127.122 E.01271
G1 X133.125 Y127.875 E.01114
G1 X133.331 Y128.955 E.01546
G1 X133.393 Y129.9 E.01332
G1 X133.316 Y131.165 E.01782
G1 X133.125 Y132.125 E.01377
G1 X132.878 Y132.878 E.01114
G1 X133.517 Y133.517 E.01271
G1 X133.517 Y130.98 E.03568
G1 E-3.5 F3600
;WIPE_START
G1 F7200
G1 X133.517 Y133.517 E-1.20508
G1 X133.078 Y133.078 E-.29492
;WIPE_END
G1 X142.182 Y133.954 F9000
G1 E5 F2400
;TYPE:Perimeter
;WIDTH:0.439999
G1 F1271
G1 X142.182 Y126.046 E.11121
G1 X143.329 Y126.046 E.01613
G1 X143.329 Y126.619 E.00806
G1 X143.329 Y133.954 E.10316
G1 X142.242 Y133.954 E.01529
G1 X141.759 Y134.377 F9000
G1 F1271
G1 X141.759 Y125.623 E.12311
G1 X143.752 Y125.623 E.02803
G1 X143.752 Y126.619 E.01401
G1 X143.752 Y134.377 E.1091
G1 X141.819 Y134.377 E.02718
G1 X141.347 Y134.79 F9000
;TYPE:External perimeter
;WIDTH:0.419999
G1 F1271
G1 X141.347 Y125.21 E.12835
G1 X144.165 Y125.21 E.03776
G1 X144.165 Y126.619 E.01888
G1 X144.165 Y134.79 E.10948
G1 X141.407 Y134.79 E.03695
G1 E-3.5 F3600
;WIPE_START
G1 F7200
G1 X141.347 Y134.79 E-.0285
G1 X141.347 Y131.692 E-1.4715
;WIPE_END
G1 X142.526 Y126.39 F9000
G1 E5 F2400
;TYPE:Solid infill
;WIDTH:0.476599
G1 F1271
G1 X142.985 Y126.39 E.00701
G1 X142.985 Y133.61 E.11033
G1 X142.526 Y133.61 E.00701
G1 X142.526 Y126.601 E.1071
;LAYER_CHANGE
;Z:3.24
;HEIGHT:0.0799999
;BEFORE_LAYER_CHANGE
G92 E0
;3.24


G1 E-3.5 F3600
;WIPE_START
G1 F7200
G1 X142.526 Y129.759 E-1.5
;WIPE_END
G1 Z3.24 F9000
;AFTER_LAYER_CHANGE
;3.24
G1 X131.342 Y125.716
G1 E5 F2400
;TYPE:Perimeter
;WIDTH:0.439999
G1 F1252
G1 X131.585 Y126.079 E.00614
G1 X131.935 Y126.777 E.01098
G1 X132.206 Y127.463 E.01037
G1 X132.371 Y127.95 E.00723
G1 X132.575 Y128.946 E.0143
G1 X132.645 Y129.866 E.01298
G1 X132.586 Y130.968 E.01552
G1 X132.392 Y131.973 E.01439
G1 X132.04 Y133.011 E.01541
G1 X131.625 Y133.851 E.01318
G1 X131.065 Y134.699 E.01429
G1 X130.399 Y135.467 E.0143
G1 X129.638 Y136.141 E.0143
G1 X128.796 Y136.71 E.01429
G1 X127.886 Y137.165 E.01431
G1 X126.925 Y137.496 E.01429
G1 X125.959 Y137.694 E.01387
G1 X125.089 Y137.769 E.01228
G1 X124.065 Y137.719 E.01442
G1 X122.825 Y137.496 E.01772
G1 X121.938 Y137.195 E.01317
G1 X121.363 Y136.918 E.00898
G1 X120.954 Y136.71 E.00645
G1 X120.176 Y136.19 E.01316
G1 X119.408 Y135.524 E.0143
G1 X118.734 Y134.763 E.0143
G1 X118.165 Y133.921 E.01429
G1 X117.71 Y133.011 E.01431
G1 X117.379 Y132.05 E.01429
G1 X117.175 Y131.054 E.0143
G1 X117.106 Y130.214 E.01185
G1 X117.164 Y129.032 E.01664
G1 X117.344 Y128.097 E.01339
G1 X117.634 Y127.196 E.01331
G1 X118.032 Y126.338 E.0133
G1 X118.529 Y125.534 E.01329
G1 X118.734 Y125.237 E.00508
G1 X119.351 Y124.533 E.01316
G1 X119.797 Y124.135 E.00841
G1 X120.176 Y123.81 E.00702
G1 X120.954 Y123.29 E.01316
G1 X121.864 Y122.835 E.01431
G1 X122.825 Y122.504 E.01429
G1 X123.821 Y122.3 E.0143
G1 X124.661 Y122.231 E.01185
G1 X125.843 Y122.289 E.01664
G1 X126.848 Y122.483 E.01439
G1 X127.812 Y122.805 E.01429
G1 X128.688 Y123.231 E.0137
G1 X129.481 Y123.748 E.01331
G1 X130.205 Y124.356 E.0133
G1 X130.85 Y125.048 E.0133
G1 X131.065 Y125.301 E.00467
G1 X131.309 Y125.666 E.00617
G1 X130.999 Y125.945 F9000
;TYPE:External perimeter
;WIDTH:0.419999
G1 F1252
G1 X131.242 Y126.309 E.00586
G1 X131.565 Y126.96 E.00974
G1 X131.815 Y127.595 E.00914
G1 X131.98 Y128.082 E.00689
G1 X132.17 Y129.026 E.0129
G1 X132.233 Y129.844 E.01099
G1 X132.173 Y130.945 E.01477
G1 X131.987 Y131.892 E.01293
G1 X131.815 Y132.405 E.00725
G1 X131.565 Y133.04 E.00914
G1 X131.255 Y133.668 E.00938
G1 X130.722 Y134.47 E.0129
G1 X130.088 Y135.195 E.0129
G1 X129.366 Y135.831 E.01289
G1 X128.566 Y136.367 E.0129
G1 X127.704 Y136.794 E.01289
G1 X126.793 Y137.105 E.0129
G1 X125.878 Y137.289 E.0125
G1 X125.057 Y137.357 E.01104
G1 X124.087 Y137.307 E.01301
G1 X123.217 Y137.159 E.01182
G1 X122.046 Y136.794 E.01643
G1 X121.207 Y136.38 E.01254
G1 X120.384 Y135.831 E.01325
G1 X119.68 Y135.213 E.01255
G1 X119.044 Y134.491 E.01289
G1 X118.508 Y133.691 E.0129
G1 X118.081 Y132.829 E.01289
G1 X117.77 Y131.918 E.0129
G1 X117.58 Y130.974 E.0129
G1 X117.518 Y130.182 E.01064
G1 X117.577 Y129.055 E.01512
G1 X117.749 Y128.178 E.01197
G1 X118.025 Y127.329 E.01196
G1 X118.402 Y126.52 E.01196
G1 X119.044 Y125.509 E.01605
G1 X119.662 Y124.805 E.01255
G1 X120.069 Y124.446 E.00727
G1 X120.405 Y124.153 E.00597
G1 X121.184 Y123.633 E.01255
G1 X122.046 Y123.206 E.01289
G1 X122.957 Y122.895 E.0129
G1 X123.901 Y122.705 E.0129
G1 X124.693 Y122.643 E.01064
G1 X125.82 Y122.702 E.01512
G1 X126.767 Y122.888 E.01293
G1 X127.679 Y123.196 E.0129
G1 X128.505 Y123.601 E.01233
G1 X129.251 Y124.091 E.01196
G1 X129.933 Y124.667 E.01196
G1 X130.54 Y125.32 E.01195
G1 X130.722 Y125.53 E.00372
G1 X130.966 Y125.896 E.00589
G1 E-3.5 F3600
;WIPE_START
G1 F7200
G1 X130.999 Y125.945 E-.02806
G1 X131.242 Y126.309 E-.20789
G1 X131.565 Y126.96 E-.34519
G1 X131.815 Y127.595 E-.32416
G1 X131.98 Y128.082 E-.24424
G1 X132.125 Y128.806 E-.35046
;WIPE_END
G1 X134.494 Y129.807 F9000
G1 E5 F2400
;TYPE:Perimeter
;WIDTH:0.439999
G1 F1252
G1 X134.494 Y133.954 E.05832
G1 X132.653 Y133.954 E.02589
;WIDTH:0.481342
G1 X132.083 Y134.1 E.00908
;WIDTH:0.50483
G1 X131.964 Y134.173 E.00226
G1 X132.023 Y134.047 E.00226
;WIDTH:0.481342
G1 X132.419 Y133.198 E.01446
;WIDTH:0.439999
G1 X132.807 Y132.055 E.01698
G1 X133.008 Y130.99 E.01524
G1 X133.066 Y129.753 E.01742
G1 X132.989 Y128.863 E.01256
G1 X132.772 Y127.814 E.01506
G1 X132.606 Y127.327 E.00724
G1 X132.314 Y126.59 E.01115
;WIDTH:0.478578
G1 X131.889 Y125.738 E.01461
G1 X132.09 Y125.888 E.00385
;WIDTH:0.453461
G1 X132.653 Y126.046 E.00849
;WIDTH:0.439999
G1 X134.494 Y126.046 E.02589
G1 X134.494 Y127.015 E.01363
G1 X134.494 Y129.747 E.03842
G1 E-3.5 F3600
;WIPE_START
G1 F7200
G1 X134.494 Y129.807 E-.0285
G1 X134.494 Y132.905 E-1.4715
;WIPE_END
G1 X131.964 Y134.173 F9000
G1 E5 F2400
;WIDTH:0.50483
G1 F1252
G1 X131.689 Y134.553 E.00761
;WIDTH:0.469449
G1 X131.414 Y134.932 E.00704
;WIDTH:0.435336
G1 X130.715 Y135.744 E.0149
;WIDTH:0.437196
G1 X129.916 Y136.458 E.01497
;WIDTH:0.439642
G1 X129.03 Y137.062 E.01507
;WIDTH:0.442682
G1 X128.074 Y137.545 E.01516
;WIDTH:0.446308
G1 X127.062 Y137.9 E.01531
;WIDTH:0.450298
G1 X126.042 Y138.114 E.01501
G1 X125.122 Y138.192 E.0133
;WIDTH:0.45848
G1 X124.041 Y138.151 E.01588
;WIDTH:0.458798
G1 X123.052 Y137.988 E.01472
;WIDTH:0.460448
G1 X122.091 Y137.705 E.01477
;WIDTH:0.461508
G1 X121.171 Y137.307 E.01481
G1 X120.721 Y137.059 E.00759
;WIDTH:0.433446
G1 X119.943 Y136.539 E.01296
;WIDTH:0.461854
G1 X119.511 Y136.191 E.0082
G1 X119.132 Y135.839 E.00765
;WIDTH:0.433724
G1 X118.418 Y135.04 E.01485
;WIDTH:0.434748
G1 X117.815 Y134.154 E.01489
;WIDTH:0.436364
G1 X117.333 Y133.197 E.01494
;WIDTH:0.43857
G1 X116.979 Y132.186 E.01501
;WIDTH:0.44137
G1 X116.76 Y131.137 E.01512
G1 X116.686 Y130.247 E.0126
;WIDTH:0.448768
G1 X116.738 Y129.009 E.01779
;WIDTH:0.452388
G1 X116.923 Y128.013 E.01466
;WIDTH:0.455468
G1 X117.227 Y127.058 E.01461
;WIDTH:0.457948
G1 X117.644 Y126.147 E.01469
;WIDTH:0.459842
G1 X118.17 Y125.293 E.01477
;WIDTH:0.461144
G1 X118.795 Y124.51 E.01479
;WIDTH:0.461856
G1 X119.511 Y123.809 E.01482
G1 X119.943 Y123.461 E.0082
;WIDTH:0.433448
G1 X120.721 Y122.941 E.01296
;WIDTH:0.461508
G1 X121.171 Y122.693 E.00759
G1 X121.678 Y122.459 E.00825
;WIDTH:0.434254
G1 X122.69 Y122.106 E.01487
;WIDTH:0.43563
G1 X123.739 Y121.888 E.01491
G1 X124.628 Y121.813 E.01242
;WIDTH:0.44043
G1 X125.865 Y121.867 E.01743
;WIDTH:0.443286
G1 X126.93 Y122.067 E.01536
;WIDTH:0.447022
G1 X127.949 Y122.401 E.01533
;WIDTH:0.450952
G1 X128.877 Y122.847 E.01485
;WIDTH:0.45427
G1 X129.72 Y123.39 E.01458
;WIDTH:0.456998
G1 X130.49 Y124.032 E.01467
;WIDTH:0.459132
G1 X131.175 Y124.763 E.01473
;WIDTH:0.463666
G1 X131.807 Y125.628 E.01591
;WIDTH:0.478578
G1 X131.889 Y125.738 E.00211
G1 X132.391 Y125.527 F9000
;WIDTH:0.439999
G1 F1252
G1 X132.653 Y125.623 E.00392
G1 X134.916 Y125.623 E.03183
G1 X134.916 Y127.015 E.01958
G1 X134.916 Y134.377 E.10353
G1 X132.653 Y134.377 E.03183
G1 X132.322 Y134.474 E.00485
G1 X132.157 Y134.628 E.00317
G1 X131.509 Y135.514 E.01544
G1 X130.786 Y136.283 E.01484
G1 X129.974 Y136.957 E.01484
G1 X129.087 Y137.528 E.01484
G1 X128.136 Y137.986 E.01484
G1 X127.137 Y138.324 E.01483
G1 X126.103 Y138.538 E.01485
G1 X125.052 Y138.624 E.01483
G1 X123.997 Y138.581 E.01485
G1 X122.956 Y138.41 E.01484
G1 X121.944 Y138.113 E.01483
G1 X120.975 Y137.694 E.01485
G1 X120.065 Y137.16 E.01484
G1 X119.226 Y136.519 E.01485
G1 X118.473 Y135.781 E.01483
G1 X117.815 Y134.956 E.01484
G1 X117.262 Y134.057 E.01484
G1 X116.824 Y133.097 E.01484
G1 X116.506 Y132.091 E.01484
G1 X116.314 Y131.053 E.01485
G1 X116.249 Y130 E.01484
G1 X116.314 Y128.947 E.01484
G1 X116.506 Y127.909 E.01485
G1 X116.824 Y126.903 E.01484
G1 X117.262 Y125.943 E.01484
G1 X117.815 Y125.044 E.01484
G1 X118.473 Y124.219 E.01484
G1 X119.226 Y123.481 E.01483
G1 X120.065 Y122.84 E.01485
G1 X120.975 Y122.306 E.01484
G1 X121.944 Y121.887 E.01485
G1 X122.956 Y121.59 E.01483
G1 X123.997 Y121.419 E.01484
G1 X125.052 Y121.376 E.01485
G1 X126.103 Y121.462 E.01483
G1 X127.137 Y121.676 E.01485
G1 X128.136 Y122.014 E.01483
G1 X129.087 Y122.472 E.01484
G1 X129.974 Y123.043 E.01484
G1 X130.786 Y123.717 E.01484
G1 X131.49 Y124.467 E.01447
G1 X132.257 Y125.478 E.01785
G1 X132.334 Y125.506 E.00115
G1 X132.572 Y125.169 F9000
;TYPE:External perimeter
;WIDTH:0.419999
G1 F1252
G1 X132.653 Y125.21 E.00122
G1 X135.329 Y125.21 E.03585
G1 X135.329 Y127.015 E.02418
G1 X135.329 Y134.79 E.10417
G1 X132.653 Y134.79 E.03585
G1 X132.49 Y134.872 E.00244
G1 X131.827 Y135.778 E.01504
G1 X131.069 Y136.584 E.01482
G1 X130.219 Y137.291 E.01481
G1 X129.289 Y137.889 E.01481
G1 X128.292 Y138.369 E.01483
G1 X127.245 Y138.723 E.01481
G1 X126.162 Y138.947 E.01482
G1 X125.06 Y139.038 E.01482
G1 X123.955 Y138.993 E.01482
G1 X122.864 Y138.813 E.01482
G1 X121.803 Y138.502 E.01481
G1 X120.788 Y138.063 E.01482
G1 X119.834 Y137.504 E.01481
G1 X118.956 Y136.832 E.01481
G1 X118.166 Y136.058 E.01482
G1 X117.476 Y135.194 E.01481
G1 X116.897 Y134.251 E.01483
G1 X116.438 Y133.245 E.01482
G1 X116.105 Y132.191 E.01481
G1 X115.903 Y131.104 E.01481
G1 X115.835 Y130 E.01482
G1 X115.903 Y128.896 E.01482
G1 X116.105 Y127.809 E.01481
G1 X116.438 Y126.755 E.01481
G1 X116.897 Y125.749 E.01482
G1 X117.476 Y124.806 E.01483
G1 X118.166 Y123.942 E.01481
G1 X118.956 Y123.168 E.01482
G1 X119.834 Y122.496 E.01481
G1 X120.788 Y121.937 E.01481
G1 X121.803 Y121.498 E.01482
G1 X122.864 Y121.187 E.01481
G1 X123.955 Y121.007 E.01482
G1 X125.06 Y120.962 E.01482
G1 X126.162 Y121.053 E.01482
G1 X127.245 Y121.277 E.01482
G1 X128.292 Y121.631 E.01481
G1 X129.289 Y122.111 E.01483
G1 X130.219 Y122.709 E.01481
G1 X131.069 Y123.416 E.01481
G1 X131.827 Y124.222 E.01482
G1 X132.49 Y125.128 E.01504
G1 X132.518 Y125.142 E.00042
G1 E-3.5 F3600
;WIPE_START
G1 F7200
G1 X132.572 Y125.169 E-.02868
G1 X132.653 Y125.21 E-.04312
G1 X135.329 Y125.21 E-1.2711
G1 X135.329 Y125.541 E-.1571
;WIPE_END
G1 X133.466 Y129.071 F9000
G1 E5 F2400
;TYPE:Internal infill
;WIDTH:0.44
G1 F1252
G1 X133.466 Y126.534 E.03568
G1 X132.878 Y127.122 E.01169
G1 X133.125 Y127.875 E.01114
G1 X133.331 Y128.955 E.01546
G1 X133.393 Y129.9 E.01332
G1 X133.316 Y131.165 E.01782
G1 X133.125 Y132.125 E.01377
G1 X132.878 Y132.878 E.01114
G1 X133.466 Y133.466 E.01169
G1 X133.466 Y130.929 E.03568
G1 E-3.5 F3600
;WIPE_START
G1 F7200
G1 X133.466 Y133.466 E-1.20508
G1 X133.027 Y133.027 E-.29492
;WIPE_END
G1 X133.853 Y133.665 F9000
G1 E5 F2400
;TYPE:Solid infill
;WIDTH:0.367936
G1 F1252
G1 X133.853 Y126.335 E.08552
G1 X134.204 Y126.335 E.00409
G1 X134.204 Y133.665 E.08552
G1 X134.065 Y133.665 E.00162
G1 E-3.5 F3600
;WIPE_START
G1 F7200
G1 X134.204 Y133.665 E-.06603
G1 X134.204 Y130.646 E-1.43397
;WIPE_END
G1 X142.256 Y133.954 F9000
G1 E5 F2400
;TYPE:Perimeter
;WIDTH:0.439999
G1 F1252
G1 X142.256 Y126.046 E.11121
G1 X143.329 Y126.046 E.01509
G1 X143.329 Y126.582 E.00754
G1 X143.329 Y133.954 E.10368
G1 X142.316 Y133.954 E.01425
G1 X141.834 Y134.377 F9000
G1 F1252
G1 X141.834 Y125.623 E.12311
G1 X143.752 Y125.623 E.02697
G1 X143.752 Y126.582 E.01349
G1 X143.752 Y134.377 E.10962
G1 X141.894 Y134.377 E.02613
G1 X141.421 Y134.79 F9000
;TYPE:External perimeter
;WIDTH:0.419999
G1 F1252
G1 X141.421 Y125.21 E.12835
G1 X144.165 Y125.21 E.03676
G1 X144.165 Y126.582 E.01838
G1 X144.165 Y134.79 E.10997
G1 X141.481 Y134.79 E.03596
G1 X142.582 Y133.629 F9000
;TYPE:Solid infill
;WIDTH:0.439457
G1 F1252
G1 X142.582 Y126.371 E.10194
G1 X143.004 Y126.371 E.00593
G1 X143.004 Y133.629 E.10194
G1 X142.793 Y133.629 E.00296
;LAYER_CHANGE
;Z:3.32
;HEIGHT:0.0799999
;BEFORE_LAYER_CHANGE
G92 E0
;3.32


G1 E-3.5 F3600
;WIPE_START
G1 F7200
G1 X143.004 Y133.629 E-.10022
G1 X143.004 Y130.682 E-1.39978
;WIPE_END
G1 Z3.32 F9000
;AFTER_LAYER_CHANGE
;3.32
G1 X132.469 Y131.575
G1 E5 F2400
;TYPE:Perimeter
;WIDTH:0.439999
G1 F1264
G1 X132.392 Y131.973 E.0057
G1 X132.192 Y132.578 E.00896
G1 X131.935 Y133.223 E.00976
G1 X131.625 Y133.851 E.00985
G1 X131.065 Y134.699 E.01429
G1 X130.399 Y135.467 E.0143
G1 X129.638 Y136.141 E.0143
G1 X128.796 Y136.71 E.01429
G1 X127.886 Y137.165 E.01431
G1 X126.925 Y137.496 E.01429
G1 X125.959 Y137.694 E.01387
G1 X125.089 Y137.769 E.01228
G1 X124.065 Y137.719 E.01442
G1 X122.825 Y137.496 E.01772
G1 X121.938 Y137.195 E.01317
G1 X121.363 Y136.918 E.00898
G1 X120.954 Y136.71 E.00645
G1 X120.176 Y136.19 E.01316
G1 X119.408 Y135.524 E.0143
G1 X118.734 Y134.763 E.0143
G1 X118.165 Y133.921 E.01429
G1 X117.71 Y133.011 E.01431
G1 X117.379 Y132.05 E.01429
G1 X117.175 Y131.054 E.0143
G1 X117.106 Y130.214 E.01185
G1 X117.164 Y129.032 E.01664
G1 X117.344 Y128.097 E.01339
G1 X117.634 Y127.196 E.01331
G1 X118.032 Y126.338 E.0133
G1 X118.529 Y125.534 E.01329
G1 X118.734 Y125.237 E.00508
G1 X119.351 Y124.533 E.01316
G1 X119.797 Y124.135 E.00841
G1 X120.176 Y123.81 E.00702
G1 X120.954 Y123.29 E.01316
G1 X121.864 Y122.835 E.01431
G1 X122.825 Y122.504 E.01429
G1 X123.821 Y122.3 E.0143
G1 X124.661 Y122.231 E.01185
G1 X125.843 Y122.289 E.01664
G1 X126.848 Y122.483 E.01439
G1 X127.812 Y122.805 E.01429
G1 X128.688 Y123.231 E.0137
G1 X129.481 Y123.748 E.01331
G1 X130.205 Y124.356 E.0133
G1 X130.85 Y125.048 E.0133
G1 X131.065 Y125.301 E.00467
G1 X131.585 Y126.079 E.01316
G1 X131.935 Y126.777 E.01098
G1 X132.192 Y127.422 E.00976
G1 X132.371 Y127.95 E.00784
G1 X132.575 Y128.946 E.0143
G1 X132.645 Y129.866 E.01298
G1 X132.586 Y130.968 E.01552
G1 X132.48 Y131.516 E.00785
G1 X132.077 Y131.436 F9000
;TYPE:External perimeter
;WIDTH:0.419999
G1 F1264
G1 X131.987 Y131.892 E.00623
G1 X131.801 Y132.446 E.00783
G1 X131.565 Y133.04 E.00856
G1 X131.255 Y133.668 E.00938
G1 X130.722 Y134.47 E.0129
G1 X130.088 Y135.195 E.0129
G1 X129.366 Y135.831 E.01289
G1 X128.566 Y136.367 E.0129
G1 X127.704 Y136.794 E.01289
G1 X126.793 Y137.105 E.0129
G1 X125.878 Y137.289 E.0125
G1 X125.057 Y137.357 E.01104
G1 X124.087 Y137.307 E.01301
G1 X123.217 Y137.159 E.01182
G1 X122.046 Y136.794 E.01643
G1 X121.207 Y136.38 E.01254
G1 X120.384 Y135.831 E.01325
G1 X119.68 Y135.213 E.01255
G1 X119.044 Y134.491 E.01289
G1 X118.508 Y133.691 E.0129
G1 X118.081 Y132.829 E.01289
G1 X117.77 Y131.918 E.0129
G1 X117.58 Y130.974 E.0129
G1 X117.518 Y130.182 E.01064
G1 X117.577 Y129.055 E.01512
G1 X117.749 Y128.178 E.01197
G1 X118.025 Y127.329 E.01196
G1 X118.402 Y126.52 E.01196
G1 X119.044 Y125.509 E.01605
G1 X119.662 Y124.805 E.01255
G1 X120.069 Y124.446 E.00727
G1 X120.405 Y124.153 E.00597
G1 X121.184 Y123.633 E.01255
G1 X122.046 Y123.206 E.01289
G1 X122.957 Y122.895 E.0129
G1 X123.901 Y122.705 E.0129
G1 X124.693 Y122.643 E.01064
G1 X125.82 Y122.702 E.01512
G1 X126.767 Y122.888 E.01293
G1 X127.679 Y123.196 E.0129
G1 X128.505 Y123.601 E.01233
G1 X129.251 Y124.091 E.01196
G1 X129.933 Y124.667 E.01196
G1 X130.54 Y125.32 E.01195
G1 X130.722 Y125.53 E.00372
G1 X131.242 Y126.309 E.01255
G1 X131.565 Y126.96 E.00974
G1 X131.801 Y127.554 E.00856
G1 X131.98 Y128.082 E.00747
G1 X132.17 Y129.026 E.0129
G1 X132.233 Y129.844 E.01099
G1 X132.173 Y130.945 E.01477
G1 X132.088 Y131.377 E.0059
G1 E-3.5 F3600
;WIPE_START
G1 F7200
G1 X132.077 Y131.436 E-.02851
G1 X131.987 Y131.892 E-.22078
G1 X131.801 Y132.446 E-.27759
G1 X131.565 Y133.04 E-.3036
G1 X131.255 Y133.668 E-.33266
G1 X130.862 Y134.258 E-.33686
;WIPE_END
G1 X134.419 Y130.089 F9000
G1 E5 F2400
;TYPE:Perimeter
;WIDTH:0.439999
G1 F1264
G1 X134.419 Y133.954 E.05436
G1 X132.653 Y133.954 E.02484
;WIDTH:0.481342
G1 X132.083 Y134.1 E.00908
;WIDTH:0.50483
G1 X131.964 Y134.173 E.00226
G1 X132.023 Y134.047 E.00226
;WIDTH:0.481342
G1 X132.419 Y133.198 E.01446
;WIDTH:0.439999
G1 X132.807 Y132.055 E.01698
G1 X133.008 Y130.99 E.01524
G1 X133.066 Y129.753 E.01742
G1 X132.989 Y128.863 E.01256
G1 X132.772 Y127.814 E.01506
G1 X132.592 Y127.286 E.00785
G1 X132.314 Y126.59 E.01054
;WIDTH:0.478578
G1 X131.889 Y125.738 E.01461
G1 X132.09 Y125.888 E.00385
;WIDTH:0.453461
G1 X132.653 Y126.046 E.00849
;WIDTH:0.439999
G1 X134.419 Y126.046 E.02484
G1 X134.419 Y126.984 E.01319
G1 X134.419 Y130.029 E.04282
G1 E-3.5 F3600
;WIPE_START
G1 F7200
G1 X134.419 Y130.089 E-.0285
G1 X134.419 Y133.187 E-1.4715
;WIPE_END
G1 X131.964 Y134.173 F9000
G1 E5 F2400
;WIDTH:0.50483
G1 F1264
G1 X131.689 Y134.553 E.00761
;WIDTH:0.469449
G1 X131.414 Y134.932 E.00704
;WIDTH:0.435334
G1 X130.715 Y135.744 E.0149
;WIDTH:0.437194
G1 X129.916 Y136.458 E.01497
;WIDTH:0.439642
G1 X129.03 Y137.062 E.01507
;WIDTH:0.442682
G1 X128.074 Y137.545 E.01516
;WIDTH:0.44631
G1 X127.062 Y137.9 E.01531
;WIDTH:0.450298
G1 X126.042 Y138.114 E.01501
G1 X125.122 Y138.192 E.0133
;WIDTH:0.45848
G1 X124.041 Y138.151 E.01588
;WIDTH:0.458798
G1 X123.052 Y137.988 E.01472
;WIDTH:0.460448
G1 X122.091 Y137.705 E.01477
;WIDTH:0.461508
G1 X121.171 Y137.307 E.01481
G1 X120.721 Y137.059 E.00759
;WIDTH:0.433446
G1 X119.943 Y136.539 E.01296
;WIDTH:0.461854
G1 X119.511 Y136.191 E.0082
G1 X119.132 Y135.839 E.00765
;WIDTH:0.433724
G1 X118.418 Y135.04 E.01485
;WIDTH:0.434748
G1 X117.815 Y134.154 E.01489
;WIDTH:0.436364
G1 X117.333 Y133.197 E.01494
;WIDTH:0.43857
G1 X116.979 Y132.186 E.01501
;WIDTH:0.44137
G1 X116.76 Y131.137 E.01512
G1 X116.686 Y130.247 E.0126
;WIDTH:0.448768
G1 X116.738 Y129.009 E.01779
;WIDTH:0.452388
G1 X116.923 Y128.013 E.01466
;WIDTH:0.455468
G1 X117.227 Y127.058 E.01461
;WIDTH:0.457948
G1 X117.644 Y126.147 E.01469
;WIDTH:0.459842
G1 X118.17 Y125.293 E.01477
;WIDTH:0.461144
G1 X118.795 Y124.51 E.01479
;WIDTH:0.461856
G1 X119.511 Y123.809 E.01482
G1 X119.943 Y123.461 E.0082
;WIDTH:0.433448
G1 X120.721 Y122.941 E.01296
;WIDTH:0.461508
G1 X121.171 Y122.693 E.00759
G1 X121.678 Y122.459 E.00825
;WIDTH:0.434254
G1 X122.69 Y122.106 E.01487
;WIDTH:0.43563
G1 X123.739 Y121.888 E.01491
G1 X124.628 Y121.813 E.01242
;WIDTH:0.44043
G1 X125.865 Y121.867 E.01743
;WIDTH:0.443286
G1 X126.93 Y122.067 E.01536
;WIDTH:0.447024
G1 X127.949 Y122.401 E.01533
;WIDTH:0.450952
G1 X128.877 Y122.847 E.01485
;WIDTH:0.45427
G1 X129.72 Y123.39 E.01458
;WIDTH:0.456998
G1 X130.49 Y124.032 E.01467
;WIDTH:0.459132
G1 X131.175 Y124.763 E.01473
;WIDTH:0.463666
G1 X131.807 Y125.628 E.01591
;WIDTH:0.478578
G1 X131.889 Y125.738 E.00211
G1 X132.391 Y125.527 F9000
;WIDTH:0.439999
G1 F1264
G1 X132.653 Y125.623 E.00392
G1 X134.842 Y125.623 E.03078
G1 X134.842 Y126.984 E.01914
G1 X134.842 Y134.377 E.10397
G1 X132.653 Y134.377 E.03078
G1 X132.322 Y134.474 E.00485
G1 X132.157 Y134.628 E.00317
G1 X131.509 Y135.514 E.01544
G1 X130.786 Y136.283 E.01484
G1 X129.974 Y136.957 E.01484
G1 X129.087 Y137.528 E.01484
G1 X128.136 Y137.986 E.01484
G1 X127.137 Y138.324 E.01483
G1 X126.103 Y138.538 E.01485
G1 X125.052 Y138.624 E.01483
G1 X123.997 Y138.581 E.01485
G1 X122.956 Y138.41 E.01484
G1 X121.944 Y138.113 E.01483
G1 X120.975 Y137.694 E.01485
G1 X120.065 Y137.16 E.01484
G1 X119.226 Y136.519 E.01485
G1 X118.473 Y135.781 E.01483
G1 X117.815 Y134.956 E.01484
G1 X117.262 Y134.057 E.01484
G1 X116.824 Y133.097 E.01484
G1 X116.506 Y132.091 E.01484
G1 X116.314 Y131.053 E.01485
G1 X116.249 Y130 E.01484
G1 X116.314 Y128.947 E.01484
G1 X116.506 Y127.909 E.01485
G1 X116.824 Y126.903 E.01484
G1 X117.262 Y125.943 E.01484
G1 X117.815 Y125.044 E.01484
G1 X118.473 Y124.219 E.01484
G1 X119.226 Y123.481 E.01483
G1 X120.065 Y122.84 E.01485
G1 X120.975 Y122.306 E.01484
G1 X121.944 Y121.887 E.01485
G1 X122.956 Y121.59 E.01483
G1 X123.997 Y121.419 E.01484
G1 X125.052 Y121.376 E.01485
G1 X126.103 Y121.462 E.01483
G1 X127.137 Y121.676 E.01485
G1 X128.136 Y122.014 E.01483
G1 X129.087 Y122.472 E.01484
G1 X129.974 Y123.043 E.01484
G1 X130.786 Y123.717 E.01484
G1 X131.49 Y124.467 E.01447
G1 X132.257 Y125.478 E.01785
G1 X132.334 Y125.506 E.00115
G1 X132.572 Y125.169 F9000
;TYPE:External perimeter
;WIDTH:0.419999
G1 F1264
G1 X132.653 Y125.21 E.00122
G1 X135.255 Y125.21 E.03486
G1 X135.255 Y126.984 E.02377
G1 X135.255 Y134.79 E.10459
G1 X132.653 Y134.79 E.03486
G1 X132.49 Y134.872 E.00244
G1 X131.827 Y135.778 E.01504
G1 X131.069 Y136.584 E.01482
G1 X130.219 Y137.291 E.01481
G1 X129.289 Y137.889 E.01481
G1 X128.292 Y138.369 E.01483
G1 X127.245 Y138.723 E.01481
G1 X126.162 Y138.947 E.01482
G1 X125.06 Y139.038 E.01482
G1 X123.955 Y138.993 E.01482
G1 X122.864 Y138.813 E.01482
G1 X121.803 Y138.502 E.01481
G1 X120.788 Y138.063 E.01482
G1 X119.834 Y137.504 E.01481
G1 X118.956 Y136.832 E.01481
G1 X118.166 Y136.058 E.01482
G1 X117.476 Y135.194 E.01481
G1 X116.897 Y134.251 E.01483
G1 X116.438 Y133.245 E.01482
G1 X116.105 Y132.191 E.01481
G1 X115.903 Y131.104 E.01481
G1 X115.835 Y130 E.01482
G1 X115.903 Y128.896 E.01482
G1 X116.105 Y127.809 E.01481
G1 X116.438 Y126.755 E.01481
G1 X116.897 Y125.749 E.01482
G1 X117.476 Y124.806 E.01483
G1 X118.166 Y123.942 E.01481
G1 X118.956 Y123.168 E.01482
G1 X119.834 Y122.496 E.01481
G1 X120.788 Y121.937 E.01481
G1 X121.803 Y121.498 E.01482
G1 X122.864 Y121.187 E.01481
G1 X123.955 Y121.007 E.01482
G1 X125.06 Y120.962 E.01482
G1 X126.162 Y121.053 E.01482
G1 X127.245 Y121.277 E.01482
G1 X128.292 Y121.631 E.01481
G1 X129.289 Y122.111 E.01483
G1 X130.219 Y122.709 E.01481
G1 X131.069 Y123.416 E.01481
G1 X131.827 Y124.222 E.01482
G1 X132.49 Y125.128 E.01504
G1 X132.518 Y125.142 E.00042
G1 E-3.5 F3600
;WIPE_START
G1 F7200
G1 X132.572 Y125.169 E-.02868
G1 X132.653 Y125.21 E-.04312
G1 X135.255 Y125.21 E-1.23595
G1 X135.255 Y125.615 E-.19225
;WIPE_END
G1 X134.136 Y126.329 F9000
G1 E5 F2400
;TYPE:Solid infill
;WIDTH:0.356184
G1 F1264
G1 X134.136 Y133.671 E.08279
G1 X133.797 Y133.671 E.00382
G1 X133.797 Y126.329 E.08279
G1 X133.924 Y126.329 E.00143
G1 E-3.5 F3600
;WIPE_START
G1 F7200
G1 X133.797 Y126.329 E-.06033
G1 X133.797 Y129.36 E-1.43967
;WIPE_END
G1 X133.416 Y129.121 F9000
G1 E5 F2400
;TYPE:Internal infill
;WIDTH:0.44
G1 F1264
G1 X133.416 Y126.584 E.03568
G1 X132.878 Y127.122 E.0107
G1 X133.125 Y127.875 E.01114
G1 X133.331 Y128.955 E.01546
G1 X133.393 Y129.9 E.01332
G1 X133.316 Y131.165 E.01782
G1 X133.125 Y132.125 E.01377
G1 X132.878 Y132.878 E.01114
G1 X133.416 Y133.416 E.0107
G1 X133.416 Y130.879 E.03568
G1 E-3.5 F3600
;WIPE_START
G1 F7200
G1 X133.416 Y133.416 E-1.20508
G1 X132.977 Y132.977 E-.29492
;WIPE_END
G1 X142.331 Y133.954 F9000
G1 E5 F2400
;TYPE:Perimeter
;WIDTH:0.439999
G1 F1264
G1 X142.331 Y126.046 E.11121
G1 X143.329 Y126.046 E.01404
G1 X143.329 Y126.545 E.00702
G1 X143.329 Y133.954 E.1042
G1 X142.391 Y133.954 E.01319
G1 X141.908 Y134.377 F9000
G1 F1264
G1 X141.908 Y125.623 E.12311
G1 X143.752 Y125.623 E.02593
G1 X143.752 Y126.545 E.01297
G1 X143.752 Y134.377 E.11014
G1 X141.968 Y134.377 E.02509
G1 X141.495 Y134.79 F9000
;TYPE:External perimeter
;WIDTH:0.419999
G1 F1264
G1 X141.495 Y125.21 E.12835
G1 X144.165 Y125.21 E.03577
G1 X144.165 Y126.545 E.01789
G1 X144.165 Y134.79 E.11047
G1 X141.555 Y134.79 E.03497
G1 E-3.5 F3600
;WIPE_START
G1 F7200
G1 X141.495 Y134.79 E-.0285
G1 X141.495 Y131.692 E-1.4715
;WIPE_END
G1 X142.637 Y126.352 F9000
G1 E5 F2400
;TYPE:Solid infill
;WIDTH:0.402316
G1 F1264
G1 X143.023 Y126.352 E.00494
G1 X143.023 Y133.648 E.09346
G1 X142.637 Y133.648 E.00494
G1 X142.637 Y126.564 E.09075
;LAYER_CHANGE
;Z:3.4
;HEIGHT:0.0800002
;BEFORE_LAYER_CHANGE
G92 E0
;3.4


G1 E-3.5 F3600
;WIPE_START
G1 F7200
G1 X142.637 Y129.722 E-1.5
;WIPE_END
G1 Z3.4 F9000
;AFTER_LAYER_CHANGE
;3.4
G1 X132.5 Y128.58
G1 E5 F2400
;TYPE:Perimeter
;WIDTH:0.439999
G1 F1211
G1 X132.575 Y128.946 E.00525
G1 X132.645 Y129.866 E.01298
G1 X132.586 Y130.968 E.01552
G1 X132.392 Y131.973 E.01439
G1 X132.178 Y132.619 E.00957
G1 X131.935 Y133.223 E.00916
G1 X131.625 Y133.851 E.00985
G1 X131.065 Y134.699 E.01429
G1 X130.399 Y135.467 E.0143
G1 X129.638 Y136.141 E.0143
G1 X128.796 Y136.71 E.01429
G1 X127.886 Y137.165 E.01431
G1 X126.925 Y137.496 E.01429
G1 X125.959 Y137.694 E.01387
G1 X125.089 Y137.769 E.01228
G1 X124.065 Y137.719 E.01442
G1 X122.825 Y137.496 E.01772
G1 X121.938 Y137.195 E.01317
G1 X121.363 Y136.918 E.00898
G1 X120.954 Y136.71 E.00645
G1 X120.176 Y136.19 E.01316
G1 X119.408 Y135.524 E.0143
G1 X118.734 Y134.763 E.0143
G1 X118.165 Y133.921 E.01429
G1 X117.71 Y133.011 E.01431
G1 X117.379 Y132.05 E.01429
G1 X117.175 Y131.054 E.0143
G1 X117.106 Y130.214 E.01185
G1 X117.164 Y129.032 E.01664
G1 X117.344 Y128.097 E.01339
G1 X117.634 Y127.196 E.01331
G1 X118.032 Y126.338 E.0133
G1 X118.529 Y125.534 E.01329
G1 X118.734 Y125.237 E.00508
G1 X119.351 Y124.533 E.01316
G1 X119.797 Y124.135 E.00841
G1 X120.176 Y123.81 E.00702
G1 X120.954 Y123.29 E.01316
G1 X121.864 Y122.835 E.01431
G1 X122.825 Y122.504 E.01429
G1 X123.821 Y122.3 E.0143
G1 X124.661 Y122.231 E.01185
G1 X125.843 Y122.289 E.01664
G1 X126.848 Y122.483 E.01439
G1 X127.812 Y122.805 E.01429
G1 X128.688 Y123.231 E.0137
G1 X129.481 Y123.748 E.01331
G1 X130.205 Y124.356 E.0133
G1 X130.85 Y125.048 E.0133
G1 X131.065 Y125.301 E.00467
G1 X131.585 Y126.079 E.01316
G1 X131.935 Y126.777 E.01098
G1 X132.178 Y127.381 E.00916
G1 X132.371 Y127.95 E.00845
G1 X132.488 Y128.521 E.0082
G1 X132.085 Y128.602 F9000
;TYPE:External perimeter
;WIDTH:0.419999
G1 F1211
G1 X132.17 Y129.026 E.00579
G1 X132.233 Y129.844 E.01099
G1 X132.173 Y130.945 E.01477
G1 X131.987 Y131.892 E.01293
G1 X131.787 Y132.487 E.00841
G1 X131.565 Y133.04 E.00798
G1 X131.255 Y133.668 E.00938
G1 X130.722 Y134.47 E.0129
G1 X130.088 Y135.195 E.0129
G1 X129.366 Y135.831 E.01289
G1 X128.566 Y136.367 E.0129
G1 X127.704 Y136.794 E.01289
G1 X126.793 Y137.105 E.0129
G1 X125.878 Y137.289 E.0125
G1 X125.057 Y137.357 E.01104
G1 X124.087 Y137.307 E.01301
G1 X123.217 Y137.159 E.01182
G1 X122.046 Y136.794 E.01643
G1 X121.207 Y136.38 E.01254
G1 X120.384 Y135.831 E.01325
G1 X119.68 Y135.213 E.01255
G1 X119.044 Y134.491 E.01289
G1 X118.508 Y133.691 E.0129
G1 X118.081 Y132.829 E.01289
G1 X117.77 Y131.918 E.0129
G1 X117.58 Y130.974 E.0129
G1 X117.518 Y130.182 E.01064
G1 X117.577 Y129.055 E.01512
G1 X117.749 Y128.178 E.01197
G1 X118.025 Y127.329 E.01196
G1 X118.402 Y126.52 E.01196
G1 X119.044 Y125.509 E.01605
G1 X119.662 Y124.805 E.01255
G1 X120.069 Y124.446 E.00727
G1 X120.405 Y124.153 E.00597
G1 X121.184 Y123.633 E.01255
G1 X122.046 Y123.206 E.01289
G1 X122.957 Y122.895 E.0129
G1 X123.901 Y122.705 E.0129
G1 X124.693 Y122.643 E.01064
G1 X125.82 Y122.702 E.01512
G1 X126.767 Y122.888 E.01293
G1 X127.679 Y123.196 E.0129
G1 X128.505 Y123.601 E.01233
G1 X129.251 Y124.091 E.01196
G1 X129.933 Y124.667 E.01196
G1 X130.54 Y125.32 E.01195
G1 X130.722 Y125.53 E.00372
G1 X131.242 Y126.309 E.01255
G1 X131.565 Y126.96 E.00974
G1 X131.787 Y127.513 E.00798
G1 X131.98 Y128.082 E.00805
G1 X132.073 Y128.543 E.0063
G1 E-3.5 F3600
;WIPE_START
G1 F7200
G1 X132.085 Y128.602 E-.0286
G1 X132.17 Y129.026 E-.20541
G1 X132.233 Y129.844 E-.3897
G1 X132.173 Y130.945 E-.52375
G1 X132.03 Y131.673 E-.35254
;WIPE_END
G1 X134.345 Y130.015 F9000
G1 E5 F2400
;TYPE:Perimeter
;WIDTH:0.439999
G1 F1211
G1 X134.345 Y133.954 E.0554
G1 X132.653 Y133.954 E.0238
;WIDTH:0.481342
G1 X132.083 Y134.1 E.00908
;WIDTH:0.50483
G1 X131.964 Y134.173 E.00226
G1 X132.023 Y134.047 E.00226
;WIDTH:0.481342
G1 X132.314 Y133.41 E.01081
;WIDTH:0.439999
G1 X132.578 Y132.755 E.00993
G1 X132.807 Y132.055 E.01036
G1 X133.008 Y130.99 E.01524
G1 X133.067 Y129.889 E.01551
G1 X132.989 Y128.863 E.01447
G1 X132.772 Y127.814 E.01506
G1 X132.578 Y127.245 E.00845
G1 X132.314 Y126.59 E.00993
;WIDTH:0.478578
G1 X131.889 Y125.738 E.01461
G1 X132.09 Y125.888 E.00385
;WIDTH:0.453461
G1 X132.653 Y126.046 E.00849
;WIDTH:0.439999
G1 X134.345 Y126.046 E.0238
G1 X134.345 Y126.953 E.01276
G1 X134.345 Y129.955 E.04222
G1 E-3.5 F3600
;WIPE_START
G1 F7200
G1 X134.345 Y130.015 E-.0285
G1 X134.345 Y133.113 E-1.4715
;WIPE_END
G1 X131.964 Y134.173 F9000
G1 E5 F2400
;WIDTH:0.50483
G1 F1211
G1 X131.689 Y134.553 E.00761
;WIDTH:0.469449
G1 X131.414 Y134.932 E.00704
;WIDTH:0.435336
G1 X130.715 Y135.744 E.0149
;WIDTH:0.437196
G1 X129.916 Y136.458 E.01497
;WIDTH:0.439642
G1 X129.03 Y137.062 E.01507
;WIDTH:0.442684
G1 X128.074 Y137.545 E.01516
;WIDTH:0.44631
G1 X127.062 Y137.9 E.01531
;WIDTH:0.450298
G1 X126.042 Y138.114 E.01501
G1 X125.122 Y138.192 E.0133
;WIDTH:0.45848
G1 X124.041 Y138.151 E.01588
;WIDTH:0.458798
G1 X123.052 Y137.988 E.01472
;WIDTH:0.46045
G1 X122.091 Y137.705 E.01477
;WIDTH:0.461508
G1 X121.171 Y137.307 E.01481
G1 X120.721 Y137.059 E.00759
;WIDTH:0.433446
G1 X119.943 Y136.539 E.01296
;WIDTH:0.461856
G1 X119.511 Y136.191 E.0082
G1 X119.132 Y135.839 E.00765
;WIDTH:0.433724
G1 X118.418 Y135.04 E.01485
;WIDTH:0.434748
G1 X117.815 Y134.154 E.01489
;WIDTH:0.436364
G1 X117.333 Y133.197 E.01494
;WIDTH:0.43857
G1 X116.979 Y132.186 E.01501
;WIDTH:0.441368
G1 X116.76 Y131.137 E.01512
G1 X116.686 Y130.247 E.0126
;WIDTH:0.448768
G1 X116.738 Y129.009 E.01779
;WIDTH:0.452388
G1 X116.923 Y128.013 E.01466
;WIDTH:0.455468
G1 X117.227 Y127.058 E.01461
;WIDTH:0.457948
G1 X117.644 Y126.147 E.01469
;WIDTH:0.459842
G1 X118.17 Y125.293 E.01477
;WIDTH:0.461144
G1 X118.795 Y124.51 E.01479
;WIDTH:0.461856
G1 X119.511 Y123.809 E.01482
G1 X119.943 Y123.461 E.0082
;WIDTH:0.433448
G1 X120.721 Y122.941 E.01296
;WIDTH:0.461508
G1 X121.171 Y122.693 E.00759
G1 X121.678 Y122.459 E.00825
;WIDTH:0.434254
G1 X122.69 Y122.106 E.01487
;WIDTH:0.43563
G1 X123.739 Y121.888 E.01491
G1 X124.628 Y121.813 E.01242
;WIDTH:0.44043
G1 X125.865 Y121.867 E.01743
;WIDTH:0.443286
G1 X126.93 Y122.067 E.01536
;WIDTH:0.447024
G1 X127.949 Y122.401 E.01533
;WIDTH:0.450952
G1 X128.877 Y122.847 E.01485
;WIDTH:0.45427
G1 X129.72 Y123.39 E.01458
;WIDTH:0.456998
G1 X130.49 Y124.032 E.01467
;WIDTH:0.459132
G1 X131.175 Y124.763 E.01473
;WIDTH:0.463666
G1 X131.807 Y125.628 E.01591
;WIDTH:0.478578
G1 X131.889 Y125.738 E.00211
G1 X132.391 Y125.527 F9000
;WIDTH:0.439999
G1 F1211
G1 X132.653 Y125.623 E.00392
G1 X134.768 Y125.623 E.02974
G1 X134.768 Y126.953 E.0187
G1 X134.768 Y134.377 E.10441
G1 X132.653 Y134.377 E.02974
G1 X132.322 Y134.474 E.00485
G1 X132.157 Y134.628 E.00317
G1 X131.509 Y135.514 E.01544
G1 X130.786 Y136.283 E.01484
G1 X129.974 Y136.957 E.01484
G1 X129.087 Y137.528 E.01484
G1 X128.136 Y137.986 E.01484
G1 X127.137 Y138.324 E.01483
G1 X126.103 Y138.538 E.01485
G1 X125.052 Y138.624 E.01483
G1 X123.997 Y138.581 E.01485
G1 X122.956 Y138.41 E.01484
G1 X121.944 Y138.113 E.01483
G1 X120.975 Y137.694 E.01485
G1 X120.065 Y137.16 E.01484
G1 X119.226 Y136.519 E.01485
G1 X118.473 Y135.781 E.01483
G1 X117.815 Y134.956 E.01484
G1 X117.262 Y134.057 E.01484
G1 X116.824 Y133.097 E.01484
G1 X116.506 Y132.091 E.01484
G1 X116.314 Y131.053 E.01485
G1 X116.249 Y130 E.01484
G1 X116.314 Y128.947 E.01484
G1 X116.506 Y127.909 E.01485
G1 X116.824 Y126.903 E.01484
G1 X117.262 Y125.943 E.01484
G1 X117.815 Y125.044 E.01484
G1 X118.473 Y124.219 E.01484
G1 X119.226 Y123.481 E.01483
G1 X120.065 Y122.84 E.01485
G1 X120.975 Y122.306 E.01484
G1 X121.944 Y121.887 E.01485
G1 X122.956 Y121.59 E.01483
G1 X123.997 Y121.419 E.01484
G1 X125.052 Y121.376 E.01485
G1 X126.103 Y121.462 E.01483
G1 X127.137 Y121.676 E.01485
G1 X128.136 Y122.014 E.01483
G1 X129.087 Y122.472 E.01484
G1 X129.974 Y123.043 E.01484
G1 X130.786 Y123.717 E.01484
G1 X131.49 Y124.467 E.01447
G1 X132.257 Y125.478 E.01785
G1 X132.334 Y125.506 E.00115
G1 X132.572 Y125.169 F9000
;TYPE:External perimeter
;WIDTH:0.419999
G1 F1211
G1 X132.653 Y125.21 E.00122
G1 X135.181 Y125.21 E.03387
G1 X135.181 Y126.953 E.02335
G1 X135.181 Y134.79 E.105
G1 X132.653 Y134.79 E.03387
G1 X132.49 Y134.872 E.00244
G1 X131.827 Y135.778 E.01504
G1 X131.069 Y136.584 E.01482
G1 X130.219 Y137.291 E.01481
G1 X129.289 Y137.889 E.01481
G1 X128.292 Y138.369 E.01483
G1 X127.245 Y138.723 E.01481
G1 X126.162 Y138.947 E.01482
G1 X125.06 Y139.038 E.01482
G1 X123.955 Y138.993 E.01482
G1 X122.864 Y138.813 E.01482
G1 X121.803 Y138.502 E.01481
G1 X120.788 Y138.063 E.01482
G1 X119.834 Y137.504 E.01481
G1 X118.956 Y136.832 E.01481
G1 X118.166 Y136.058 E.01482
G1 X117.476 Y135.194 E.01481
G1 X116.897 Y134.251 E.01483
G1 X116.438 Y133.245 E.01482
G1 X116.105 Y132.191 E.01481
G1 X115.903 Y131.104 E.01481
G1 X115.835 Y130 E.01482
G1 X115.903 Y128.896 E.01482
G1 X116.105 Y127.809 E.01481
G1 X116.438 Y126.755 E.01481
G1 X116.897 Y125.749 E.01482
G1 X117.476 Y124.806 E.01483
G1 X118.166 Y123.942 E.01481
G1 X118.956 Y123.168 E.01482
G1 X119.834 Y122.496 E.01481
G1 X120.788 Y121.937 E.01481
G1 X121.803 Y121.498 E.01482
G1 X122.864 Y121.187 E.01481
G1 X123.955 Y121.007 E.01482
G1 X125.06 Y120.962 E.01482
G1 X126.162 Y121.053 E.01482
G1 X127.245 Y121.277 E.01482
G1 X128.292 Y121.631 E.01481
G1 X129.289 Y122.111 E.01483
G1 X130.219 Y122.709 E.01481
G1 X131.069 Y123.416 E.01481
G1 X131.827 Y124.222 E.01482
G1 X132.49 Y125.128 E.01504
G1 X132.518 Y125.142 E.00042
G1 X133.365 Y126.635 F9000
;TYPE:Internal infill
;WIDTH:0.44
G1 F1211
G1 X132.878 Y127.122 E.00969
G1 E-3.5 F3600
;WIPE_START
G1 F7200
G1 X133.365 Y126.635 E-.32714
;WIPE_END
G1 E-1.17286 F3600
G1 X133.443 Y129.916 F9000
G1 E5 F2400
;TYPE:Solid infill
;WIDTH:0.542709
G1 F1211
G1 X133.443 Y129.883 E.00058
;WIDTH:0.572674
G1 X133.362 Y128.765 E.02071
G1 X133.523 Y128.721 E.00308
G1 X133.556 Y128.651 E.00143
;WIDTH:0.530413
G1 X133.589 Y128.582 E.00131
;WIDTH:0.488152
G1 X133.622 Y128.512 E.00121
;WIDTH:0.44589
G1 X133.655 Y128.443 E.00109
;WIDTH:0.403629
G1 X133.697 Y128.142 E.00391
;WIDTH:0.374031
G1 X133.74 Y127.841 E.00361
;WIDTH:0.344434
G1 X133.74 Y126.323 E.01652
G1 X134.067 Y126.323 E.00356
G1 X134.067 Y127.841 E.01652
;WIDTH:0.347545
G1 X134.066 Y127.905 E.0007
;WIDTH:0.375587
G1 X134.052 Y128.193 E.00344
;WIDTH:0.403629
G1 X134.038 Y128.48 E.00369
;WIDTH:0.44589
G1 X134.016 Y128.598 E.00171
;WIDTH:0.488152
G1 X133.995 Y128.717 E.00189
;WIDTH:0.530413
G1 X133.974 Y128.835 E.00205
;WIDTH:0.572674
G1 X133.953 Y128.954 E.00223
G1 X133.968 Y129.932 E.01807
;WIDTH:0.575505
G1 X133.952 Y131.011 E.02004
G1 X133.974 Y131.133 E.0023
;WIDTH:0.531615
G1 X133.996 Y131.256 E.00214
;WIDTH:0.487726
G1 X134.017 Y131.379 E.00195
;WIDTH:0.443836
G1 X134.039 Y131.502 E.00177
;WIDTH:0.399946
G1 X134.053 Y131.822 E.00408
;WIDTH:0.372545
G1 X134.067 Y132.142 E.00379
;WIDTH:0.345144
G1 X134.067 Y133.676 E.01673
;WIDTH:0.344554
G1 X133.74 Y133.676 E.00356
;WIDTH:0.345144
G1 X133.739 Y132.142 E.01673
;WIDTH:0.347781
G1 X133.738 Y132.113 E.00032
;WIDTH:0.373864
G1 X133.699 Y131.824 E.00346
;WIDTH:0.399946
G1 X133.66 Y131.536 E.0037
;WIDTH:0.443836
G1 X133.627 Y131.464 E.00112
;WIDTH:0.487726
G1 X133.594 Y131.393 E.00123
;WIDTH:0.531615
G1 X133.561 Y131.321 E.00136
;WIDTH:0.575505
G1 X133.528 Y131.25 E.00145
G1 X133.392 Y131.209 E.00264
G1 X133.433 Y130.128 E.02009
G1 E-3.5 F3600
;WIPE_START
G1 F7200
G1 X133.392 Y131.209 E-.51384
G1 X133.528 Y131.25 E-.06747
G1 X133.561 Y131.321 E-.03719
G1 X133.594 Y131.393 E-.03762
G1 X133.627 Y131.464 E-.03719
G1 X133.66 Y131.536 E-.03762
G1 X133.699 Y131.824 E-.13805
G1 X133.738 Y132.113 E-.13852
G1 X133.739 Y132.142 E-.01378
G1 X133.74 Y133.15 E-.47872
;WIPE_END
G1 X132.878 Y132.878 F9000
G1 E5 F2400
;TYPE:Internal infill
;WIDTH:0.44
G1 F1211
G1 X133.365 Y133.365 E.00969
G1 E-3.5 F3600
;WIPE_START
G1 F7200
G1 X132.878 Y132.878 E-.32714
;WIPE_END
G1 E-1.17286 F3600
G1 X142.405 Y133.954 F9000
G1 E5 F2400
;TYPE:Perimeter
;WIDTH:0.439999
G1 F1211
G1 X142.405 Y126.046 E.11121
G1 X143.329 Y126.046 E.01299
G1 X143.329 Y126.508 E.0065
G1 X143.329 Y133.954 E.10472
G1 X142.465 Y133.954 E.01215
G1 X141.982 Y134.377 F9000
G1 F1211
G1 X141.982 Y125.623 E.12311
G1 X143.752 Y125.623 E.02489
G1 X143.752 Y126.508 E.01245
G1 X143.752 Y134.377 E.11067
G1 X142.042 Y134.377 E.02405
G1 X141.569 Y134.79 F9000
;TYPE:External perimeter
;WIDTH:0.419999
G1 F1211
G1 X141.569 Y125.21 E.12835
G1 X144.165 Y125.21 E.03478
G1 X144.165 Y126.508 E.01739
G1 X144.165 Y134.79 E.11096
G1 X141.629 Y134.79 E.03398
G1 X142.693 Y133.666 F9000
;TYPE:Solid infill
;WIDTH:0.365174
G1 F1211
G1 X142.693 Y126.334 E.08487
G1 X143.041 Y126.334 E.00403
G1 X143.041 Y133.666 E.08487
G1 X142.905 Y133.666 E.00157
;LAYER_CHANGE
;Z:3.48
;HEIGHT:0.0799999
;BEFORE_LAYER_CHANGE
G92 E0
;3.48


G1 E-3.5 F3600
;WIPE_START
G1 F7200
G1 X143.041 Y133.666 E-.0646
G1 X143.041 Y130.644 E-1.4354
;WIPE_END
G1 Z3.48 F9000
;AFTER_LAYER_CHANGE
;3.48
G1 X132.466 Y131.59
G1 E5 F2400
;TYPE:Perimeter
;WIDTH:0.439999
G1 F1171
G1 X132.392 Y131.973 E.00549
G1 X132.164 Y132.66 E.01018
G1 X131.935 Y133.223 E.00855
G1 X131.625 Y133.851 E.00985
G1 X131.065 Y134.699 E.01429
G1 X130.399 Y135.467 E.0143
G1 X129.638 Y136.141 E.0143
G1 X128.796 Y136.71 E.01429
G1 X127.886 Y137.165 E.01431
G1 X126.925 Y137.496 E.01429
G1 X125.959 Y137.694 E.01387
G1 X125.089 Y137.769 E.01228
G1 X124.065 Y137.719 E.01442
G1 X122.825 Y137.496 E.01772
G1 X121.938 Y137.195 E.01317
G1 X121.363 Y136.918 E.00898
G1 X120.954 Y136.71 E.00645
G1 X120.176 Y136.19 E.01316
G1 X119.408 Y135.524 E.0143
G1 X118.734 Y134.763 E.0143
G1 X118.165 Y133.921 E.01429
G1 X117.71 Y133.011 E.01431
G1 X117.379 Y132.05 E.01429
G1 X117.175 Y131.054 E.0143
G1 X117.106 Y130.214 E.01185
G1 X117.164 Y129.032 E.01664
G1 X117.344 Y128.097 E.01339
G1 X117.634 Y127.196 E.01331
G1 X118.032 Y126.338 E.0133
G1 X118.529 Y125.534 E.01329
G1 X118.734 Y125.237 E.00508
G1 X119.351 Y124.533 E.01316
G1 X119.797 Y124.135 E.00841
G1 X120.176 Y123.81 E.00702
G1 X120.954 Y123.29 E.01316
G1 X121.864 Y122.835 E.01431
G1 X122.825 Y122.504 E.01429
G1 X123.821 Y122.3 E.0143
G1 X124.661 Y122.231 E.01185
G1 X125.843 Y122.289 E.01664
G1 X126.848 Y122.483 E.01439
G1 X127.812 Y122.805 E.01429
G1 X128.688 Y123.231 E.0137
G1 X129.481 Y123.748 E.01331
G1 X130.205 Y124.356 E.0133
G1 X130.85 Y125.048 E.0133
G1 X131.065 Y125.301 E.00467
G1 X131.585 Y126.079 E.01316
G1 X131.935 Y126.777 E.01098
G1 X132.164 Y127.34 E.00855
G1 X132.371 Y127.95 E.00906
G1 X132.575 Y128.946 E.0143
G1 X132.645 Y129.866 E.01298
G1 X132.586 Y130.968 E.01552
G1 X132.477 Y131.531 E.00806
G1 X132.074 Y131.451 F9000
;TYPE:External perimeter
;WIDTH:0.419999
G1 F1171
G1 X131.987 Y131.892 E.00602
G1 X131.773 Y132.528 E.00899
G1 X131.565 Y133.04 E.0074
G1 X131.255 Y133.668 E.00938
G1 X130.722 Y134.47 E.0129
G1 X130.088 Y135.195 E.0129
G1 X129.366 Y135.831 E.01289
G1 X128.566 Y136.367 E.0129
G1 X127.704 Y136.794 E.01289
G1 X126.793 Y137.105 E.0129
G1 X125.878 Y137.289 E.0125
G1 X125.057 Y137.357 E.01104
G1 X124.087 Y137.307 E.01301
G1 X123.217 Y137.159 E.01182
G1 X122.046 Y136.794 E.01643
G1 X121.207 Y136.38 E.01254
G1 X120.384 Y135.831 E.01325
G1 X119.68 Y135.213 E.01255
G1 X119.044 Y134.491 E.01289
G1 X118.508 Y133.691 E.0129
G1 X118.081 Y132.829 E.01289
G1 X117.77 Y131.918 E.0129
G1 X117.58 Y130.974 E.0129
G1 X117.518 Y130.182 E.01064
G1 X117.577 Y129.055 E.01512
G1 X117.749 Y128.178 E.01197
G1 X118.025 Y127.329 E.01196
G1 X118.402 Y126.52 E.01196
G1 X119.044 Y125.509 E.01605
G1 X119.662 Y124.805 E.01255
G1 X120.069 Y124.446 E.00727
G1 X120.405 Y124.153 E.00597
G1 X121.184 Y123.633 E.01255
G1 X122.046 Y123.206 E.01289
G1 X122.957 Y122.895 E.0129
G1 X123.901 Y122.705 E.0129
G1 X124.693 Y122.643 E.01064
G1 X125.82 Y122.702 E.01512
G1 X126.767 Y122.888 E.01293
G1 X127.679 Y123.196 E.0129
G1 X128.505 Y123.601 E.01233
G1 X129.251 Y124.091 E.01196
G1 X129.933 Y124.667 E.01196
G1 X130.54 Y125.32 E.01195
G1 X130.722 Y125.53 E.00372
G1 X131.242 Y126.309 E.01255
G1 X131.565 Y126.96 E.00974
G1 X131.773 Y127.472 E.0074
G1 X131.98 Y128.082 E.00863
G1 X132.17 Y129.026 E.0129
G1 X132.233 Y129.844 E.01099
G1 X132.173 Y130.945 E.01477
G1 X132.086 Y131.392 E.0061
G1 E-3.5 F3600
;WIPE_START
G1 F7200
G1 X132.074 Y131.451 E-.0286
G1 X131.987 Y131.892 E-.21351
G1 X131.773 Y132.528 E-.31874
G1 X131.565 Y133.04 E-.2625
G1 X131.255 Y133.668 E-.33266
G1 X130.854 Y134.271 E-.34399
;WIPE_END
G1 X134.271 Y129.881 F9000
G1 E5 F2400
;TYPE:Perimeter
;WIDTH:0.439999
G1 F1171
G1 X134.271 Y133.954 E.05728
G1 X132.653 Y133.954 E.02275
;WIDTH:0.481342
G1 X132.083 Y134.1 E.00908
;WIDTH:0.50483
G1 X131.964 Y134.173 E.00226
G1 X132.023 Y134.047 E.00226
;WIDTH:0.481342
G1 X132.314 Y133.41 E.01081
;WIDTH:0.439999
G1 X132.565 Y132.796 E.00933
G1 X132.807 Y132.055 E.01096
G1 X133.008 Y130.99 E.01524
G1 X133.067 Y129.889 E.01551
G1 X132.989 Y128.863 E.01447
G1 X132.772 Y127.814 E.01506
G1 X132.565 Y127.204 E.00906
G1 X132.314 Y126.59 E.00933
;WIDTH:0.478578
G1 X131.889 Y125.738 E.01461
G1 X132.09 Y125.888 E.00385
;WIDTH:0.453461
G1 X132.653 Y126.046 E.00849
;WIDTH:0.439999
G1 X134.271 Y126.046 E.02275
G1 X134.271 Y126.922 E.01232
G1 X134.271 Y129.821 E.04077
G1 E-3.5 F3600
;WIPE_START
G1 F7200
G1 X134.271 Y129.881 E-.0285
G1 X134.271 Y132.979 E-1.4715
;WIPE_END
G1 X131.964 Y134.173 F9000
G1 E5 F2400
;WIDTH:0.50483
G1 F1171
G1 X131.689 Y134.553 E.00761
;WIDTH:0.469449
G1 X131.414 Y134.932 E.00704
;WIDTH:0.435336
G1 X130.715 Y135.744 E.0149
;WIDTH:0.437194
G1 X129.916 Y136.458 E.01497
;WIDTH:0.439642
G1 X129.03 Y137.062 E.01507
;WIDTH:0.442682
G1 X128.074 Y137.545 E.01516
;WIDTH:0.446308
G1 X127.062 Y137.9 E.01531
;WIDTH:0.450298
G1 X126.042 Y138.114 E.01501
G1 X125.122 Y138.192 E.0133
;WIDTH:0.45848
G1 X124.041 Y138.151 E.01588
;WIDTH:0.458798
G1 X123.052 Y137.988 E.01472
;WIDTH:0.46045
G1 X122.091 Y137.705 E.01477
;WIDTH:0.461508
G1 X121.171 Y137.307 E.01481
G1 X120.721 Y137.059 E.00759
;WIDTH:0.433446
G1 X119.943 Y136.539 E.01296
;WIDTH:0.461854
G1 X119.511 Y136.191 E.0082
G1 X119.132 Y135.839 E.00765
;WIDTH:0.433724
G1 X118.418 Y135.04 E.01485
;WIDTH:0.434748
G1 X117.815 Y134.154 E.01489
;WIDTH:0.436364
G1 X117.333 Y133.197 E.01494
;WIDTH:0.43857
G1 X116.979 Y132.186 E.01501
;WIDTH:0.44137
G1 X116.76 Y131.137 E.01512
G1 X116.686 Y130.247 E.0126
;WIDTH:0.448768
G1 X116.738 Y129.009 E.01779
;WIDTH:0.45239
G1 X116.923 Y128.013 E.01466
;WIDTH:0.455468
G1 X117.227 Y127.058 E.01461
;WIDTH:0.457948
G1 X117.644 Y126.147 E.01469
;WIDTH:0.459842
G1 X118.17 Y125.293 E.01477
;WIDTH:0.461144
G1 X118.795 Y124.51 E.01479
;WIDTH:0.461856
G1 X119.511 Y123.809 E.01482
G1 X119.943 Y123.461 E.0082
;WIDTH:0.433448
G1 X120.721 Y122.941 E.01296
;WIDTH:0.461508
G1 X121.171 Y122.693 E.00759
G1 X121.678 Y122.459 E.00825
;WIDTH:0.434252
G1 X122.69 Y122.106 E.01487
;WIDTH:0.43563
G1 X123.739 Y121.888 E.01491
G1 X124.628 Y121.813 E.01242
;WIDTH:0.44043
G1 X125.865 Y121.867 E.01743
;WIDTH:0.443286
G1 X126.93 Y122.067 E.01536
;WIDTH:0.447024
G1 X127.949 Y122.401 E.01533
;WIDTH:0.450954
G1 X128.877 Y122.847 E.01486
;WIDTH:0.45427
G1 X129.72 Y123.39 E.01458
;WIDTH:0.456998
G1 X130.49 Y124.032 E.01467
;WIDTH:0.459132
G1 X131.175 Y124.763 E.01473
;WIDTH:0.463666
G1 X131.807 Y125.628 E.01591
;WIDTH:0.478578
G1 X131.889 Y125.738 E.00211
G1 X132.391 Y125.527 F9000
;WIDTH:0.439999
G1 F1171
G1 X132.653 Y125.623 E.00392
G1 X134.694 Y125.623 E.0287
G1 X134.694 Y126.922 E.01827
G1 X134.694 Y134.377 E.10484
G1 X132.653 Y134.377 E.0287
G1 X132.322 Y134.474 E.00485
G1 X132.157 Y134.628 E.00317
G1 X131.509 Y135.514 E.01544
G1 X130.786 Y136.283 E.01484
G1 X129.974 Y136.957 E.01484
G1 X129.087 Y137.528 E.01484
G1 X128.136 Y137.986 E.01484
G1 X127.137 Y138.324 E.01483
G1 X126.103 Y138.538 E.01485
G1 X125.052 Y138.624 E.01483
G1 X123.997 Y138.581 E.01485
G1 X122.956 Y138.41 E.01484
G1 X121.944 Y138.113 E.01483
G1 X120.975 Y137.694 E.01485
G1 X120.065 Y137.16 E.01484
G1 X119.226 Y136.519 E.01485
G1 X118.473 Y135.781 E.01483
G1 X117.815 Y134.956 E.01484
G1 X117.262 Y134.057 E.01484
G1 X116.824 Y133.097 E.01484
G1 X116.506 Y132.091 E.01484
G1 X116.314 Y131.053 E.01485
G1 X116.249 Y130 E.01484
G1 X116.314 Y128.947 E.01484
G1 X116.506 Y127.909 E.01485
G1 X116.824 Y126.903 E.01484
G1 X117.262 Y125.943 E.01484
G1 X117.815 Y125.044 E.01484
G1 X118.473 Y124.219 E.01484
G1 X119.226 Y123.481 E.01483
G1 X120.065 Y122.84 E.01485
G1 X120.975 Y122.306 E.01484
G1 X121.944 Y121.887 E.01485
G1 X122.956 Y121.59 E.01483
G1 X123.997 Y121.419 E.01484
G1 X125.052 Y121.376 E.01485
G1 X126.103 Y121.462 E.01483
G1 X127.137 Y121.676 E.01485
G1 X128.136 Y122.014 E.01483
G1 X129.087 Y122.472 E.01484
G1 X129.974 Y123.043 E.01484
G1 X130.786 Y123.717 E.01484
G1 X131.49 Y124.467 E.01447
G1 X132.257 Y125.478 E.01785
G1 X132.334 Y125.506 E.00115
G1 X132.572 Y125.169 F9000
;TYPE:External perimeter
;WIDTH:0.419999
G1 F1171
G1 X132.653 Y125.21 E.00122
G1 X135.106 Y125.21 E.03287
G1 X135.106 Y126.922 E.02294
G1 X135.106 Y134.79 E.10542
G1 X132.653 Y134.79 E.03287
G1 X132.49 Y134.872 E.00244
G1 X131.827 Y135.778 E.01504
G1 X131.069 Y136.584 E.01482
G1 X130.219 Y137.291 E.01481
G1 X129.289 Y137.889 E.01481
G1 X128.292 Y138.369 E.01483
G1 X127.245 Y138.723 E.01481
G1 X126.162 Y138.947 E.01482
G1 X125.06 Y139.038 E.01482
G1 X123.955 Y138.993 E.01482
G1 X122.864 Y138.813 E.01482
G1 X121.803 Y138.502 E.01481
G1 X120.788 Y138.063 E.01482
G1 X119.834 Y137.504 E.01481
G1 X118.956 Y136.832 E.01481
G1 X118.166 Y136.058 E.01482
G1 X117.476 Y135.194 E.01481
G1 X116.897 Y134.251 E.01483
G1 X116.438 Y133.245 E.01482
G1 X116.105 Y132.191 E.01481
G1 X115.903 Y131.104 E.01481
G1 X115.835 Y130 E.01482
G1 X115.903 Y128.896 E.01482
G1 X116.105 Y127.809 E.01481
G1 X116.438 Y126.755 E.01481
G1 X116.897 Y125.749 E.01482
G1 X117.476 Y124.806 E.01483
G1 X118.166 Y123.942 E.01481
G1 X118.956 Y123.168 E.01482
G1 X119.834 Y122.496 E.01481
G1 X120.788 Y121.937 E.01481
G1 X121.803 Y121.498 E.01482
G1 X122.864 Y121.187 E.01481
G1 X123.955 Y121.007 E.01482
G1 X125.06 Y120.962 E.01482
G1 X126.162 Y121.053 E.01482
G1 X127.245 Y121.277 E.01482
G1 X128.292 Y121.631 E.01481
G1 X129.289 Y122.111 E.01483
G1 X130.219 Y122.709 E.01481
G1 X131.069 Y123.416 E.01481
G1 X131.827 Y124.222 E.01482
G1 X132.49 Y125.128 E.01504
G1 X132.518 Y125.142 E.00042
G1 X133.33 Y126.67 F9000
;TYPE:Internal infill
;WIDTH:0.44
G1 F1171
G1 X132.878 Y127.122 E.00899
G1 X133.849 Y126.468 F9000
;TYPE:Solid infill
;WIDTH:0.632752
G1 F1171
G1 X133.849 Y127.845 E.02819
;WIDTH:0.637568
G1 X133.79 Y128.104 E.00548
;WIDTH:0.599023
G1 X133.746 Y128.264 E.00321
;WIDTH:0.568684
G1 X133.702 Y128.425 E.00306
;WIDTH:0.538345
G1 X133.535 Y128.651 E.00487
G1 X133.345 Y128.77 E.00389
G1 X133.425 Y129.884 E.01936
;WIDTH:0.505527
G1 X133.425 Y129.915 E.0005
;WIDTH:0.540133
G1 X133.349 Y131.251 E.02328
G1 X133.499 Y131.292 E.0027
G1 X133.531 Y131.361 E.00132
;WIDTH:0.498131
G1 X133.563 Y131.431 E.00123
;WIDTH:0.45613
G1 X133.594 Y131.5 E.0011
;WIDTH:0.414128
G1 X133.626 Y131.569 E.001
;WIDTH:0.372126
G1 X133.642 Y131.699 E.00155
;WIDTH:0.407631
G1 X133.676 Y131.764 E.00095
;WIDTH:0.453701
G1 X133.71 Y131.829 E.00107
;WIDTH:0.499772
G1 X133.744 Y131.894 E.00118
;WIDTH:0.545843
G1 X133.778 Y131.959 E.00129
;WIDTH:0.591913
G1 X133.812 Y132.024 E.0014
;WIDTH:0.637984
G1 X133.846 Y132.09 E.00153
G1 X133.869 Y132.02 E.00152
;WIDTH:0.591913
G1 X133.892 Y131.95 E.00141
;WIDTH:0.545843
G1 X133.915 Y131.88 E.0013
;WIDTH:0.499772
G1 X133.938 Y131.81 E.00118
;WIDTH:0.453701
G1 X133.961 Y131.741 E.00106
;WIDTH:0.407631
G1 X133.984 Y131.671 E.00096
;WIDTH:0.403551
G1 X133.963 Y131.505 E.00215
;WIDTH:0.445543
G1 X133.942 Y131.339 E.00238
;WIDTH:0.487534
G1 X133.921 Y131.173 E.00262
;WIDTH:0.513834
G1 X133.908 Y131.12 E.0009
;WIDTH:0.540133
G1 X133.895 Y131.068 E.00093
G1 X133.912 Y129.93 E.0198
;WIDTH:0.535764
G1 X133.897 Y128.948 E.01694
;WIDTH:0.538345
G1 X133.896 Y128.442 E.00877
;WIDTH:0.587957
G1 X133.871 Y128.171 E.00517
;WIDTH:0.637568
G1 X133.846 Y127.9 E.00562
G1 E-3.5 F3600
;WIPE_START
G1 F7200
G1 X133.871 Y128.171 E-.12927
G1 X133.896 Y128.442 E-.12927
G1 X133.897 Y128.948 E-.24035
G1 X133.912 Y129.93 E-.4665
G1 X133.895 Y131.055 E-.53461
;WIPE_END
G1 X133.846 Y132.09 F9000
G1 E5 F2400
;WIDTH:0.637984
G1 F1171
G1 X133.848 Y132.139 E.00101
;WIDTH:0.633918
G1 X133.849 Y133.532 E.02857
G1 X133.33 Y133.33 F9000
;TYPE:Internal infill
;WIDTH:0.44
G1 F1171
G1 X132.878 Y132.878 E.00899
G1 E-3.5 F3600
;WIPE_START
G1 F7200
G1 X133.33 Y133.33 E-.30363
;WIPE_END
G1 E-1.19637 F3600
G1 X142.479 Y133.954 F9000
G1 E5 F2400
;TYPE:Perimeter
;WIDTH:0.439999
G1 F1171
G1 X142.479 Y126.046 E.11121
G1 X143.329 Y126.046 E.01195
G1 X143.329 Y126.471 E.00598
G1 X143.329 Y133.954 E.10524
G1 X142.539 Y133.954 E.01111
G1 X142.056 Y134.377 F9000
G1 F1171
G1 X142.056 Y125.623 E.12311
G1 X143.752 Y125.623 E.02385
G1 X143.752 Y126.471 E.01193
G1 X143.752 Y134.377 E.11119
G1 X142.116 Y134.377 E.02301
G1 X141.644 Y134.79 F9000
;TYPE:External perimeter
;WIDTH:0.419999
G1 F1171
G1 X141.644 Y125.21 E.12835
G1 X144.165 Y125.21 E.03378
G1 X144.165 Y126.471 E.0169
G1 X144.165 Y134.79 E.11146
G1 X141.704 Y134.79 E.03297
G1 E-3.5 F3600
;WIPE_START
G1 F7200
G1 X141.644 Y134.79 E-.0285
G1 X141.644 Y131.692 E-1.4715
;WIPE_END
G1 X142.904 Y126.471 F9000
G1 E5 F2400
;TYPE:Solid infill
;WIDTH:0.6389
G1 F1171
G1 X142.904 Y133.529 E.14595
;LAYER_CHANGE
;Z:3.56
;HEIGHT:0.0799999
;BEFORE_LAYER_CHANGE
G92 E0
;3.56


G1 E-3.5 F3600
;WIPE_START
G1 F7200
G1 X142.904 Y130.371 E-1.5
;WIPE_END
G1 Z3.56 F9000
;AFTER_LAYER_CHANGE
;3.56
G1 X132.491 Y131.458
G1 E5 F2400
;TYPE:Perimeter
;WIDTH:0.439999
G1 F1156
G1 X132.392 Y131.973 E.00738
G1 X132.15 Y132.701 E.01079
G1 X131.935 Y133.223 E.00794
G1 X131.625 Y133.851 E.00985
G1 X131.065 Y134.699 E.01429
G1 X130.399 Y135.467 E.0143
G1 X129.638 Y136.141 E.0143
G1 X128.796 Y136.71 E.01429
G1 X127.886 Y137.165 E.01431
G1 X126.925 Y137.496 E.01429
G1 X125.959 Y137.694 E.01387
G1 X125.089 Y137.769 E.01228
G1 X124.065 Y137.719 E.01442
G1 X122.825 Y137.496 E.01772
G1 X121.938 Y137.195 E.01317
G1 X121.363 Y136.918 E.00898
G1 X120.954 Y136.71 E.00645
G1 X120.176 Y136.19 E.01316
G1 X119.408 Y135.524 E.0143
G1 X118.734 Y134.763 E.0143
G1 X118.165 Y133.921 E.01429
G1 X117.71 Y133.011 E.01431
G1 X117.379 Y132.05 E.01429
G1 X117.175 Y131.054 E.0143
G1 X117.106 Y130.214 E.01185
G1 X117.164 Y129.032 E.01664
G1 X117.344 Y128.097 E.01339
G1 X117.634 Y127.196 E.01331
G1 X118.032 Y126.338 E.0133
G1 X118.529 Y125.534 E.01329
G1 X118.734 Y125.237 E.00508
G1 X119.351 Y124.533 E.01316
G1 X119.797 Y124.135 E.00841
G1 X120.176 Y123.81 E.00702
G1 X120.954 Y123.29 E.01316
G1 X121.864 Y122.835 E.01431
G1 X122.825 Y122.504 E.01429
G1 X123.821 Y122.3 E.0143
G1 X124.661 Y122.231 E.01185
G1 X125.843 Y122.289 E.01664
G1 X126.848 Y122.483 E.01439
G1 X127.812 Y122.805 E.01429
G1 X128.688 Y123.231 E.0137
G1 X129.481 Y123.748 E.01331
G1 X130.205 Y124.356 E.0133
G1 X130.85 Y125.048 E.0133
G1 X131.065 Y125.301 E.00467
G1 X131.585 Y126.079 E.01316
G1 X131.935 Y126.777 E.01098
G1 X132.15 Y127.299 E.00794
G1 X132.371 Y127.95 E.00967
G1 X132.575 Y128.946 E.0143
G1 X132.645 Y129.866 E.01298
G1 X132.586 Y130.968 E.01552
G1 X132.503 Y131.399 E.00617
G1 X132.1 Y131.319 F9000
;TYPE:External perimeter
;WIDTH:0.419999
G1 F1156
G1 X131.987 Y131.892 E.00783
G1 X131.759 Y132.569 E.00957
G1 X131.565 Y133.04 E.00682
G1 X131.255 Y133.668 E.00938
G1 X130.722 Y134.47 E.0129
G1 X130.088 Y135.195 E.0129
G1 X129.366 Y135.831 E.01289
G1 X128.566 Y136.367 E.0129
G1 X127.704 Y136.794 E.01289
G1 X126.793 Y137.105 E.0129
G1 X125.878 Y137.289 E.0125
G1 X125.057 Y137.357 E.01104
G1 X124.087 Y137.307 E.01301
G1 X123.217 Y137.159 E.01182
G1 X122.046 Y136.794 E.01643
G1 X121.207 Y136.38 E.01254
G1 X120.384 Y135.831 E.01325
G1 X119.68 Y135.213 E.01255
G1 X119.044 Y134.491 E.01289
G1 X118.508 Y133.691 E.0129
G1 X118.081 Y132.829 E.01289
G1 X117.77 Y131.918 E.0129
G1 X117.58 Y130.974 E.0129
G1 X117.518 Y130.182 E.01064
G1 X117.577 Y129.055 E.01512
G1 X117.749 Y128.178 E.01197
G1 X118.025 Y127.329 E.01196
G1 X118.402 Y126.52 E.01196
G1 X119.044 Y125.509 E.01605
G1 X119.662 Y124.805 E.01255
G1 X120.069 Y124.446 E.00727
G1 X120.405 Y124.153 E.00597
G1 X121.184 Y123.633 E.01255
G1 X122.046 Y123.206 E.01289
G1 X122.957 Y122.895 E.0129
G1 X123.901 Y122.705 E.0129
G1 X124.693 Y122.643 E.01064
G1 X125.82 Y122.702 E.01512
G1 X126.767 Y122.888 E.01293
G1 X127.679 Y123.196 E.0129
G1 X128.505 Y123.601 E.01233
G1 X129.251 Y124.091 E.01196
G1 X129.933 Y124.667 E.01196
G1 X130.54 Y125.32 E.01195
G1 X130.722 Y125.53 E.00372
G1 X131.242 Y126.309 E.01255
G1 X131.565 Y126.96 E.00974
G1 X131.759 Y127.431 E.00682
G1 X131.98 Y128.082 E.00921
G1 X132.17 Y129.026 E.0129
G1 X132.233 Y129.844 E.01099
G1 X132.173 Y130.945 E.01477
G1 X132.112 Y131.26 E.0043
G1 E-3.5 F3600
;WIPE_START
G1 F7200
G1 X132.1 Y131.319 E-.0286
G1 X131.987 Y131.892 E-.27742
G1 X131.759 Y132.569 E-.33932
G1 X131.565 Y133.04 E-.24196
G1 X131.255 Y133.668 E-.33266
G1 X130.929 Y134.159 E-.28004
;WIPE_END
G1 X134.196 Y129.777 F9000
G1 E5 F2400
;TYPE:Perimeter
;WIDTH:0.439999
G1 F1156
G1 X134.196 Y133.954 E.05874
G1 X132.653 Y133.954 E.0217
;WIDTH:0.481342
G1 X132.083 Y134.1 E.00908
;WIDTH:0.50483
G1 X131.964 Y134.173 E.00226
G1 X132.023 Y134.047 E.00226
;WIDTH:0.481342
G1 X132.314 Y133.41 E.01081
;WIDTH:0.439999
G1 X132.551 Y132.837 E.00872
G1 X132.807 Y132.055 E.01157
G1 X133.008 Y130.99 E.01524
G1 X133.067 Y129.889 E.01551
G1 X132.989 Y128.863 E.01447
G1 X132.772 Y127.814 E.01506
G1 X132.551 Y127.163 E.00967
G1 X132.314 Y126.59 E.00872
;WIDTH:0.478578
G1 X131.889 Y125.738 E.01461
G1 X132.09 Y125.888 E.00385
;WIDTH:0.453461
G1 X132.653 Y126.046 E.00849
;WIDTH:0.439999
G1 X134.196 Y126.046 E.0217
G1 X134.196 Y126.891 E.01188
G1 X134.196 Y129.717 E.03974
G1 E-3.5 F3600
;WIPE_START
G1 F7200
G1 X134.196 Y129.777 E-.0285
G1 X134.196 Y132.875 E-1.4715
;WIPE_END
G1 X131.964 Y134.173 F9000
G1 E5 F2400
;WIDTH:0.50483
G1 F1156
G1 X131.689 Y134.553 E.00761
;WIDTH:0.469449
G1 X131.414 Y134.932 E.00704
;WIDTH:0.435336
G1 X130.715 Y135.744 E.0149
;WIDTH:0.437196
G1 X129.916 Y136.458 E.01497
;WIDTH:0.439642
G1 X129.03 Y137.062 E.01507
;WIDTH:0.442684
G1 X128.074 Y137.545 E.01516
;WIDTH:0.44631
G1 X127.062 Y137.9 E.01531
;WIDTH:0.450298
G1 X126.042 Y138.114 E.01501
G1 X125.122 Y138.192 E.0133
;WIDTH:0.45848
G1 X124.041 Y138.151 E.01588
;WIDTH:0.458798
G1 X123.052 Y137.988 E.01472
;WIDTH:0.46045
G1 X122.091 Y137.705 E.01477
;WIDTH:0.461508
G1 X121.171 Y137.307 E.01481
G1 X120.721 Y137.059 E.00759
;WIDTH:0.433446
G1 X119.943 Y136.539 E.01296
;WIDTH:0.461856
G1 X119.511 Y136.191 E.0082
G1 X119.132 Y135.839 E.00765
;WIDTH:0.433724
G1 X118.418 Y135.04 E.01485
;WIDTH:0.434748
G1 X117.815 Y134.154 E.01489
;WIDTH:0.436364
G1 X117.333 Y133.197 E.01494
;WIDTH:0.43857
G1 X116.979 Y132.186 E.01501
;WIDTH:0.44137
G1 X116.76 Y131.137 E.01512
G1 X116.686 Y130.247 E.0126
;WIDTH:0.448768
G1 X116.738 Y129.009 E.01779
;WIDTH:0.45239
G1 X116.923 Y128.013 E.01466
;WIDTH:0.455468
G1 X117.227 Y127.058 E.01461
;WIDTH:0.457948
G1 X117.644 Y126.147 E.01469
;WIDTH:0.459842
G1 X118.17 Y125.293 E.01477
;WIDTH:0.461144
G1 X118.795 Y124.51 E.01479
;WIDTH:0.461856
G1 X119.511 Y123.809 E.01482
G1 X119.943 Y123.461 E.0082
;WIDTH:0.433448
G1 X120.721 Y122.941 E.01296
;WIDTH:0.461508
G1 X121.171 Y122.693 E.00759
G1 X121.678 Y122.459 E.00825
;WIDTH:0.434254
G1 X122.69 Y122.106 E.01487
;WIDTH:0.43563
G1 X123.739 Y121.888 E.01491
G1 X124.628 Y121.813 E.01242
;WIDTH:0.44043
G1 X125.865 Y121.867 E.01743
;WIDTH:0.443286
G1 X126.93 Y122.067 E.01536
;WIDTH:0.447022
G1 X127.949 Y122.401 E.01533
;WIDTH:0.450952
G1 X128.877 Y122.847 E.01485
;WIDTH:0.45427
G1 X129.72 Y123.39 E.01458
;WIDTH:0.456998
G1 X130.49 Y124.032 E.01467
;WIDTH:0.459132
G1 X131.175 Y124.763 E.01473
;WIDTH:0.463666
G1 X131.807 Y125.628 E.01591
;WIDTH:0.478578
G1 X131.889 Y125.738 E.00211
G1 X132.391 Y125.527 F9000
;WIDTH:0.439999
G1 F1156
G1 X132.653 Y125.623 E.00392
G1 X134.619 Y125.623 E.02765
G1 X134.619 Y126.891 E.01783
G1 X134.619 Y134.377 E.10528
G1 X132.653 Y134.377 E.02765
G1 X132.322 Y134.474 E.00485
G1 X132.157 Y134.628 E.00317
G1 X131.509 Y135.514 E.01544
G1 X130.786 Y136.283 E.01484
G1 X129.974 Y136.957 E.01484
G1 X129.087 Y137.528 E.01484
G1 X128.136 Y137.986 E.01484
G1 X127.137 Y138.324 E.01483
G1 X126.103 Y138.538 E.01485
G1 X125.052 Y138.624 E.01483
G1 X123.997 Y138.581 E.01485
G1 X122.956 Y138.41 E.01484
G1 X121.944 Y138.113 E.01483
G1 X120.975 Y137.694 E.01485
G1 X120.065 Y137.16 E.01484
G1 X119.226 Y136.519 E.01485
G1 X118.473 Y135.781 E.01483
G1 X117.815 Y134.956 E.01484
G1 X117.262 Y134.057 E.01484
G1 X116.824 Y133.097 E.01484
G1 X116.506 Y132.091 E.01484
G1 X116.314 Y131.053 E.01485
G1 X116.249 Y130 E.01484
G1 X116.314 Y128.947 E.01484
G1 X116.506 Y127.909 E.01485
G1 X116.824 Y126.903 E.01484
G1 X117.262 Y125.943 E.01484
G1 X117.815 Y125.044 E.01484
G1 X118.473 Y124.219 E.01484
G1 X119.226 Y123.481 E.01483
G1 X120.065 Y122.84 E.01485
G1 X120.975 Y122.306 E.01484
G1 X121.944 Y121.887 E.01485
G1 X122.956 Y121.59 E.01483
G1 X123.997 Y121.419 E.01484
G1 X125.052 Y121.376 E.01485
G1 X126.103 Y121.462 E.01483
G1 X127.137 Y121.676 E.01485
G1 X128.136 Y122.014 E.01483
G1 X129.087 Y122.472 E.01484
G1 X129.974 Y123.043 E.01484
G1 X130.786 Y123.717 E.01484
G1 X131.49 Y124.467 E.01447
G1 X132.257 Y125.478 E.01785
G1 X132.334 Y125.506 E.00115
G1 X132.572 Y125.169 F9000
;TYPE:External perimeter
;WIDTH:0.419999
G1 F1156
G1 X132.653 Y125.21 E.00122
G1 X135.032 Y125.21 E.03187
G1 X135.032 Y126.891 E.02252
G1 X135.032 Y134.79 E.10583
G1 X132.653 Y134.79 E.03187
G1 X132.49 Y134.872 E.00244
G1 X131.827 Y135.778 E.01504
G1 X131.069 Y136.584 E.01482
G1 X130.219 Y137.291 E.01481
G1 X129.289 Y137.889 E.01481
G1 X128.292 Y138.369 E.01483
G1 X127.245 Y138.723 E.01481
G1 X126.162 Y138.947 E.01482
G1 X125.06 Y139.038 E.01482
G1 X123.955 Y138.993 E.01482
G1 X122.864 Y138.813 E.01482
G1 X121.803 Y138.502 E.01481
G1 X120.788 Y138.063 E.01482
G1 X119.834 Y137.504 E.01481
G1 X118.956 Y136.832 E.01481
G1 X118.166 Y136.058 E.01482
G1 X117.476 Y135.194 E.01481
G1 X116.897 Y134.251 E.01483
G1 X116.438 Y133.245 E.01482
G1 X116.105 Y132.191 E.01481
G1 X115.903 Y131.104 E.01481
G1 X115.835 Y130 E.01482
G1 X115.903 Y128.896 E.01482
G1 X116.105 Y127.809 E.01481
G1 X116.438 Y126.755 E.01481
G1 X116.897 Y125.749 E.01482
G1 X117.476 Y124.806 E.01483
G1 X118.166 Y123.942 E.01481
G1 X118.956 Y123.168 E.01482
G1 X119.834 Y122.496 E.01481
G1 X120.788 Y121.937 E.01481
G1 X121.803 Y121.498 E.01482
G1 X122.864 Y121.187 E.01481
G1 X123.955 Y121.007 E.01482
G1 X125.06 Y120.962 E.01482
G1 X126.162 Y121.053 E.01482
G1 X127.245 Y121.277 E.01482
G1 X128.292 Y121.631 E.01481
G1 X129.289 Y122.111 E.01483
G1 X130.219 Y122.709 E.01481
G1 X131.069 Y123.416 E.01481
G1 X131.827 Y124.222 E.01482
G1 X132.49 Y125.128 E.01504
G1 X132.518 Y125.142 E.00042
G1 X133.297 Y126.703 F9000
;TYPE:Internal infill
;WIDTH:0.44
G1 F1156
G1 X132.878 Y127.122 E.00833
G1 E-3.5 F3600
;WIPE_START
G1 F7200
G1 X133.297 Y126.703 E-.28146
;WIPE_END
G1 E-1.21854 F3600
G1 X133.769 Y131.76 F9000
G1 E5 F2400
;TYPE:Solid infill
;WIDTH:0.643976
G1 F1156
G1 X133.782 Y131.948 E.00393
;WIDTH:0.617798
G1 X133.795 Y132.137 E.00378
;WIDTH:0.59162
G1 X133.795 Y133.553 E.02705
G1 E-3.5 F3600
;WIPE_START
G1 F7200
G1 X133.795 Y132.137 E-.6726
G1 X133.782 Y131.948 E-.08999
G1 X133.769 Y131.76 E-.08951
;WIPE_END
G1 E-.6479 F3600
G1 X133.396 Y130.125 F9000
G1 E5 F2400
;WIDTH:0.504768
G1 F1156
G1 X133.351 Y131.11 E.01599
G1 X133.322 Y131.296 E.00305
G1 X133.47 Y131.334 E.00248
G1 X133.501 Y131.386 E.00098
;WIDTH:0.470292
G1 X133.533 Y131.438 E.00092
;WIDTH:0.435817
G1 X133.565 Y131.489 E.00084
;WIDTH:0.442053
G1 X133.605 Y131.523 E.00074
;WIDTH:0.482765
G1 X133.644 Y131.557 E.0008
;WIDTH:0.523477
G1 X133.683 Y131.591 E.00087
;WIDTH:0.563643
G1 X133.712 Y131.647 E.00115
;WIDTH:0.60381
G1 X133.74 Y131.703 E.00122
;WIDTH:0.643976
G1 X133.769 Y131.76 E.00133
G1 X133.793 Y131.678 E.00178
;WIDTH:0.595449
G1 X133.817 Y131.596 E.00164
;WIDTH:0.546922
G1 X133.842 Y131.514 E.00151
;WIDTH:0.498395
G1 X133.866 Y131.432 E.00137
;WIDTH:0.449868
G1 X133.89 Y131.35 E.00123
;WIDTH:0.435817
G1 X133.873 Y131.275 E.00107
;WIDTH:0.470292
G1 X133.856 Y131.2 E.00116
;WIDTH:0.504768
G1 X133.838 Y131.125 E.00125
G1 X133.857 Y129.928 E.01941
;WIDTH:0.498573
G1 X133.842 Y128.95 E.01566
G1 X133.859 Y128.828 E.00197
;WIDTH:0.459141
G1 X133.877 Y128.706 E.00181
;WIDTH:0.419708
G1 X133.894 Y128.584 E.00165
;WIDTH:0.42383
G1 X133.874 Y128.518 E.00093
;WIDTH:0.467383
G1 X133.853 Y128.452 E.00104
;WIDTH:0.510937
G1 X133.832 Y128.387 E.00112
;WIDTH:0.554491
G1 X133.812 Y128.321 E.00123
;WIDTH:0.598044
G1 X133.791 Y128.256 E.00132
;WIDTH:0.641598
G1 X133.77 Y128.19 E.00144
G1 X133.735 Y128.257 E.00157
;WIDTH:0.594246
G1 X133.701 Y128.323 E.00142
;WIDTH:0.546894
G1 X133.666 Y128.389 E.00132
;WIDTH:0.499542
G1 X133.491 Y128.594 E.00432
;WIDTH:0.50605
G1 X133.467 Y128.643 E.00089
G1 X133.312 Y128.682 E.0026
G1 X133.361 Y128.966 E.00469
;WIDTH:0.498573
G1 X133.406 Y129.886 E.01475
;WIDTH:0.468336
G1 X133.406 Y129.914 E.00042
G1 X133.77 Y128.19 F9000
;WIDTH:0.641598
G1 F1156
G1 X133.783 Y128.02 E.00354
;WIDTH:0.616132
G1 X133.796 Y127.849 E.00342
;WIDTH:0.590666
G1 X133.796 Y126.447 E.02674
G1 E-3.5 F3600
;WIPE_START
G1 F7200
G1 X133.796 Y127.849 E-.66595
G1 X133.783 Y128.02 E-.08146
G1 X133.77 Y128.19 E-.08099
;WIPE_END
G1 E-.6716 F3600
G1 X132.878 Y132.878 F9000
G1 E5 F2400
;TYPE:Internal infill
;WIDTH:0.44
G1 F1156
G1 X133.297 Y133.297 E.00833
G1 E-3.5 F3600
;WIPE_START
G1 F7200
G1 X132.878 Y132.878 E-.28146
;WIPE_END
G1 E-1.21854 F3600
G1 X142.642 Y133.866 F9000
G1 E5 F2400
;TYPE:Perimeter
;WIDTH:0.61646
G1 F1156
G1 X142.642 Y126.134 E.15412
G1 X143.241 Y126.134 E.01194
G1 X143.241 Y126.434 E.00598
G1 X143.241 Y133.866 E.14814
G1 X142.702 Y133.866 E.01074
G1 X142.131 Y134.377 F9000
;WIDTH:0.439999
G1 F1156
G1 X142.131 Y125.623 E.12311
G1 X143.752 Y125.623 E.0228
G1 X143.752 Y126.434 E.01141
G1 X143.752 Y134.377 E.11171
G1 X142.191 Y134.377 E.02195
G1 X141.718 Y134.79 F9000
;TYPE:External perimeter
;WIDTH:0.419999
G1 F1156
G1 X141.718 Y125.21 E.12835
G1 X144.165 Y125.21 E.03279
G1 X144.165 Y126.434 E.0164
G1 X144.165 Y134.79 E.11196
G1 X141.778 Y134.79 E.03198
;LAYER_CHANGE
;Z:3.64
;HEIGHT:0.0800002
;BEFORE_LAYER_CHANGE
G92 E0
;3.64


G1 E-3.5 F3600
;WIPE_START
G1 F7200
G1 X141.718 Y134.79 E-.0285
G1 X141.718 Y131.692 E-1.4715
;WIPE_END
G1 Z3.64 F9000
;AFTER_LAYER_CHANGE
;3.64
G1 X132.367 Y132.049
G1 E5 F2400
;TYPE:Perimeter
;WIDTH:0.439999
G1 F1123
G1 X132.139 Y132.735 E.01017
G1 X131.935 Y133.223 E.00744
G1 X131.625 Y133.851 E.00985
G1 X131.065 Y134.699 E.01429
G1 X130.399 Y135.467 E.0143
G1 X129.638 Y136.141 E.0143
G1 X128.796 Y136.71 E.01429
G1 X127.886 Y137.165 E.01431
G1 X126.925 Y137.496 E.01429
G1 X125.959 Y137.694 E.01387
G1 X125.089 Y137.769 E.01228
G1 X124.065 Y137.719 E.01442
G1 X122.825 Y137.496 E.01772
G1 X121.938 Y137.195 E.01317
G1 X121.363 Y136.918 E.00898
G1 X120.954 Y136.71 E.00645
G1 X120.176 Y136.19 E.01316
G1 X119.408 Y135.524 E.0143
G1 X118.734 Y134.763 E.0143
G1 X118.165 Y133.921 E.01429
G1 X117.71 Y133.011 E.01431
G1 X117.379 Y132.05 E.01429
G1 X117.175 Y131.054 E.0143
G1 X117.106 Y130.214 E.01185
G1 X117.164 Y129.032 E.01664
G1 X117.344 Y128.097 E.01339
G1 X117.634 Y127.196 E.01331
G1 X118.032 Y126.338 E.0133
G1 X118.529 Y125.534 E.01329
G1 X118.734 Y125.237 E.00508
G1 X119.351 Y124.533 E.01316
G1 X119.797 Y124.135 E.00841
G1 X120.176 Y123.81 E.00702
G1 X120.954 Y123.29 E.01316
G1 X121.864 Y122.835 E.01431
G1 X122.825 Y122.504 E.01429
G1 X123.821 Y122.3 E.0143
G1 X124.661 Y122.231 E.01185
G1 X125.843 Y122.289 E.01664
G1 X126.848 Y122.483 E.01439
G1 X127.812 Y122.805 E.01429
G1 X128.688 Y123.231 E.0137
G1 X129.481 Y123.748 E.01331
G1 X130.205 Y124.356 E.0133
G1 X130.85 Y125.048 E.0133
G1 X131.065 Y125.301 E.00467
G1 X131.585 Y126.079 E.01316
G1 X131.935 Y126.777 E.01098
G1 X132.139 Y127.265 E.00744
G1 X132.371 Y127.95 E.01017
G1 X132.575 Y128.946 E.0143
G1 X132.645 Y129.866 E.01298
G1 X132.586 Y130.968 E.01552
G1 X132.392 Y131.973 E.01439
G1 X132.386 Y131.992 E.00028
G1 X131.979 Y131.918 F9000
;TYPE:External perimeter
;WIDTH:0.419999
G1 F1123
G1 X131.748 Y132.603 E.00969
G1 X131.255 Y133.668 E.01572
G1 X130.722 Y134.47 E.0129
G1 X130.088 Y135.195 E.0129
G1 X129.366 Y135.831 E.01289
G1 X128.566 Y136.367 E.0129
G1 X127.704 Y136.794 E.01289
G1 X126.793 Y137.105 E.0129
G1 X125.878 Y137.289 E.0125
G1 X125.057 Y137.357 E.01104
G1 X124.087 Y137.307 E.01301
G1 X123.217 Y137.159 E.01182
G1 X122.046 Y136.794 E.01643
G1 X121.207 Y136.38 E.01254
G1 X120.384 Y135.831 E.01325
G1 X119.68 Y135.213 E.01255
G1 X119.044 Y134.491 E.01289
G1 X118.508 Y133.691 E.0129
G1 X118.081 Y132.829 E.01289
G1 X117.77 Y131.918 E.0129
G1 X117.58 Y130.974 E.0129
G1 X117.518 Y130.182 E.01064
G1 X117.577 Y129.055 E.01512
G1 X117.749 Y128.178 E.01197
G1 X118.025 Y127.329 E.01196
G1 X118.402 Y126.52 E.01196
G1 X119.044 Y125.509 E.01605
G1 X119.662 Y124.805 E.01255
G1 X120.069 Y124.446 E.00727
G1 X120.405 Y124.153 E.00597
G1 X121.184 Y123.633 E.01255
G1 X122.046 Y123.206 E.01289
G1 X122.957 Y122.895 E.0129
G1 X123.901 Y122.705 E.0129
G1 X124.693 Y122.643 E.01064
G1 X125.82 Y122.702 E.01512
G1 X126.767 Y122.888 E.01293
G1 X127.679 Y123.196 E.0129
G1 X128.505 Y123.601 E.01233
G1 X129.251 Y124.091 E.01196
G1 X129.933 Y124.667 E.01196
G1 X130.54 Y125.32 E.01195
G1 X130.722 Y125.53 E.00372
G1 X131.242 Y126.309 E.01255
G1 X131.565 Y126.96 E.00974
G1 X131.748 Y127.397 E.00635
G1 X131.98 Y128.082 E.00969
G1 X132.17 Y129.026 E.0129
G1 X132.233 Y129.844 E.01099
G1 X132.173 Y130.945 E.01477
G1 X131.994 Y131.86 E.01249
G1 E-3.5 F3600
;WIPE_START
G1 F7200
G1 X131.979 Y131.918 E-.02846
G1 X131.748 Y132.603 E-.34338
G1 X131.255 Y133.668 E-.55745
G1 X130.722 Y134.47 E-.45741
G1 X130.565 Y134.649 E-.1133
;WIPE_END
G1 X134.135 Y129.691 F9000
G1 E5 F2400
;TYPE:Perimeter
;WIDTH:0.439999
G1 F1123
G1 X134.135 Y133.954 E.05995
G1 X132.653 Y133.954 E.02084
;WIDTH:0.481342
G1 X132.083 Y134.1 E.00908
;WIDTH:0.50483
G1 X131.964 Y134.173 E.00226
G1 X132.023 Y134.047 E.00226
;WIDTH:0.481342
G1 X132.314 Y133.41 E.01081
;WIDTH:0.439999
G1 X132.539 Y132.871 E.00821
G1 X132.807 Y132.055 E.01208
G1 X133.008 Y130.99 E.01524
G1 X133.067 Y129.889 E.01551
G1 X132.989 Y128.863 E.01447
G1 X132.772 Y127.814 E.01506
G1 X132.539 Y127.129 E.01018
G1 X132.314 Y126.59 E.00821
;WIDTH:0.478578
G1 X131.889 Y125.738 E.01461
G1 X132.09 Y125.888 E.00385
;WIDTH:0.453461
G1 X132.653 Y126.046 E.00849
;WIDTH:0.439999
G1 X134.135 Y126.046 E.02084
G1 X134.135 Y126.865 E.01152
G1 X134.135 Y129.631 E.0389
G1 E-3.5 F3600
;WIPE_START
G1 F7200
G1 X134.135 Y129.691 E-.0285
G1 X134.135 Y132.789 E-1.4715
;WIPE_END
G1 X131.964 Y134.173 F9000
G1 E5 F2400
;WIDTH:0.50483
G1 F1123
G1 X131.689 Y134.553 E.00761
;WIDTH:0.469449
G1 X131.414 Y134.932 E.00704
;WIDTH:0.435336
G1 X130.715 Y135.744 E.0149
;WIDTH:0.437196
G1 X129.916 Y136.458 E.01497
;WIDTH:0.439642
G1 X129.03 Y137.062 E.01507
;WIDTH:0.442684
G1 X128.074 Y137.545 E.01516
;WIDTH:0.446308
G1 X127.062 Y137.9 E.01531
;WIDTH:0.450298
G1 X126.042 Y138.114 E.01501
G1 X125.122 Y138.192 E.0133
;WIDTH:0.45848
G1 X124.041 Y138.151 E.01588
;WIDTH:0.458798
G1 X123.052 Y137.988 E.01472
;WIDTH:0.460448
G1 X122.091 Y137.705 E.01477
;WIDTH:0.461508
G1 X121.171 Y137.307 E.01481
G1 X120.721 Y137.059 E.00759
;WIDTH:0.433446
G1 X119.943 Y136.539 E.01296
;WIDTH:0.461856
G1 X119.511 Y136.191 E.0082
G1 X119.132 Y135.839 E.00765
;WIDTH:0.433724
G1 X118.418 Y135.04 E.01485
;WIDTH:0.434748
G1 X117.815 Y134.154 E.01489
;WIDTH:0.436364
G1 X117.333 Y133.197 E.01494
;WIDTH:0.43857
G1 X116.979 Y132.186 E.01501
;WIDTH:0.44137
G1 X116.76 Y131.137 E.01512
G1 X116.686 Y130.247 E.0126
;WIDTH:0.448768
G1 X116.738 Y129.009 E.01779
;WIDTH:0.452388
G1 X116.923 Y128.013 E.01466
;WIDTH:0.455468
G1 X117.227 Y127.058 E.01461
;WIDTH:0.457948
G1 X117.644 Y126.147 E.01469
;WIDTH:0.459842
G1 X118.17 Y125.293 E.01477
;WIDTH:0.461144
G1 X118.795 Y124.51 E.01479
;WIDTH:0.461856
G1 X119.511 Y123.809 E.01482
G1 X119.943 Y123.461 E.0082
;WIDTH:0.433448
G1 X120.721 Y122.941 E.01296
;WIDTH:0.461508
G1 X121.171 Y122.693 E.00759
G1 X121.678 Y122.459 E.00825
;WIDTH:0.434254
G1 X122.69 Y122.106 E.01487
;WIDTH:0.43563
G1 X123.739 Y121.888 E.01491
G1 X124.628 Y121.813 E.01242
;WIDTH:0.44043
G1 X125.865 Y121.867 E.01743
;WIDTH:0.443286
G1 X126.93 Y122.067 E.01536
;WIDTH:0.447022
G1 X127.949 Y122.401 E.01533
;WIDTH:0.450954
G1 X128.877 Y122.847 E.01486
;WIDTH:0.45427
G1 X129.72 Y123.39 E.01458
;WIDTH:0.456998
G1 X130.49 Y124.032 E.01467
;WIDTH:0.459132
G1 X131.175 Y124.763 E.01473
;WIDTH:0.463666
G1 X131.807 Y125.628 E.01591
;WIDTH:0.478578
G1 X131.889 Y125.738 E.00211
G1 X132.391 Y125.527 F9000
;WIDTH:0.439999
G1 F1123
G1 X132.653 Y125.623 E.00392
G1 X134.558 Y125.623 E.02679
G1 X134.558 Y126.865 E.01747
G1 X134.558 Y134.377 E.10564
G1 X132.653 Y134.377 E.02679
G1 X132.322 Y134.474 E.00485
G1 X132.157 Y134.628 E.00317
G1 X131.509 Y135.514 E.01544
G1 X130.786 Y136.283 E.01484
G1 X129.974 Y136.957 E.01484
G1 X129.087 Y137.528 E.01484
G1 X128.136 Y137.986 E.01484
G1 X127.137 Y138.324 E.01483
G1 X126.103 Y138.538 E.01485
G1 X125.052 Y138.624 E.01483
G1 X123.997 Y138.581 E.01485
G1 X122.956 Y138.41 E.01484
G1 X121.944 Y138.113 E.01483
G1 X120.975 Y137.694 E.01485
G1 X120.065 Y137.16 E.01484
G1 X119.226 Y136.519 E.01485
G1 X118.473 Y135.781 E.01483
G1 X117.815 Y134.956 E.01484
G1 X117.262 Y134.057 E.01484
G1 X116.824 Y133.097 E.01484
G1 X116.506 Y132.091 E.01484
G1 X116.314 Y131.053 E.01485
G1 X116.249 Y130 E.01484
G1 X116.314 Y128.947 E.01484
G1 X116.506 Y127.909 E.01485
G1 X116.824 Y126.903 E.01484
G1 X117.262 Y125.943 E.01484
G1 X117.815 Y125.044 E.01484
G1 X118.473 Y124.219 E.01484
G1 X119.226 Y123.481 E.01483
G1 X120.065 Y122.84 E.01485
G1 X120.975 Y122.306 E.01484
G1 X121.944 Y121.887 E.01485
G1 X122.956 Y121.59 E.01483
G1 X123.997 Y121.419 E.01484
G1 X125.052 Y121.376 E.01485
G1 X126.103 Y121.462 E.01483
G1 X127.137 Y121.676 E.01485
G1 X128.136 Y122.014 E.01483
G1 X129.087 Y122.472 E.01484
G1 X129.974 Y123.043 E.01484
G1 X130.786 Y123.717 E.01484
G1 X131.49 Y124.467 E.01447
G1 X132.257 Y125.478 E.01785
G1 X132.334 Y125.506 E.00115
G1 X132.572 Y125.169 F9000
;TYPE:External perimeter
;WIDTH:0.419999
G1 F1123
G1 X132.653 Y125.21 E.00122
G1 X134.97 Y125.21 E.03104
G1 X134.97 Y126.865 E.02217
G1 X134.97 Y134.79 E.10618
G1 X132.653 Y134.79 E.03104
G1 X132.49 Y134.872 E.00244
G1 X131.827 Y135.778 E.01504
G1 X131.069 Y136.584 E.01482
G1 X130.219 Y137.291 E.01481
G1 X129.289 Y137.889 E.01481
G1 X128.292 Y138.369 E.01483
G1 X127.245 Y138.723 E.01481
G1 X126.162 Y138.947 E.01482
G1 X125.06 Y139.038 E.01482
G1 X123.955 Y138.993 E.01482
G1 X122.864 Y138.813 E.01482
G1 X121.803 Y138.502 E.01481
G1 X120.788 Y138.063 E.01482
G1 X119.834 Y137.504 E.01481
G1 X118.956 Y136.832 E.01481
G1 X118.166 Y136.058 E.01482
G1 X117.476 Y135.194 E.01481
G1 X116.897 Y134.251 E.01483
G1 X116.438 Y133.245 E.01482
G1 X116.105 Y132.191 E.01481
G1 X115.903 Y131.104 E.01481
G1 X115.835 Y130 E.01482
G1 X115.903 Y128.896 E.01482
G1 X116.105 Y127.809 E.01481
G1 X116.438 Y126.755 E.01481
G1 X116.897 Y125.749 E.01482
G1 X117.476 Y124.806 E.01483
G1 X118.166 Y123.942 E.01481
G1 X118.956 Y123.168 E.01482
G1 X119.834 Y122.496 E.01481
G1 X120.788 Y121.937 E.01481
G1 X121.803 Y121.498 E.01482
G1 X122.864 Y121.187 E.01481
G1 X123.955 Y121.007 E.01482
G1 X125.06 Y120.962 E.01482
G1 X126.162 Y121.053 E.01482
G1 X127.245 Y121.277 E.01482
G1 X128.292 Y121.631 E.01481
G1 X129.289 Y122.111 E.01483
G1 X130.219 Y122.709 E.01481
G1 X131.069 Y123.416 E.01481
G1 X131.827 Y124.222 E.01482
G1 X132.49 Y125.128 E.01504
G1 X132.518 Y125.142 E.00042
G1 X133.265 Y126.735 F9000
;TYPE:Internal infill
;WIDTH:0.44
G1 F1123
G1 X132.878 Y127.122 E.0077
G1 X133.749 Y126.432 F9000
;TYPE:Solid infill
;WIDTH:0.561204
G1 F1123
G1 X133.749 Y127.853 E.02571
;WIDTH:0.595335
G1 X133.731 Y128.101 E.00478
;WIDTH:0.629466
G1 X133.714 Y128.349 E.00506
G1 X133.638 Y128.421 E.00213
;WIDTH:0.584546
G1 X133.561 Y128.494 E.002
;WIDTH:0.539626
G1 X133.487 Y128.564 E.00177
;WIDTH:0.496509
G1 X133.289 Y128.626 E.00331
;WIDTH:0.48128
G1 X133.345 Y128.967 E.00533
;WIDTH:0.4677
G1 X133.391 Y129.887 E.0138
;WIDTH:0.437462
G1 X133.391 Y129.913 E.00036
;WIDTH:0.476353
G1 X133.333 Y131.165 E.01914
G1 X133.297 Y131.352 E.00291
;WIDTH:0.496997
G1 X133.492 Y131.413 E.00326
;WIDTH:0.540531
G1 X133.567 Y131.482 E.00177
;WIDTH:0.584064
G1 X133.641 Y131.55 E.00189
;WIDTH:0.627598
G1 X133.715 Y131.619 E.00205
G1 X133.734 Y131.506 E.00233
;WIDTH:0.589497
G1 X133.753 Y131.392 E.0022
;WIDTH:0.551395
G1 X133.773 Y131.279 E.00204
;WIDTH:0.513294
G1 X133.792 Y131.166 E.00189
;WIDTH:0.475192
G1 X133.81 Y129.926 E.01889
;WIDTH:0.4677
G1 X133.795 Y128.952 E.0146
;WIDTH:0.508142
G1 X133.775 Y128.801 E.00249
;WIDTH:0.548583
G1 X133.755 Y128.65 E.00269
;WIDTH:0.589025
G1 X133.735 Y128.5 E.00288
;WIDTH:0.629466
G1 X133.714 Y128.349 E.0031
G1 E-3.5 F3600
;WIPE_START
G1 F7200
G1 X133.735 Y128.5 E-.07242
G1 X133.755 Y128.65 E-.07188
G1 X133.775 Y128.801 E-.07235
G1 X133.795 Y128.952 E-.07235
G1 X133.81 Y129.926 E-.4627
G1 X133.792 Y131.166 E-.58906
G1 X133.773 Y131.279 E-.05443
G1 X133.753 Y131.392 E-.05451
G1 X133.736 Y131.496 E-.0503
;WIPE_END
G1 X133.715 Y131.619 F9000
G1 E5 F2400
;WIDTH:0.627598
G1 F1123
G1 X133.732 Y131.877 E.00525
;WIDTH:0.594783
G1 X133.748 Y132.135 E.00497
;WIDTH:0.561968
G1 X133.749 Y133.568 E.02597
G1 X133.265 Y133.265 F9000
;TYPE:Internal infill
;WIDTH:0.44
G1 F1123
G1 X132.878 Y132.878 E.0077
G1 E-3.5 F3600
;WIPE_START
G1 F7200
G1 X133.265 Y133.265 E-.25997
;WIPE_END
G1 E-1.24003 F3600
G1 X142.688 Y133.882 F9000
G1 E5 F2400
;TYPE:Perimeter
;WIDTH:0.585621
G1 F1123
G1 X142.688 Y126.118 E.14679
G1 X143.257 Y126.118 E.01076
G1 X143.257 Y126.403 E.00539
G1 X143.257 Y133.882 E.1414
G1 X142.748 Y133.882 E.00962
G1 X142.192 Y134.377 F9000
;WIDTH:0.439999
G1 F1123
G1 X142.192 Y125.623 E.12311
G1 X143.752 Y125.623 E.02194
G1 X143.752 Y126.403 E.01097
G1 X143.752 Y134.377 E.11214
G1 X142.252 Y134.377 E.0211
G1 X141.78 Y134.79 F9000
;TYPE:External perimeter
;WIDTH:0.419999
G1 F1123
G1 X141.78 Y125.21 E.12835
G1 X144.165 Y125.21 E.03195
G1 X144.165 Y126.403 E.01598
G1 X144.165 Y134.79 E.11237
G1 X141.84 Y134.79 E.03115
;LAYER_CHANGE
;Z:3.72
;HEIGHT:0.0799999
;BEFORE_LAYER_CHANGE
G92 E0
;3.72


G1 E-3.5 F3600
;WIPE_START
G1 F7200
G1 X141.78 Y134.79 E-.0285
G1 X141.78 Y131.692 E-1.4715
;WIPE_END
G1 Z3.72 F9000
;AFTER_LAYER_CHANGE
;3.72
G1 X132.367 Y132.049
G1 E5 F2400
;TYPE:Perimeter
;WIDTH:0.439999
G1 F1151
G1 X132.129 Y132.763 E.01058
G1 X131.625 Y133.851 E.01686
G1 X131.065 Y134.699 E.01429
G1 X130.399 Y135.467 E.0143
G1 X129.638 Y136.141 E.0143
G1 X128.796 Y136.71 E.01429
G1 X127.886 Y137.165 E.01431
G1 X126.925 Y137.496 E.01429
G1 X125.959 Y137.694 E.01387
G1 X125.089 Y137.769 E.01228
G1 X124.065 Y137.719 E.01442
G1 X122.825 Y137.496 E.01772
G1 X121.938 Y137.195 E.01317
G1 X121.363 Y136.918 E.00898
G1 X120.954 Y136.71 E.00645
G1 X120.176 Y136.19 E.01316
G1 X119.408 Y135.524 E.0143
G1 X118.734 Y134.763 E.0143
G1 X118.165 Y133.921 E.01429
G1 X117.71 Y133.011 E.01431
G1 X117.379 Y132.05 E.01429
G1 X117.175 Y131.054 E.0143
G1 X117.106 Y130.214 E.01185
G1 X117.164 Y129.032 E.01664
G1 X117.344 Y128.097 E.01339
G1 X117.634 Y127.196 E.01331
G1 X118.032 Y126.338 E.0133
G1 X118.529 Y125.534 E.01329
G1 X118.734 Y125.237 E.00508
G1 X119.351 Y124.533 E.01316
G1 X119.797 Y124.135 E.00841
G1 X120.176 Y123.81 E.00702
G1 X120.954 Y123.29 E.01316
G1 X121.864 Y122.835 E.01431
G1 X122.825 Y122.504 E.01429
G1 X123.821 Y122.3 E.0143
G1 X124.661 Y122.231 E.01185
G1 X125.843 Y122.289 E.01664
G1 X126.848 Y122.483 E.01439
G1 X127.812 Y122.805 E.01429
G1 X128.688 Y123.231 E.0137
G1 X129.481 Y123.748 E.01331
G1 X130.205 Y124.356 E.0133
G1 X130.85 Y125.048 E.0133
G1 X131.065 Y125.301 E.00467
G1 X131.585 Y126.079 E.01316
G1 X131.935 Y126.777 E.01098
G1 X132.129 Y127.237 E.00702
G1 X132.371 Y127.95 E.01059
G1 X132.575 Y128.946 E.0143
G1 X132.645 Y129.866 E.01298
G1 X132.586 Y130.968 E.01552
G1 X132.392 Y131.973 E.01439
G1 X132.386 Y131.992 E.00028
G1 X131.979 Y131.918 F9000
;TYPE:External perimeter
;WIDTH:0.419999
G1 F1151
G1 X131.738 Y132.631 E.01008
G1 X131.255 Y133.668 E.01533
G1 X130.722 Y134.47 E.0129
G1 X130.088 Y135.195 E.0129
G1 X129.366 Y135.831 E.01289
G1 X128.566 Y136.367 E.0129
G1 X127.704 Y136.794 E.01289
G1 X126.793 Y137.105 E.0129
G1 X125.878 Y137.289 E.0125
G1 X125.057 Y137.357 E.01104
G1 X124.087 Y137.307 E.01301
G1 X123.217 Y137.159 E.01182
G1 X122.046 Y136.794 E.01643
G1 X121.207 Y136.38 E.01254
G1 X120.384 Y135.831 E.01325
G1 X119.68 Y135.213 E.01255
G1 X119.044 Y134.491 E.01289
G1 X118.508 Y133.691 E.0129
G1 X118.081 Y132.829 E.01289
G1 X117.77 Y131.918 E.0129
G1 X117.58 Y130.974 E.0129
G1 X117.518 Y130.182 E.01064
G1 X117.577 Y129.055 E.01512
G1 X117.749 Y128.178 E.01197
G1 X118.025 Y127.329 E.01196
G1 X118.402 Y126.52 E.01196
G1 X119.044 Y125.509 E.01605
G1 X119.662 Y124.805 E.01255
G1 X120.069 Y124.446 E.00727
G1 X120.405 Y124.153 E.00597
G1 X121.184 Y123.633 E.01255
G1 X122.046 Y123.206 E.01289
G1 X122.957 Y122.895 E.0129
G1 X123.901 Y122.705 E.0129
G1 X124.693 Y122.643 E.01064
G1 X125.82 Y122.702 E.01512
G1 X126.767 Y122.888 E.01293
G1 X127.679 Y123.196 E.0129
G1 X128.505 Y123.601 E.01233
G1 X129.251 Y124.091 E.01196
G1 X129.933 Y124.667 E.01196
G1 X130.54 Y125.32 E.01195
G1 X130.722 Y125.53 E.00372
G1 X131.242 Y126.309 E.01255
G1 X131.565 Y126.96 E.00974
G1 X131.738 Y127.369 E.00595
G1 X131.98 Y128.082 E.01009
G1 X132.17 Y129.026 E.0129
G1 X132.233 Y129.844 E.01099
G1 X132.173 Y130.945 E.01477
G1 X131.994 Y131.86 E.01249
G1 E-3.5 F3600
;WIPE_START
G1 F7200
G1 X131.979 Y131.918 E-.02846
G1 X131.738 Y132.631 E-.3575
G1 X131.255 Y133.668 E-.54338
G1 X130.722 Y134.47 E-.45741
G1 X130.565 Y134.649 E-.11325
;WIPE_END
G1 X134.084 Y129.62 F9000
G1 E5 F2400
;TYPE:Perimeter
;WIDTH:0.439999
G1 F1151
G1 X134.084 Y133.954 E.06095
G1 X132.653 Y133.954 E.02012
;WIDTH:0.481342
G1 X132.083 Y134.1 E.00908
;WIDTH:0.50483
G1 X131.964 Y134.173 E.00226
G1 X132.023 Y134.047 E.00226
;WIDTH:0.481342
G1 X132.314 Y133.41 E.01081
;WIDTH:0.439999
G1 X132.53 Y132.899 E.0078
G1 X132.807 Y132.055 E.01249
G1 X133.008 Y130.99 E.01524
G1 X133.067 Y129.889 E.01551
G1 X132.989 Y128.863 E.01447
G1 X132.772 Y127.814 E.01506
G1 X132.53 Y127.101 E.01059
G1 X132.314 Y126.59 E.0078
;WIDTH:0.478578
G1 X131.889 Y125.738 E.01461
G1 X132.09 Y125.888 E.00385
;WIDTH:0.453461
G1 X132.653 Y126.046 E.00849
;WIDTH:0.439999
G1 X134.084 Y126.046 E.02012
G1 X134.084 Y126.844 E.01122
G1 X134.084 Y129.56 E.0382
G1 E-3.5 F3600
;WIPE_START
G1 F7200
G1 X134.084 Y129.62 E-.0285
G1 X134.084 Y132.718 E-1.4715
;WIPE_END
G1 X131.964 Y134.173 F9000
G1 E5 F2400
;WIDTH:0.50483
G1 F1151
G1 X131.689 Y134.553 E.00761
;WIDTH:0.469449
G1 X131.414 Y134.932 E.00704
;WIDTH:0.435336
G1 X130.715 Y135.744 E.0149
;WIDTH:0.437196
G1 X129.916 Y136.458 E.01497
;WIDTH:0.439642
G1 X129.03 Y137.062 E.01507
;WIDTH:0.442682
G1 X128.074 Y137.545 E.01516
;WIDTH:0.446312
G1 X127.062 Y137.9 E.01531
;WIDTH:0.450298
G1 X126.042 Y138.114 E.01501
G1 X125.122 Y138.192 E.0133
;WIDTH:0.45848
G1 X124.041 Y138.151 E.01588
;WIDTH:0.458798
G1 X123.052 Y137.988 E.01472
;WIDTH:0.460448
G1 X122.091 Y137.705 E.01477
;WIDTH:0.461508
G1 X121.171 Y137.307 E.01481
G1 X120.721 Y137.059 E.00759
;WIDTH:0.433446
G1 X119.943 Y136.539 E.01296
;WIDTH:0.461856
G1 X119.511 Y136.191 E.0082
G1 X119.132 Y135.839 E.00765
;WIDTH:0.433724
G1 X118.418 Y135.04 E.01485
;WIDTH:0.434748
G1 X117.815 Y134.154 E.01489
;WIDTH:0.436364
G1 X117.333 Y133.197 E.01494
;WIDTH:0.43857
G1 X116.979 Y132.186 E.01501
;WIDTH:0.44137
G1 X116.76 Y131.137 E.01512
G1 X116.686 Y130.247 E.0126
;WIDTH:0.448768
G1 X116.738 Y129.009 E.01779
;WIDTH:0.45239
G1 X116.923 Y128.013 E.01466
;WIDTH:0.455468
G1 X117.227 Y127.058 E.01461
;WIDTH:0.457948
G1 X117.644 Y126.147 E.01469
;WIDTH:0.459842
G1 X118.17 Y125.293 E.01477
;WIDTH:0.461144
G1 X118.795 Y124.51 E.01479
;WIDTH:0.461856
G1 X119.511 Y123.809 E.01482
G1 X119.943 Y123.461 E.0082
;WIDTH:0.433448
G1 X120.721 Y122.941 E.01296
;WIDTH:0.461508
G1 X121.171 Y122.693 E.00759
G1 X121.678 Y122.459 E.00825
;WIDTH:0.434252
G1 X122.69 Y122.106 E.01487
;WIDTH:0.43563
G1 X123.739 Y121.888 E.01491
G1 X124.628 Y121.813 E.01242
;WIDTH:0.44043
G1 X125.865 Y121.867 E.01743
;WIDTH:0.443286
G1 X126.93 Y122.067 E.01536
;WIDTH:0.447024
G1 X127.949 Y122.401 E.01533
;WIDTH:0.450954
G1 X128.877 Y122.847 E.01486
;WIDTH:0.45427
G1 X129.72 Y123.39 E.01458
;WIDTH:0.456998
G1 X130.49 Y124.032 E.01467
;WIDTH:0.459132
G1 X131.175 Y124.763 E.01473
;WIDTH:0.463666
G1 X131.807 Y125.628 E.01591
;WIDTH:0.478578
G1 X131.889 Y125.738 E.00211
G1 X132.391 Y125.527 F9000
;WIDTH:0.439999
G1 F1151
G1 X132.653 Y125.623 E.00392
G1 X134.507 Y125.623 E.02607
G1 X134.507 Y126.844 E.01717
G1 X134.507 Y134.377 E.10594
G1 X132.653 Y134.377 E.02607
G1 X132.322 Y134.474 E.00485
G1 X132.157 Y134.628 E.00317
G1 X131.509 Y135.514 E.01544
G1 X130.786 Y136.283 E.01484
G1 X129.974 Y136.957 E.01484
G1 X129.087 Y137.528 E.01484
G1 X128.136 Y137.986 E.01484
G1 X127.137 Y138.324 E.01483
G1 X126.103 Y138.538 E.01485
G1 X125.052 Y138.624 E.01483
G1 X123.997 Y138.581 E.01485
G1 X122.956 Y138.41 E.01484
G1 X121.944 Y138.113 E.01483
G1 X120.975 Y137.694 E.01485
G1 X120.065 Y137.16 E.01484
G1 X119.226 Y136.519 E.01485
G1 X118.473 Y135.781 E.01483
G1 X117.815 Y134.956 E.01484
G1 X117.262 Y134.057 E.01484
G1 X116.824 Y133.097 E.01484
G1 X116.506 Y132.091 E.01484
G1 X116.314 Y131.053 E.01485
G1 X116.249 Y130 E.01484
G1 X116.314 Y128.947 E.01484
G1 X116.506 Y127.909 E.01485
G1 X116.824 Y126.903 E.01484
G1 X117.262 Y125.943 E.01484
G1 X117.815 Y125.044 E.01484
G1 X118.473 Y124.219 E.01484
G1 X119.226 Y123.481 E.01483
G1 X120.065 Y122.84 E.01485
G1 X120.975 Y122.306 E.01484
G1 X121.944 Y121.887 E.01485
G1 X122.956 Y121.59 E.01483
G1 X123.997 Y121.419 E.01484
G1 X125.052 Y121.376 E.01485
G1 X126.103 Y121.462 E.01483
G1 X127.137 Y121.676 E.01485
G1 X128.136 Y122.014 E.01483
G1 X129.087 Y122.472 E.01484
G1 X129.974 Y123.043 E.01484
G1 X130.786 Y123.717 E.01484
G1 X131.49 Y124.467 E.01447
G1 X132.257 Y125.478 E.01785
G1 X132.334 Y125.506 E.00115
G1 X132.572 Y125.169 F9000
;TYPE:External perimeter
;WIDTH:0.419999
G1 F1151
G1 X132.653 Y125.21 E.00122
G1 X134.92 Y125.21 E.03037
G1 X134.92 Y126.844 E.02189
G1 X134.92 Y134.79 E.10646
G1 X132.653 Y134.79 E.03037
G1 X132.49 Y134.872 E.00244
G1 X131.827 Y135.778 E.01504
G1 X131.069 Y136.584 E.01482
G1 X130.219 Y137.291 E.01481
G1 X129.289 Y137.889 E.01481
G1 X128.292 Y138.369 E.01483
G1 X127.245 Y138.723 E.01481
G1 X126.162 Y138.947 E.01482
G1 X125.06 Y139.038 E.01482
G1 X123.955 Y138.993 E.01482
G1 X122.864 Y138.813 E.01482
G1 X121.803 Y138.502 E.01481
G1 X120.788 Y138.063 E.01482
G1 X119.834 Y137.504 E.01481
G1 X118.956 Y136.832 E.01481
G1 X118.166 Y136.058 E.01482
G1 X117.476 Y135.194 E.01481
G1 X116.897 Y134.251 E.01483
G1 X116.438 Y133.245 E.01482
G1 X116.105 Y132.191 E.01481
G1 X115.903 Y131.104 E.01481
G1 X115.835 Y130 E.01482
G1 X115.903 Y128.896 E.01482
G1 X116.105 Y127.809 E.01481
G1 X116.438 Y126.755 E.01481
G1 X116.897 Y125.749 E.01482
G1 X117.476 Y124.806 E.01483
G1 X118.166 Y123.942 E.01481
G1 X118.956 Y123.168 E.01482
G1 X119.834 Y122.496 E.01481
G1 X120.788 Y121.937 E.01481
G1 X121.803 Y121.498 E.01482
G1 X122.864 Y121.187 E.01481
G1 X123.955 Y121.007 E.01482
G1 X125.06 Y120.962 E.01482
G1 X126.162 Y121.053 E.01482
G1 X127.245 Y121.277 E.01482
G1 X128.292 Y121.631 E.01481
G1 X129.289 Y122.111 E.01483
G1 X130.219 Y122.709 E.01481
G1 X131.069 Y123.416 E.01481
G1 X131.827 Y124.222 E.01482
G1 X132.49 Y125.128 E.01504
G1 X132.518 Y125.142 E.00042
G1 X133.233 Y126.767 F9000
;TYPE:Internal infill
;WIDTH:0.44
G1 F1151
G1 X132.878 Y127.122 E.00706
G1 E-3.5 F3600
;WIPE_START
G1 F7200
G1 X133.233 Y126.767 E-.23847
;WIPE_END
G1 E-1.26153 F3600
G1 X133.68 Y131.651 F9000
G1 E5 F2400
;TYPE:Solid infill
;WIDTH:0.59766
G1 F1151
G1 X133.693 Y131.891 E.00464
;WIDTH:0.570445
G1 X133.707 Y132.132 E.00444
;WIDTH:0.54323
G1 X133.707 Y133.577 E.02528
G1 E-3.5 F3600
;WIPE_START
G1 F7200
G1 X133.707 Y132.132 E-.68637
G1 X133.693 Y131.891 E-.11467
G1 X133.68 Y131.651 E-.11417
;WIPE_END
G1 E-.58479 F3600
G1 X133.368 Y130.124 F9000
G1 E5 F2400
;WIDTH:0.449778
G1 F1151
G1 X133.321 Y131.151 E.01479
;WIDTH:0.45511
G1 X133.278 Y131.39 E.00354
;WIDTH:0.479192
G1 X133.467 Y131.448 E.00304
;WIDTH:0.518682
G1 X133.538 Y131.516 E.00164
;WIDTH:0.558171
G1 X133.609 Y131.583 E.00176
;WIDTH:0.59766
G1 X133.68 Y131.651 E.0019
G1 X133.704 Y131.488 E.00318
;WIDTH:0.548366
G1 X133.729 Y131.326 E.0029
;WIDTH:0.499072
G1 X133.753 Y131.164 E.00262
;WIDTH:0.449778
G1 X133.772 Y129.925 E.01783
;WIDTH:0.44228
G1 X133.757 Y128.954 E.01373
;WIDTH:0.481318
G1 X133.738 Y128.794 E.00249
;WIDTH:0.520355
G1 X133.718 Y128.634 E.0027
;WIDTH:0.559393
G1 X133.699 Y128.474 E.00291
;WIDTH:0.59843
G1 X133.679 Y128.314 E.00312
G1 X133.607 Y128.386 E.00197
;WIDTH:0.558199
G1 X133.534 Y128.458 E.00185
;WIDTH:0.517969
G1 X133.462 Y128.529 E.00168
;WIDTH:0.477738
G1 X133.271 Y128.59 E.00307
;WIDTH:0.460307
G1 X133.333 Y128.968 E.00565
;WIDTH:0.44228
G1 X133.378 Y129.888 E.01302
;WIDTH:0.412045
G1 X133.378 Y129.912 E.00032
G1 X133.679 Y128.314 F9000
;WIDTH:0.59843
G1 F1151
G1 X133.693 Y128.086 E.00442
;WIDTH:0.570534
G1 X133.707 Y127.857 E.00422
;WIDTH:0.542638
G1 X133.707 Y126.423 E.02506
G1 E-3.5 F3600
;WIPE_START
G1 F7200
G1 X133.707 Y127.857 E-.68115
G1 X133.693 Y128.086 E-.10898
G1 X133.679 Y128.314 E-.1085
;WIPE_END
G1 E-.60137 F3600
G1 X132.878 Y132.878 F9000
G1 E5 F2400
;TYPE:Internal infill
;WIDTH:0.44
G1 F1151
G1 X133.233 Y133.233 E.00706
G1 E-3.5 F3600
;WIPE_START
G1 F7200
G1 X132.878 Y132.878 E-.23847
;WIPE_END
G1 E-1.26153 F3600
G1 X142.726 Y133.894 F9000
G1 E5 F2400
;TYPE:Perimeter
;WIDTH:0.56023
G1 F1151
G1 X142.726 Y126.106 E.14067
G1 X143.269 Y126.106 E.00981
G1 X143.269 Y126.377 E.00489
G1 X143.269 Y133.894 E.13577
G1 X142.786 Y133.894 E.00872
G1 X142.243 Y134.377 F9000
;WIDTH:0.439999
G1 F1151
G1 X142.243 Y125.623 E.12311
G1 X143.752 Y125.623 E.02122
G1 X143.752 Y126.377 E.0106
G1 X143.752 Y134.377 E.11251
G1 X142.303 Y134.377 E.02038
G1 X141.83 Y134.79 F9000
;TYPE:External perimeter
;WIDTH:0.419999
G1 F1151
G1 X141.83 Y125.21 E.12835
G1 X144.165 Y125.21 E.03128
G1 X144.165 Y126.377 E.01564
G1 X144.165 Y134.79 E.11272
G1 X141.89 Y134.79 E.03048
;LAYER_CHANGE
;Z:3.8
;HEIGHT:0.0799999
;BEFORE_LAYER_CHANGE
G92 E0
;3.8


G1 E-3.5 F3600
;WIPE_START
G1 F7200
G1 X141.83 Y134.79 E-.0285
G1 X141.83 Y131.692 E-1.4715
;WIPE_END
G1 Z3.8 F9000
;AFTER_LAYER_CHANGE
;3.8
G1 X132.367 Y132.049
G1 E5 F2400
;TYPE:Perimeter
;WIDTH:0.439999
G1 F1134
G1 X132.12 Y132.791 E.011
G1 X131.625 Y133.851 E.01645
G1 X131.065 Y134.699 E.01429
G1 X130.399 Y135.467 E.0143
G1 X129.638 Y136.141 E.0143
G1 X128.796 Y136.71 E.01429
G1 X127.886 Y137.165 E.01431
G1 X126.925 Y137.496 E.01429
G1 X125.959 Y137.694 E.01387
G1 X125.089 Y137.769 E.01228
G1 X124.065 Y137.719 E.01442
G1 X122.825 Y137.496 E.01772
G1 X121.938 Y137.195 E.01317
G1 X121.363 Y136.918 E.00898
G1 X120.954 Y136.71 E.00645
G1 X120.176 Y136.19 E.01316
G1 X119.408 Y135.524 E.0143
G1 X118.734 Y134.763 E.0143
G1 X118.165 Y133.921 E.01429
G1 X117.71 Y133.011 E.01431
G1 X117.379 Y132.05 E.01429
G1 X117.175 Y131.054 E.0143
G1 X117.106 Y130.214 E.01185
G1 X117.164 Y129.032 E.01664
G1 X117.344 Y128.097 E.01339
G1 X117.634 Y127.196 E.01331
G1 X118.032 Y126.338 E.0133
G1 X118.529 Y125.534 E.01329
G1 X118.734 Y125.237 E.00508
G1 X119.351 Y124.533 E.01316
G1 X119.797 Y124.135 E.00841
G1 X120.176 Y123.81 E.00702
G1 X120.954 Y123.29 E.01316
G1 X121.864 Y122.835 E.01431
G1 X122.825 Y122.504 E.01429
G1 X123.821 Y122.3 E.0143
G1 X124.661 Y122.231 E.01185
G1 X125.843 Y122.289 E.01664
G1 X126.848 Y122.483 E.01439
G1 X127.812 Y122.805 E.01429
G1 X128.688 Y123.231 E.0137
G1 X129.481 Y123.748 E.01331
G1 X130.205 Y124.356 E.0133
G1 X130.85 Y125.048 E.0133
G1 X131.065 Y125.301 E.00467
G1 X131.585 Y126.079 E.01316
G1 X131.935 Y126.777 E.01098
G1 X132.12 Y127.209 E.00661
G1 X132.371 Y127.95 E.011
G1 X132.575 Y128.946 E.0143
G1 X132.645 Y129.866 E.01298
G1 X132.586 Y130.968 E.01552
G1 X132.392 Y131.973 E.01439
G1 X132.386 Y131.992 E.00028
G1 X131.979 Y131.918 F9000
;TYPE:External perimeter
;WIDTH:0.419999
G1 F1134
G1 X131.729 Y132.659 E.01048
G1 X131.255 Y133.668 E.01494
G1 X130.722 Y134.47 E.0129
G1 X130.088 Y135.195 E.0129
G1 X129.366 Y135.831 E.01289
G1 X128.566 Y136.367 E.0129
G1 X127.704 Y136.794 E.01289
G1 X126.793 Y137.105 E.0129
G1 X125.878 Y137.289 E.0125
G1 X125.057 Y137.357 E.01104
G1 X124.087 Y137.307 E.01301
G1 X123.217 Y137.159 E.01182
G1 X122.046 Y136.794 E.01643
G1 X121.207 Y136.38 E.01254
G1 X120.384 Y135.831 E.01325
G1 X119.68 Y135.213 E.01255
G1 X119.044 Y134.491 E.01289
G1 X118.508 Y133.691 E.0129
G1 X118.081 Y132.829 E.01289
G1 X117.77 Y131.918 E.0129
G1 X117.58 Y130.974 E.0129
G1 X117.518 Y130.182 E.01064
G1 X117.577 Y129.055 E.01512
G1 X117.749 Y128.178 E.01197
G1 X118.025 Y127.329 E.01196
G1 X118.402 Y126.52 E.01196
G1 X119.044 Y125.509 E.01605
G1 X119.662 Y124.805 E.01255
G1 X120.069 Y124.446 E.00727
G1 X120.405 Y124.153 E.00597
G1 X121.184 Y123.633 E.01255
G1 X122.046 Y123.206 E.01289
G1 X122.957 Y122.895 E.0129
G1 X123.901 Y122.705 E.0129
G1 X124.693 Y122.643 E.01064
G1 X125.82 Y122.702 E.01512
G1 X126.767 Y122.888 E.01293
G1 X127.679 Y123.196 E.0129
G1 X128.505 Y123.601 E.01233
G1 X129.251 Y124.091 E.01196
G1 X129.933 Y124.667 E.01196
G1 X130.54 Y125.32 E.01195
G1 X130.722 Y125.53 E.00372
G1 X131.242 Y126.309 E.01255
G1 X131.565 Y126.96 E.00974
G1 X131.729 Y127.341 E.00556
G1 X131.98 Y128.082 E.01048
G1 X132.17 Y129.026 E.0129
G1 X132.233 Y129.844 E.01099
G1 X132.173 Y130.945 E.01477
G1 X131.994 Y131.86 E.01249
G1 E-3.5 F3600
;WIPE_START
G1 F7200
G1 X131.979 Y131.918 E-.02846
G1 X131.729 Y132.659 E-.37147
G1 X131.255 Y133.668 E-.52953
G1 X130.722 Y134.47 E-.45741
G1 X130.565 Y134.649 E-.11313
;WIPE_END
G1 X134.033 Y129.549 F9000
G1 E5 F2400
;TYPE:Perimeter
;WIDTH:0.439999
G1 F1134
G1 X134.033 Y133.954 E.06195
G1 X132.653 Y133.954 E.01941
;WIDTH:0.481342
G1 X132.083 Y134.1 E.00908
;WIDTH:0.50483
G1 X131.964 Y134.173 E.00226
G1 X132.023 Y134.047 E.00226
;WIDTH:0.481342
G1 X132.314 Y133.41 E.01081
;WIDTH:0.439999
G1 X132.52 Y132.927 E.00738
G1 X132.807 Y132.055 E.01291
G1 X133.008 Y130.99 E.01524
G1 X133.067 Y129.889 E.01551
G1 X132.989 Y128.863 E.01447
G1 X132.772 Y127.814 E.01506
G1 X132.52 Y127.073 E.01101
G1 X132.314 Y126.59 E.00738
;WIDTH:0.478578
G1 X131.889 Y125.738 E.01461
G1 X132.09 Y125.888 E.00385
;WIDTH:0.453461
G1 X132.653 Y126.046 E.00849
;WIDTH:0.439999
G1 X134.033 Y126.046 E.01941
G1 X134.033 Y126.823 E.01093
G1 X134.033 Y129.489 E.03749
G1 E-3.5 F3600
;WIPE_START
G1 F7200
G1 X134.033 Y129.549 E-.0285
G1 X134.033 Y132.647 E-1.4715
;WIPE_END
G1 X131.964 Y134.173 F9000
G1 E5 F2400
;WIDTH:0.50483
G1 F1134
G1 X131.689 Y134.553 E.00761
;WIDTH:0.469449
G1 X131.414 Y134.932 E.00704
;WIDTH:0.435336
G1 X130.715 Y135.744 E.0149
;WIDTH:0.437196
G1 X129.916 Y136.458 E.01497
;WIDTH:0.439642
G1 X129.03 Y137.062 E.01507
;WIDTH:0.442684
G1 X128.074 Y137.545 E.01516
;WIDTH:0.44631
G1 X127.062 Y137.9 E.01531
;WIDTH:0.450298
G1 X126.042 Y138.114 E.01501
G1 X125.122 Y138.192 E.0133
;WIDTH:0.45848
G1 X124.041 Y138.151 E.01588
;WIDTH:0.458798
G1 X123.052 Y137.988 E.01472
;WIDTH:0.460448
G1 X122.091 Y137.705 E.01477
;WIDTH:0.461508
G1 X121.171 Y137.307 E.01481
G1 X120.721 Y137.059 E.00759
;WIDTH:0.433446
G1 X119.943 Y136.539 E.01296
;WIDTH:0.461854
G1 X119.511 Y136.191 E.0082
G1 X119.132 Y135.839 E.00765
;WIDTH:0.433724
G1 X118.418 Y135.04 E.01485
;WIDTH:0.434748
G1 X117.815 Y134.154 E.01489
;WIDTH:0.436364
G1 X117.333 Y133.197 E.01494
;WIDTH:0.43857
G1 X116.979 Y132.186 E.01501
;WIDTH:0.44137
G1 X116.76 Y131.137 E.01512
G1 X116.686 Y130.247 E.0126
;WIDTH:0.448768
G1 X116.738 Y129.009 E.01779
;WIDTH:0.452388
G1 X116.923 Y128.013 E.01466
;WIDTH:0.455468
G1 X117.227 Y127.058 E.01461
;WIDTH:0.457948
G1 X117.644 Y126.147 E.01469
;WIDTH:0.459842
G1 X118.17 Y125.293 E.01477
;WIDTH:0.461146
G1 X118.795 Y124.51 E.01479
;WIDTH:0.461856
G1 X119.511 Y123.809 E.01482
G1 X119.943 Y123.461 E.0082
;WIDTH:0.433448
G1 X120.721 Y122.941 E.01296
;WIDTH:0.461508
G1 X121.171 Y122.693 E.00759
G1 X121.678 Y122.459 E.00825
;WIDTH:0.434254
G1 X122.69 Y122.106 E.01487
;WIDTH:0.43563
G1 X123.739 Y121.888 E.01491
G1 X124.628 Y121.813 E.01242
;WIDTH:0.44043
G1 X125.865 Y121.867 E.01743
;WIDTH:0.443286
G1 X126.93 Y122.067 E.01536
;WIDTH:0.447024
G1 X127.949 Y122.401 E.01533
;WIDTH:0.450952
G1 X128.877 Y122.847 E.01485
;WIDTH:0.45427
G1 X129.72 Y123.39 E.01458
;WIDTH:0.456998
G1 X130.49 Y124.032 E.01467
;WIDTH:0.459132
G1 X131.175 Y124.763 E.01473
;WIDTH:0.463666
G1 X131.807 Y125.628 E.01591
;WIDTH:0.478578
G1 X131.889 Y125.738 E.00211
G1 X132.391 Y125.527 F9000
;WIDTH:0.439999
G1 F1134
G1 X132.653 Y125.623 E.00392
G1 X134.456 Y125.623 E.02536
G1 X134.456 Y126.823 E.01688
G1 X134.456 Y134.377 E.10624
G1 X132.653 Y134.377 E.02536
G1 X132.322 Y134.474 E.00485
G1 X132.157 Y134.628 E.00317
G1 X131.509 Y135.514 E.01544
G1 X130.786 Y136.283 E.01484
G1 X129.974 Y136.957 E.01484
G1 X129.087 Y137.528 E.01484
G1 X128.136 Y137.986 E.01484
G1 X127.137 Y138.324 E.01483
G1 X126.103 Y138.538 E.01485
G1 X125.052 Y138.624 E.01483
G1 X123.997 Y138.581 E.01485
G1 X122.956 Y138.41 E.01484
G1 X121.944 Y138.113 E.01483
G1 X120.975 Y137.694 E.01485
G1 X120.065 Y137.16 E.01484
G1 X119.226 Y136.519 E.01485
G1 X118.473 Y135.781 E.01483
G1 X117.815 Y134.956 E.01484
G1 X117.262 Y134.057 E.01484
G1 X116.824 Y133.097 E.01484
G1 X116.506 Y132.091 E.01484
G1 X116.314 Y131.053 E.01485
G1 X116.249 Y130 E.01484
G1 X116.314 Y128.947 E.01484
G1 X116.506 Y127.909 E.01485
G1 X116.824 Y126.903 E.01484
G1 X117.262 Y125.943 E.01484
G1 X117.815 Y125.044 E.01484
G1 X118.473 Y124.219 E.01484
G1 X119.226 Y123.481 E.01483
G1 X120.065 Y122.84 E.01485
G1 X120.975 Y122.306 E.01484
G1 X121.944 Y121.887 E.01485
G1 X122.956 Y121.59 E.01483
G1 X123.997 Y121.419 E.01484
G1 X125.052 Y121.376 E.01485
G1 X126.103 Y121.462 E.01483
G1 X127.137 Y121.676 E.01485
G1 X128.136 Y122.014 E.01483
G1 X129.087 Y122.472 E.01484
G1 X129.974 Y123.043 E.01484
G1 X130.786 Y123.717 E.01484
G1 X131.49 Y124.467 E.01447
G1 X132.257 Y125.478 E.01785
G1 X132.334 Y125.506 E.00115
G1 X132.572 Y125.169 F9000
;TYPE:External perimeter
;WIDTH:0.419999
G1 F1134
G1 X132.653 Y125.21 E.00122
G1 X134.869 Y125.21 E.02969
G1 X134.869 Y126.823 E.02161
G1 X134.869 Y134.79 E.10674
G1 X132.653 Y134.79 E.02969
G1 X132.49 Y134.872 E.00244
G1 X131.827 Y135.778 E.01504
G1 X131.069 Y136.584 E.01482
G1 X130.219 Y137.291 E.01481
G1 X129.289 Y137.889 E.01481
G1 X128.292 Y138.369 E.01483
G1 X127.245 Y138.723 E.01481
G1 X126.162 Y138.947 E.01482
G1 X125.06 Y139.038 E.01482
G1 X123.955 Y138.993 E.01482
G1 X122.864 Y138.813 E.01482
G1 X121.803 Y138.502 E.01481
G1 X120.788 Y138.063 E.01482
G1 X119.834 Y137.504 E.01481
G1 X118.956 Y136.832 E.01481
G1 X118.166 Y136.058 E.01482
G1 X117.476 Y135.194 E.01481
G1 X116.897 Y134.251 E.01483
G1 X116.438 Y133.245 E.01482
G1 X116.105 Y132.191 E.01481
G1 X115.903 Y131.104 E.01481
G1 X115.835 Y130 E.01482
G1 X115.903 Y128.896 E.01482
G1 X116.105 Y127.809 E.01481
G1 X116.438 Y126.755 E.01481
G1 X116.897 Y125.749 E.01482
G1 X117.476 Y124.806 E.01483
G1 X118.166 Y123.942 E.01481
G1 X118.956 Y123.168 E.01482
G1 X119.834 Y122.496 E.01481
G1 X120.788 Y121.937 E.01481
G1 X121.803 Y121.498 E.01482
G1 X122.864 Y121.187 E.01481
G1 X123.955 Y121.007 E.01482
G1 X125.06 Y120.962 E.01482
G1 X126.162 Y121.053 E.01482
G1 X127.245 Y121.277 E.01482
G1 X128.292 Y121.631 E.01481
G1 X129.289 Y122.111 E.01483
G1 X130.219 Y122.709 E.01481
G1 X131.069 Y123.416 E.01481
G1 X131.827 Y124.222 E.01482
G1 X132.49 Y125.128 E.01504
G1 X132.518 Y125.142 E.00042
G1 X133.666 Y126.413 F9000
;TYPE:Solid infill
;WIDTH:0.52407
G1 F1134
G1 X133.666 Y127.861 E.02441
;WIDTH:0.566032
G1 X133.645 Y128.257 E.00724
G1 X133.571 Y128.334 E.00195
;WIDTH:0.528412
G1 X133.498 Y128.41 E.00179
;WIDTH:0.490792
G1 X133.437 Y128.473 E.00138
;WIDTH:0.459388
G1 X133.251 Y128.532 E.00287
;WIDTH:0.441134
G1 X133.32 Y128.969 E.00624
;WIDTH:0.416863
G1 X133.365 Y129.888 E.01223
;WIDTH:0.386626
G1 X133.365 Y129.912 E.00029
;WIDTH:0.424362
G1 X133.309 Y131.15 E.01678
;WIDTH:0.436737
G1 X133.256 Y131.454 E.00431
;WIDTH:0.462078
G1 X133.442 Y131.51 E.00287
;WIDTH:0.496693
G1 X133.509 Y131.577 E.00151
;WIDTH:0.531309
G1 X133.577 Y131.643 E.00162
;WIDTH:0.565924
G1 X133.645 Y131.71 E.00174
G1 X133.668 Y131.528 E.00335
;WIDTH:0.518737
G1 X133.692 Y131.345 E.00308
;WIDTH:0.471549
G1 X133.715 Y131.163 E.00277
;WIDTH:0.424362
G1 X133.734 Y129.923 E.0168
;WIDTH:0.416863
G1 X133.719 Y128.956 E.01286
;WIDTH:0.459476
G1 X133.698 Y128.706 E.00369
;WIDTH:0.502089
G1 X133.677 Y128.457 E.00403
;WIDTH:0.534061
G1 X133.661 Y128.357 E.00174
;WIDTH:0.566032
G1 X133.645 Y128.257 E.00185
G1 E-3.5 F3600
;WIPE_START
G1 F7200
G1 X133.661 Y128.357 E-.0481
G1 X133.677 Y128.457 E-.0481
G1 X133.698 Y128.706 E-.11869
G1 X133.719 Y128.956 E-.11917
G1 X133.734 Y129.923 E-.45938
G1 X133.715 Y131.163 E-.58907
G1 X133.692 Y131.345 E-.08714
G1 X133.684 Y131.408 E-.03035
;WIPE_END
G1 X133.645 Y131.71 F9000
G1 E5 F2400
;WIDTH:0.565924
G1 F1134
G1 X133.665 Y132.13 E.00767
;WIDTH:0.524514
G1 X133.666 Y133.587 E.02459
G1 X133.201 Y133.201 F9000
;TYPE:Internal infill
;WIDTH:0.44
G1 F1134
G1 X132.878 Y132.878 E.00642
G1 E-3.5 F3600
;WIPE_START
G1 F7200
G1 X133.201 Y133.201 E-.21698
;WIPE_END
G1 E-1.28302 F3600
G1 X132.878 Y127.122 F9000
G1 E5 F2400
G1 F1134
G1 X133.201 Y126.799 E.00642
G1 E-3.5 F3600
;WIPE_START
G1 F7200
G1 X132.878 Y127.122 E-.21698
;WIPE_END
G1 E-1.28302 F3600
G1 X142.764 Y126.093 F9000
G1 E5 F2400
;TYPE:Perimeter
;WIDTH:0.534839
G1 F1134
G1 X143.282 Y126.093 E.00892
G1 X143.282 Y126.352 E.00446
G1 X143.282 Y133.907 E.13008
G1 X142.764 Y133.907 E.00892
G1 X142.764 Y126.153 E.13351
G1 X142.294 Y125.623 F9000
;WIDTH:0.439999
G1 F1134
G1 X143.752 Y125.623 E.0205
G1 X143.752 Y126.352 E.01025
G1 X143.752 Y134.377 E.11286
G1 X142.294 Y134.377 E.0205
G1 X142.294 Y125.683 E.12227
G1 X141.881 Y125.21 F9000
;TYPE:External perimeter
;WIDTH:0.419999
G1 F1134
G1 X144.165 Y125.21 E.0306
G1 X144.165 Y126.352 E.0153
G1 X144.165 Y134.79 E.11305
G1 X141.881 Y134.79 E.0306
G1 X141.881 Y125.27 E.12755
;LAYER_CHANGE
;Z:3.88
;HEIGHT:0.0800002
;BEFORE_LAYER_CHANGE
G92 E0
;3.88


G1 E-3.5 F3600
;WIPE_START
G1 F7200
G1 X141.881 Y125.21 E-.0285
G1 X144.165 Y125.21 E-1.0849
G1 X144.165 Y126.024 E-.3866
;WIPE_END
G1 Z3.88 F9000
;AFTER_LAYER_CHANGE
;3.88
G1 X132.387 Y128.029
G1 E5 F2400
;TYPE:Perimeter
;WIDTH:0.439999
G1 F1147
G1 X132.575 Y128.946 E.01316
G1 X132.645 Y129.866 E.01298
G1 X132.586 Y130.968 E.01552
G1 X132.392 Y131.973 E.01439
G1 X132.11 Y132.819 E.01254
G1 X131.625 Y133.851 E.01604
G1 X131.065 Y134.699 E.01429
G1 X130.399 Y135.467 E.0143
G1 X129.638 Y136.141 E.0143
G1 X128.796 Y136.71 E.01429
G1 X127.886 Y137.165 E.01431
G1 X126.925 Y137.496 E.01429
G1 X125.959 Y137.694 E.01387
G1 X125.089 Y137.769 E.01228
G1 X124.065 Y137.719 E.01442
G1 X122.825 Y137.496 E.01772
G1 X121.938 Y137.195 E.01317
G1 X121.363 Y136.918 E.00898
G1 X120.954 Y136.71 E.00645
G1 X120.176 Y136.19 E.01316
G1 X119.408 Y135.524 E.0143
G1 X118.734 Y134.763 E.0143
G1 X118.165 Y133.921 E.01429
G1 X117.71 Y133.011 E.01431
G1 X117.379 Y132.05 E.01429
G1 X117.175 Y131.054 E.0143
G1 X117.106 Y130.214 E.01185
G1 X117.164 Y129.032 E.01664
G1 X117.344 Y128.097 E.01339
G1 X117.634 Y127.196 E.01331
G1 X118.032 Y126.338 E.0133
G1 X118.529 Y125.534 E.01329
G1 X118.734 Y125.237 E.00508
G1 X119.351 Y124.533 E.01316
G1 X119.797 Y124.135 E.00841
G1 X120.176 Y123.81 E.00702
G1 X120.954 Y123.29 E.01316
G1 X121.864 Y122.835 E.01431
G1 X122.825 Y122.504 E.01429
G1 X123.821 Y122.3 E.0143
G1 X124.661 Y122.231 E.01185
G1 X125.843 Y122.289 E.01664
G1 X126.848 Y122.483 E.01439
G1 X127.812 Y122.805 E.01429
G1 X128.688 Y123.231 E.0137
G1 X129.481 Y123.748 E.01331
G1 X130.205 Y124.356 E.0133
G1 X130.85 Y125.048 E.0133
G1 X131.065 Y125.301 E.00467
G1 X131.585 Y126.079 E.01316
G1 X131.935 Y126.777 E.01098
G1 X132.11 Y127.181 E.00619
G1 X132.371 Y127.95 E.01142
G1 X132.375 Y127.97 E.00029
G1 X131.986 Y128.109 F9000
;TYPE:External perimeter
;WIDTH:0.419999
G1 F1147
G1 X132.17 Y129.026 E.01253
G1 X132.233 Y129.844 E.01099
G1 X132.173 Y130.945 E.01477
G1 X131.987 Y131.892 E.01293
G1 X131.719 Y132.687 E.01124
G1 X131.255 Y133.668 E.01454
G1 X130.722 Y134.47 E.0129
G1 X130.088 Y135.195 E.0129
G1 X129.366 Y135.831 E.01289
G1 X128.566 Y136.367 E.0129
G1 X127.704 Y136.794 E.01289
G1 X126.793 Y137.105 E.0129
G1 X125.878 Y137.289 E.0125
G1 X125.057 Y137.357 E.01104
G1 X124.087 Y137.307 E.01301
G1 X123.217 Y137.159 E.01182
G1 X122.046 Y136.794 E.01643
G1 X121.207 Y136.38 E.01254
G1 X120.384 Y135.831 E.01325
G1 X119.68 Y135.213 E.01255
G1 X119.044 Y134.491 E.01289
G1 X118.508 Y133.691 E.0129
G1 X118.081 Y132.829 E.01289
G1 X117.77 Y131.918 E.0129
G1 X117.58 Y130.974 E.0129
G1 X117.518 Y130.182 E.01064
G1 X117.577 Y129.055 E.01512
G1 X117.749 Y128.178 E.01197
G1 X118.025 Y127.329 E.01196
G1 X118.402 Y126.52 E.01196
G1 X119.044 Y125.509 E.01605
G1 X119.662 Y124.805 E.01255
G1 X120.069 Y124.446 E.00727
G1 X120.405 Y124.153 E.00597
G1 X121.184 Y123.633 E.01255
G1 X122.046 Y123.206 E.01289
G1 X122.957 Y122.895 E.0129
G1 X123.901 Y122.705 E.0129
G1 X124.693 Y122.643 E.01064
G1 X125.82 Y122.702 E.01512
G1 X126.767 Y122.888 E.01293
G1 X127.679 Y123.196 E.0129
G1 X128.505 Y123.601 E.01233
G1 X129.251 Y124.091 E.01196
G1 X129.933 Y124.667 E.01196
G1 X130.54 Y125.32 E.01195
G1 X130.722 Y125.53 E.00372
G1 X131.242 Y126.309 E.01255
G1 X131.719 Y127.313 E.01489
G1 X131.97 Y128.051 E.01044
G1 E-3.5 F3600
;WIPE_START
G1 F7200
G1 X131.986 Y128.109 E-.02858
G1 X132.17 Y129.026 E-.44426
G1 X132.233 Y129.844 E-.3897
G1 X132.173 Y130.945 E-.52375
G1 X132.127 Y131.18 E-.11371
;WIPE_END
G1 X133.982 Y130.522 F9000
G1 E5 F2400
;TYPE:Perimeter
;WIDTH:0.439999
G1 F1147
G1 X133.982 Y133.954 E.04827
G1 X132.653 Y133.954 E.01869
;WIDTH:0.481342
G1 X132.083 Y134.1 E.00908
;WIDTH:0.50483
G1 X131.964 Y134.173 E.00226
G1 X132.023 Y134.047 E.00226
;WIDTH:0.481342
G1 X132.511 Y132.955 E.01847
;WIDTH:0.439999
G1 X132.807 Y132.055 E.01332
G1 X133.008 Y130.99 E.01524
G1 X133.066 Y129.753 E.01742
G1 X132.989 Y128.863 E.01256
G1 X132.772 Y127.814 E.01506
G1 X132.511 Y127.045 E.01142
G1 X132.314 Y126.59 E.00697
;WIDTH:0.478578
G1 X131.889 Y125.738 E.01461
G1 X132.09 Y125.888 E.00385
;WIDTH:0.453461
G1 X132.653 Y126.046 E.00849
;WIDTH:0.439999
G1 X133.982 Y126.046 E.01869
G1 X133.982 Y126.802 E.01063
G1 X133.982 Y130.462 E.05147
G1 E-3.5 F3600
;WIPE_START
G1 F7200
G1 X133.982 Y130.522 E-.0285
G1 X133.982 Y133.62 E-1.4715
;WIPE_END
G1 X131.964 Y134.173 F9000
G1 E5 F2400
;WIDTH:0.50483
G1 F1147
G1 X131.689 Y134.553 E.00761
;WIDTH:0.469449
G1 X131.414 Y134.932 E.00704
;WIDTH:0.435334
G1 X130.715 Y135.744 E.0149
;WIDTH:0.437194
G1 X129.916 Y136.458 E.01497
;WIDTH:0.439642
G1 X129.03 Y137.062 E.01507
;WIDTH:0.442682
G1 X128.074 Y137.545 E.01516
;WIDTH:0.446308
G1 X127.062 Y137.9 E.01531
;WIDTH:0.450298
G1 X126.042 Y138.114 E.01501
G1 X125.122 Y138.192 E.0133
;WIDTH:0.45848
G1 X124.041 Y138.151 E.01588
;WIDTH:0.458798
G1 X123.052 Y137.988 E.01472
;WIDTH:0.460448
G1 X122.091 Y137.705 E.01477
;WIDTH:0.461508
G1 X121.171 Y137.307 E.01481
G1 X120.721 Y137.059 E.00759
;WIDTH:0.433446
G1 X119.943 Y136.539 E.01296
;WIDTH:0.461854
G1 X119.511 Y136.191 E.0082
G1 X119.132 Y135.839 E.00765
;WIDTH:0.433724
G1 X118.418 Y135.04 E.01485
;WIDTH:0.434748
G1 X117.815 Y134.154 E.01489
;WIDTH:0.436364
G1 X117.333 Y133.197 E.01494
;WIDTH:0.43857
G1 X116.979 Y132.186 E.01501
;WIDTH:0.441368
G1 X116.76 Y131.137 E.01512
G1 X116.686 Y130.247 E.0126
;WIDTH:0.448768
G1 X116.738 Y129.009 E.01779
;WIDTH:0.452388
G1 X116.923 Y128.013 E.01466
;WIDTH:0.455468
G1 X117.227 Y127.058 E.01461
;WIDTH:0.457948
G1 X117.644 Y126.147 E.01469
;WIDTH:0.459842
G1 X118.17 Y125.293 E.01477
;WIDTH:0.461144
G1 X118.795 Y124.51 E.01479
;WIDTH:0.461856
G1 X119.511 Y123.809 E.01482
G1 X119.943 Y123.461 E.0082
;WIDTH:0.433448
G1 X120.721 Y122.941 E.01296
;WIDTH:0.461508
G1 X121.171 Y122.693 E.00759
G1 X121.678 Y122.459 E.00825
;WIDTH:0.434254
G1 X122.69 Y122.106 E.01487
;WIDTH:0.43563
G1 X123.739 Y121.888 E.01491
G1 X124.628 Y121.813 E.01242
;WIDTH:0.44043
G1 X125.865 Y121.867 E.01743
;WIDTH:0.443286
G1 X126.93 Y122.067 E.01536
;WIDTH:0.447024
G1 X127.949 Y122.401 E.01533
;WIDTH:0.450952
G1 X128.877 Y122.847 E.01485
;WIDTH:0.45427
G1 X129.72 Y123.39 E.01458
;WIDTH:0.456998
G1 X130.49 Y124.032 E.01467
;WIDTH:0.459132
G1 X131.175 Y124.763 E.01473
;WIDTH:0.463666
G1 X131.807 Y125.628 E.01591
;WIDTH:0.478578
G1 X131.889 Y125.738 E.00211
G1 X132.391 Y125.527 F9000
;WIDTH:0.439999
G1 F1147
G1 X132.653 Y125.623 E.00392
G1 X134.405 Y125.623 E.02464
G1 X134.405 Y126.802 E.01658
G1 X134.405 Y134.377 E.10653
G1 X132.653 Y134.377 E.02464
G1 X132.322 Y134.474 E.00485
G1 X132.157 Y134.628 E.00317
G1 X131.509 Y135.514 E.01544
G1 X130.786 Y136.283 E.01484
G1 X129.974 Y136.957 E.01484
G1 X129.087 Y137.528 E.01484
G1 X128.136 Y137.986 E.01484
G1 X127.137 Y138.324 E.01483
G1 X126.103 Y138.538 E.01485
G1 X125.052 Y138.624 E.01483
G1 X123.997 Y138.581 E.01485
G1 X122.956 Y138.41 E.01484
G1 X121.944 Y138.113 E.01483
G1 X120.975 Y137.694 E.01485
G1 X120.065 Y137.16 E.01484
G1 X119.226 Y136.519 E.01485
G1 X118.473 Y135.781 E.01483
G1 X117.815 Y134.956 E.01484
G1 X117.262 Y134.057 E.01484
G1 X116.824 Y133.097 E.01484
G1 X116.506 Y132.091 E.01484
G1 X116.314 Y131.053 E.01485
G1 X116.249 Y130 E.01484
G1 X116.314 Y128.947 E.01484
G1 X116.506 Y127.909 E.01485
G1 X116.824 Y126.903 E.01484
G1 X117.262 Y125.943 E.01484
G1 X117.815 Y125.044 E.01484
G1 X118.473 Y124.219 E.01484
G1 X119.226 Y123.481 E.01483
G1 X120.065 Y122.84 E.01485
G1 X120.975 Y122.306 E.01484
G1 X121.944 Y121.887 E.01485
G1 X122.956 Y121.59 E.01483
G1 X123.997 Y121.419 E.01484
G1 X125.052 Y121.376 E.01485
G1 X126.103 Y121.462 E.01483
G1 X127.137 Y121.676 E.01485
G1 X128.136 Y122.014 E.01483
G1 X129.087 Y122.472 E.01484
G1 X129.974 Y123.043 E.01484
G1 X130.786 Y123.717 E.01484
G1 X131.49 Y124.467 E.01447
G1 X132.257 Y125.478 E.01785
G1 X132.334 Y125.506 E.00115
G1 X132.572 Y125.169 F9000
;TYPE:External perimeter
;WIDTH:0.419999
G1 F1147
G1 X132.653 Y125.21 E.00122
G1 X134.818 Y125.21 E.02901
G1 X134.818 Y126.802 E.02133
G1 X134.818 Y134.79 E.10702
G1 X132.653 Y134.79 E.02901
G1 X132.49 Y134.872 E.00244
G1 X131.827 Y135.778 E.01504
G1 X131.069 Y136.584 E.01482
G1 X130.219 Y137.291 E.01481
G1 X129.289 Y137.889 E.01481
G1 X128.292 Y138.369 E.01483
G1 X127.245 Y138.723 E.01481
G1 X126.162 Y138.947 E.01482
G1 X125.06 Y139.038 E.01482
G1 X123.955 Y138.993 E.01482
G1 X122.864 Y138.813 E.01482
G1 X121.803 Y138.502 E.01481
G1 X120.788 Y138.063 E.01482
G1 X119.834 Y137.504 E.01481
G1 X118.956 Y136.832 E.01481
G1 X118.166 Y136.058 E.01482
G1 X117.476 Y135.194 E.01481
G1 X116.897 Y134.251 E.01483
G1 X116.438 Y133.245 E.01482
G1 X116.105 Y132.191 E.01481
G1 X115.903 Y131.104 E.01481
G1 X115.835 Y130 E.01482
G1 X115.903 Y128.896 E.01482
G1 X116.105 Y127.809 E.01481
G1 X116.438 Y126.755 E.01481
G1 X116.897 Y125.749 E.01482
G1 X117.476 Y124.806 E.01483
G1 X118.166 Y123.942 E.01481
G1 X118.956 Y123.168 E.01482
G1 X119.834 Y122.496 E.01481
G1 X120.788 Y121.937 E.01481
G1 X121.803 Y121.498 E.01482
G1 X122.864 Y121.187 E.01481
G1 X123.955 Y121.007 E.01482
G1 X125.06 Y120.962 E.01482
G1 X126.162 Y121.053 E.01482
G1 X127.245 Y121.277 E.01482
G1 X128.292 Y121.631 E.01481
G1 X129.289 Y122.111 E.01483
G1 X130.219 Y122.709 E.01481
G1 X131.069 Y123.416 E.01481
G1 X131.827 Y124.222 E.01482
G1 X132.49 Y125.128 E.01504
G1 X132.518 Y125.142 E.00042
G1 X133.168 Y126.832 F9000
;TYPE:Internal infill
;WIDTH:0.44
G1 F1147
G1 X132.878 Y127.122 E.00577
G1 E-3.5 F3600
;WIPE_START
G1 F7200
G1 X133.168 Y126.832 E-.19481
;WIPE_END
G1 E-1.30519 F3600
G1 X133.609 Y131.765 F9000
G1 E5 F2400
;TYPE:Solid infill
;WIDTH:0.536464
G1 F1147
G1 X133.624 Y132.127 E.00626
;WIDTH:0.505818
G1 X133.624 Y133.596 E.02388
G1 E-3.5 F3600
;WIPE_START
G1 F7200
G1 X133.624 Y132.127 E-.69777
G1 X133.609 Y131.765 E-.1721
;WIPE_END
G1 E-.63013 F3600
G1 X133.343 Y130.122 F9000
G1 E5 F2400
;WIDTH:0.39895
G1 F1147
G1 X133.296 Y131.149 E.01305
;WIDTH:0.418101
G1 X133.235 Y131.514 E.00493
;WIDTH:0.444622
G1 X133.415 Y131.568 E.00267
;WIDTH:0.490543
G1 X133.512 Y131.667 E.00218
;WIDTH:0.536464
G1 X133.609 Y131.765 E.00238
G1 X133.631 Y131.581 E.0032
;WIDTH:0.491737
G1 X133.653 Y131.397 E.00292
;WIDTH:0.447009
G1 X133.676 Y131.213 E.00265
;WIDTH:0.402282
G1 X133.677 Y131.161 E.00067
;WIDTH:0.39895
G1 X133.696 Y129.921 E.01575
;WIDTH:0.391444
G1 X133.681 Y128.957 E.012
;WIDTH:0.435857
G1 X133.659 Y128.674 E.00395
;WIDTH:0.48027
G1 X133.637 Y128.391 E.00437
;WIDTH:0.507969
G1 X133.623 Y128.296 E.00157
;WIDTH:0.535668
G1 X133.609 Y128.201 E.00166
G1 X133.51 Y128.31 E.00254
;WIDTH:0.488332
G1 X133.411 Y128.418 E.0023
;WIDTH:0.440995
G1 X133.23 Y128.474 E.00267
;WIDTH:0.422008
G1 X133.307 Y128.969 E.00675
;WIDTH:0.391444
G1 X133.353 Y129.889 E.01147
;WIDTH:0.361208
G1 X133.353 Y129.911 E.00025
G1 X133.609 Y128.201 F9000
;WIDTH:0.535668
G1 F1147
G1 X133.624 Y127.865 E.0058
;WIDTH:0.505504
G1 X133.624 Y126.404 E.02373
G1 E-3.5 F3600
;WIPE_START
G1 F7200
G1 X133.624 Y127.865 E-.69398
G1 X133.609 Y128.201 E-.15976
;WIPE_END
G1 E-.64626 F3600
G1 X132.878 Y132.878 F9000
G1 E5 F2400
;TYPE:Internal infill
;WIDTH:0.44
G1 F1147
G1 X133.168 Y133.168 E.00577
G1 E-3.5 F3600
;WIPE_START
G1 F7200
G1 X132.878 Y132.878 E-.19481
;WIPE_END
G1 E-1.30519 F3600
G1 X142.802 Y133.92 F9000
G1 E5 F2400
;TYPE:Perimeter
;WIDTH:0.509448
G1 F1147
G1 X142.802 Y126.08 E.12837
G1 X143.295 Y126.08 E.00807
G1 X143.295 Y126.327 E.00404
G1 X143.295 Y133.92 E.12432
G1 X142.862 Y133.92 E.00709
G1 X142.345 Y134.377 F9000
;WIDTH:0.439999
G1 F1147
G1 X142.345 Y125.623 E.12311
G1 X143.752 Y125.623 E.01979
G1 X143.752 Y126.327 E.0099
G1 X143.752 Y134.377 E.11321
G1 X142.405 Y134.377 E.01894
G1 X141.932 Y134.79 F9000
;TYPE:External perimeter
;WIDTH:0.419999
G1 F1147
G1 X141.932 Y125.21 E.12835
G1 X144.165 Y125.21 E.02992
G1 X144.165 Y126.327 E.01497
G1 X144.165 Y134.79 E.11339
G1 X141.992 Y134.79 E.02911
;LAYER_CHANGE
;Z:3.96
;HEIGHT:0.0799999
;BEFORE_LAYER_CHANGE
G92 E0
;3.96


G1 E-3.5 F3600
;WIPE_START
G1 F7200
G1 X141.932 Y134.79 E-.0285
G1 X141.932 Y131.692 E-1.4715
;WIPE_END
G1 Z3.96 F9000
;AFTER_LAYER_CHANGE
;3.96
G1 X132.367 Y132.049
G1 E5 F2400
;TYPE:Perimeter
;WIDTH:0.439999
G1 F1131
G1 X132.101 Y132.847 E.01183
G1 X131.625 Y133.851 E.01563
G1 X131.065 Y134.699 E.01429
G1 X130.399 Y135.467 E.0143
G1 X129.638 Y136.141 E.0143
G1 X128.796 Y136.71 E.01429
G1 X127.886 Y137.165 E.01431
G1 X126.925 Y137.496 E.01429
G1 X125.959 Y137.694 E.01387
G1 X125.089 Y137.769 E.01228
G1 X124.065 Y137.719 E.01442
G1 X122.825 Y137.496 E.01772
G1 X121.938 Y137.195 E.01317
G1 X121.363 Y136.918 E.00898
G1 X120.954 Y136.71 E.00645
G1 X120.176 Y136.19 E.01316
G1 X119.408 Y135.524 E.0143
G1 X118.734 Y134.763 E.0143
G1 X118.165 Y133.921 E.01429
G1 X117.71 Y133.011 E.01431
G1 X117.379 Y132.05 E.01429
G1 X117.175 Y131.054 E.0143
G1 X117.106 Y130.214 E.01185
G1 X117.164 Y129.032 E.01664
G1 X117.344 Y128.097 E.01339
G1 X117.634 Y127.196 E.01331
G1 X118.032 Y126.338 E.0133
G1 X118.529 Y125.534 E.01329
G1 X118.734 Y125.237 E.00508
G1 X119.351 Y124.533 E.01316
G1 X119.797 Y124.135 E.00841
G1 X120.176 Y123.81 E.00702
G1 X120.954 Y123.29 E.01316
G1 X121.864 Y122.835 E.01431
G1 X122.825 Y122.504 E.01429
G1 X123.821 Y122.3 E.0143
G1 X124.661 Y122.231 E.01185
G1 X125.843 Y122.289 E.01664
G1 X126.848 Y122.483 E.01439
G1 X127.812 Y122.805 E.01429
G1 X128.688 Y123.231 E.0137
G1 X129.481 Y123.748 E.01331
G1 X130.205 Y124.356 E.0133
G1 X130.85 Y125.048 E.0133
G1 X131.065 Y125.301 E.00467
G1 X131.585 Y126.079 E.01316
G1 X131.935 Y126.777 E.01098
G1 X132.101 Y127.153 E.00578
G1 X132.371 Y127.95 E.01183
G1 X132.575 Y128.946 E.0143
G1 X132.645 Y129.866 E.01298
G1 X132.586 Y130.968 E.01552
G1 X132.392 Y131.973 E.01439
G1 X132.386 Y131.992 E.00028
G1 X131.979 Y131.918 F9000
;TYPE:External perimeter
;WIDTH:0.419999
G1 F1131
G1 X131.71 Y132.715 E.01127
G1 X131.255 Y133.668 E.01415
G1 X130.722 Y134.47 E.0129
G1 X130.088 Y135.195 E.0129
G1 X129.366 Y135.831 E.01289
G1 X128.566 Y136.367 E.0129
G1 X127.704 Y136.794 E.01289
G1 X126.793 Y137.105 E.0129
G1 X125.878 Y137.289 E.0125
G1 X125.057 Y137.357 E.01104
G1 X124.087 Y137.307 E.01301
G1 X123.217 Y137.159 E.01182
G1 X122.046 Y136.794 E.01643
G1 X121.207 Y136.38 E.01254
G1 X120.384 Y135.831 E.01325
G1 X119.68 Y135.213 E.01255
G1 X119.044 Y134.491 E.01289
G1 X118.508 Y133.691 E.0129
G1 X118.081 Y132.829 E.01289
G1 X117.77 Y131.918 E.0129
G1 X117.58 Y130.974 E.0129
G1 X117.518 Y130.182 E.01064
G1 X117.577 Y129.055 E.01512
G1 X117.749 Y128.178 E.01197
G1 X118.025 Y127.329 E.01196
G1 X118.402 Y126.52 E.01196
G1 X119.044 Y125.509 E.01605
G1 X119.662 Y124.805 E.01255
G1 X120.069 Y124.446 E.00727
G1 X120.405 Y124.153 E.00597
G1 X121.184 Y123.633 E.01255
G1 X122.046 Y123.206 E.01289
G1 X122.957 Y122.895 E.0129
G1 X123.901 Y122.705 E.0129
G1 X124.693 Y122.643 E.01064
G1 X125.82 Y122.702 E.01512
G1 X126.767 Y122.888 E.01293
G1 X127.679 Y123.196 E.0129
G1 X128.505 Y123.601 E.01233
G1 X129.251 Y124.091 E.01196
G1 X129.933 Y124.667 E.01196
G1 X130.54 Y125.32 E.01195
G1 X130.722 Y125.53 E.00372
G1 X131.242 Y126.309 E.01255
G1 X131.71 Y127.285 E.0145
G1 X131.98 Y128.082 E.01127
G1 X132.17 Y129.026 E.0129
G1 X132.233 Y129.844 E.01099
G1 X132.173 Y130.945 E.01477
G1 X131.994 Y131.86 E.01249
G1 E-3.5 F3600
;WIPE_START
G1 F7200
G1 X131.979 Y131.918 E-.02846
G1 X131.71 Y132.715 E-.39956
G1 X131.255 Y133.668 E-.50162
G1 X130.722 Y134.47 E-.45741
G1 X130.566 Y134.649 E-.11295
;WIPE_END
G1 X133.932 Y129.406 F9000
G1 E5 F2400
;TYPE:Perimeter
;WIDTH:0.439999
G1 F1131
G1 X133.932 Y133.954 E.06396
G1 X132.653 Y133.954 E.01799
;WIDTH:0.481342
G1 X132.083 Y134.1 E.00908
;WIDTH:0.50483
G1 X131.964 Y134.173 E.00226
G1 X132.023 Y134.047 E.00226
;WIDTH:0.481342
G1 X132.501 Y132.983 E.01801
;WIDTH:0.439999
G1 X132.807 Y132.055 E.01374
G1 X133.008 Y130.99 E.01524
G1 X133.066 Y129.753 E.01742
G1 X132.989 Y128.863 E.01256
G1 X132.772 Y127.814 E.01506
G1 X132.501 Y127.017 E.01184
G1 X132.314 Y126.59 E.00656
;WIDTH:0.478578
G1 X131.889 Y125.738 E.01461
G1 X132.09 Y125.888 E.00385
;WIDTH:0.453461
G1 X132.653 Y126.046 E.00849
;WIDTH:0.439999
G1 X133.932 Y126.046 E.01799
G1 X133.932 Y126.78 E.01032
G1 X133.932 Y129.346 E.03609
G1 E-3.5 F3600
;WIPE_START
G1 F7200
G1 X133.932 Y129.406 E-.0285
G1 X133.932 Y132.504 E-1.4715
;WIPE_END
G1 X131.964 Y134.173 F9000
G1 E5 F2400
;WIDTH:0.50483
G1 F1131
G1 X131.689 Y134.553 E.00761
;WIDTH:0.469449
G1 X131.414 Y134.932 E.00704
;WIDTH:0.435336
G1 X130.715 Y135.744 E.0149
;WIDTH:0.437196
G1 X129.916 Y136.458 E.01497
;WIDTH:0.439642
G1 X129.03 Y137.062 E.01507
;WIDTH:0.442682
G1 X128.074 Y137.545 E.01516
;WIDTH:0.446308
G1 X127.062 Y137.9 E.01531
;WIDTH:0.450298
G1 X126.042 Y138.114 E.01501
G1 X125.122 Y138.192 E.0133
;WIDTH:0.45848
G1 X124.041 Y138.151 E.01588
;WIDTH:0.458798
G1 X123.052 Y137.988 E.01472
;WIDTH:0.46045
G1 X122.091 Y137.705 E.01477
;WIDTH:0.461508
G1 X121.171 Y137.307 E.01481
G1 X120.721 Y137.059 E.00759
;WIDTH:0.433446
G1 X119.943 Y136.539 E.01296
;WIDTH:0.461856
G1 X119.511 Y136.191 E.0082
G1 X119.132 Y135.839 E.00765
;WIDTH:0.433724
G1 X118.418 Y135.04 E.01485
;WIDTH:0.434748
G1 X117.815 Y134.154 E.01489
;WIDTH:0.436364
G1 X117.333 Y133.197 E.01494
;WIDTH:0.43857
G1 X116.979 Y132.186 E.01501
;WIDTH:0.44137
G1 X116.76 Y131.137 E.01512
G1 X116.686 Y130.247 E.0126
;WIDTH:0.448768
G1 X116.738 Y129.009 E.01779
;WIDTH:0.45239
G1 X116.923 Y128.013 E.01466
;WIDTH:0.455468
G1 X117.227 Y127.058 E.01461
;WIDTH:0.457948
G1 X117.644 Y126.147 E.01469
;WIDTH:0.459842
G1 X118.17 Y125.293 E.01477
;WIDTH:0.461144
G1 X118.795 Y124.51 E.01479
;WIDTH:0.461856
G1 X119.511 Y123.809 E.01482
G1 X119.943 Y123.461 E.0082
;WIDTH:0.433448
G1 X120.721 Y122.941 E.01296
;WIDTH:0.461508
G1 X121.171 Y122.693 E.00759
G1 X121.678 Y122.459 E.00825
;WIDTH:0.434254
G1 X122.69 Y122.106 E.01487
;WIDTH:0.43563
G1 X123.739 Y121.888 E.01491
G1 X124.628 Y121.813 E.01242
;WIDTH:0.44043
G1 X125.865 Y121.867 E.01743
;WIDTH:0.443286
G1 X126.93 Y122.067 E.01536
;WIDTH:0.447022
G1 X127.949 Y122.401 E.01533
;WIDTH:0.450954
G1 X128.877 Y122.847 E.01486
;WIDTH:0.454272
G1 X129.72 Y123.39 E.01458
;WIDTH:0.457
G1 X130.49 Y124.032 E.01467
;WIDTH:0.459132
G1 X131.175 Y124.763 E.01473
;WIDTH:0.463666
G1 X131.807 Y125.628 E.01591
;WIDTH:0.478578
G1 X131.889 Y125.738 E.00211
G1 X132.391 Y125.527 F9000
;WIDTH:0.439999
G1 F1131
G1 X132.653 Y125.623 E.00392
G1 X134.354 Y125.623 E.02392
G1 X134.354 Y126.78 E.01627
G1 X134.354 Y134.377 E.10684
G1 X132.653 Y134.377 E.02392
G1 X132.322 Y134.474 E.00485
G1 X132.157 Y134.628 E.00317
G1 X131.509 Y135.514 E.01544
G1 X130.786 Y136.283 E.01484
G1 X129.974 Y136.957 E.01484
G1 X129.087 Y137.528 E.01484
G1 X128.136 Y137.986 E.01484
G1 X127.137 Y138.324 E.01483
G1 X126.103 Y138.538 E.01485
G1 X125.052 Y138.624 E.01483
G1 X123.997 Y138.581 E.01485
G1 X122.956 Y138.41 E.01484
G1 X121.944 Y138.113 E.01483
G1 X120.975 Y137.694 E.01485
G1 X120.065 Y137.16 E.01484
G1 X119.226 Y136.519 E.01485
G1 X118.473 Y135.781 E.01483
G1 X117.815 Y134.956 E.01484
G1 X117.262 Y134.057 E.01484
G1 X116.824 Y133.097 E.01484
G1 X116.506 Y132.091 E.01484
G1 X116.314 Y131.053 E.01485
G1 X116.249 Y130 E.01484
G1 X116.314 Y128.947 E.01484
G1 X116.506 Y127.909 E.01485
G1 X116.824 Y126.903 E.01484
G1 X117.262 Y125.943 E.01484
G1 X117.815 Y125.044 E.01484
G1 X118.473 Y124.219 E.01484
G1 X119.226 Y123.481 E.01483
G1 X120.065 Y122.84 E.01485
G1 X120.975 Y122.306 E.01484
G1 X121.944 Y121.887 E.01485
G1 X122.956 Y121.59 E.01483
G1 X123.997 Y121.419 E.01484
G1 X125.052 Y121.376 E.01485
G1 X126.103 Y121.462 E.01483
G1 X127.137 Y121.676 E.01485
G1 X128.136 Y122.014 E.01483
G1 X129.087 Y122.472 E.01484
G1 X129.974 Y123.043 E.01484
G1 X130.786 Y123.717 E.01484
G1 X131.49 Y124.467 E.01447
G1 X132.257 Y125.478 E.01785
G1 X132.334 Y125.506 E.00115
G1 X132.572 Y125.169 F9000
;TYPE:External perimeter
;WIDTH:0.419999
G1 F1131
G1 X132.653 Y125.21 E.00122
G1 X134.767 Y125.21 E.02832
G1 X134.767 Y126.78 E.02104
G1 X134.767 Y134.79 E.10732
G1 X132.653 Y134.79 E.02832
G1 X132.49 Y134.872 E.00244
G1 X131.827 Y135.778 E.01504
G1 X131.069 Y136.584 E.01482
G1 X130.219 Y137.291 E.01481
G1 X129.289 Y137.889 E.01481
G1 X128.292 Y138.369 E.01483
G1 X127.245 Y138.723 E.01481
G1 X126.162 Y138.947 E.01482
G1 X125.06 Y139.038 E.01482
G1 X123.955 Y138.993 E.01482
G1 X122.864 Y138.813 E.01482
G1 X121.803 Y138.502 E.01481
G1 X120.788 Y138.063 E.01482
G1 X119.834 Y137.504 E.01481
G1 X118.956 Y136.832 E.01481
G1 X118.166 Y136.058 E.01482
G1 X117.476 Y135.194 E.01481
G1 X116.897 Y134.251 E.01483
G1 X116.438 Y133.245 E.01482
G1 X116.105 Y132.191 E.01481
G1 X115.903 Y131.104 E.01481
G1 X115.835 Y130 E.01482
G1 X115.903 Y128.896 E.01482
G1 X116.105 Y127.809 E.01481
G1 X116.438 Y126.755 E.01481
G1 X116.897 Y125.749 E.01482
G1 X117.476 Y124.806 E.01483
G1 X118.166 Y123.942 E.01481
G1 X118.956 Y123.168 E.01482
G1 X119.834 Y122.496 E.01481
G1 X120.788 Y121.937 E.01481
G1 X121.803 Y121.498 E.01482
G1 X122.864 Y121.187 E.01481
G1 X123.955 Y121.007 E.01482
G1 X125.06 Y120.962 E.01482
G1 X126.162 Y121.053 E.01482
G1 X127.245 Y121.277 E.01482
G1 X128.292 Y121.631 E.01481
G1 X129.289 Y122.111 E.01483
G1 X130.219 Y122.709 E.01481
G1 X131.069 Y123.416 E.01481
G1 X131.827 Y124.222 E.01482
G1 X132.49 Y125.128 E.01504
G1 X132.518 Y125.142 E.00042
G1 X133.583 Y126.395 F9000
;TYPE:Solid infill
;WIDTH:0.48694
G1 F1131
G1 X133.583 Y127.869 E.02303
;WIDTH:0.506524
G1 X133.573 Y128.136 E.00435
G1 X133.503 Y128.216 E.00173
;WIDTH:0.475776
G1 X133.433 Y128.295 E.00161
;WIDTH:0.445028
G1 X133.383 Y128.352 E.00108
;WIDTH:0.422959
G1 X133.208 Y128.408 E.00248
;WIDTH:0.403711
G1 X133.293 Y128.949 E.00704
;WIDTH:0.368754
G1 X133.34 Y129.89 E.01102
;WIDTH:0.33579
G1 X133.34 Y129.91 E.00021
;WIDTH:0.373534
G1 X133.283 Y131.149 E.0147
;WIDTH:0.40034
G1 X133.212 Y131.584 E.00562
;WIDTH:0.427314
G1 X133.387 Y131.636 E.00249
;WIDTH:0.467705
G1 X133.479 Y131.733 E.002
;WIDTH:0.508096
G1 X133.572 Y131.83 E.00219
G1 X133.594 Y131.622 E.00342
;WIDTH:0.464279
G1 X133.616 Y131.415 E.0031
;WIDTH:0.420463
G1 X133.638 Y131.208 E.00279
;WIDTH:0.376646
G1 X133.639 Y131.159 E.00059
;WIDTH:0.373534
G1 X133.658 Y129.92 E.01469
;WIDTH:0.366027
G1 X133.643 Y128.959 E.01115
;WIDTH:0.394493
G1 X133.629 Y128.703 E.00322
;WIDTH:0.422959
G1 X133.615 Y128.447 E.00346
;WIDTH:0.464742
G1 X133.594 Y128.292 E.00233
;WIDTH:0.506524
G1 X133.573 Y128.136 E.00256
G1 E-3.5 F3600
;WIPE_START
G1 F7200
G1 X133.594 Y128.292 E-.07477
G1 X133.615 Y128.447 E-.0743
G1 X133.629 Y128.703 E-.12178
G1 X133.643 Y128.959 E-.12178
G1 X133.658 Y129.92 E-.45653
G1 X133.639 Y131.159 E-.58859
G1 X133.638 Y131.208 E-.02328
G1 X133.629 Y131.29 E-.03897
;WIPE_END
G1 X133.572 Y131.83 F9000
G1 E5 F2400
;WIDTH:0.508096
G1 F1131
G1 X133.582 Y132.125 E.00482
;WIDTH:0.487146
G1 X133.583 Y133.605 E.02313
G1 X133.136 Y133.136 F9000
;TYPE:Internal infill
;WIDTH:0.44
G1 F1131
G1 X132.878 Y132.878 E.00513
G1 E-3.5 F3600
;WIPE_START
G1 F7200
G1 X133.136 Y133.136 E-.17331
;WIPE_END
G1 E-1.32669 F3600
G1 X132.878 Y127.122 F9000
G1 E5 F2400
G1 F1131
G1 X133.136 Y126.864 E.00513
G1 E-3.5 F3600
;WIPE_START
G1 F7200
G1 X132.878 Y127.122 E-.17331
;WIPE_END
G1 E-1.32669 F3600
G1 X142.84 Y126.068 F9000
G1 E5 F2400
;TYPE:Perimeter
;WIDTH:0.484057
G1 F1131
G1 X143.307 Y126.068 E.00725
G1 X143.307 Y126.301 E.00362
G1 X143.307 Y133.932 E.1185
G1 X142.84 Y133.932 E.00725
G1 X142.84 Y126.128 E.12119
G1 X142.396 Y125.623 F9000
;WIDTH:0.439999
G1 F1131
G1 X143.752 Y125.623 E.01907
G1 X143.752 Y126.301 E.00953
G1 X143.752 Y134.377 E.11358
G1 X142.396 Y134.377 E.01907
G1 X142.396 Y125.683 E.12227
G1 X141.983 Y125.21 F9000
;TYPE:External perimeter
;WIDTH:0.419999
G1 F1131
G1 X144.165 Y125.21 E.02923
G1 X144.165 Y126.301 E.01462
G1 X144.165 Y134.79 E.11374
G1 X141.983 Y134.79 E.02923
G1 X141.983 Y125.27 E.12755
;LAYER_CHANGE
;Z:4.04
;HEIGHT:0.0799999
;BEFORE_LAYER_CHANGE
G92 E0
;4.04


G1 E-3.5 F3600
;WIPE_START
G1 F7200
G1 X141.983 Y125.21 E-.0285
G1 X144.165 Y125.21 E-1.03645
G1 X144.165 Y126.126 E-.43505
;WIPE_END
G1 Z4.04 F9000
;AFTER_LAYER_CHANGE
;4.04
G1 X132.387 Y128.029
G1 E5 F2400
;TYPE:Perimeter
;WIDTH:0.439999
G1 F1120
G1 X132.575 Y128.946 E.01316
G1 X132.645 Y129.866 E.01298
G1 X132.586 Y130.968 E.01552
G1 X132.392 Y131.973 E.01439
G1 X132.091 Y132.875 E.01337
G1 X131.625 Y133.851 E.01521
G1 X131.065 Y134.699 E.01429
G1 X130.399 Y135.467 E.0143
G1 X129.638 Y136.141 E.0143
G1 X128.796 Y136.71 E.01429
G1 X127.886 Y137.165 E.01431
G1 X126.925 Y137.496 E.01429
G1 X125.959 Y137.694 E.01387
G1 X125.089 Y137.769 E.01228
G1 X124.065 Y137.719 E.01442
G1 X122.825 Y137.496 E.01772
G1 X121.938 Y137.195 E.01317
G1 X121.363 Y136.918 E.00898
G1 X120.954 Y136.71 E.00645
G1 X120.176 Y136.19 E.01316
G1 X119.408 Y135.524 E.0143
G1 X118.734 Y134.763 E.0143
G1 X118.165 Y133.921 E.01429
G1 X117.71 Y133.011 E.01431
G1 X117.379 Y132.05 E.01429
G1 X117.175 Y131.054 E.0143
G1 X117.106 Y130.214 E.01185
G1 X117.164 Y129.032 E.01664
G1 X117.344 Y128.097 E.01339
G1 X117.634 Y127.196 E.01331
G1 X118.032 Y126.338 E.0133
G1 X118.529 Y125.534 E.01329
G1 X118.734 Y125.237 E.00508
G1 X119.351 Y124.533 E.01316
G1 X119.797 Y124.135 E.00841
G1 X120.176 Y123.81 E.00702
G1 X120.954 Y123.29 E.01316
G1 X121.864 Y122.835 E.01431
G1 X122.825 Y122.504 E.01429
G1 X123.821 Y122.3 E.0143
G1 X124.661 Y122.231 E.01185
G1 X125.843 Y122.289 E.01664
G1 X126.848 Y122.483 E.01439
G1 X127.812 Y122.805 E.01429
G1 X128.688 Y123.231 E.0137
G1 X129.481 Y123.748 E.01331
G1 X130.205 Y124.356 E.0133
G1 X130.85 Y125.048 E.0133
G1 X131.065 Y125.301 E.00467
G1 X131.585 Y126.079 E.01316
G1 X132.091 Y127.125 E.01634
G1 X132.371 Y127.95 E.01225
G1 X132.375 Y127.97 E.00029
G1 X131.986 Y128.109 F9000
;TYPE:External perimeter
;WIDTH:0.419999
G1 F1120
G1 X132.17 Y129.026 E.01253
G1 X132.233 Y129.844 E.01099
G1 X132.173 Y130.945 E.01477
G1 X131.987 Y131.892 E.01293
G1 X131.7 Y132.743 E.01203
G1 X131.255 Y133.668 E.01375
G1 X130.722 Y134.47 E.0129
G1 X130.088 Y135.195 E.0129
G1 X129.366 Y135.831 E.01289
G1 X128.566 Y136.367 E.0129
G1 X127.704 Y136.794 E.01289
G1 X126.793 Y137.105 E.0129
G1 X125.878 Y137.289 E.0125
G1 X125.057 Y137.357 E.01104
G1 X124.087 Y137.307 E.01301
G1 X123.217 Y137.159 E.01182
G1 X122.046 Y136.794 E.01643
G1 X121.207 Y136.38 E.01254
G1 X120.384 Y135.831 E.01325
G1 X119.68 Y135.213 E.01255
G1 X119.044 Y134.491 E.01289
G1 X118.508 Y133.691 E.0129
G1 X118.081 Y132.829 E.01289
G1 X117.77 Y131.918 E.0129
G1 X117.58 Y130.974 E.0129
G1 X117.518 Y130.182 E.01064
G1 X117.577 Y129.055 E.01512
G1 X117.749 Y128.178 E.01197
G1 X118.025 Y127.329 E.01196
G1 X118.402 Y126.52 E.01196
G1 X119.044 Y125.509 E.01605
G1 X119.662 Y124.805 E.01255
G1 X120.069 Y124.446 E.00727
G1 X120.405 Y124.153 E.00597
G1 X121.184 Y123.633 E.01255
G1 X122.046 Y123.206 E.01289
G1 X122.957 Y122.895 E.0129
G1 X123.901 Y122.705 E.0129
G1 X124.693 Y122.643 E.01064
G1 X125.82 Y122.702 E.01512
G1 X126.767 Y122.888 E.01293
G1 X127.679 Y123.196 E.0129
G1 X128.505 Y123.601 E.01233
G1 X129.251 Y124.091 E.01196
G1 X129.933 Y124.667 E.01196
G1 X130.54 Y125.32 E.01195
G1 X130.722 Y125.53 E.00372
G1 X131.242 Y126.309 E.01255
G1 X131.7 Y127.257 E.01411
G1 X131.97 Y128.051 E.01124
G1 E-3.5 F3600
;WIPE_START
G1 F7200
G1 X131.986 Y128.109 E-.02858
G1 X132.17 Y129.026 E-.44426
G1 X132.233 Y129.844 E-.3897
G1 X132.173 Y130.945 E-.52375
G1 X132.127 Y131.18 E-.11371
;WIPE_END
G1 X133.881 Y130.665 F9000
G1 E5 F2400
;TYPE:Perimeter
;WIDTH:0.439999
G1 F1120
G1 X133.881 Y133.954 E.04625
G1 X132.653 Y133.954 E.01727
;WIDTH:0.481342
G1 X132.083 Y134.1 E.00908
;WIDTH:0.50483
G1 X131.964 Y134.173 E.00226
G1 X132.023 Y134.047 E.00226
;WIDTH:0.481342
G1 X132.492 Y133.011 E.01756
;WIDTH:0.439999
G1 X132.807 Y132.055 E.01416
G1 X133.008 Y130.99 E.01524
G1 X133.066 Y129.753 E.01742
G1 X132.989 Y128.863 E.01256
G1 X132.772 Y127.814 E.01506
G1 X132.492 Y126.989 E.01225
G1 X132.314 Y126.59 E.00614
;WIDTH:0.478578
G1 X131.889 Y125.738 E.01461
G1 X132.09 Y125.888 E.00385
;WIDTH:0.453461
G1 X132.653 Y126.046 E.00849
;WIDTH:0.439999
G1 X133.881 Y126.046 E.01727
G1 X133.881 Y126.759 E.01003
G1 X133.881 Y130.605 E.05409
G1 E-3.5 F3600
;WIPE_START
G1 F7200
G1 X133.881 Y130.665 E-.0285
G1 X133.881 Y133.763 E-1.4715
;WIPE_END
G1 X131.964 Y134.173 F9000
G1 E5 F2400
;WIDTH:0.50483
G1 F1120
G1 X131.689 Y134.553 E.00761
;WIDTH:0.469449
G1 X131.414 Y134.932 E.00704
;WIDTH:0.435336
G1 X130.715 Y135.744 E.0149
;WIDTH:0.437194
G1 X129.916 Y136.458 E.01497
;WIDTH:0.43964
G1 X129.03 Y137.062 E.01507
;WIDTH:0.442684
G1 X128.074 Y137.545 E.01516
;WIDTH:0.446308
G1 X127.062 Y137.9 E.01531
;WIDTH:0.450298
G1 X126.042 Y138.114 E.01501
G1 X125.122 Y138.192 E.0133
;WIDTH:0.45848
G1 X124.041 Y138.151 E.01588
;WIDTH:0.458798
G1 X123.052 Y137.988 E.01472
;WIDTH:0.460448
G1 X122.091 Y137.705 E.01477
;WIDTH:0.461508
G1 X121.171 Y137.307 E.01481
G1 X120.721 Y137.059 E.00759
;WIDTH:0.433446
G1 X119.943 Y136.539 E.01296
;WIDTH:0.461854
G1 X119.511 Y136.191 E.0082
G1 X119.132 Y135.839 E.00765
;WIDTH:0.433724
G1 X118.418 Y135.04 E.01485
;WIDTH:0.434748
G1 X117.815 Y134.154 E.01489
;WIDTH:0.436364
G1 X117.333 Y133.197 E.01494
;WIDTH:0.43857
G1 X116.979 Y132.186 E.01501
;WIDTH:0.44137
G1 X116.76 Y131.137 E.01512
G1 X116.686 Y130.247 E.0126
;WIDTH:0.448768
G1 X116.738 Y129.009 E.01779
;WIDTH:0.452388
G1 X116.923 Y128.013 E.01466
;WIDTH:0.455468
G1 X117.227 Y127.058 E.01461
;WIDTH:0.457948
G1 X117.644 Y126.147 E.01469
;WIDTH:0.459842
G1 X118.17 Y125.293 E.01477
;WIDTH:0.461146
G1 X118.795 Y124.51 E.01479
;WIDTH:0.461856
G1 X119.511 Y123.809 E.01482
G1 X119.943 Y123.461 E.0082
;WIDTH:0.433448
G1 X120.721 Y122.941 E.01296
;WIDTH:0.461508
G1 X121.171 Y122.693 E.00759
G1 X121.678 Y122.459 E.00825
;WIDTH:0.434254
G1 X122.69 Y122.106 E.01487
;WIDTH:0.43563
G1 X123.739 Y121.888 E.01491
G1 X124.628 Y121.813 E.01242
;WIDTH:0.44043
G1 X125.865 Y121.867 E.01743
;WIDTH:0.443286
G1 X126.93 Y122.067 E.01536
;WIDTH:0.447024
G1 X127.949 Y122.401 E.01533
;WIDTH:0.450954
G1 X128.877 Y122.847 E.01486
;WIDTH:0.454272
G1 X129.72 Y123.39 E.01458
;WIDTH:0.457
G1 X130.49 Y124.032 E.01467
;WIDTH:0.459132
G1 X131.175 Y124.763 E.01473
;WIDTH:0.463666
G1 X131.807 Y125.628 E.01591
;WIDTH:0.478578
G1 X131.889 Y125.738 E.00211
G1 X132.391 Y125.527 F9000
;WIDTH:0.439999
G1 F1120
G1 X132.653 Y125.623 E.00392
G1 X134.304 Y125.623 E.02322
G1 X134.304 Y126.759 E.01598
G1 X134.304 Y134.377 E.10714
G1 X132.653 Y134.377 E.02322
G1 X132.322 Y134.474 E.00485
G1 X132.157 Y134.628 E.00317
G1 X131.509 Y135.514 E.01544
G1 X130.786 Y136.283 E.01484
G1 X129.974 Y136.957 E.01484
G1 X129.087 Y137.528 E.01484
G1 X128.136 Y137.986 E.01484
G1 X127.137 Y138.324 E.01483
G1 X126.103 Y138.538 E.01485
G1 X125.052 Y138.624 E.01483
G1 X123.997 Y138.581 E.01485
G1 X122.956 Y138.41 E.01484
G1 X121.944 Y138.113 E.01483
G1 X120.975 Y137.694 E.01485
G1 X120.065 Y137.16 E.01484
G1 X119.226 Y136.519 E.01485
G1 X118.473 Y135.781 E.01483
G1 X117.815 Y134.956 E.01484
G1 X117.262 Y134.057 E.01484
G1 X116.824 Y133.097 E.01484
G1 X116.506 Y132.091 E.01484
G1 X116.314 Y131.053 E.01485
G1 X116.249 Y130 E.01484
G1 X116.314 Y128.947 E.01484
G1 X116.506 Y127.909 E.01485
G1 X116.824 Y126.903 E.01484
G1 X117.262 Y125.943 E.01484
G1 X117.815 Y125.044 E.01484
G1 X118.473 Y124.219 E.01484
G1 X119.226 Y123.481 E.01483
G1 X120.065 Y122.84 E.01485
G1 X120.975 Y122.306 E.01484
G1 X121.944 Y121.887 E.01485
G1 X122.956 Y121.59 E.01483
G1 X123.997 Y121.419 E.01484
G1 X125.052 Y121.376 E.01485
G1 X126.103 Y121.462 E.01483
G1 X127.137 Y121.676 E.01485
G1 X128.136 Y122.014 E.01483
G1 X129.087 Y122.472 E.01484
G1 X129.974 Y123.043 E.01484
G1 X130.786 Y123.717 E.01484
G1 X131.49 Y124.467 E.01447
G1 X132.257 Y125.478 E.01785
G1 X132.334 Y125.506 E.00115
G1 X132.572 Y125.169 F9000
;TYPE:External perimeter
;WIDTH:0.419999
G1 F1120
G1 X132.653 Y125.21 E.00122
G1 X134.716 Y125.21 E.02764
G1 X134.716 Y126.759 E.02075
G1 X134.716 Y134.79 E.1076
G1 X132.653 Y134.79 E.02764
G1 X132.49 Y134.872 E.00244
G1 X131.827 Y135.778 E.01504
G1 X131.069 Y136.584 E.01482
G1 X130.219 Y137.291 E.01481
G1 X129.289 Y137.889 E.01481
G1 X128.292 Y138.369 E.01483
G1 X127.245 Y138.723 E.01481
G1 X126.162 Y138.947 E.01482
G1 X125.06 Y139.038 E.01482
G1 X123.955 Y138.993 E.01482
G1 X122.864 Y138.813 E.01482
G1 X121.803 Y138.502 E.01481
G1 X120.788 Y138.063 E.01482
G1 X119.834 Y137.504 E.01481
G1 X118.956 Y136.832 E.01481
G1 X118.166 Y136.058 E.01482
G1 X117.476 Y135.194 E.01481
G1 X116.897 Y134.251 E.01483
G1 X116.438 Y133.245 E.01482
G1 X116.105 Y132.191 E.01481
G1 X115.903 Y131.104 E.01481
G1 X115.835 Y130 E.01482
G1 X115.903 Y128.896 E.01482
G1 X116.105 Y127.809 E.01481
G1 X116.438 Y126.755 E.01481
G1 X116.897 Y125.749 E.01482
G1 X117.476 Y124.806 E.01483
G1 X118.166 Y123.942 E.01481
G1 X118.956 Y123.168 E.01482
G1 X119.834 Y122.496 E.01481
G1 X120.788 Y121.937 E.01481
G1 X121.803 Y121.498 E.01482
G1 X122.864 Y121.187 E.01481
G1 X123.955 Y121.007 E.01482
G1 X125.06 Y120.962 E.01482
G1 X126.162 Y121.053 E.01482
G1 X127.245 Y121.277 E.01482
G1 X128.292 Y121.631 E.01481
G1 X129.289 Y122.111 E.01483
G1 X130.219 Y122.709 E.01481
G1 X131.069 Y123.416 E.01481
G1 X131.827 Y124.222 E.01482
G1 X132.49 Y125.128 E.01504
G1 X132.518 Y125.142 E.00042
G1 X133.104 Y126.896 F9000
;TYPE:Internal infill
;WIDTH:0.44
G1 F1120
G1 X132.878 Y127.122 E.00449
G1 X133.216 Y128.496 F9000
;TYPE:Solid infill
;WIDTH:0.386493
G1 F1120
G1 X133.184 Y128.329 E.00209
;WIDTH:0.405562
G1 X133.355 Y128.275 E.00232
;WIDTH:0.44224
G1 X133.445 Y128.167 E.00199
;WIDTH:0.478918
G1 X133.536 Y128.059 E.00217
G1 X133.559 Y128.26 E.00311
;WIDTH:0.432706
G1 X133.582 Y128.461 E.0028
;WIDTH:0.432894
G1 X133.558 Y128.538 E.00112
;WIDTH:0.479295
G1 X133.535 Y128.614 E.00122
;WIDTH:0.525697
G1 X133.511 Y128.691 E.00136
;WIDTH:0.572098
G1 X133.488 Y128.768 E.00148
;WIDTH:0.618499
G1 X133.464 Y128.844 E.00159
;WIDTH:0.6649
G1 X133.441 Y128.921 E.00173
G1 X133.409 Y128.861 E.00146
;WIDTH:0.62591
G1 X133.378 Y128.802 E.00135
;WIDTH:0.586921
G1 X133.346 Y128.742 E.00129
;WIDTH:0.547931
G1 X133.315 Y128.683 E.00118
;WIDTH:0.548767
G1 X133.346 Y128.743 E.00119
;WIDTH:0.588594
G1 X133.378 Y128.804 E.00131
;WIDTH:0.62842
G1 X133.41 Y128.865 E.0014
;WIDTH:0.668246
G1 X133.443 Y128.961 E.0022
;WIDTH:0.664046
G1 X133.458 Y129.439 E.01029
;WIDTH:0.633766
G1 X133.474 Y129.918 E.00983
;WIDTH:0.641279
G1 X133.455 Y130.538 E.01288
;WIDTH:0.679072
G1 X133.436 Y131.158 E.01366
;WIDTH:0.714673
G1 X133.418 Y131.347 E.0044
;WIDTH:0.750274
G1 X133.4 Y131.536 E.00463
G1 X133.425 Y131.592 E.0015
;WIDTH:0.700566
G1 X133.45 Y131.649 E.00141
;WIDTH:0.650858
G1 X133.475 Y131.706 E.00131
;WIDTH:0.60115
G1 X133.5 Y131.763 E.00121
;WIDTH:0.551442
G1 X133.52 Y131.943 E.00322
;WIDTH:0.509968
G1 X133.541 Y132.123 E.00297
;WIDTH:0.468494
G1 X133.541 Y133.615 E.0224
G1 E-3.5 F3600
;WIPE_START
G1 F7200
G1 X133.541 Y132.123 E-.7087
G1 X133.52 Y131.943 E-.08608
G1 X133.5 Y131.763 E-.08603
G1 X133.475 Y131.706 E-.02956
G1 X133.45 Y131.649 E-.02956
G1 X133.425 Y131.592 E-.02956
G1 X133.4 Y131.536 E-.02913
G1 X133.418 Y131.347 E-.09018
G1 X133.436 Y131.158 E-.09018
G1 X133.455 Y130.538 E-.29464
G1 X133.457 Y130.483 E-.02638
;WIPE_END
G1 X133.536 Y128.059 F9000
G1 E5 F2400
;WIDTH:0.478918
G1 F1120
G1 X133.541 Y127.872 E.00287
;WIDTH:0.468374
G1 X133.541 Y126.385 E.02232
G1 E-3.5 F3600
;WIPE_START
G1 F7200
G1 X133.541 Y127.872 E-.70632
G1 X133.536 Y128.059 E-.08886
;WIPE_END
G1 E-.70482 F3600
G1 X132.878 Y132.878 F9000
G1 E5 F2400
;TYPE:Internal infill
;WIDTH:0.44
G1 F1120
G1 X133.104 Y133.104 E.00449
G1 E-3.5 F3600
;WIPE_START
G1 F7200
G1 X132.878 Y132.878 E-.15182
;WIPE_END
G1 E-1.34818 F3600
G1 X142.879 Y133.945 F9000
G1 E5 F2400
;TYPE:Perimeter
;WIDTH:0.458666
G1 F1120
G1 X142.879 Y126.055 E.11586
G1 X143.32 Y126.055 E.00648
G1 X143.32 Y126.276 E.00325
G1 X143.32 Y133.945 E.11261
G1 X142.939 Y133.945 E.00559
G1 X142.446 Y134.377 F9000
;WIDTH:0.439999
G1 F1120
G1 X142.446 Y125.623 E.12311
G1 X143.752 Y125.623 E.01837
G1 X143.752 Y126.276 E.00918
G1 X143.752 Y134.377 E.11393
G1 X142.506 Y134.377 E.01752
G1 X142.034 Y134.79 F9000
;TYPE:External perimeter
;WIDTH:0.419999
G1 F1120
G1 X142.034 Y125.21 E.12835
G1 X144.165 Y125.21 E.02855
G1 X144.165 Y126.276 E.01428
G1 X144.165 Y134.79 E.11407
G1 X142.094 Y134.79 E.02775
;LAYER_CHANGE
;Z:4.12
;HEIGHT:0.0799999
;BEFORE_LAYER_CHANGE
G92 E0
;4.12


G1 E-3.5 F3600
;WIPE_START
G1 F7200
G1 X142.034 Y134.79 E-.0285
G1 X142.034 Y131.692 E-1.4715
;WIPE_END
G1 Z4.12 F9000
;AFTER_LAYER_CHANGE
;4.12
G1 X132.367 Y132.049
G1 E5 F2400
;TYPE:Perimeter
;WIDTH:0.439999
G1 F1106
G1 X132.082 Y132.904 E.01267
G1 X131.625 Y133.851 E.01479
G1 X131.065 Y134.699 E.01429
G1 X130.399 Y135.467 E.0143
G1 X129.638 Y136.141 E.0143
G1 X128.796 Y136.71 E.01429
G1 X127.886 Y137.165 E.01431
G1 X126.925 Y137.496 E.01429
G1 X125.959 Y137.694 E.01387
G1 X125.089 Y137.769 E.01228
G1 X124.065 Y137.719 E.01442
G1 X122.825 Y137.496 E.01772
G1 X121.938 Y137.195 E.01317
G1 X121.363 Y136.918 E.00898
G1 X120.954 Y136.71 E.00645
G1 X120.176 Y136.19 E.01316
G1 X119.408 Y135.524 E.0143
G1 X118.734 Y134.763 E.0143
G1 X118.165 Y133.921 E.01429
G1 X117.71 Y133.011 E.01431
G1 X117.379 Y132.05 E.01429
G1 X117.175 Y131.054 E.0143
G1 X117.106 Y130.214 E.01185
G1 X117.164 Y129.032 E.01664
G1 X117.344 Y128.097 E.01339
G1 X117.634 Y127.196 E.01331
G1 X118.032 Y126.338 E.0133
G1 X118.529 Y125.534 E.01329
G1 X118.734 Y125.237 E.00508
G1 X119.351 Y124.533 E.01316
G1 X119.797 Y124.135 E.00841
G1 X120.176 Y123.81 E.00702
G1 X120.954 Y123.29 E.01316
G1 X121.864 Y122.835 E.01431
G1 X122.825 Y122.504 E.01429
G1 X123.821 Y122.3 E.0143
G1 X124.661 Y122.231 E.01185
G1 X125.843 Y122.289 E.01664
G1 X126.848 Y122.483 E.01439
G1 X127.812 Y122.805 E.01429
G1 X128.688 Y123.231 E.0137
G1 X129.481 Y123.748 E.01331
G1 X130.205 Y124.356 E.0133
G1 X130.85 Y125.048 E.0133
G1 X131.065 Y125.301 E.00467
G1 X131.585 Y126.079 E.01316
G1 X132.082 Y127.096 E.01592
G1 X132.371 Y127.95 E.01268
G1 X132.575 Y128.946 E.0143
G1 X132.645 Y129.866 E.01298
G1 X132.586 Y130.968 E.01552
G1 X132.392 Y131.973 E.01439
G1 X132.386 Y131.992 E.00028
G1 X131.979 Y131.918 F9000
;TYPE:External perimeter
;WIDTH:0.419999
G1 F1106
G1 X131.691 Y132.771 E.01206
G1 X131.255 Y133.668 E.01336
G1 X130.722 Y134.47 E.0129
G1 X130.088 Y135.195 E.0129
G1 X129.366 Y135.831 E.01289
G1 X128.566 Y136.367 E.0129
G1 X127.704 Y136.794 E.01289
G1 X126.793 Y137.105 E.0129
G1 X125.878 Y137.289 E.0125
G1 X125.057 Y137.357 E.01104
G1 X124.087 Y137.307 E.01301
G1 X123.217 Y137.159 E.01182
G1 X122.046 Y136.794 E.01643
G1 X121.207 Y136.38 E.01254
G1 X120.384 Y135.831 E.01325
G1 X119.68 Y135.213 E.01255
G1 X119.044 Y134.491 E.01289
G1 X118.508 Y133.691 E.0129
G1 X118.081 Y132.829 E.01289
G1 X117.77 Y131.918 E.0129
G1 X117.58 Y130.974 E.0129
G1 X117.518 Y130.182 E.01064
G1 X117.577 Y129.055 E.01512
G1 X117.749 Y128.178 E.01197
G1 X118.025 Y127.329 E.01196
G1 X118.402 Y126.52 E.01196
G1 X119.044 Y125.509 E.01605
G1 X119.662 Y124.805 E.01255
G1 X120.069 Y124.446 E.00727
G1 X120.405 Y124.153 E.00597
G1 X121.184 Y123.633 E.01255
G1 X122.046 Y123.206 E.01289
G1 X122.957 Y122.895 E.0129
G1 X123.901 Y122.705 E.0129
G1 X124.693 Y122.643 E.01064
G1 X125.82 Y122.702 E.01512
G1 X126.767 Y122.888 E.01293
G1 X127.679 Y123.196 E.0129
G1 X128.505 Y123.601 E.01233
G1 X129.251 Y124.091 E.01196
G1 X129.933 Y124.667 E.01196
G1 X130.54 Y125.32 E.01195
G1 X130.722 Y125.53 E.00372
G1 X131.242 Y126.309 E.01255
G1 X131.691 Y127.229 E.01372
G1 X131.98 Y128.082 E.01207
G1 X132.17 Y129.026 E.0129
G1 X132.233 Y129.844 E.01099
G1 X132.173 Y130.945 E.01477
G1 X131.994 Y131.86 E.01249
G1 E-3.5 F3600
;WIPE_START
G1 F7200
G1 X131.979 Y131.918 E-.02846
G1 X131.691 Y132.771 E-.42765
G1 X131.255 Y133.668 E-.47374
G1 X130.722 Y134.47 E-.45741
G1 X130.566 Y134.649 E-.11274
;WIPE_END
G1 X133.83 Y129.264 F9000
G1 E5 F2400
;TYPE:Perimeter
;WIDTH:0.439999
G1 F1106
G1 X133.83 Y133.954 E.06596
G1 X132.653 Y133.954 E.01655
;WIDTH:0.481342
G1 X132.083 Y134.1 E.00908
;WIDTH:0.50483
G1 X131.964 Y134.173 E.00226
G1 X132.023 Y134.047 E.00226
;WIDTH:0.481342
G1 X132.482 Y133.039 E.0171
;WIDTH:0.439999
G1 X132.807 Y132.055 E.01457
G1 X133.008 Y130.99 E.01524
G1 X133.066 Y129.753 E.01742
G1 X132.989 Y128.863 E.01256
G1 X132.772 Y127.814 E.01506
G1 X132.482 Y126.961 E.01267
G1 X132.314 Y126.59 E.00573
;WIDTH:0.478578
G1 X131.889 Y125.738 E.01461
G1 X132.09 Y125.888 E.00385
;WIDTH:0.453461
G1 X132.653 Y126.046 E.00849
;WIDTH:0.439999
G1 X133.83 Y126.046 E.01655
G1 X133.83 Y126.738 E.00973
G1 X133.83 Y129.204 E.03468
G1 E-3.5 F3600
;WIPE_START
G1 F7200
G1 X133.83 Y129.264 E-.0285
G1 X133.83 Y132.362 E-1.4715
;WIPE_END
G1 X131.964 Y134.173 F9000
G1 E5 F2400
;WIDTH:0.50483
G1 F1106
G1 X131.689 Y134.553 E.00761
;WIDTH:0.469449
G1 X131.414 Y134.932 E.00704
;WIDTH:0.435336
G1 X130.715 Y135.744 E.0149
;WIDTH:0.437196
G1 X129.916 Y136.458 E.01497
;WIDTH:0.439642
G1 X129.03 Y137.062 E.01507
;WIDTH:0.442684
G1 X128.074 Y137.545 E.01516
;WIDTH:0.44631
G1 X127.062 Y137.9 E.01531
;WIDTH:0.450298
G1 X126.042 Y138.114 E.01501
G1 X125.122 Y138.192 E.0133
;WIDTH:0.45848
G1 X124.041 Y138.151 E.01588
;WIDTH:0.458798
G1 X123.052 Y137.988 E.01472
;WIDTH:0.460448
G1 X122.091 Y137.705 E.01477
;WIDTH:0.461508
G1 X121.171 Y137.307 E.01481
G1 X120.721 Y137.059 E.00759
;WIDTH:0.433446
G1 X119.943 Y136.539 E.01296
;WIDTH:0.461856
G1 X119.511 Y136.191 E.0082
G1 X119.132 Y135.839 E.00765
;WIDTH:0.433726
G1 X118.418 Y135.04 E.01485
;WIDTH:0.434748
G1 X117.815 Y134.154 E.01489
;WIDTH:0.436364
G1 X117.333 Y133.197 E.01494
;WIDTH:0.43857
G1 X116.979 Y132.186 E.01501
;WIDTH:0.44137
G1 X116.76 Y131.137 E.01512
G1 X116.686 Y130.247 E.0126
;WIDTH:0.448768
G1 X116.738 Y129.009 E.01779
;WIDTH:0.45239
G1 X116.923 Y128.013 E.01466
;WIDTH:0.455468
G1 X117.227 Y127.058 E.01461
;WIDTH:0.457948
G1 X117.644 Y126.147 E.01469
;WIDTH:0.459842
G1 X118.17 Y125.293 E.01477
;WIDTH:0.461146
G1 X118.795 Y124.51 E.01479
;WIDTH:0.461856
G1 X119.511 Y123.809 E.01482
G1 X119.943 Y123.461 E.0082
;WIDTH:0.433448
G1 X120.721 Y122.941 E.01296
;WIDTH:0.461508
G1 X121.171 Y122.693 E.00759
G1 X121.678 Y122.459 E.00825
;WIDTH:0.434252
G1 X122.69 Y122.106 E.01487
;WIDTH:0.43563
G1 X123.739 Y121.888 E.01491
G1 X124.628 Y121.813 E.01242
;WIDTH:0.44043
G1 X125.865 Y121.867 E.01743
;WIDTH:0.443286
G1 X126.93 Y122.067 E.01536
;WIDTH:0.447024
G1 X127.949 Y122.401 E.01533
;WIDTH:0.450954
G1 X128.877 Y122.847 E.01486
;WIDTH:0.454272
G1 X129.72 Y123.39 E.01458
;WIDTH:0.457
G1 X130.49 Y124.032 E.01467
;WIDTH:0.459132
G1 X131.175 Y124.763 E.01473
;WIDTH:0.463666
G1 X131.807 Y125.628 E.01591
;WIDTH:0.478578
G1 X131.889 Y125.738 E.00211
G1 X132.391 Y125.527 F9000
;WIDTH:0.439999
G1 F1106
G1 X132.653 Y125.623 E.00392
G1 X134.253 Y125.623 E.0225
G1 X134.253 Y126.738 E.01568
G1 X134.253 Y134.377 E.10743
G1 X132.653 Y134.377 E.0225
G1 X132.322 Y134.474 E.00485
G1 X132.157 Y134.628 E.00317
G1 X131.509 Y135.514 E.01544
G1 X130.786 Y136.283 E.01484
G1 X129.974 Y136.957 E.01484
G1 X129.087 Y137.528 E.01484
G1 X128.136 Y137.986 E.01484
G1 X127.137 Y138.324 E.01483
G1 X126.103 Y138.538 E.01485
G1 X125.052 Y138.624 E.01483
G1 X123.997 Y138.581 E.01485
G1 X122.956 Y138.41 E.01484
G1 X121.944 Y138.113 E.01483
G1 X120.975 Y137.694 E.01485
G1 X120.065 Y137.16 E.01484
G1 X119.226 Y136.519 E.01485
G1 X118.473 Y135.781 E.01483
G1 X117.815 Y134.956 E.01484
G1 X117.262 Y134.057 E.01484
G1 X116.824 Y133.097 E.01484
G1 X116.506 Y132.091 E.01484
G1 X116.314 Y131.053 E.01485
G1 X116.249 Y130 E.01484
G1 X116.314 Y128.947 E.01484
G1 X116.506 Y127.909 E.01485
G1 X116.824 Y126.903 E.01484
G1 X117.262 Y125.943 E.01484
G1 X117.815 Y125.044 E.01484
G1 X118.473 Y124.219 E.01484
G1 X119.226 Y123.481 E.01483
G1 X120.065 Y122.84 E.01485
G1 X120.975 Y122.306 E.01484
G1 X121.944 Y121.887 E.01485
G1 X122.956 Y121.59 E.01483
G1 X123.997 Y121.419 E.01484
G1 X125.052 Y121.376 E.01485
G1 X126.103 Y121.462 E.01483
G1 X127.137 Y121.676 E.01485
G1 X128.136 Y122.014 E.01483
G1 X129.087 Y122.472 E.01484
G1 X129.974 Y123.043 E.01484
G1 X130.786 Y123.717 E.01484
G1 X131.49 Y124.467 E.01447
G1 X132.257 Y125.478 E.01785
G1 X132.334 Y125.506 E.00115
G1 X132.572 Y125.169 F9000
;TYPE:External perimeter
;WIDTH:0.419999
G1 F1106
G1 X132.653 Y125.21 E.00122
G1 X134.666 Y125.21 E.02697
G1 X134.666 Y126.738 E.02047
G1 X134.666 Y134.79 E.10788
G1 X132.653 Y134.79 E.02697
G1 X132.49 Y134.872 E.00244
G1 X131.827 Y135.778 E.01504
G1 X131.069 Y136.584 E.01482
G1 X130.219 Y137.291 E.01481
G1 X129.289 Y137.889 E.01481
G1 X128.292 Y138.369 E.01483
G1 X127.245 Y138.723 E.01481
G1 X126.162 Y138.947 E.01482
G1 X125.06 Y139.038 E.01482
G1 X123.955 Y138.993 E.01482
G1 X122.864 Y138.813 E.01482
G1 X121.803 Y138.502 E.01481
G1 X120.788 Y138.063 E.01482
G1 X119.834 Y137.504 E.01481
G1 X118.956 Y136.832 E.01481
G1 X118.166 Y136.058 E.01482
G1 X117.476 Y135.194 E.01481
G1 X116.897 Y134.251 E.01483
G1 X116.438 Y133.245 E.01482
G1 X116.105 Y132.191 E.01481
G1 X115.903 Y131.104 E.01481
G1 X115.835 Y130 E.01482
G1 X115.903 Y128.896 E.01482
G1 X116.105 Y127.809 E.01481
G1 X116.438 Y126.755 E.01481
G1 X116.897 Y125.749 E.01482
G1 X117.476 Y124.806 E.01483
G1 X118.166 Y123.942 E.01481
G1 X118.956 Y123.168 E.01482
G1 X119.834 Y122.496 E.01481
G1 X120.788 Y121.937 E.01481
G1 X121.803 Y121.498 E.01482
G1 X122.864 Y121.187 E.01481
G1 X123.955 Y121.007 E.01482
G1 X125.06 Y120.962 E.01482
G1 X126.162 Y121.053 E.01482
G1 X127.245 Y121.277 E.01482
G1 X128.292 Y121.631 E.01481
G1 X129.289 Y122.111 E.01483
G1 X130.219 Y122.709 E.01481
G1 X131.069 Y123.416 E.01481
G1 X131.827 Y124.222 E.01482
G1 X132.49 Y125.128 E.01504
G1 X132.518 Y125.142 E.00042
G1 X133.502 Y126.373 F9000
;TYPE:Solid infill
;WIDTH:0.44833
G1 F1106
G1 X133.5 Y127.975 E.02297
G1 X133.379 Y128.142 E.00296
;WIDTH:0.403641
G1 X133.211 Y128.246 E.00254
;WIDTH:0.369098
G1 X133.16 Y128.251 E.0006
G1 X133.191 Y128.412 E.00192
;WIDTH:0.418152
G1 X133.236 Y128.515 E.0015
;WIDTH:0.467206
G1 X133.281 Y128.617 E.00167
;WIDTH:0.51626
G1 X133.326 Y128.72 E.00187
;WIDTH:0.565314
G1 X133.371 Y128.823 E.00205
;WIDTH:0.614368
G1 X133.416 Y128.926 E.00223
;WIDTH:0.617082
G1 X133.441 Y128.82 E.00217
;WIDTH:0.567485
G1 X133.466 Y128.71 E.00206
;WIDTH:0.517889
G1 X133.49 Y128.599 E.00189
;WIDTH:0.468292
G1 X133.515 Y128.489 E.00169
;WIDTH:0.418695
G1 X133.54 Y128.379 E.00151
;WIDTH:0.408714
G1 X133.52 Y128.177 E.00264
;WIDTH:0.44833
G1 X133.5 Y127.975 E.00291
G1 X133.416 Y128.93 F9000
;WIDTH:0.617082
G1 F1106
G1 X133.432 Y129.406 E.0095
;WIDTH:0.58491
G1 X133.448 Y129.883 E.00901
;WIDTH:0.552738
G1 X133.448 Y129.917 E.00061
;WIDTH:0.59045
G1 X133.429 Y130.537 E.01183
;WIDTH:0.62824
G1 X133.41 Y131.156 E.01259
;WIDTH:0.672415
G1 X133.388 Y131.388 E.00508
;WIDTH:0.71659
G1 X133.366 Y131.62 E.00542
G1 X133.388 Y131.681 E.00151
;WIDTH:0.672353
G1 X133.41 Y131.741 E.00139
;WIDTH:0.628117
G1 X133.433 Y131.802 E.00132
;WIDTH:0.58388
G1 X133.455 Y131.862 E.0012
;WIDTH:0.539644
G1 X133.477 Y131.923 E.00113
;WIDTH:0.495407
G1 X133.499 Y131.984 E.00103
;WIDTH:0.45117
G1 X133.501 Y132.021 E.00053
;WIDTH:0.447906
G1 X133.502 Y133.627 E.02301
G1 X133.078 Y133.078 F9000
;TYPE:Internal infill
;WIDTH:0.44
G1 F1106
G1 X132.878 Y132.878 E.00398
G1 E-3.5 F3600
;WIPE_START
G1 F7200
G1 X133.078 Y133.078 E-.13435
;WIPE_END
G1 E-1.36565 F3600
G1 X132.878 Y127.122 F9000
G1 E5 F2400
G1 F1106
G1 X133.078 Y126.922 E.00398
G1 E-3.5 F3600
;WIPE_START
G1 F7200
G1 X132.878 Y127.122 E-.13435
;WIPE_END
G1 E-1.36565 F3600
G1 X142.917 Y126.042 F9000
G1 E5 F2400
;TYPE:Perimeter
;WIDTH:0.433276
G1 F1106
G1 X143.333 Y126.042 E.00576
G1 X143.333 Y126.25 E.00288
G1 X143.333 Y133.958 E.10668
G1 X142.917 Y133.958 E.00576
G1 X142.917 Y126.102 E.10873
G1 X142.497 Y125.623 F9000
;WIDTH:0.439999
G1 F1106
G1 X143.752 Y125.623 E.01765
G1 X143.752 Y126.25 E.00882
G1 X143.752 Y134.377 E.11429
G1 X142.497 Y134.377 E.01765
G1 X142.497 Y125.683 E.12227
G1 X142.084 Y125.21 F9000
;TYPE:External perimeter
;WIDTH:0.419999
G1 F1106
G1 X144.165 Y125.21 E.02788
G1 X144.165 Y126.25 E.01393
G1 X144.165 Y134.79 E.11442
G1 X142.084 Y134.79 E.02788
G1 X142.084 Y125.27 E.12755
;LAYER_CHANGE
;Z:4.2
;HEIGHT:0.0799999
;BEFORE_LAYER_CHANGE
G92 E0
;4.2


G1 E-3.5 F3600
;WIPE_START
G1 F7200
G1 X142.084 Y125.21 E-.0285
G1 X144.165 Y125.21 E-.98847
G1 X144.165 Y126.227 E-.48303
;WIPE_END
G1 Z4.2 F9000
;AFTER_LAYER_CHANGE
;4.2
G1 X132.387 Y128.029
G1 E5 F2400
;TYPE:Perimeter
;WIDTH:0.439999
G1 F1079
G1 X132.575 Y128.946 E.01316
G1 X132.645 Y129.866 E.01298
G1 X132.586 Y130.968 E.01552
G1 X132.392 Y131.973 E.01439
G1 X132.072 Y132.932 E.01422
G1 X131.625 Y133.851 E.01437
G1 X131.065 Y134.699 E.01429
G1 X130.399 Y135.467 E.0143
G1 X129.638 Y136.141 E.0143
G1 X128.796 Y136.71 E.01429
G1 X127.886 Y137.165 E.01431
G1 X126.925 Y137.496 E.01429
G1 X125.959 Y137.694 E.01387
G1 X125.089 Y137.769 E.01228
G1 X124.065 Y137.719 E.01442
G1 X122.825 Y137.496 E.01772
G1 X121.938 Y137.195 E.01317
G1 X121.363 Y136.918 E.00898
G1 X120.954 Y136.71 E.00645
G1 X120.176 Y136.19 E.01316
G1 X119.408 Y135.524 E.0143
G1 X118.734 Y134.763 E.0143
G1 X118.165 Y133.921 E.01429
G1 X117.71 Y133.011 E.01431
G1 X117.379 Y132.05 E.01429
G1 X117.175 Y131.054 E.0143
G1 X117.106 Y130.214 E.01185
G1 X117.164 Y129.032 E.01664
G1 X117.344 Y128.097 E.01339
G1 X117.634 Y127.196 E.01331
G1 X118.032 Y126.338 E.0133
G1 X118.529 Y125.534 E.01329
G1 X118.734 Y125.237 E.00508
G1 X119.351 Y124.533 E.01316
G1 X119.797 Y124.135 E.00841
G1 X120.176 Y123.81 E.00702
G1 X120.954 Y123.29 E.01316
G1 X121.864 Y122.835 E.01431
G1 X122.825 Y122.504 E.01429
G1 X123.821 Y122.3 E.0143
G1 X124.661 Y122.231 E.01185
G1 X125.843 Y122.289 E.01664
G1 X126.848 Y122.483 E.01439
G1 X127.812 Y122.805 E.01429
G1 X128.688 Y123.231 E.0137
G1 X129.481 Y123.748 E.01331
G1 X130.205 Y124.356 E.0133
G1 X130.85 Y125.048 E.0133
G1 X131.065 Y125.301 E.00467
G1 X131.585 Y126.079 E.01316
G1 X132.072 Y127.068 E.0155
G1 X132.371 Y127.95 E.0131
G1 X132.375 Y127.97 E.00029
G1 X131.986 Y128.109 F9000
;TYPE:External perimeter
;WIDTH:0.419999
G1 F1079
G1 X132.17 Y129.026 E.01253
G1 X132.233 Y129.844 E.01099
G1 X132.173 Y130.945 E.01477
G1 X131.987 Y131.892 E.01293
G1 X131.681 Y132.799 E.01283
G1 X131.255 Y133.668 E.01297
G1 X130.722 Y134.47 E.0129
G1 X130.088 Y135.195 E.0129
G1 X129.366 Y135.831 E.01289
G1 X128.566 Y136.367 E.0129
G1 X127.704 Y136.794 E.01289
G1 X126.793 Y137.105 E.0129
G1 X125.878 Y137.289 E.0125
G1 X125.057 Y137.357 E.01104
G1 X124.087 Y137.307 E.01301
G1 X123.217 Y137.159 E.01182
G1 X122.046 Y136.794 E.01643
G1 X121.207 Y136.38 E.01254
G1 X120.384 Y135.831 E.01325
G1 X119.68 Y135.213 E.01255
G1 X119.044 Y134.491 E.01289
G1 X118.508 Y133.691 E.0129
G1 X118.081 Y132.829 E.01289
G1 X117.77 Y131.918 E.0129
G1 X117.58 Y130.974 E.0129
G1 X117.518 Y130.182 E.01064
G1 X117.577 Y129.055 E.01512
G1 X117.749 Y128.178 E.01197
G1 X118.025 Y127.329 E.01196
G1 X118.402 Y126.52 E.01196
G1 X119.044 Y125.509 E.01605
G1 X119.662 Y124.805 E.01255
G1 X120.069 Y124.446 E.00727
G1 X120.405 Y124.153 E.00597
G1 X121.184 Y123.633 E.01255
G1 X122.046 Y123.206 E.01289
G1 X122.957 Y122.895 E.0129
G1 X123.901 Y122.705 E.0129
G1 X124.693 Y122.643 E.01064
G1 X125.82 Y122.702 E.01512
G1 X126.767 Y122.888 E.01293
G1 X127.679 Y123.196 E.0129
G1 X128.505 Y123.601 E.01233
G1 X129.251 Y124.091 E.01196
G1 X129.933 Y124.667 E.01196
G1 X130.54 Y125.32 E.01195
G1 X130.722 Y125.53 E.00372
G1 X131.242 Y126.309 E.01255
G1 X131.681 Y127.201 E.01332
G1 X131.97 Y128.051 E.01203
G1 E-3.5 F3600
;WIPE_START
G1 F7200
G1 X131.986 Y128.109 E-.02858
G1 X132.17 Y129.026 E-.44426
G1 X132.233 Y129.844 E-.3897
G1 X132.173 Y130.945 E-.52375
G1 X132.127 Y131.18 E-.11371
;WIPE_END
G1 X133.772 Y132.069 F9000
G1 E5 F2400
;TYPE:Perimeter
;WIDTH:0.482305
G1 F1079
G1 X133.779 Y132.151 E.00127
;WIDTH:0.439999
G1 X133.779 Y133.954 E.02536
G1 X132.653 Y133.954 E.01584
;WIDTH:0.481342
G1 X132.083 Y134.1 E.00908
;WIDTH:0.50483
G1 X131.964 Y134.173 E.00226
G1 X132.023 Y134.047 E.00226
;WIDTH:0.481342
G1 X132.473 Y133.067 E.01665
;WIDTH:0.439999
G1 X132.807 Y132.055 E.01499
;WIDTH:0.483635
G1 X132.879 Y131.79 E.00426
;WIDTH:0.527271
G1 X132.951 Y131.525 E.00466
;WIDTH:0.570906
G1 X133.023 Y131.26 E.00506
;WIDTH:0.614542
G1 X133.095 Y130.995 E.00546
G1 X133.14 Y129.893 E.02191
;WIDTH:0.585924
G1 X133.138 Y129.748 E.00274
;WIDTH:0.627297
G1 X133.081 Y128.845 E.01836
G1 X133.004 Y128.587 E.00546
;WIDTH:0.580473
G1 X132.927 Y128.329 E.00504
;WIDTH:0.533648
G1 X132.849 Y128.072 E.00461
;WIDTH:0.486824
G1 X132.772 Y127.814 E.00421
;WIDTH:0.439999
G1 X132.473 Y126.933 E.01308
G1 X132.314 Y126.59 E.00532
;WIDTH:0.478578
G1 X131.889 Y125.738 E.01461
G1 X132.09 Y125.888 E.00385
;WIDTH:0.453461
G1 X132.653 Y126.046 E.00849
;WIDTH:0.439999
G1 X133.779 Y126.046 E.01584
G1 X133.779 Y126.717 E.00944
G1 X133.779 Y127.849 E.01592
;WIDTH:0.483904
G1 X133.757 Y128.126 E.00431
;WIDTH:0.527809
G1 X133.735 Y128.402 E.0047
;WIDTH:0.571714
G1 X133.713 Y128.679 E.00513
;WIDTH:0.615619
G1 X133.691 Y128.956 E.00553
G1 X133.707 Y129.908 E.01895
;WIDTH:0.614542
G1 X133.695 Y131.215 E.02597
;WIDTH:0.609224
G1 X133.716 Y131.449 E.00463
;WIDTH:0.566918
G1 X133.737 Y131.683 E.0043
;WIDTH:0.524612
G1 X133.758 Y131.917 E.00397
;WIDTH:0.482305
G1 X133.766 Y132.009 E.00143
G1 E-3.5 F3600
;WIPE_START
G1 F7200
G1 X133.772 Y132.069 E-.02864
G1 X133.779 Y132.151 E-.03909
G1 X133.779 Y133.954 E-.85642
G1 X132.653 Y133.954 E-.53485
G1 X132.569 Y133.975 E-.041
;WIPE_END
G1 X131.964 Y134.173 F9000
G1 E5 F2400
;WIDTH:0.50483
G1 F1079
G1 X131.689 Y134.553 E.00761
;WIDTH:0.469449
G1 X131.414 Y134.932 E.00704
;WIDTH:0.435336
G1 X130.715 Y135.744 E.0149
;WIDTH:0.437194
G1 X129.916 Y136.458 E.01497
;WIDTH:0.43964
G1 X129.03 Y137.062 E.01507
;WIDTH:0.442684
G1 X128.074 Y137.545 E.01516
;WIDTH:0.44631
G1 X127.062 Y137.9 E.01531
;WIDTH:0.450298
G1 X126.042 Y138.114 E.01501
G1 X125.122 Y138.192 E.0133
;WIDTH:0.45848
G1 X124.041 Y138.151 E.01588
;WIDTH:0.458798
G1 X123.052 Y137.988 E.01472
;WIDTH:0.460448
G1 X122.091 Y137.705 E.01477
;WIDTH:0.461508
G1 X121.171 Y137.307 E.01481
G1 X120.721 Y137.059 E.00759
;WIDTH:0.433446
G1 X119.943 Y136.539 E.01296
;WIDTH:0.461854
G1 X119.511 Y136.191 E.0082
G1 X119.132 Y135.839 E.00765
;WIDTH:0.433724
G1 X118.418 Y135.04 E.01485
;WIDTH:0.434748
G1 X117.815 Y134.154 E.01489
;WIDTH:0.436364
G1 X117.333 Y133.197 E.01494
;WIDTH:0.43857
G1 X116.979 Y132.186 E.01501
;WIDTH:0.44137
G1 X116.76 Y131.137 E.01512
G1 X116.686 Y130.247 E.0126
;WIDTH:0.448768
G1 X116.738 Y129.009 E.01779
;WIDTH:0.452388
G1 X116.923 Y128.013 E.01466
;WIDTH:0.455468
G1 X117.227 Y127.058 E.01461
;WIDTH:0.457948
G1 X117.644 Y126.147 E.01469
;WIDTH:0.459842
G1 X118.17 Y125.293 E.01477
;WIDTH:0.461146
G1 X118.795 Y124.51 E.01479
;WIDTH:0.461856
G1 X119.511 Y123.809 E.01482
G1 X119.943 Y123.461 E.0082
;WIDTH:0.433448
G1 X120.721 Y122.941 E.01296
;WIDTH:0.461508
G1 X121.171 Y122.693 E.00759
G1 X121.678 Y122.459 E.00825
;WIDTH:0.434254
G1 X122.69 Y122.106 E.01487
;WIDTH:0.43563
G1 X123.739 Y121.888 E.01491
G1 X124.628 Y121.813 E.01242
;WIDTH:0.44043
G1 X125.865 Y121.867 E.01743
;WIDTH:0.443286
G1 X126.93 Y122.067 E.01536
;WIDTH:0.447022
G1 X127.949 Y122.401 E.01533
;WIDTH:0.450954
G1 X128.877 Y122.847 E.01486
;WIDTH:0.45427
G1 X129.72 Y123.39 E.01458
;WIDTH:0.456998
G1 X130.49 Y124.032 E.01467
;WIDTH:0.459132
G1 X131.175 Y124.763 E.01473
;WIDTH:0.463666
G1 X131.807 Y125.628 E.01591
;WIDTH:0.478578
G1 X131.889 Y125.738 E.00211
G1 X132.391 Y125.527 F9000
;WIDTH:0.439999
G1 F1079
G1 X132.653 Y125.623 E.00392
G1 X134.202 Y125.623 E.02178
G1 X134.202 Y126.717 E.01539
G1 X134.202 Y134.377 E.10773
G1 X132.653 Y134.377 E.02178
G1 X132.322 Y134.474 E.00485
G1 X132.157 Y134.628 E.00317
G1 X131.509 Y135.514 E.01544
G1 X130.786 Y136.283 E.01484
G1 X129.974 Y136.957 E.01484
G1 X129.087 Y137.528 E.01484
G1 X128.136 Y137.986 E.01484
G1 X127.137 Y138.324 E.01483
G1 X126.103 Y138.538 E.01485
G1 X125.052 Y138.624 E.01483
G1 X123.997 Y138.581 E.01485
G1 X122.956 Y138.41 E.01484
G1 X121.944 Y138.113 E.01483
G1 X120.975 Y137.694 E.01485
G1 X120.065 Y137.16 E.01484
G1 X119.226 Y136.519 E.01485
G1 X118.473 Y135.781 E.01483
G1 X117.815 Y134.956 E.01484
G1 X117.262 Y134.057 E.01484
G1 X116.824 Y133.097 E.01484
G1 X116.506 Y132.091 E.01484
G1 X116.314 Y131.053 E.01485
G1 X116.249 Y130 E.01484
G1 X116.314 Y128.947 E.01484
G1 X116.506 Y127.909 E.01485
G1 X116.824 Y126.903 E.01484
G1 X117.262 Y125.943 E.01484
G1 X117.815 Y125.044 E.01484
G1 X118.473 Y124.219 E.01484
G1 X119.226 Y123.481 E.01483
G1 X120.065 Y122.84 E.01485
G1 X120.975 Y122.306 E.01484
G1 X121.944 Y121.887 E.01485
G1 X122.956 Y121.59 E.01483
G1 X123.997 Y121.419 E.01484
G1 X125.052 Y121.376 E.01485
G1 X126.103 Y121.462 E.01483
G1 X127.137 Y121.676 E.01485
G1 X128.136 Y122.014 E.01483
G1 X129.087 Y122.472 E.01484
G1 X129.974 Y123.043 E.01484
G1 X130.786 Y123.717 E.01484
G1 X131.49 Y124.467 E.01447
G1 X132.257 Y125.478 E.01785
G1 X132.334 Y125.506 E.00115
G1 X132.572 Y125.169 F9000
;TYPE:External perimeter
;WIDTH:0.419999
G1 F1079
G1 X132.653 Y125.21 E.00122
G1 X134.615 Y125.21 E.02629
G1 X134.615 Y126.717 E.02019
G1 X134.615 Y134.79 E.10816
G1 X132.653 Y134.79 E.02629
G1 X132.49 Y134.872 E.00244
G1 X131.827 Y135.778 E.01504
G1 X131.069 Y136.584 E.01482
G1 X130.219 Y137.291 E.01481
G1 X129.289 Y137.889 E.01481
G1 X128.292 Y138.369 E.01483
G1 X127.245 Y138.723 E.01481
G1 X126.162 Y138.947 E.01482
G1 X125.06 Y139.038 E.01482
G1 X123.955 Y138.993 E.01482
G1 X122.864 Y138.813 E.01482
G1 X121.803 Y138.502 E.01481
G1 X120.788 Y138.063 E.01482
G1 X119.834 Y137.504 E.01481
G1 X118.956 Y136.832 E.01481
G1 X118.166 Y136.058 E.01482
G1 X117.476 Y135.194 E.01481
G1 X116.897 Y134.251 E.01483
G1 X116.438 Y133.245 E.01482
G1 X116.105 Y132.191 E.01481
G1 X115.903 Y131.104 E.01481
G1 X115.835 Y130 E.01482
G1 X115.903 Y128.896 E.01482
G1 X116.105 Y127.809 E.01481
G1 X116.438 Y126.755 E.01481
G1 X116.897 Y125.749 E.01482
G1 X117.476 Y124.806 E.01483
G1 X118.166 Y123.942 E.01481
G1 X118.956 Y123.168 E.01482
G1 X119.834 Y122.496 E.01481
G1 X120.788 Y121.937 E.01481
G1 X121.803 Y121.498 E.01482
G1 X122.864 Y121.187 E.01481
G1 X123.955 Y121.007 E.01482
G1 X125.06 Y120.962 E.01482
G1 X126.162 Y121.053 E.01482
G1 X127.245 Y121.277 E.01482
G1 X128.292 Y121.631 E.01481
G1 X129.289 Y122.111 E.01483
G1 X130.219 Y122.709 E.01481
G1 X131.069 Y123.416 E.01481
G1 X131.827 Y124.222 E.01482
G1 X132.49 Y125.128 E.01504
G1 X132.518 Y125.142 E.00042
G1 X133.454 Y126.546 F9000
;TYPE:Internal infill
;WIDTH:0.44
G1 F1079
G1 X132.878 Y127.122 E.01146
G1 E-3.5 F3600
;WIPE_START
G1 F7200
G1 X133.454 Y126.546 E-.38693
;WIPE_END
G1 E-1.11307 F3600
G1 X132.878 Y132.878 F9000
G1 E5 F2400
G1 F1079
G1 X133.454 Y133.454 E.01146
G1 E-3.5 F3600
;WIPE_START
G1 F7200
G1 X132.878 Y132.878 E-.38693
;WIPE_END
G1 E-1.11307 F3600
G1 X142.955 Y133.97 F9000
G1 E5 F2400
;TYPE:Perimeter
;WIDTH:0.407885
G1 F1079
G1 X142.955 Y126.03 E.10318
G1 X143.345 Y126.03 E.00507
G1 X143.345 Y126.225 E.00253
G1 X143.345 Y133.97 E.10065
G1 X143.015 Y133.97 E.00429
G1 X142.548 Y134.377 F9000
;WIDTH:0.439999
G1 F1079
G1 X142.548 Y125.623 E.12311
G1 X143.752 Y125.623 E.01693
G1 X143.752 Y126.225 E.00847
G1 X143.752 Y134.377 E.11464
G1 X142.608 Y134.377 E.01609
G1 X142.135 Y134.79 F9000
;TYPE:External perimeter
;WIDTH:0.419999
G1 F1079
G1 X142.135 Y125.21 E.12835
G1 X144.165 Y125.21 E.0272
G1 X144.165 Y126.225 E.0136
G1 X144.165 Y134.79 E.11476
G1 X142.195 Y134.79 E.02639
;LAYER_CHANGE
;Z:4.28
;HEIGHT:0.0800004
;BEFORE_LAYER_CHANGE
G92 E0
;4.28


G1 E-3.5 F3600
;WIPE_START
G1 F7200
G1 X142.135 Y134.79 E-.0285
G1 X142.135 Y131.692 E-1.4715
;WIPE_END
G1 Z4.28 F9000
;AFTER_LAYER_CHANGE
;4.28
G1 X132.367 Y132.049
G1 E5 F2400
;TYPE:Perimeter
;WIDTH:0.439999
G1 F1080
G1 X132.07 Y132.937 E.01317
G1 X131.625 Y133.851 E.0143
G1 X131.065 Y134.699 E.01429
G1 X130.399 Y135.467 E.0143
G1 X129.638 Y136.141 E.0143
G1 X128.796 Y136.71 E.01429
G1 X127.886 Y137.165 E.01431
G1 X126.925 Y137.496 E.01429
G1 X125.959 Y137.694 E.01387
G1 X125.089 Y137.769 E.01228
G1 X124.065 Y137.719 E.01442
G1 X122.825 Y137.496 E.01772
G1 X121.938 Y137.195 E.01317
G1 X120.985 Y136.729 E.01492
G1 X120.112 Y136.141 E.0148
G1 X119.408 Y135.524 E.01316
G1 X118.734 Y134.763 E.0143
G1 X118.165 Y133.921 E.01429
G1 X117.71 Y133.011 E.01431
G1 X117.379 Y132.05 E.01429
G1 X117.175 Y131.054 E.0143
G1 X117.106 Y130.214 E.01185
G1 X117.164 Y129.032 E.01664
G1 X117.344 Y128.097 E.01339
G1 X117.634 Y127.196 E.01331
G1 X118.032 Y126.338 E.0133
G1 X118.529 Y125.534 E.01329
G1 X118.734 Y125.237 E.00508
G1 X119.351 Y124.533 E.01316
G1 X120.176 Y123.81 E.01543
G1 X120.954 Y123.29 E.01316
G1 X121.864 Y122.835 E.01431
G1 X122.825 Y122.504 E.01429
G1 X123.821 Y122.3 E.0143
G1 X124.661 Y122.231 E.01185
G1 X125.843 Y122.289 E.01664
G1 X126.848 Y122.483 E.01439
G1 X127.812 Y122.805 E.01429
G1 X128.688 Y123.231 E.0137
G1 X129.481 Y123.748 E.01331
G1 X130.205 Y124.356 E.0133
G1 X131.065 Y125.301 E.01797
G1 X131.585 Y126.079 E.01316
G1 X131.935 Y126.777 E.01098
G1 X132.07 Y127.063 E.00445
G1 X132.371 Y127.95 E.01317
G1 X132.575 Y128.946 E.0143
G1 X132.644 Y129.786 E.01185
G1 X132.586 Y130.968 E.01664
G1 X132.392 Y131.973 E.01439
G1 X132.386 Y131.992 E.00028
G1 X131.979 Y131.918 F9000
;TYPE:External perimeter
;WIDTH:0.419999
G1 F1080
G1 X131.679 Y132.804 E.01253
G1 X131.255 Y133.668 E.01289
G1 X130.722 Y134.47 E.0129
G1 X130.088 Y135.195 E.0129
G1 X129.366 Y135.831 E.01289
G1 X128.566 Y136.367 E.0129
G1 X127.704 Y136.794 E.01289
G1 X126.793 Y137.105 E.0129
G1 X125.878 Y137.289 E.0125
G1 X125.057 Y137.357 E.01104
G1 X124.087 Y137.307 E.01301
G1 X123.217 Y137.159 E.01182
G1 X122.363 Y136.904 E.01194
G1 X122.046 Y136.794 E.0045
G1 X121.194 Y136.373 E.01273
G1 X120.384 Y135.831 E.01306
G1 X119.68 Y135.213 E.01255
G1 X119.044 Y134.491 E.01289
G1 X118.508 Y133.691 E.0129
G1 X118.081 Y132.829 E.01289
G1 X117.77 Y131.918 E.0129
G1 X117.58 Y130.974 E.0129
G1 X117.518 Y130.182 E.01064
G1 X117.577 Y129.055 E.01512
G1 X117.749 Y128.178 E.01197
G1 X118.025 Y127.329 E.01196
G1 X118.402 Y126.52 E.01196
G1 X119.044 Y125.509 E.01605
G1 X119.662 Y124.805 E.01255
G1 X120.405 Y124.153 E.01324
G1 X121.184 Y123.633 E.01255
G1 X122.046 Y123.206 E.01289
G1 X122.957 Y122.895 E.0129
G1 X123.901 Y122.705 E.0129
G1 X124.693 Y122.643 E.01064
G1 X125.82 Y122.702 E.01512
G1 X126.767 Y122.888 E.01293
G1 X127.679 Y123.196 E.0129
G1 X128.505 Y123.601 E.01233
G1 X129.251 Y124.091 E.01196
G1 X129.933 Y124.667 E.01196
G1 X130.722 Y125.53 E.01567
G1 X131.242 Y126.309 E.01255
G1 X131.565 Y126.96 E.00974
G1 X131.679 Y127.196 E.00351
G1 X131.98 Y128.082 E.01254
G1 X132.17 Y129.026 E.0129
G1 X132.232 Y129.818 E.01064
G1 X132.173 Y130.945 E.01512
G1 X131.994 Y131.86 E.01249
G1 E-3.5 F3600
;WIPE_START
G1 F7200
G1 X131.979 Y131.918 E-.02846
G1 X131.679 Y132.804 E-.44432
G1 X131.255 Y133.668 E-.45715
G1 X130.722 Y134.47 E-.45741
G1 X130.566 Y134.648 E-.11266
;WIPE_END
G1 X133.724 Y128.136 F9000
G1 E5 F2400
;TYPE:Perimeter
;WIDTH:0.518962
G1 F1080
G1 X133.704 Y128.405 E.0045
;WIDTH:0.558444
G1 X133.685 Y128.681 E.00498
;WIDTH:0.597925
G1 X133.665 Y128.957 E.00535
G1 X133.68 Y129.907 E.01835
;WIDTH:0.596861
G1 X133.667 Y131.211 E.02514
;WIDTH:0.593046
G1 X133.687 Y131.445 E.0045
;WIDTH:0.554784
G1 X133.706 Y131.679 E.0042
;WIDTH:0.516523
G1 X133.725 Y131.913 E.0039
;WIDTH:0.478261
G1 X133.744 Y132.147 E.0036
;WIDTH:0.439999
G1 X133.744 Y133.954 E.02541
G1 X132.653 Y133.954 E.01534
;WIDTH:0.481342
G1 X132.083 Y134.1 E.00908
;WIDTH:0.50483
G1 X131.964 Y134.173 E.00226
G1 X132.023 Y134.047 E.00226
;WIDTH:0.481342
G1 X132.471 Y133.073 E.01655
;WIDTH:0.439999
G1 X132.807 Y132.055 E.01508
;WIDTH:0.479215
G1 X132.877 Y131.79 E.00421
;WIDTH:0.51843
G1 X132.947 Y131.525 E.00457
;WIDTH:0.557646
G1 X133.016 Y131.26 E.00492
;WIDTH:0.596861
G1 X133.086 Y130.995 E.00528
G1 X133.131 Y129.892 E.02128
;WIDTH:0.56823
G1 X133.13 Y129.748 E.00264
;WIDTH:0.609458
G1 X133.073 Y128.847 E.01778
G1 X132.997 Y128.588 E.00532
;WIDTH:0.567093
G1 X132.922 Y128.33 E.00491
;WIDTH:0.524729
G1 X132.847 Y128.072 E.00454
;WIDTH:0.482364
G1 X132.772 Y127.814 E.00416
;WIDTH:0.439999
G1 X132.471 Y126.927 E.01317
G1 X132.314 Y126.59 E.00523
;WIDTH:0.478578
G1 X131.889 Y125.738 E.01461
G1 X132.09 Y125.888 E.00385
;WIDTH:0.453461
G1 X132.653 Y126.046 E.00849
;WIDTH:0.439999
G1 X133.744 Y126.046 E.01534
G1 X133.744 Y126.702 E.00923
G1 X133.744 Y127.853 E.01619
;WIDTH:0.479481
G1 X133.728 Y128.076 E.00344
G1 E-3.5 F3600
;WIPE_START
G1 F7200
G1 X133.724 Y128.136 E-.02856
G1 X133.704 Y128.405 E-.12813
G1 X133.685 Y128.681 E-.13141
G1 X133.665 Y128.957 E-.13144
G1 X133.68 Y129.907 E-.45131
G1 X133.667 Y131.211 E-.61943
G1 X133.669 Y131.231 E-.00972
;WIPE_END
G1 X131.964 Y134.173 F9000
G1 E5 F2400
;WIDTH:0.50483
G1 F1080
G1 X131.689 Y134.553 E.00761
;WIDTH:0.469449
G1 X131.414 Y134.932 E.00704
;WIDTH:0.435334
G1 X130.715 Y135.744 E.0149
;WIDTH:0.437192
G1 X129.916 Y136.458 E.01497
;WIDTH:0.43964
G1 X129.03 Y137.062 E.01507
;WIDTH:0.442684
G1 X128.074 Y137.545 E.01516
;WIDTH:0.446308
G1 X127.062 Y137.9 E.01531
;WIDTH:0.450298
G1 X126.042 Y138.114 E.01501
G1 X125.122 Y138.192 E.0133
;WIDTH:0.45848
G1 X124.041 Y138.151 E.01588
;WIDTH:0.458798
G1 X123.052 Y137.988 E.01472
;WIDTH:0.460448
G1 X122.091 Y137.705 E.01477
;WIDTH:0.461508
G1 X121.171 Y137.307 E.01481
G1 X120.721 Y137.059 E.00759
;WIDTH:0.433446
G1 X119.943 Y136.539 E.01296
;WIDTH:0.461856
G1 X119.511 Y136.191 E.0082
G1 X119.132 Y135.839 E.00765
;WIDTH:0.433726
G1 X118.418 Y135.04 E.01485
;WIDTH:0.434748
G1 X117.815 Y134.154 E.01489
;WIDTH:0.436364
G1 X117.333 Y133.197 E.01494
;WIDTH:0.43857
G1 X116.979 Y132.186 E.01501
;WIDTH:0.44137
G1 X116.76 Y131.137 E.01512
G1 X116.686 Y130.247 E.0126
;WIDTH:0.448768
G1 X116.738 Y129.009 E.01779
;WIDTH:0.452388
G1 X116.923 Y128.013 E.01466
;WIDTH:0.455468
G1 X117.227 Y127.058 E.01461
;WIDTH:0.457948
G1 X117.644 Y126.147 E.01469
;WIDTH:0.459842
G1 X118.17 Y125.293 E.01477
;WIDTH:0.461144
G1 X118.795 Y124.51 E.01479
;WIDTH:0.461856
G1 X119.511 Y123.809 E.01482
G1 X119.943 Y123.461 E.0082
;WIDTH:0.433448
G1 X120.721 Y122.941 E.01296
;WIDTH:0.461508
G1 X121.171 Y122.693 E.00759
G1 X121.678 Y122.459 E.00825
;WIDTH:0.434252
G1 X122.69 Y122.106 E.01487
;WIDTH:0.43563
G1 X123.739 Y121.888 E.01491
G1 X124.628 Y121.813 E.01242
;WIDTH:0.44043
G1 X125.865 Y121.867 E.01743
;WIDTH:0.443286
G1 X126.93 Y122.067 E.01536
;WIDTH:0.447022
G1 X127.949 Y122.401 E.01533
;WIDTH:0.450954
G1 X128.877 Y122.847 E.01486
;WIDTH:0.454272
G1 X129.72 Y123.39 E.01458
;WIDTH:0.456998
G1 X130.49 Y124.032 E.01467
;WIDTH:0.459132
G1 X131.175 Y124.763 E.01473
;WIDTH:0.463666
G1 X131.807 Y125.628 E.01591
;WIDTH:0.478578
G1 X131.889 Y125.738 E.00211
G1 X132.391 Y125.527 F9000
;WIDTH:0.439999
G1 F1080
G1 X132.653 Y125.623 E.00392
G1 X134.167 Y125.623 E.02129
G1 X134.167 Y126.702 E.01517
G1 X134.167 Y134.377 E.10794
G1 X132.653 Y134.377 E.02129
G1 X132.322 Y134.474 E.00485
G1 X132.157 Y134.628 E.00317
G1 X131.509 Y135.514 E.01544
G1 X130.786 Y136.283 E.01484
G1 X129.974 Y136.957 E.01484
G1 X129.087 Y137.528 E.01484
G1 X128.136 Y137.986 E.01484
G1 X127.137 Y138.324 E.01483
G1 X126.103 Y138.538 E.01485
G1 X125.052 Y138.624 E.01483
G1 X123.997 Y138.581 E.01485
G1 X122.956 Y138.41 E.01484
G1 X121.944 Y138.113 E.01483
G1 X120.975 Y137.694 E.01485
G1 X120.065 Y137.16 E.01484
G1 X119.226 Y136.519 E.01485
G1 X118.473 Y135.781 E.01483
G1 X117.815 Y134.956 E.01484
G1 X117.262 Y134.057 E.01484
G1 X116.824 Y133.097 E.01484
G1 X116.506 Y132.091 E.01484
G1 X116.314 Y131.053 E.01485
G1 X116.249 Y130 E.01484
G1 X116.314 Y128.947 E.01484
G1 X116.506 Y127.909 E.01485
G1 X116.824 Y126.903 E.01484
G1 X117.262 Y125.943 E.01484
G1 X117.815 Y125.044 E.01484
G1 X118.473 Y124.219 E.01484
G1 X119.226 Y123.481 E.01483
G1 X120.065 Y122.84 E.01485
G1 X120.975 Y122.306 E.01484
G1 X121.944 Y121.887 E.01485
G1 X122.956 Y121.59 E.01483
G1 X123.997 Y121.419 E.01484
G1 X125.052 Y121.376 E.01485
G1 X126.103 Y121.462 E.01483
G1 X127.137 Y121.676 E.01485
G1 X128.136 Y122.014 E.01483
G1 X129.087 Y122.472 E.01484
G1 X129.974 Y123.043 E.01484
G1 X130.786 Y123.717 E.01484
G1 X131.49 Y124.467 E.01447
G1 X132.257 Y125.478 E.01785
G1 X132.334 Y125.506 E.00115
G1 X132.572 Y125.169 F9000
;TYPE:External perimeter
;WIDTH:0.419999
G1 F1080
G1 X132.653 Y125.21 E.00122
G1 X134.58 Y125.21 E.02582
G1 X134.58 Y126.702 E.01999
G1 X134.58 Y134.79 E.10836
G1 X132.653 Y134.79 E.02582
G1 X132.49 Y134.872 E.00244
G1 X131.827 Y135.778 E.01504
G1 X131.069 Y136.584 E.01482
G1 X130.219 Y137.291 E.01481
G1 X129.289 Y137.889 E.01481
G1 X128.292 Y138.369 E.01483
G1 X127.245 Y138.723 E.01481
G1 X126.162 Y138.947 E.01482
G1 X125.06 Y139.038 E.01482
G1 X123.955 Y138.993 E.01482
G1 X122.864 Y138.813 E.01482
G1 X121.803 Y138.502 E.01481
G1 X120.788 Y138.063 E.01482
G1 X119.834 Y137.504 E.01481
G1 X118.956 Y136.832 E.01481
G1 X118.166 Y136.058 E.01482
G1 X117.476 Y135.194 E.01481
G1 X116.897 Y134.251 E.01483
G1 X116.438 Y133.245 E.01482
G1 X116.105 Y132.191 E.01481
G1 X115.903 Y131.104 E.01481
G1 X115.835 Y130 E.01482
G1 X115.903 Y128.896 E.01482
G1 X116.105 Y127.809 E.01481
G1 X116.438 Y126.755 E.01481
G1 X116.897 Y125.749 E.01482
G1 X117.476 Y124.806 E.01483
G1 X118.166 Y123.942 E.01481
G1 X118.956 Y123.168 E.01482
G1 X119.834 Y122.496 E.01481
G1 X120.788 Y121.937 E.01481
G1 X121.803 Y121.498 E.01482
G1 X122.864 Y121.187 E.01481
G1 X123.955 Y121.007 E.01482
G1 X125.06 Y120.962 E.01482
G1 X126.162 Y121.053 E.01482
G1 X127.245 Y121.277 E.01482
G1 X128.292 Y121.631 E.01481
G1 X129.289 Y122.111 E.01483
G1 X130.219 Y122.709 E.01481
G1 X131.069 Y123.416 E.01481
G1 X131.827 Y124.222 E.01482
G1 X132.49 Y125.128 E.01504
G1 X132.518 Y125.142 E.00042
G1 X133.418 Y126.582 F9000
;TYPE:Internal infill
;WIDTH:0.44
G1 F1080
G1 X132.878 Y127.123 E.01075
G1 E-3.5 F3600
;WIPE_START
G1 F7200
G1 X133.418 Y126.582 E-.36308
;WIPE_END
G1 E-1.13692 F3600
G1 X132.878 Y132.878 F9000
G1 E5 F2400
G1 F1080
G1 X133.418 Y133.418 E.01074
G1 E-3.5 F3600
;WIPE_START
G1 F7200
G1 X132.878 Y132.878 E-.36275
;WIPE_END
G1 E-1.13725 F3600
G1 X142.981 Y133.979 F9000
G1 E5 F2400
;TYPE:Perimeter
;WIDTH:0.390217
G1 F1080
G1 X142.981 Y126.021 E.09874
G1 X143.354 Y126.021 E.00463
G1 X143.354 Y126.207 E.00231
G1 X143.354 Y133.979 E.09643
G1 X143.041 Y133.979 E.00388
G1 X142.583 Y134.377 F9000
;WIDTH:0.439999
G1 F1080
G1 X142.583 Y125.623 E.12311
G1 X143.752 Y125.623 E.01644
G1 X143.752 Y126.207 E.00821
G1 X143.752 Y134.377 E.1149
G1 X142.643 Y134.377 E.0156
G1 X142.17 Y134.79 F9000
;TYPE:External perimeter
;WIDTH:0.419999
G1 F1080
G1 X142.17 Y125.21 E.12835
G1 X144.165 Y125.21 E.02673
G1 X144.165 Y126.207 E.01336
G1 X144.165 Y134.79 E.115
G1 X142.23 Y134.79 E.02593
;LAYER_CHANGE
;Z:4.36
;HEIGHT:0.0799999
;BEFORE_LAYER_CHANGE
G92 E0
;4.36


G1 E-3.5 F3600
;WIPE_START
G1 F7200
G1 X142.17 Y134.79 E-.0285
G1 X142.17 Y131.692 E-1.4715
;WIPE_END
G1 Z4.36 F9000
;AFTER_LAYER_CHANGE
;4.36
G1 X132.367 Y132.049
G1 E5 F2400
;TYPE:Perimeter
;WIDTH:0.439999
G1 F1078
G1 X132.07 Y132.937 E.01317
G1 X131.625 Y133.851 E.0143
G1 X131.065 Y134.699 E.01429
G1 X130.399 Y135.467 E.0143
G1 X129.638 Y136.141 E.0143
G1 X128.796 Y136.71 E.01429
G1 X127.886 Y137.165 E.01431
G1 X126.925 Y137.496 E.01429
G1 X125.959 Y137.694 E.01387
G1 X125.089 Y137.769 E.01228
G1 X124.065 Y137.719 E.01442
G1 X122.825 Y137.496 E.01772
G1 X121.938 Y137.195 E.01317
G1 X121.363 Y136.918 E.00898
G1 X120.954 Y136.71 E.00645
G1 X120.176 Y136.19 E.01316
G1 X119.408 Y135.524 E.0143
G1 X118.734 Y134.763 E.0143
G1 X118.165 Y133.921 E.01429
G1 X117.71 Y133.011 E.01431
G1 X117.379 Y132.05 E.01429
G1 X117.164 Y130.968 E.01551
G1 X117.106 Y130.214 E.01064
G1 X117.164 Y129.032 E.01664
G1 X117.344 Y128.097 E.01339
G1 X117.634 Y127.196 E.01331
G1 X118.032 Y126.338 E.0133
G1 X118.529 Y125.534 E.01329
G1 X118.734 Y125.237 E.00508
G1 X119.351 Y124.533 E.01316
G1 X119.797 Y124.135 E.00841
G1 X120.176 Y123.81 E.00702
G1 X120.954 Y123.29 E.01316
G1 X121.864 Y122.835 E.01431
G1 X122.825 Y122.504 E.01429
G1 X123.821 Y122.3 E.0143
G1 X124.661 Y122.231 E.01185
G1 X125.843 Y122.289 E.01664
G1 X126.848 Y122.483 E.01439
G1 X127.812 Y122.805 E.01429
G1 X128.688 Y123.231 E.0137
G1 X129.481 Y123.748 E.01331
G1 X130.205 Y124.356 E.0133
G1 X130.85 Y125.048 E.0133
G1 X131.065 Y125.301 E.00467
G1 X131.585 Y126.079 E.01316
G1 X132.07 Y127.063 E.01543
G1 X132.371 Y127.95 E.01317
G1 X132.575 Y128.946 E.0143
G1 X132.645 Y129.866 E.01298
G1 X132.586 Y130.968 E.01552
G1 X132.392 Y131.973 E.01439
G1 X132.386 Y131.992 E.00028
G1 X131.979 Y131.918 F9000
;TYPE:External perimeter
;WIDTH:0.419999
G1 F1078
G1 X131.679 Y132.804 E.01253
G1 X131.255 Y133.668 E.01289
G1 X130.722 Y134.47 E.0129
G1 X130.088 Y135.195 E.0129
G1 X129.366 Y135.831 E.01289
G1 X128.566 Y136.367 E.0129
G1 X127.704 Y136.794 E.01289
G1 X126.793 Y137.105 E.0129
G1 X125.878 Y137.289 E.0125
G1 X125.057 Y137.357 E.01104
G1 X124.087 Y137.307 E.01301
G1 X123.217 Y137.159 E.01182
G1 X122.046 Y136.794 E.01643
G1 X121.207 Y136.38 E.01254
G1 X120.384 Y135.831 E.01325
G1 X119.68 Y135.213 E.01255
G1 X119.044 Y134.491 E.01289
G1 X118.508 Y133.691 E.0129
G1 X118.081 Y132.829 E.01289
G1 X117.77 Y131.918 E.0129
G1 X117.576 Y130.936 E.01341
G1 X117.517 Y130.179 E.01017
G1 X117.577 Y129.055 E.01508
G1 X117.749 Y128.178 E.01197
G1 X118.025 Y127.329 E.01196
G1 X118.402 Y126.52 E.01196
G1 X119.044 Y125.509 E.01605
G1 X119.662 Y124.805 E.01255
G1 X120.069 Y124.446 E.00727
G1 X120.405 Y124.153 E.00597
G1 X121.184 Y123.633 E.01255
G1 X122.046 Y123.206 E.01289
G1 X122.957 Y122.895 E.0129
G1 X123.901 Y122.705 E.0129
G1 X124.693 Y122.643 E.01064
G1 X125.82 Y122.702 E.01512
G1 X126.767 Y122.888 E.01293
G1 X127.679 Y123.196 E.0129
G1 X128.505 Y123.601 E.01233
G1 X129.251 Y124.091 E.01196
G1 X129.933 Y124.667 E.01196
G1 X130.54 Y125.32 E.01195
G1 X130.722 Y125.53 E.00372
G1 X131.242 Y126.309 E.01255
G1 X131.679 Y127.196 E.01325
G1 X131.98 Y128.082 E.01254
G1 X132.17 Y129.026 E.0129
G1 X132.233 Y129.844 E.01099
G1 X132.173 Y130.945 E.01477
G1 X131.994 Y131.86 E.01249
G1 E-3.5 F3600
;WIPE_START
G1 F7200
G1 X131.979 Y131.918 E-.02846
G1 X131.679 Y132.804 E-.44432
G1 X131.255 Y133.668 E-.45715
G1 X130.722 Y134.47 E-.45741
G1 X130.566 Y134.648 E-.11266
;WIPE_END
G1 X133.691 Y128.185 F9000
G1 E5 F2400
;TYPE:Perimeter
;WIDTH:0.487264
G1 F1078
G1 X133.688 Y128.223 E.0006
;WIDTH:0.534528
G1 X133.664 Y128.591 E.00635
;WIDTH:0.581793
G1 X133.641 Y128.958 E.00691
G1 X133.656 Y129.906 E.01781
;WIDTH:0.580741
G1 X133.643 Y131.208 E.02441
;WIDTH:0.578265
G1 X133.666 Y131.52 E.00584
;WIDTH:0.532176
G1 X133.689 Y131.832 E.00536
;WIDTH:0.486088
G1 X133.712 Y132.144 E.00488
;WIDTH:0.439999
G1 X133.712 Y133.954 E.02545
G1 X132.653 Y133.954 E.01489
;WIDTH:0.481342
G1 X132.083 Y134.1 E.00908
;WIDTH:0.50483
G1 X131.964 Y134.173 E.00226
G1 X132.023 Y134.047 E.00226
;WIDTH:0.481342
G1 X132.471 Y133.073 E.01655
;WIDTH:0.439999
G1 X132.807 Y132.055 E.01508
;WIDTH:0.486913
G1 X132.897 Y131.701 E.00571
;WIDTH:0.533827
G1 X132.988 Y131.348 E.00626
;WIDTH:0.580741
G1 X133.078 Y130.994 E.00685
G1 X133.123 Y129.892 E.02067
;WIDTH:0.552098
G1 X133.122 Y129.749 E.00254
;WIDTH:0.593193
G1 X133.065 Y128.848 E.0173
G1 X132.991 Y128.59 E.00514
;WIDTH:0.554895
G1 X132.918 Y128.331 E.00481
;WIDTH:0.516596
G1 X132.845 Y128.072 E.00447
;WIDTH:0.478298
G1 X132.772 Y127.814 E.00411
;WIDTH:0.439999
G1 X132.471 Y126.927 E.01317
G1 X132.314 Y126.59 E.00523
;WIDTH:0.478578
G1 X131.889 Y125.738 E.01461
G1 X132.09 Y125.888 E.00385
;WIDTH:0.453461
G1 X132.653 Y126.046 E.00849
;WIDTH:0.439999
G1 X133.712 Y126.046 E.01489
G1 X133.712 Y126.689 E.00904
G1 X133.712 Y127.856 E.01641
;WIDTH:0.487264
G1 X133.694 Y128.125 E.00422
G1 E-3.5 F3600
;WIPE_START
G1 F7200
G1 X133.691 Y128.185 E-.02854
G1 X133.688 Y128.223 E-.01811
G1 X133.664 Y128.591 E-.17517
G1 X133.641 Y128.958 E-.17467
G1 X133.656 Y129.906 E-.45036
G1 X133.643 Y131.208 E-.61848
G1 X133.648 Y131.281 E-.03467
;WIPE_END
G1 X131.964 Y134.173 F9000
G1 E5 F2400
;WIDTH:0.50483
G1 F1078
G1 X131.689 Y134.553 E.00761
;WIDTH:0.469449
G1 X131.414 Y134.932 E.00704
;WIDTH:0.435336
G1 X130.715 Y135.744 E.0149
;WIDTH:0.437196
G1 X129.916 Y136.458 E.01497
;WIDTH:0.439642
G1 X129.03 Y137.062 E.01507
;WIDTH:0.442682
G1 X128.074 Y137.545 E.01516
;WIDTH:0.446308
G1 X127.062 Y137.9 E.01531
;WIDTH:0.450298
G1 X126.042 Y138.114 E.01501
G1 X125.122 Y138.192 E.0133
;WIDTH:0.45848
G1 X124.041 Y138.151 E.01588
;WIDTH:0.458798
G1 X123.052 Y137.988 E.01472
;WIDTH:0.46045
G1 X122.091 Y137.705 E.01477
;WIDTH:0.461508
G1 X121.171 Y137.307 E.01481
G1 X120.721 Y137.059 E.00759
;WIDTH:0.433446
G1 X119.943 Y136.539 E.01296
;WIDTH:0.461856
G1 X119.511 Y136.191 E.0082
G1 X119.132 Y135.839 E.00765
;WIDTH:0.433724
G1 X118.418 Y135.04 E.01485
;WIDTH:0.434748
G1 X117.815 Y134.154 E.01489
;WIDTH:0.436364
G1 X117.333 Y133.197 E.01494
;WIDTH:0.43857
G1 X116.979 Y132.186 E.01501
;WIDTH:0.44137
G1 X116.76 Y131.137 E.01512
G1 X116.686 Y130.247 E.0126
;WIDTH:0.448768
G1 X116.738 Y129.009 E.01779
;WIDTH:0.45239
G1 X116.923 Y128.013 E.01466
;WIDTH:0.455468
G1 X117.227 Y127.058 E.01461
;WIDTH:0.457948
G1 X117.644 Y126.147 E.01469
;WIDTH:0.459842
G1 X118.17 Y125.293 E.01477
;WIDTH:0.461144
G1 X118.795 Y124.51 E.01479
;WIDTH:0.461856
G1 X119.511 Y123.809 E.01482
G1 X119.943 Y123.461 E.0082
;WIDTH:0.433448
G1 X120.721 Y122.941 E.01296
;WIDTH:0.461508
G1 X121.171 Y122.693 E.00759
G1 X121.678 Y122.459 E.00825
;WIDTH:0.434254
G1 X122.69 Y122.106 E.01487
;WIDTH:0.43563
G1 X123.739 Y121.888 E.01491
G1 X124.628 Y121.813 E.01242
;WIDTH:0.44043
G1 X125.865 Y121.867 E.01743
;WIDTH:0.443286
G1 X126.93 Y122.067 E.01536
;WIDTH:0.447024
G1 X127.949 Y122.401 E.01533
;WIDTH:0.450954
G1 X128.877 Y122.847 E.01486
;WIDTH:0.45427
G1 X129.72 Y123.39 E.01458
;WIDTH:0.456998
G1 X130.49 Y124.032 E.01467
;WIDTH:0.459132
G1 X131.175 Y124.763 E.01473
;WIDTH:0.463666
G1 X131.807 Y125.628 E.01591
;WIDTH:0.478578
G1 X131.889 Y125.738 E.00211
G1 X132.391 Y125.527 F9000
;WIDTH:0.439999
G1 F1078
G1 X132.653 Y125.623 E.00392
G1 X134.135 Y125.623 E.02084
G1 X134.135 Y126.689 E.01499
G1 X134.135 Y134.377 E.10812
G1 X132.653 Y134.377 E.02084
G1 X132.322 Y134.474 E.00485
G1 X132.157 Y134.628 E.00317
G1 X131.509 Y135.514 E.01544
G1 X130.786 Y136.283 E.01484
G1 X129.974 Y136.957 E.01484
G1 X129.087 Y137.528 E.01484
G1 X128.136 Y137.986 E.01484
G1 X127.137 Y138.324 E.01483
G1 X126.103 Y138.538 E.01485
G1 X125.052 Y138.624 E.01483
G1 X123.997 Y138.581 E.01485
G1 X122.956 Y138.41 E.01484
G1 X121.944 Y138.113 E.01483
G1 X120.975 Y137.694 E.01485
G1 X120.065 Y137.16 E.01484
G1 X119.226 Y136.519 E.01485
G1 X118.473 Y135.781 E.01483
G1 X117.815 Y134.956 E.01484
G1 X117.262 Y134.057 E.01484
G1 X116.824 Y133.097 E.01484
G1 X116.506 Y132.091 E.01484
G1 X116.314 Y131.053 E.01485
G1 X116.249 Y130 E.01484
G1 X116.314 Y128.947 E.01484
G1 X116.506 Y127.909 E.01485
G1 X116.824 Y126.903 E.01484
G1 X117.262 Y125.943 E.01484
G1 X117.815 Y125.044 E.01484
G1 X118.473 Y124.219 E.01484
G1 X119.226 Y123.481 E.01483
G1 X120.065 Y122.84 E.01485
G1 X120.975 Y122.306 E.01484
G1 X121.944 Y121.887 E.01485
G1 X122.956 Y121.59 E.01483
G1 X123.997 Y121.419 E.01484
G1 X125.052 Y121.376 E.01485
G1 X126.103 Y121.462 E.01483
G1 X127.137 Y121.676 E.01485
G1 X128.136 Y122.014 E.01483
G1 X129.087 Y122.472 E.01484
G1 X129.974 Y123.043 E.01484
G1 X130.786 Y123.717 E.01484
G1 X131.49 Y124.467 E.01447
G1 X132.257 Y125.478 E.01785
G1 X132.334 Y125.506 E.00115
G1 X132.572 Y125.169 F9000
;TYPE:External perimeter
;WIDTH:0.419999
G1 F1078
G1 X132.653 Y125.21 E.00122
G1 X134.547 Y125.21 E.02538
G1 X134.547 Y126.689 E.01982
G1 X134.547 Y134.79 E.10854
G1 X132.653 Y134.79 E.02538
G1 X132.49 Y134.872 E.00244
G1 X131.827 Y135.778 E.01504
G1 X131.069 Y136.584 E.01482
G1 X130.219 Y137.291 E.01481
G1 X129.289 Y137.889 E.01481
G1 X128.292 Y138.369 E.01483
G1 X127.245 Y138.723 E.01481
G1 X126.162 Y138.947 E.01482
G1 X125.06 Y139.038 E.01482
G1 X123.955 Y138.993 E.01482
G1 X122.864 Y138.813 E.01482
G1 X121.803 Y138.502 E.01481
G1 X120.788 Y138.063 E.01482
G1 X119.834 Y137.504 E.01481
G1 X118.956 Y136.832 E.01481
G1 X118.166 Y136.058 E.01482
G1 X117.476 Y135.194 E.01481
G1 X116.897 Y134.251 E.01483
G1 X116.438 Y133.245 E.01482
G1 X116.105 Y132.191 E.01481
G1 X115.903 Y131.104 E.01481
G1 X115.835 Y130 E.01482
G1 X115.903 Y128.896 E.01482
G1 X116.105 Y127.809 E.01481
G1 X116.438 Y126.755 E.01481
G1 X116.897 Y125.749 E.01482
G1 X117.476 Y124.806 E.01483
G1 X118.166 Y123.942 E.01481
G1 X118.956 Y123.168 E.01482
G1 X119.834 Y122.496 E.01481
G1 X120.788 Y121.937 E.01481
G1 X121.803 Y121.498 E.01482
G1 X122.864 Y121.187 E.01481
G1 X123.955 Y121.007 E.01482
G1 X125.06 Y120.962 E.01482
G1 X126.162 Y121.053 E.01482
G1 X127.245 Y121.277 E.01482
G1 X128.292 Y121.631 E.01481
G1 X129.289 Y122.111 E.01483
G1 X130.219 Y122.709 E.01481
G1 X131.069 Y123.416 E.01481
G1 X131.827 Y124.222 E.01482
G1 X132.49 Y125.128 E.01504
G1 X132.518 Y125.142 E.00042
G1 X133.386 Y126.614 F9000
;TYPE:Internal infill
;WIDTH:0.44
G1 F1078
G1 X132.877 Y127.123 E.01012
G1 E-3.5 F3600
;WIPE_START
G1 F7200
G1 X133.386 Y126.614 E-.34192
;WIPE_END
G1 E-1.15808 F3600
G1 X132.877 Y132.877 F9000
G1 E5 F2400
G1 F1078
G1 X133.386 Y133.386 E.01012
G1 E-3.5 F3600
;WIPE_START
G1 F7200
G1 X132.877 Y132.877 E-.34192
;WIPE_END
G1 E-1.15808 F3600
G1 X143.005 Y133.987 F9000
G1 E5 F2400
;TYPE:Perimeter
;WIDTH:0.374109
G1 F1078
G1 X143.005 Y126.013 E.09467
G1 X143.362 Y126.013 E.00424
G1 X143.362 Y126.191 E.00211
G1 X143.362 Y133.987 E.09255
G1 X143.065 Y133.987 E.00353
G1 X142.615 Y134.377 F9000
;WIDTH:0.439999
G1 F1078
G1 X142.615 Y125.623 E.12311
G1 X143.752 Y125.623 E.01599
G1 X143.752 Y126.191 E.00799
G1 X143.752 Y134.377 E.11512
G1 X142.675 Y134.377 E.01515
G1 X142.203 Y134.79 F9000
;TYPE:External perimeter
;WIDTH:0.419999
G1 F1078
G1 X142.203 Y125.21 E.12835
G1 X144.165 Y125.21 E.02629
G1 X144.165 Y126.191 E.01314
G1 X144.165 Y134.79 E.11521
G1 X142.263 Y134.79 E.02548
;LAYER_CHANGE
;Z:4.44
;HEIGHT:0.0799999
;BEFORE_LAYER_CHANGE
G92 E0
;4.44


G1 E-3.5 F3600
;WIPE_START
G1 F7200
G1 X142.203 Y134.79 E-.0285
G1 X142.203 Y131.692 E-1.4715
;WIPE_END
G1 Z4.44 F9000
;AFTER_LAYER_CHANGE
;4.44
G1 X132.367 Y132.049
G1 E5 F2400
;TYPE:Perimeter
;WIDTH:0.439999
G1 F1048
G1 X132.07 Y132.937 E.01317
G1 X131.625 Y133.851 E.0143
G1 X131.065 Y134.699 E.01429
G1 X130.399 Y135.467 E.0143
G1 X129.638 Y136.141 E.0143
G1 X128.796 Y136.71 E.01429
G1 X127.886 Y137.165 E.01431
G1 X126.925 Y137.496 E.01429
G1 X125.959 Y137.694 E.01387
G1 X125.089 Y137.769 E.01228
G1 X124.065 Y137.719 E.01442
G1 X122.825 Y137.496 E.01772
G1 X121.938 Y137.195 E.01317
G1 X121.363 Y136.918 E.00898
G1 X120.954 Y136.71 E.00645
G1 X120.176 Y136.19 E.01316
G1 X119.408 Y135.524 E.0143
G1 X118.734 Y134.763 E.0143
G1 X118.165 Y133.921 E.01429
G1 X117.71 Y133.011 E.01431
G1 X117.379 Y132.05 E.01429
G1 X117.164 Y130.968 E.01551
G1 X117.106 Y130.214 E.01064
G1 X117.164 Y129.032 E.01664
G1 X117.344 Y128.097 E.01339
G1 X117.634 Y127.196 E.01331
G1 X118.032 Y126.338 E.0133
G1 X118.529 Y125.534 E.01329
G1 X118.734 Y125.237 E.00508
G1 X119.351 Y124.533 E.01316
G1 X119.797 Y124.135 E.00841
G1 X120.176 Y123.81 E.00702
G1 X120.954 Y123.29 E.01316
G1 X121.864 Y122.835 E.01431
G1 X122.825 Y122.504 E.01429
G1 X123.821 Y122.3 E.0143
G1 X124.661 Y122.231 E.01185
G1 X125.843 Y122.289 E.01664
G1 X126.848 Y122.483 E.01439
G1 X127.812 Y122.805 E.01429
G1 X128.688 Y123.231 E.0137
G1 X129.481 Y123.748 E.01331
G1 X130.205 Y124.356 E.0133
G1 X130.85 Y125.048 E.0133
G1 X131.065 Y125.301 E.00467
G1 X131.585 Y126.079 E.01316
G1 X132.07 Y127.063 E.01543
G1 X132.371 Y127.95 E.01317
G1 X132.575 Y128.946 E.0143
G1 X132.645 Y129.866 E.01298
G1 X132.586 Y130.968 E.01552
G1 X132.392 Y131.973 E.01439
G1 X132.386 Y131.992 E.00028
G1 X131.979 Y131.918 F9000
;TYPE:External perimeter
;WIDTH:0.419999
G1 F1048
G1 X131.679 Y132.804 E.01253
G1 X131.255 Y133.668 E.01289
G1 X130.722 Y134.47 E.0129
G1 X130.088 Y135.195 E.0129
G1 X129.366 Y135.831 E.01289
G1 X128.566 Y136.367 E.0129
G1 X127.704 Y136.794 E.01289
G1 X126.793 Y137.105 E.0129
G1 X125.878 Y137.289 E.0125
G1 X125.057 Y137.357 E.01104
G1 X124.087 Y137.307 E.01301
G1 X123.217 Y137.159 E.01182
G1 X122.046 Y136.794 E.01643
G1 X121.207 Y136.38 E.01254
G1 X120.384 Y135.831 E.01325
G1 X119.68 Y135.213 E.01255
G1 X119.044 Y134.491 E.01289
G1 X118.508 Y133.691 E.0129
G1 X118.081 Y132.829 E.01289
G1 X117.77 Y131.918 E.0129
G1 X117.576 Y130.936 E.01341
G1 X117.517 Y130.179 E.01017
G1 X117.577 Y129.055 E.01508
G1 X117.749 Y128.178 E.01197
G1 X118.025 Y127.329 E.01196
G1 X118.402 Y126.52 E.01196
G1 X119.044 Y125.509 E.01605
G1 X119.662 Y124.805 E.01255
G1 X120.069 Y124.446 E.00727
G1 X120.405 Y124.153 E.00597
G1 X121.184 Y123.633 E.01255
G1 X122.046 Y123.206 E.01289
G1 X122.957 Y122.895 E.0129
G1 X123.901 Y122.705 E.0129
G1 X124.693 Y122.643 E.01064
G1 X125.82 Y122.702 E.01512
G1 X126.767 Y122.888 E.01293
G1 X127.679 Y123.196 E.0129
G1 X128.505 Y123.601 E.01233
G1 X129.251 Y124.091 E.01196
G1 X129.933 Y124.667 E.01196
G1 X130.54 Y125.32 E.01195
G1 X130.722 Y125.53 E.00372
G1 X131.242 Y126.309 E.01255
G1 X131.679 Y127.196 E.01325
G1 X131.98 Y128.082 E.01254
G1 X132.17 Y129.026 E.0129
G1 X132.233 Y129.844 E.01099
G1 X132.173 Y130.945 E.01477
G1 X131.994 Y131.86 E.01249
G1 E-3.5 F3600
;WIPE_START
G1 F7200
G1 X131.979 Y131.918 E-.02846
G1 X131.679 Y132.804 E-.44432
G1 X131.255 Y133.668 E-.45715
G1 X130.722 Y134.47 E-.45741
G1 X130.566 Y134.648 E-.11266
;WIPE_END
G1 X133.658 Y128.236 F9000
G1 E5 F2400
;TYPE:Perimeter
;WIDTH:0.523774
G1 F1048
G1 X133.638 Y128.593 E.00602
;WIDTH:0.565661
G1 X133.617 Y128.96 E.00671
G1 X133.632 Y129.905 E.01724
;WIDTH:0.564622
G1 X133.618 Y131.205 E.02367
;WIDTH:0.563454
G1 X133.638 Y131.517 E.00568
;WIDTH:0.522303
G1 X133.659 Y131.829 E.00525
;WIDTH:0.481151
G1 X133.679 Y132.141 E.00482
;WIDTH:0.439999
G1 X133.679 Y133.954 E.0255
G1 X132.653 Y133.954 E.01443
;WIDTH:0.481342
G1 X132.083 Y134.1 E.00908
;WIDTH:0.50483
G1 X131.964 Y134.173 E.00226
G1 X132.023 Y134.047 E.00226
;WIDTH:0.481342
G1 X132.471 Y133.073 E.01655
;WIDTH:0.439999
G1 X132.807 Y132.055 E.01508
;WIDTH:0.48154
G1 X132.895 Y131.701 E.00563
;WIDTH:0.523081
G1 X132.982 Y131.347 E.00613
;WIDTH:0.564622
G1 X133.07 Y130.994 E.00662
G1 X133.115 Y129.891 E.0201
;WIDTH:0.535966
G1 X133.113 Y129.75 E.00243
;WIDTH:0.576929
G1 X133.057 Y128.85 E.01679
G1 X132.962 Y128.505 E.00666
;WIDTH:0.531286
G1 X132.867 Y128.159 E.00614
;WIDTH:0.485642
G1 X132.772 Y127.814 E.00558
;WIDTH:0.439999
G1 X132.471 Y126.927 E.01317
G1 X132.314 Y126.59 E.00523
;WIDTH:0.478578
G1 X131.889 Y125.738 E.01461
G1 X132.09 Y125.888 E.00385
;WIDTH:0.453461
G1 X132.653 Y126.046 E.00849
;WIDTH:0.439999
G1 X133.679 Y126.046 E.01443
G1 X133.679 Y126.676 E.00886
G1 X133.679 Y127.859 E.01664
;WIDTH:0.481886
G1 X133.661 Y128.176 E.00491
G1 E-3.5 F3600
;WIPE_START
G1 F7200
G1 X133.658 Y128.236 E-.02854
G1 X133.638 Y128.593 E-.16984
G1 X133.617 Y128.96 E-.17461
G1 X133.632 Y129.905 E-.44893
G1 X133.618 Y131.205 E-.61754
G1 X133.626 Y131.332 E-.06054
;WIPE_END
G1 X131.964 Y134.173 F9000
G1 E5 F2400
;WIDTH:0.50483
G1 F1048
G1 X131.689 Y134.553 E.00761
;WIDTH:0.469449
G1 X131.414 Y134.932 E.00704
;WIDTH:0.435336
G1 X130.715 Y135.744 E.0149
;WIDTH:0.437194
G1 X129.916 Y136.458 E.01497
;WIDTH:0.43964
G1 X129.03 Y137.062 E.01507
;WIDTH:0.442684
G1 X128.074 Y137.545 E.01516
;WIDTH:0.446308
G1 X127.062 Y137.9 E.01531
;WIDTH:0.450298
G1 X126.042 Y138.114 E.01501
G1 X125.122 Y138.192 E.0133
;WIDTH:0.45848
G1 X124.041 Y138.151 E.01588
;WIDTH:0.458798
G1 X123.052 Y137.988 E.01472
;WIDTH:0.460448
G1 X122.091 Y137.705 E.01477
;WIDTH:0.461508
G1 X121.171 Y137.307 E.01481
G1 X120.721 Y137.059 E.00759
;WIDTH:0.433446
G1 X119.943 Y136.539 E.01296
;WIDTH:0.461854
G1 X119.511 Y136.191 E.0082
G1 X119.132 Y135.839 E.00765
;WIDTH:0.433724
G1 X118.418 Y135.04 E.01485
;WIDTH:0.434748
G1 X117.815 Y134.154 E.01489
;WIDTH:0.436364
G1 X117.333 Y133.197 E.01494
;WIDTH:0.43857
G1 X116.979 Y132.186 E.01501
;WIDTH:0.44137
G1 X116.76 Y131.137 E.01512
G1 X116.686 Y130.247 E.0126
;WIDTH:0.448768
G1 X116.738 Y129.009 E.01779
;WIDTH:0.45239
G1 X116.923 Y128.013 E.01466
;WIDTH:0.455468
G1 X117.227 Y127.058 E.01461
;WIDTH:0.457948
G1 X117.644 Y126.147 E.01469
;WIDTH:0.459842
G1 X118.17 Y125.293 E.01477
;WIDTH:0.461146
G1 X118.795 Y124.51 E.01479
;WIDTH:0.461856
G1 X119.511 Y123.809 E.01482
G1 X119.943 Y123.461 E.0082
;WIDTH:0.433448
G1 X120.721 Y122.941 E.01296
;WIDTH:0.461508
G1 X121.171 Y122.693 E.00759
G1 X121.678 Y122.459 E.00825
;WIDTH:0.434254
G1 X122.69 Y122.106 E.01487
;WIDTH:0.43563
G1 X123.739 Y121.888 E.01491
G1 X124.628 Y121.813 E.01242
;WIDTH:0.44043
G1 X125.865 Y121.867 E.01743
;WIDTH:0.443286
G1 X126.93 Y122.067 E.01536
;WIDTH:0.447022
G1 X127.949 Y122.401 E.01533
;WIDTH:0.450952
G1 X128.877 Y122.847 E.01485
;WIDTH:0.45427
G1 X129.72 Y123.39 E.01458
;WIDTH:0.456998
G1 X130.49 Y124.032 E.01467
;WIDTH:0.459132
G1 X131.175 Y124.763 E.01473
;WIDTH:0.463666
G1 X131.807 Y125.628 E.01591
;WIDTH:0.478578
G1 X131.889 Y125.738 E.00211
G1 X132.391 Y125.527 F9000
;WIDTH:0.439999
G1 F1048
G1 X132.653 Y125.623 E.00392
G1 X134.102 Y125.623 E.02038
G1 X134.102 Y126.676 E.01481
G1 X134.102 Y134.377 E.1083
G1 X132.653 Y134.377 E.02038
G1 X132.322 Y134.474 E.00485
G1 X132.157 Y134.628 E.00317
G1 X131.509 Y135.514 E.01544
G1 X130.786 Y136.283 E.01484
G1 X129.974 Y136.957 E.01484
G1 X129.087 Y137.528 E.01484
G1 X128.136 Y137.986 E.01484
G1 X127.137 Y138.324 E.01483
G1 X126.103 Y138.538 E.01485
G1 X125.052 Y138.624 E.01483
G1 X123.997 Y138.581 E.01485
G1 X122.956 Y138.41 E.01484
G1 X121.944 Y138.113 E.01483
G1 X120.975 Y137.694 E.01485
G1 X120.065 Y137.16 E.01484
G1 X119.226 Y136.519 E.01485
G1 X118.473 Y135.781 E.01483
G1 X117.815 Y134.956 E.01484
G1 X117.262 Y134.057 E.01484
G1 X116.824 Y133.097 E.01484
G1 X116.506 Y132.091 E.01484
G1 X116.314 Y131.053 E.01485
G1 X116.249 Y130 E.01484
G1 X116.314 Y128.947 E.01484
G1 X116.506 Y127.909 E.01485
G1 X116.824 Y126.903 E.01484
G1 X117.262 Y125.943 E.01484
G1 X117.815 Y125.044 E.01484
G1 X118.473 Y124.219 E.01484
G1 X119.226 Y123.481 E.01483
G1 X120.065 Y122.84 E.01485
G1 X120.975 Y122.306 E.01484
G1 X121.944 Y121.887 E.01485
G1 X122.956 Y121.59 E.01483
G1 X123.997 Y121.419 E.01484
G1 X125.052 Y121.376 E.01485
G1 X126.103 Y121.462 E.01483
G1 X127.137 Y121.676 E.01485
G1 X128.136 Y122.014 E.01483
G1 X129.087 Y122.472 E.01484
G1 X129.974 Y123.043 E.01484
G1 X130.786 Y123.717 E.01484
G1 X131.49 Y124.467 E.01447
G1 X132.257 Y125.478 E.01785
G1 X132.334 Y125.506 E.00115
G1 X132.572 Y125.169 F9000
;TYPE:External perimeter
;WIDTH:0.419999
G1 F1048
G1 X132.653 Y125.21 E.00122
G1 X134.515 Y125.21 E.02495
G1 X134.515 Y126.676 E.01964
G1 X134.515 Y134.79 E.10871
G1 X132.653 Y134.79 E.02495
G1 X132.49 Y134.872 E.00244
G1 X131.827 Y135.778 E.01504
G1 X131.069 Y136.584 E.01482
G1 X130.219 Y137.291 E.01481
G1 X129.289 Y137.889 E.01481
G1 X128.292 Y138.369 E.01483
G1 X127.245 Y138.723 E.01481
G1 X126.162 Y138.947 E.01482
G1 X125.06 Y139.038 E.01482
G1 X123.955 Y138.993 E.01482
G1 X122.864 Y138.813 E.01482
G1 X121.803 Y138.502 E.01481
G1 X120.788 Y138.063 E.01482
G1 X119.834 Y137.504 E.01481
G1 X118.956 Y136.832 E.01481
G1 X118.166 Y136.058 E.01482
G1 X117.476 Y135.194 E.01481
G1 X116.897 Y134.251 E.01483
G1 X116.438 Y133.245 E.01482
G1 X116.105 Y132.191 E.01481
G1 X115.903 Y131.104 E.01481
G1 X115.835 Y130 E.01482
G1 X115.903 Y128.896 E.01482
G1 X116.105 Y127.809 E.01481
G1 X116.438 Y126.755 E.01481
G1 X116.897 Y125.749 E.01482
G1 X117.476 Y124.806 E.01483
G1 X118.166 Y123.942 E.01481
G1 X118.956 Y123.168 E.01482
G1 X119.834 Y122.496 E.01481
G1 X120.788 Y121.937 E.01481
G1 X121.803 Y121.498 E.01482
G1 X122.864 Y121.187 E.01481
G1 X123.955 Y121.007 E.01482
G1 X125.06 Y120.962 E.01482
G1 X126.162 Y121.053 E.01482
G1 X127.245 Y121.277 E.01482
G1 X128.292 Y121.631 E.01481
G1 X129.289 Y122.111 E.01483
G1 X130.219 Y122.709 E.01481
G1 X131.069 Y123.416 E.01481
G1 X131.827 Y124.222 E.01482
G1 X132.49 Y125.128 E.01504
G1 X132.518 Y125.142 E.00042
G1 X133.354 Y126.646 F9000
;TYPE:Internal infill
;WIDTH:0.44
G1 F1048
G1 X132.88 Y127.12 E.00943
G1 E-3.5 F3600
;WIPE_START
G1 F7200
G1 X133.354 Y126.646 E-.31841
;WIPE_END
G1 E-1.18159 F3600
G1 X132.879 Y132.879 F9000
G1 E5 F2400
G1 F1048
G1 X133.354 Y133.354 E.00945
G1 E-3.5 F3600
;WIPE_START
G1 F7200
G1 X132.879 Y132.879 E-.31908
;WIPE_END
G1 E-1.18092 F3600
G1 X143.2 Y133.825 F9000
G1 E5 F2400
;TYPE:Perimeter
;WIDTH:0.698834
G1 F1048
G1 X143.2 Y126.175 E.17344
G1 X142.648 Y125.623 F9000
;WIDTH:0.439999
G1 F1048
G1 X143.752 Y125.623 E.01553
G1 X143.752 Y126.175 E.00776
G1 X143.752 Y134.377 E.11535
G1 X142.648 Y134.377 E.01553
G1 X142.648 Y125.683 E.12227
G1 X142.235 Y125.21 F9000
;TYPE:External perimeter
;WIDTH:0.419999
G1 F1048
G1 X144.165 Y125.21 E.02586
G1 X144.165 Y126.175 E.01293
G1 X144.165 Y134.79 E.11543
G1 X142.235 Y134.79 E.02586
G1 X142.235 Y125.27 E.12755
;LAYER_CHANGE
;Z:4.52
;HEIGHT:0.0799999
;BEFORE_LAYER_CHANGE
G92 E0
;4.52


G1 E-3.5 F3600
;WIPE_START
G1 F7200
G1 X142.235 Y125.21 E-.0285
G1 X144.165 Y125.21 E-.91675
G1 X144.165 Y126.175 E-.45837
G1 X144.165 Y126.378 E-.09638
;WIPE_END
G1 Z4.52 F9000
;AFTER_LAYER_CHANGE
;4.52
G1 X132.387 Y128.029
G1 E5 F2400
;TYPE:Perimeter
;WIDTH:0.439999
G1 F1045
G1 X132.575 Y128.946 E.01316
G1 X132.645 Y129.866 E.01298
G1 X132.586 Y130.968 E.01552
G1 X132.392 Y131.973 E.01439
G1 X132.07 Y132.937 E.01429
G1 X131.625 Y133.851 E.0143
G1 X131.065 Y134.699 E.01429
G1 X130.399 Y135.467 E.0143
G1 X129.638 Y136.141 E.0143
G1 X128.796 Y136.71 E.01429
G1 X127.886 Y137.165 E.01431
G1 X126.925 Y137.496 E.01429
G1 X125.959 Y137.694 E.01387
G1 X125.089 Y137.769 E.01228
G1 X124.065 Y137.719 E.01442
G1 X122.825 Y137.496 E.01772
G1 X121.938 Y137.195 E.01317
G1 X121.363 Y136.918 E.00898
G1 X120.954 Y136.71 E.00645
G1 X120.176 Y136.19 E.01316
G1 X119.408 Y135.524 E.0143
G1 X118.734 Y134.763 E.0143
G1 X118.165 Y133.921 E.01429
G1 X117.71 Y133.011 E.01431
G1 X117.379 Y132.05 E.01429
G1 X117.164 Y130.968 E.01551
G1 X117.106 Y130.214 E.01064
G1 X117.164 Y129.032 E.01664
G1 X117.344 Y128.097 E.01339
G1 X117.634 Y127.196 E.01331
G1 X118.032 Y126.338 E.0133
G1 X118.529 Y125.534 E.01329
G1 X118.734 Y125.237 E.00508
G1 X119.351 Y124.533 E.01316
G1 X119.797 Y124.135 E.00841
G1 X120.176 Y123.81 E.00702
G1 X120.954 Y123.29 E.01316
G1 X121.864 Y122.835 E.01431
G1 X122.825 Y122.504 E.01429
G1 X123.821 Y122.3 E.0143
G1 X124.661 Y122.231 E.01185
G1 X125.843 Y122.289 E.01664
G1 X126.848 Y122.483 E.01439
G1 X127.812 Y122.805 E.01429
G1 X128.688 Y123.231 E.0137
G1 X129.481 Y123.748 E.01331
G1 X130.205 Y124.356 E.0133
G1 X130.85 Y125.048 E.0133
G1 X131.065 Y125.301 E.00467
G1 X131.585 Y126.079 E.01316
G1 X132.07 Y127.063 E.01543
G1 X132.371 Y127.95 E.01317
G1 X132.375 Y127.97 E.00029
G1 X131.986 Y128.109 F9000
;TYPE:External perimeter
;WIDTH:0.419999
G1 F1045
G1 X132.17 Y129.026 E.01253
G1 X132.233 Y129.844 E.01099
G1 X132.173 Y130.945 E.01477
G1 X131.987 Y131.892 E.01293
G1 X131.679 Y132.804 E.0129
G1 X131.255 Y133.668 E.01289
G1 X130.722 Y134.47 E.0129
G1 X130.088 Y135.195 E.0129
G1 X129.366 Y135.831 E.01289
G1 X128.566 Y136.367 E.0129
G1 X127.704 Y136.794 E.01289
G1 X126.793 Y137.105 E.0129
G1 X125.878 Y137.289 E.0125
G1 X125.057 Y137.357 E.01104
G1 X124.087 Y137.307 E.01301
G1 X123.217 Y137.159 E.01182
G1 X122.046 Y136.794 E.01643
G1 X121.207 Y136.38 E.01254
G1 X120.384 Y135.831 E.01325
G1 X119.68 Y135.213 E.01255
G1 X119.044 Y134.491 E.01289
G1 X118.508 Y133.691 E.0129
G1 X118.081 Y132.829 E.01289
G1 X117.77 Y131.918 E.0129
G1 X117.576 Y130.936 E.01341
G1 X117.517 Y130.179 E.01017
G1 X117.577 Y129.055 E.01508
G1 X117.749 Y128.178 E.01197
G1 X118.025 Y127.329 E.01196
G1 X118.402 Y126.52 E.01196
G1 X119.044 Y125.509 E.01605
G1 X119.662 Y124.805 E.01255
G1 X120.069 Y124.446 E.00727
G1 X120.405 Y124.153 E.00597
G1 X121.184 Y123.633 E.01255
G1 X122.046 Y123.206 E.01289
G1 X122.957 Y122.895 E.0129
G1 X123.901 Y122.705 E.0129
G1 X124.693 Y122.643 E.01064
G1 X125.82 Y122.702 E.01512
G1 X126.767 Y122.888 E.01293
G1 X127.679 Y123.196 E.0129
G1 X128.505 Y123.601 E.01233
G1 X129.251 Y124.091 E.01196
G1 X129.933 Y124.667 E.01196
G1 X130.54 Y125.32 E.01195
G1 X130.722 Y125.53 E.00372
G1 X131.242 Y126.309 E.01255
G1 X131.679 Y127.196 E.01325
G1 X131.97 Y128.051 E.0121
G1 E-3.5 F3600
;WIPE_START
G1 F7200
G1 X131.986 Y128.109 E-.02858
G1 X132.17 Y129.026 E-.44426
G1 X132.233 Y129.844 E-.3897
G1 X132.173 Y130.945 E-.52375
G1 X132.127 Y131.18 E-.11371
;WIPE_END
G1 X133.629 Y131.829 F9000
G1 E5 F2400
;TYPE:Perimeter
;WIDTH:0.476204
G1 F1045
G1 X133.647 Y132.138 E.00473
;WIDTH:0.439999
G1 X133.647 Y133.954 E.02554
G1 X132.653 Y133.954 E.01398
;WIDTH:0.481342
G1 X132.083 Y134.1 E.00908
;WIDTH:0.50483
G1 X131.964 Y134.173 E.00226
G1 X132.023 Y134.047 E.00226
;WIDTH:0.481342
G1 X132.471 Y133.073 E.01655
;WIDTH:0.439999
G1 X132.807 Y132.055 E.01508
;WIDTH:0.476167
G1 X132.892 Y131.701 E.00556
;WIDTH:0.512334
G1 X132.977 Y131.347 E.006
;WIDTH:0.548502
G1 X133.062 Y130.993 E.00643
G1 X133.107 Y129.891 E.01949
;WIDTH:0.519834
G1 X133.105 Y129.75 E.00236
;WIDTH:0.560665
G1 X133.049 Y128.851 E.01628
G1 X132.956 Y128.506 E.00646
;WIDTH:0.520443
G1 X132.864 Y128.16 E.00599
;WIDTH:0.480221
G1 X132.772 Y127.814 E.00551
;WIDTH:0.439999
G1 X132.471 Y126.927 E.01317
G1 X132.314 Y126.59 E.00523
;WIDTH:0.478578
G1 X131.889 Y125.738 E.01461
G1 X132.09 Y125.888 E.00385
;WIDTH:0.453461
G1 X132.653 Y126.046 E.00849
;WIDTH:0.439999
G1 X133.647 Y126.046 E.01398
G1 X133.647 Y126.662 E.00866
G1 X133.647 Y127.862 E.01688
;WIDTH:0.476509
G1 X133.629 Y128.228 E.0056
;WIDTH:0.513019
G1 X133.611 Y128.595 E.00606
;WIDTH:0.549529
G1 X133.593 Y128.961 E.00649
G1 X133.608 Y129.904 E.0167
;WIDTH:0.548502
G1 X133.593 Y131.008 E.01951
;WIDTH:0.548613
G1 X133.611 Y131.514 E.00895
;WIDTH:0.512408
G1 X133.626 Y131.769 E.00421
G1 E-3.5 F3600
;WIPE_START
G1 F7200
G1 X133.629 Y131.829 E-.02854
G1 X133.647 Y132.138 E-.14702
G1 X133.647 Y133.954 E-.8626
G1 X132.675 Y133.954 E-.46184
;WIPE_END
G1 X131.964 Y134.173 F9000
G1 E5 F2400
;WIDTH:0.50483
G1 F1045
G1 X131.689 Y134.553 E.00761
;WIDTH:0.469449
G1 X131.414 Y134.932 E.00704
;WIDTH:0.435334
G1 X130.715 Y135.744 E.0149
;WIDTH:0.437192
G1 X129.916 Y136.458 E.01497
;WIDTH:0.43964
G1 X129.03 Y137.062 E.01507
;WIDTH:0.442684
G1 X128.074 Y137.545 E.01516
;WIDTH:0.44631
G1 X127.062 Y137.9 E.01531
;WIDTH:0.450298
G1 X126.042 Y138.114 E.01501
G1 X125.122 Y138.192 E.0133
;WIDTH:0.45848
G1 X124.041 Y138.151 E.01588
;WIDTH:0.458798
G1 X123.052 Y137.988 E.01472
;WIDTH:0.460448
G1 X122.091 Y137.705 E.01477
;WIDTH:0.461508
G1 X121.171 Y137.307 E.01481
G1 X120.721 Y137.059 E.00759
;WIDTH:0.433446
G1 X119.943 Y136.539 E.01296
;WIDTH:0.461856
G1 X119.511 Y136.191 E.0082
G1 X119.132 Y135.839 E.00765
;WIDTH:0.433724
G1 X118.418 Y135.04 E.01485
;WIDTH:0.434748
G1 X117.815 Y134.154 E.01489
;WIDTH:0.436364
G1 X117.333 Y133.197 E.01494
;WIDTH:0.43857
G1 X116.979 Y132.186 E.01501
;WIDTH:0.44137
G1 X116.76 Y131.137 E.01512
G1 X116.686 Y130.247 E.0126
;WIDTH:0.448768
G1 X116.738 Y129.009 E.01779
;WIDTH:0.452388
G1 X116.923 Y128.013 E.01466
;WIDTH:0.455468
G1 X117.227 Y127.058 E.01461
;WIDTH:0.457948
G1 X117.644 Y126.147 E.01469
;WIDTH:0.459842
G1 X118.17 Y125.293 E.01477
;WIDTH:0.461146
G1 X118.795 Y124.51 E.01479
;WIDTH:0.461856
G1 X119.511 Y123.809 E.01482
G1 X119.943 Y123.461 E.0082
;WIDTH:0.433448
G1 X120.721 Y122.941 E.01296
;WIDTH:0.461508
G1 X121.171 Y122.693 E.00759
G1 X121.678 Y122.459 E.00825
;WIDTH:0.434254
G1 X122.69 Y122.106 E.01487
;WIDTH:0.43563
G1 X123.739 Y121.888 E.01491
G1 X124.628 Y121.813 E.01242
;WIDTH:0.44043
G1 X125.865 Y121.867 E.01743
;WIDTH:0.443286
G1 X126.93 Y122.067 E.01536
;WIDTH:0.447022
G1 X127.949 Y122.401 E.01533
;WIDTH:0.450952
G1 X128.877 Y122.847 E.01485
;WIDTH:0.45427
G1 X129.72 Y123.39 E.01458
;WIDTH:0.456998
G1 X130.49 Y124.032 E.01467
;WIDTH:0.459132
G1 X131.175 Y124.763 E.01473
;WIDTH:0.463666
G1 X131.807 Y125.628 E.01591
;WIDTH:0.478578
G1 X131.889 Y125.738 E.00211
G1 X132.391 Y125.527 F9000
;WIDTH:0.439999
G1 F1045
G1 X132.653 Y125.623 E.00392
G1 X134.07 Y125.623 E.01993
G1 X134.07 Y126.662 E.01461
G1 X134.07 Y134.377 E.1085
G1 X132.653 Y134.377 E.01993
G1 X132.322 Y134.474 E.00485
G1 X132.157 Y134.628 E.00317
G1 X131.509 Y135.514 E.01544
G1 X130.786 Y136.283 E.01484
G1 X129.974 Y136.957 E.01484
G1 X129.087 Y137.528 E.01484
G1 X128.136 Y137.986 E.01484
G1 X127.137 Y138.324 E.01483
G1 X126.103 Y138.538 E.01485
G1 X125.052 Y138.624 E.01483
G1 X123.997 Y138.581 E.01485
G1 X122.956 Y138.41 E.01484
G1 X121.944 Y138.113 E.01483
G1 X120.975 Y137.694 E.01485
G1 X120.065 Y137.16 E.01484
G1 X119.226 Y136.519 E.01485
G1 X118.473 Y135.781 E.01483
G1 X117.815 Y134.956 E.01484
G1 X117.262 Y134.057 E.01484
G1 X116.824 Y133.097 E.01484
G1 X116.506 Y132.091 E.01484
G1 X116.314 Y131.053 E.01485
G1 X116.249 Y130 E.01484
G1 X116.314 Y128.947 E.01484
G1 X116.506 Y127.909 E.01485
G1 X116.824 Y126.903 E.01484
G1 X117.262 Y125.943 E.01484
G1 X117.815 Y125.044 E.01484
G1 X118.473 Y124.219 E.01484
G1 X119.226 Y123.481 E.01483
G1 X120.065 Y122.84 E.01485
G1 X120.975 Y122.306 E.01484
G1 X121.944 Y121.887 E.01485
G1 X122.956 Y121.59 E.01483
G1 X123.997 Y121.419 E.01484
G1 X125.052 Y121.376 E.01485
G1 X126.103 Y121.462 E.01483
G1 X127.137 Y121.676 E.01485
G1 X128.136 Y122.014 E.01483
G1 X129.087 Y122.472 E.01484
G1 X129.974 Y123.043 E.01484
G1 X130.786 Y123.717 E.01484
G1 X131.49 Y124.467 E.01447
G1 X132.257 Y125.478 E.01785
G1 X132.334 Y125.506 E.00115
G1 X132.572 Y125.169 F9000
;TYPE:External perimeter
;WIDTH:0.419999
G1 F1045
G1 X132.653 Y125.21 E.00122
G1 X134.483 Y125.21 E.02452
G1 X134.483 Y126.662 E.01945
G1 X134.483 Y134.79 E.1089
G1 X132.653 Y134.79 E.02452
G1 X132.49 Y134.872 E.00244
G1 X131.827 Y135.778 E.01504
G1 X131.069 Y136.584 E.01482
G1 X130.219 Y137.291 E.01481
G1 X129.289 Y137.889 E.01481
G1 X128.292 Y138.369 E.01483
G1 X127.245 Y138.723 E.01481
G1 X126.162 Y138.947 E.01482
G1 X125.06 Y139.038 E.01482
G1 X123.955 Y138.993 E.01482
G1 X122.864 Y138.813 E.01482
G1 X121.803 Y138.502 E.01481
G1 X120.788 Y138.063 E.01482
G1 X119.834 Y137.504 E.01481
G1 X118.956 Y136.832 E.01481
G1 X118.166 Y136.058 E.01482
G1 X117.476 Y135.194 E.01481
G1 X116.897 Y134.251 E.01483
G1 X116.438 Y133.245 E.01482
G1 X116.105 Y132.191 E.01481
G1 X115.903 Y131.104 E.01481
G1 X115.835 Y130 E.01482
G1 X115.903 Y128.896 E.01482
G1 X116.105 Y127.809 E.01481
G1 X116.438 Y126.755 E.01481
G1 X116.897 Y125.749 E.01482
G1 X117.476 Y124.806 E.01483
G1 X118.166 Y123.942 E.01481
G1 X118.956 Y123.168 E.01482
G1 X119.834 Y122.496 E.01481
G1 X120.788 Y121.937 E.01481
G1 X121.803 Y121.498 E.01482
G1 X122.864 Y121.187 E.01481
G1 X123.955 Y121.007 E.01482
G1 X125.06 Y120.962 E.01482
G1 X126.162 Y121.053 E.01482
G1 X127.245 Y121.277 E.01482
G1 X128.292 Y121.631 E.01481
G1 X129.289 Y122.111 E.01483
G1 X130.219 Y122.709 E.01481
G1 X131.069 Y123.416 E.01481
G1 X131.827 Y124.222 E.01482
G1 X132.49 Y125.128 E.01504
G1 X132.518 Y125.142 E.00042
G1 X133.322 Y126.678 F9000
;TYPE:Internal infill
;WIDTH:0.44
G1 F1045
G1 X132.877 Y127.123 E.00885
G1 E-3.5 F3600
;WIPE_START
G1 F7200
G1 X133.322 Y126.678 E-.29893
;WIPE_END
G1 E-1.20107 F3600
G1 X132.876 Y132.876 F9000
G1 E5 F2400
G1 F1045
G1 X133.322 Y133.322 E.00887
G1 E-3.5 F3600
;WIPE_START
G1 F7200
G1 X132.876 Y132.876 E-.2996
;WIPE_END
G1 E-1.2004 F3600
G1 X143.216 Y133.841 F9000
G1 E5 F2400
;TYPE:Perimeter
;WIDTH:0.666618
G1 F1045
G1 X143.216 Y126.159 E.16594
G1 X143.752 Y125.623 F9000
;WIDTH:0.439999
G1 F1045
G1 X143.752 Y126.159 E.00754
G1 X143.752 Y134.377 E.11557
G1 X142.68 Y134.377 E.01508
G1 X142.68 Y125.623 E.12311
G1 X143.692 Y125.623 E.01423
G1 X144.165 Y125.21 F9000
;TYPE:External perimeter
;WIDTH:0.419999
G1 F1045
G1 X144.165 Y126.159 E.01271
G1 X144.165 Y134.79 E.11564
G1 X142.267 Y134.79 E.02543
G1 X142.267 Y125.21 E.12835
G1 X144.105 Y125.21 E.02463
;LAYER_CHANGE
;Z:4.6
;HEIGHT:0.0799999
;BEFORE_LAYER_CHANGE
G92 E0
;4.6


G1 E-3.5 F3600
;WIPE_START
G1 F7200
G1 X144.165 Y125.21 E-.0285
G1 X144.165 Y126.159 E-.45077
G1 X144.165 Y128.308 E-1.02073
;WIPE_END
G1 Z4.6 F9000
;AFTER_LAYER_CHANGE
;4.6
G1 X132.387 Y128.029
G1 E5 F2400
;TYPE:Perimeter
;WIDTH:0.439999
G1 F1043
G1 X132.575 Y128.946 E.01316
G1 X132.645 Y129.866 E.01298
G1 X132.586 Y130.968 E.01552
G1 X132.392 Y131.973 E.01439
G1 X132.07 Y132.937 E.01429
G1 X131.625 Y133.851 E.0143
G1 X131.065 Y134.699 E.01429
G1 X130.399 Y135.467 E.0143
G1 X129.638 Y136.141 E.0143
G1 X128.796 Y136.71 E.01429
G1 X127.886 Y137.165 E.01431
G1 X126.925 Y137.496 E.01429
G1 X125.959 Y137.694 E.01387
G1 X125.089 Y137.769 E.01228
G1 X124.065 Y137.719 E.01442
G1 X122.825 Y137.496 E.01772
G1 X121.938 Y137.195 E.01317
G1 X121.363 Y136.918 E.00898
G1 X120.954 Y136.71 E.00645
G1 X120.176 Y136.19 E.01316
G1 X119.408 Y135.524 E.0143
G1 X118.734 Y134.763 E.0143
G1 X118.165 Y133.921 E.01429
G1 X117.71 Y133.011 E.01431
G1 X117.379 Y132.05 E.01429
G1 X117.164 Y130.968 E.01551
G1 X117.106 Y130.214 E.01064
G1 X117.164 Y129.032 E.01664
G1 X117.344 Y128.097 E.01339
G1 X117.634 Y127.196 E.01331
G1 X118.032 Y126.338 E.0133
G1 X118.529 Y125.534 E.01329
G1 X118.734 Y125.237 E.00508
G1 X119.351 Y124.533 E.01316
G1 X119.797 Y124.135 E.00841
G1 X120.176 Y123.81 E.00702
G1 X120.954 Y123.29 E.01316
G1 X121.864 Y122.835 E.01431
G1 X122.825 Y122.504 E.01429
G1 X123.821 Y122.3 E.0143
G1 X124.661 Y122.231 E.01185
G1 X125.843 Y122.289 E.01664
G1 X126.848 Y122.483 E.01439
G1 X127.812 Y122.805 E.01429
G1 X128.688 Y123.231 E.0137
G1 X129.481 Y123.748 E.01331
G1 X130.205 Y124.356 E.0133
G1 X130.85 Y125.048 E.0133
G1 X131.065 Y125.301 E.00467
G1 X131.585 Y126.079 E.01316
G1 X132.07 Y127.063 E.01543
G1 X132.371 Y127.95 E.01317
G1 X132.375 Y127.97 E.00029
G1 X131.986 Y128.109 F9000
;TYPE:External perimeter
;WIDTH:0.419999
G1 F1043
G1 X132.17 Y129.026 E.01253
G1 X132.233 Y129.844 E.01099
G1 X132.173 Y130.945 E.01477
G1 X131.987 Y131.892 E.01293
G1 X131.679 Y132.804 E.0129
G1 X131.255 Y133.668 E.01289
G1 X130.722 Y134.47 E.0129
G1 X130.088 Y135.195 E.0129
G1 X129.366 Y135.831 E.01289
G1 X128.566 Y136.367 E.0129
G1 X127.704 Y136.794 E.01289
G1 X126.793 Y137.105 E.0129
G1 X125.878 Y137.289 E.0125
G1 X125.057 Y137.357 E.01104
G1 X124.087 Y137.307 E.01301
G1 X123.217 Y137.159 E.01182
G1 X122.046 Y136.794 E.01643
G1 X121.207 Y136.38 E.01254
G1 X120.384 Y135.831 E.01325
G1 X119.68 Y135.213 E.01255
G1 X119.044 Y134.491 E.01289
G1 X118.508 Y133.691 E.0129
G1 X118.081 Y132.829 E.01289
G1 X117.77 Y131.918 E.0129
G1 X117.576 Y130.936 E.01341
G1 X117.517 Y130.179 E.01017
G1 X117.577 Y129.055 E.01508
G1 X117.749 Y128.178 E.01197
G1 X118.025 Y127.329 E.01196
G1 X118.402 Y126.52 E.01196
G1 X119.044 Y125.509 E.01605
G1 X119.662 Y124.805 E.01255
G1 X120.069 Y124.446 E.00727
G1 X120.405 Y124.153 E.00597
G1 X121.184 Y123.633 E.01255
G1 X122.046 Y123.206 E.01289
G1 X122.957 Y122.895 E.0129
G1 X123.901 Y122.705 E.0129
G1 X124.693 Y122.643 E.01064
G1 X125.82 Y122.702 E.01512
G1 X126.767 Y122.888 E.01293
G1 X127.679 Y123.196 E.0129
G1 X128.505 Y123.601 E.01233
G1 X129.251 Y124.091 E.01196
G1 X129.933 Y124.667 E.01196
G1 X130.54 Y125.32 E.01195
G1 X130.722 Y125.53 E.00372
G1 X131.242 Y126.309 E.01255
G1 X131.679 Y127.196 E.01325
G1 X131.97 Y128.051 E.0121
G1 E-3.5 F3600
;WIPE_START
G1 F7200
G1 X131.986 Y128.109 E-.02858
G1 X132.17 Y129.026 E-.44426
G1 X132.233 Y129.844 E-.3897
G1 X132.173 Y130.945 E-.52375
G1 X132.127 Y131.18 E-.11371
;WIPE_END
G1 X133.597 Y131.765 F9000
G1 E5 F2400
;TYPE:Perimeter
;WIDTH:0.486871
G1 F1043
G1 X133.615 Y132.135 E.00579
;WIDTH:0.439999
G1 X133.615 Y133.954 E.02558
G1 X132.653 Y133.954 E.01353
;WIDTH:0.481342
G1 X132.083 Y134.1 E.00908
;WIDTH:0.50483
G1 X131.964 Y134.173 E.00226
G1 X132.023 Y134.047 E.00226
;WIDTH:0.481342
G1 X132.471 Y133.073 E.01655
;WIDTH:0.439999
G1 X132.807 Y132.055 E.01508
;WIDTH:0.486191
G1 X132.93 Y131.524 E.0085
;WIDTH:0.532382
G1 X133.054 Y130.993 E.00934
G1 X133.099 Y129.891 E.0189
;WIDTH:0.503702
G1 X133.097 Y129.751 E.00227
;WIDTH:0.544401
G1 X133.041 Y128.853 E.01578
G1 X132.951 Y128.507 E.00627
;WIDTH:0.509601
G1 X132.861 Y128.16 E.00587
;WIDTH:0.4748
G1 X132.772 Y127.814 E.00544
;WIDTH:0.439999
G1 X132.471 Y126.927 E.01317
G1 X132.314 Y126.59 E.00523
;WIDTH:0.478578
G1 X131.889 Y125.738 E.01461
G1 X132.09 Y125.888 E.00385
;WIDTH:0.453461
G1 X132.653 Y126.046 E.00849
;WIDTH:0.439999
G1 X133.615 Y126.046 E.01353
G1 X133.615 Y126.649 E.00848
G1 X133.615 Y127.865 E.0171
;WIDTH:0.486698
G1 X133.592 Y128.414 E.00858
;WIDTH:0.533397
G1 X133.568 Y128.962 E.00942
G1 X133.584 Y129.904 E.01618
;WIDTH:0.532382
G1 X133.569 Y131.007 E.0189
;WIDTH:0.533742
G1 X133.592 Y131.667 E.01135
;WIDTH:0.486871
G1 X133.594 Y131.705 E.00059
G1 E-3.5 F3600
;WIPE_START
G1 F7200
G1 X133.597 Y131.765 E-.02854
G1 X133.615 Y132.135 E-.17596
G1 X133.615 Y133.954 E-.86403
G1 X132.706 Y133.954 E-.43147
;WIPE_END
G1 X131.964 Y134.173 F9000
G1 E5 F2400
;WIDTH:0.50483
G1 F1043
G1 X131.689 Y134.553 E.00761
;WIDTH:0.469449
G1 X131.414 Y134.932 E.00704
;WIDTH:0.435336
G1 X130.715 Y135.744 E.0149
;WIDTH:0.437196
G1 X129.916 Y136.458 E.01497
;WIDTH:0.439642
G1 X129.03 Y137.062 E.01507
;WIDTH:0.442684
G1 X128.074 Y137.545 E.01516
;WIDTH:0.44631
G1 X127.062 Y137.9 E.01531
;WIDTH:0.450298
G1 X126.042 Y138.114 E.01501
G1 X125.122 Y138.192 E.0133
;WIDTH:0.45848
G1 X124.041 Y138.151 E.01588
;WIDTH:0.458798
G1 X123.052 Y137.988 E.01472
;WIDTH:0.460448
G1 X122.091 Y137.705 E.01477
;WIDTH:0.461508
G1 X121.171 Y137.307 E.01481
G1 X120.721 Y137.059 E.00759
;WIDTH:0.433446
G1 X119.943 Y136.539 E.01296
;WIDTH:0.461854
G1 X119.511 Y136.191 E.0082
G1 X119.132 Y135.839 E.00765
;WIDTH:0.433724
G1 X118.418 Y135.04 E.01485
;WIDTH:0.434748
G1 X117.815 Y134.154 E.01489
;WIDTH:0.436364
G1 X117.333 Y133.197 E.01494
;WIDTH:0.43857
G1 X116.979 Y132.186 E.01501
;WIDTH:0.44137
G1 X116.76 Y131.137 E.01512
G1 X116.686 Y130.247 E.0126
;WIDTH:0.448768
G1 X116.738 Y129.009 E.01779
;WIDTH:0.45239
G1 X116.923 Y128.013 E.01466
;WIDTH:0.455468
G1 X117.227 Y127.058 E.01461
;WIDTH:0.457948
G1 X117.644 Y126.147 E.01469
;WIDTH:0.459842
G1 X118.17 Y125.293 E.01477
;WIDTH:0.461146
G1 X118.795 Y124.51 E.01479
;WIDTH:0.461854
G1 X119.511 Y123.809 E.01482
G1 X119.943 Y123.461 E.0082
;WIDTH:0.433448
G1 X120.721 Y122.941 E.01296
;WIDTH:0.461508
G1 X121.171 Y122.693 E.00759
G1 X121.678 Y122.459 E.00825
;WIDTH:0.434254
G1 X122.69 Y122.106 E.01487
;WIDTH:0.43563
G1 X123.739 Y121.888 E.01491
G1 X124.628 Y121.813 E.01242
;WIDTH:0.44043
G1 X125.865 Y121.867 E.01743
;WIDTH:0.443286
G1 X126.93 Y122.067 E.01536
;WIDTH:0.447024
G1 X127.949 Y122.401 E.01533
;WIDTH:0.450952
G1 X128.877 Y122.847 E.01485
;WIDTH:0.45427
G1 X129.72 Y123.39 E.01458
;WIDTH:0.456998
G1 X130.49 Y124.032 E.01467
;WIDTH:0.459132
G1 X131.175 Y124.763 E.01473
;WIDTH:0.463666
G1 X131.807 Y125.628 E.01591
;WIDTH:0.478578
G1 X131.889 Y125.738 E.00211
G1 X132.391 Y125.527 F9000
;WIDTH:0.439999
G1 F1043
G1 X132.653 Y125.623 E.00392
G1 X134.038 Y125.623 E.01948
G1 X134.038 Y126.649 E.01443
G1 X134.038 Y134.377 E.10868
G1 X132.653 Y134.377 E.01948
G1 X132.322 Y134.474 E.00485
G1 X132.157 Y134.628 E.00317
G1 X131.509 Y135.514 E.01544
G1 X130.786 Y136.283 E.01484
G1 X129.974 Y136.957 E.01484
G1 X129.087 Y137.528 E.01484
G1 X128.136 Y137.986 E.01484
G1 X127.137 Y138.324 E.01483
G1 X126.103 Y138.538 E.01485
G1 X125.052 Y138.624 E.01483
G1 X123.997 Y138.581 E.01485
G1 X122.956 Y138.41 E.01484
G1 X121.944 Y138.113 E.01483
G1 X120.975 Y137.694 E.01485
G1 X120.065 Y137.16 E.01484
G1 X119.226 Y136.519 E.01485
G1 X118.473 Y135.781 E.01483
G1 X117.815 Y134.956 E.01484
G1 X117.262 Y134.057 E.01484
G1 X116.824 Y133.097 E.01484
G1 X116.506 Y132.091 E.01484
G1 X116.314 Y131.053 E.01485
G1 X116.249 Y130 E.01484
G1 X116.314 Y128.947 E.01484
G1 X116.506 Y127.909 E.01485
G1 X116.824 Y126.903 E.01484
G1 X117.262 Y125.943 E.01484
G1 X117.815 Y125.044 E.01484
G1 X118.473 Y124.219 E.01484
G1 X119.226 Y123.481 E.01483
G1 X120.065 Y122.84 E.01485
G1 X120.975 Y122.306 E.01484
G1 X121.944 Y121.887 E.01485
G1 X122.956 Y121.59 E.01483
G1 X123.997 Y121.419 E.01484
G1 X125.052 Y121.376 E.01485
G1 X126.103 Y121.462 E.01483
G1 X127.137 Y121.676 E.01485
G1 X128.136 Y122.014 E.01483
G1 X129.087 Y122.472 E.01484
G1 X129.974 Y123.043 E.01484
G1 X130.786 Y123.717 E.01484
G1 X131.49 Y124.467 E.01447
G1 X132.257 Y125.478 E.01785
G1 X132.334 Y125.506 E.00115
G1 X132.572 Y125.169 F9000
;TYPE:External perimeter
;WIDTH:0.419999
G1 F1043
G1 X132.653 Y125.21 E.00122
G1 X134.451 Y125.21 E.02409
G1 X134.451 Y126.649 E.01928
G1 X134.451 Y134.79 E.10907
G1 X132.653 Y134.79 E.02409
G1 X132.49 Y134.872 E.00244
G1 X131.827 Y135.778 E.01504
G1 X131.069 Y136.584 E.01482
G1 X130.219 Y137.291 E.01481
G1 X129.289 Y137.889 E.01481
G1 X128.292 Y138.369 E.01483
G1 X127.245 Y138.723 E.01481
G1 X126.162 Y138.947 E.01482
G1 X125.06 Y139.038 E.01482
G1 X123.955 Y138.993 E.01482
G1 X122.864 Y138.813 E.01482
G1 X121.803 Y138.502 E.01481
G1 X120.788 Y138.063 E.01482
G1 X119.834 Y137.504 E.01481
G1 X118.956 Y136.832 E.01481
G1 X118.166 Y136.058 E.01482
G1 X117.476 Y135.194 E.01481
G1 X116.897 Y134.251 E.01483
G1 X116.438 Y133.245 E.01482
G1 X116.105 Y132.191 E.01481
G1 X115.903 Y131.104 E.01481
G1 X115.835 Y130 E.01482
G1 X115.903 Y128.896 E.01482
G1 X116.105 Y127.809 E.01481
G1 X116.438 Y126.755 E.01481
G1 X116.897 Y125.749 E.01482
G1 X117.476 Y124.806 E.01483
G1 X118.166 Y123.942 E.01481
G1 X118.956 Y123.168 E.01482
G1 X119.834 Y122.496 E.01481
G1 X120.788 Y121.937 E.01481
G1 X121.803 Y121.498 E.01482
G1 X122.864 Y121.187 E.01481
G1 X123.955 Y121.007 E.01482
G1 X125.06 Y120.962 E.01482
G1 X126.162 Y121.053 E.01482
G1 X127.245 Y121.277 E.01482
G1 X128.292 Y121.631 E.01481
G1 X129.289 Y122.111 E.01483
G1 X130.219 Y122.709 E.01481
G1 X131.069 Y123.416 E.01481
G1 X131.827 Y124.222 E.01482
G1 X132.49 Y125.128 E.01504
G1 X132.518 Y125.142 E.00042
G1 X133.289 Y126.711 F9000
;TYPE:Internal infill
;WIDTH:0.44
G1 F1043
G1 X132.88 Y127.12 E.00813
G1 E-3.5 F3600
;WIPE_START
G1 F7200
G1 X133.289 Y126.711 E-.27475
;WIPE_END
G1 E-1.22525 F3600
G1 X132.88 Y132.88 F9000
G1 E5 F2400
G1 F1043
G1 X133.289 Y133.289 E.00813
G1 E-3.5 F3600
;WIPE_START
G1 F7200
G1 X132.88 Y132.88 E-.27475
;WIPE_END
G1 E-1.22525 F3600
G1 X143.232 Y133.857 F9000
G1 E5 F2400
;TYPE:Perimeter
;WIDTH:0.634402
G1 F1043
G1 X143.232 Y126.143 E.15836
G1 X142.712 Y125.623 F9000
;WIDTH:0.439999
G1 F1043
G1 X143.752 Y125.623 E.01463
G1 X143.752 Y126.143 E.00731
G1 X143.752 Y134.377 E.1158
G1 X142.712 Y134.377 E.01463
G1 X142.712 Y125.683 E.12227
G1 X142.299 Y125.21 F9000
;TYPE:External perimeter
;WIDTH:0.419999
G1 F1043
G1 X144.165 Y125.21 E.025
G1 X144.165 Y126.143 E.0125
G1 X144.165 Y134.79 E.11585
G1 X142.299 Y134.79 E.025
G1 X142.299 Y125.27 E.12755
;LAYER_CHANGE
;Z:4.68
;HEIGHT:0.0799999
;BEFORE_LAYER_CHANGE
G92 E0
;4.68


G1 E-3.5 F3600
;WIPE_START
G1 F7200
G1 X142.299 Y125.21 E-.0285
G1 X144.165 Y125.21 E-.88635
G1 X144.165 Y126.143 E-.44317
G1 X144.165 Y126.442 E-.14198
;WIPE_END
G1 Z4.68 F9000
;AFTER_LAYER_CHANGE
;4.68
G1 X132.387 Y128.029
G1 E5 F2400
;TYPE:Perimeter
;WIDTH:0.439999
G1 F1042
G1 X132.575 Y128.946 E.01316
G1 X132.645 Y129.866 E.01298
G1 X132.586 Y130.968 E.01552
G1 X132.392 Y131.973 E.01439
G1 X132.07 Y132.937 E.01429
G1 X131.625 Y133.851 E.0143
G1 X131.065 Y134.699 E.01429
G1 X130.399 Y135.467 E.0143
G1 X129.638 Y136.141 E.0143
G1 X128.796 Y136.71 E.01429
G1 X127.886 Y137.165 E.01431
G1 X126.925 Y137.496 E.01429
G1 X125.959 Y137.694 E.01387
G1 X125.089 Y137.769 E.01228
G1 X124.065 Y137.719 E.01442
G1 X122.825 Y137.496 E.01772
G1 X121.938 Y137.195 E.01317
G1 X121.363 Y136.918 E.00898
G1 X120.954 Y136.71 E.00645
G1 X120.176 Y136.19 E.01316
G1 X119.408 Y135.524 E.0143
G1 X118.734 Y134.763 E.0143
G1 X118.165 Y133.921 E.01429
G1 X117.71 Y133.011 E.01431
G1 X117.379 Y132.05 E.01429
G1 X117.164 Y130.968 E.01551
G1 X117.106 Y130.214 E.01064
G1 X117.164 Y129.032 E.01664
G1 X117.344 Y128.097 E.01339
G1 X117.634 Y127.196 E.01331
G1 X118.032 Y126.338 E.0133
G1 X118.529 Y125.534 E.01329
G1 X118.734 Y125.237 E.00508
G1 X119.351 Y124.533 E.01316
G1 X119.797 Y124.135 E.00841
G1 X120.176 Y123.81 E.00702
G1 X120.954 Y123.29 E.01316
G1 X121.864 Y122.835 E.01431
G1 X122.825 Y122.504 E.01429
G1 X123.821 Y122.3 E.0143
G1 X124.661 Y122.231 E.01185
G1 X125.843 Y122.289 E.01664
G1 X126.848 Y122.483 E.01439
G1 X127.812 Y122.805 E.01429
G1 X128.688 Y123.231 E.0137
G1 X129.481 Y123.748 E.01331
G1 X130.205 Y124.356 E.0133
G1 X130.85 Y125.048 E.0133
G1 X131.065 Y125.301 E.00467
G1 X131.585 Y126.079 E.01316
G1 X132.07 Y127.063 E.01543
G1 X132.371 Y127.95 E.01317
G1 X132.375 Y127.97 E.00029
G1 X131.986 Y128.109 F9000
;TYPE:External perimeter
;WIDTH:0.419999
G1 F1042
G1 X132.17 Y129.026 E.01253
G1 X132.233 Y129.844 E.01099
G1 X132.173 Y130.945 E.01477
G1 X131.987 Y131.892 E.01293
G1 X131.679 Y132.804 E.0129
G1 X131.255 Y133.668 E.01289
G1 X130.722 Y134.47 E.0129
G1 X130.088 Y135.195 E.0129
G1 X129.366 Y135.831 E.01289
G1 X128.566 Y136.367 E.0129
G1 X127.704 Y136.794 E.01289
G1 X126.793 Y137.105 E.0129
G1 X125.878 Y137.289 E.0125
G1 X125.057 Y137.357 E.01104
G1 X124.087 Y137.307 E.01301
G1 X123.217 Y137.159 E.01182
G1 X122.046 Y136.794 E.01643
G1 X121.207 Y136.38 E.01254
G1 X120.384 Y135.831 E.01325
G1 X119.68 Y135.213 E.01255
G1 X119.044 Y134.491 E.01289
G1 X118.508 Y133.691 E.0129
G1 X118.081 Y132.829 E.01289
G1 X117.77 Y131.918 E.0129
G1 X117.576 Y130.936 E.01341
G1 X117.517 Y130.179 E.01017
G1 X117.577 Y129.055 E.01508
G1 X117.749 Y128.178 E.01197
G1 X118.025 Y127.329 E.01196
G1 X118.402 Y126.52 E.01196
G1 X119.044 Y125.509 E.01605
G1 X119.662 Y124.805 E.01255
G1 X120.069 Y124.446 E.00727
G1 X120.405 Y124.153 E.00597
G1 X121.184 Y123.633 E.01255
G1 X122.046 Y123.206 E.01289
G1 X122.957 Y122.895 E.0129
G1 X123.901 Y122.705 E.0129
G1 X124.693 Y122.643 E.01064
G1 X125.82 Y122.702 E.01512
G1 X126.767 Y122.888 E.01293
G1 X127.679 Y123.196 E.0129
G1 X128.505 Y123.601 E.01233
G1 X129.251 Y124.091 E.01196
G1 X129.933 Y124.667 E.01196
G1 X130.54 Y125.32 E.01195
G1 X130.722 Y125.53 E.00372
G1 X131.242 Y126.309 E.01255
G1 X131.679 Y127.196 E.01325
G1 X131.97 Y128.051 E.0121
G1 E-3.5 F3600
;WIPE_START
G1 F7200
G1 X131.986 Y128.109 E-.02858
G1 X132.17 Y129.026 E-.44426
G1 X132.233 Y129.844 E-.3897
G1 X132.173 Y130.945 E-.52375
G1 X132.127 Y131.18 E-.11371
;WIPE_END
G1 X133.565 Y131.699 F9000
G1 E5 F2400
;TYPE:Perimeter
;WIDTH:0.47942
G1 F1042
G1 X133.583 Y132.132 E.00666
;WIDTH:0.439999
G1 X133.583 Y133.954 E.02562
G1 X132.653 Y133.954 E.01308
;WIDTH:0.481342
G1 X132.083 Y134.1 E.00908
;WIDTH:0.50483
G1 X131.964 Y134.173 E.00226
G1 X132.023 Y134.047 E.00226
;WIDTH:0.481342
G1 X132.471 Y133.073 E.01655
;WIDTH:0.439999
G1 X132.807 Y132.055 E.01508
;WIDTH:0.478131
G1 X132.926 Y131.524 E.00834
;WIDTH:0.516263
G1 X133.046 Y130.992 E.00905
G1 X133.09 Y129.89 E.01831
;WIDTH:0.48757
G1 X133.089 Y129.751 E.00217
;WIDTH:0.528136
G1 X133.033 Y128.855 E.01526
G1 X132.902 Y128.334 E.00913
;WIDTH:0.484068
G1 X132.772 Y127.814 E.00832
;WIDTH:0.439999
G1 X132.471 Y126.927 E.01317
G1 X132.314 Y126.59 E.00523
;WIDTH:0.478578
G1 X131.889 Y125.738 E.01461
G1 X132.09 Y125.888 E.00385
;WIDTH:0.453461
G1 X132.653 Y126.046 E.00849
;WIDTH:0.439999
G1 X133.583 Y126.046 E.01308
G1 X133.583 Y126.636 E.0083
G1 X133.583 Y127.868 E.01733
;WIDTH:0.478632
G1 X133.564 Y128.416 E.00842
;WIDTH:0.517265
G1 X133.544 Y128.963 E.0091
G1 X133.56 Y129.903 E.01564
;WIDTH:0.516263
G1 X133.545 Y131.006 E.01831
;WIDTH:0.518841
G1 X133.562 Y131.639 E.01057
G1 E-3.5 F3600
;WIPE_START
G1 F7200
G1 X133.565 Y131.699 E-.02854
G1 X133.583 Y132.132 E-.20585
G1 X133.583 Y133.954 E-.86545
G1 X132.74 Y133.954 E-.40016
;WIPE_END
G1 X131.964 Y134.173 F9000
G1 E5 F2400
;WIDTH:0.50483
G1 F1042
G1 X131.689 Y134.553 E.00761
;WIDTH:0.469449
G1 X131.414 Y134.932 E.00704
;WIDTH:0.435334
G1 X130.715 Y135.744 E.0149
;WIDTH:0.437192
G1 X129.916 Y136.458 E.01497
;WIDTH:0.43964
G1 X129.03 Y137.062 E.01507
;WIDTH:0.442684
G1 X128.074 Y137.545 E.01516
;WIDTH:0.446308
G1 X127.062 Y137.9 E.01531
;WIDTH:0.450298
G1 X126.042 Y138.114 E.01501
G1 X125.122 Y138.192 E.0133
;WIDTH:0.45848
G1 X124.041 Y138.151 E.01588
;WIDTH:0.458798
G1 X123.052 Y137.988 E.01472
;WIDTH:0.460448
G1 X122.091 Y137.705 E.01477
;WIDTH:0.461508
G1 X121.171 Y137.307 E.01481
G1 X120.721 Y137.059 E.00759
;WIDTH:0.433446
G1 X119.943 Y136.539 E.01296
;WIDTH:0.461856
G1 X119.511 Y136.191 E.0082
G1 X119.132 Y135.839 E.00765
;WIDTH:0.433724
G1 X118.418 Y135.04 E.01485
;WIDTH:0.434748
G1 X117.815 Y134.154 E.01489
;WIDTH:0.436364
G1 X117.333 Y133.197 E.01494
;WIDTH:0.43857
G1 X116.979 Y132.186 E.01501
;WIDTH:0.441368
G1 X116.76 Y131.137 E.01512
G1 X116.686 Y130.247 E.0126
;WIDTH:0.448768
G1 X116.738 Y129.009 E.01779
;WIDTH:0.452388
G1 X116.923 Y128.013 E.01466
;WIDTH:0.455468
G1 X117.227 Y127.058 E.01461
;WIDTH:0.457948
G1 X117.644 Y126.147 E.01469
;WIDTH:0.459842
G1 X118.17 Y125.293 E.01477
;WIDTH:0.461146
G1 X118.795 Y124.51 E.01479
;WIDTH:0.461854
G1 X119.511 Y123.809 E.01482
G1 X119.943 Y123.461 E.0082
;WIDTH:0.433448
G1 X120.721 Y122.941 E.01296
;WIDTH:0.461508
G1 X121.171 Y122.693 E.00759
G1 X121.678 Y122.459 E.00825
;WIDTH:0.434254
G1 X122.69 Y122.106 E.01487
;WIDTH:0.43563
G1 X123.739 Y121.888 E.01491
G1 X124.628 Y121.813 E.01242
;WIDTH:0.44043
G1 X125.865 Y121.867 E.01743
;WIDTH:0.443286
G1 X126.93 Y122.067 E.01536
;WIDTH:0.447024
G1 X127.949 Y122.401 E.01533
;WIDTH:0.450952
G1 X128.877 Y122.847 E.01485
;WIDTH:0.45427
G1 X129.72 Y123.39 E.01458
;WIDTH:0.456998
G1 X130.49 Y124.032 E.01467
;WIDTH:0.459132
G1 X131.175 Y124.763 E.01473
;WIDTH:0.463666
G1 X131.807 Y125.628 E.01591
;WIDTH:0.478578
G1 X131.889 Y125.738 E.00211
G1 X132.391 Y125.527 F9000
;WIDTH:0.439999
G1 F1042
G1 X132.653 Y125.623 E.00392
G1 X134.006 Y125.623 E.01903
G1 X134.006 Y126.636 E.01425
G1 X134.006 Y134.377 E.10886
G1 X132.653 Y134.377 E.01903
G1 X132.322 Y134.474 E.00485
G1 X132.157 Y134.628 E.00317
G1 X131.509 Y135.514 E.01544
G1 X130.786 Y136.283 E.01484
G1 X129.974 Y136.957 E.01484
G1 X129.087 Y137.528 E.01484
G1 X128.136 Y137.986 E.01484
G1 X127.137 Y138.324 E.01483
G1 X126.103 Y138.538 E.01485
G1 X125.052 Y138.624 E.01483
G1 X123.997 Y138.581 E.01485
G1 X122.956 Y138.41 E.01484
G1 X121.944 Y138.113 E.01483
G1 X120.975 Y137.694 E.01485
G1 X120.065 Y137.16 E.01484
G1 X119.226 Y136.519 E.01485
G1 X118.473 Y135.781 E.01483
G1 X117.815 Y134.956 E.01484
G1 X117.262 Y134.057 E.01484
G1 X116.824 Y133.097 E.01484
G1 X116.506 Y132.091 E.01484
G1 X116.314 Y131.053 E.01485
G1 X116.249 Y130 E.01484
G1 X116.314 Y128.947 E.01484
G1 X116.506 Y127.909 E.01485
G1 X116.824 Y126.903 E.01484
G1 X117.262 Y125.943 E.01484
G1 X117.815 Y125.044 E.01484
G1 X118.473 Y124.219 E.01484
G1 X119.226 Y123.481 E.01483
G1 X120.065 Y122.84 E.01485
G1 X120.975 Y122.306 E.01484
G1 X121.944 Y121.887 E.01485
G1 X122.956 Y121.59 E.01483
G1 X123.997 Y121.419 E.01484
G1 X125.052 Y121.376 E.01485
G1 X126.103 Y121.462 E.01483
G1 X127.137 Y121.676 E.01485
G1 X128.136 Y122.014 E.01483
G1 X129.087 Y122.472 E.01484
G1 X129.974 Y123.043 E.01484
G1 X130.786 Y123.717 E.01484
G1 X131.49 Y124.467 E.01447
G1 X132.257 Y125.478 E.01785
G1 X132.334 Y125.506 E.00115
G1 X132.572 Y125.169 F9000
;TYPE:External perimeter
;WIDTH:0.419999
G1 F1042
G1 X132.653 Y125.21 E.00122
G1 X134.419 Y125.21 E.02366
G1 X134.419 Y126.636 E.01911
G1 X134.419 Y134.79 E.10925
G1 X132.653 Y134.79 E.02366
G1 X132.49 Y134.872 E.00244
G1 X131.827 Y135.778 E.01504
G1 X131.069 Y136.584 E.01482
G1 X130.219 Y137.291 E.01481
G1 X129.289 Y137.889 E.01481
G1 X128.292 Y138.369 E.01483
G1 X127.245 Y138.723 E.01481
G1 X126.162 Y138.947 E.01482
G1 X125.06 Y139.038 E.01482
G1 X123.955 Y138.993 E.01482
G1 X122.864 Y138.813 E.01482
G1 X121.803 Y138.502 E.01481
G1 X120.788 Y138.063 E.01482
G1 X119.834 Y137.504 E.01481
G1 X118.956 Y136.832 E.01481
G1 X118.166 Y136.058 E.01482
G1 X117.476 Y135.194 E.01481
G1 X116.897 Y134.251 E.01483
G1 X116.438 Y133.245 E.01482
G1 X116.105 Y132.191 E.01481
G1 X115.903 Y131.104 E.01481
G1 X115.835 Y130 E.01482
G1 X115.903 Y128.896 E.01482
G1 X116.105 Y127.809 E.01481
G1 X116.438 Y126.755 E.01481
G1 X116.897 Y125.749 E.01482
G1 X117.476 Y124.806 E.01483
G1 X118.166 Y123.942 E.01481
G1 X118.956 Y123.168 E.01482
G1 X119.834 Y122.496 E.01481
G1 X120.788 Y121.937 E.01481
G1 X121.803 Y121.498 E.01482
G1 X122.864 Y121.187 E.01481
G1 X123.955 Y121.007 E.01482
G1 X125.06 Y120.962 E.01482
G1 X126.162 Y121.053 E.01482
G1 X127.245 Y121.277 E.01482
G1 X128.292 Y121.631 E.01481
G1 X129.289 Y122.111 E.01483
G1 X130.219 Y122.709 E.01481
G1 X131.069 Y123.416 E.01481
G1 X131.827 Y124.222 E.01482
G1 X132.49 Y125.128 E.01504
G1 X132.518 Y125.142 E.00042
G1 X133.257 Y126.743 F9000
;TYPE:Internal infill
;WIDTH:0.44
G1 F1042
G1 X132.88 Y127.12 E.0075
G1 E-3.5 F3600
;WIPE_START
G1 F7200
G1 X133.257 Y126.743 E-.25325
;WIPE_END
G1 E-1.24675 F3600
G1 X132.88 Y132.88 F9000
G1 E5 F2400
G1 F1042
G1 X133.257 Y133.257 E.0075
G1 E-3.5 F3600
;WIPE_START
G1 F7200
G1 X132.88 Y132.88 E-.25325
;WIPE_END
G1 E-1.24675 F3600
G1 X143.248 Y133.873 F9000
G1 E5 F2400
;TYPE:Perimeter
;WIDTH:0.602186
G1 F1042
G1 X143.248 Y126.127 E.15072
G1 X143.752 Y125.623 F9000
;WIDTH:0.439999
G1 F1042
G1 X143.752 Y126.127 E.00709
G1 X143.752 Y134.377 E.11602
G1 X142.744 Y134.377 E.01418
G1 X142.744 Y125.623 E.12311
G1 X143.692 Y125.623 E.01333
G1 X144.165 Y125.21 F9000
;TYPE:External perimeter
;WIDTH:0.419999
G1 F1042
G1 X144.165 Y126.127 E.01229
G1 X144.165 Y134.79 E.11607
G1 X142.331 Y134.79 E.02457
G1 X142.331 Y125.21 E.12835
G1 X144.105 Y125.21 E.02377
;LAYER_CHANGE
;Z:4.76
;HEIGHT:0.0800004
;BEFORE_LAYER_CHANGE
G92 E0
;4.76


G1 E-3.5 F3600
;WIPE_START
G1 F7200
G1 X144.165 Y125.21 E-.0285
G1 X144.165 Y126.127 E-.43558
G1 X144.165 Y128.308 E-1.03592
;WIPE_END
G1 Z4.76 F9000
;AFTER_LAYER_CHANGE
;4.76
G1 X132.387 Y128.029
G1 E5 F2400
;TYPE:Perimeter
;WIDTH:0.439999
G1 F1041
G1 X132.575 Y128.946 E.01316
G1 X132.645 Y129.866 E.01298
G1 X132.586 Y130.968 E.01552
G1 X132.392 Y131.973 E.01439
G1 X132.07 Y132.937 E.01429
G1 X131.625 Y133.851 E.0143
G1 X131.065 Y134.699 E.01429
G1 X130.399 Y135.467 E.0143
G1 X129.638 Y136.141 E.0143
G1 X128.796 Y136.71 E.01429
G1 X127.886 Y137.165 E.01431
G1 X126.925 Y137.496 E.01429
G1 X125.959 Y137.694 E.01387
G1 X125.089 Y137.769 E.01228
G1 X124.065 Y137.719 E.01442
G1 X122.825 Y137.496 E.01772
G1 X121.938 Y137.195 E.01317
G1 X121.363 Y136.918 E.00898
G1 X120.954 Y136.71 E.00645
G1 X120.176 Y136.19 E.01316
G1 X119.408 Y135.524 E.0143
G1 X118.734 Y134.763 E.0143
G1 X118.165 Y133.921 E.01429
G1 X117.71 Y133.011 E.01431
G1 X117.379 Y132.05 E.01429
G1 X117.164 Y130.968 E.01551
G1 X117.106 Y130.214 E.01064
G1 X117.164 Y129.032 E.01664
G1 X117.344 Y128.097 E.01339
G1 X117.634 Y127.196 E.01331
G1 X118.032 Y126.338 E.0133
G1 X118.529 Y125.534 E.01329
G1 X118.734 Y125.237 E.00508
G1 X119.351 Y124.533 E.01316
G1 X119.797 Y124.135 E.00841
G1 X120.176 Y123.81 E.00702
G1 X120.954 Y123.29 E.01316
G1 X121.864 Y122.835 E.01431
G1 X122.825 Y122.504 E.01429
G1 X123.821 Y122.3 E.0143
G1 X124.661 Y122.231 E.01185
G1 X125.843 Y122.289 E.01664
G1 X126.848 Y122.483 E.01439
G1 X127.812 Y122.805 E.01429
G1 X128.688 Y123.231 E.0137
G1 X129.481 Y123.748 E.01331
G1 X130.205 Y124.356 E.0133
G1 X130.85 Y125.048 E.0133
G1 X131.065 Y125.301 E.00467
G1 X131.585 Y126.079 E.01316
G1 X132.07 Y127.063 E.01543
G1 X132.371 Y127.95 E.01317
G1 X132.375 Y127.97 E.00029
G1 X131.986 Y128.109 F9000
;TYPE:External perimeter
;WIDTH:0.419999
G1 F1041
G1 X132.17 Y129.026 E.01253
G1 X132.233 Y129.844 E.01099
G1 X132.173 Y130.945 E.01477
G1 X131.987 Y131.892 E.01293
G1 X131.679 Y132.804 E.0129
G1 X131.255 Y133.668 E.01289
G1 X130.722 Y134.47 E.0129
G1 X130.088 Y135.195 E.0129
G1 X129.366 Y135.831 E.01289
G1 X128.566 Y136.367 E.0129
G1 X127.704 Y136.794 E.01289
G1 X126.793 Y137.105 E.0129
G1 X125.878 Y137.289 E.0125
G1 X125.057 Y137.357 E.01104
G1 X124.087 Y137.307 E.01301
G1 X123.217 Y137.159 E.01182
G1 X122.046 Y136.794 E.01643
G1 X121.207 Y136.38 E.01254
G1 X120.384 Y135.831 E.01325
G1 X119.68 Y135.213 E.01255
G1 X119.044 Y134.491 E.01289
G1 X118.508 Y133.691 E.0129
G1 X118.081 Y132.829 E.01289
G1 X117.77 Y131.918 E.0129
G1 X117.576 Y130.936 E.01341
G1 X117.517 Y130.179 E.01017
G1 X117.577 Y129.055 E.01508
G1 X117.749 Y128.178 E.01197
G1 X118.025 Y127.329 E.01196
G1 X118.402 Y126.52 E.01196
G1 X119.044 Y125.509 E.01605
G1 X119.662 Y124.805 E.01255
G1 X120.069 Y124.446 E.00727
G1 X120.405 Y124.153 E.00597
G1 X121.184 Y123.633 E.01255
G1 X122.046 Y123.206 E.01289
G1 X122.957 Y122.895 E.0129
G1 X123.901 Y122.705 E.0129
G1 X124.693 Y122.643 E.01064
G1 X125.82 Y122.702 E.01512
G1 X126.767 Y122.888 E.01293
G1 X127.679 Y123.196 E.0129
G1 X128.505 Y123.601 E.01233
G1 X129.251 Y124.091 E.01196
G1 X129.933 Y124.667 E.01196
G1 X130.54 Y125.32 E.01195
G1 X130.722 Y125.53 E.00372
G1 X131.242 Y126.309 E.01255
G1 X131.679 Y127.196 E.01325
G1 X131.97 Y128.051 E.0121
G1 E-3.5 F3600
;WIPE_START
G1 F7200
G1 X131.986 Y128.109 E-.02858
G1 X132.17 Y129.026 E-.44426
G1 X132.233 Y129.844 E-.3897
G1 X132.173 Y130.945 E-.52375
G1 X132.127 Y131.18 E-.11371
;WIPE_END
G1 X133.534 Y131.631 F9000
G1 E5 F2400
;TYPE:Perimeter
;WIDTH:0.50391
G1 F1041
G1 X133.535 Y131.66 E.00047
;WIDTH:0.471955
G1 X133.551 Y132.128 E.00708
;WIDTH:0.439999
G1 X133.551 Y133.954 E.02568
G1 X132.653 Y133.954 E.01263
;WIDTH:0.481342
G1 X132.083 Y134.1 E.00908
;WIDTH:0.50483
G1 X131.964 Y134.173 E.00226
G1 X132.023 Y134.047 E.00226
;WIDTH:0.481342
G1 X132.471 Y133.073 E.01655
;WIDTH:0.439999
G1 X132.807 Y132.055 E.01508
;WIDTH:0.470071
G1 X132.922 Y131.524 E.00818
;WIDTH:0.500143
G1 X133.038 Y130.992 E.00875
G1 X133.082 Y129.89 E.01772
;WIDTH:0.471438
G1 X133.081 Y129.752 E.00209
;WIDTH:0.511872
G1 X133.025 Y128.856 E.01477
G1 X132.898 Y128.335 E.00882
;WIDTH:0.475936
G1 X132.772 Y127.814 E.00818
;WIDTH:0.439999
G1 X132.471 Y126.927 E.01317
G1 X132.314 Y126.59 E.00523
;WIDTH:0.478578
G1 X131.889 Y125.738 E.01461
G1 X132.09 Y125.888 E.00385
;WIDTH:0.453461
G1 X132.653 Y126.046 E.00849
;WIDTH:0.439999
G1 X133.551 Y126.046 E.01263
G1 X133.551 Y126.624 E.00813
G1 X133.551 Y127.872 E.01755
;WIDTH:0.470566
G1 X133.535 Y128.418 E.00824
;WIDTH:0.501133
G1 X133.52 Y128.965 E.00881
G1 X133.535 Y129.902 E.01508
;WIDTH:0.500143
G1 X133.521 Y131.005 E.01772
;WIDTH:0.50391
G1 X133.533 Y131.571 E.00917
G1 E-3.5 F3600
;WIPE_START
G1 F7200
G1 X133.534 Y131.631 E-.0285
G1 X133.535 Y131.66 E-.01378
G1 X133.551 Y132.128 E-.22243
G1 X133.551 Y133.954 E-.86735
G1 X132.776 Y133.954 E-.36794
;WIPE_END
G1 X131.964 Y134.173 F9000
G1 E5 F2400
;WIDTH:0.50483
G1 F1041
G1 X131.689 Y134.553 E.00761
;WIDTH:0.469449
G1 X131.414 Y134.932 E.00704
;WIDTH:0.435336
G1 X130.715 Y135.744 E.0149
;WIDTH:0.437196
G1 X129.916 Y136.458 E.01497
;WIDTH:0.439642
G1 X129.03 Y137.062 E.01507
;WIDTH:0.442684
G1 X128.074 Y137.545 E.01516
;WIDTH:0.44631
G1 X127.062 Y137.9 E.01531
;WIDTH:0.450298
G1 X126.042 Y138.114 E.01501
G1 X125.122 Y138.192 E.0133
;WIDTH:0.45848
G1 X124.041 Y138.151 E.01588
;WIDTH:0.458798
G1 X123.052 Y137.988 E.01472
;WIDTH:0.460448
G1 X122.091 Y137.705 E.01477
;WIDTH:0.461508
G1 X121.171 Y137.307 E.01481
G1 X120.721 Y137.059 E.00759
;WIDTH:0.433446
G1 X119.943 Y136.539 E.01296
;WIDTH:0.461856
G1 X119.511 Y136.191 E.0082
G1 X119.132 Y135.839 E.00765
;WIDTH:0.433724
G1 X118.418 Y135.04 E.01485
;WIDTH:0.434748
G1 X117.815 Y134.154 E.01489
;WIDTH:0.436364
G1 X117.333 Y133.197 E.01494
;WIDTH:0.43857
G1 X116.979 Y132.186 E.01501
;WIDTH:0.44137
G1 X116.76 Y131.137 E.01512
G1 X116.686 Y130.247 E.0126
;WIDTH:0.448768
G1 X116.738 Y129.009 E.01779
;WIDTH:0.452388
G1 X116.923 Y128.013 E.01466
;WIDTH:0.455468
G1 X117.227 Y127.058 E.01461
;WIDTH:0.457948
G1 X117.644 Y126.147 E.01469
;WIDTH:0.459842
G1 X118.17 Y125.293 E.01477
;WIDTH:0.461146
G1 X118.795 Y124.51 E.01479
;WIDTH:0.461854
G1 X119.511 Y123.809 E.01482
G1 X119.943 Y123.461 E.0082
;WIDTH:0.433448
G1 X120.721 Y122.941 E.01296
;WIDTH:0.461508
G1 X121.171 Y122.693 E.00759
G1 X121.678 Y122.459 E.00825
;WIDTH:0.434254
G1 X122.69 Y122.106 E.01487
;WIDTH:0.43563
G1 X123.739 Y121.888 E.01491
G1 X124.628 Y121.813 E.01242
;WIDTH:0.440428
G1 X125.865 Y121.867 E.01743
;WIDTH:0.443286
G1 X126.93 Y122.067 E.01536
;WIDTH:0.447024
G1 X127.949 Y122.401 E.01533
;WIDTH:0.450954
G1 X128.877 Y122.847 E.01486
;WIDTH:0.45427
G1 X129.72 Y123.39 E.01458
;WIDTH:0.456998
G1 X130.49 Y124.032 E.01467
;WIDTH:0.459132
G1 X131.175 Y124.763 E.01473
;WIDTH:0.463666
G1 X131.807 Y125.628 E.01591
;WIDTH:0.478578
G1 X131.889 Y125.738 E.00211
G1 X132.391 Y125.527 F9000
;WIDTH:0.439999
G1 F1041
G1 X132.653 Y125.623 E.00392
G1 X133.973 Y125.623 E.01856
G1 X133.973 Y126.624 E.01408
G1 X133.973 Y134.377 E.10903
G1 X132.653 Y134.377 E.01856
G1 X132.322 Y134.474 E.00485
G1 X132.157 Y134.628 E.00317
G1 X131.509 Y135.514 E.01544
G1 X130.786 Y136.283 E.01484
G1 X129.974 Y136.957 E.01484
G1 X129.087 Y137.528 E.01484
G1 X128.136 Y137.986 E.01484
G1 X127.137 Y138.324 E.01483
G1 X126.103 Y138.538 E.01485
G1 X125.052 Y138.624 E.01483
G1 X123.997 Y138.581 E.01485
G1 X122.956 Y138.41 E.01484
G1 X121.944 Y138.113 E.01483
G1 X120.975 Y137.694 E.01485
G1 X120.065 Y137.16 E.01484
G1 X119.226 Y136.519 E.01485
G1 X118.473 Y135.781 E.01483
G1 X117.815 Y134.956 E.01484
G1 X117.262 Y134.057 E.01484
G1 X116.824 Y133.097 E.01484
G1 X116.506 Y132.091 E.01484
G1 X116.314 Y131.053 E.01485
G1 X116.249 Y130 E.01484
G1 X116.314 Y128.947 E.01484
G1 X116.506 Y127.909 E.01485
G1 X116.824 Y126.903 E.01484
G1 X117.262 Y125.943 E.01484
G1 X117.815 Y125.044 E.01484
G1 X118.473 Y124.219 E.01484
G1 X119.226 Y123.481 E.01483
G1 X120.065 Y122.84 E.01485
G1 X120.975 Y122.306 E.01484
G1 X121.944 Y121.887 E.01485
G1 X122.956 Y121.59 E.01483
G1 X123.997 Y121.419 E.01484
G1 X125.052 Y121.376 E.01485
G1 X126.103 Y121.462 E.01483
G1 X127.137 Y121.676 E.01485
G1 X128.136 Y122.014 E.01483
G1 X129.087 Y122.472 E.01484
G1 X129.974 Y123.043 E.01484
G1 X130.786 Y123.717 E.01484
G1 X131.49 Y124.467 E.01447
G1 X132.257 Y125.478 E.01785
G1 X132.334 Y125.506 E.00115
G1 X132.572 Y125.169 F9000
;TYPE:External perimeter
;WIDTH:0.419999
G1 F1041
G1 X132.653 Y125.21 E.00122
G1 X134.386 Y125.21 E.02322
G1 X134.386 Y126.624 E.01895
G1 X134.386 Y134.79 E.10941
G1 X132.653 Y134.79 E.02322
G1 X132.49 Y134.872 E.00244
G1 X131.827 Y135.778 E.01504
G1 X131.069 Y136.584 E.01482
G1 X130.219 Y137.291 E.01481
G1 X129.289 Y137.889 E.01481
G1 X128.292 Y138.369 E.01483
G1 X127.245 Y138.723 E.01481
G1 X126.162 Y138.947 E.01482
G1 X125.06 Y139.038 E.01482
G1 X123.955 Y138.993 E.01482
G1 X122.864 Y138.813 E.01482
G1 X121.803 Y138.502 E.01481
G1 X120.788 Y138.063 E.01482
G1 X119.834 Y137.504 E.01481
G1 X118.956 Y136.832 E.01481
G1 X118.166 Y136.058 E.01482
G1 X117.476 Y135.194 E.01481
G1 X116.897 Y134.251 E.01483
G1 X116.438 Y133.245 E.01482
G1 X116.105 Y132.191 E.01481
G1 X115.903 Y131.104 E.01481
G1 X115.835 Y130 E.01482
G1 X115.903 Y128.896 E.01482
G1 X116.105 Y127.809 E.01481
G1 X116.438 Y126.755 E.01481
G1 X116.897 Y125.749 E.01482
G1 X117.476 Y124.806 E.01483
G1 X118.166 Y123.942 E.01481
G1 X118.956 Y123.168 E.01482
G1 X119.834 Y122.496 E.01481
G1 X120.788 Y121.937 E.01481
G1 X121.803 Y121.498 E.01482
G1 X122.864 Y121.187 E.01481
G1 X123.955 Y121.007 E.01482
G1 X125.06 Y120.962 E.01482
G1 X126.162 Y121.053 E.01482
G1 X127.245 Y121.277 E.01482
G1 X128.292 Y121.631 E.01481
G1 X129.289 Y122.111 E.01483
G1 X130.219 Y122.709 E.01481
G1 X131.069 Y123.416 E.01481
G1 X131.827 Y124.222 E.01482
G1 X132.49 Y125.128 E.01504
G1 X132.518 Y125.142 E.00042
G1 X133.225 Y126.775 F9000
;TYPE:Internal infill
;WIDTH:0.44
G1 F1041
G1 X132.88 Y127.12 E.00686
G1 E-3.5 F3600
;WIPE_START
G1 F7200
G1 X133.225 Y126.775 E-.23175
;WIPE_END
G1 E-1.26825 F3600
G1 X132.88 Y132.88 F9000
G1 E5 F2400
G1 F1041
G1 X133.225 Y133.225 E.00686
G1 E-3.5 F3600
;WIPE_START
G1 F7200
G1 X132.88 Y132.88 E-.23175
;WIPE_END
G1 E-1.26825 F3600
G1 X143.264 Y133.889 F9000
G1 E5 F2400
;TYPE:Perimeter
;WIDTH:0.56997
G1 F1041
G1 X143.264 Y126.111 E.14301
G1 X142.777 Y125.623 F9000
;WIDTH:0.439999
G1 F1041
G1 X143.752 Y125.623 E.01371
G1 X143.752 Y126.111 E.00686
G1 X143.752 Y134.377 E.11625
G1 X142.777 Y134.377 E.01371
G1 X142.777 Y125.683 E.12227
G1 X142.364 Y125.21 F9000
;TYPE:External perimeter
;WIDTH:0.419999
G1 F1041
G1 X144.165 Y125.21 E.02413
G1 X144.165 Y126.111 E.01207
G1 X144.165 Y134.79 E.11628
G1 X142.364 Y134.79 E.02413
G1 X142.364 Y125.27 E.12755
;LAYER_CHANGE
;Z:4.84
;HEIGHT:0.0799999
;BEFORE_LAYER_CHANGE
G92 E0
;4.84


G1 E-3.5 F3600
;WIPE_START
G1 F7200
G1 X142.364 Y125.21 E-.0285
G1 X144.165 Y125.21 E-.85547
G1 X144.165 Y126.111 E-.42797
G1 X144.165 Y126.507 E-.18806
;WIPE_END
G1 Z4.84 F9000
;AFTER_LAYER_CHANGE
;4.84
G1 X132.387 Y128.029
G1 E5 F2400
;TYPE:Perimeter
;WIDTH:0.439999
G1 F1040
G1 X132.575 Y128.946 E.01316
G1 X132.645 Y129.866 E.01298
G1 X132.586 Y130.968 E.01552
G1 X132.392 Y131.973 E.01439
G1 X132.07 Y132.937 E.01429
G1 X131.625 Y133.851 E.0143
G1 X131.065 Y134.699 E.01429
G1 X130.399 Y135.467 E.0143
G1 X129.638 Y136.141 E.0143
G1 X128.796 Y136.71 E.01429
G1 X127.886 Y137.165 E.01431
G1 X126.925 Y137.496 E.01429
G1 X125.959 Y137.694 E.01387
G1 X125.089 Y137.769 E.01228
G1 X124.065 Y137.719 E.01442
G1 X122.825 Y137.496 E.01772
G1 X121.938 Y137.195 E.01317
G1 X121.363 Y136.918 E.00898
G1 X120.954 Y136.71 E.00645
G1 X120.176 Y136.19 E.01316
G1 X119.408 Y135.524 E.0143
G1 X118.734 Y134.763 E.0143
G1 X118.165 Y133.921 E.01429
G1 X117.71 Y133.011 E.01431
G1 X117.379 Y132.05 E.01429
G1 X117.164 Y130.968 E.01551
G1 X117.106 Y130.214 E.01064
G1 X117.164 Y129.032 E.01664
G1 X117.344 Y128.097 E.01339
G1 X117.634 Y127.196 E.01331
G1 X118.032 Y126.338 E.0133
G1 X118.529 Y125.534 E.01329
G1 X118.734 Y125.237 E.00508
G1 X119.351 Y124.533 E.01316
G1 X119.797 Y124.135 E.00841
G1 X120.176 Y123.81 E.00702
G1 X120.954 Y123.29 E.01316
G1 X121.864 Y122.835 E.01431
G1 X122.825 Y122.504 E.01429
G1 X123.821 Y122.3 E.0143
G1 X124.661 Y122.231 E.01185
G1 X125.843 Y122.289 E.01664
G1 X126.848 Y122.483 E.01439
G1 X127.812 Y122.805 E.01429
G1 X128.688 Y123.231 E.0137
G1 X129.481 Y123.748 E.01331
G1 X130.205 Y124.356 E.0133
G1 X130.85 Y125.048 E.0133
G1 X131.065 Y125.301 E.00467
G1 X131.585 Y126.079 E.01316
G1 X132.07 Y127.063 E.01543
G1 X132.371 Y127.95 E.01317
G1 X132.375 Y127.97 E.00029
G1 X131.986 Y128.109 F9000
;TYPE:External perimeter
;WIDTH:0.419999
G1 F1040
G1 X132.17 Y129.026 E.01253
G1 X132.233 Y129.844 E.01099
G1 X132.173 Y130.945 E.01477
G1 X131.987 Y131.892 E.01293
G1 X131.679 Y132.804 E.0129
G1 X131.255 Y133.668 E.01289
G1 X130.722 Y134.47 E.0129
G1 X130.088 Y135.195 E.0129
G1 X129.366 Y135.831 E.01289
G1 X128.566 Y136.367 E.0129
G1 X127.704 Y136.794 E.01289
G1 X126.793 Y137.105 E.0129
G1 X125.878 Y137.289 E.0125
G1 X125.057 Y137.357 E.01104
G1 X124.087 Y137.307 E.01301
G1 X123.217 Y137.159 E.01182
G1 X122.046 Y136.794 E.01643
G1 X121.207 Y136.38 E.01254
G1 X120.384 Y135.831 E.01325
G1 X119.68 Y135.213 E.01255
G1 X119.044 Y134.491 E.01289
G1 X118.508 Y133.691 E.0129
G1 X118.081 Y132.829 E.01289
G1 X117.77 Y131.918 E.0129
G1 X117.576 Y130.936 E.01341
G1 X117.517 Y130.179 E.01017
G1 X117.577 Y129.055 E.01508
G1 X117.749 Y128.178 E.01197
G1 X118.025 Y127.329 E.01196
G1 X118.402 Y126.52 E.01196
G1 X119.044 Y125.509 E.01605
G1 X119.662 Y124.805 E.01255
G1 X120.069 Y124.446 E.00727
G1 X120.405 Y124.153 E.00597
G1 X121.184 Y123.633 E.01255
G1 X122.046 Y123.206 E.01289
G1 X122.957 Y122.895 E.0129
G1 X123.901 Y122.705 E.0129
G1 X124.693 Y122.643 E.01064
G1 X125.82 Y122.702 E.01512
G1 X126.767 Y122.888 E.01293
G1 X127.679 Y123.196 E.0129
G1 X128.505 Y123.601 E.01233
G1 X129.251 Y124.091 E.01196
G1 X129.933 Y124.667 E.01196
G1 X130.54 Y125.32 E.01195
G1 X130.722 Y125.53 E.00372
G1 X131.242 Y126.309 E.01255
G1 X131.679 Y127.196 E.01325
G1 X131.97 Y128.051 E.0121
G1 E-3.5 F3600
;WIPE_START
G1 F7200
G1 X131.986 Y128.109 E-.02858
G1 X132.17 Y129.026 E-.44426
G1 X132.233 Y129.844 E-.3897
G1 X132.173 Y130.945 E-.52375
G1 X132.127 Y131.18 E-.11371
;WIPE_END
G1 X133.507 Y131.562 F9000
G1 E5 F2400
;TYPE:Perimeter
;WIDTH:0.488948
G1 F1040
G1 X133.518 Y132.125 E.00884
;WIDTH:0.439999
G1 X133.518 Y133.954 E.02572
G1 X132.653 Y133.954 E.01216
;WIDTH:0.481342
G1 X132.083 Y134.1 E.00908
;WIDTH:0.50483
G1 X131.964 Y134.173 E.00226
G1 X132.023 Y134.047 E.00226
;WIDTH:0.481342
G1 X132.471 Y133.073 E.01655
;WIDTH:0.439999
G1 X132.807 Y132.055 E.01508
;WIDTH:0.484023
G1 X133.03 Y130.991 E.01688
G1 X133.074 Y129.889 E.01713
;WIDTH:0.455306
G1 X133.073 Y129.753 E.00198
;WIDTH:0.495608
G1 X133.017 Y128.858 E.01427
G1 X132.894 Y128.336 E.00853
;WIDTH:0.467804
G1 X132.772 Y127.814 E.00803
;WIDTH:0.439999
G1 X132.471 Y126.927 E.01317
G1 X132.314 Y126.59 E.00523
;WIDTH:0.478578
G1 X131.889 Y125.738 E.01461
G1 X132.09 Y125.888 E.00385
;WIDTH:0.453461
G1 X132.653 Y126.046 E.00849
;WIDTH:0.439999
G1 X133.518 Y126.046 E.01216
G1 X133.518 Y126.611 E.00795
G1 X133.518 Y127.875 E.01778
;WIDTH:0.485001
G1 X133.496 Y128.966 E.01698
G1 X133.511 Y129.901 E.01455
;WIDTH:0.484023
G1 X133.496 Y131.004 E.01713
;WIDTH:0.488948
G1 X133.506 Y131.502 E.00782
G1 E-3.5 F3600
;WIPE_START
G1 F7200
G1 X133.507 Y131.562 E-.0285
G1 X133.518 Y132.125 E-.26748
G1 X133.518 Y133.954 E-.86878
G1 X132.812 Y133.954 E-.33524
;WIPE_END
G1 X131.964 Y134.173 F9000
G1 E5 F2400
;WIDTH:0.50483
G1 F1040
G1 X131.689 Y134.553 E.00761
;WIDTH:0.469449
G1 X131.414 Y134.932 E.00704
;WIDTH:0.435336
G1 X130.715 Y135.744 E.0149
;WIDTH:0.437194
G1 X129.916 Y136.458 E.01497
;WIDTH:0.439642
G1 X129.03 Y137.062 E.01507
;WIDTH:0.442684
G1 X128.074 Y137.545 E.01516
;WIDTH:0.446308
G1 X127.062 Y137.9 E.01531
;WIDTH:0.450298
G1 X126.042 Y138.114 E.01501
G1 X125.122 Y138.192 E.0133
;WIDTH:0.45848
G1 X124.041 Y138.151 E.01588
;WIDTH:0.458798
G1 X123.052 Y137.988 E.01472
;WIDTH:0.460448
G1 X122.091 Y137.705 E.01477
;WIDTH:0.461508
G1 X121.171 Y137.307 E.01481
G1 X120.721 Y137.059 E.00759
;WIDTH:0.433446
G1 X119.943 Y136.539 E.01296
;WIDTH:0.461854
G1 X119.511 Y136.191 E.0082
G1 X119.132 Y135.839 E.00765
;WIDTH:0.433724
G1 X118.418 Y135.04 E.01485
;WIDTH:0.434748
G1 X117.815 Y134.154 E.01489
;WIDTH:0.436364
G1 X117.333 Y133.197 E.01494
;WIDTH:0.43857
G1 X116.979 Y132.186 E.01501
;WIDTH:0.44137
G1 X116.76 Y131.137 E.01512
G1 X116.686 Y130.247 E.0126
;WIDTH:0.448768
G1 X116.738 Y129.009 E.01779
;WIDTH:0.452388
G1 X116.923 Y128.013 E.01466
;WIDTH:0.455468
G1 X117.227 Y127.058 E.01461
;WIDTH:0.457948
G1 X117.644 Y126.147 E.01469
;WIDTH:0.459842
G1 X118.17 Y125.293 E.01477
;WIDTH:0.461146
G1 X118.795 Y124.51 E.01479
;WIDTH:0.461854
G1 X119.511 Y123.809 E.01482
G1 X119.943 Y123.461 E.0082
;WIDTH:0.433448
G1 X120.721 Y122.941 E.01296
;WIDTH:0.461508
G1 X121.171 Y122.693 E.00759
G1 X121.678 Y122.459 E.00825
;WIDTH:0.434252
G1 X122.69 Y122.106 E.01487
;WIDTH:0.43563
G1 X123.739 Y121.888 E.01491
G1 X124.628 Y121.813 E.01242
;WIDTH:0.44043
G1 X125.865 Y121.867 E.01743
;WIDTH:0.443286
G1 X126.93 Y122.067 E.01536
;WIDTH:0.447024
G1 X127.949 Y122.401 E.01533
;WIDTH:0.450954
G1 X128.877 Y122.847 E.01486
;WIDTH:0.45427
G1 X129.72 Y123.39 E.01458
;WIDTH:0.456998
G1 X130.49 Y124.032 E.01467
;WIDTH:0.459132
G1 X131.175 Y124.763 E.01473
;WIDTH:0.463666
G1 X131.807 Y125.628 E.01591
;WIDTH:0.478578
G1 X131.889 Y125.738 E.00211
G1 X132.391 Y125.527 F9000
;WIDTH:0.439999
G1 F1040
G1 X132.653 Y125.623 E.00392
G1 X133.941 Y125.623 E.01811
G1 X133.941 Y126.611 E.01389
G1 X133.941 Y134.377 E.10922
G1 X132.653 Y134.377 E.01811
G1 X132.322 Y134.474 E.00485
G1 X132.157 Y134.628 E.00317
G1 X131.509 Y135.514 E.01544
G1 X130.786 Y136.283 E.01484
G1 X129.974 Y136.957 E.01484
G1 X129.087 Y137.528 E.01484
G1 X128.136 Y137.986 E.01484
G1 X127.137 Y138.324 E.01483
G1 X126.103 Y138.538 E.01485
G1 X125.052 Y138.624 E.01483
G1 X123.997 Y138.581 E.01485
G1 X122.956 Y138.41 E.01484
G1 X121.944 Y138.113 E.01483
G1 X120.975 Y137.694 E.01485
G1 X120.065 Y137.16 E.01484
G1 X119.226 Y136.519 E.01485
G1 X118.473 Y135.781 E.01483
G1 X117.815 Y134.956 E.01484
G1 X117.262 Y134.057 E.01484
G1 X116.824 Y133.097 E.01484
G1 X116.506 Y132.091 E.01484
G1 X116.314 Y131.053 E.01485
G1 X116.249 Y130 E.01484
G1 X116.314 Y128.947 E.01484
G1 X116.506 Y127.909 E.01485
G1 X116.824 Y126.903 E.01484
G1 X117.262 Y125.943 E.01484
G1 X117.815 Y125.044 E.01484
G1 X118.473 Y124.219 E.01484
G1 X119.226 Y123.481 E.01483
G1 X120.065 Y122.84 E.01485
G1 X120.975 Y122.306 E.01484
G1 X121.944 Y121.887 E.01485
G1 X122.956 Y121.59 E.01483
G1 X123.997 Y121.419 E.01484
G1 X125.052 Y121.376 E.01485
G1 X126.103 Y121.462 E.01483
G1 X127.137 Y121.676 E.01485
G1 X128.136 Y122.014 E.01483
G1 X129.087 Y122.472 E.01484
G1 X129.974 Y123.043 E.01484
G1 X130.786 Y123.717 E.01484
G1 X131.49 Y124.467 E.01447
G1 X132.257 Y125.478 E.01785
G1 X132.334 Y125.506 E.00115
G1 X132.572 Y125.169 F9000
;TYPE:External perimeter
;WIDTH:0.419999
G1 F1040
G1 X132.653 Y125.21 E.00122
G1 X134.354 Y125.21 E.02279
G1 X134.354 Y126.611 E.01877
G1 X134.354 Y134.79 E.10958
G1 X132.653 Y134.79 E.02279
G1 X132.49 Y134.872 E.00244
G1 X131.827 Y135.778 E.01504
G1 X131.069 Y136.584 E.01482
G1 X130.219 Y137.291 E.01481
G1 X129.289 Y137.889 E.01481
G1 X128.292 Y138.369 E.01483
G1 X127.245 Y138.723 E.01481
G1 X126.162 Y138.947 E.01482
G1 X125.06 Y139.038 E.01482
G1 X123.955 Y138.993 E.01482
G1 X122.864 Y138.813 E.01482
G1 X121.803 Y138.502 E.01481
G1 X120.788 Y138.063 E.01482
G1 X119.834 Y137.504 E.01481
G1 X118.956 Y136.832 E.01481
G1 X118.166 Y136.058 E.01482
G1 X117.476 Y135.194 E.01481
G1 X116.897 Y134.251 E.01483
G1 X116.438 Y133.245 E.01482
G1 X116.105 Y132.191 E.01481
G1 X115.903 Y131.104 E.01481
G1 X115.835 Y130 E.01482
G1 X115.903 Y128.896 E.01482
G1 X116.105 Y127.809 E.01481
G1 X116.438 Y126.755 E.01481
G1 X116.897 Y125.749 E.01482
G1 X117.476 Y124.806 E.01483
G1 X118.166 Y123.942 E.01481
G1 X118.956 Y123.168 E.01482
G1 X119.834 Y122.496 E.01481
G1 X120.788 Y121.937 E.01481
G1 X121.803 Y121.498 E.01482
G1 X122.864 Y121.187 E.01481
G1 X123.955 Y121.007 E.01482
G1 X125.06 Y120.962 E.01482
G1 X126.162 Y121.053 E.01482
G1 X127.245 Y121.277 E.01482
G1 X128.292 Y121.631 E.01481
G1 X129.289 Y122.111 E.01483
G1 X130.219 Y122.709 E.01481
G1 X131.069 Y123.416 E.01481
G1 X131.827 Y124.222 E.01482
G1 X132.49 Y125.128 E.01504
G1 X132.518 Y125.142 E.00042
G1 X133.193 Y126.807 F9000
;TYPE:Internal infill
;WIDTH:0.44
G1 F1040
G1 X132.88 Y127.12 E.00623
G1 E-3.5 F3600
;WIPE_START
G1 F7200
G1 X133.193 Y126.807 E-.21026
;WIPE_END
G1 E-1.28974 F3600
G1 X132.88 Y132.88 F9000
G1 E5 F2400
G1 F1040
G1 X133.193 Y133.193 E.00623
G1 E-3.5 F3600
;WIPE_START
G1 F7200
G1 X132.88 Y132.88 E-.21026
;WIPE_END
G1 E-1.28974 F3600
G1 X143.28 Y133.905 F9000
G1 E5 F2400
;TYPE:Perimeter
;WIDTH:0.537754
G1 F1040
G1 X143.28 Y126.095 E.13523
G1 X143.752 Y125.623 F9000
;WIDTH:0.439999
G1 F1040
G1 X143.752 Y126.095 E.00664
G1 X143.752 Y134.377 E.11647
G1 X142.809 Y134.377 E.01326
G1 X142.809 Y125.623 E.12311
G1 X143.692 Y125.623 E.01242
G1 X144.165 Y125.21 F9000
;TYPE:External perimeter
;WIDTH:0.419999
G1 F1040
G1 X144.165 Y126.095 E.01186
G1 X144.165 Y134.79 E.1165
G1 X142.396 Y134.79 E.0237
G1 X142.396 Y125.21 E.12835
G1 X144.105 Y125.21 E.0229
;LAYER_CHANGE
;Z:4.92
;HEIGHT:0.0799999
;BEFORE_LAYER_CHANGE
G92 E0
;4.92


G1 E-3.5 F3600
;WIPE_START
G1 F7200
G1 X144.165 Y125.21 E-.0285
G1 X144.165 Y126.095 E-.42037
G1 X144.165 Y128.308 E-1.05113
;WIPE_END
G1 Z4.92 F9000
;AFTER_LAYER_CHANGE
;4.92
G1 X132.387 Y128.029
G1 E5 F2400
;TYPE:Perimeter
;WIDTH:0.439999
G1 F1039
G1 X132.575 Y128.946 E.01316
G1 X132.645 Y129.866 E.01298
G1 X132.586 Y130.968 E.01552
G1 X132.392 Y131.973 E.01439
G1 X132.07 Y132.937 E.01429
G1 X131.625 Y133.851 E.0143
G1 X131.065 Y134.699 E.01429
G1 X130.399 Y135.467 E.0143
G1 X129.638 Y136.141 E.0143
G1 X128.796 Y136.71 E.01429
G1 X127.886 Y137.165 E.01431
G1 X126.925 Y137.496 E.01429
G1 X125.959 Y137.694 E.01387
G1 X125.089 Y137.769 E.01228
G1 X124.065 Y137.719 E.01442
G1 X122.825 Y137.496 E.01772
G1 X121.938 Y137.195 E.01317
G1 X121.363 Y136.918 E.00898
G1 X120.954 Y136.71 E.00645
G1 X120.176 Y136.19 E.01316
G1 X119.408 Y135.524 E.0143
G1 X118.734 Y134.763 E.0143
G1 X118.165 Y133.921 E.01429
G1 X117.71 Y133.011 E.01431
G1 X117.379 Y132.05 E.01429
G1 X117.164 Y130.968 E.01551
G1 X117.106 Y130.214 E.01064
G1 X117.164 Y129.032 E.01664
G1 X117.344 Y128.097 E.01339
G1 X117.634 Y127.196 E.01331
G1 X118.032 Y126.338 E.0133
G1 X118.529 Y125.534 E.01329
G1 X118.734 Y125.237 E.00508
G1 X119.351 Y124.533 E.01316
G1 X119.797 Y124.135 E.00841
G1 X120.176 Y123.81 E.00702
G1 X120.954 Y123.29 E.01316
G1 X121.864 Y122.835 E.01431
G1 X122.825 Y122.504 E.01429
G1 X123.821 Y122.3 E.0143
G1 X124.661 Y122.231 E.01185
G1 X125.843 Y122.289 E.01664
G1 X126.848 Y122.483 E.01439
G1 X127.812 Y122.805 E.01429
G1 X128.688 Y123.231 E.0137
G1 X129.481 Y123.748 E.01331
G1 X130.205 Y124.356 E.0133
G1 X130.85 Y125.048 E.0133
G1 X131.065 Y125.301 E.00467
G1 X131.585 Y126.079 E.01316
G1 X132.07 Y127.063 E.01543
G1 X132.371 Y127.95 E.01317
G1 X132.375 Y127.97 E.00029
G1 X131.986 Y128.109 F9000
;TYPE:External perimeter
;WIDTH:0.419999
G1 F1039
G1 X132.17 Y129.026 E.01253
G1 X132.233 Y129.844 E.01099
G1 X132.173 Y130.945 E.01477
G1 X131.987 Y131.892 E.01293
G1 X131.679 Y132.804 E.0129
G1 X131.255 Y133.668 E.01289
G1 X130.722 Y134.47 E.0129
G1 X130.088 Y135.195 E.0129
G1 X129.366 Y135.831 E.01289
G1 X128.566 Y136.367 E.0129
G1 X127.704 Y136.794 E.01289
G1 X126.793 Y137.105 E.0129
G1 X125.878 Y137.289 E.0125
G1 X125.057 Y137.357 E.01104
G1 X124.087 Y137.307 E.01301
G1 X123.217 Y137.159 E.01182
G1 X122.046 Y136.794 E.01643
G1 X121.207 Y136.38 E.01254
G1 X120.384 Y135.831 E.01325
G1 X119.68 Y135.213 E.01255
G1 X119.044 Y134.491 E.01289
G1 X118.508 Y133.691 E.0129
G1 X118.081 Y132.829 E.01289
G1 X117.77 Y131.918 E.0129
G1 X117.576 Y130.936 E.01341
G1 X117.517 Y130.179 E.01017
G1 X117.577 Y129.055 E.01508
G1 X117.749 Y128.178 E.01197
G1 X118.025 Y127.329 E.01196
G1 X118.402 Y126.52 E.01196
G1 X119.044 Y125.509 E.01605
G1 X119.662 Y124.805 E.01255
G1 X120.069 Y124.446 E.00727
G1 X120.405 Y124.153 E.00597
G1 X121.184 Y123.633 E.01255
G1 X122.046 Y123.206 E.01289
G1 X122.957 Y122.895 E.0129
G1 X123.901 Y122.705 E.0129
G1 X124.693 Y122.643 E.01064
G1 X125.82 Y122.702 E.01512
G1 X126.767 Y122.888 E.01293
G1 X127.679 Y123.196 E.0129
G1 X128.505 Y123.601 E.01233
G1 X129.251 Y124.091 E.01196
G1 X129.933 Y124.667 E.01196
G1 X130.54 Y125.32 E.01195
G1 X130.722 Y125.53 E.00372
G1 X131.242 Y126.309 E.01255
G1 X131.679 Y127.196 E.01325
G1 X131.97 Y128.051 E.0121
G1 E-3.5 F3600
;WIPE_START
G1 F7200
G1 X131.986 Y128.109 E-.02858
G1 X132.17 Y129.026 E-.44426
G1 X132.233 Y129.844 E-.3897
G1 X132.173 Y130.945 E-.52375
G1 X132.127 Y131.18 E-.11371
;WIPE_END
G1 X133.484 Y131.503 F9000
G1 E5 F2400
;TYPE:Perimeter
;WIDTH:0.476691
G1 F1039
G1 X133.492 Y132.123 E.00948
;WIDTH:0.439999
G1 X133.492 Y133.954 E.02575
G1 X132.653 Y133.954 E.0118
;WIDTH:0.481342
G1 X132.083 Y134.1 E.00908
;WIDTH:0.50483
G1 X131.964 Y134.173 E.00226
G1 X132.023 Y134.047 E.00226
;WIDTH:0.481342
G1 X132.471 Y133.073 E.01655
;WIDTH:0.439999
G1 X132.807 Y132.055 E.01508
;WIDTH:0.470841
G1 X133.023 Y130.991 E.01638
G1 X133.068 Y129.889 E.01664
;WIDTH:0.442114
G1 X133.067 Y129.753 E.00192
;WIDTH:0.482308
G1 X133.01 Y128.859 E.01386
G1 X132.772 Y127.814 E.01658
;WIDTH:0.439999
G1 X132.471 Y126.927 E.01317
G1 X132.314 Y126.59 E.00523
;WIDTH:0.478578
G1 X131.889 Y125.738 E.01461
G1 X132.09 Y125.888 E.00385
;WIDTH:0.453461
G1 X132.653 Y126.046 E.00849
;WIDTH:0.439999
G1 X133.492 Y126.046 E.0118
G1 X133.492 Y126.6 E.00779
G1 X133.492 Y127.877 E.01796
;WIDTH:0.471809
G1 X133.476 Y128.967 E.01648
G1 X133.491 Y129.9 E.01411
;WIDTH:0.470841
G1 X133.477 Y131.003 E.01664
;WIDTH:0.476691
G1 X133.483 Y131.443 E.00673
G1 E-3.5 F3600
;WIPE_START
G1 F7200
G1 X133.484 Y131.503 E-.0285
G1 X133.492 Y132.123 E-.29452
G1 X133.492 Y133.954 E-.86973
G1 X132.845 Y133.954 E-.30725
;WIPE_END
G1 X131.964 Y134.173 F9000
G1 E5 F2400
;WIDTH:0.50483
G1 F1039
G1 X131.689 Y134.553 E.00761
;WIDTH:0.469449
G1 X131.414 Y134.932 E.00704
;WIDTH:0.435334
G1 X130.715 Y135.744 E.0149
;WIDTH:0.437192
G1 X129.916 Y136.458 E.01497
;WIDTH:0.43964
G1 X129.03 Y137.062 E.01507
;WIDTH:0.442682
G1 X128.074 Y137.545 E.01516
;WIDTH:0.446308
G1 X127.062 Y137.9 E.01531
;WIDTH:0.450298
G1 X126.042 Y138.114 E.01501
G1 X125.122 Y138.192 E.0133
;WIDTH:0.45848
G1 X124.041 Y138.151 E.01588
;WIDTH:0.458798
G1 X123.052 Y137.988 E.01472
;WIDTH:0.460448
G1 X122.091 Y137.705 E.01477
;WIDTH:0.461508
G1 X121.171 Y137.307 E.01481
G1 X120.721 Y137.059 E.00759
;WIDTH:0.433448
G1 X119.943 Y136.539 E.01296
;WIDTH:0.461856
G1 X119.511 Y136.191 E.0082
G1 X119.132 Y135.839 E.00765
;WIDTH:0.433724
G1 X118.418 Y135.04 E.01485
;WIDTH:0.434748
G1 X117.815 Y134.154 E.01489
;WIDTH:0.436364
G1 X117.333 Y133.197 E.01494
;WIDTH:0.43857
G1 X116.979 Y132.186 E.01501
;WIDTH:0.44137
G1 X116.76 Y131.137 E.01512
G1 X116.686 Y130.247 E.0126
;WIDTH:0.448768
G1 X116.738 Y129.009 E.01779
;WIDTH:0.45239
G1 X116.923 Y128.013 E.01466
;WIDTH:0.455468
G1 X117.227 Y127.058 E.01461
;WIDTH:0.457948
G1 X117.644 Y126.147 E.01469
;WIDTH:0.459842
G1 X118.17 Y125.293 E.01477
;WIDTH:0.461144
G1 X118.795 Y124.51 E.01479
;WIDTH:0.461856
G1 X119.511 Y123.809 E.01482
G1 X119.943 Y123.461 E.0082
;WIDTH:0.433448
G1 X120.721 Y122.941 E.01296
;WIDTH:0.461508
G1 X121.171 Y122.693 E.00759
G1 X121.678 Y122.459 E.00825
;WIDTH:0.434254
G1 X122.69 Y122.106 E.01487
;WIDTH:0.43563
G1 X123.739 Y121.888 E.01491
G1 X124.628 Y121.813 E.01242
;WIDTH:0.44043
G1 X125.865 Y121.867 E.01743
;WIDTH:0.443286
G1 X126.93 Y122.067 E.01536
;WIDTH:0.447022
G1 X127.949 Y122.401 E.01533
;WIDTH:0.450952
G1 X128.877 Y122.847 E.01485
;WIDTH:0.45427
G1 X129.72 Y123.39 E.01458
;WIDTH:0.456998
G1 X130.49 Y124.032 E.01467
;WIDTH:0.459132
G1 X131.175 Y124.763 E.01473
;WIDTH:0.463666
G1 X131.807 Y125.628 E.01591
;WIDTH:0.478578
G1 X131.889 Y125.738 E.00211
G1 X132.391 Y125.527 F9000
;WIDTH:0.439999
G1 F1039
G1 X132.653 Y125.623 E.00392
G1 X133.915 Y125.623 E.01775
G1 X133.915 Y126.6 E.01374
G1 X133.915 Y134.377 E.10937
G1 X132.653 Y134.377 E.01775
G1 X132.322 Y134.474 E.00485
G1 X132.157 Y134.628 E.00317
G1 X131.509 Y135.514 E.01544
G1 X130.786 Y136.283 E.01484
G1 X129.974 Y136.957 E.01484
G1 X129.087 Y137.528 E.01484
G1 X128.136 Y137.986 E.01484
G1 X127.137 Y138.324 E.01483
G1 X126.103 Y138.538 E.01485
G1 X125.052 Y138.624 E.01483
G1 X123.997 Y138.581 E.01485
G1 X122.956 Y138.41 E.01484
G1 X121.944 Y138.113 E.01483
G1 X120.975 Y137.694 E.01485
G1 X120.065 Y137.16 E.01484
G1 X119.226 Y136.519 E.01485
G1 X118.473 Y135.781 E.01483
G1 X117.815 Y134.956 E.01484
G1 X117.262 Y134.057 E.01484
G1 X116.824 Y133.097 E.01484
G1 X116.506 Y132.091 E.01484
G1 X116.314 Y131.053 E.01485
G1 X116.249 Y130 E.01484
G1 X116.314 Y128.947 E.01484
G1 X116.506 Y127.909 E.01485
G1 X116.824 Y126.903 E.01484
G1 X117.262 Y125.943 E.01484
G1 X117.815 Y125.044 E.01484
G1 X118.473 Y124.219 E.01484
G1 X119.226 Y123.481 E.01483
G1 X120.065 Y122.84 E.01485
G1 X120.975 Y122.306 E.01484
G1 X121.944 Y121.887 E.01485
G1 X122.956 Y121.59 E.01483
G1 X123.997 Y121.419 E.01484
G1 X125.052 Y121.376 E.01485
G1 X126.103 Y121.462 E.01483
G1 X127.137 Y121.676 E.01485
G1 X128.136 Y122.014 E.01483
G1 X129.087 Y122.472 E.01484
G1 X129.974 Y123.043 E.01484
G1 X130.786 Y123.717 E.01484
G1 X131.49 Y124.467 E.01447
G1 X132.257 Y125.478 E.01785
G1 X132.334 Y125.506 E.00115
G1 X132.572 Y125.169 F9000
;TYPE:External perimeter
;WIDTH:0.419999
G1 F1039
G1 X132.653 Y125.21 E.00122
G1 X134.328 Y125.21 E.02244
G1 X134.328 Y126.6 E.01862
G1 X134.328 Y134.79 E.10973
G1 X132.653 Y134.79 E.02244
G1 X132.49 Y134.872 E.00244
G1 X131.827 Y135.778 E.01504
G1 X131.069 Y136.584 E.01482
G1 X130.219 Y137.291 E.01481
G1 X129.289 Y137.889 E.01481
G1 X128.292 Y138.369 E.01483
G1 X127.245 Y138.723 E.01481
G1 X126.162 Y138.947 E.01482
G1 X125.06 Y139.038 E.01482
G1 X123.955 Y138.993 E.01482
G1 X122.864 Y138.813 E.01482
G1 X121.803 Y138.502 E.01481
G1 X120.788 Y138.063 E.01482
G1 X119.834 Y137.504 E.01481
G1 X118.956 Y136.832 E.01481
G1 X118.166 Y136.058 E.01482
G1 X117.476 Y135.194 E.01481
G1 X116.897 Y134.251 E.01483
G1 X116.438 Y133.245 E.01482
G1 X116.105 Y132.191 E.01481
G1 X115.903 Y131.104 E.01481
G1 X115.835 Y130 E.01482
G1 X115.903 Y128.896 E.01482
G1 X116.105 Y127.809 E.01481
G1 X116.438 Y126.755 E.01481
G1 X116.897 Y125.749 E.01482
G1 X117.476 Y124.806 E.01483
G1 X118.166 Y123.942 E.01481
G1 X118.956 Y123.168 E.01482
G1 X119.834 Y122.496 E.01481
G1 X120.788 Y121.937 E.01481
G1 X121.803 Y121.498 E.01482
G1 X122.864 Y121.187 E.01481
G1 X123.955 Y121.007 E.01482
G1 X125.06 Y120.962 E.01482
G1 X126.162 Y121.053 E.01482
G1 X127.245 Y121.277 E.01482
G1 X128.292 Y121.631 E.01481
G1 X129.289 Y122.111 E.01483
G1 X130.219 Y122.709 E.01481
G1 X131.069 Y123.416 E.01481
G1 X131.827 Y124.222 E.01482
G1 X132.49 Y125.128 E.01504
G1 X132.518 Y125.142 E.00042
G1 X133.167 Y126.833 F9000
;TYPE:Internal infill
;WIDTH:0.44
G1 F1039
G1 X132.877 Y127.123 E.00577
G1 E-3.5 F3600
;WIPE_START
G1 F7200
G1 X133.167 Y126.833 E-.19481
;WIPE_END
G1 E-1.30519 F3600
G1 X132.88 Y132.88 F9000
G1 E5 F2400
G1 F1039
G1 X133.167 Y133.167 E.00571
G1 E-3.5 F3600
;WIPE_START
G1 F7200
G1 X132.88 Y132.88 E-.19279
;WIPE_END
G1 E-1.30721 F3600
G1 X143.294 Y133.919 F9000
G1 E5 F2400
;TYPE:Perimeter
;WIDTH:0.511408
G1 F1039
G1 X143.294 Y126.081 E.12884
G1 X143.752 Y125.623 F9000
;WIDTH:0.439999
G1 F1039
G1 X143.752 Y126.081 E.00644
G1 X143.752 Y134.377 E.11667
G1 X142.835 Y134.377 E.0129
G1 X142.835 Y125.623 E.12311
G1 X143.692 Y125.623 E.01205
G1 X144.165 Y125.21 F9000
;TYPE:External perimeter
;WIDTH:0.419999
G1 F1039
G1 X144.165 Y126.081 E.01167
G1 X144.165 Y134.79 E.11669
G1 X142.422 Y134.79 E.02335
G1 X142.422 Y125.21 E.12835
G1 X144.105 Y125.21 E.02255
;LAYER_CHANGE
;Z:5
;HEIGHT:0.0799999
;BEFORE_LAYER_CHANGE
G92 E0
;5


G1 E-3.5 F3600
;WIPE_START
G1 F7200
G1 X144.165 Y125.21 E-.0285
G1 X144.165 Y126.081 E-.41372
G1 X144.165 Y128.308 E-1.05778
;WIPE_END
G1 Z5 F9000
;AFTER_LAYER_CHANGE
;5
G1 X132.387 Y128.029
G1 E5 F2400
;TYPE:Perimeter
;WIDTH:0.439999
G1 F1038
G1 X132.575 Y128.946 E.01316
G1 X132.645 Y129.866 E.01298
G1 X132.586 Y130.968 E.01552
G1 X132.392 Y131.973 E.01439
G1 X132.07 Y132.937 E.01429
G1 X131.625 Y133.851 E.0143
G1 X131.065 Y134.699 E.01429
G1 X130.399 Y135.467 E.0143
G1 X129.638 Y136.141 E.0143
G1 X128.796 Y136.71 E.01429
G1 X127.886 Y137.165 E.01431
G1 X126.925 Y137.496 E.01429
G1 X125.959 Y137.694 E.01387
G1 X125.089 Y137.769 E.01228
G1 X124.065 Y137.719 E.01442
G1 X122.825 Y137.496 E.01772
G1 X121.938 Y137.195 E.01317
G1 X121.363 Y136.918 E.00898
G1 X120.954 Y136.71 E.00645
G1 X120.176 Y136.19 E.01316
G1 X119.408 Y135.524 E.0143
G1 X118.734 Y134.763 E.0143
G1 X118.165 Y133.921 E.01429
G1 X117.71 Y133.011 E.01431
G1 X117.379 Y132.05 E.01429
G1 X117.164 Y130.968 E.01551
G1 X117.106 Y130.214 E.01064
G1 X117.164 Y129.032 E.01664
G1 X117.344 Y128.097 E.01339
G1 X117.634 Y127.196 E.01331
G1 X118.032 Y126.338 E.0133
G1 X118.529 Y125.534 E.01329
G1 X118.734 Y125.237 E.00508
G1 X119.351 Y124.533 E.01316
G1 X119.797 Y124.135 E.00841
G1 X120.176 Y123.81 E.00702
G1 X120.954 Y123.29 E.01316
G1 X121.864 Y122.835 E.01431
G1 X122.825 Y122.504 E.01429
G1 X123.821 Y122.3 E.0143
G1 X124.661 Y122.231 E.01185
G1 X125.843 Y122.289 E.01664
G1 X126.848 Y122.483 E.01439
G1 X127.812 Y122.805 E.01429
G1 X128.688 Y123.231 E.0137
G1 X129.481 Y123.748 E.01331
G1 X130.205 Y124.356 E.0133
G1 X130.85 Y125.048 E.0133
G1 X131.065 Y125.301 E.00467
G1 X131.585 Y126.079 E.01316
G1 X132.07 Y127.063 E.01543
G1 X132.371 Y127.95 E.01317
G1 X132.375 Y127.97 E.00029
G1 X131.986 Y128.109 F9000
;TYPE:External perimeter
;WIDTH:0.419999
G1 F1038
G1 X132.17 Y129.026 E.01253
G1 X132.233 Y129.844 E.01099
G1 X132.173 Y130.945 E.01477
G1 X131.987 Y131.892 E.01293
G1 X131.679 Y132.804 E.0129
G1 X131.255 Y133.668 E.01289
G1 X130.722 Y134.47 E.0129
G1 X130.088 Y135.195 E.0129
G1 X129.366 Y135.831 E.01289
G1 X128.566 Y136.367 E.0129
G1 X127.704 Y136.794 E.01289
G1 X126.793 Y137.105 E.0129
G1 X125.878 Y137.289 E.0125
G1 X125.057 Y137.357 E.01104
G1 X124.087 Y137.307 E.01301
G1 X123.217 Y137.159 E.01182
G1 X122.046 Y136.794 E.01643
G1 X121.207 Y136.38 E.01254
G1 X120.384 Y135.831 E.01325
G1 X119.68 Y135.213 E.01255
G1 X119.044 Y134.491 E.01289
G1 X118.508 Y133.691 E.0129
G1 X118.081 Y132.829 E.01289
G1 X117.77 Y131.918 E.0129
G1 X117.576 Y130.936 E.01341
G1 X117.517 Y130.179 E.01017
G1 X117.577 Y129.055 E.01508
G1 X117.749 Y128.178 E.01197
G1 X118.025 Y127.329 E.01196
G1 X118.402 Y126.52 E.01196
G1 X119.044 Y125.509 E.01605
G1 X119.662 Y124.805 E.01255
G1 X120.069 Y124.446 E.00727
G1 X120.405 Y124.153 E.00597
G1 X121.184 Y123.633 E.01255
G1 X122.046 Y123.206 E.01289
G1 X122.957 Y122.895 E.0129
G1 X123.901 Y122.705 E.0129
G1 X124.693 Y122.643 E.01064
G1 X125.82 Y122.702 E.01512
G1 X126.767 Y122.888 E.01293
G1 X127.679 Y123.196 E.0129
G1 X128.505 Y123.601 E.01233
G1 X129.251 Y124.091 E.01196
G1 X129.933 Y124.667 E.01196
G1 X130.54 Y125.32 E.01195
G1 X130.722 Y125.53 E.00372
G1 X131.242 Y126.309 E.01255
G1 X131.679 Y127.196 E.01325
G1 X131.97 Y128.051 E.0121
G1 E-3.5 F3600
;WIPE_START
G1 F7200
G1 X131.986 Y128.109 E-.02858
G1 X132.17 Y129.026 E-.44426
G1 X132.233 Y129.844 E-.3897
G1 X132.173 Y130.945 E-.52375
G1 X132.127 Y131.18 E-.11371
;WIPE_END
G1 X133.469 Y131.466 F9000
G1 E5 F2400
;TYPE:Perimeter
;WIDTH:0.469133
G1 F1038
G1 X133.476 Y132.121 E.00985
;WIDTH:0.439999
G1 X133.476 Y133.954 E.02578
G1 X132.653 Y133.954 E.01157
;WIDTH:0.481342
G1 X132.083 Y134.1 E.00908
;WIDTH:0.50483
G1 X131.964 Y134.173 E.00226
G1 X132.023 Y134.047 E.00226
;WIDTH:0.481342
G1 X132.471 Y133.073 E.01655
;WIDTH:0.439999
G1 X132.807 Y132.055 E.01508
;WIDTH:0.462724
G1 X133.019 Y130.991 E.01608
G1 X133.064 Y129.889 E.01634
;WIDTH:0.433991
G1 X133.063 Y129.753 E.00189
;WIDTH:0.474118
G1 X133.006 Y128.86 E.0136
G1 X132.772 Y127.814 E.01629
;WIDTH:0.439999
G1 X132.471 Y126.927 E.01317
G1 X132.314 Y126.59 E.00523
;WIDTH:0.478578
G1 X131.889 Y125.738 E.01461
G1 X132.09 Y125.888 E.00385
;WIDTH:0.453461
G1 X132.653 Y126.046 E.00849
;WIDTH:0.439999
G1 X133.476 Y126.046 E.01157
G1 X133.476 Y126.594 E.00771
G1 X133.476 Y127.879 E.01807
;WIDTH:0.463686
G1 X133.464 Y128.968 E.01617
G1 X133.479 Y129.9 E.01384
;WIDTH:0.462724
G1 X133.464 Y131.003 E.01635
;WIDTH:0.469133
G1 X133.469 Y131.406 E.00606
G1 E-3.5 F3600
;WIPE_START
G1 F7200
G1 X133.469 Y131.466 E-.0285
G1 X133.476 Y132.121 E-.31114
G1 X133.476 Y133.954 E-.87067
G1 X132.866 Y133.954 E-.28969
;WIPE_END
G1 X131.964 Y134.173 F9000
G1 E5 F2400
;WIDTH:0.50483
G1 F1038
G1 X131.689 Y134.553 E.00761
;WIDTH:0.469449
G1 X131.414 Y134.932 E.00704
;WIDTH:0.435336
G1 X130.715 Y135.744 E.0149
;WIDTH:0.437196
G1 X129.916 Y136.458 E.01497
;WIDTH:0.439642
G1 X129.03 Y137.062 E.01507
;WIDTH:0.442682
G1 X128.074 Y137.545 E.01516
;WIDTH:0.446308
G1 X127.062 Y137.9 E.01531
;WIDTH:0.450298
G1 X126.042 Y138.114 E.01501
G1 X125.122 Y138.192 E.0133
;WIDTH:0.45848
G1 X124.041 Y138.151 E.01588
;WIDTH:0.458798
G1 X123.052 Y137.988 E.01472
;WIDTH:0.460448
G1 X122.091 Y137.705 E.01477
;WIDTH:0.461508
G1 X121.171 Y137.307 E.01481
G1 X120.721 Y137.059 E.00759
;WIDTH:0.433446
G1 X119.943 Y136.539 E.01296
;WIDTH:0.461856
G1 X119.511 Y136.191 E.0082
G1 X119.132 Y135.839 E.00765
;WIDTH:0.433724
G1 X118.418 Y135.04 E.01485
;WIDTH:0.434746
G1 X117.815 Y134.154 E.01488
;WIDTH:0.436364
G1 X117.333 Y133.197 E.01494
;WIDTH:0.43857
G1 X116.979 Y132.186 E.01501
;WIDTH:0.441368
G1 X116.76 Y131.137 E.01512
G1 X116.686 Y130.247 E.0126
;WIDTH:0.448768
G1 X116.738 Y129.009 E.01779
;WIDTH:0.45239
G1 X116.923 Y128.013 E.01466
;WIDTH:0.455468
G1 X117.227 Y127.058 E.01461
;WIDTH:0.457948
G1 X117.644 Y126.147 E.01469
;WIDTH:0.459842
G1 X118.17 Y125.293 E.01477
;WIDTH:0.461146
G1 X118.795 Y124.51 E.01479
;WIDTH:0.461856
G1 X119.511 Y123.809 E.01482
G1 X119.943 Y123.461 E.0082
;WIDTH:0.433448
G1 X120.721 Y122.941 E.01296
;WIDTH:0.461508
G1 X121.171 Y122.693 E.00759
G1 X121.678 Y122.459 E.00825
;WIDTH:0.434252
G1 X122.69 Y122.106 E.01487
;WIDTH:0.43563
G1 X123.739 Y121.888 E.01491
G1 X124.628 Y121.813 E.01242
;WIDTH:0.44043
G1 X125.865 Y121.867 E.01743
;WIDTH:0.443286
G1 X126.93 Y122.067 E.01536
;WIDTH:0.447024
G1 X127.949 Y122.401 E.01533
;WIDTH:0.450954
G1 X128.877 Y122.847 E.01486
;WIDTH:0.45427
G1 X129.72 Y123.39 E.01458
;WIDTH:0.456998
G1 X130.49 Y124.032 E.01467
;WIDTH:0.459132
G1 X131.175 Y124.763 E.01473
;WIDTH:0.463666
G1 X131.807 Y125.628 E.01591
;WIDTH:0.478578
G1 X131.889 Y125.738 E.00211
G1 X132.391 Y125.527 F9000
;WIDTH:0.439999
G1 F1038
G1 X132.653 Y125.623 E.00392
G1 X133.899 Y125.623 E.01752
G1 X133.899 Y126.594 E.01366
G1 X133.899 Y134.377 E.10946
G1 X132.653 Y134.377 E.01752
G1 X132.322 Y134.474 E.00485
G1 X132.157 Y134.628 E.00317
G1 X131.509 Y135.514 E.01544
G1 X130.786 Y136.283 E.01484
G1 X129.974 Y136.957 E.01484
G1 X129.087 Y137.528 E.01484
G1 X128.136 Y137.986 E.01484
G1 X127.137 Y138.324 E.01483
G1 X126.103 Y138.538 E.01485
G1 X125.052 Y138.624 E.01483
G1 X123.997 Y138.581 E.01485
G1 X122.956 Y138.41 E.01484
G1 X121.944 Y138.113 E.01483
G1 X120.975 Y137.694 E.01485
G1 X120.065 Y137.16 E.01484
G1 X119.226 Y136.519 E.01485
G1 X118.473 Y135.781 E.01483
G1 X117.815 Y134.956 E.01484
G1 X117.262 Y134.057 E.01484
G1 X116.824 Y133.097 E.01484
G1 X116.506 Y132.091 E.01484
G1 X116.314 Y131.053 E.01485
G1 X116.249 Y130 E.01484
G1 X116.314 Y128.947 E.01484
G1 X116.506 Y127.909 E.01485
G1 X116.824 Y126.903 E.01484
G1 X117.262 Y125.943 E.01484
G1 X117.815 Y125.044 E.01484
G1 X118.473 Y124.219 E.01484
G1 X119.226 Y123.481 E.01483
G1 X120.065 Y122.84 E.01485
G1 X120.975 Y122.306 E.01484
G1 X121.944 Y121.887 E.01485
G1 X122.956 Y121.59 E.01483
G1 X123.997 Y121.419 E.01484
G1 X125.052 Y121.376 E.01485
G1 X126.103 Y121.462 E.01483
G1 X127.137 Y121.676 E.01485
G1 X128.136 Y122.014 E.01483
G1 X129.087 Y122.472 E.01484
G1 X129.974 Y123.043 E.01484
G1 X130.786 Y123.717 E.01484
G1 X131.49 Y124.467 E.01447
G1 X132.257 Y125.478 E.01785
G1 X132.334 Y125.506 E.00115
G1 X132.572 Y125.169 F9000
;TYPE:External perimeter
;WIDTH:0.419999
G1 F1038
G1 X132.653 Y125.21 E.00122
G1 X134.312 Y125.21 E.02223
G1 X134.312 Y126.594 E.01854
G1 X134.312 Y134.79 E.10981
G1 X132.653 Y134.79 E.02223
G1 X132.49 Y134.872 E.00244
G1 X131.827 Y135.778 E.01504
G1 X131.069 Y136.584 E.01482
G1 X130.219 Y137.291 E.01481
G1 X129.289 Y137.889 E.01481
G1 X128.292 Y138.369 E.01483
G1 X127.245 Y138.723 E.01481
G1 X126.162 Y138.947 E.01482
G1 X125.06 Y139.038 E.01482
G1 X123.955 Y138.993 E.01482
G1 X122.864 Y138.813 E.01482
G1 X121.803 Y138.502 E.01481
G1 X120.788 Y138.063 E.01482
G1 X119.834 Y137.504 E.01481
G1 X118.956 Y136.832 E.01481
G1 X118.166 Y136.058 E.01482
G1 X117.476 Y135.194 E.01481
G1 X116.897 Y134.251 E.01483
G1 X116.438 Y133.245 E.01482
G1 X116.105 Y132.191 E.01481
G1 X115.903 Y131.104 E.01481
G1 X115.835 Y130 E.01482
G1 X115.903 Y128.896 E.01482
G1 X116.105 Y127.809 E.01481
G1 X116.438 Y126.755 E.01481
G1 X116.897 Y125.749 E.01482
G1 X117.476 Y124.806 E.01483
G1 X118.166 Y123.942 E.01481
G1 X118.956 Y123.168 E.01482
G1 X119.834 Y122.496 E.01481
G1 X120.788 Y121.937 E.01481
G1 X121.803 Y121.498 E.01482
G1 X122.864 Y121.187 E.01481
G1 X123.955 Y121.007 E.01482
G1 X125.06 Y120.962 E.01482
G1 X126.162 Y121.053 E.01482
G1 X127.245 Y121.277 E.01482
G1 X128.292 Y121.631 E.01481
G1 X129.289 Y122.111 E.01483
G1 X130.219 Y122.709 E.01481
G1 X131.069 Y123.416 E.01481
G1 X131.827 Y124.222 E.01482
G1 X132.49 Y125.128 E.01504
G1 X132.518 Y125.142 E.00042
G1 X133.15 Y126.85 F9000
;TYPE:Internal infill
;WIDTH:0.44
G1 F1038
G1 X132.88 Y127.12 E.00537
G1 E-3.5 F3600
;WIPE_START
G1 F7200
G1 X133.15 Y126.85 E-.18137
;WIPE_END
G1 E-1.31863 F3600
G1 X132.88 Y132.88 F9000
G1 E5 F2400
G1 F1038
G1 X133.15 Y133.15 E.00537
G1 E-3.5 F3600
;WIPE_START
G1 F7200
G1 X132.88 Y132.88 E-.18137
;WIPE_END
G1 E-1.31863 F3600
G1 X143.302 Y133.927 F9000
G1 E5 F2400
;TYPE:Perimeter
;WIDTH:0.495186
G1 F1038
G1 X143.302 Y126.073 E.12487
G1 X142.851 Y125.623 F9000
;WIDTH:0.439999
G1 F1038
G1 X143.752 Y125.623 E.01267
G1 X143.752 Y126.073 E.00633
G1 X143.752 Y134.377 E.11678
G1 X142.851 Y134.377 E.01267
G1 X142.851 Y125.683 E.12227
G1 X142.438 Y125.21 F9000
;TYPE:External perimeter
;WIDTH:0.419999
G1 F1038
G1 X144.165 Y125.21 E.02314
G1 X144.165 Y126.073 E.01156
G1 X144.165 Y134.79 E.11679
G1 X142.438 Y134.79 E.02314
G1 X142.438 Y125.27 E.12755
;LAYER_CHANGE
;Z:5.08
;HEIGHT:0.0799999
;BEFORE_LAYER_CHANGE
G92 E0
;5.08


G1 E-3.5 F3600
;WIPE_START
G1 F7200
G1 X142.438 Y125.21 E-.0285
G1 X144.165 Y125.21 E-.82032
G1 X144.165 Y126.073 E-.40992
G1 X144.165 Y126.581 E-.24126
;WIPE_END
G1 Z5.08 F9000
;AFTER_LAYER_CHANGE
;5.08
G1 X132.529 Y129.864
G1 E5 F2400
;TYPE:Perimeter
;WIDTH:0.439999
G1 F1035
G1 X132.52 Y129.882 E.00028
G1 X132.355 Y130 E.00285
G1 X132.52 Y130.118 E.00285
G1 X132.59 Y130.247 E.00206
G1 X132.63 Y130.535 E.00409
G1 X132.577 Y131.041 E.00716
G1 X132.392 Y131.973 E.01336
G1 X132.07 Y132.937 E.01429
G1 X131.625 Y133.851 E.0143
G1 X131.065 Y134.699 E.01429
G1 X130.399 Y135.467 E.0143
G1 X129.638 Y136.141 E.0143
G1 X128.796 Y136.71 E.01429
G1 X127.886 Y137.165 E.01431
G1 X126.925 Y137.496 E.01429
G1 X125.959 Y137.694 E.01387
G1 X125.41 Y137.755 E.00777
G1 X125.084 Y137.698 E.00465
G1 X124.955 Y137.615 E.00216
G1 X124.875 Y137.494 E.00204
G1 X124.796 Y137.615 E.00203
G1 X124.483 Y137.753 E.00481
G1 X123.879 Y137.708 E.00852
G1 X122.825 Y137.496 E.01512
G1 X121.938 Y137.195 E.01317
G1 X120.954 Y136.71 E.01543
G1 X120.176 Y136.19 E.01316
G1 X119.408 Y135.524 E.0143
G1 X118.734 Y134.763 E.0143
G1 X118.165 Y133.921 E.01429
G1 X117.71 Y133.011 E.01431
G1 X117.379 Y132.05 E.01429
G1 X117.175 Y131.054 E.0143
G1 X117.12 Y130.535 E.00734
G1 X117.177 Y130.21 E.00464
G1 X117.26 Y130.08 E.00217
G1 X117.381 Y130 E.00204
G1 X117.26 Y129.92 E.00204
G1 X117.177 Y129.79 E.00217
G1 X117.12 Y129.465 E.00464
G1 X117.174 Y128.953 E.00724
G1 X117.344 Y128.097 E.01227
G1 X117.634 Y127.196 E.01331
G1 X118.032 Y126.338 E.0133
G1 X118.529 Y125.534 E.01329
G1 X118.734 Y125.237 E.00508
G1 X119.351 Y124.533 E.01316
G1 X120.176 Y123.81 E.01543
G1 X120.954 Y123.29 E.01316
G1 X121.864 Y122.835 E.01431
G1 X122.825 Y122.504 E.01429
G1 X123.821 Y122.3 E.0143
G1 X124.34 Y122.245 E.00734
G1 X124.666 Y122.302 E.00465
G1 X124.796 Y122.385 E.00217
G1 X124.875 Y122.506 E.00203
G1 X124.955 Y122.385 E.00204
G1 X125.173 Y122.268 E.00348
G1 X125.41 Y122.245 E.00335
G1 X125.929 Y122.3 E.00734
G1 X126.852 Y122.484 E.01324
G1 X127.812 Y122.805 E.01424
G1 X128.688 Y123.231 E.0137
G1 X129.481 Y123.748 E.01331
G1 X130.205 Y124.356 E.0133
G1 X131.065 Y125.301 E.01797
G1 X131.585 Y126.079 E.01316
G1 X131.935 Y126.777 E.01098
G1 X132.07 Y127.063 E.00445
G1 X132.371 Y127.95 E.01317
G1 X132.575 Y128.946 E.0143
G1 X132.63 Y129.465 E.00734
G1 X132.59 Y129.753 E.00409
G1 X132.558 Y129.811 E.00093
G1 X132.187 Y129.631 F9000
;TYPE:External perimeter
;WIDTH:0.419999
G1 F1035
G1 X132.183 Y129.643 E.00017
G1 X131.952 Y129.756 E.00345
G1 X131.796 Y129.871 E.0026
G1 X131.779 Y130.064 E.0026
G1 X131.888 Y130.225 E.0026
G1 X132.077 Y130.281 E.00264
G1 X132.206 Y130.4 E.00235
G1 X132.173 Y130.955 E.00745
G1 X131.987 Y131.892 E.0128
G1 X131.679 Y132.804 E.0129
G1 X131.255 Y133.668 E.01289
G1 X130.722 Y134.47 E.0129
G1 X130.088 Y135.195 E.0129
G1 X129.366 Y135.831 E.01289
G1 X128.566 Y136.367 E.0129
G1 X127.704 Y136.794 E.01289
G1 X126.793 Y137.105 E.0129
G1 X125.878 Y137.289 E.0125
G1 X125.369 Y137.344 E.00686
G1 X125.22 Y137.298 E.00209
G1 X125.004 Y136.921 E.00582
G1 X124.811 Y136.904 E.0026
G1 X124.65 Y137.013 E.0026
G1 X124.53 Y137.298 E.00414
G1 X124.381 Y137.344 E.00209
G1 X123.901 Y137.295 E.00646
G1 X122.983 Y137.112 E.01254
G1 X122.363 Y136.904 E.00876
G1 X122.046 Y136.794 E.0045
G1 X121.207 Y136.38 E.01254
G1 X120.384 Y135.831 E.01325
G1 X119.68 Y135.213 E.01255
G1 X119.044 Y134.491 E.01289
G1 X118.508 Y133.691 E.0129
G1 X118.081 Y132.829 E.01289
G1 X117.77 Y131.918 E.0129
G1 X117.58 Y130.974 E.0129
G1 X117.53 Y130.486 E.00657
G1 X117.577 Y130.345 E.00199
G1 X117.954 Y130.129 E.00582
G1 X117.971 Y129.936 E.0026
G1 X117.862 Y129.775 E.0026
G1 X117.577 Y129.655 E.00414
G1 X117.531 Y129.506 E.00209
G1 X117.58 Y129.026 E.00646
G1 X117.763 Y128.108 E.01254
G1 X118.025 Y127.329 E.01101
G1 X118.402 Y126.52 E.01196
G1 X119.044 Y125.509 E.01605
G1 X119.662 Y124.805 E.01255
G1 X120.405 Y124.153 E.01324
G1 X121.184 Y123.633 E.01255
G1 X122.046 Y123.206 E.01289
G1 X122.957 Y122.895 E.0129
G1 X123.901 Y122.705 E.0129
G1 X124.393 Y122.655 E.00663
G1 X124.53 Y122.702 E.00194
G1 X124.746 Y123.079 E.00582
G1 X124.939 Y123.096 E.0026
G1 X125.1 Y122.987 E.0026
G1 X125.22 Y122.702 E.00414
G1 X125.369 Y122.656 E.00209
G1 X125.878 Y122.711 E.00686
G1 X126.769 Y122.888 E.01217
G1 X127.679 Y123.196 E.01287
G1 X128.505 Y123.601 E.01233
G1 X129.251 Y124.091 E.01196
G1 X129.933 Y124.667 E.01196
G1 X130.722 Y125.53 E.01567
G1 X131.242 Y126.309 E.01255
G1 X131.565 Y126.96 E.00974
G1 X131.679 Y127.196 E.00351
G1 X131.98 Y128.082 E.01254
G1 X132.17 Y129.026 E.0129
G1 X132.22 Y129.526 E.00673
G1 X132.205 Y129.574 E.00067
G1 X133.456 Y130.896 F9000
;TYPE:Perimeter
;WIDTH:0.461568
G1 F1035
G1 X133.449 Y131.183 E.00424
G1 X133.46 Y132.119 E.01384
;WIDTH:0.439999
G1 X133.46 Y133.954 E.02581
G1 X132.653 Y133.954 E.01135
;WIDTH:0.481342
G1 X132.083 Y134.1 E.00908
;WIDTH:0.50483
G1 X131.964 Y134.173 E.00226
G1 X132.023 Y134.047 E.00226
;WIDTH:0.481342
G1 X132.471 Y133.073 E.01655
;WIDTH:0.439999
G1 X132.807 Y132.055 E.01508
;WIDTH:0.463256
G1 X133.005 Y131.116 E.01424
G1 X133.047 Y130.578 E.00801
;WIDTH:0.475801
G1 X132.999 Y130.085 E.00756
G1 X132.953 Y130 E.00147
G1 X132.999 Y129.915 E.00147
G1 X133.047 Y129.422 E.00756
;WIDTH:0.465937
G1 X133.002 Y128.861 E.0084
G1 X132.772 Y127.814 E.016
;WIDTH:0.439999
G1 X132.471 Y126.927 E.01317
G1 X132.314 Y126.59 E.00523
;WIDTH:0.478578
G1 X131.889 Y125.738 E.01461
G1 X132.09 Y125.888 E.00385
;WIDTH:0.453461
G1 X132.653 Y126.046 E.00849
;WIDTH:0.439999
G1 X133.46 Y126.046 E.01135
G1 X133.46 Y126.588 E.00762
G1 X133.46 Y127.881 E.01818
;WIDTH:0.465937
G1 X133.447 Y128.817 E.01397
G1 X133.463 Y129.402 E.00874
;WIDTH:0.475801
G1 X133.442 Y130 E.00913
G1 X133.463 Y130.598 E.00913
;WIDTH:0.461568
G1 X133.457 Y130.836 E.00352
G1 E-3.5 F3600
;WIPE_START
G1 F7200
G1 X133.456 Y130.896 E-.0285
G1 X133.449 Y131.183 E-.13637
G1 X133.46 Y132.119 E-.44463
G1 X133.46 Y133.954 E-.87163
G1 X133.42 Y133.954 E-.01887
;WIPE_END
G1 X131.964 Y134.173 F9000
G1 E5 F2400
;WIDTH:0.50483
G1 F1035
G1 X131.689 Y134.553 E.00761
;WIDTH:0.469449
G1 X131.414 Y134.932 E.00704
;WIDTH:0.435334
G1 X130.715 Y135.744 E.0149
;WIDTH:0.437194
G1 X129.916 Y136.458 E.01497
;WIDTH:0.439642
G1 X129.03 Y137.062 E.01507
;WIDTH:0.442684
G1 X128.074 Y137.545 E.01516
;WIDTH:0.44631
G1 X127.062 Y137.9 E.01531
;WIDTH:0.450298
G1 X126.042 Y138.114 E.01501
G1 X125.452 Y138.171 E.00854
;WIDTH:0.468106
G1 X125.247 Y138.17 E.00307
;WIDTH:0.504682
G1 X125.042 Y138.168 E.00332
;WIDTH:0.532613
G1 X124.959 Y138.151 E.00145
;WIDTH:0.560544
G1 X124.875 Y138.133 E.00155
G1 X124.703 Y138.148 E.00312
;WIDTH:0.517971
G1 X124.531 Y138.162 E.00287
;WIDTH:0.475397
G1 X124.359 Y138.176 E.00263
;WIDTH:0.4371
G1 X123.837 Y138.128 E.00732
;WIDTH:0.458798
G1 X123.052 Y137.988 E.01171
;WIDTH:0.460448
G1 X122.091 Y137.705 E.01477
;WIDTH:0.461508
G1 X121.171 Y137.307 E.01481
G1 X120.721 Y137.059 E.00759
;WIDTH:0.433448
G1 X119.943 Y136.539 E.01296
;WIDTH:0.461856
G1 X119.511 Y136.191 E.0082
G1 X119.132 Y135.839 E.00765
;WIDTH:0.433724
G1 X118.418 Y135.04 E.01485
;WIDTH:0.434746
G1 X117.815 Y134.154 E.01488
;WIDTH:0.436364
G1 X117.333 Y133.197 E.01494
;WIDTH:0.43857
G1 X116.979 Y132.186 E.01501
;WIDTH:0.44137
G1 X116.76 Y131.137 E.01512
G1 X116.704 Y130.577 E.00794
;WIDTH:0.477121
G1 X116.715 Y130.385 E.00294
;WIDTH:0.522861
G1 X116.726 Y130.192 E.00325
;WIDTH:0.5686
G1 X116.725 Y129.821 E.0068
;WIDTH:0.522596
G1 X116.713 Y129.642 E.00302
;WIDTH:0.476591
G1 X116.701 Y129.463 E.00274
;WIDTH:0.444878
G1 X116.743 Y128.961 E.00717
;WIDTH:0.45239
G1 X116.923 Y128.013 E.01397
;WIDTH:0.455468
G1 X117.227 Y127.058 E.01461
;WIDTH:0.457948
G1 X117.644 Y126.147 E.01469
;WIDTH:0.459842
G1 X118.17 Y125.293 E.01477
;WIDTH:0.461144
G1 X118.795 Y124.51 E.01479
;WIDTH:0.461854
G1 X119.511 Y123.809 E.01482
G1 X119.943 Y123.461 E.0082
;WIDTH:0.433448
G1 X120.721 Y122.941 E.01296
;WIDTH:0.461508
G1 X121.171 Y122.693 E.00759
G1 X121.678 Y122.459 E.00825
;WIDTH:0.434252
G1 X122.69 Y122.106 E.01487
;WIDTH:0.435632
G1 X123.739 Y121.888 E.01491
G1 X124.297 Y121.827 E.00781
;WIDTH:0.476623
G1 X124.49 Y121.84 E.00296
;WIDTH:0.518583
G1 X124.682 Y121.853 E.00321
;WIDTH:0.560542
G1 X124.875 Y121.867 E.0035
G1 X125.001 Y121.851 E.0023
;WIDTH:0.522694
G1 X125.127 Y121.836 E.00213
;WIDTH:0.484846
G1 X125.253 Y121.82 E.00198
;WIDTH:0.446998
G1 X125.914 Y121.871 E.00948
;WIDTH:0.443286
G1 X126.93 Y122.067 E.01467
;WIDTH:0.447024
G1 X127.949 Y122.401 E.01533
;WIDTH:0.450952
G1 X128.877 Y122.847 E.01485
;WIDTH:0.45427
G1 X129.72 Y123.39 E.01458
;WIDTH:0.456998
G1 X130.49 Y124.032 E.01467
;WIDTH:0.459132
G1 X131.175 Y124.763 E.01473
;WIDTH:0.463666
G1 X131.807 Y125.628 E.01591
;WIDTH:0.478578
G1 X131.889 Y125.738 E.00211
G1 X132.391 Y125.527 F9000
;WIDTH:0.439999
G1 F1035
G1 X132.653 Y125.623 E.00392
G1 X133.882 Y125.623 E.01728
G1 X133.882 Y126.588 E.01357
G1 X133.882 Y134.377 E.10954
G1 X132.653 Y134.377 E.01728
G1 X132.322 Y134.474 E.00485
G1 X132.157 Y134.628 E.00317
G1 X131.509 Y135.514 E.01544
G1 X130.786 Y136.283 E.01484
G1 X129.974 Y136.957 E.01484
G1 X129.087 Y137.528 E.01484
G1 X128.136 Y137.986 E.01484
G1 X127.137 Y138.324 E.01483
G1 X126.103 Y138.538 E.01485
G1 X125.052 Y138.624 E.01483
G1 X123.997 Y138.581 E.01485
G1 X122.956 Y138.41 E.01484
G1 X121.944 Y138.113 E.01483
G1 X120.975 Y137.694 E.01485
G1 X120.065 Y137.16 E.01484
G1 X119.226 Y136.519 E.01485
G1 X118.473 Y135.781 E.01483
G1 X117.815 Y134.956 E.01484
G1 X117.262 Y134.057 E.01484
G1 X116.824 Y133.097 E.01484
G1 X116.506 Y132.091 E.01484
G1 X116.314 Y131.053 E.01485
G1 X116.249 Y130 E.01484
G1 X116.314 Y128.947 E.01484
G1 X116.506 Y127.909 E.01485
G1 X116.824 Y126.903 E.01484
G1 X117.262 Y125.943 E.01484
G1 X117.815 Y125.044 E.01484
G1 X118.473 Y124.219 E.01484
G1 X119.226 Y123.481 E.01483
G1 X120.065 Y122.84 E.01485
G1 X120.975 Y122.306 E.01484
G1 X121.944 Y121.887 E.01485
G1 X122.956 Y121.59 E.01483
G1 X123.997 Y121.419 E.01484
G1 X125.052 Y121.376 E.01485
G1 X126.103 Y121.462 E.01483
G1 X127.137 Y121.676 E.01485
G1 X128.136 Y122.014 E.01483
G1 X129.087 Y122.472 E.01484
G1 X129.974 Y123.043 E.01484
G1 X130.786 Y123.717 E.01484
G1 X131.49 Y124.467 E.01447
G1 X132.257 Y125.478 E.01785
G1 X132.334 Y125.506 E.00115
G1 X132.572 Y125.169 F9000
;TYPE:External perimeter
;WIDTH:0.419999
G1 F1035
G1 X132.653 Y125.21 E.00122
G1 X134.295 Y125.21 E.022
G1 X134.295 Y126.588 E.01846
G1 X134.295 Y134.79 E.10989
G1 X132.653 Y134.79 E.022
G1 X132.49 Y134.872 E.00244
G1 X131.827 Y135.778 E.01504
G1 X131.069 Y136.584 E.01482
G1 X130.219 Y137.291 E.01481
G1 X129.289 Y137.889 E.01481
G1 X128.292 Y138.369 E.01483
G1 X127.245 Y138.723 E.01481
G1 X126.162 Y138.947 E.01482
G1 X125.06 Y139.038 E.01482
G1 X123.955 Y138.993 E.01482
G1 X122.864 Y138.813 E.01482
G1 X121.803 Y138.502 E.01481
G1 X120.788 Y138.063 E.01482
G1 X119.834 Y137.504 E.01481
G1 X118.956 Y136.832 E.01481
G1 X118.166 Y136.058 E.01482
G1 X117.476 Y135.194 E.01481
G1 X116.897 Y134.251 E.01483
G1 X116.438 Y133.245 E.01482
G1 X116.105 Y132.191 E.01481
G1 X115.903 Y131.104 E.01481
G1 X115.835 Y130 E.01482
G1 X115.903 Y128.896 E.01482
G1 X116.105 Y127.809 E.01481
G1 X116.438 Y126.755 E.01481
G1 X116.897 Y125.749 E.01482
G1 X117.476 Y124.806 E.01483
G1 X118.166 Y123.942 E.01481
G1 X118.956 Y123.168 E.01482
G1 X119.834 Y122.496 E.01481
G1 X120.788 Y121.937 E.01481
G1 X121.803 Y121.498 E.01482
G1 X122.864 Y121.187 E.01481
G1 X123.955 Y121.007 E.01482
G1 X125.06 Y120.962 E.01482
G1 X126.162 Y121.053 E.01482
G1 X127.245 Y121.277 E.01482
G1 X128.292 Y121.631 E.01481
G1 X129.289 Y122.111 E.01483
G1 X130.219 Y122.709 E.01481
G1 X131.069 Y123.416 E.01481
G1 X131.827 Y124.222 E.01482
G1 X132.49 Y125.128 E.01504
G1 X132.518 Y125.142 E.00042
G1 X133.134 Y126.866 F9000
;TYPE:Internal infill
;WIDTH:0.44
G1 F1035
G1 X132.88 Y127.12 E.00505
G1 E-3.5 F3600
;WIPE_START
G1 F7200
G1 X133.134 Y126.866 E-.17062
;WIPE_END
G1 E-1.32938 F3600
G1 X132.88 Y132.88 F9000
G1 E5 F2400
G1 F1035
G1 X133.134 Y133.134 E.00505
G1 E-3.5 F3600
;WIPE_START
G1 F7200
G1 X132.88 Y132.88 E-.17062
;WIPE_END
G1 E-1.32938 F3600
G1 X143.31 Y133.935 F9000
G1 E5 F2400
;TYPE:Perimeter
;WIDTH:0.478964
G1 F1035
G1 X143.31 Y126.065 E.12088
G1 X142.868 Y125.623 F9000
;WIDTH:0.439999
G1 F1035
G1 X143.752 Y125.623 E.01243
G1 X143.752 Y126.065 E.00622
G1 X143.752 Y134.377 E.1169
G1 X142.868 Y134.377 E.01243
G1 X142.868 Y125.683 E.12227
G1 X142.455 Y125.21 F9000
;TYPE:External perimeter
;WIDTH:0.419999
G1 F1035
G1 X144.165 Y125.21 E.02291
G1 X144.165 Y126.065 E.01146
G1 X144.165 Y134.79 E.1169
G1 X142.455 Y134.79 E.02291
G1 X142.455 Y125.27 E.12755
;LAYER_CHANGE
;Z:5.16
;HEIGHT:0.0799999
;BEFORE_LAYER_CHANGE
G92 E0
;5.16


G1 E-3.5 F3600
;WIPE_START
G1 F7200
G1 X142.455 Y125.21 E-.0285
G1 X144.165 Y125.21 E-.81225
G1 X144.165 Y126.065 E-.40612
G1 X144.165 Y126.598 E-.25313
;WIPE_END
G1 Z5.16 F9000
;AFTER_LAYER_CHANGE
;5.16
G1 X132.619 Y129.397
G1 E5 F2400
;TYPE:Perimeter
;WIDTH:0.439999
G1 F1033
G1 X132.63 Y129.51 E.0016
G1 X132.596 Y129.776 E.00377
G1 X132.533 Y129.903 E.00199
G1 X132.403 Y130 E.00228
G1 X132.533 Y130.097 E.00228
G1 X132.633 Y130.434 E.00494
G1 X132.584 Y130.991 E.00786
G1 X132.392 Y131.973 E.01407
G1 X132.07 Y132.937 E.01429
G1 X131.625 Y133.851 E.0143
G1 X131.065 Y134.699 E.01429
G1 X130.399 Y135.467 E.0143
G1 X129.638 Y136.141 E.0143
G1 X128.796 Y136.71 E.01429
G1 X127.886 Y137.165 E.01431
G1 X126.925 Y137.496 E.01429
G1 X125.959 Y137.694 E.01387
G1 X125.365 Y137.755 E.0084
G1 X125.064 Y137.707 E.00429
G1 X124.934 Y137.631 E.00212
G1 X124.875 Y137.545 E.00147
G1 X124.816 Y137.631 E.00147
G1 X124.523 Y137.753 E.00446
G1 X123.884 Y137.709 E.00901
G1 X122.825 Y137.496 E.01519
G1 X121.938 Y137.195 E.01317
G1 X120.954 Y136.71 E.01543
G1 X120.176 Y136.19 E.01316
G1 X119.408 Y135.524 E.0143
G1 X118.734 Y134.763 E.0143
G1 X118.165 Y133.921 E.01429
G1 X117.71 Y133.011 E.01431
G1 X117.379 Y132.05 E.01429
G1 X117.175 Y131.054 E.0143
G1 X117.12 Y130.49 E.00797
G1 X117.167 Y130.19 E.00427
G1 X117.243 Y130.06 E.00212
G1 X117.331 Y130 E.0015
G1 X117.243 Y129.94 E.0015
G1 X117.121 Y129.635 E.00462
G1 X117.163 Y129.038 E.00842
G1 X117.344 Y128.097 E.01348
G1 X117.634 Y127.196 E.01331
G1 X118.032 Y126.338 E.0133
G1 X118.529 Y125.534 E.01329
G1 X118.734 Y125.237 E.00508
G1 X119.351 Y124.533 E.01316
G1 X120.176 Y123.81 E.01543
G1 X120.954 Y123.29 E.01316
G1 X121.864 Y122.835 E.01431
G1 X122.825 Y122.504 E.01429
G1 X123.821 Y122.3 E.0143
G1 X124.385 Y122.245 E.00797
G1 X124.686 Y122.293 E.00429
G1 X124.816 Y122.369 E.00212
G1 X124.875 Y122.455 E.00147
G1 X124.934 Y122.369 E.00147
G1 X125.155 Y122.261 E.00346
G1 X125.365 Y122.245 E.00296
G1 X125.866 Y122.291 E.00708
G1 X126.848 Y122.483 E.01407
G1 X127.812 Y122.805 E.01429
G1 X128.688 Y123.231 E.0137
G1 X129.481 Y123.748 E.01331
G1 X130.205 Y124.356 E.0133
G1 X131.065 Y125.301 E.01797
G1 X131.585 Y126.079 E.01316
G1 X131.935 Y126.777 E.01098
G1 X132.07 Y127.063 E.00445
G1 X132.371 Y127.95 E.01317
G1 X132.575 Y128.946 E.0143
G1 X132.613 Y129.337 E.00552
G1 X132.208 Y129.431 F9000
;TYPE:External perimeter
;WIDTH:0.419999
G1 F1033
G1 X132.219 Y129.548 E.00157
G1 X132.187 Y129.677 E.00178
G1 X131.963 Y129.793 E.00338
G1 X131.831 Y129.891 E.0022
G1 X131.816 Y130.055 E.00221
G1 X131.909 Y130.19 E.0022
G1 X132.077 Y130.241 E.00235
G1 X132.208 Y130.365 E.00242
G1 X132.173 Y130.953 E.00789
G1 X131.987 Y131.892 E.01283
G1 X131.679 Y132.804 E.0129
G1 X131.255 Y133.668 E.01289
G1 X130.722 Y134.47 E.0129
G1 X130.088 Y135.195 E.0129
G1 X129.366 Y135.831 E.01289
G1 X128.566 Y136.367 E.0129
G1 X127.704 Y136.794 E.01289
G1 X126.793 Y137.105 E.0129
G1 X125.878 Y137.289 E.0125
G1 X125.327 Y137.344 E.00742
G1 X125.186 Y137.304 E.00196
G1 X124.984 Y136.956 E.00539
G1 X124.82 Y136.941 E.00221
G1 X124.685 Y137.034 E.0022
G1 X124.564 Y137.304 E.00396
G1 X124.423 Y137.344 E.00196
G1 X123.922 Y137.298 E.00674
G1 X123.217 Y137.159 E.00963
G1 X122.363 Y136.904 E.01194
G1 X122.046 Y136.794 E.0045
G1 X121.207 Y136.38 E.01254
G1 X120.384 Y135.831 E.01325
G1 X119.68 Y135.213 E.01255
G1 X119.044 Y134.491 E.01289
G1 X118.508 Y133.691 E.0129
G1 X118.081 Y132.829 E.01289
G1 X117.77 Y131.918 E.0129
G1 X117.58 Y130.974 E.0129
G1 X117.531 Y130.452 E.00702
G1 X117.571 Y130.311 E.00196
G1 X117.919 Y130.109 E.00539
G1 X117.934 Y129.945 E.00221
G1 X117.841 Y129.81 E.0022
G1 X117.571 Y129.689 E.00396
G1 X117.531 Y129.548 E.00196
G1 X117.577 Y129.047 E.00674
G1 X117.749 Y128.178 E.01187
G1 X118.025 Y127.329 E.01196
G1 X118.402 Y126.52 E.01196
G1 X119.044 Y125.509 E.01605
G1 X119.662 Y124.805 E.01255
G1 X120.405 Y124.153 E.01324
G1 X121.184 Y123.633 E.01255
G1 X122.046 Y123.206 E.01289
G1 X122.957 Y122.895 E.0129
G1 X123.901 Y122.705 E.0129
G1 X124.423 Y122.656 E.00702
G1 X124.564 Y122.696 E.00196
G1 X124.766 Y123.044 E.00539
G1 X124.93 Y123.059 E.00221
G1 X125.065 Y122.966 E.0022
G1 X125.186 Y122.696 E.00396
G1 X125.327 Y122.656 E.00196
G1 X125.828 Y122.702 E.00674
G1 X126.767 Y122.888 E.01283
G1 X127.679 Y123.196 E.0129
G1 X128.505 Y123.601 E.01233
G1 X129.251 Y124.091 E.01196
G1 X129.933 Y124.667 E.01196
G1 X130.722 Y125.53 E.01567
G1 X131.242 Y126.309 E.01255
G1 X131.565 Y126.96 E.00974
G1 X131.679 Y127.196 E.00351
G1 X131.98 Y128.082 E.01254
G1 X132.17 Y129.026 E.0129
G1 X132.203 Y129.371 E.00464
G1 X133.449 Y130.933 F9000
;TYPE:Perimeter
;WIDTH:0.453993
G1 F1033
G1 X133.443 Y132.118 E.01722
;WIDTH:0.439999
G1 X133.443 Y133.954 E.02582
G1 X132.653 Y133.954 E.01111
;WIDTH:0.481342
G1 X132.083 Y134.1 E.00908
;WIDTH:0.50483
G1 X131.964 Y134.173 E.00226
G1 X132.023 Y134.047 E.00226
;WIDTH:0.481342
G1 X132.471 Y133.073 E.01655
;WIDTH:0.439999
G1 X132.807 Y132.055 E.01508
;WIDTH:0.448265
G1 X133.009 Y131.031 E.01497
G1 X133.047 Y130.434 E.00858
;WIDTH:0.460514
G1 X132.965 Y130 E.00651
G1 X133.003 Y129.924 E.00125
G1 X133.044 Y129.471 E.00671
;WIDTH:0.457744
G1 X132.998 Y128.861 E.00896
G1 X132.772 Y127.814 E.0157
;WIDTH:0.439999
G1 X132.471 Y126.927 E.01317
G1 X132.314 Y126.59 E.00523
;WIDTH:0.478578
G1 X131.889 Y125.738 E.01461
G1 X132.09 Y125.888 E.00385
;WIDTH:0.453461
G1 X132.653 Y126.046 E.00849
;WIDTH:0.439999
G1 X133.443 Y126.046 E.01111
G1 X133.443 Y126.582 E.00754
G1 X133.443 Y127.882 E.01828
;WIDTH:0.448265
G1 X133.451 Y129.453 E.02253
;WIDTH:0.460514
G1 X133.433 Y130 E.00807
G1 X133.451 Y130.547 E.00807
;WIDTH:0.453993
G1 X133.449 Y130.873 E.00474
G1 E-3.5 F3600
;WIPE_START
G1 F7200
G1 X133.449 Y130.933 E-.0285
G1 X133.443 Y132.118 E-.56288
G1 X133.443 Y133.954 E-.8721
G1 X133.366 Y133.954 E-.03652
;WIPE_END
G1 X131.964 Y134.173 F9000
G1 E5 F2400
;WIDTH:0.50483
G1 F1033
G1 X131.689 Y134.553 E.00761
;WIDTH:0.469449
G1 X131.414 Y134.932 E.00704
;WIDTH:0.435334
G1 X130.715 Y135.744 E.0149
;WIDTH:0.437194
G1 X129.916 Y136.458 E.01497
;WIDTH:0.439642
G1 X129.03 Y137.062 E.01507
;WIDTH:0.442684
G1 X128.074 Y137.545 E.01516
;WIDTH:0.44631
G1 X127.062 Y137.9 E.01531
;WIDTH:0.450298
G1 X126.042 Y138.114 E.01501
G1 X125.404 Y138.174 E.00923
;WIDTH:0.470735
G1 X125.228 Y138.163 E.00266
;WIDTH:0.506835
G1 X125.051 Y138.153 E.00289
;WIDTH:0.542934
G1 X124.699 Y138.153 E.00616
;WIDTH:0.507219
G1 X124.522 Y138.164 E.00289
;WIDTH:0.471503
G1 X124.346 Y138.174 E.00266
;WIDTH:0.437648
G1 X123.845 Y138.129 E.00703
;WIDTH:0.458798
G1 X123.052 Y137.988 E.01183
;WIDTH:0.460448
G1 X122.091 Y137.705 E.01477
;WIDTH:0.461508
G1 X121.171 Y137.307 E.01481
G1 X120.721 Y137.059 E.00759
;WIDTH:0.433446
G1 X119.943 Y136.539 E.01296
;WIDTH:0.461856
G1 X119.511 Y136.191 E.0082
G1 X119.132 Y135.839 E.00765
;WIDTH:0.433724
G1 X118.418 Y135.04 E.01485
;WIDTH:0.434746
G1 X117.815 Y134.154 E.01488
;WIDTH:0.436364
G1 X117.333 Y133.197 E.01494
;WIDTH:0.43857
G1 X116.979 Y132.186 E.01501
;WIDTH:0.44137
G1 X116.76 Y131.137 E.01512
G1 X116.702 Y130.529 E.00862
;WIDTH:0.472685
G1 X116.711 Y130.353 E.00267
;WIDTH:0.511876
G1 X116.719 Y130.176 E.00292
;WIDTH:0.551066
G1 X116.719 Y129.824 E.00625
;WIDTH:0.511876
G1 X116.711 Y129.647 E.00292
;WIDTH:0.472685
G1 X116.702 Y129.471 E.00267
;WIDTH:0.445596
G1 X116.742 Y128.969 E.00718
;WIDTH:0.45239
G1 X116.923 Y128.013 E.01408
;WIDTH:0.455468
G1 X117.227 Y127.058 E.01461
;WIDTH:0.457948
G1 X117.644 Y126.147 E.01469
;WIDTH:0.459842
G1 X118.17 Y125.293 E.01477
;WIDTH:0.461144
G1 X118.795 Y124.51 E.01479
;WIDTH:0.461854
G1 X119.511 Y123.809 E.01482
G1 X119.943 Y123.461 E.0082
;WIDTH:0.433448
G1 X120.721 Y122.941 E.01296
;WIDTH:0.461506
G1 X121.171 Y122.693 E.00759
G1 X121.678 Y122.459 E.00825
;WIDTH:0.434254
G1 X122.69 Y122.106 E.01487
;WIDTH:0.435632
G1 X123.739 Y121.888 E.01491
;WIDTH:0.435786
G1 X124.346 Y121.826 E.0085
;WIDTH:0.471501
G1 X124.522 Y121.836 E.00266
;WIDTH:0.507217
G1 X124.699 Y121.847 E.00289
;WIDTH:0.542932
G1 X124.875 Y121.858 E.00308
G1 X125.044 Y121.838 E.00298
;WIDTH:0.496591
G1 X125.213 Y121.818 E.00271
;WIDTH:0.45025
G1 X125.905 Y121.87 E.01
;WIDTH:0.443286
G1 X126.93 Y122.067 E.01479
;WIDTH:0.447022
G1 X127.949 Y122.401 E.01533
;WIDTH:0.450952
G1 X128.877 Y122.847 E.01485
;WIDTH:0.45427
G1 X129.72 Y123.39 E.01458
;WIDTH:0.456998
G1 X130.49 Y124.032 E.01467
;WIDTH:0.459132
G1 X131.175 Y124.763 E.01473
;WIDTH:0.463666
G1 X131.807 Y125.628 E.01591
;WIDTH:0.478578
G1 X131.889 Y125.738 E.00211
G1 X132.391 Y125.527 F9000
;WIDTH:0.439999
G1 F1033
G1 X132.653 Y125.623 E.00392
G1 X133.866 Y125.623 E.01706
G1 X133.866 Y126.582 E.01349
G1 X133.866 Y134.377 E.10962
G1 X132.653 Y134.377 E.01706
G1 X132.322 Y134.474 E.00485
G1 X132.157 Y134.628 E.00317
G1 X131.509 Y135.514 E.01544
G1 X130.786 Y136.283 E.01484
G1 X129.974 Y136.957 E.01484
G1 X129.087 Y137.528 E.01484
G1 X128.136 Y137.986 E.01484
G1 X127.137 Y138.324 E.01483
G1 X126.103 Y138.538 E.01485
G1 X125.052 Y138.624 E.01483
G1 X123.997 Y138.581 E.01485
G1 X122.956 Y138.41 E.01484
G1 X121.944 Y138.113 E.01483
G1 X120.975 Y137.694 E.01485
G1 X120.065 Y137.16 E.01484
G1 X119.226 Y136.519 E.01485
G1 X118.473 Y135.781 E.01483
G1 X117.815 Y134.956 E.01484
G1 X117.262 Y134.057 E.01484
G1 X116.824 Y133.097 E.01484
G1 X116.506 Y132.091 E.01484
G1 X116.314 Y131.053 E.01485
G1 X116.249 Y130 E.01484
G1 X116.314 Y128.947 E.01484
G1 X116.506 Y127.909 E.01485
G1 X116.824 Y126.903 E.01484
G1 X117.262 Y125.943 E.01484
G1 X117.815 Y125.044 E.01484
G1 X118.473 Y124.219 E.01484
G1 X119.226 Y123.481 E.01483
G1 X120.065 Y122.84 E.01485
G1 X120.975 Y122.306 E.01484
G1 X121.944 Y121.887 E.01485
G1 X122.956 Y121.59 E.01483
G1 X123.997 Y121.419 E.01484
G1 X125.052 Y121.376 E.01485
G1 X126.103 Y121.462 E.01483
G1 X127.137 Y121.676 E.01485
G1 X128.136 Y122.014 E.01483
G1 X129.087 Y122.472 E.01484
G1 X129.974 Y123.043 E.01484
G1 X130.786 Y123.717 E.01484
G1 X131.49 Y124.467 E.01447
G1 X132.257 Y125.478 E.01785
G1 X132.334 Y125.506 E.00115
G1 X132.572 Y125.169 F9000
;TYPE:External perimeter
;WIDTH:0.419999
G1 F1033
G1 X132.653 Y125.21 E.00122
G1 X134.279 Y125.21 E.02179
G1 X134.279 Y126.582 E.01838
G1 X134.279 Y134.79 E.10997
G1 X132.653 Y134.79 E.02179
G1 X132.49 Y134.872 E.00244
G1 X131.827 Y135.778 E.01504
G1 X131.069 Y136.584 E.01482
G1 X130.219 Y137.291 E.01481
G1 X129.289 Y137.889 E.01481
G1 X128.292 Y138.369 E.01483
G1 X127.245 Y138.723 E.01481
G1 X126.162 Y138.947 E.01482
G1 X125.06 Y139.038 E.01482
G1 X123.955 Y138.993 E.01482
G1 X122.864 Y138.813 E.01482
G1 X121.803 Y138.502 E.01481
G1 X120.788 Y138.063 E.01482
G1 X119.834 Y137.504 E.01481
G1 X118.956 Y136.832 E.01481
G1 X118.166 Y136.058 E.01482
G1 X117.476 Y135.194 E.01481
G1 X116.897 Y134.251 E.01483
G1 X116.438 Y133.245 E.01482
G1 X116.105 Y132.191 E.01481
G1 X115.903 Y131.104 E.01481
G1 X115.835 Y130 E.01482
G1 X115.903 Y128.896 E.01482
G1 X116.105 Y127.809 E.01481
G1 X116.438 Y126.755 E.01481
G1 X116.897 Y125.749 E.01482
G1 X117.476 Y124.806 E.01483
G1 X118.166 Y123.942 E.01481
G1 X118.956 Y123.168 E.01482
G1 X119.834 Y122.496 E.01481
G1 X120.788 Y121.937 E.01481
G1 X121.803 Y121.498 E.01482
G1 X122.864 Y121.187 E.01481
G1 X123.955 Y121.007 E.01482
G1 X125.06 Y120.962 E.01482
G1 X126.162 Y121.053 E.01482
G1 X127.245 Y121.277 E.01482
G1 X128.292 Y121.631 E.01481
G1 X129.289 Y122.111 E.01483
G1 X130.219 Y122.709 E.01481
G1 X131.069 Y123.416 E.01481
G1 X131.827 Y124.222 E.01482
G1 X132.49 Y125.128 E.01504
G1 X132.518 Y125.142 E.00042
G1 X133.113 Y126.887 F9000
;TYPE:Internal infill
;WIDTH:0.44
G1 F1033
G1 X132.88 Y127.12 E.00463
G1 E-3.5 F3600
;WIPE_START
G1 F7200
G1 X133.113 Y126.887 E-.15652
;WIPE_END
G1 E-1.34348 F3600
G1 X132.88 Y132.88 F9000
G1 E5 F2400
G1 F1033
G1 X133.118 Y133.118 E.00473
G1 E-3.5 F3600
;WIPE_START
G1 F7200
G1 X132.88 Y132.88 E-.15988
;WIPE_END
G1 E-1.34012 F3600
G1 X143.318 Y133.943 F9000
G1 E5 F2400
;TYPE:Perimeter
;WIDTH:0.462742
G1 F1033
G1 X143.318 Y126.057 E.11687
G1 X142.884 Y125.623 F9000
;WIDTH:0.439999
G1 F1033
G1 X143.752 Y125.623 E.01221
G1 X143.752 Y126.057 E.0061
G1 X143.752 Y134.377 E.11701
G1 X142.884 Y134.377 E.01221
G1 X142.884 Y125.683 E.12227
G1 X142.471 Y125.21 F9000
;TYPE:External perimeter
;WIDTH:0.419999
G1 F1033
G1 X144.165 Y125.21 E.0227
G1 X144.165 Y126.057 E.01135
G1 X144.165 Y134.79 E.11701
G1 X142.471 Y134.79 E.0227
G1 X142.471 Y125.27 E.12755
;LAYER_CHANGE
;Z:5.24
;HEIGHT:0.0799999
;BEFORE_LAYER_CHANGE
G92 E0
;5.24


G1 E-3.5 F3600
;WIPE_START
G1 F7200
G1 X142.471 Y125.21 E-.0285
G1 X144.165 Y125.21 E-.80465
G1 X144.165 Y126.057 E-.40232
G1 X144.165 Y126.614 E-.26453
;WIPE_END
G1 Z5.24 F9000
;AFTER_LAYER_CHANGE
;5.24
G1 X132.614 Y129.362
G1 E5 F2400
;TYPE:Perimeter
;WIDTH:0.439999
G1 F1043
G1 X132.632 Y129.552 E.00268
G1 X132.603 Y129.799 E.0035
G1 X132.547 Y129.923 E.00191
G1 X132.447 Y130 E.00177
G1 X132.547 Y130.077 E.00177
G1 X132.634 Y130.394 E.00462
G1 X132.584 Y130.989 E.0084
G1 X132.392 Y131.973 E.0141
G1 X132.07 Y132.937 E.01429
G1 X131.625 Y133.851 E.0143
G1 X131.065 Y134.699 E.01429
G1 X130.399 Y135.467 E.0143
G1 X129.638 Y136.141 E.0143
G1 X128.796 Y136.71 E.01429
G1 X127.886 Y137.165 E.01431
G1 X126.925 Y137.496 E.01429
G1 X125.959 Y137.694 E.01387
G1 X125.323 Y137.757 E.00899
G1 X125.045 Y137.717 E.00395
G1 X124.875 Y137.591 E.00298
G1 X124.705 Y137.717 E.00298
G1 X124.427 Y137.757 E.00395
G1 X123.886 Y137.709 E.00764
G1 X122.825 Y137.496 E.01522
G1 X121.938 Y137.195 E.01317
G1 X120.954 Y136.71 E.01543
G1 X120.176 Y136.19 E.01316
G1 X119.408 Y135.524 E.0143
G1 X118.734 Y134.763 E.0143
G1 X118.165 Y133.921 E.01429
G1 X117.71 Y133.011 E.01431
G1 X117.379 Y132.05 E.01429
G1 X117.175 Y131.054 E.0143
G1 X117.118 Y130.448 E.00856
G1 X117.157 Y130.171 E.00393
G1 X117.284 Y130 E.003
G1 X117.157 Y129.829 E.003
G1 X117.118 Y129.552 E.00393
G1 X117.166 Y129.011 E.00764
G1 X117.344 Y128.097 E.0131
G1 X117.634 Y127.196 E.01331
G1 X118.032 Y126.338 E.0133
G1 X118.529 Y125.534 E.01329
G1 X118.734 Y125.237 E.00508
G1 X119.351 Y124.533 E.01316
G1 X120.176 Y123.81 E.01543
G1 X120.954 Y123.29 E.01316
G1 X121.864 Y122.835 E.01431
G1 X122.825 Y122.504 E.01429
G1 X123.821 Y122.3 E.0143
G1 X124.427 Y122.243 E.00856
G1 X124.705 Y122.283 E.00395
G1 X124.875 Y122.409 E.00298
G1 X125.045 Y122.283 E.00298
G1 X125.323 Y122.243 E.00395
G1 X125.864 Y122.291 E.00764
G1 X126.848 Y122.483 E.0141
G1 X127.812 Y122.805 E.01429
G1 X128.688 Y123.231 E.0137
G1 X129.481 Y123.748 E.01331
G1 X130.205 Y124.356 E.0133
G1 X131.065 Y125.301 E.01797
G1 X131.585 Y126.079 E.01316
G1 X131.935 Y126.777 E.01098
G1 X132.07 Y127.063 E.00445
G1 X132.371 Y127.95 E.01317
G1 X132.575 Y128.946 E.0143
G1 X132.608 Y129.303 E.00504
G1 X132.203 Y129.397 F9000
;TYPE:External perimeter
;WIDTH:0.419999
G1 F1043
G1 X132.221 Y129.589 E.00258
G1 X132.193 Y129.71 E.00166
G1 X131.866 Y129.91 E.00514
G1 X131.866 Y130.09 E.00241
G1 X132.193 Y130.29 E.00514
G1 X132.221 Y130.411 E.00166
G1 X132.173 Y130.952 E.00728
G1 X131.987 Y131.892 E.01284
G1 X131.679 Y132.804 E.0129
G1 X131.255 Y133.668 E.01289
G1 X130.722 Y134.47 E.0129
G1 X130.088 Y135.195 E.0129
G1 X129.366 Y135.831 E.01289
G1 X128.566 Y136.367 E.0129
G1 X127.704 Y136.794 E.01289
G1 X126.793 Y137.105 E.0129
G1 X125.878 Y137.289 E.0125
G1 X125.286 Y137.346 E.00797
G1 X125.153 Y137.31 E.00185
G1 X124.965 Y136.991 E.00496
G1 X124.785 Y136.991 E.00241
G1 X124.705 Y137.099 E.0018
G1 X124.597 Y137.31 E.00318
G1 X124.464 Y137.346 E.00185
G1 X123.923 Y137.298 E.00728
G1 X123.217 Y137.159 E.00964
G1 X122.363 Y136.904 E.01194
G1 X122.046 Y136.794 E.0045
G1 X121.207 Y136.38 E.01254
G1 X120.384 Y135.831 E.01325
G1 X119.68 Y135.213 E.01255
G1 X119.044 Y134.491 E.01289
G1 X118.508 Y133.691 E.0129
G1 X118.081 Y132.829 E.01289
G1 X117.77 Y131.918 E.0129
G1 X117.58 Y130.974 E.0129
G1 X117.529 Y130.411 E.00757
G1 X117.565 Y130.278 E.00185
G1 X117.884 Y130.09 E.00496
G1 X117.884 Y129.91 E.00241
G1 X117.776 Y129.83 E.0018
G1 X117.565 Y129.722 E.00318
G1 X117.529 Y129.589 E.00185
G1 X117.577 Y129.048 E.00728
G1 X117.749 Y128.178 E.01188
G1 X118.025 Y127.329 E.01196
G1 X118.402 Y126.52 E.01196
G1 X119.044 Y125.509 E.01605
G1 X119.662 Y124.805 E.01255
G1 X120.405 Y124.153 E.01324
G1 X121.184 Y123.633 E.01255
G1 X122.046 Y123.206 E.01289
G1 X122.957 Y122.895 E.0129
G1 X123.901 Y122.705 E.0129
G1 X124.464 Y122.654 E.00757
G1 X124.597 Y122.69 E.00185
G1 X124.785 Y123.009 E.00496
G1 X124.965 Y123.009 E.00241
G1 X125.045 Y122.901 E.0018
G1 X125.153 Y122.69 E.00318
G1 X125.286 Y122.654 E.00185
G1 X125.827 Y122.702 E.00728
G1 X126.767 Y122.888 E.01284
G1 X127.679 Y123.196 E.0129
G1 X128.505 Y123.601 E.01233
G1 X129.251 Y124.091 E.01196
G1 X129.933 Y124.667 E.01196
G1 X130.722 Y125.53 E.01567
G1 X131.242 Y126.309 E.01255
G1 X131.565 Y126.96 E.00974
G1 X131.679 Y127.196 E.00351
G1 X131.98 Y128.082 E.01254
G1 X132.17 Y129.026 E.0129
G1 X132.198 Y129.337 E.00418
G1 E-3.5 F3600
;WIPE_START
G1 F7200
G1 X132.203 Y129.397 E-.0286
G1 X132.221 Y129.589 E-.0916
G1 X132.193 Y129.71 E-.05899
G1 X131.866 Y129.91 E-.18207
G1 X131.866 Y130.09 E-.0855
G1 X132.193 Y130.29 E-.18207
G1 X132.221 Y130.411 E-.05899
G1 X132.173 Y130.952 E-.25798
G1 X131.987 Y131.892 E-.45516
G1 X131.92 Y132.09 E-.09904
;WIPE_END
G1 X133.436 Y130.961 F9000
G1 E5 F2400
;TYPE:Perimeter
;WIDTH:0.44641
G1 F1043
G1 X133.427 Y132.116 E.01649
;WIDTH:0.439999
G1 X133.427 Y133.954 E.02585
G1 X132.653 Y133.954 E.01089
;WIDTH:0.481342
G1 X132.083 Y134.1 E.00908
;WIDTH:0.50483
G1 X131.964 Y134.173 E.00226
G1 X132.023 Y134.047 E.00226
;WIDTH:0.481342
G1 X132.471 Y133.073 E.01655
;WIDTH:0.439999
G1 X132.807 Y132.055 E.01508
G1 X133.005 Y131.026 E.01474
;WIDTH:0.439892
G1 X133.044 Y130.394 E.0089
;WIDTH:0.445229
G1 X132.976 Y130 E.00569
G1 X133.007 Y129.933 E.00105
G1 X133.041 Y129.516 E.00596
;WIDTH:0.449552
G1 X132.994 Y128.862 E.00943
G1 X132.772 Y127.814 E.01541
;WIDTH:0.439999
G1 X132.471 Y126.927 E.01317
G1 X132.314 Y126.59 E.00523
;WIDTH:0.478578
G1 X131.889 Y125.738 E.01461
G1 X132.09 Y125.888 E.00385
;WIDTH:0.453461
G1 X132.653 Y126.046 E.00849
;WIDTH:0.439999
G1 X133.427 Y126.046 E.01089
G1 X133.427 Y126.575 E.00744
G1 X133.427 Y128.956 E.03348
;WIDTH:0.439892
G1 X133.439 Y129.499 E.00764
;WIDTH:0.445229
G1 X133.425 Y130 E.00714
G1 X133.439 Y130.501 E.00714
;WIDTH:0.44641
G1 X133.436 Y130.901 E.00571
G1 E-3.5 F3600
;WIPE_START
G1 F7200
G1 X133.436 Y130.961 E-.0285
G1 X133.427 Y132.116 E-.54864
G1 X133.427 Y133.954 E-.87305
G1 X133.322 Y133.954 E-.04981
;WIPE_END
G1 X131.964 Y134.173 F9000
G1 E5 F2400
;WIDTH:0.50483
G1 F1043
G1 X131.689 Y134.553 E.00761
;WIDTH:0.469449
G1 X131.414 Y134.932 E.00704
;WIDTH:0.435336
G1 X130.715 Y135.744 E.0149
;WIDTH:0.437194
G1 X129.916 Y136.458 E.01497
;WIDTH:0.439642
G1 X129.03 Y137.062 E.01507
;WIDTH:0.442684
G1 X128.074 Y137.545 E.01516
;WIDTH:0.446308
G1 X127.062 Y137.9 E.01531
;WIDTH:0.450298
G1 X126.042 Y138.114 E.01501
G1 X125.36 Y138.176 E.00987
G1 X124.62 Y138.178 E.01066
;WIDTH:0.452446
G1 X124.041 Y138.154 E.00839
;WIDTH:0.458798
G1 X123.052 Y137.988 E.01473
;WIDTH:0.460448
G1 X122.091 Y137.705 E.01477
;WIDTH:0.461508
G1 X121.171 Y137.307 E.01481
G1 X120.721 Y137.059 E.00759
;WIDTH:0.433446
G1 X119.943 Y136.539 E.01296
;WIDTH:0.461856
G1 X119.511 Y136.191 E.0082
G1 X119.132 Y135.839 E.00765
;WIDTH:0.433724
G1 X118.418 Y135.04 E.01485
;WIDTH:0.434746
G1 X117.815 Y134.154 E.01488
;WIDTH:0.436364
G1 X117.333 Y133.197 E.01494
;WIDTH:0.43857
G1 X116.979 Y132.186 E.01501
;WIDTH:0.44137
G1 X116.76 Y131.137 E.01512
G1 X116.7 Y130.485 E.00924
;WIDTH:0.449742
G1 X116.694 Y129.723 E.01096
G1 X116.738 Y128.999 E.01044
;WIDTH:0.45239
G1 X116.923 Y128.013 E.01452
;WIDTH:0.455468
G1 X117.227 Y127.058 E.01461
;WIDTH:0.457948
G1 X117.644 Y126.147 E.01469
;WIDTH:0.459842
G1 X118.17 Y125.293 E.01477
;WIDTH:0.461144
G1 X118.795 Y124.51 E.01479
;WIDTH:0.461854
G1 X119.511 Y123.809 E.01482
G1 X119.943 Y123.461 E.0082
;WIDTH:0.433448
G1 X120.721 Y122.941 E.01296
;WIDTH:0.461508
G1 X121.171 Y122.693 E.00759
G1 X121.678 Y122.459 E.00825
;WIDTH:0.434254
G1 X122.69 Y122.106 E.01487
;WIDTH:0.43563
G1 X123.739 Y121.888 E.01491
;WIDTH:0.435826
G1 X124.39 Y121.824 E.00911
;WIDTH:0.482782
G1 X125.042 Y121.821 E.0101
G1 X125.901 Y121.87 E.01332
;WIDTH:0.443286
G1 X126.93 Y122.067 E.01485
;WIDTH:0.447024
G1 X127.949 Y122.401 E.01533
;WIDTH:0.450954
G1 X128.877 Y122.847 E.01486
;WIDTH:0.45427
G1 X129.72 Y123.39 E.01458
;WIDTH:0.456998
G1 X130.49 Y124.032 E.01467
;WIDTH:0.459132
G1 X131.175 Y124.763 E.01473
;WIDTH:0.463666
G1 X131.807 Y125.628 E.01591
;WIDTH:0.478578
G1 X131.889 Y125.738 E.00211
G1 X132.391 Y125.527 F9000
;WIDTH:0.439999
G1 F1043
G1 X132.653 Y125.623 E.00392
G1 X133.85 Y125.623 E.01683
G1 X133.85 Y126.575 E.01339
G1 X133.85 Y134.377 E.10972
G1 X132.653 Y134.377 E.01683
G1 X132.322 Y134.474 E.00485
G1 X132.157 Y134.628 E.00317
G1 X131.509 Y135.514 E.01544
G1 X130.786 Y136.283 E.01484
G1 X129.974 Y136.957 E.01484
G1 X129.087 Y137.528 E.01484
G1 X128.136 Y137.986 E.01484
G1 X127.137 Y138.324 E.01483
G1 X126.103 Y138.538 E.01485
G1 X125.052 Y138.624 E.01483
G1 X123.997 Y138.581 E.01485
G1 X122.956 Y138.41 E.01484
G1 X121.944 Y138.113 E.01483
G1 X120.975 Y137.694 E.01485
G1 X120.065 Y137.16 E.01484
G1 X119.226 Y136.519 E.01485
G1 X118.473 Y135.781 E.01483
G1 X117.815 Y134.956 E.01484
G1 X117.262 Y134.057 E.01484
G1 X116.824 Y133.097 E.01484
G1 X116.506 Y132.091 E.01484
G1 X116.314 Y131.053 E.01485
G1 X116.249 Y130 E.01484
G1 X116.314 Y128.947 E.01484
G1 X116.506 Y127.909 E.01485
G1 X116.824 Y126.903 E.01484
G1 X117.262 Y125.943 E.01484
G1 X117.815 Y125.044 E.01484
G1 X118.473 Y124.219 E.01484
G1 X119.226 Y123.481 E.01483
G1 X120.065 Y122.84 E.01485
G1 X120.975 Y122.306 E.01484
G1 X121.944 Y121.887 E.01485
G1 X122.956 Y121.59 E.01483
G1 X123.997 Y121.419 E.01484
G1 X125.052 Y121.376 E.01485
G1 X126.103 Y121.462 E.01483
G1 X127.137 Y121.676 E.01485
G1 X128.136 Y122.014 E.01483
G1 X129.087 Y122.472 E.01484
G1 X129.974 Y123.043 E.01484
G1 X130.786 Y123.717 E.01484
G1 X131.49 Y124.467 E.01447
G1 X132.257 Y125.478 E.01785
G1 X132.334 Y125.506 E.00115
G1 X132.572 Y125.169 F9000
;TYPE:External perimeter
;WIDTH:0.419999
G1 F1043
G1 X132.653 Y125.21 E.00122
G1 X134.263 Y125.21 E.02157
G1 X134.263 Y126.575 E.01829
G1 X134.263 Y134.79 E.11007
G1 X132.653 Y134.79 E.02157
G1 X132.49 Y134.872 E.00244
G1 X131.827 Y135.778 E.01504
G1 X131.069 Y136.584 E.01482
G1 X130.219 Y137.291 E.01481
G1 X129.289 Y137.889 E.01481
G1 X128.292 Y138.369 E.01483
G1 X127.245 Y138.723 E.01481
G1 X126.162 Y138.947 E.01482
G1 X125.06 Y139.038 E.01482
G1 X123.955 Y138.993 E.01482
G1 X122.864 Y138.813 E.01482
G1 X121.803 Y138.502 E.01481
G1 X120.788 Y138.063 E.01482
G1 X119.834 Y137.504 E.01481
G1 X118.956 Y136.832 E.01481
G1 X118.166 Y136.058 E.01482
G1 X117.476 Y135.194 E.01481
G1 X116.897 Y134.251 E.01483
G1 X116.438 Y133.245 E.01482
G1 X116.105 Y132.191 E.01481
G1 X115.903 Y131.104 E.01481
G1 X115.835 Y130 E.01482
G1 X115.903 Y128.896 E.01482
G1 X116.105 Y127.809 E.01481
G1 X116.438 Y126.755 E.01481
G1 X116.897 Y125.749 E.01482
G1 X117.476 Y124.806 E.01483
G1 X118.166 Y123.942 E.01481
G1 X118.956 Y123.168 E.01482
G1 X119.834 Y122.496 E.01481
G1 X120.788 Y121.937 E.01481
G1 X121.803 Y121.498 E.01482
G1 X122.864 Y121.187 E.01481
G1 X123.955 Y121.007 E.01482
G1 X125.06 Y120.962 E.01482
G1 X126.162 Y121.053 E.01482
G1 X127.245 Y121.277 E.01482
G1 X128.292 Y121.631 E.01481
G1 X129.289 Y122.111 E.01483
G1 X130.219 Y122.709 E.01481
G1 X131.069 Y123.416 E.01481
G1 X131.827 Y124.222 E.01482
G1 X132.49 Y125.128 E.01504
G1 X132.518 Y125.142 E.00042
G1 X133.099 Y126.901 F9000
;TYPE:Internal infill
;WIDTH:0.44
G1 F1043
G1 X132.88 Y127.12 E.00436
G1 E-3.5 F3600
;WIPE_START
G1 F7200
G1 X133.099 Y126.901 E-.14711
;WIPE_END
G1 E-1.35289 F3600
G1 X132.88 Y132.88 F9000
G1 E5 F2400
G1 F1043
G1 X133.102 Y133.102 E.00442
G1 E-3.5 F3600
;WIPE_START
G1 F7200
G1 X132.88 Y132.88 E-.14913
;WIPE_END
G1 E-1.35087 F3600
G1 X143.326 Y133.951 F9000
G1 E5 F2400
;TYPE:Perimeter
;WIDTH:0.446518
G1 F1043
G1 X143.326 Y126.049 E.11284
G1 X143.752 Y125.623 F9000
;WIDTH:0.439999
G1 F1043
G1 X143.752 Y126.049 E.00599
G1 X143.752 Y134.377 E.11712
G1 X142.9 Y134.377 E.01198
G1 X142.9 Y125.623 E.12311
G1 X143.692 Y125.623 E.01114
G1 X144.165 Y125.21 F9000
;TYPE:External perimeter
;WIDTH:0.419999
G1 F1043
G1 X144.165 Y126.049 E.01124
G1 X144.165 Y134.79 E.11711
G1 X142.487 Y134.79 E.02248
G1 X142.487 Y125.21 E.12835
G1 X144.105 Y125.21 E.02168
;LAYER_CHANGE
;Z:5.32
;HEIGHT:0.0800004
;BEFORE_LAYER_CHANGE
G92 E0
;5.32


G1 E-3.5 F3600
;WIPE_START
G1 F7200
G1 X144.165 Y125.21 E-.0285
G1 X144.165 Y126.049 E-.39852
G1 X144.165 Y128.308 E-1.07298
;WIPE_END
G1 Z5.32 F9000
;AFTER_LAYER_CHANGE
;5.32
G1 X132.506 Y129.985
G1 E5 F2400
;TYPE:Perimeter
;WIDTH:0.439999
G1 F1048
G1 X132.488 Y130 E.00033
G1 X132.56 Y130.059 E.00131
G1 X132.636 Y130.354 E.00428
G1 X132.584 Y130.986 E.00892
G1 X132.392 Y131.973 E.01414
G1 X132.07 Y132.937 E.01429
G1 X131.625 Y133.851 E.0143
G1 X131.065 Y134.699 E.01429
G1 X130.399 Y135.467 E.0143
G1 X129.638 Y136.141 E.0143
G1 X128.796 Y136.71 E.01429
G1 X127.886 Y137.165 E.01431
G1 X126.925 Y137.496 E.01429
G1 X125.959 Y137.694 E.01387
G1 X125.28 Y137.758 E.00959
G1 X125.026 Y137.726 E.0036
G1 X124.875 Y137.632 E.0025
G1 X124.724 Y137.726 E.0025
G1 X124.47 Y137.759 E.0036
G1 X123.889 Y137.709 E.0082
G1 X122.825 Y137.496 E.01526
G1 X121.938 Y137.195 E.01317
G1 X120.954 Y136.71 E.01543
G1 X120.176 Y136.19 E.01316
G1 X119.408 Y135.524 E.0143
G1 X118.734 Y134.763 E.0143
G1 X118.165 Y133.921 E.01429
G1 X117.71 Y133.011 E.01431
G1 X117.379 Y132.05 E.01429
G1 X117.175 Y131.054 E.0143
G1 X117.117 Y130.405 E.00916
G1 X117.148 Y130.152 E.00358
G1 X117.243 Y130 E.00252
G1 X117.148 Y129.848 E.00252
G1 X117.116 Y129.595 E.00359
G1 X117.166 Y129.014 E.0082
G1 X117.344 Y128.097 E.01314
G1 X117.703 Y127.005 E.01617
G1 X118.032 Y126.338 E.01046
G1 X118.529 Y125.534 E.01329
G1 X118.734 Y125.237 E.00508
G1 X119.351 Y124.533 E.01316
G1 X120.176 Y123.81 E.01543
G1 X120.954 Y123.29 E.01316
G1 X121.864 Y122.835 E.01431
G1 X122.825 Y122.504 E.01429
G1 X123.821 Y122.3 E.0143
G1 X124.47 Y122.241 E.00916
G1 X124.724 Y122.274 E.0036
G1 X124.875 Y122.368 E.0025
G1 X125.026 Y122.274 E.0025
G1 X125.28 Y122.241 E.0036
G1 X125.861 Y122.291 E.0082
G1 X126.848 Y122.483 E.01414
G1 X127.812 Y122.805 E.01429
G1 X128.688 Y123.231 E.0137
G1 X129.481 Y123.748 E.01331
G1 X130.205 Y124.356 E.0133
G1 X131.065 Y125.301 E.01797
G1 X131.585 Y126.079 E.01316
G1 X132.07 Y127.063 E.01543
G1 X132.371 Y127.95 E.01317
G1 X132.575 Y128.946 E.0143
G1 X132.633 Y129.595 E.00916
G1 X132.61 Y129.822 E.00321
G1 X132.56 Y129.941 E.00182
G1 X132.553 Y129.947 E.00013
G1 X132.171 Y129.76 F9000
;TYPE:External perimeter
;WIDTH:0.419999
G1 F1048
G1 X131.9 Y129.93 E.00429
G1 X131.9 Y130.07 E.00188
G1 X132.198 Y130.257 E.00471
G1 X132.222 Y130.371 E.00156
G1 X132.173 Y130.951 E.0078
G1 X131.987 Y131.892 E.01285
G1 X131.679 Y132.804 E.0129
G1 X131.255 Y133.668 E.01289
G1 X130.722 Y134.47 E.0129
G1 X130.088 Y135.195 E.0129
G1 X129.366 Y135.831 E.01289
G1 X128.566 Y136.367 E.0129
G1 X127.704 Y136.794 E.01289
G1 X126.793 Y137.105 E.0129
G1 X125.878 Y137.289 E.0125
G1 X125.245 Y137.347 E.00852
G1 X125.121 Y137.317 E.00171
G1 X124.91 Y137.016 E.00493
G1 X124.805 Y137.025 E.00141
G1 X124.588 Y137.337 E.00509
G1 X123.924 Y137.298 E.00891
G1 X123.217 Y137.159 E.00965
G1 X122.046 Y136.794 E.01643
G1 X121.207 Y136.38 E.01254
G1 X120.777 Y136.095 E.00691
G1 X120.384 Y135.831 E.00634
G1 X119.68 Y135.213 E.01255
G1 X119.044 Y134.491 E.01289
G1 X118.508 Y133.691 E.0129
G1 X118.081 Y132.829 E.01289
G1 X117.77 Y131.918 E.0129
G1 X117.58 Y130.974 E.0129
G1 X117.528 Y130.37 E.00812
G1 X117.558 Y130.246 E.00171
G1 X117.859 Y130.035 E.00493
G1 X117.85 Y129.93 E.00141
G1 X117.538 Y129.713 E.00509
G1 X117.575 Y129.07 E.00863
G1 X117.749 Y128.178 E.01218
G1 X118.078 Y127.177 E.01412
G1 X118.402 Y126.52 E.00981
G1 X118.873 Y125.763 E.01195
G1 X119.044 Y125.509 E.0041
G1 X119.662 Y124.805 E.01255
G1 X120.405 Y124.153 E.01324
G1 X121.184 Y123.633 E.01255
G1 X122.046 Y123.206 E.01289
G1 X122.957 Y122.895 E.0129
G1 X123.901 Y122.705 E.0129
G1 X124.504 Y122.653 E.00811
G1 X124.629 Y122.683 E.00172
G1 X124.84 Y122.984 E.00493
G1 X124.945 Y122.975 E.00141
G1 X125.162 Y122.663 E.00509
G1 X125.826 Y122.702 E.00891
G1 X126.767 Y122.888 E.01285
G1 X127.679 Y123.196 E.0129
G1 X128.505 Y123.601 E.01233
G1 X129.251 Y124.091 E.01196
G1 X129.933 Y124.667 E.01196
G1 X130.722 Y125.53 E.01567
G1 X131.242 Y126.309 E.01255
G1 X131.679 Y127.196 E.01325
G1 X131.98 Y128.082 E.01254
G1 X132.17 Y129.026 E.0129
G1 X132.222 Y129.63 E.00812
G1 X132.204 Y129.715 E.00116
G1 X133.416 Y130.976 F9000
;TYPE:Perimeter
;WIDTH:0.438732
G1 F1048
G1 X133.412 Y131.15 E.00244
;WIDTH:0.439999
G1 X133.411 Y133.954 E.03943
G1 X132.653 Y133.954 E.01066
;WIDTH:0.481342
G1 X132.083 Y134.1 E.00908
;WIDTH:0.50483
G1 X131.964 Y134.173 E.00226
G1 X132.023 Y134.047 E.00226
;WIDTH:0.481342
G1 X132.471 Y133.073 E.01655
;WIDTH:0.439999
G1 X132.807 Y132.055 E.01508
G1 X133.002 Y131.022 E.01478
;WIDTH:0.431566
G1 X133.038 Y130.44 E.00804
;WIDTH:0.430534
G1 X133.011 Y129.941 E.00687
G1 X133.038 Y129.561 E.00524
;WIDTH:0.441367
G1 X132.99 Y128.863 E.00987
G1 X132.772 Y127.814 E.01512
;WIDTH:0.439999
G1 X132.471 Y126.927 E.01317
G1 X132.314 Y126.59 E.00523
;WIDTH:0.478578
G1 X131.889 Y125.738 E.01461
G1 X132.09 Y125.888 E.00385
;WIDTH:0.453461
G1 X132.653 Y126.046 E.00849
;WIDTH:0.439999
G1 X133.411 Y126.046 E.01066
G1 X133.411 Y126.569 E.00736
G1 X133.415 Y128.961 E.03364
;WIDTH:0.431561
G1 X133.424 Y129.858 E.01236
;WIDTH:0.414004
G1 X133.428 Y130.456 E.00789
;WIDTH:0.438732
G1 X133.417 Y130.916 E.00645
G1 E-3.5 F3600
;WIPE_START
G1 F7200
G1 X133.416 Y130.976 E-.0285
G1 X133.412 Y131.15 E-.08267
G1 X133.411 Y133.954 E-1.3319
G1 X133.291 Y133.954 E-.05693
;WIPE_END
G1 X131.964 Y134.173 F9000
G1 E5 F2400
;WIDTH:0.50483
G1 F1048
G1 X131.689 Y134.553 E.00761
;WIDTH:0.469449
G1 X131.414 Y134.932 E.00704
;WIDTH:0.435336
G1 X130.715 Y135.744 E.0149
;WIDTH:0.437194
G1 X129.916 Y136.458 E.01497
;WIDTH:0.439642
G1 X129.03 Y137.062 E.01507
;WIDTH:0.442684
G1 X128.074 Y137.545 E.01516
;WIDTH:0.44631
G1 X127.062 Y137.9 E.01531
;WIDTH:0.450298
G1 X126.042 Y138.114 E.01501
G1 X125.316 Y138.179 E.0105
;WIDTH:0.450598
G1 X124.66 Y138.18 E.00946
;WIDTH:0.453152
G1 X124.041 Y138.153 E.00898
;WIDTH:0.458798
G1 X123.052 Y137.988 E.01473
;WIDTH:0.460448
G1 X122.091 Y137.705 E.01477
;WIDTH:0.461508
G1 X121.171 Y137.307 E.01481
G1 X120.721 Y137.059 E.00759
;WIDTH:0.433448
G1 X119.943 Y136.539 E.01296
;WIDTH:0.461856
G1 X119.511 Y136.191 E.0082
G1 X119.132 Y135.839 E.00765
;WIDTH:0.433724
G1 X118.418 Y135.04 E.01485
;WIDTH:0.434748
G1 X117.815 Y134.154 E.01489
;WIDTH:0.436366
G1 X117.333 Y133.197 E.01494
;WIDTH:0.43857
G1 X116.979 Y132.186 E.01501
;WIDTH:0.44137
G1 X116.76 Y131.137 E.01512
G1 X116.697 Y130.441 E.00986
;WIDTH:0.45082
G1 X116.693 Y129.763 E.00978
G1 X116.738 Y128.999 E.01104
;WIDTH:0.45239
G1 X116.923 Y128.013 E.01452
;WIDTH:0.455468
G1 X117.227 Y127.058 E.01461
;WIDTH:0.457948
G1 X117.644 Y126.147 E.01469
;WIDTH:0.459842
G1 X118.17 Y125.293 E.01477
;WIDTH:0.461144
G1 X118.795 Y124.51 E.01479
;WIDTH:0.461856
G1 X119.511 Y123.809 E.01482
G1 X119.943 Y123.461 E.0082
;WIDTH:0.433448
G1 X120.721 Y122.941 E.01296
;WIDTH:0.461508
G1 X121.171 Y122.693 E.00759
G1 X121.678 Y122.459 E.00825
;WIDTH:0.434254
G1 X122.69 Y122.106 E.01487
;WIDTH:0.435632
G1 X123.739 Y121.888 E.01491
;WIDTH:0.435908
G1 X124.434 Y121.822 E.00972
;WIDTH:0.479606
G1 X125.004 Y121.821 E.00877
G1 X125.897 Y121.869 E.01375
;WIDTH:0.443286
G1 X126.93 Y122.067 E.01491
;WIDTH:0.447022
G1 X127.949 Y122.401 E.01533
;WIDTH:0.450952
G1 X128.877 Y122.847 E.01485
;WIDTH:0.45427
G1 X129.72 Y123.39 E.01458
;WIDTH:0.456998
G1 X130.49 Y124.032 E.01467
;WIDTH:0.459132
G1 X131.175 Y124.763 E.01473
;WIDTH:0.463666
G1 X131.807 Y125.628 E.01591
;WIDTH:0.478578
G1 X131.889 Y125.738 E.00211
G1 X132.391 Y125.527 F9000
;WIDTH:0.439999
G1 F1048
G1 X132.653 Y125.623 E.00392
G1 X133.834 Y125.623 E.01661
G1 X133.834 Y126.569 E.0133
G1 X133.834 Y134.377 E.10981
G1 X132.653 Y134.377 E.01661
G1 X132.322 Y134.474 E.00485
G1 X132.157 Y134.628 E.00317
G1 X131.509 Y135.514 E.01544
G1 X130.786 Y136.283 E.01484
G1 X129.974 Y136.957 E.01484
G1 X129.087 Y137.528 E.01484
G1 X128.136 Y137.986 E.01484
G1 X127.137 Y138.324 E.01483
G1 X126.103 Y138.538 E.01485
G1 X125.052 Y138.624 E.01483
G1 X123.997 Y138.581 E.01485
G1 X122.956 Y138.41 E.01484
G1 X121.944 Y138.113 E.01483
G1 X120.975 Y137.694 E.01485
G1 X120.065 Y137.16 E.01484
G1 X119.226 Y136.519 E.01485
G1 X118.473 Y135.781 E.01483
G1 X117.815 Y134.956 E.01484
G1 X117.262 Y134.057 E.01484
G1 X116.824 Y133.097 E.01484
G1 X116.506 Y132.091 E.01484
G1 X116.314 Y131.053 E.01485
G1 X116.249 Y130 E.01484
G1 X116.314 Y128.947 E.01484
G1 X116.506 Y127.909 E.01485
G1 X116.824 Y126.903 E.01484
G1 X117.262 Y125.943 E.01484
G1 X117.815 Y125.044 E.01484
G1 X118.473 Y124.219 E.01484
G1 X119.226 Y123.481 E.01483
G1 X120.065 Y122.84 E.01485
G1 X120.975 Y122.306 E.01484
G1 X121.944 Y121.887 E.01485
G1 X122.956 Y121.59 E.01483
G1 X123.997 Y121.419 E.01484
G1 X125.052 Y121.376 E.01485
G1 X126.103 Y121.462 E.01483
G1 X127.137 Y121.676 E.01485
G1 X128.136 Y122.014 E.01483
G1 X129.087 Y122.472 E.01484
G1 X129.974 Y123.043 E.01484
G1 X130.786 Y123.717 E.01484
G1 X131.49 Y124.467 E.01447
G1 X132.257 Y125.478 E.01785
G1 X132.334 Y125.506 E.00115
G1 X132.572 Y125.169 F9000
;TYPE:External perimeter
;WIDTH:0.419999
G1 F1048
G1 X132.653 Y125.21 E.00122
G1 X134.247 Y125.21 E.02136
G1 X134.247 Y126.569 E.01821
G1 X134.247 Y134.79 E.11015
G1 X132.653 Y134.79 E.02136
G1 X132.49 Y134.872 E.00244
G1 X131.827 Y135.778 E.01504
G1 X131.069 Y136.584 E.01482
G1 X130.219 Y137.291 E.01481
G1 X129.289 Y137.889 E.01481
G1 X128.292 Y138.369 E.01483
G1 X127.245 Y138.723 E.01481
G1 X126.162 Y138.947 E.01482
G1 X125.06 Y139.038 E.01482
G1 X123.955 Y138.993 E.01482
G1 X122.864 Y138.813 E.01482
G1 X121.803 Y138.502 E.01481
G1 X120.788 Y138.063 E.01482
G1 X119.834 Y137.504 E.01481
G1 X118.956 Y136.832 E.01481
G1 X118.166 Y136.058 E.01482
G1 X117.476 Y135.194 E.01481
G1 X116.897 Y134.251 E.01483
G1 X116.438 Y133.245 E.01482
G1 X116.105 Y132.191 E.01481
G1 X115.903 Y131.104 E.01481
G1 X115.835 Y130 E.01482
G1 X115.903 Y128.896 E.01482
G1 X116.105 Y127.809 E.01481
G1 X116.438 Y126.755 E.01481
G1 X116.897 Y125.749 E.01482
G1 X117.476 Y124.806 E.01483
G1 X118.166 Y123.942 E.01481
G1 X118.956 Y123.168 E.01482
G1 X119.834 Y122.496 E.01481
G1 X120.788 Y121.937 E.01481
G1 X121.803 Y121.498 E.01482
G1 X122.864 Y121.187 E.01481
G1 X123.955 Y121.007 E.01482
G1 X125.06 Y120.962 E.01482
G1 X126.162 Y121.053 E.01482
G1 X127.245 Y121.277 E.01482
G1 X128.292 Y121.631 E.01481
G1 X129.289 Y122.111 E.01483
G1 X130.219 Y122.709 E.01481
G1 X131.069 Y123.416 E.01481
G1 X131.827 Y124.222 E.01482
G1 X132.49 Y125.128 E.01504
G1 X132.518 Y125.142 E.00042
G1 X132.544 Y126.339 F9000
;TYPE:Solid infill
;WIDTH:0.429915
G1 F1048
G1 X133.09 Y126.366 E.0075
G1 X133.09 Y127.661 E.01778
G1 X133.055 Y127.652 E.0005
G1 X132.767 Y126.807 E.01226
G1 X132.635 Y126.53 E.00421
G1 E-3.5 F3600
;WIPE_START
G1 F7200
G1 X132.767 Y126.807 E-.14575
G1 X133.055 Y127.652 E-.42405
G1 X133.09 Y127.661 E-.01717
G1 X133.09 Y126.366 E-.61513
G1 X132.544 Y126.339 E-.25967
;WIPE_END
G1 E-.03823 F3600
G1 X132.544 Y133.661 F9000
G1 E5 F2400
;WIDTH:0.429981
G1 F1048
G1 X132.776 Y133.17 E.00746
G1 X133.076 Y132.334 E.0122
G1 X133.09 Y132.337 E.0002
G1 X133.09 Y133.634 E.01781
G1 X132.755 Y133.65 E.0046
G1 E-3.5 F3600
;WIPE_START
G1 F7200
G1 X133.09 Y133.634 E-.15931
G1 X133.09 Y132.337 E-.61608
G1 X133.076 Y132.334 E-.0068
G1 X132.776 Y133.17 E-.42189
G1 X132.544 Y133.661 E-.25795
;WIPE_END
G1 E-.03797 F3600
G1 X143.334 Y133.959 F9000
G1 E5 F2400
;TYPE:Perimeter
;WIDTH:0.430296
G1 F1048
G1 X143.334 Y126.041 E.1088
G1 X142.916 Y125.623 F9000
;WIDTH:0.439999
G1 F1048
G1 X143.752 Y125.623 E.01176
G1 X143.752 Y126.041 E.00588
G1 X143.752 Y134.377 E.11723
G1 X142.916 Y134.377 E.01176
G1 X142.916 Y125.683 E.12227
G1 X142.503 Y125.21 F9000
;TYPE:External perimeter
;WIDTH:0.419999
G1 F1048
G1 X144.165 Y125.21 E.02227
G1 X144.165 Y126.041 E.01113
G1 X144.165 Y134.79 E.11722
G1 X142.503 Y134.79 E.02227
G1 X142.503 Y125.27 E.12755
;LAYER_CHANGE
;Z:5.4
;HEIGHT:0.0799999
;BEFORE_LAYER_CHANGE
G92 E0
;5.4


G1 E-3.5 F3600
;WIPE_START
G1 F7200
G1 X142.503 Y125.21 E-.0285
G1 X144.165 Y125.21 E-.78945
G1 X144.165 Y126.041 E-.39472
G1 X144.165 Y126.646 E-.28733
;WIPE_END
G1 Z5.4 F9000
;AFTER_LAYER_CHANGE
;5.4
G1 X132.53 Y130.01
G1 E5 F2400
;TYPE:Perimeter
;WIDTH:0.439999
G1 F1045
G1 X132.617 Y130.156 E.00239
G1 X132.635 Y130.363 E.00292
G1 X132.585 Y130.984 E.00876
G1 X132.392 Y131.973 E.01417
G1 X132.07 Y132.937 E.01429
G1 X131.625 Y133.851 E.0143
G1 X131.065 Y134.699 E.01429
G1 X130.399 Y135.467 E.0143
G1 X129.638 Y136.141 E.0143
G1 X128.796 Y136.71 E.01429
G1 X127.886 Y137.165 E.01431
G1 X126.925 Y137.496 E.01429
G1 X125.959 Y137.694 E.01387
G1 X125.238 Y137.76 E.01018
G1 X125.008 Y137.735 E.00325
G1 X124.863 Y137.683 E.00217
G1 X124.643 Y137.757 E.00326
G1 X124.076 Y137.725 E.00799
G1 X122.825 Y137.496 E.01789
G1 X121.938 Y137.195 E.01317
G1 X120.954 Y136.71 E.01543
G1 X120.176 Y136.19 E.01316
G1 X119.408 Y135.524 E.0143
G1 X118.734 Y134.763 E.0143
G1 X118.22 Y134.004 E.01289
G1 X117.714 Y133.018 E.01559
G1 X117.379 Y132.05 E.01441
G1 X117.175 Y131.054 E.0143
G1 X117.115 Y130.363 E.00975
G1 X117.14 Y130.134 E.00324
G1 X117.192 Y129.987 E.00219
G1 X117.117 Y129.755 E.00343
G1 X117.164 Y129.034 E.01016
G1 X117.344 Y128.097 E.01342
G1 X117.703 Y127.005 E.01617
G1 X118.032 Y126.338 E.01046
G1 X118.529 Y125.534 E.01329
G1 X119.128 Y124.795 E.01338
G1 X119.414 Y124.471 E.00608
G1 X120.201 Y123.798 E.01456
G1 X120.954 Y123.29 E.01277
G1 X121.864 Y122.835 E.01431
G1 X122.825 Y122.504 E.01429
G1 X123.821 Y122.3 E.0143
G1 X124.512 Y122.24 E.00975
G1 X124.742 Y122.265 E.00325
G1 X124.887 Y122.317 E.00217
G1 X125.132 Y122.24 E.00361
G1 X125.859 Y122.29 E.01025
G1 X126.848 Y122.483 E.01417
G1 X127.812 Y122.805 E.01429
G1 X128.688 Y123.231 E.0137
G1 X129.481 Y123.748 E.01331
G1 X130.208 Y124.362 E.01338
G1 X131.065 Y125.301 E.01788
G1 X131.585 Y126.079 E.01316
G1 X132.07 Y127.063 E.01543
G1 X132.371 Y127.95 E.01317
G1 X132.575 Y128.946 E.0143
G1 X132.635 Y129.637 E.00975
G1 X132.617 Y129.844 E.00292
G1 X132.548 Y129.959 E.00189
G1 X132.17 Y129.796 F9000
;TYPE:External perimeter
;WIDTH:0.419999
G1 F1045
G1 X131.996 Y129.905 E.00275
G1 X131.929 Y129.975 E.0013
G1 X131.953 Y130.069 E.0013
G1 X132.204 Y130.225 E.00396
G1 X132.224 Y130.33 E.00143
G1 X132.173 Y130.951 E.00835
G1 X131.987 Y131.892 E.01285
G1 X131.679 Y132.804 E.0129
G1 X131.255 Y133.668 E.01289
G1 X130.722 Y134.47 E.0129
G1 X130.088 Y135.195 E.0129
G1 X129.366 Y135.831 E.01289
G1 X128.566 Y136.367 E.0129
G1 X127.704 Y136.794 E.01289
G1 X126.793 Y137.105 E.0129
G1 X125.878 Y137.289 E.0125
G1 X125.205 Y137.349 E.00905
G1 X125.09 Y137.323 E.00158
G1 X124.875 Y137.047 E.00469
G1 X124.787 Y137.096 E.00135
G1 X124.66 Y137.323 E.00349
G1 X124.545 Y137.349 E.00158
G1 X123.924 Y137.298 E.00835
G1 X123.217 Y137.159 E.00965
G1 X122.046 Y136.794 E.01643
G1 X121.207 Y136.38 E.01254
G1 X120.777 Y136.095 E.00691
G1 X120.384 Y135.831 E.00634
G1 X119.68 Y135.213 E.01255
G1 X119.044 Y134.491 E.01289
G1 X118.563 Y133.774 E.01157
G1 X118.082 Y132.831 E.01418
G1 X117.77 Y131.918 E.01293
G1 X117.58 Y130.974 E.0129
G1 X117.526 Y130.33 E.00866
G1 X117.552 Y130.215 E.00158
G1 X117.828 Y130 E.00469
G1 X117.779 Y129.912 E.00135
G1 X117.551 Y129.785 E.0035
G1 X117.526 Y129.67 E.00158
G1 X117.577 Y129.049 E.00835
G1 X117.749 Y128.178 E.0119
G1 X118.078 Y127.177 E.01412
G1 X118.402 Y126.52 E.00981
G1 X118.873 Y125.763 E.01195
G1 X119.682 Y124.785 E.01701
G1 X120.469 Y124.112 E.01387
G1 X121.184 Y123.633 E.01153
G1 X122.046 Y123.206 E.01289
G1 X122.957 Y122.895 E.0129
G1 X123.901 Y122.705 E.0129
G1 X124.545 Y122.651 E.00866
G1 X124.66 Y122.677 E.00158
G1 X124.875 Y122.953 E.00469
G1 X124.963 Y122.904 E.00135
G1 X125.09 Y122.677 E.00349
G1 X125.205 Y122.651 E.00158
G1 X125.826 Y122.702 E.00835
G1 X126.767 Y122.888 E.01285
G1 X127.679 Y123.196 E.0129
G1 X128.505 Y123.601 E.01233
G1 X129.251 Y124.091 E.01196
G1 X129.94 Y124.675 E.0121
G1 X130.722 Y125.53 E.01552
G1 X131.242 Y126.309 E.01255
G1 X131.679 Y127.196 E.01325
G1 X131.98 Y128.082 E.01254
G1 X132.17 Y129.026 E.0129
G1 X132.224 Y129.67 E.00866
G1 X132.208 Y129.755 E.00116
G1 X133.403 Y131.015 F9000
;TYPE:Perimeter
;WIDTH:0.431224
G1 F1045
G1 X133.399 Y131.177 E.00223
;WIDTH:0.439999
G1 X133.395 Y133.954 E.03905
G1 X132.653 Y133.954 E.01044
;WIDTH:0.481342
G1 X132.083 Y134.1 E.00908
;WIDTH:0.50483
G1 X131.964 Y134.173 E.00226
G1 X132.023 Y134.047 E.00226
;WIDTH:0.481342
G1 X132.471 Y133.073 E.01655
;WIDTH:0.439999
G1 X132.807 Y132.055 E.01508
G1 X132.998 Y131.018 E.01483
;WIDTH:0.423274
G1 X133.038 Y130.314 E.00952
;WIDTH:0.397985
G1 X133.036 Y129.604 E.00899
;WIDTH:0.433177
G1 X132.986 Y128.864 E.01026
;WIDTH:0.439999
G1 X132.772 Y127.814 E.01507
G1 X132.471 Y126.927 E.01317
G1 X132.314 Y126.59 E.00523
;WIDTH:0.478578
G1 X131.889 Y125.738 E.01461
G1 X132.09 Y125.888 E.00385
;WIDTH:0.453461
G1 X132.653 Y126.046 E.00849
;WIDTH:0.439999
G1 X133.395 Y126.046 E.01044
G1 X133.395 Y126.563 E.00727
G1 X133.403 Y128.966 E.03379
;WIDTH:0.423274
G1 X133.412 Y129.896 E.01256
;WIDTH:0.405126
G1 X133.416 Y130.412 E.00666
;WIDTH:0.431224
G1 X133.404 Y130.955 E.00748
G1 E-3.5 F3600
;WIPE_START
G1 F7200
G1 X133.403 Y131.015 E-.0285
G1 X133.399 Y131.177 E-.07697
G1 X133.395 Y133.954 E-1.31908
G1 X133.236 Y133.954 E-.07545
;WIPE_END
G1 X131.964 Y134.173 F9000
G1 E5 F2400
;WIDTH:0.50483
G1 F1045
G1 X131.689 Y134.553 E.00761
;WIDTH:0.469449
G1 X131.414 Y134.932 E.00704
;WIDTH:0.435336
G1 X130.715 Y135.744 E.0149
;WIDTH:0.437194
G1 X129.916 Y136.458 E.01497
;WIDTH:0.439642
G1 X129.03 Y137.062 E.01507
;WIDTH:0.442682
G1 X128.074 Y137.545 E.01516
;WIDTH:0.446308
G1 X127.062 Y137.9 E.01531
;WIDTH:0.450298
G1 X126.042 Y138.114 E.01501
G1 X125.273 Y138.182 E.01112
;WIDTH:0.45085
G1 X124.7 Y138.181 E.00827
;WIDTH:0.45375
G1 X124.041 Y138.153 E.00958
;WIDTH:0.458798
G1 X123.052 Y137.988 E.01473
;WIDTH:0.460448
G1 X122.091 Y137.705 E.01477
;WIDTH:0.461508
G1 X121.171 Y137.307 E.01481
G1 X120.721 Y137.059 E.00759
;WIDTH:0.433446
G1 X119.943 Y136.539 E.01296
;WIDTH:0.461854
G1 X119.511 Y136.191 E.0082
G1 X119.132 Y135.839 E.00765
;WIDTH:0.433724
G1 X118.418 Y135.04 E.01485
;WIDTH:0.438562
G1 X117.869 Y134.238 E.01362
G1 X117.338 Y133.209 E.01623
G1 X116.979 Y132.186 E.0152
;WIDTH:0.44137
G1 X116.76 Y131.137 E.01512
G1 X116.695 Y130.397 E.01048
;WIDTH:0.451898
G1 X116.691 Y129.803 E.00859
G1 X116.738 Y128.999 E.01165
;WIDTH:0.452388
G1 X116.923 Y128.013 E.01452
;WIDTH:0.455468
G1 X117.227 Y127.058 E.01461
;WIDTH:0.457948
G1 X117.644 Y126.147 E.01469
;WIDTH:0.459842
G1 X118.17 Y125.293 E.01477
;WIDTH:0.46545
G1 X118.797 Y124.512 E.01493
;WIDTH:0.468268
G1 X119.513 Y123.812 E.01502
G1 X119.926 Y123.477 E.00798
;WIDTH:0.439248
G1 X120.721 Y122.941 E.01346
;WIDTH:0.461508
G1 X121.171 Y122.693 E.00759
G1 X121.678 Y122.459 E.00825
;WIDTH:0.434254
G1 X122.69 Y122.106 E.01487
;WIDTH:0.43563
G1 X123.739 Y121.888 E.01491
;WIDTH:0.43602
G1 X124.477 Y121.82 E.01032
;WIDTH:0.465812
G1 X125.043 Y121.812 E.00845
G1 X125.894 Y121.869 E.01273
;WIDTH:0.443288
G1 X126.93 Y122.067 E.01495
;WIDTH:0.447024
G1 X127.949 Y122.401 E.01533
;WIDTH:0.450954
G1 X128.877 Y122.847 E.01486
;WIDTH:0.45427
G1 X129.72 Y123.39 E.01458
;WIDTH:0.459194
G1 X130.489 Y124.033 E.01474
G1 X131.175 Y124.763 E.01473
;WIDTH:0.463666
G1 X131.807 Y125.628 E.01591
;WIDTH:0.478578
G1 X131.889 Y125.738 E.00211
G1 X132.391 Y125.527 F9000
;WIDTH:0.439999
G1 F1045
G1 X132.653 Y125.623 E.00392
G1 X133.818 Y125.623 E.01638
G1 X133.818 Y126.563 E.01322
G1 X133.818 Y134.377 E.10989
G1 X132.653 Y134.377 E.01638
G1 X132.322 Y134.474 E.00485
G1 X132.157 Y134.628 E.00317
G1 X131.509 Y135.514 E.01544
G1 X130.786 Y136.283 E.01484
G1 X129.974 Y136.957 E.01484
G1 X129.087 Y137.528 E.01484
G1 X128.136 Y137.986 E.01484
G1 X127.137 Y138.324 E.01483
G1 X126.103 Y138.538 E.01485
G1 X125.052 Y138.624 E.01483
G1 X123.997 Y138.581 E.01485
G1 X122.956 Y138.41 E.01484
G1 X121.944 Y138.113 E.01483
G1 X120.975 Y137.694 E.01485
G1 X120.065 Y137.16 E.01484
G1 X119.226 Y136.519 E.01485
G1 X118.473 Y135.781 E.01483
G1 X117.815 Y134.956 E.01484
G1 X117.262 Y134.057 E.01484
G1 X116.824 Y133.097 E.01484
G1 X116.506 Y132.091 E.01484
G1 X116.314 Y131.053 E.01485
G1 X116.249 Y130 E.01484
G1 X116.314 Y128.947 E.01484
G1 X116.506 Y127.909 E.01485
G1 X116.824 Y126.903 E.01484
G1 X117.262 Y125.943 E.01484
G1 X117.815 Y125.044 E.01484
G1 X118.473 Y124.219 E.01484
G1 X119.226 Y123.481 E.01483
G1 X120.065 Y122.84 E.01485
G1 X120.975 Y122.306 E.01484
G1 X121.944 Y121.887 E.01485
G1 X122.956 Y121.59 E.01483
G1 X123.997 Y121.419 E.01484
G1 X125.052 Y121.376 E.01485
G1 X126.103 Y121.462 E.01483
G1 X127.137 Y121.676 E.01485
G1 X128.136 Y122.014 E.01483
G1 X129.087 Y122.472 E.01484
G1 X129.974 Y123.043 E.01484
G1 X130.786 Y123.717 E.01484
G1 X131.49 Y124.467 E.01447
G1 X132.257 Y125.478 E.01785
G1 X132.334 Y125.506 E.00115
G1 X132.572 Y125.169 F9000
;TYPE:External perimeter
;WIDTH:0.419999
G1 F1045
G1 X132.653 Y125.21 E.00122
G1 X134.23 Y125.21 E.02113
G1 X134.23 Y126.563 E.01813
G1 X134.23 Y134.79 E.11023
G1 X132.653 Y134.79 E.02113
G1 X132.49 Y134.872 E.00244
G1 X131.827 Y135.778 E.01504
G1 X131.069 Y136.584 E.01482
G1 X130.219 Y137.291 E.01481
G1 X129.289 Y137.889 E.01481
G1 X128.292 Y138.369 E.01483
G1 X127.245 Y138.723 E.01481
G1 X126.162 Y138.947 E.01482
G1 X125.06 Y139.038 E.01482
G1 X123.955 Y138.993 E.01482
G1 X122.864 Y138.813 E.01482
G1 X121.803 Y138.502 E.01481
G1 X120.788 Y138.063 E.01482
G1 X119.834 Y137.504 E.01481
G1 X118.956 Y136.832 E.01481
G1 X118.166 Y136.058 E.01482
G1 X117.476 Y135.194 E.01481
G1 X116.897 Y134.251 E.01483
G1 X116.438 Y133.245 E.01482
G1 X116.105 Y132.191 E.01481
G1 X115.903 Y131.104 E.01481
G1 X115.835 Y130 E.01482
G1 X115.903 Y128.896 E.01482
G1 X116.105 Y127.809 E.01481
G1 X116.438 Y126.755 E.01481
G1 X116.897 Y125.749 E.01482
G1 X117.476 Y124.806 E.01483
G1 X118.166 Y123.942 E.01481
G1 X118.956 Y123.168 E.01482
G1 X119.834 Y122.496 E.01481
G1 X120.788 Y121.937 E.01481
G1 X121.803 Y121.498 E.01482
G1 X122.864 Y121.187 E.01481
G1 X123.955 Y121.007 E.01482
G1 X125.06 Y120.962 E.01482
G1 X126.162 Y121.053 E.01482
G1 X127.245 Y121.277 E.01482
G1 X128.292 Y121.631 E.01481
G1 X129.289 Y122.111 E.01483
G1 X130.219 Y122.709 E.01481
G1 X131.069 Y123.416 E.01481
G1 X131.827 Y124.222 E.01482
G1 X132.49 Y125.128 E.01504
G1 X132.518 Y125.142 E.00042
G1 X132.539 Y126.334 F9000
;TYPE:Solid infill
;WIDTH:0.424019
G1 F1045
G1 X133.077 Y126.363 E.00729
G1 X133.063 Y127.631 E.01716
G1 X133.04 Y127.618 E.00036
G1 X132.764 Y126.808 E.01158
G1 X132.63 Y126.525 E.00424
G1 E-3.5 F3600
;WIPE_START
G1 F7200
G1 X132.764 Y126.808 E-.14873
G1 X133.04 Y127.618 E-.40647
G1 X133.063 Y127.631 E-.01255
G1 X133.077 Y126.363 E-.60234
G1 X132.539 Y126.334 E-.25592
;WIPE_END
G1 E-.07399 F3600
G1 X133.077 Y132.382 F9000
G1 E5 F2400
;WIDTH:0.4237
G1 F1045
G1 X133.077 Y133.637 E.01697
G1 X132.538 Y133.666 E.0073
G1 X132.773 Y133.169 E.00743
G1 X132.982 Y132.553 E.0088
G1 E-3.5 F3600
;WIPE_START
G1 F7200
G1 X132.773 Y133.169 E-.30898
G1 X132.538 Y133.666 E-.26114
G1 X133.077 Y133.637 E-.2564
G1 X133.077 Y132.382 E-.59612
;WIPE_END
G1 E-.07736 F3600
G1 X143.342 Y133.967 F9000
G1 E5 F2400
;TYPE:Perimeter
;WIDTH:0.414074
G1 F1045
G1 X143.342 Y126.033 E.10474
G1 X143.752 Y125.623 F9000
;WIDTH:0.439999
G1 F1045
G1 X143.752 Y126.033 E.00577
G1 X143.752 Y134.377 E.11735
G1 X142.932 Y134.377 E.01153
G1 X142.932 Y125.623 E.12311
G1 X143.692 Y125.623 E.01069
G1 X144.165 Y125.21 F9000
;TYPE:External perimeter
;WIDTH:0.419999
G1 F1045
G1 X144.165 Y126.033 E.01103
G1 X144.165 Y134.79 E.11733
G1 X142.52 Y134.79 E.02204
G1 X142.52 Y125.21 E.12835
G1 X144.105 Y125.21 E.02124
;LAYER_CHANGE
;Z:5.48
;HEIGHT:0.0799999
;BEFORE_LAYER_CHANGE
G92 E0
;5.48


G1 E-3.5 F3600
;WIPE_START
G1 F7200
G1 X144.165 Y125.21 E-.0285
G1 X144.165 Y126.033 E-.39092
G1 X144.165 Y128.308 E-1.08058
;WIPE_END
G1 Z5.48 F9000
;AFTER_LAYER_CHANGE
;5.48
G1 X132.573 Y130.036
G1 E5 F2400
;TYPE:Perimeter
;WIDTH:0.439999
G1 F1044
G1 X132.623 Y130.135 E.00156
G1 X132.585 Y130.983 E.01194
G1 X132.392 Y131.973 E.01418
G1 X132.07 Y132.937 E.01429
G1 X131.625 Y133.851 E.0143
G1 X131.065 Y134.699 E.01429
G1 X130.399 Y135.467 E.0143
G1 X129.638 Y136.141 E.0143
G1 X128.796 Y136.71 E.01429
G1 X127.886 Y137.165 E.01431
G1 X126.925 Y137.496 E.01429
G1 X125.959 Y137.694 E.01387
G1 X125.197 Y137.762 E.01076
G1 X124.875 Y137.702 E.00461
G1 X124.576 Y137.763 E.00429
G1 X124.075 Y137.724 E.00707
G1 X123.137 Y137.564 E.01338
G1 X122.825 Y137.496 E.00449
G1 X121.938 Y137.195 E.01317
G1 X120.954 Y136.71 E.01543
G1 X120.176 Y136.19 E.01316
G1 X119.408 Y135.524 E.0143
G1 X118.734 Y134.763 E.0143
G1 X118.213 Y133.993 E.01307
G1 X117.713 Y133.017 E.01542
G1 X117.379 Y132.05 E.01439
G1 X117.175 Y131.054 E.0143
G1 X117.113 Y130.322 E.01033
G1 X117.171 Y130 E.0046
G1 X117.113 Y129.678 E.0046
G1 X117.165 Y129.017 E.00932
G1 X117.344 Y128.097 E.01318
G1 X117.71 Y126.989 E.01641
G1 X118.125 Y126.149 E.01318
G1 X118.529 Y125.534 E.01035
G1 X119.062 Y124.871 E.01196
G1 X119.408 Y124.476 E.00738
G1 X120.112 Y123.859 E.01316
G1 X120.548 Y123.561 E.00743
G1 X120.985 Y123.271 E.00738
G1 X121.864 Y122.835 E.0138
G1 X122.825 Y122.504 E.01429
G1 X123.821 Y122.3 E.0143
G1 X124.553 Y122.238 E.01033
G1 X124.875 Y122.298 E.00461
G1 X125.092 Y122.239 E.00316
G1 X125.858 Y122.29 E.0108
G1 X126.848 Y122.483 E.01418
G1 X127.812 Y122.805 E.01429
G1 X128.688 Y123.231 E.0137
G1 X129.481 Y123.748 E.01331
G1 X130.205 Y124.356 E.0133
G1 X131.065 Y125.301 E.01797
G1 X131.537 Y126.007 E.01194
G1 X132.07 Y127.063 E.01664
G1 X132.371 Y127.95 E.01317
G1 X132.575 Y128.946 E.0143
G1 X132.637 Y129.678 E.01033
G1 X132.588 Y129.971 E.00418
G1 X132.57 Y129.987 E.00034
G1 X132.17 Y129.833 F9000
;TYPE:External perimeter
;WIDTH:0.419999
G1 F1044
G1 X132.008 Y129.942 E.00262
G1 X131.962 Y130 E.00099
G1 X132.008 Y130.058 E.00099
G1 X132.209 Y130.193 E.00324
G1 X132.173 Y130.95 E.01015
G1 X131.987 Y131.892 E.01286
G1 X131.679 Y132.804 E.0129
G1 X131.255 Y133.668 E.01289
G1 X130.722 Y134.47 E.0129
G1 X130.088 Y135.195 E.0129
G1 X129.366 Y135.831 E.01289
G1 X128.566 Y136.367 E.0129
G1 X127.704 Y136.794 E.01289
G1 X126.793 Y137.105 E.0129
G1 X125.878 Y137.289 E.0125
G1 X125.164 Y137.35 E.0096
G1 X125.059 Y137.33 E.00143
G1 X124.86 Y137.091 E.00417
G1 X124.653 Y137.344 E.00438
G1 X124.107 Y137.312 E.00733
G1 X123.217 Y137.159 E.0121
G1 X122.046 Y136.794 E.01643
G1 X121.207 Y136.38 E.01254
G1 X120.777 Y136.095 E.00691
G1 X120.384 Y135.831 E.00634
G1 X119.68 Y135.213 E.01255
G1 X119.044 Y134.491 E.01289
G1 X118.557 Y133.764 E.01172
G1 X118.082 Y132.831 E.01403
G1 X117.77 Y131.918 E.01293
G1 X117.58 Y130.974 E.0129
G1 X117.525 Y130.289 E.00921
G1 X117.545 Y130.184 E.00143
G1 X117.784 Y129.985 E.00417
G1 X117.531 Y129.778 E.00438
G1 X117.576 Y129.065 E.00957
G1 X117.749 Y128.178 E.01211
G1 X118.081 Y127.171 E.01421
G1 X118.495 Y126.332 E.01254
G1 X118.873 Y125.763 E.00915
G1 X119.68 Y124.787 E.01697
G1 X120.384 Y124.169 E.01255
G1 X121.184 Y123.633 E.0129
G1 X122.046 Y123.206 E.01289
G1 X122.957 Y122.895 E.0129
G1 X123.901 Y122.705 E.0129
G1 X124.586 Y122.65 E.00921
G1 X124.691 Y122.67 E.00143
G1 X124.89 Y122.909 E.00417
G1 X125.097 Y122.656 E.00438
G1 X125.825 Y122.702 E.00977
G1 X126.767 Y122.888 E.01286
G1 X127.679 Y123.196 E.0129
G1 X128.505 Y123.601 E.01233
G1 X129.251 Y124.091 E.01196
G1 X129.933 Y124.667 E.01196
G1 X130.722 Y125.53 E.01567
G1 X131.193 Y126.236 E.01137
G1 X131.679 Y127.196 E.01442
G1 X131.98 Y128.082 E.01254
G1 X132.17 Y129.026 E.0129
G1 X132.225 Y129.711 E.00921
G1 X132.211 Y129.794 E.00113
G1 X133.39 Y131.042 F9000
;TYPE:Perimeter
;WIDTH:0.423619
G1 F1044
G1 X133.387 Y131.175 E.0018
;WIDTH:0.439999
G1 X133.379 Y133.954 E.03908
G1 X132.653 Y133.954 E.01021
;WIDTH:0.481342
G1 X132.083 Y134.1 E.00908
;WIDTH:0.50483
G1 X131.964 Y134.173 E.00226
G1 X132.023 Y134.047 E.00226
;WIDTH:0.481342
G1 X132.471 Y133.073 E.01655
;WIDTH:0.439999
G1 X132.807 Y132.055 E.01508
G1 X132.994 Y131.015 E.01486
;WIDTH:0.41501
G1 X133.035 Y130.274 E.00982
;WIDTH:0.389027
G1 X133.033 Y129.647 E.00775
;WIDTH:0.424988
G1 X132.982 Y128.865 E.01063
;WIDTH:0.439999
G1 X132.772 Y127.814 E.01507
G1 X132.471 Y126.927 E.01317
G1 X132.315 Y126.596 E.00515
;WIDTH:0.475922
G1 X131.906 Y125.76 E.0142
G1 X132.008 Y125.836 E.00194
;WIDTH:0.463421
G1 X132.653 Y126.046 E.01007
;WIDTH:0.439999
G1 X133.379 Y126.046 E.01021
G1 X133.379 Y126.557 E.00719
G1 X133.391 Y128.97 E.03394
;WIDTH:0.415014
G1 X133.405 Y129.726 E.01001
;WIDTH:0.388989
G1 X133.404 Y130.367 E.00793
;WIDTH:0.423619
G1 X133.391 Y130.982 E.00832
G1 E-3.5 F3600
;WIPE_START
G1 F7200
G1 X133.39 Y131.042 E-.0285
G1 X133.387 Y131.175 E-.06319
G1 X133.379 Y133.954 E-1.32003
G1 X133.193 Y133.954 E-.08828
;WIPE_END
G1 X131.964 Y134.173 F9000
G1 E5 F2400
;WIDTH:0.50483
G1 F1044
G1 X131.689 Y134.553 E.00761
;WIDTH:0.469449
G1 X131.414 Y134.932 E.00704
;WIDTH:0.435336
G1 X130.715 Y135.744 E.0149
;WIDTH:0.437194
G1 X129.916 Y136.458 E.01497
;WIDTH:0.439642
G1 X129.03 Y137.062 E.01507
;WIDTH:0.442684
G1 X128.074 Y137.545 E.01516
;WIDTH:0.44631
G1 X127.062 Y137.9 E.01531
;WIDTH:0.450298
G1 X126.042 Y138.114 E.01501
G1 X125.23 Y138.184 E.01174
;WIDTH:0.44224
G1 X124.559 Y138.183 E.00949
;WIDTH:0.45427
G1 X124.041 Y138.153 E.00754
;WIDTH:0.4588
G1 X123.052 Y137.988 E.01473
;WIDTH:0.460448
G1 X122.091 Y137.705 E.01477
;WIDTH:0.461508
G1 X121.171 Y137.307 E.01481
G1 X120.721 Y137.059 E.00759
;WIDTH:0.433448
G1 X119.943 Y136.539 E.01296
;WIDTH:0.461856
G1 X119.511 Y136.191 E.0082
G1 X119.132 Y135.839 E.00765
;WIDTH:0.433724
G1 X118.418 Y135.04 E.01485
;WIDTH:0.438086
G1 X117.862 Y134.228 E.01378
G1 X117.338 Y133.208 E.01605
;WIDTH:0.43857
G1 X116.979 Y132.186 E.01518
;WIDTH:0.44137
G1 X116.76 Y131.137 E.01512
G1 X116.693 Y130.355 E.01107
;WIDTH:0.452978
G1 X116.689 Y129.844 E.00741
G1 X116.738 Y128.999 E.01227
;WIDTH:0.452388
G1 X116.923 Y128.013 E.01452
;WIDTH:0.453344
G1 X117.196 Y127.153 E.01309
;WIDTH:0.457438
G1 X117.647 Y126.142 E.01621
;WIDTH:0.459842
G1 X118.17 Y125.293 E.01468
;WIDTH:0.461412
G1 X118.733 Y124.588 E.01333
G1 X119.085 Y124.21 E.00763
G1 X119.515 Y123.806 E.00872
G1 X119.943 Y123.461 E.00812
;WIDTH:0.433448
G1 X120.721 Y122.941 E.01296
;WIDTH:0.461508
G1 X121.171 Y122.693 E.00759
G1 X121.678 Y122.459 E.00825
;WIDTH:0.434254
G1 X122.69 Y122.106 E.01487
;WIDTH:0.435628
G1 X123.739 Y121.888 E.01491
;WIDTH:0.436156
G1 X124.52 Y121.819 E.01093
;WIDTH:0.459618
G1 X125.043 Y121.809 E.0077
G1 X125.891 Y121.869 E.01251
;WIDTH:0.441554
G1 X126.93 Y122.067 E.01493
;WIDTH:0.447024
G1 X127.949 Y122.401 E.01533
;WIDTH:0.450952
G1 X128.877 Y122.847 E.01485
;WIDTH:0.45427
G1 X129.72 Y123.39 E.01458
;WIDTH:0.456998
G1 X130.49 Y124.032 E.01467
;WIDTH:0.459132
G1 X131.175 Y124.763 E.01473
;WIDTH:0.463666
G1 X131.807 Y125.628 E.01591
;WIDTH:0.478578
G1 X131.889 Y125.738 E.00211
G1 X132.395 Y125.517 F9000
;WIDTH:0.439999
G1 F1044
G1 X132.653 Y125.623 E.00392
G1 X133.801 Y125.623 E.01614
G1 X133.801 Y126.557 E.01314
G1 X133.801 Y134.377 E.10998
G1 X132.653 Y134.377 E.01614
G1 X132.322 Y134.474 E.00485
G1 X132.157 Y134.628 E.00317
G1 X131.509 Y135.514 E.01544
G1 X130.786 Y136.283 E.01484
G1 X129.974 Y136.957 E.01484
G1 X129.087 Y137.528 E.01484
G1 X128.136 Y137.986 E.01484
G1 X127.137 Y138.324 E.01483
G1 X126.103 Y138.538 E.01485
G1 X125.052 Y138.624 E.01483
G1 X123.997 Y138.581 E.01485
G1 X122.956 Y138.41 E.01484
G1 X121.944 Y138.113 E.01483
G1 X120.975 Y137.694 E.01485
G1 X120.065 Y137.16 E.01484
G1 X119.226 Y136.519 E.01485
G1 X118.473 Y135.781 E.01483
G1 X117.815 Y134.956 E.01484
G1 X117.262 Y134.057 E.01484
G1 X116.824 Y133.097 E.01484
G1 X116.506 Y132.091 E.01484
G1 X116.314 Y131.053 E.01485
G1 X116.249 Y130 E.01484
G1 X116.314 Y128.947 E.01484
G1 X116.506 Y127.909 E.01485
G1 X116.793 Y127.001 E.01339
G1 X117.264 Y125.94 E.01633
G1 X117.815 Y125.044 E.01479
G1 X118.409 Y124.299 E.0134
G1 X119.229 Y123.479 E.01631
G1 X120.065 Y122.84 E.0148
G1 X120.975 Y122.306 E.01484
G1 X121.944 Y121.887 E.01485
G1 X122.956 Y121.59 E.01483
G1 X123.997 Y121.419 E.01484
G1 X125.052 Y121.376 E.01485
G1 X126.001 Y121.454 E.01339
G1 X127.14 Y121.677 E.01632
G1 X128.136 Y122.014 E.01479
G1 X129.087 Y122.472 E.01484
G1 X129.974 Y123.043 E.01484
G1 X130.786 Y123.717 E.01484
G1 X131.49 Y124.467 E.01447
G1 X132.22 Y125.444 E.01715
G1 X132.34 Y125.494 E.00183
G1 X132.572 Y125.169 F9000
;TYPE:External perimeter
;WIDTH:0.419999
G1 F1044
G1 X132.653 Y125.21 E.00122
G1 X134.214 Y125.21 E.02091
G1 X134.214 Y126.557 E.01805
G1 X134.214 Y134.79 E.11031
G1 X132.653 Y134.79 E.02091
G1 X132.49 Y134.872 E.00244
G1 X131.827 Y135.778 E.01504
G1 X131.069 Y136.584 E.01482
G1 X130.219 Y137.291 E.01481
G1 X129.289 Y137.889 E.01481
G1 X128.292 Y138.369 E.01483
G1 X127.245 Y138.723 E.01481
G1 X126.162 Y138.947 E.01482
G1 X125.06 Y139.038 E.01482
G1 X123.955 Y138.993 E.01482
G1 X122.864 Y138.813 E.01482
G1 X121.803 Y138.502 E.01481
G1 X120.788 Y138.063 E.01482
G1 X119.834 Y137.504 E.01481
G1 X118.956 Y136.832 E.01481
G1 X118.166 Y136.058 E.01482
G1 X117.476 Y135.194 E.01481
G1 X116.897 Y134.251 E.01483
G1 X116.438 Y133.245 E.01482
G1 X116.105 Y132.191 E.01481
G1 X115.903 Y131.104 E.01481
G1 X115.835 Y130 E.01482
G1 X115.903 Y128.896 E.01482
G1 X116.105 Y127.809 E.01481
G1 X116.407 Y126.854 E.01342
G1 X116.898 Y125.748 E.01621
G1 X117.476 Y124.806 E.01481
G1 X118.101 Y124.024 E.01341
G1 X118.956 Y123.167 E.01622
G1 X119.834 Y122.496 E.01481
G1 X120.788 Y121.937 E.01481
G1 X121.803 Y121.498 E.01482
G1 X122.864 Y121.187 E.01481
G1 X123.955 Y121.007 E.01482
G1 X125.06 Y120.962 E.01482
G1 X126.058 Y121.044 E.01342
G1 X127.246 Y121.277 E.01622
G1 X128.292 Y121.631 E.0148
G1 X129.289 Y122.111 E.01483
G1 X130.219 Y122.709 E.01481
G1 X131.069 Y123.416 E.01481
G1 X131.827 Y124.222 E.01482
G1 X132.49 Y125.128 E.01504
G1 X132.518 Y125.142 E.00042
G1 X132.525 Y126.322 F9000
;TYPE:Solid infill
;WIDTH:0.418838
G1 F1044
G1 X132.864 Y126.361 E.00456
G1 X133.064 Y126.361 E.00267
G1 X133.071 Y127.595 E.01649
G1 X133.026 Y127.583 E.00062
G1 X132.761 Y126.808 E.01094
G1 X132.617 Y126.513 E.00439
G1 E-3.5 F3600
;WIPE_START
G1 F7200
G1 X132.761 Y126.808 E-.15593
G1 X133.026 Y127.583 E-.38905
G1 X133.071 Y127.595 E-.02212
G1 X133.064 Y126.361 E-.58616
G1 X132.864 Y126.361 E-.095
G1 X132.525 Y126.322 E-.16209
;WIPE_END
G1 E-.08965 F3600
G1 X132.533 Y133.671 F9000
G1 E5 F2400
;WIDTH:0.417423
G1 F1044
G1 X132.77 Y133.168 E.0074
G1 X133.044 Y132.424 E.01055
G1 X133.064 Y132.427 E.00027
G1 X133.064 Y133.64 E.01615
G1 X132.744 Y133.659 E.00427
G1 E-3.5 F3600
;WIPE_START
G1 F7200
G1 X133.064 Y133.64 E-.15227
G1 X133.064 Y132.427 E-.57618
G1 X133.044 Y132.424 E-.00961
G1 X132.77 Y133.168 E-.3766
G1 X132.533 Y133.671 E-.26412
;WIPE_END
G1 E-.12122 F3600
G1 X143.35 Y133.975 F9000
G1 E5 F2400
;TYPE:Perimeter
;WIDTH:0.39785
G1 F1044
G1 X143.35 Y126.025 E.10066
G1 X143.752 Y125.623 F9000
;WIDTH:0.439999
G1 F1044
G1 X143.752 Y126.025 E.00565
G1 X143.752 Y134.377 E.11746
G1 X142.949 Y134.377 E.01129
G1 X142.949 Y125.623 E.12311
G1 X143.692 Y125.623 E.01045
G1 X144.165 Y125.21 F9000
;TYPE:External perimeter
;WIDTH:0.419999
G1 F1044
G1 X144.165 Y126.025 E.01092
G1 X144.165 Y134.79 E.11744
G1 X142.536 Y134.79 E.02183
G1 X142.536 Y125.21 E.12835
G1 X144.105 Y125.21 E.02102
;LAYER_CHANGE
;Z:5.56
;HEIGHT:0.0799999
;BEFORE_LAYER_CHANGE
G92 E0
;5.56


G1 E-3.5 F3600
;WIPE_START
G1 F7200
G1 X144.165 Y125.21 E-.0285
G1 X144.165 Y126.025 E-.38712
G1 X144.165 Y128.308 E-1.08438
;WIPE_END
G1 Z5.56 F9000
;AFTER_LAYER_CHANGE
;5.56
G1 X132.615 Y130.096
G1 E5 F2400
;TYPE:Perimeter
;WIDTH:0.439999
G1 F1042
G1 X132.638 Y130.28 E.00261
G1 X132.585 Y130.981 E.00989
G1 X132.392 Y131.973 E.01421
G1 X132.07 Y132.937 E.01429
G1 X131.625 Y133.851 E.0143
G1 X131.065 Y134.699 E.01429
G1 X130.399 Y135.467 E.0143
G1 X129.638 Y136.141 E.0143
G1 X128.796 Y136.71 E.01429
G1 X127.886 Y137.165 E.01431
G1 X126.925 Y137.496 E.01429
G1 X125.959 Y137.694 E.01387
G1 X125.155 Y137.763 E.01135
G1 X124.074 Y137.724 E.01521
G1 X123.137 Y137.564 E.01337
G1 X122.825 Y137.496 E.00449
G1 X121.938 Y137.195 E.01317
G1 X120.954 Y136.71 E.01543
G1 X120.176 Y136.19 E.01316
G1 X119.408 Y135.524 E.0143
G1 X118.734 Y134.763 E.0143
G1 X118.206 Y133.983 E.01325
G1 X117.713 Y133.017 E.01525
G1 X117.379 Y132.05 E.01439
G1 X117.175 Y131.054 E.0143
G1 X117.112 Y130.28 E.01092
G1 X117.164 Y129.031 E.01758
G1 X117.344 Y128.097 E.01338
G1 X117.71 Y126.989 E.01641
G1 X118.125 Y126.149 E.01318
G1 X118.529 Y125.534 E.01035
G1 X119.07 Y124.86 E.01215
G1 X119.413 Y124.472 E.00728
G1 X120.179 Y123.813 E.01421
G1 X120.954 Y123.29 E.01315
G1 X121.864 Y122.835 E.01431
G1 X122.825 Y122.504 E.01429
G1 X123.821 Y122.3 E.0143
G1 X124.595 Y122.237 E.01092
G1 X125.856 Y122.29 E.01775
G1 X126.848 Y122.483 E.01421
G1 X127.812 Y122.805 E.01429
G1 X128.688 Y123.231 E.0137
G1 X129.481 Y123.748 E.01331
G1 X130.207 Y124.36 E.01335
G1 X131.065 Y125.301 E.01791
G1 X131.585 Y126.079 E.01316
G1 X132.07 Y127.063 E.01543
G1 X132.371 Y127.95 E.01317
G1 X132.575 Y128.946 E.0143
G1 X132.638 Y129.72 E.01092
G1 X132.601 Y129.982 E.00372
G1 X132.608 Y130.036 E.00077
G1 X132.169 Y130.13 F9000
;TYPE:External perimeter
;WIDTH:0.419999
G1 F1042
G1 X132.214 Y130.163 E.00075
G1 X132.173 Y130.95 E.01056
G1 X131.987 Y131.892 E.01286
G1 X131.679 Y132.804 E.0129
G1 X131.255 Y133.668 E.01289
G1 X130.722 Y134.47 E.0129
G1 X130.088 Y135.195 E.0129
G1 X129.366 Y135.831 E.01289
G1 X128.566 Y136.367 E.0129
G1 X127.704 Y136.794 E.01289
G1 X126.793 Y137.105 E.0129
G1 X125.878 Y137.289 E.0125
G1 X125.124 Y137.352 E.01014
G1 X125.03 Y137.336 E.00128
G1 X124.854 Y137.144 E.00349
G1 X124.72 Y137.336 E.00314
G1 X124.105 Y137.312 E.00825
G1 X123.217 Y137.159 E.01207
G1 X122.046 Y136.794 E.01643
G1 X121.207 Y136.38 E.01254
G1 X120.777 Y136.095 E.00691
G1 X120.384 Y135.831 E.00634
G1 X119.68 Y135.213 E.01255
G1 X119.044 Y134.491 E.01289
G1 X118.55 Y133.753 E.0119
G1 X118.082 Y132.83 E.01387
G1 X117.77 Y131.918 E.01291
G1 X117.58 Y130.974 E.0129
G1 X117.523 Y130.249 E.00974
G1 X117.539 Y130.155 E.00128
G1 X117.731 Y129.979 E.00349
G1 X117.539 Y129.845 E.00314
G1 X117.576 Y129.063 E.01049
G1 X117.749 Y128.178 E.01208
G1 X117.998 Y127.41 E.01082
G1 X118.404 Y126.516 E.01316
G1 X118.873 Y125.763 E.01189
G1 X119.682 Y124.785 E.01701
G1 X120.448 Y124.126 E.01354
G1 X121.184 Y123.633 E.01187
G1 X122.046 Y123.206 E.01289
G1 X122.957 Y122.895 E.0129
G1 X123.901 Y122.705 E.0129
G1 X124.626 Y122.648 E.00974
G1 X124.72 Y122.664 E.00128
G1 X124.896 Y122.856 E.00349
G1 X125.03 Y122.664 E.00314
G1 X125.825 Y122.702 E.01066
G1 X126.767 Y122.888 E.01286
G1 X127.679 Y123.196 E.0129
G1 X128.505 Y123.601 E.01233
G1 X129.251 Y124.091 E.01196
G1 X129.938 Y124.673 E.01206
G1 X130.722 Y125.53 E.01556
G1 X131.242 Y126.309 E.01255
G1 X131.679 Y127.196 E.01325
G1 X131.98 Y128.082 E.01254
G1 X132.17 Y129.026 E.0129
G1 X132.227 Y129.751 E.00974
G1 X132.214 Y129.837 E.00117
G1 X132.019 Y130.021 E.00359
G1 X132.12 Y130.095 E.00168
G1 X133.378 Y128.843 F9000
;TYPE:Perimeter
;WIDTH:0.439999
G1 F1042
G1 X133.379 Y128.973 E.00183
;WIDTH:0.406767
G1 X133.393 Y129.766 E.01028
;WIDTH:0.380058
G1 X133.392 Y130.324 E.00673
;WIDTH:0.416007
G1 X133.374 Y131.173 E.01126
;WIDTH:0.439999
G1 X133.362 Y133.954 E.03911
G1 X132.653 Y133.954 E.00997
;WIDTH:0.481342
G1 X132.083 Y134.1 E.00908
;WIDTH:0.50483
G1 X131.964 Y134.173 E.00226
G1 X132.023 Y134.047 E.00226
;WIDTH:0.481342
G1 X132.471 Y133.073 E.01655
;WIDTH:0.439999
G1 X132.807 Y132.055 E.01508
G1 X132.99 Y131.012 E.01489
;WIDTH:0.406767
G1 X133.032 Y130.234 E.0101
;WIDTH:0.380058
G1 X133.03 Y129.69 E.00657
;WIDTH:0.416787
G1 X132.978 Y128.866 E.01097
;WIDTH:0.439999
G1 X132.772 Y127.814 E.01508
G1 X132.471 Y126.927 E.01317
G1 X132.314 Y126.59 E.00523
;WIDTH:0.478578
G1 X131.889 Y125.738 E.01461
G1 X132.09 Y125.888 E.00385
;WIDTH:0.453461
G1 X132.653 Y126.046 E.00849
;WIDTH:0.439999
G1 X133.362 Y126.046 E.00997
G1 X133.362 Y126.55 E.00709
G1 X133.378 Y128.783 E.0314
G1 E-3.5 F3600
;WIPE_START
G1 F7200
G1 X133.378 Y128.843 E-.0285
G1 X133.379 Y128.973 E-.06175
G1 X133.393 Y129.766 E-.37673
G1 X133.392 Y130.324 E-.26505
G1 X133.374 Y131.173 E-.40337
G1 X133.371 Y131.941 E-.3646
;WIPE_END
G1 X131.964 Y134.173 F9000
G1 E5 F2400
;WIDTH:0.50483
G1 F1042
G1 X131.689 Y134.553 E.00761
;WIDTH:0.46945
G1 X131.414 Y134.932 E.00704
;WIDTH:0.435334
G1 X130.715 Y135.744 E.0149
;WIDTH:0.437194
G1 X129.916 Y136.458 E.01497
;WIDTH:0.439642
G1 X129.03 Y137.062 E.01507
;WIDTH:0.442684
G1 X128.074 Y137.545 E.01516
;WIDTH:0.44631
G1 X127.062 Y137.9 E.01531
;WIDTH:0.450298
G1 X126.042 Y138.114 E.01501
G1 X125.187 Y138.187 E.01236
;WIDTH:0.444046
G1 X124.599 Y138.185 E.00835
;WIDTH:0.454724
G1 X124.041 Y138.152 E.00813
;WIDTH:0.4588
G1 X123.052 Y137.988 E.01473
;WIDTH:0.460448
G1 X122.091 Y137.705 E.01477
;WIDTH:0.461508
G1 X121.171 Y137.307 E.01481
G1 X120.721 Y137.059 E.00759
;WIDTH:0.433446
G1 X119.943 Y136.539 E.01296
;WIDTH:0.461854
G1 X119.511 Y136.191 E.0082
G1 X119.132 Y135.839 E.00765
;WIDTH:0.433724
G1 X118.418 Y135.04 E.01485
;WIDTH:0.437608
G1 X117.856 Y134.217 E.01394
G1 X117.337 Y133.206 E.01589
;WIDTH:0.43857
G1 X116.979 Y132.186 E.01515
;WIDTH:0.441366
G1 X116.76 Y131.137 E.01512
G1 X116.691 Y130.312 E.01168
;WIDTH:0.43846
G1 X116.69 Y129.703 E.00853
;WIDTH:0.448654
G1 X116.738 Y128.999 E.01013
;WIDTH:0.452388
G1 X116.923 Y128.013 E.01452
;WIDTH:0.453648
G1 X117.2 Y127.139 E.01331
;WIDTH:0.457504
G1 X117.647 Y126.143 E.01599
;WIDTH:0.459842
G1 X118.17 Y125.293 E.01469
;WIDTH:0.461296
G1 X118.742 Y124.577 E.01354
G1 X119.086 Y124.209 E.00744
;WIDTH:0.466522
G1 X119.516 Y123.808 E.00879
G1 X119.951 Y123.457 E.00835
;WIDTH:0.436112
G1 X120.721 Y122.941 E.01292
;WIDTH:0.461508
G1 X121.171 Y122.693 E.00759
G1 X121.678 Y122.459 E.00825
;WIDTH:0.434254
G1 X122.69 Y122.106 E.01487
;WIDTH:0.435628
G1 X123.739 Y121.888 E.01491
;WIDTH:0.436308
G1 X124.563 Y121.817 E.01153
;WIDTH:0.444044
G1 X125.187 Y121.813 E.00886
G1 X125.894 Y121.869 E.01007
;WIDTH:0.44179
G1 X126.93 Y122.067 E.0149
;WIDTH:0.447024
G1 X127.949 Y122.401 E.01533
;WIDTH:0.450952
G1 X128.877 Y122.847 E.01485
;WIDTH:0.45427
G1 X129.72 Y123.39 E.01458
;WIDTH:0.4587
G1 X130.489 Y124.033 E.01472
;WIDTH:0.459132
G1 X131.175 Y124.763 E.01473
;WIDTH:0.463666
G1 X131.807 Y125.628 E.01591
;WIDTH:0.478578
G1 X131.889 Y125.738 E.00211
G1 X132.391 Y125.527 F9000
;WIDTH:0.439999
G1 F1042
G1 X132.653 Y125.623 E.00392
G1 X133.785 Y125.623 E.01592
G1 X133.785 Y126.55 E.01304
G1 X133.785 Y134.377 E.11007
G1 X132.653 Y134.377 E.01592
G1 X132.322 Y134.474 E.00485
G1 X132.157 Y134.628 E.00317
G1 X131.509 Y135.514 E.01544
G1 X130.786 Y136.283 E.01484
G1 X129.974 Y136.957 E.01484
G1 X129.087 Y137.528 E.01484
G1 X128.136 Y137.986 E.01484
G1 X127.137 Y138.324 E.01483
G1 X126.103 Y138.538 E.01485
G1 X125.052 Y138.624 E.01483
G1 X123.997 Y138.581 E.01485
G1 X122.956 Y138.41 E.01484
G1 X121.944 Y138.113 E.01483
G1 X120.975 Y137.694 E.01485
G1 X120.065 Y137.16 E.01484
G1 X119.226 Y136.519 E.01485
G1 X118.473 Y135.781 E.01483
G1 X117.815 Y134.956 E.01484
G1 X117.262 Y134.057 E.01484
G1 X116.824 Y133.097 E.01484
G1 X116.506 Y132.091 E.01484
G1 X116.314 Y131.053 E.01485
G1 X116.249 Y130 E.01484
G1 X116.314 Y128.947 E.01484
G1 X116.506 Y127.909 E.01485
G1 X116.798 Y126.987 E.0136
G1 X117.264 Y125.941 E.0161
G1 X117.815 Y125.044 E.0148
G1 X118.418 Y124.288 E.0136
G1 X119.229 Y123.479 E.01611
G1 X120.065 Y122.84 E.0148
G1 X120.975 Y122.306 E.01484
G1 X121.944 Y121.887 E.01485
G1 X122.956 Y121.59 E.01483
G1 X123.997 Y121.419 E.01484
G1 X125.052 Y121.376 E.01485
G1 X126.016 Y121.455 E.0136
G1 X127.139 Y121.677 E.0161
G1 X128.136 Y122.014 E.0148
G1 X129.087 Y122.472 E.01484
G1 X129.974 Y123.043 E.01484
G1 X130.786 Y123.717 E.01484
G1 X131.49 Y124.467 E.01447
G1 X132.257 Y125.478 E.01785
G1 X132.334 Y125.506 E.00115
G1 X132.572 Y125.169 F9000
;TYPE:External perimeter
;WIDTH:0.419999
G1 F1042
G1 X132.653 Y125.21 E.00122
G1 X134.198 Y125.21 E.0207
G1 X134.198 Y126.55 E.01795
G1 X134.198 Y134.79 E.1104
G1 X132.653 Y134.79 E.0207
G1 X132.49 Y134.872 E.00244
G1 X131.827 Y135.778 E.01504
G1 X131.069 Y136.584 E.01482
G1 X130.219 Y137.291 E.01481
G1 X129.289 Y137.889 E.01481
G1 X128.292 Y138.369 E.01483
G1 X127.245 Y138.723 E.01481
G1 X126.162 Y138.947 E.01482
G1 X125.06 Y139.038 E.01482
G1 X123.955 Y138.993 E.01482
G1 X122.864 Y138.813 E.01482
G1 X121.803 Y138.502 E.01481
G1 X120.788 Y138.063 E.01482
G1 X119.834 Y137.504 E.01481
G1 X118.956 Y136.832 E.01481
G1 X118.166 Y136.058 E.01482
G1 X117.476 Y135.194 E.01481
G1 X116.897 Y134.251 E.01483
G1 X116.438 Y133.245 E.01482
G1 X116.105 Y132.191 E.01481
G1 X115.903 Y131.104 E.01481
G1 X115.835 Y130 E.01482
G1 X115.903 Y128.896 E.01482
G1 X116.105 Y127.809 E.01481
G1 X116.411 Y126.84 E.01361
G1 X116.898 Y125.748 E.01602
G1 X117.476 Y124.806 E.01481
G1 X118.11 Y124.012 E.01361
G1 X118.956 Y123.168 E.01601
G1 X119.834 Y122.496 E.01481
G1 X120.788 Y121.937 E.01481
G1 X121.803 Y121.498 E.01482
G1 X122.864 Y121.187 E.01481
G1 X123.955 Y121.007 E.01482
G1 X125.06 Y120.962 E.01482
G1 X126.073 Y121.045 E.01362
G1 X127.246 Y121.277 E.01602
G1 X128.292 Y121.631 E.0148
G1 X129.289 Y122.111 E.01483
G1 X130.219 Y122.709 E.01481
G1 X131.069 Y123.416 E.01481
G1 X131.827 Y124.222 E.01482
G1 X132.49 Y125.128 E.01504
G1 X132.518 Y125.142 E.00042
G1 X132.527 Y126.324 F9000
;TYPE:Solid infill
;WIDTH:0.411143
G1 F1042
G1 X132.611 Y126.349 E.00115
G1 X133.051 Y126.357 E.00577
G1 X133.028 Y127.532 E.0154
G1 X132.998 Y127.514 E.00046
G1 X132.759 Y126.811 E.00973
G1 X132.618 Y126.515 E.0043
G1 E-3.5 F3600
;WIPE_START
G1 F7200
G1 X132.759 Y126.811 E-.15574
G1 X132.998 Y127.514 E-.3527
G1 X133.028 Y127.532 E-.01662
G1 X133.051 Y126.357 E-.55823
G1 X132.611 Y126.349 E-.20903
G1 X132.527 Y126.324 E-.04163
;WIPE_END
G1 E-.16605 F3600
G1 X133.051 Y132.472 F9000
G1 E5 F2400
;WIDTH:0.411142
G1 F1042
G1 X133.051 Y133.643 E.01534
G1 X132.527 Y133.676 E.00688
G1 X132.767 Y133.167 E.00737
G1 X132.948 Y132.635 E.00736
G1 E-3.5 F3600
;WIPE_START
G1 F7200
G1 X132.767 Y133.167 E-.26693
G1 X132.527 Y133.676 E-.2673
G1 X133.051 Y133.643 E-.24939
G1 X133.051 Y132.472 E-.55622
;WIPE_END
G1 E-.16016 F3600
G1 X143.359 Y133.984 F9000
G1 E5 F2400
;TYPE:Perimeter
;WIDTH:0.381628
G1 F1042
G1 X143.359 Y126.016 E.09659
G1 X143.752 Y125.623 F9000
;WIDTH:0.439999
G1 F1042
G1 X143.752 Y126.016 E.00553
G1 X143.752 Y134.377 E.11758
G1 X142.965 Y134.377 E.01107
G1 X142.965 Y125.623 E.12311
G1 X143.692 Y125.623 E.01022
G1 X144.165 Y125.21 F9000
;TYPE:External perimeter
;WIDTH:0.419999
G1 F1042
G1 X144.165 Y126.016 E.0108
G1 X144.165 Y134.79 E.11756
G1 X142.552 Y134.79 E.02161
G1 X142.552 Y125.21 E.12835
G1 X144.105 Y125.21 E.02081
;LAYER_CHANGE
;Z:5.64
;HEIGHT:0.0799999
;BEFORE_LAYER_CHANGE
G92 E0
;5.64


G1 E-3.5 F3600
;WIPE_START
G1 F7200
G1 X144.165 Y125.21 E-.0285
G1 X144.165 Y126.016 E-.38285
G1 X144.165 Y128.308 E-1.08865
;WIPE_END
G1 Z5.64 F9000
;AFTER_LAYER_CHANGE
;5.64
G1 X132.622 Y130.158
G1 E5 F2400
;TYPE:Perimeter
;WIDTH:0.439999
G1 F1040
G1 X132.585 Y130.98 E.01157
G1 X132.392 Y131.973 E.01423
G1 X132.07 Y132.937 E.01429
G1 X131.625 Y133.851 E.0143
G1 X131.065 Y134.699 E.01429
G1 X130.399 Y135.467 E.0143
G1 X129.638 Y136.141 E.0143
G1 X128.796 Y136.71 E.01429
G1 X127.886 Y137.165 E.01431
G1 X126.925 Y137.496 E.01429
G1 X125.959 Y137.694 E.01387
G1 X125.114 Y137.765 E.01193
G1 X124.073 Y137.723 E.01465
G1 X122.825 Y137.496 E.01784
G1 X121.938 Y137.195 E.01317
G1 X121.363 Y136.918 E.00898
G1 X120.954 Y136.71 E.00645
G1 X120.176 Y136.19 E.01316
G1 X119.408 Y135.524 E.0143
G1 X118.734 Y134.763 E.0143
G1 X118.199 Y133.972 E.01343
G1 X117.713 Y133.016 E.01508
G1 X117.379 Y132.05 E.01437
G1 X117.175 Y131.054 E.0143
G1 X117.11 Y130.239 E.0115
G1 X117.164 Y129.03 E.01702
G1 X117.344 Y128.097 E.01336
G1 X117.611 Y127.264 E.0123
G1 X118.033 Y126.334 E.01436
G1 X118.529 Y125.534 E.01324
G1 X119.079 Y124.849 E.01235
G1 X119.408 Y124.476 E.00699
G1 X120.112 Y123.859 E.01316
G1 X120.985 Y123.271 E.0148
G1 X121.864 Y122.835 E.0138
G1 X122.825 Y122.504 E.01429
G1 X123.821 Y122.3 E.0143
G1 X124.636 Y122.235 E.0115
G1 X125.855 Y122.29 E.01716
G1 X126.848 Y122.483 E.01423
G1 X127.812 Y122.805 E.01429
G1 X128.688 Y123.231 E.0137
G1 X129.481 Y123.748 E.01331
G1 X130.205 Y124.356 E.0133
G1 X130.85 Y125.048 E.0133
G1 X131.065 Y125.301 E.00467
G1 X131.551 Y126.028 E.0123
G1 X132.07 Y127.063 E.01628
G1 X132.371 Y127.95 E.01317
G1 X132.575 Y128.946 E.0143
G1 X132.64 Y129.761 E.0115
G1 X132.625 Y130.098 E.00474
G1 X132.168 Y130.095 F9000
;TYPE:External perimeter
;WIDTH:0.419999
G1 F1040
G1 X132.226 Y130.161 E.00118
G1 X132.173 Y130.949 E.01058
G1 X131.987 Y131.892 E.01288
G1 X131.679 Y132.804 E.0129
G1 X131.255 Y133.668 E.01289
G1 X130.722 Y134.47 E.0129
G1 X130.088 Y135.195 E.0129
G1 X129.366 Y135.831 E.01289
G1 X128.566 Y136.367 E.0129
G1 X127.704 Y136.794 E.01289
G1 X126.793 Y137.105 E.0129
G1 X125.878 Y137.289 E.0125
G1 X125.083 Y137.353 E.01069
G1 X125.001 Y137.342 E.00111
G1 X124.875 Y137.21 E.00244
G1 X124.708 Y137.352 E.00294
G1 X124.103 Y137.311 E.00812
G1 X123.217 Y137.159 E.01204
G1 X122.046 Y136.794 E.01643
G1 X121.207 Y136.38 E.01254
G1 X120.384 Y135.831 E.01325
G1 X119.68 Y135.213 E.01255
G1 X119.044 Y134.491 E.01289
G1 X118.543 Y133.743 E.01206
G1 X118.081 Y132.83 E.01371
G1 X117.77 Y131.918 E.01291
G1 X117.58 Y130.974 E.0129
G1 X117.522 Y130.208 E.01029
G1 X117.533 Y130.126 E.00111
G1 X117.665 Y130 E.00244
G1 X117.523 Y129.829 E.00298
G1 X117.576 Y129.061 E.01031
G1 X117.749 Y128.178 E.01206
G1 X118.002 Y127.397 E.011
G1 X118.404 Y126.517 E.01296
G1 X118.873 Y125.763 E.0119
G1 X119.68 Y124.787 E.01697
G1 X120.384 Y124.169 E.01255
G1 X121.184 Y123.633 E.0129
G1 X122.046 Y123.206 E.01289
G1 X122.957 Y122.895 E.0129
G1 X123.901 Y122.705 E.0129
G1 X124.667 Y122.647 E.01029
G1 X124.749 Y122.658 E.00111
G1 X124.875 Y122.79 E.00244
G1 X125.031 Y122.65 E.00281
G1 X125.824 Y122.702 E.01065
G1 X126.767 Y122.888 E.01288
G1 X127.679 Y123.196 E.0129
G1 X128.505 Y123.601 E.01233
G1 X129.251 Y124.091 E.01196
G1 X129.933 Y124.667 E.01196
G1 X130.54 Y125.32 E.01195
G1 X130.722 Y125.53 E.00372
G1 X131.207 Y126.257 E.01171
G1 X131.679 Y127.196 E.01408
G1 X131.98 Y128.082 E.01254
G1 X132.17 Y129.026 E.0129
G1 X132.228 Y129.792 E.01029
G1 X132.219 Y129.867 E.00101
G1 X132.085 Y130 E.00253
G1 X132.129 Y130.05 E.00089
G1 X133.371 Y128.865 F9000
;TYPE:Perimeter
;WIDTH:0.439999
G1 F1040
G1 X133.372 Y128.976 E.00156
;WIDTH:0.40169
G1 X133.385 Y129.719 E.0095
;WIDTH:0.374291
G1 X133.385 Y130.281 E.00668
;WIDTH:0.411341
G1 X133.367 Y131.172 E.01168
;WIDTH:0.439999
G1 X133.352 Y133.954 E.03912
G1 X132.653 Y133.954 E.00983
;WIDTH:0.481342
G1 X132.083 Y134.1 E.00908
;WIDTH:0.50483
G1 X131.964 Y134.173 E.00226
G1 X132.023 Y134.047 E.00226
;WIDTH:0.481342
G1 X132.471 Y133.073 E.01655
;WIDTH:0.439999
G1 X132.807 Y132.055 E.01508
G1 X132.988 Y131.009 E.01493
;WIDTH:0.40169
G1 X133.029 Y130.268 E.00949
;WIDTH:0.374291
G1 X133.029 Y129.732 E.00637
;WIDTH:0.411769
G1 X132.976 Y128.866 E.01139
;WIDTH:0.439999
G1 X132.772 Y127.814 E.01507
G1 X132.471 Y126.927 E.01317
G1 X132.315 Y126.595 E.00516
;WIDTH:0.473504
G1 X131.916 Y125.783 E.01373
G1 X132.031 Y125.851 E.00203
;WIDTH:0.460616
G1 X132.653 Y126.046 E.00961
;WIDTH:0.439999
G1 X133.352 Y126.046 E.00983
G1 X133.352 Y126.547 E.00705
G1 X133.37 Y128.805 E.03176
G1 E-3.5 F3600
;WIPE_START
G1 F7200
G1 X133.371 Y128.865 E-.0285
G1 X133.372 Y128.976 E-.05273
G1 X133.385 Y129.719 E-.35298
G1 X133.385 Y130.281 E-.26695
G1 X133.367 Y131.172 E-.42331
G1 X133.363 Y131.963 E-.37553
;WIPE_END
G1 X131.964 Y134.173 F9000
G1 E5 F2400
;WIDTH:0.50483
G1 F1040
G1 X131.689 Y134.553 E.00761
;WIDTH:0.46945
G1 X131.414 Y134.932 E.00704
;WIDTH:0.435336
G1 X130.715 Y135.744 E.0149
;WIDTH:0.437194
G1 X129.916 Y136.458 E.01497
;WIDTH:0.439642
G1 X129.03 Y137.062 E.01507
;WIDTH:0.442684
G1 X128.074 Y137.545 E.01516
;WIDTH:0.446308
G1 X127.062 Y137.9 E.01531
;WIDTH:0.450298
G1 X126.042 Y138.114 E.01501
G1 X125.145 Y138.189 E.01297
;WIDTH:0.445946
G1 X124.639 Y138.186 E.00722
;WIDTH:0.455122
G1 X124.041 Y138.152 E.00872
;WIDTH:0.458798
G1 X123.052 Y137.988 E.01473
;WIDTH:0.460448
G1 X122.091 Y137.705 E.01477
;WIDTH:0.461508
G1 X121.171 Y137.307 E.01481
G1 X120.721 Y137.059 E.00759
;WIDTH:0.433446
G1 X119.943 Y136.539 E.01296
;WIDTH:0.461856
G1 X119.511 Y136.191 E.0082
G1 X119.132 Y135.839 E.00765
;WIDTH:0.433724
G1 X118.418 Y135.04 E.01485
;WIDTH:0.437134
G1 X117.849 Y134.207 E.01409
G1 X117.336 Y133.205 E.01572
;WIDTH:0.43857
G1 X116.979 Y132.186 E.01513
;WIDTH:0.441364
G1 X116.76 Y131.137 E.01512
G1 X116.689 Y130.27 E.01227
;WIDTH:0.439494
G1 X116.688 Y129.743 E.0074
;WIDTH:0.44868
G1 X116.738 Y128.999 E.0107
;WIDTH:0.452388
G1 X116.923 Y128.013 E.01452
;WIDTH:0.453954
G1 X117.204 Y127.126 E.01352
;WIDTH:0.457574
G1 X117.646 Y126.143 E.01579
;WIDTH:0.45984
G1 X118.17 Y125.293 E.0147
;WIDTH:0.461204
G1 X118.75 Y124.566 E.01374
G1 X119.133 Y124.163 E.00821
;WIDTH:0.461584
G1 X119.514 Y123.807 E.00771
G1 X119.943 Y123.461 E.00815
;WIDTH:0.433448
G1 X120.721 Y122.941 E.01296
;WIDTH:0.461508
G1 X121.171 Y122.693 E.00759
G1 X121.678 Y122.459 E.00825
;WIDTH:0.434254
G1 X122.69 Y122.106 E.01487
;WIDTH:0.435628
G1 X123.739 Y121.888 E.01491
;WIDTH:0.436474
G1 X124.605 Y121.815 E.01212
;WIDTH:0.445942
G1 X125.145 Y121.811 E.0077
G1 X125.894 Y121.869 E.01071
;WIDTH:0.442028
G1 X126.93 Y122.067 E.0149
;WIDTH:0.447024
G1 X127.949 Y122.401 E.01533
;WIDTH:0.450954
G1 X128.877 Y122.847 E.01486
;WIDTH:0.45427
G1 X129.72 Y123.39 E.01458
;WIDTH:0.456998
G1 X130.49 Y124.032 E.01467
;WIDTH:0.459132
G1 X131.175 Y124.763 E.01473
;WIDTH:0.463668
G1 X131.807 Y125.628 E.01591
;WIDTH:0.47858
G1 X131.889 Y125.738 E.00211
G1 X132.394 Y125.52 F9000
;WIDTH:0.439999
G1 F1040
G1 X132.653 Y125.623 E.00392
G1 X133.775 Y125.623 E.01578
G1 X133.775 Y126.547 E.01299
G1 X133.775 Y134.377 E.11012
G1 X132.653 Y134.377 E.01578
G1 X132.322 Y134.474 E.00485
G1 X132.157 Y134.628 E.00317
G1 X131.509 Y135.514 E.01544
G1 X130.786 Y136.283 E.01484
G1 X129.974 Y136.957 E.01484
G1 X129.087 Y137.528 E.01484
G1 X128.136 Y137.986 E.01484
G1 X127.137 Y138.324 E.01483
G1 X126.103 Y138.538 E.01485
G1 X125.052 Y138.624 E.01483
G1 X123.997 Y138.581 E.01485
G1 X122.956 Y138.41 E.01484
G1 X121.944 Y138.113 E.01483
G1 X120.975 Y137.694 E.01485
G1 X120.065 Y137.16 E.01484
G1 X119.226 Y136.519 E.01485
G1 X118.473 Y135.781 E.01483
G1 X117.815 Y134.956 E.01484
G1 X117.262 Y134.057 E.01484
G1 X116.824 Y133.097 E.01484
G1 X116.506 Y132.091 E.01484
G1 X116.314 Y131.053 E.01485
G1 X116.249 Y130 E.01484
G1 X116.314 Y128.947 E.01484
G1 X116.506 Y127.909 E.01485
G1 X116.802 Y126.973 E.01381
G1 X117.264 Y125.941 E.0159
G1 X117.815 Y125.044 E.0148
G1 X118.427 Y124.276 E.01381
G1 X119.228 Y123.479 E.01589
G1 X120.065 Y122.84 E.01481
G1 X120.975 Y122.306 E.01484
G1 X121.944 Y121.887 E.01485
G1 X122.956 Y121.59 E.01483
G1 X123.997 Y121.419 E.01484
G1 X125.052 Y121.376 E.01485
G1 X126.03 Y121.456 E.0138
G1 X127.139 Y121.677 E.0159
G1 X128.136 Y122.014 E.0148
G1 X129.087 Y122.472 E.01484
G1 X129.974 Y123.043 E.01484
G1 X130.786 Y123.717 E.01484
G1 X131.49 Y124.467 E.01447
G1 X132.23 Y125.454 E.01735
G1 X132.338 Y125.497 E.00163
G1 X132.572 Y125.169 F9000
;TYPE:External perimeter
;WIDTH:0.419999
G1 F1040
G1 X132.653 Y125.21 E.00122
G1 X134.188 Y125.21 E.02057
G1 X134.188 Y126.547 E.01791
G1 X134.188 Y134.79 E.11044
G1 X132.653 Y134.79 E.02057
G1 X132.49 Y134.872 E.00244
G1 X131.827 Y135.778 E.01504
G1 X131.069 Y136.584 E.01482
G1 X130.219 Y137.291 E.01481
G1 X129.289 Y137.889 E.01481
G1 X128.292 Y138.369 E.01483
G1 X127.245 Y138.723 E.01481
G1 X126.162 Y138.947 E.01482
G1 X125.06 Y139.038 E.01482
G1 X123.955 Y138.993 E.01482
G1 X122.864 Y138.813 E.01482
G1 X121.803 Y138.502 E.01481
G1 X120.788 Y138.063 E.01482
G1 X119.834 Y137.504 E.01481
G1 X118.956 Y136.832 E.01481
G1 X118.166 Y136.058 E.01482
G1 X117.476 Y135.194 E.01481
G1 X116.897 Y134.251 E.01483
G1 X116.438 Y133.245 E.01482
G1 X116.105 Y132.191 E.01481
G1 X115.903 Y131.104 E.01481
G1 X115.835 Y130 E.01482
G1 X115.903 Y128.896 E.01482
G1 X116.105 Y127.809 E.01481
G1 X116.416 Y126.826 E.01381
G1 X116.898 Y125.748 E.01582
G1 X117.476 Y124.806 E.01481
G1 X118.119 Y124 E.01381
G1 X118.956 Y123.168 E.01581
G1 X119.834 Y122.496 E.01481
G1 X120.788 Y121.937 E.01481
G1 X121.803 Y121.498 E.01482
G1 X122.864 Y121.187 E.01481
G1 X123.955 Y121.007 E.01482
G1 X125.06 Y120.962 E.01482
G1 X126.088 Y121.046 E.01382
G1 X127.246 Y121.277 E.01582
G1 X128.292 Y121.631 E.0148
G1 X129.289 Y122.111 E.01483
G1 X130.219 Y122.709 E.01481
G1 X131.069 Y123.416 E.01481
G1 X131.827 Y124.222 E.01482
G1 X132.49 Y125.128 E.01504
G1 X132.518 Y125.142 E.00042
G1 X132.517 Y126.316 F9000
;TYPE:Solid infill
;WIDTH:0.407879
G1 F1040
G1 X132.847 Y126.355 E.00432
G1 X133.043 Y126.355 E.00255
G1 X133.043 Y127.5 E.01488
G1 X132.987 Y127.485 E.00075
G1 X132.757 Y126.811 E.00925
G1 X132.609 Y126.506 E.00441
G1 E-3.5 F3600
;WIPE_START
G1 F7200
G1 X132.757 Y126.811 E-.16103
G1 X132.987 Y127.485 E-.33828
G1 X133.043 Y127.5 E-.02754
G1 X133.043 Y126.355 E-.54387
G1 X132.847 Y126.355 E-.0931
G1 X132.517 Y126.316 E-.15784
;WIPE_END
G1 E-.17834 F3600
G1 X132.523 Y133.679 F9000
G1 E5 F2400
;WIDTH:0.407296
G1 F1040
G1 X132.765 Y133.167 E.00735
G1 X133.019 Y132.496 E.00931
G1 X133.043 Y132.5 E.00032
G1 X133.043 Y133.645 E.01486
G1 X132.733 Y133.657 E.00403
G1 E-3.5 F3600
;WIPE_START
G1 F7200
G1 X133.043 Y133.645 E-.14736
G1 X133.043 Y132.5 E-.54388
G1 X133.019 Y132.496 E-.01156
G1 X132.765 Y133.167 E-.3408
G1 X132.523 Y133.679 E-.269
;WIPE_END
G1 E-.1874 F3600
G1 X143.363 Y133.988 F9000
G1 E5 F2400
;TYPE:Perimeter
;WIDTH:0.371692
G1 F1040
G1 X143.363 Y126.012 E.09405
G1 X143.752 Y125.623 F9000
;WIDTH:0.439999
G1 F1040
G1 X143.752 Y126.012 E.00547
G1 X143.752 Y134.377 E.11764
G1 X142.975 Y134.377 E.01093
G1 X142.975 Y125.623 E.12311
G1 X143.692 Y125.623 E.01008
G1 X144.165 Y125.21 F9000
;TYPE:External perimeter
;WIDTH:0.419999
G1 F1040
G1 X144.165 Y126.012 E.01075
G1 X144.165 Y134.79 E.11761
G1 X142.562 Y134.79 E.02148
G1 X142.562 Y125.21 E.12835
G1 X144.105 Y125.21 E.02067
;LAYER_CHANGE
;Z:5.72
;HEIGHT:0.0799999
;BEFORE_LAYER_CHANGE
G92 E0
;5.72


G1 E-3.5 F3600
;WIPE_START
G1 F7200
G1 X144.165 Y125.21 E-.0285
G1 X144.165 Y126.012 E-.38095
G1 X144.165 Y128.308 E-1.09055
;WIPE_END
G1 Z5.72 F9000
;AFTER_LAYER_CHANGE
;5.72
G1 X132.626 Y130.128
G1 E5 F2400
;TYPE:Perimeter
;WIDTH:0.439999
G1 F1039
G1 X132.585 Y130.978 E.01197
G1 X132.392 Y131.973 E.01425
G1 X132.07 Y132.937 E.01429
G1 X131.625 Y133.851 E.0143
G1 X131.065 Y134.699 E.01429
G1 X130.399 Y135.467 E.0143
G1 X129.638 Y136.141 E.0143
G1 X128.796 Y136.71 E.01429
G1 X127.886 Y137.165 E.01431
G1 X126.925 Y137.496 E.01429
G1 X125.959 Y137.694 E.01387
G1 X125.073 Y137.766 E.0125
G1 X124.072 Y137.723 E.01409
G1 X122.825 Y137.496 E.01783
G1 X121.938 Y137.195 E.01317
G1 X120.954 Y136.71 E.01543
G1 X120.176 Y136.19 E.01316
G1 X119.408 Y135.524 E.0143
G1 X118.685 Y134.699 E.01543
G1 X118.165 Y133.921 E.01316
G1 X117.71 Y133.011 E.01431
G1 X117.379 Y132.05 E.01429
G1 X117.175 Y131.054 E.0143
G1 X117.109 Y130.198 E.01207
G1 X117.164 Y129.03 E.01644
G1 X117.344 Y128.097 E.01336
G1 X117.616 Y127.25 E.01251
G1 X118.033 Y126.335 E.01414
G1 X118.529 Y125.534 E.01325
G1 X119.087 Y124.838 E.01255
G1 X119.408 Y124.476 E.0068
G1 X120.112 Y123.859 E.01316
G1 X120.985 Y123.271 E.0148
G1 X121.864 Y122.835 E.0138
G1 X122.825 Y122.504 E.01429
G1 X123.821 Y122.3 E.0143
G1 X124.677 Y122.234 E.01207
G1 X125.853 Y122.29 E.01656
G1 X126.848 Y122.483 E.01425
G1 X127.812 Y122.805 E.01429
G1 X128.688 Y123.231 E.0137
G1 X129.481 Y123.748 E.01331
G1 X130.205 Y124.356 E.0133
G1 X131.065 Y125.301 E.01797
G1 X131.585 Y126.079 E.01316
G1 X131.935 Y126.777 E.01098
G1 X132.07 Y127.063 E.00445
G1 X132.371 Y127.95 E.01317
G1 X132.575 Y128.946 E.0143
G1 X132.641 Y129.802 E.01207
G1 X132.628 Y130.068 E.00375
G1 X132.183 Y130.075 F9000
;TYPE:External perimeter
;WIDTH:0.419999
G1 F1039
G1 X132.229 Y130.168 E.00139
G1 X132.173 Y130.949 E.01049
G1 X131.987 Y131.892 E.01288
G1 X131.679 Y132.804 E.0129
G1 X131.255 Y133.668 E.01289
G1 X130.722 Y134.47 E.0129
G1 X130.088 Y135.195 E.0129
G1 X129.366 Y135.831 E.01289
G1 X128.566 Y136.367 E.0129
G1 X127.704 Y136.794 E.01289
G1 X126.793 Y137.105 E.0129
G1 X125.878 Y137.289 E.0125
G1 X125.043 Y137.354 E.01122
G1 X124.976 Y137.348 E.0009
G1 X124.875 Y137.271 E.0017
G1 X124.713 Y137.355 E.00244
G1 X124.102 Y137.311 E.00821
G1 X123.217 Y137.159 E.01203
G1 X122.363 Y136.904 E.01194
G1 X122.046 Y136.794 E.0045
G1 X121.207 Y136.38 E.01254
G1 X120.384 Y135.831 E.01325
G1 X119.68 Y135.213 E.01255
G1 X119.028 Y134.47 E.01324
G1 X118.508 Y133.691 E.01255
G1 X118.081 Y132.829 E.01289
G1 X117.77 Y131.918 E.0129
G1 X117.58 Y130.974 E.0129
G1 X117.521 Y130.168 E.01083
G1 X117.527 Y130.101 E.0009
G1 X117.604 Y130 E.0017
G1 X117.521 Y129.834 E.00249
G1 X117.577 Y129.051 E.01052
G1 X117.749 Y128.178 E.01192
G1 X118.007 Y127.383 E.0112
G1 X118.403 Y126.517 E.01276
G1 X118.873 Y125.763 E.0119
G1 X119.399 Y125.109 E.01124
G1 X119.68 Y124.787 E.00573
G1 X120.384 Y124.169 E.01255
G1 X121.184 Y123.633 E.0129
G1 X122.046 Y123.206 E.01289
G1 X122.957 Y122.895 E.0129
G1 X123.901 Y122.705 E.0129
G1 X124.707 Y122.646 E.01083
G1 X124.774 Y122.652 E.0009
G1 X124.875 Y122.729 E.0017
G1 X125.031 Y122.645 E.00237
G1 X125.824 Y122.702 E.01065
G1 X126.767 Y122.888 E.01288
G1 X127.679 Y123.196 E.0129
G1 X128.505 Y123.601 E.01233
G1 X129.251 Y124.091 E.01196
G1 X129.933 Y124.667 E.01196
G1 X130.722 Y125.53 E.01567
G1 X131.242 Y126.309 E.01255
G1 X131.565 Y126.96 E.00974
G1 X131.679 Y127.196 E.00351
G1 X131.98 Y128.082 E.01254
G1 X132.17 Y129.026 E.0129
G1 X132.229 Y129.832 E.01083
G1 X132.145 Y130 E.00252
G1 X132.156 Y130.021 E.00032
G1 X133.37 Y128.868 F9000
;TYPE:Perimeter
;WIDTH:0.439999
G1 F1039
G1 X133.371 Y128.979 E.00156
;WIDTH:0.400908
G1 X133.385 Y130.238 E.01607
;WIDTH:0.41069
G1 X133.366 Y131.172 E.01223
;WIDTH:0.439999
G1 X133.351 Y133.954 E.03912
G1 X132.653 Y133.954 E.00982
;WIDTH:0.481342
G1 X132.083 Y134.1 E.00908
;WIDTH:0.50483
G1 X131.964 Y134.173 E.00226
G1 X132.023 Y134.047 E.00226
;WIDTH:0.481342
G1 X132.471 Y133.073 E.01655
;WIDTH:0.439999
G1 X132.807 Y132.055 E.01508
G1 X132.987 Y131.007 E.01495
;WIDTH:0.400908
G1 X133.029 Y129.774 E.01575
;WIDTH:0.41107
G1 X132.975 Y128.866 E.01192
;WIDTH:0.439999
G1 X132.772 Y127.814 E.01507
G1 X132.471 Y126.927 E.01317
G1 X132.314 Y126.59 E.00523
;WIDTH:0.47858
G1 X131.889 Y125.738 E.01461
G1 X132.09 Y125.888 E.00385
;WIDTH:0.453462
G1 X132.653 Y126.046 E.00849
;WIDTH:0.439999
G1 X133.351 Y126.046 E.00982
G1 X133.351 Y126.546 E.00703
G1 X133.369 Y128.808 E.03181
G1 E-3.5 F3600
;WIPE_START
G1 F7200
G1 X133.37 Y128.868 E-.0285
G1 X133.371 Y128.979 E-.05273
G1 X133.385 Y130.238 E-.59806
G1 X133.366 Y131.172 E-.44374
G1 X133.362 Y131.966 E-.37697
;WIPE_END
G1 X131.964 Y134.173 F9000
G1 E5 F2400
;WIDTH:0.50483
G1 F1039
G1 X131.689 Y134.553 E.00761
;WIDTH:0.469449
G1 X131.414 Y134.932 E.00704
;WIDTH:0.435336
G1 X130.715 Y135.744 E.0149
;WIDTH:0.437194
G1 X129.916 Y136.458 E.01497
;WIDTH:0.439642
G1 X129.03 Y137.062 E.01507
;WIDTH:0.442682
G1 X128.074 Y137.545 E.01516
;WIDTH:0.446308
G1 X127.062 Y137.9 E.01531
;WIDTH:0.450298
G1 X126.042 Y138.114 E.01501
G1 X125.103 Y138.192 E.01357
;WIDTH:0.455476
G1 X124.041 Y138.152 E.01549
;WIDTH:0.4588
G1 X123.052 Y137.988 E.01473
;WIDTH:0.460448
G1 X122.091 Y137.705 E.01477
;WIDTH:0.461508
G1 X121.171 Y137.307 E.01481
G1 X120.721 Y137.059 E.00759
;WIDTH:0.433446
G1 X119.943 Y136.539 E.01296
;WIDTH:0.461856
G1 X119.511 Y136.191 E.0082
G1 X119.132 Y135.839 E.00765
;WIDTH:0.433724
G1 X118.418 Y135.04 E.01485
;WIDTH:0.434748
G1 X117.815 Y134.154 E.01489
;WIDTH:0.436366
G1 X117.333 Y133.197 E.01494
;WIDTH:0.43857
G1 X116.979 Y132.186 E.01501
;WIDTH:0.441364
G1 X116.76 Y131.137 E.01512
G1 X116.687 Y130.228 E.01287
;WIDTH:0.448696
G1 X116.738 Y128.999 E.01765
;WIDTH:0.452388
G1 X116.923 Y128.013 E.01452
;WIDTH:0.454258
G1 X117.209 Y127.112 E.01374
;WIDTH:0.457644
G1 X117.646 Y126.144 E.01556
;WIDTH:0.459842
G1 X118.17 Y125.293 E.01471
;WIDTH:0.46114
G1 X118.759 Y124.555 E.01394
G1 X119.133 Y124.162 E.00801
;WIDTH:0.461634
G1 X119.514 Y123.807 E.0077
G1 X119.943 Y123.461 E.00815
;WIDTH:0.433448
G1 X120.721 Y122.941 E.01296
;WIDTH:0.461506
G1 X121.171 Y122.693 E.00759
G1 X121.678 Y122.459 E.00825
;WIDTH:0.434254
G1 X122.69 Y122.106 E.01487
;WIDTH:0.435628
G1 X123.739 Y121.888 E.01491
;WIDTH:0.436654
G1 X124.647 Y121.814 E.01271
;WIDTH:0.447842
G1 X125.103 Y121.808 E.00653
G1 X125.894 Y121.869 E.01136
;WIDTH:0.442274
G1 X126.93 Y122.067 E.01491
;WIDTH:0.447024
G1 X127.949 Y122.401 E.01533
;WIDTH:0.450952
G1 X128.877 Y122.847 E.01485
;WIDTH:0.454272
G1 X129.72 Y123.39 E.01458
;WIDTH:0.456998
G1 X130.49 Y124.032 E.01467
;WIDTH:0.459134
G1 X131.175 Y124.763 E.01473
;WIDTH:0.463668
G1 X131.807 Y125.628 E.01591
;WIDTH:0.47858
G1 X131.889 Y125.738 E.00211
G1 X132.391 Y125.527 F9000
;WIDTH:0.439999
G1 F1039
G1 X132.653 Y125.623 E.00392
G1 X133.774 Y125.623 E.01577
G1 X133.774 Y126.546 E.01298
G1 X133.774 Y134.377 E.11013
G1 X132.653 Y134.377 E.01577
G1 X132.322 Y134.474 E.00485
G1 X132.157 Y134.628 E.00317
G1 X131.509 Y135.514 E.01544
G1 X130.786 Y136.283 E.01484
G1 X129.974 Y136.957 E.01484
G1 X129.087 Y137.528 E.01484
G1 X128.136 Y137.986 E.01484
G1 X127.137 Y138.324 E.01483
G1 X126.103 Y138.538 E.01485
G1 X125.052 Y138.624 E.01483
G1 X123.997 Y138.581 E.01485
G1 X122.956 Y138.41 E.01484
G1 X121.944 Y138.113 E.01483
G1 X120.975 Y137.694 E.01485
G1 X120.065 Y137.16 E.01484
G1 X119.226 Y136.519 E.01485
G1 X118.473 Y135.781 E.01483
G1 X117.815 Y134.956 E.01484
G1 X117.262 Y134.057 E.01484
G1 X116.824 Y133.097 E.01484
G1 X116.506 Y132.091 E.01484
G1 X116.314 Y131.053 E.01485
G1 X116.249 Y130 E.01484
G1 X116.314 Y128.947 E.01484
G1 X116.506 Y127.909 E.01485
G1 X116.806 Y126.959 E.01401
G1 X117.263 Y125.942 E.01568
G1 X117.815 Y125.044 E.01482
G1 X118.436 Y124.265 E.01401
G1 X119.228 Y123.48 E.01568
G1 X120.065 Y122.84 E.01482
G1 X120.975 Y122.306 E.01484
G1 X121.944 Y121.887 E.01485
G1 X122.956 Y121.59 E.01483
G1 X123.997 Y121.419 E.01484
G1 X125.052 Y121.376 E.01485
G1 X126.045 Y121.457 E.01401
G1 X127.138 Y121.676 E.01568
G1 X128.136 Y122.014 E.01482
G1 X129.087 Y122.472 E.01484
G1 X129.974 Y123.043 E.01484
G1 X130.786 Y123.717 E.01484
G1 X131.49 Y124.467 E.01447
G1 X132.257 Y125.478 E.01785
G1 X132.334 Y125.506 E.00115
G1 X132.572 Y125.169 F9000
;TYPE:External perimeter
;WIDTH:0.419999
G1 F1039
G1 X132.653 Y125.21 E.00122
G1 X134.187 Y125.21 E.02055
G1 X134.187 Y126.546 E.0179
G1 X134.187 Y134.79 E.11045
G1 X132.653 Y134.79 E.02055
G1 X132.49 Y134.872 E.00244
G1 X131.827 Y135.778 E.01504
G1 X131.069 Y136.584 E.01482
G1 X130.219 Y137.291 E.01481
G1 X129.289 Y137.889 E.01481
G1 X128.292 Y138.369 E.01483
G1 X127.245 Y138.723 E.01481
G1 X126.162 Y138.947 E.01482
G1 X125.06 Y139.038 E.01482
G1 X123.955 Y138.993 E.01482
G1 X122.864 Y138.813 E.01482
G1 X121.803 Y138.502 E.01481
G1 X120.788 Y138.063 E.01482
G1 X119.834 Y137.504 E.01481
G1 X118.956 Y136.832 E.01481
G1 X118.166 Y136.058 E.01482
G1 X117.476 Y135.194 E.01481
G1 X116.897 Y134.251 E.01483
G1 X116.438 Y133.245 E.01482
G1 X116.105 Y132.191 E.01481
G1 X115.903 Y131.104 E.01481
G1 X115.835 Y130 E.01482
G1 X115.903 Y128.896 E.01482
G1 X116.105 Y127.809 E.01481
G1 X116.42 Y126.812 E.01401
G1 X116.898 Y125.748 E.01563
G1 X117.476 Y124.806 E.01481
G1 X118.128 Y123.989 E.014
G1 X118.956 Y123.168 E.01562
G1 X119.834 Y122.496 E.01481
G1 X120.788 Y121.937 E.01481
G1 X121.803 Y121.498 E.01482
G1 X122.864 Y121.187 E.01481
G1 X123.955 Y121.007 E.01482
G1 X125.06 Y120.962 E.01482
G1 X126.103 Y121.048 E.01402
G1 X127.246 Y121.277 E.01562
G1 X128.292 Y121.631 E.0148
G1 X129.289 Y122.111 E.01483
G1 X130.219 Y122.709 E.01481
G1 X131.069 Y123.416 E.01481
G1 X131.827 Y124.222 E.01482
G1 X132.49 Y125.128 E.01504
G1 X132.518 Y125.142 E.00042
G1 X132.523 Y126.321 F9000
;TYPE:Solid infill
;WIDTH:0.40676
G1 F1039
G1 X132.612 Y126.347 E.0012
G1 X133.042 Y126.355 E.00557
G1 X133.017 Y127.5 E.01484
G1 X132.985 Y127.481 E.00048
G1 X132.757 Y126.812 E.00916
G1 X132.613 Y126.511 E.00432
G1 E-3.5 F3600
;WIPE_START
G1 F7200
G1 X132.757 Y126.812 E-.15849
G1 X132.985 Y127.481 E-.33572
G1 X133.017 Y127.5 E-.01768
G1 X133.042 Y126.355 E-.544
G1 X132.612 Y126.347 E-.20429
G1 X132.523 Y126.321 E-.04404
;WIPE_END
G1 E-.19578 F3600
G1 X133.042 Y132.504 F9000
G1 E5 F2400
;WIDTH:0.406761
G1 F1039
G1 X133.042 Y133.645 E.01478
G1 X132.847 Y133.645 E.00253
G1 X132.523 Y133.679 E.00422
G1 X132.765 Y133.167 E.00734
G1 X132.936 Y132.663 E.0069
G1 E-3.5 F3600
;WIPE_START
G1 F7200
G1 X132.765 Y133.167 E-.2528
G1 X132.523 Y133.679 E-.269
G1 X132.847 Y133.645 E-.15475
G1 X133.042 Y133.645 E-.09262
G1 X133.042 Y132.504 E-.54198
;WIPE_END
G1 E-.18885 F3600
G1 X143.364 Y133.989 F9000
G1 E5 F2400
;TYPE:Perimeter
;WIDTH:0.370306
G1 F1039
G1 X143.364 Y126.011 E.0937
G1 X143.752 Y125.623 F9000
;WIDTH:0.439999
G1 F1039
G1 X143.752 Y126.011 E.00546
G1 X143.752 Y134.377 E.11765
G1 X142.976 Y134.377 E.01091
G1 X142.976 Y125.623 E.12311
G1 X143.692 Y125.623 E.01007
G1 X144.165 Y125.21 F9000
;TYPE:External perimeter
;WIDTH:0.419999
G1 F1039
G1 X144.165 Y126.011 E.01073
G1 X144.165 Y134.79 E.11762
G1 X142.563 Y134.79 E.02146
G1 X142.563 Y125.21 E.12835
G1 X144.105 Y125.21 E.02066
;LAYER_CHANGE
;Z:5.8
;HEIGHT:0.0800004
;BEFORE_LAYER_CHANGE
G92 E0
;5.8


G1 E-3.5 F3600
;WIPE_START
G1 F7200
G1 X144.165 Y125.21 E-.0285
G1 X144.165 Y126.011 E-.38047
G1 X144.165 Y128.308 E-1.09103
;WIPE_END
G1 Z5.8 F9000
;AFTER_LAYER_CHANGE
;5.8
G1 X132.387 Y128.029
G1 E5 F2400
;TYPE:Perimeter
;WIDTH:0.439999
G1 F1050
G1 X132.575 Y128.946 E.01316
G1 X132.643 Y129.843 E.01265
G1 X132.585 Y130.977 E.01597
G1 X132.392 Y131.973 E.01427
G1 X132.07 Y132.937 E.01429
G1 X131.625 Y133.851 E.0143
G1 X131.065 Y134.699 E.01429
G1 X130.399 Y135.467 E.0143
G1 X129.638 Y136.141 E.0143
G1 X128.796 Y136.71 E.01429
G1 X127.886 Y137.165 E.01431
G1 X126.925 Y137.496 E.01429
G1 X125.959 Y137.694 E.01387
G1 X125.032 Y137.768 E.01308
G1 X124.071 Y137.722 E.01353
G1 X122.825 Y137.496 E.01781
G1 X121.938 Y137.195 E.01317
G1 X120.954 Y136.71 E.01543
G1 X120.176 Y136.19 E.01316
G1 X119.408 Y135.524 E.0143
G1 X118.734 Y134.763 E.0143
G1 X118.529 Y134.466 E.00508
G1 X118.165 Y133.921 E.00922
G1 X117.71 Y133.011 E.01431
G1 X117.379 Y132.05 E.01429
G1 X117.175 Y131.054 E.0143
G1 X117.107 Y130.157 E.01265
G1 X117.164 Y129.029 E.01588
G1 X117.344 Y128.097 E.01335
G1 X117.621 Y127.237 E.01271
G1 X118.033 Y126.335 E.01395
G1 X118.529 Y125.534 E.01325
G1 X119.124 Y124.795 E.01334
G1 X119.408 Y124.476 E.00601
G1 X120.112 Y123.859 E.01316
G1 X120.985 Y123.271 E.0148
G1 X121.864 Y122.835 E.0138
G1 X122.825 Y122.504 E.01429
G1 X123.821 Y122.3 E.0143
G1 X124.718 Y122.232 E.01265
G1 X125.852 Y122.29 E.01597
G1 X126.848 Y122.483 E.01427
G1 X127.812 Y122.805 E.01429
G1 X128.688 Y123.231 E.0137
G1 X129.481 Y123.748 E.01331
G1 X130.205 Y124.356 E.0133
G1 X131.065 Y125.301 E.01797
G1 X131.585 Y126.079 E.01316
G1 X131.935 Y126.777 E.01098
G1 X132.07 Y127.063 E.00445
G1 X132.371 Y127.95 E.01317
G1 X132.375 Y127.97 E.00029
G1 X131.986 Y128.109 F9000
;TYPE:External perimeter
;WIDTH:0.419999
G1 F1050
G1 X132.17 Y129.026 E.01253
G1 X132.231 Y129.872 E.01136
G1 X132.174 Y130 E.00188
G1 X132.231 Y130.128 E.00188
G1 X132.173 Y130.948 E.01101
G1 X131.987 Y131.892 E.01289
G1 X131.679 Y132.804 E.0129
G1 X131.255 Y133.668 E.01289
G1 X130.722 Y134.47 E.0129
G1 X130.088 Y135.195 E.0129
G1 X129.366 Y135.831 E.01289
G1 X128.566 Y136.367 E.0129
G1 X127.704 Y136.794 E.01289
G1 X126.793 Y137.105 E.0129
G1 X125.878 Y137.289 E.0125
G1 X125.003 Y137.356 E.01176
G1 X124.875 Y137.3 E.00187
G1 X124.747 Y137.356 E.00187
G1 X123.927 Y137.298 E.01101
G1 X123.217 Y137.159 E.00969
G1 X122.403 Y136.917 E.01138
G1 X122.046 Y136.794 E.00506
G1 X121.207 Y136.38 E.01254
G1 X120.384 Y135.831 E.01325
G1 X119.68 Y135.213 E.01255
G1 X119.044 Y134.491 E.01289
G1 X118.873 Y134.237 E.0041
G1 X118.508 Y133.691 E.0088
G1 X118.081 Y132.829 E.01289
G1 X117.77 Y131.918 E.0129
G1 X117.58 Y130.974 E.0129
G1 X117.519 Y130.128 E.01136
G1 X117.575 Y130 E.00187
G1 X117.519 Y129.872 E.00187
G1 X117.577 Y129.052 E.01101
G1 X117.749 Y128.178 E.01193
G1 X118.012 Y127.37 E.01138
G1 X118.403 Y126.518 E.01256
G1 X118.873 Y125.763 E.01192
G1 X119.435 Y125.066 E.012
G1 X119.68 Y124.787 E.00497
G1 X120.384 Y124.169 E.01255
G1 X121.184 Y123.633 E.0129
G1 X122.046 Y123.206 E.01289
G1 X122.957 Y122.895 E.0129
G1 X123.901 Y122.705 E.0129
G1 X124.747 Y122.644 E.01136
G1 X124.875 Y122.7 E.00187
G1 X125.003 Y122.644 E.00187
G1 X125.826 Y122.702 E.01105
G1 X126.767 Y122.888 E.01285
G1 X127.679 Y123.196 E.0129
G1 X128.505 Y123.601 E.01233
G1 X129.251 Y124.091 E.01196
G1 X129.933 Y124.667 E.01196
G1 X130.722 Y125.53 E.01567
G1 X131.242 Y126.309 E.01255
G1 X131.565 Y126.96 E.00974
G1 X131.679 Y127.196 E.00351
G1 X131.97 Y128.051 E.0121
G1 E-3.5 F3600
;WIPE_START
G1 F7200
G1 X131.986 Y128.109 E-.02858
G1 X132.17 Y129.026 E-.44426
G1 X132.231 Y129.872 E-.40289
G1 X132.174 Y130 E-.06656
G1 X132.231 Y130.128 E-.06656
G1 X132.173 Y130.948 E-.39047
G1 X132.132 Y131.156 E-.10068
;WIPE_END
G1 X133.366 Y131.105 F9000
G1 E5 F2400
;TYPE:Perimeter
;WIDTH:0.410039
G1 F1050
G1 X133.365 Y131.172 E.00088
;WIDTH:0.439999
G1 X133.35 Y133.954 E.03912
G1 X132.653 Y133.954 E.0098
;WIDTH:0.481342
G1 X132.083 Y134.1 E.00908
;WIDTH:0.50483
G1 X131.964 Y134.173 E.00226
G1 X132.023 Y134.047 E.00226
;WIDTH:0.481342
G1 X132.471 Y133.073 E.01655
;WIDTH:0.439999
G1 X132.807 Y132.055 E.01508
G1 X132.987 Y131.005 E.01498
;WIDTH:0.400137
G1 X133.03 Y129.816 E.01515
;WIDTH:0.41037
G1 X132.975 Y128.866 E.01244
;WIDTH:0.439999
G1 X132.772 Y127.814 E.01507
G1 X132.471 Y126.927 E.01317
G1 X132.314 Y126.59 E.00523
;WIDTH:0.478578
G1 X131.889 Y125.738 E.01461
G1 X132.09 Y125.888 E.00385
;WIDTH:0.453461
G1 X132.653 Y126.046 E.00849
;WIDTH:0.439999
G1 X133.35 Y126.046 E.0098
G1 X133.35 Y126.546 E.00703
G1 X133.37 Y128.981 E.03425
;WIDTH:0.400137
G1 X133.384 Y130.196 E.01548
;WIDTH:0.410039
G1 X133.367 Y131.045 E.0111
G1 E-3.5 F3600
;WIPE_START
G1 F7200
G1 X133.366 Y131.105 E-.0285
G1 X133.365 Y131.172 E-.03183
G1 X133.35 Y133.954 E-1.32147
G1 X133.101 Y133.954 E-.1182
;WIPE_END
G1 X131.964 Y134.173 F9000
G1 E5 F2400
;WIDTH:0.50483
G1 F1050
G1 X131.689 Y134.553 E.00761
;WIDTH:0.469449
G1 X131.414 Y134.932 E.00704
;WIDTH:0.435336
G1 X130.715 Y135.744 E.0149
;WIDTH:0.437194
G1 X129.916 Y136.458 E.01497
;WIDTH:0.439642
G1 X129.03 Y137.062 E.01507
;WIDTH:0.44268
G1 X128.074 Y137.545 E.01516
;WIDTH:0.446308
G1 X127.062 Y137.9 E.01531
;WIDTH:0.450298
G1 X126.042 Y138.114 E.01501
G1 X125.061 Y138.194 E.01418
;WIDTH:0.45579
G1 X124.041 Y138.152 E.01489
;WIDTH:0.458798
G1 X123.052 Y137.988 E.01473
G1 X122.132 Y137.717 E.01409
;WIDTH:0.461328
G1 X121.169 Y137.305 E.01547
G1 X120.721 Y137.059 E.00755
;WIDTH:0.433448
G1 X119.943 Y136.539 E.01296
;WIDTH:0.461854
G1 X119.511 Y136.191 E.0082
G1 X119.132 Y135.839 E.00765
;WIDTH:0.433724
G1 X118.418 Y135.04 E.01485
;WIDTH:0.434748
G1 X117.815 Y134.154 E.01489
;WIDTH:0.436366
G1 X117.333 Y133.197 E.01494
;WIDTH:0.43857
G1 X116.979 Y132.186 E.01501
;WIDTH:0.441368
G1 X116.76 Y131.137 E.01512
;WIDTH:0.441576
G1 X116.685 Y130.186 E.01347
;WIDTH:0.448708
G1 X116.738 Y128.999 E.01705
;WIDTH:0.452388
G1 X116.923 Y128.013 E.01452
;WIDTH:0.454558
G1 X117.213 Y127.099 E.01395
;WIDTH:0.457718
G1 X117.645 Y126.145 E.01535
;WIDTH:0.459842
G1 X118.17 Y125.293 E.01473
;WIDTH:0.462882
G1 X118.796 Y124.511 E.01485
G1 X119.511 Y123.809 E.01485
;WIDTH:0.461856
G1 X119.943 Y123.461 E.0082
;WIDTH:0.433448
G1 X120.721 Y122.941 E.01296
;WIDTH:0.461508
G1 X121.171 Y122.693 E.00759
G1 X121.678 Y122.459 E.00825
;WIDTH:0.434252
G1 X122.69 Y122.106 E.01487
;WIDTH:0.435628
G1 X123.739 Y121.888 E.01491
;WIDTH:0.43684
G1 X124.689 Y121.812 E.0133
;WIDTH:0.440084
G1 X125.882 Y121.868 E.0168
;WIDTH:0.44252
G1 X126.93 Y122.067 E.01509
;WIDTH:0.447022
G1 X127.949 Y122.401 E.01533
;WIDTH:0.450952
G1 X128.877 Y122.847 E.01485
;WIDTH:0.454272
G1 X129.72 Y123.39 E.01458
;WIDTH:0.456998
G1 X130.49 Y124.032 E.01467
;WIDTH:0.459132
G1 X131.175 Y124.763 E.01473
;WIDTH:0.463666
G1 X131.807 Y125.628 E.01591
;WIDTH:0.478578
G1 X131.889 Y125.738 E.00211
G1 X132.391 Y125.527 F9000
;WIDTH:0.439999
G1 F1050
G1 X132.653 Y125.623 E.00392
G1 X133.772 Y125.623 E.01574
G1 X133.772 Y126.546 E.01298
G1 X133.772 Y134.377 E.11013
G1 X132.653 Y134.377 E.01574
G1 X132.322 Y134.474 E.00485
G1 X132.157 Y134.628 E.00317
G1 X131.509 Y135.514 E.01544
G1 X130.786 Y136.283 E.01484
G1 X129.974 Y136.957 E.01484
G1 X129.087 Y137.528 E.01484
G1 X128.136 Y137.986 E.01484
G1 X127.137 Y138.324 E.01483
G1 X126.103 Y138.538 E.01485
G1 X125.052 Y138.624 E.01483
G1 X123.997 Y138.581 E.01485
G1 X122.956 Y138.41 E.01484
G1 X121.986 Y138.125 E.01422
G1 X120.974 Y137.693 E.01547
G1 X120.065 Y137.16 E.01482
G1 X119.226 Y136.519 E.01485
G1 X118.473 Y135.781 E.01483
G1 X117.815 Y134.956 E.01484
G1 X117.262 Y134.057 E.01484
G1 X116.824 Y133.097 E.01484
G1 X116.506 Y132.091 E.01484
G1 X116.314 Y131.053 E.01485
G1 X116.249 Y130 E.01484
G1 X116.314 Y128.947 E.01484
G1 X116.506 Y127.909 E.01485
G1 X116.811 Y126.945 E.01422
G1 X117.263 Y125.942 E.01547
G1 X117.815 Y125.044 E.01482
G1 X118.473 Y124.219 E.01484
G1 X119.226 Y123.481 E.01483
G1 X120.065 Y122.84 E.01485
G1 X120.975 Y122.306 E.01484
G1 X121.944 Y121.887 E.01485
G1 X122.956 Y121.59 E.01483
G1 X123.997 Y121.419 E.01484
G1 X125.052 Y121.376 E.01485
G1 X126.06 Y121.458 E.01422
G1 X127.138 Y121.676 E.01547
G1 X128.136 Y122.014 E.01482
G1 X129.087 Y122.472 E.01484
G1 X129.974 Y123.043 E.01484
G1 X130.786 Y123.717 E.01484
G1 X131.49 Y124.467 E.01447
G1 X132.257 Y125.478 E.01785
G1 X132.334 Y125.506 E.00115
G1 X132.572 Y125.169 F9000
;TYPE:External perimeter
;WIDTH:0.419999
G1 F1050
G1 X132.653 Y125.21 E.00122
G1 X134.185 Y125.21 E.02053
G1 X134.185 Y126.546 E.0179
G1 X134.185 Y134.79 E.11045
G1 X132.653 Y134.79 E.02053
G1 X132.49 Y134.872 E.00244
G1 X131.827 Y135.778 E.01504
G1 X131.069 Y136.584 E.01482
G1 X130.219 Y137.291 E.01481
G1 X129.289 Y137.889 E.01481
G1 X128.292 Y138.369 E.01483
G1 X127.245 Y138.723 E.01481
G1 X126.162 Y138.947 E.01482
G1 X125.06 Y139.038 E.01482
G1 X123.955 Y138.993 E.01482
G1 X122.864 Y138.813 E.01482
G1 X121.846 Y138.514 E.01422
G1 X120.788 Y138.063 E.01541
G1 X119.834 Y137.504 E.01481
G1 X118.956 Y136.832 E.01481
G1 X118.166 Y136.058 E.01482
G1 X117.476 Y135.194 E.01481
G1 X116.897 Y134.251 E.01483
G1 X116.438 Y133.245 E.01482
G1 X116.105 Y132.191 E.01481
G1 X115.903 Y131.104 E.01481
G1 X115.835 Y130 E.01482
G1 X115.903 Y128.896 E.01482
G1 X116.105 Y127.809 E.01481
G1 X116.425 Y126.797 E.01422
G1 X116.898 Y125.748 E.01542
G1 X117.476 Y124.806 E.01481
G1 X118.166 Y123.942 E.01481
G1 X118.956 Y123.168 E.01482
G1 X119.834 Y122.496 E.01481
G1 X120.788 Y121.937 E.01481
G1 X121.803 Y121.498 E.01482
G1 X122.864 Y121.187 E.01481
G1 X123.955 Y121.007 E.01482
G1 X125.06 Y120.962 E.01482
G1 X126.118 Y121.049 E.01422
G1 X127.245 Y121.277 E.01541
G1 X128.292 Y121.631 E.01481
G1 X129.289 Y122.111 E.01483
G1 X130.219 Y122.709 E.01481
G1 X131.069 Y123.416 E.01481
G1 X131.827 Y124.222 E.01482
G1 X132.49 Y125.128 E.01504
G1 X132.518 Y125.142 E.00042
G1 X132.522 Y126.32 F9000
;TYPE:Solid infill
;WIDTH:0.406224
G1 F1050
G1 X132.846 Y126.354 E.00422
G1 X133.041 Y126.354 E.00252
G1 X133.041 Y127.492 E.01473
G1 X132.983 Y127.477 E.00078
G1 X132.756 Y126.812 E.00909
G1 X132.613 Y126.511 E.00431
G1 E-3.5 F3600
;WIPE_START
G1 F7200
G1 X132.756 Y126.812 E-.15829
G1 X132.983 Y127.477 E-.33377
G1 X133.041 Y127.492 E-.02846
G1 X133.041 Y126.354 E-.54055
G1 X132.846 Y126.354 E-.09262
G1 X132.522 Y126.32 E-.15475
;WIPE_END
G1 E-.19156 F3600
G1 X132.522 Y133.68 F9000
G1 E5 F2400
;WIDTH:0.406225
G1 F1050
G1 X132.765 Y133.167 E.00735
G1 X133.016 Y132.503 E.00919
G1 X133.041 Y132.508 E.00033
G1 X133.041 Y133.646 E.01473
G1 X132.732 Y133.658 E.004
G1 E-3.5 F3600
;WIPE_START
G1 F7200
G1 X133.041 Y133.646 E-.14689
G1 X133.041 Y132.508 E-.54055
G1 X133.016 Y132.503 E-.01211
G1 X132.765 Y133.167 E-.33718
G1 X132.522 Y133.68 E-.26963
;WIPE_END
G1 E-.19364 F3600
G1 X143.365 Y133.99 F9000
G1 E5 F2400
;TYPE:Perimeter
;WIDTH:0.368922
G1 F1050
G1 X143.365 Y126.01 E.09336
G1 X143.752 Y125.623 F9000
;WIDTH:0.439999
G1 F1050
G1 X143.752 Y126.01 E.00544
G1 X143.752 Y134.377 E.11767
G1 X142.978 Y134.377 E.01089
G1 X142.978 Y125.623 E.12311
G1 X143.692 Y125.623 E.01004
G1 X144.165 Y125.21 F9000
;TYPE:External perimeter
;WIDTH:0.419999
G1 F1050
G1 X144.165 Y126.01 E.01072
G1 X144.165 Y134.79 E.11764
G1 X142.565 Y134.79 E.02144
G1 X142.565 Y125.21 E.12835
G1 X144.105 Y125.21 E.02063
;LAYER_CHANGE
;Z:5.88
;HEIGHT:0.0799999
;BEFORE_LAYER_CHANGE
G92 E0
;5.88


G1 E-3.5 F3600
;WIPE_START
G1 F7200
G1 X144.165 Y125.21 E-.0285
G1 X144.165 Y126.01 E-.38
G1 X144.165 Y128.308 E-1.0915
;WIPE_END
G1 Z5.88 F9000
;AFTER_LAYER_CHANGE
;5.88
G1 X132.387 Y128.029
G1 E5 F2400
;TYPE:Perimeter
;WIDTH:0.439999
G1 F1049
G1 X132.575 Y128.946 E.01316
G1 X132.644 Y129.883 E.01321
G1 X132.585 Y130.976 E.01539
G1 X132.392 Y131.973 E.01428
G1 X132.07 Y132.937 E.01429
G1 X131.625 Y133.851 E.0143
G1 X131.065 Y134.699 E.01429
G1 X130.399 Y135.467 E.0143
G1 X129.638 Y136.141 E.0143
G1 X128.796 Y136.71 E.01429
G1 X127.886 Y137.165 E.01431
G1 X126.925 Y137.496 E.01429
G1 X125.959 Y137.694 E.01387
G1 X125.014 Y137.767 E.01333
G1 X124.071 Y137.722 E.01328
G1 X122.825 Y137.496 E.01781
G1 X121.938 Y137.195 E.01317
G1 X120.954 Y136.71 E.01543
G1 X120.548 Y136.439 E.00686
G1 X120.112 Y136.141 E.00743
G1 X119.408 Y135.524 E.01316
G1 X118.734 Y134.763 E.0143
G1 X118.165 Y133.921 E.01429
G1 X117.71 Y133.011 E.01431
G1 X117.379 Y132.05 E.01429
G1 X117.175 Y131.054 E.0143
G1 X117.106 Y130.116 E.01323
G1 X117.165 Y129.028 E.01532
G1 X117.344 Y128.097 E.01333
G1 X117.625 Y127.223 E.01291
G1 X118.032 Y126.336 E.01372
G1 X118.719 Y125.259 E.01797
G1 X119.35 Y124.535 E.01351
G1 X119.798 Y124.134 E.00846
G1 X120.176 Y123.81 E.007
G1 X120.954 Y123.29 E.01316
G1 X121.864 Y122.835 E.01431
G1 X122.825 Y122.504 E.01429
G1 X123.821 Y122.3 E.0143
G1 X124.758 Y122.231 E.01321
G1 X125.851 Y122.29 E.01539
G1 X126.848 Y122.483 E.01428
G1 X127.812 Y122.805 E.01429
G1 X128.688 Y123.231 E.0137
G1 X129.481 Y123.748 E.01331
G1 X130.205 Y124.356 E.0133
G1 X130.85 Y125.048 E.0133
G1 X131.065 Y125.301 E.00467
G1 X131.585 Y126.079 E.01316
G1 X132.07 Y127.063 E.01543
G1 X132.371 Y127.95 E.01317
G1 X132.375 Y127.97 E.00029
G1 X131.986 Y128.109 F9000
;TYPE:External perimeter
;WIDTH:0.419999
G1 F1049
G1 X132.17 Y129.026 E.01253
G1 X132.232 Y129.911 E.01189
G1 X132.173 Y130.948 E.01392
G1 X131.987 Y131.892 E.01289
G1 X131.679 Y132.804 E.0129
G1 X131.255 Y133.668 E.01289
G1 X130.722 Y134.47 E.0129
G1 X130.088 Y135.195 E.0129
G1 X129.366 Y135.831 E.01289
G1 X128.566 Y136.367 E.0129
G1 X127.704 Y136.794 E.01289
G1 X126.793 Y137.105 E.0129
G1 X125.878 Y137.289 E.0125
G1 X124.985 Y137.356 E.012
G1 X124.099 Y137.31 E.01189
G1 X123.217 Y137.159 E.01199
G1 X122.046 Y136.794 E.01643
G1 X121.207 Y136.38 E.01254
G1 X120.777 Y136.095 E.00691
G1 X120.384 Y135.831 E.00634
G1 X119.68 Y135.213 E.01255
G1 X119.044 Y134.491 E.01289
G1 X118.508 Y133.691 E.0129
G1 X118.081 Y132.829 E.01289
G1 X117.77 Y131.918 E.0129
G1 X117.58 Y130.974 E.0129
G1 X117.518 Y130.087 E.01191
G1 X117.576 Y129.056 E.01384
G1 X117.749 Y128.178 E.01199
G1 X118.016 Y127.356 E.01158
G1 X118.403 Y126.519 E.01235
G1 X118.873 Y125.763 E.01193
G1 X119.68 Y124.787 E.01697
G1 X120.384 Y124.169 E.01255
G1 X121.184 Y123.633 E.0129
G1 X122.046 Y123.206 E.01289
G1 X122.957 Y122.895 E.0129
G1 X123.901 Y122.705 E.0129
G1 X124.786 Y122.643 E.01189
G1 X125.823 Y122.702 E.01392
G1 X126.767 Y122.888 E.01289
G1 X127.679 Y123.196 E.0129
G1 X128.505 Y123.601 E.01233
G1 X129.251 Y124.091 E.01196
G1 X129.933 Y124.667 E.01196
G1 X130.54 Y125.32 E.01195
G1 X130.722 Y125.53 E.00372
G1 X131.242 Y126.309 E.01255
G1 X131.679 Y127.196 E.01325
G1 X131.97 Y128.051 E.0121
G1 E-3.5 F3600
;WIPE_START
G1 F7200
G1 X131.986 Y128.109 E-.02858
G1 X132.17 Y129.026 E-.44426
G1 X132.232 Y129.911 E-.42141
G1 X132.173 Y130.948 E-.49337
G1 X132.127 Y131.18 E-.11238
;WIPE_END
G1 X133.365 Y131.114 F9000
G1 E5 F2400
;TYPE:Perimeter
;WIDTH:0.409389
G1 F1049
G1 X133.364 Y131.172 E.00076
;WIDTH:0.439999
G1 X133.348 Y133.954 E.03913
G1 X132.653 Y133.954 E.00977
;WIDTH:0.481342
G1 X132.083 Y134.1 E.00908
;WIDTH:0.50483
G1 X131.964 Y134.173 E.00226
G1 X132.023 Y134.047 E.00226
;WIDTH:0.481342
G1 X132.471 Y133.073 E.01655
;WIDTH:0.439999
G1 X132.807 Y132.055 E.01508
G1 X132.987 Y131.004 E.015
;WIDTH:0.399376
G1 X133.031 Y129.856 E.0146
;WIDTH:0.409671
G1 X132.975 Y128.866 E.01294
;WIDTH:0.439999
G1 X132.772 Y127.814 E.01507
G1 X132.471 Y126.927 E.01317
G1 X132.314 Y126.59 E.00523
;WIDTH:0.47858
G1 X131.889 Y125.738 E.01461
G1 X132.09 Y125.888 E.00385
;WIDTH:0.453462
G1 X132.653 Y126.046 E.00849
;WIDTH:0.439999
G1 X133.348 Y126.046 E.00977
G1 X133.348 Y126.545 E.00702
G1 X133.369 Y128.983 E.03429
;WIDTH:0.399376
G1 X133.383 Y130.154 E.01489
;WIDTH:0.409389
G1 X133.366 Y131.054 E.01174
G1 E-3.5 F3600
;WIPE_START
G1 F7200
G1 X133.365 Y131.114 E-.0285
G1 X133.364 Y131.172 E-.02755
G1 X133.348 Y133.954 E-1.32147
G1 X133.09 Y133.954 E-.12248
;WIPE_END
G1 X131.964 Y134.173 F9000
G1 E5 F2400
;WIDTH:0.50483
G1 F1049
G1 X131.689 Y134.553 E.00761
;WIDTH:0.46945
G1 X131.414 Y134.932 E.00704
;WIDTH:0.435336
G1 X130.715 Y135.744 E.0149
;WIDTH:0.437196
G1 X129.916 Y136.458 E.01497
;WIDTH:0.439642
G1 X129.03 Y137.062 E.01507
;WIDTH:0.442682
G1 X128.074 Y137.545 E.01516
;WIDTH:0.44631
G1 X127.062 Y137.9 E.01531
;WIDTH:0.4503
G1 X126.042 Y138.114 E.01501
;WIDTH:0.451338
G1 X125.043 Y138.195 E.01447
;WIDTH:0.456072
G1 X124.041 Y138.152 E.01464
;WIDTH:0.458798
G1 X123.052 Y137.988 E.01473
;WIDTH:0.459262
G1 X122.118 Y137.713 E.01432
;WIDTH:0.461386
G1 X121.17 Y137.306 E.01524
G1 X120.721 Y137.059 E.00757
;WIDTH:0.433446
G1 X119.943 Y136.539 E.01296
;WIDTH:0.461856
G1 X119.511 Y136.191 E.0082
G1 X119.132 Y135.839 E.00765
;WIDTH:0.433724
G1 X118.418 Y135.04 E.01485
;WIDTH:0.434748
G1 X117.815 Y134.154 E.01489
;WIDTH:0.436364
G1 X117.333 Y133.197 E.01494
;WIDTH:0.43857
G1 X116.979 Y132.186 E.01501
;WIDTH:0.440722
G1 X116.76 Y131.137 E.0151
;WIDTH:0.442624
G1 X116.683 Y130.145 E.01408
;WIDTH:0.448718
G1 X116.738 Y128.999 E.01647
;WIDTH:0.45239
G1 X116.923 Y128.013 E.01452
;WIDTH:0.454864
G1 X117.218 Y127.085 E.01418
;WIDTH:0.457794
G1 X117.645 Y126.145 E.01513
;WIDTH:0.45984
G1 X118.17 Y125.293 E.01473
;WIDTH:0.461088
G1 X118.777 Y124.532 E.01437
G1 X119.132 Y124.162 E.00757
;WIDTH:0.461742
G1 X119.512 Y123.808 E.00768
G1 X119.943 Y123.461 E.00818
;WIDTH:0.433448
G1 X120.721 Y122.941 E.01296
;WIDTH:0.461506
G1 X121.171 Y122.693 E.00759
G1 X121.678 Y122.459 E.00825
;WIDTH:0.434254
G1 X122.69 Y122.106 E.01487
;WIDTH:0.435628
G1 X123.739 Y121.888 E.01491
;WIDTH:0.437078
G1 X124.729 Y121.811 E.01387
;WIDTH:0.440104
G1 X125.88 Y121.868 E.01621
;WIDTH:0.442772
G1 X126.93 Y122.067 E.01513
;WIDTH:0.447022
G1 X127.949 Y122.401 E.01533
;WIDTH:0.450954
G1 X128.877 Y122.847 E.01486
;WIDTH:0.45427
G1 X129.72 Y123.39 E.01458
;WIDTH:0.456998
G1 X130.49 Y124.032 E.01467
;WIDTH:0.459134
G1 X131.175 Y124.763 E.01473
;WIDTH:0.463668
G1 X131.807 Y125.628 E.01591
;WIDTH:0.47858
G1 X131.889 Y125.738 E.00211
G1 X132.391 Y125.527 F9000
;WIDTH:0.439999
G1 F1049
G1 X132.653 Y125.623 E.00392
G1 X133.771 Y125.623 E.01572
G1 X133.771 Y126.545 E.01297
G1 X133.771 Y134.377 E.11014
G1 X132.653 Y134.377 E.01572
G1 X132.322 Y134.474 E.00485
G1 X132.157 Y134.628 E.00317
G1 X131.509 Y135.514 E.01544
G1 X130.786 Y136.283 E.01484
G1 X129.974 Y136.957 E.01484
G1 X129.087 Y137.528 E.01484
G1 X128.136 Y137.986 E.01484
G1 X127.137 Y138.324 E.01483
G1 X126.103 Y138.538 E.01485
G1 X125.052 Y138.624 E.01483
G1 X123.997 Y138.581 E.01485
G1 X122.956 Y138.41 E.01484
G1 X121.972 Y138.121 E.01442
G1 X120.974 Y137.693 E.01527
G1 X120.065 Y137.16 E.01482
G1 X119.226 Y136.519 E.01485
G1 X118.473 Y135.781 E.01483
G1 X117.815 Y134.956 E.01484
G1 X117.262 Y134.057 E.01484
G1 X116.824 Y133.097 E.01484
G1 X116.515 Y132.119 E.01442
G1 X116.313 Y131.052 E.01527
G1 X116.249 Y130 E.01482
G1 X116.314 Y128.947 E.01484
G1 X116.506 Y127.909 E.01485
G1 X116.815 Y126.931 E.01442
G1 X117.263 Y125.942 E.01527
G1 X117.815 Y125.044 E.01482
G1 X118.454 Y124.242 E.01442
G1 X119.227 Y123.48 E.01526
G1 X120.065 Y122.84 E.01483
G1 X120.975 Y122.306 E.01484
G1 X121.944 Y121.887 E.01485
G1 X122.956 Y121.59 E.01483
G1 X123.997 Y121.419 E.01484
G1 X125.052 Y121.376 E.01485
G1 X126.074 Y121.46 E.01442
G1 X127.138 Y121.676 E.01527
G1 X128.136 Y122.014 E.01482
G1 X129.087 Y122.472 E.01484
G1 X129.974 Y123.043 E.01484
G1 X130.786 Y123.717 E.01484
G1 X131.49 Y124.467 E.01447
G1 X132.257 Y125.478 E.01785
G1 X132.334 Y125.506 E.00115
G1 X132.572 Y125.169 F9000
;TYPE:External perimeter
;WIDTH:0.419999
G1 F1049
G1 X132.653 Y125.21 E.00122
G1 X134.184 Y125.21 E.02051
G1 X134.184 Y126.545 E.01789
G1 X134.184 Y134.79 E.11047
G1 X132.653 Y134.79 E.02051
G1 X132.49 Y134.872 E.00244
G1 X131.827 Y135.778 E.01504
G1 X131.069 Y136.584 E.01482
G1 X130.219 Y137.291 E.01481
G1 X129.289 Y137.889 E.01481
G1 X128.292 Y138.369 E.01483
G1 X127.245 Y138.723 E.01481
G1 X126.162 Y138.947 E.01482
G1 X125.06 Y139.038 E.01482
G1 X123.955 Y138.993 E.01482
G1 X122.864 Y138.813 E.01482
G1 X121.832 Y138.51 E.01441
G1 X120.788 Y138.063 E.01522
G1 X119.834 Y137.504 E.01481
G1 X118.956 Y136.832 E.01481
G1 X118.166 Y136.058 E.01482
G1 X117.476 Y135.194 E.01481
G1 X116.897 Y134.251 E.01483
G1 X116.438 Y133.245 E.01482
G1 X116.114 Y132.219 E.01442
G1 X115.903 Y131.103 E.01522
G1 X115.835 Y130 E.01481
G1 X115.903 Y128.896 E.01482
G1 X116.105 Y127.809 E.01481
G1 X116.429 Y126.783 E.01442
G1 X116.898 Y125.748 E.01522
G1 X117.476 Y124.806 E.01481
G1 X118.147 Y123.965 E.01441
G1 X118.956 Y123.168 E.01522
G1 X119.834 Y122.496 E.01481
G1 X120.788 Y121.937 E.01481
G1 X121.803 Y121.498 E.01482
G1 X122.864 Y121.187 E.01481
G1 X123.955 Y121.007 E.01482
G1 X125.06 Y120.962 E.01482
G1 X126.132 Y121.05 E.01441
G1 X127.245 Y121.277 E.01522
G1 X128.292 Y121.631 E.01481
G1 X129.289 Y122.111 E.01483
G1 X130.219 Y122.709 E.01481
G1 X131.069 Y123.416 E.01481
G1 X131.827 Y124.222 E.01482
G1 X132.49 Y125.128 E.01504
G1 X132.518 Y125.142 E.00042
G1 X132.522 Y126.32 F9000
;TYPE:Solid infill
;WIDTH:0.405689
G1 F1049
G1 X132.612 Y126.346 E.00121
G1 X133.04 Y126.354 E.00553
G1 X133.015 Y127.493 E.01472
G1 X132.982 Y127.473 E.0005
G1 X132.756 Y126.812 E.00903
G1 X132.612 Y126.511 E.00431
G1 E-3.5 F3600
;WIPE_START
G1 F7200
G1 X132.756 Y126.812 E-.15849
G1 X132.982 Y127.473 E-.33182
G1 X133.015 Y127.493 E-.01833
G1 X133.04 Y126.354 E-.54116
G1 X132.612 Y126.346 E-.20334
G1 X132.522 Y126.32 E-.0445
;WIPE_END
G1 E-.20236 F3600
G1 X133.04 Y132.511 F9000
G1 E5 F2400
;WIDTH:0.405688
G1 F1049
G1 X133.04 Y133.646 E.01467
G1 X132.846 Y133.646 E.00251
G1 X132.522 Y133.68 E.00421
G1 X132.765 Y133.167 E.00734
G1 X132.933 Y132.67 E.00678
G1 E-3.5 F3600
;WIPE_START
G1 F7200
G1 X132.765 Y133.167 E-.2492
G1 X132.522 Y133.68 E-.26963
G1 X132.846 Y133.646 E-.15475
G1 X133.04 Y133.646 E-.09215
G1 X133.04 Y132.511 E-.53913
;WIPE_END
G1 E-.19514 F3600
G1 X143.366 Y133.991 F9000
G1 E5 F2400
;TYPE:Perimeter
;WIDTH:0.367538
G1 F1049
G1 X143.366 Y126.009 E.09302
G1 X143.752 Y125.623 F9000
;WIDTH:0.439999
G1 F1049
G1 X143.752 Y126.009 E.00543
G1 X143.752 Y134.377 E.11768
G1 X142.979 Y134.377 E.01087
G1 X142.979 Y125.623 E.12311
G1 X143.692 Y125.623 E.01003
G1 X144.165 Y125.21 F9000
;TYPE:External perimeter
;WIDTH:0.419999
G1 F1049
G1 X144.165 Y126.009 E.01071
G1 X144.165 Y134.79 E.11765
G1 X142.566 Y134.79 E.02142
G1 X142.566 Y125.21 E.12835
G1 X144.105 Y125.21 E.02062
;LAYER_CHANGE
;Z:5.96
;HEIGHT:0.0799999
;BEFORE_LAYER_CHANGE
G92 E0
;5.96


G1 E-3.5 F3600
;WIPE_START
G1 F7200
G1 X144.165 Y125.21 E-.0285
G1 X144.165 Y126.009 E-.37952
G1 X144.165 Y128.308 E-1.09198
;WIPE_END
G1 Z5.96 F9000
;AFTER_LAYER_CHANGE
;5.96
G1 X132.387 Y128.029
G1 E5 F2400
;TYPE:Perimeter
;WIDTH:0.439999
G1 F1050
G1 X132.575 Y128.946 E.01316
G1 X132.644 Y129.908 E.01356
G1 X132.585 Y130.975 E.01503
G1 X132.392 Y131.973 E.0143
G1 X132.07 Y132.937 E.01429
G1 X131.625 Y133.851 E.0143
G1 X131.072 Y134.689 E.01412
G1 X130.399 Y135.466 E.01446
G1 X129.638 Y136.141 E.01431
G1 X128.796 Y136.71 E.01429
G1 X127.886 Y137.165 E.01431
G1 X126.925 Y137.496 E.01429
G1 X125.959 Y137.694 E.01387
G1 X125.014 Y137.766 E.01333
G1 X124.07 Y137.722 E.01329
G1 X122.825 Y137.496 E.0178
G1 X121.938 Y137.195 E.01317
G1 X121.363 Y136.918 E.00898
G1 X120.954 Y136.71 E.00645
G1 X120.176 Y136.19 E.01316
G1 X119.408 Y135.524 E.0143
G1 X118.734 Y134.763 E.0143
G1 X118.165 Y133.921 E.01429
G1 X117.71 Y133.011 E.01431
G1 X117.379 Y132.05 E.01429
G1 X117.175 Y131.054 E.0143
G1 X117.106 Y130.092 E.01356
G1 X117.165 Y129.028 E.01499
G1 X117.344 Y128.097 E.01333
G1 X117.63 Y127.21 E.01311
G1 X118.032 Y126.337 E.01352
G1 X118.529 Y125.534 E.01328
G1 X118.734 Y125.237 E.00508
G1 X119.351 Y124.533 E.01316
G1 X120.176 Y123.81 E.01543
G1 X120.548 Y123.561 E.0063
G1 X120.985 Y123.271 E.00738
G1 X121.864 Y122.835 E.0138
G1 X122.825 Y122.504 E.01429
G1 X123.821 Y122.3 E.0143
G1 X124.784 Y122.231 E.01358
G1 X125.85 Y122.29 E.01501
G1 X126.848 Y122.483 E.0143
G1 X127.812 Y122.805 E.01429
G1 X128.688 Y123.231 E.0137
G1 X129.481 Y123.748 E.01331
G1 X130.205 Y124.356 E.0133
G1 X130.85 Y125.048 E.0133
G1 X131.065 Y125.301 E.00467
G1 X131.585 Y126.079 E.01316
G1 X132.07 Y127.063 E.01543
G1 X132.371 Y127.95 E.01317
G1 X132.375 Y127.97 E.00029
G1 X131.986 Y128.109 F9000
;TYPE:External perimeter
;WIDTH:0.419999
G1 F1050
G1 X132.17 Y129.026 E.01253
G1 X132.232 Y129.936 E.01222
G1 X132.173 Y130.948 E.01358
G1 X131.987 Y131.892 E.01289
G1 X131.679 Y132.804 E.0129
G1 X131.255 Y133.668 E.01289
G1 X130.729 Y134.459 E.01273
G1 X130.089 Y135.194 E.01306
G1 X129.366 Y135.831 E.01291
G1 X128.566 Y136.367 E.0129
G1 X127.704 Y136.794 E.01289
G1 X126.793 Y137.105 E.0129
G1 X125.878 Y137.289 E.0125
G1 X124.987 Y137.354 E.01197
G1 X124.098 Y137.31 E.01193
G1 X123.217 Y137.159 E.01198
G1 X122.363 Y136.904 E.01194
G1 X122.046 Y136.794 E.0045
G1 X121.207 Y136.38 E.01254
G1 X120.384 Y135.831 E.01325
G1 X119.68 Y135.213 E.01255
G1 X119.044 Y134.491 E.01289
G1 X118.508 Y133.691 E.0129
G1 X118.081 Y132.829 E.01289
G1 X117.77 Y131.918 E.0129
G1 X117.58 Y130.974 E.0129
G1 X117.518 Y130.064 E.01222
G1 X117.576 Y129.055 E.01354
G1 X117.749 Y128.178 E.01198
G1 X118.021 Y127.343 E.01177
G1 X118.402 Y126.52 E.01215
G1 X119.044 Y125.509 E.01605
G1 X119.662 Y124.805 E.01255
G1 X120.405 Y124.153 E.01324
G1 X120.777 Y123.905 E.00599
G1 X121.194 Y123.627 E.00671
G1 X122.046 Y123.206 E.01273
G1 X122.957 Y122.895 E.0129
G1 X123.901 Y122.705 E.0129
G1 X124.811 Y122.642 E.01222
G1 X125.823 Y122.702 E.01358
G1 X126.767 Y122.888 E.01289
G1 X127.679 Y123.196 E.0129
G1 X128.505 Y123.601 E.01233
G1 X129.251 Y124.091 E.01196
G1 X129.933 Y124.667 E.01196
G1 X130.722 Y125.53 E.01567
G1 X131.242 Y126.309 E.01255
G1 X131.565 Y126.96 E.00974
G1 X131.679 Y127.196 E.00351
G1 X131.97 Y128.051 E.0121
G1 E-3.5 F3600
;WIPE_START
G1 F7200
G1 X131.986 Y128.109 E-.02858
G1 X132.17 Y129.026 E-.44426
G1 X132.232 Y129.936 E-.43325
G1 X132.173 Y130.948 E-.48152
G1 X132.127 Y131.18 E-.11239
;WIPE_END
G1 X133.363 Y131.121 F9000
G1 E5 F2400
;TYPE:Perimeter
;WIDTH:0.408736
G1 F1050
G1 X133.362 Y131.172 E.00066
;WIDTH:0.439999
G1 X133.347 Y133.954 E.03912
G1 X132.653 Y133.954 E.00976
;WIDTH:0.481343
G1 X132.083 Y134.1 E.00908
;WIDTH:0.504832
G1 X131.964 Y134.173 E.00226
G1 X132.023 Y134.047 E.00226
;WIDTH:0.481343
G1 X132.471 Y133.073 E.01655
;WIDTH:0.439999
G1 X132.807 Y132.055 E.01508
G1 X132.986 Y131.002 E.01502
;WIDTH:0.398621
G1 X133.031 Y129.882 E.01422
;WIDTH:0.40897
G1 X132.974 Y128.866 E.01326
;WIDTH:0.439999
G1 X132.772 Y127.814 E.01506
G1 X132.471 Y126.927 E.01317
G1 X132.314 Y126.59 E.00523
;WIDTH:0.478578
G1 X131.889 Y125.738 E.01461
G1 X132.09 Y125.888 E.00385
;WIDTH:0.453462
G1 X132.653 Y126.046 E.00849
;WIDTH:0.439999
G1 X133.347 Y126.046 E.00976
G1 X133.347 Y126.544 E.007
G1 X133.368 Y128.985 E.03433
;WIDTH:0.39862
G1 X133.382 Y130.13 E.01453
;WIDTH:0.408736
G1 X133.365 Y131.061 E.01213
G1 E-3.5 F3600
;WIPE_START
G1 F7200
G1 X133.363 Y131.121 E-.02852
G1 X133.362 Y131.172 E-.02423
G1 X133.347 Y133.954 E-1.32147
G1 X133.082 Y133.954 E-.12578
;WIPE_END
G1 X131.964 Y134.173 F9000
G1 E5 F2400
;WIDTH:0.504832
G1 F1050
G1 X131.693 Y134.548 E.0075
;WIDTH:0.46972
G1 X131.421 Y134.922 E.00696
;WIDTH:0.435398
G1 X130.716 Y135.743 E.01505
;WIDTH:0.437196
G1 X129.916 Y136.458 E.01499
;WIDTH:0.439642
G1 X129.03 Y137.062 E.01507
;WIDTH:0.442682
G1 X128.074 Y137.545 E.01516
;WIDTH:0.446308
G1 X127.062 Y137.9 E.01531
;WIDTH:0.450298
G1 X126.042 Y138.114 E.01501
;WIDTH:0.45257
G1 X125.043 Y138.194 E.01451
;WIDTH:0.456322
G1 X124.041 Y138.152 E.01465
;WIDTH:0.4588
G1 X123.052 Y137.988 E.01473
;WIDTH:0.46045
G1 X122.091 Y137.705 E.01477
;WIDTH:0.461506
G1 X121.171 Y137.307 E.01481
G1 X120.721 Y137.059 E.00759
;WIDTH:0.433446
G1 X119.943 Y136.539 E.01296
;WIDTH:0.461856
G1 X119.511 Y136.191 E.0082
G1 X119.132 Y135.839 E.00765
;WIDTH:0.433726
G1 X118.418 Y135.04 E.01485
;WIDTH:0.434746
G1 X117.815 Y134.154 E.01488
;WIDTH:0.436364
G1 X117.333 Y133.197 E.01494
;WIDTH:0.43857
G1 X116.979 Y132.186 E.01501
;WIDTH:0.441364
G1 X116.76 Y131.137 E.01512
;WIDTH:0.44375
G1 X116.682 Y130.12 E.01447
;WIDTH:0.44872
G1 X116.738 Y128.999 E.01611
;WIDTH:0.45239
G1 X116.923 Y128.013 E.01452
;WIDTH:0.455166
G1 X117.222 Y127.072 E.01438
;WIDTH:0.457868
G1 X117.645 Y126.146 E.01492
;WIDTH:0.459842
G1 X118.17 Y125.293 E.01475
;WIDTH:0.460478
G1 X118.786 Y124.521 E.01456
;WIDTH:0.461798
G1 X119.512 Y123.809 E.01504
G1 X119.943 Y123.461 E.00819
;WIDTH:0.433446
G1 X120.721 Y122.941 E.01296
;WIDTH:0.461508
G1 X121.171 Y122.693 E.00759
G1 X121.678 Y122.459 E.00825
;WIDTH:0.434254
G1 X122.69 Y122.106 E.01487
;WIDTH:0.435626
G1 X123.739 Y121.888 E.01491
;WIDTH:0.437642
G1 X124.756 Y121.81 E.01426
;WIDTH:0.440122
G1 X125.879 Y121.868 E.01582
;WIDTH:0.443026
G1 X126.93 Y122.067 E.01515
;WIDTH:0.447022
G1 X127.949 Y122.401 E.01533
;WIDTH:0.450952
G1 X128.877 Y122.847 E.01485
;WIDTH:0.454272
G1 X129.72 Y123.39 E.01458
;WIDTH:0.457
G1 X130.49 Y124.032 E.01467
;WIDTH:0.459134
G1 X131.175 Y124.763 E.01473
;WIDTH:0.463666
G1 X131.807 Y125.628 E.01591
;WIDTH:0.478578
G1 X131.889 Y125.738 E.00211
G1 X132.391 Y125.527 F9000
;WIDTH:0.439999
G1 F1050
G1 X132.653 Y125.623 E.00392
G1 X133.77 Y125.623 E.01571
G1 X133.77 Y126.544 E.01295
G1 X133.77 Y134.377 E.11016
G1 X132.653 Y134.377 E.01571
G1 X132.322 Y134.474 E.00485
G1 X132.157 Y134.628 E.00317
G1 X131.509 Y135.514 E.01544
G1 X130.786 Y136.283 E.01484
G1 X129.974 Y136.957 E.01484
G1 X129.087 Y137.528 E.01484
G1 X128.136 Y137.986 E.01484
G1 X127.137 Y138.324 E.01483
G1 X126.103 Y138.538 E.01485
G1 X125.052 Y138.624 E.01483
G1 X123.997 Y138.581 E.01485
G1 X122.956 Y138.41 E.01484
G1 X121.944 Y138.113 E.01483
G1 X120.975 Y137.694 E.01485
G1 X120.065 Y137.16 E.01484
G1 X119.226 Y136.519 E.01485
G1 X118.473 Y135.781 E.01483
G1 X117.815 Y134.956 E.01484
G1 X117.262 Y134.057 E.01484
G1 X116.824 Y133.097 E.01484
G1 X116.506 Y132.091 E.01484
G1 X116.314 Y131.053 E.01485
G1 X116.249 Y130 E.01484
G1 X116.314 Y128.947 E.01484
G1 X116.506 Y127.909 E.01485
G1 X116.82 Y126.917 E.01463
G1 X117.263 Y125.943 E.01505
G1 X117.815 Y125.044 E.01484
G1 X118.464 Y124.231 E.01463
G1 X119.227 Y123.48 E.01506
G1 X120.065 Y122.84 E.01483
G1 X120.975 Y122.306 E.01484
G1 X121.944 Y121.887 E.01485
G1 X122.956 Y121.59 E.01483
G1 X123.997 Y121.419 E.01484
G1 X125.052 Y121.376 E.01485
G1 X126.089 Y121.461 E.01463
G1 X127.137 Y121.676 E.01505
G1 X128.136 Y122.014 E.01483
G1 X129.087 Y122.472 E.01484
G1 X129.974 Y123.043 E.01484
G1 X130.786 Y123.717 E.01484
G1 X131.49 Y124.467 E.01447
G1 X132.257 Y125.478 E.01785
G1 X132.334 Y125.506 E.00115
G1 X132.572 Y125.169 F9000
;TYPE:External perimeter
;WIDTH:0.419999
G1 F1050
G1 X132.653 Y125.21 E.00122
G1 X134.182 Y125.21 E.02049
G1 X134.182 Y126.544 E.01787
G1 X134.182 Y134.79 E.11048
G1 X132.653 Y134.79 E.02049
G1 X132.49 Y134.872 E.00244
G1 X131.827 Y135.778 E.01504
G1 X131.069 Y136.584 E.01482
G1 X130.219 Y137.291 E.01481
G1 X129.289 Y137.889 E.01481
G1 X128.292 Y138.369 E.01483
G1 X127.245 Y138.723 E.01481
G1 X126.162 Y138.947 E.01482
G1 X125.06 Y139.038 E.01482
G1 X123.955 Y138.993 E.01482
G1 X122.864 Y138.813 E.01482
G1 X121.803 Y138.502 E.01481
G1 X120.788 Y138.063 E.01482
G1 X119.834 Y137.504 E.01481
G1 X118.956 Y136.832 E.01481
G1 X118.166 Y136.058 E.01482
G1 X117.476 Y135.194 E.01481
G1 X116.897 Y134.251 E.01483
G1 X116.438 Y133.245 E.01482
G1 X116.105 Y132.191 E.01481
G1 X115.903 Y131.104 E.01481
G1 X115.835 Y130 E.01482
G1 X115.903 Y128.896 E.01482
G1 X116.105 Y127.809 E.01481
G1 X116.434 Y126.769 E.01461
G1 X116.898 Y125.749 E.01501
G1 X117.476 Y124.807 E.01481
G1 X118.156 Y123.954 E.01462
G1 X118.956 Y123.168 E.01503
G1 X119.834 Y122.496 E.01481
G1 X120.788 Y121.937 E.01481
G1 X121.803 Y121.498 E.01482
G1 X122.864 Y121.187 E.01481
G1 X123.955 Y121.007 E.01482
G1 X125.06 Y120.962 E.01482
G1 X126.147 Y121.051 E.01461
G1 X127.245 Y121.277 E.01502
G1 X128.292 Y121.631 E.01481
G1 X129.289 Y122.111 E.01483
G1 X130.219 Y122.709 E.01481
G1 X131.069 Y123.416 E.01481
G1 X131.827 Y124.222 E.01482
G1 X132.49 Y125.128 E.01504
G1 X132.518 Y125.142 E.00042
G1 X132.521 Y126.319 F9000
;TYPE:Solid infill
;WIDTH:0.405152
G1 F1050
G1 X132.845 Y126.354 E.00421
G1 X133.039 Y126.354 E.0025
G1 X133.039 Y127.485 E.01459
G1 X132.98 Y127.469 E.00079
G1 X132.756 Y126.812 E.00896
G1 X132.612 Y126.51 E.00432
G1 E-3.5 F3600
;WIPE_START
G1 F7200
G1 X132.756 Y126.812 E-.15892
G1 X132.98 Y127.469 E-.32971
G1 X133.039 Y127.485 E-.02904
G1 X133.039 Y126.354 E-.53723
G1 X132.845 Y126.354 E-.09215
G1 X132.521 Y126.319 E-.1548
;WIPE_END
G1 E-.19815 F3600
G1 X132.521 Y133.681 F9000
G1 E5 F2400
;WIDTH:0.405153
G1 F1050
G1 X132.764 Y133.166 E.00735
G1 X132.98 Y132.531 E.00866
G1 X133.039 Y132.515 E.00079
G1 X133.039 Y133.646 E.01459
G1 X132.731 Y133.658 E.00398
G1 E-3.5 F3600
;WIPE_START
G1 F7200
G1 X133.039 Y133.646 E-.14641
G1 X133.039 Y132.515 E-.53723
G1 X132.98 Y132.531 E-.02904
G1 X132.764 Y133.166 E-.3186
G1 X132.521 Y133.681 E-.27049
;WIPE_END
G1 E-.19823 F3600
G1 X143.366 Y133.991 F9000
G1 E5 F2400
;TYPE:Perimeter
;WIDTH:0.366154
G1 F1050
G1 X143.366 Y126.009 E.09265
G1 X142.98 Y125.623 F9000
;WIDTH:0.439999
G1 F1050
G1 X143.752 Y125.623 E.01086
G1 X143.752 Y126.009 E.00543
G1 X143.752 Y134.377 E.11768
G1 X142.98 Y134.377 E.01086
G1 X142.98 Y125.683 E.12227
G1 X142.568 Y125.21 F9000
;TYPE:External perimeter
;WIDTH:0.419999
G1 F1050
G1 X144.165 Y125.21 E.0214
G1 X144.165 Y126.009 E.01071
G1 X144.165 Y134.79 E.11765
G1 X142.568 Y134.79 E.0214
G1 X142.568 Y125.27 E.12755
;LAYER_CHANGE
;Z:6.04
;HEIGHT:0.0799999
;BEFORE_LAYER_CHANGE
G92 E0
;6.04


G1 E-3.5 F3600
;WIPE_START
G1 F7200
G1 X142.568 Y125.21 E-.0285
G1 X144.165 Y125.21 E-.75857
G1 X144.165 Y126.009 E-.37952
G1 X144.165 Y126.711 E-.33341
;WIPE_END
G1 Z6.04 F9000
;AFTER_LAYER_CHANGE
;6.04
G1 X132.387 Y128.029
G1 E5 F2400
;TYPE:Perimeter
;WIDTH:0.439999
G1 F1042
G1 X132.575 Y128.946 E.01316
G1 X132.647 Y129.96 E.0143
G1 X132.585 Y130.975 E.0143
G1 X132.392 Y131.973 E.0143
G1 X132.07 Y132.937 E.01429
G1 X131.625 Y133.851 E.0143
G1 X131.065 Y134.699 E.01429
G1 X130.399 Y135.467 E.0143
G1 X129.638 Y136.141 E.0143
G1 X128.796 Y136.71 E.01429
G1 X127.886 Y137.165 E.01431
G1 X126.925 Y137.496 E.01429
G1 X125.959 Y137.694 E.01387
G1 X125.015 Y137.765 E.01331
G1 X124.069 Y137.721 E.01332
G1 X123.137 Y137.564 E.01329
G1 X122.825 Y137.496 E.00449
G1 X121.938 Y137.195 E.01317
G1 X120.954 Y136.71 E.01543
G1 X120.176 Y136.19 E.01316
G1 X119.408 Y135.524 E.0143
G1 X118.734 Y134.763 E.0143
G1 X118.165 Y133.921 E.01429
G1 X117.71 Y133.011 E.01431
G1 X117.379 Y132.05 E.01429
G1 X117.175 Y131.054 E.0143
G1 X117.103 Y130.038 E.01432
G1 X117.165 Y129.027 E.01424
G1 X117.344 Y128.097 E.01332
G1 X117.634 Y127.196 E.01331
G1 X118.032 Y126.338 E.0133
G1 X118.529 Y125.534 E.01329
G1 X118.734 Y125.237 E.00508
G1 X119.351 Y124.533 E.01316
G1 X120.176 Y123.81 E.01543
G1 X120.954 Y123.29 E.01316
G1 X121.864 Y122.835 E.01431
G1 X122.825 Y122.504 E.01429
G1 X123.821 Y122.3 E.0143
G1 X124.835 Y122.228 E.0143
G1 X125.85 Y122.29 E.0143
G1 X126.848 Y122.483 E.0143
G1 X127.812 Y122.805 E.01429
G1 X128.688 Y123.231 E.0137
G1 X129.481 Y123.748 E.01331
G1 X130.205 Y124.356 E.0133
G1 X131.065 Y125.301 E.01797
G1 X131.585 Y126.079 E.01316
G1 X132.07 Y127.063 E.01543
G1 X132.371 Y127.95 E.01317
G1 X132.375 Y127.97 E.00029
G1 X131.986 Y128.109 F9000
;TYPE:External perimeter
;WIDTH:0.419999
G1 F1042
G1 X132.17 Y129.026 E.01253
G1 X132.235 Y129.987 E.01291
G1 X132.173 Y130.948 E.0129
G1 X131.987 Y131.892 E.01289
G1 X131.679 Y132.804 E.0129
G1 X131.255 Y133.668 E.01289
G1 X130.722 Y134.47 E.0129
G1 X130.088 Y135.195 E.0129
G1 X129.366 Y135.831 E.01289
G1 X128.566 Y136.367 E.0129
G1 X127.704 Y136.794 E.01289
G1 X126.793 Y137.105 E.0129
G1 X125.878 Y137.289 E.0125
G1 X124.988 Y137.353 E.01196
G1 X124.096 Y137.309 E.01197
G1 X123.217 Y137.159 E.01195
G1 X122.046 Y136.794 E.01643
G1 X121.207 Y136.38 E.01254
G1 X120.777 Y136.095 E.00691
G1 X120.384 Y135.831 E.00634
G1 X119.68 Y135.213 E.01255
G1 X119.044 Y134.491 E.01289
G1 X118.508 Y133.691 E.0129
G1 X118.081 Y132.829 E.01289
G1 X117.77 Y131.918 E.0129
G1 X117.58 Y130.974 E.0129
G1 X117.515 Y130.012 E.01292
G1 X117.577 Y129.054 E.01286
G1 X117.749 Y128.178 E.01196
G1 X118.025 Y127.329 E.01196
G1 X118.402 Y126.52 E.01196
G1 X118.873 Y125.763 E.01195
G1 X119.044 Y125.509 E.0041
G1 X119.662 Y124.805 E.01255
G1 X120.405 Y124.153 E.01324
G1 X121.184 Y123.633 E.01255
G1 X122.046 Y123.206 E.01289
G1 X122.957 Y122.895 E.0129
G1 X123.901 Y122.705 E.0129
G1 X124.862 Y122.64 E.01291
G1 X125.823 Y122.702 E.0129
G1 X126.767 Y122.888 E.01289
G1 X127.679 Y123.196 E.0129
G1 X128.505 Y123.601 E.01233
G1 X129.251 Y124.091 E.01196
G1 X129.933 Y124.667 E.01196
G1 X130.722 Y125.53 E.01567
G1 X131.242 Y126.309 E.01255
G1 X131.679 Y127.196 E.01325
G1 X131.97 Y128.051 E.0121
G1 E-3.5 F3600
;WIPE_START
G1 F7200
G1 X131.986 Y128.109 E-.02858
G1 X132.17 Y129.026 E-.44426
G1 X132.235 Y129.987 E-.45752
G1 X132.173 Y130.948 E-.45742
G1 X132.127 Y131.18 E-.11222
;WIPE_END
G1 X133.362 Y131.129 F9000
G1 E5 F2400
;TYPE:Perimeter
;WIDTH:0.408085
G1 F1042
G1 X133.361 Y131.172 E.00056
;WIDTH:0.439999
G1 X133.345 Y133.954 E.03913
G1 X132.653 Y133.954 E.00973
;WIDTH:0.48134
G1 X132.083 Y134.1 E.00908
;WIDTH:0.504828
G1 X131.964 Y134.173 E.00226
G1 X132.023 Y134.047 E.00226
;WIDTH:0.48134
G1 X132.471 Y133.073 E.01655
;WIDTH:0.439999
G1 X132.807 Y132.055 E.01508
G1 X132.986 Y131.001 E.01504
;WIDTH:0.397871
G1 X133.032 Y129.935 E.01351
;WIDTH:0.40827
G1 X132.974 Y128.866 E.01393
;WIDTH:0.439999
G1 X132.772 Y127.814 E.01506
G1 X132.471 Y126.927 E.01317
G1 X132.314 Y126.59 E.00523
;WIDTH:0.478578
G1 X131.889 Y125.738 E.01461
G1 X132.09 Y125.888 E.00385
;WIDTH:0.453462
G1 X132.653 Y126.046 E.00849
;WIDTH:0.439999
G1 X133.345 Y126.046 E.00973
G1 X133.345 Y126.544 E.007
G1 X133.366 Y128.987 E.03436
;WIDTH:0.397871
G1 X133.382 Y130.077 E.0138
;WIDTH:0.408085
G1 X133.363 Y131.069 E.0129
G1 E-3.5 F3600
;WIPE_START
G1 F7200
G1 X133.362 Y131.129 E-.0285
G1 X133.361 Y131.172 E-.02043
G1 X133.345 Y133.954 E-1.32147
G1 X133.072 Y133.954 E-.1296
;WIPE_END
G1 X131.964 Y134.173 F9000
G1 E5 F2400
;WIDTH:0.504828
G1 F1042
G1 X131.689 Y134.553 E.00761
;WIDTH:0.469449
G1 X131.414 Y134.932 E.00704
;WIDTH:0.435336
G1 X130.715 Y135.744 E.0149
;WIDTH:0.437194
G1 X129.916 Y136.458 E.01497
;WIDTH:0.43964
G1 X129.03 Y137.062 E.01507
;WIDTH:0.442684
G1 X128.074 Y137.545 E.01516
;WIDTH:0.44631
G1 X127.062 Y137.9 E.01531
;WIDTH:0.450294
G1 X126.042 Y138.114 E.01501
;WIDTH:0.453722
G1 X125.043 Y138.194 E.01455
;WIDTH:0.456554
G1 X124.041 Y138.152 E.01466
;WIDTH:0.458798
G1 X123.052 Y137.988 E.01473
;WIDTH:0.46045
G1 X122.091 Y137.705 E.01477
;WIDTH:0.46151
G1 X121.171 Y137.307 E.01481
G1 X120.721 Y137.059 E.00759
;WIDTH:0.433448
G1 X119.943 Y136.539 E.01296
;WIDTH:0.461856
G1 X119.511 Y136.191 E.0082
G1 X119.132 Y135.839 E.00765
;WIDTH:0.433724
G1 X118.418 Y135.04 E.01485
;WIDTH:0.434746
G1 X117.815 Y134.154 E.01488
;WIDTH:0.436366
G1 X117.333 Y133.197 E.01494
;WIDTH:0.438568
G1 X116.979 Y132.186 E.01501
;WIDTH:0.441366
G1 X116.76 Y131.137 E.01512
;WIDTH:0.444752
G1 X116.679 Y130.068 E.01525
;WIDTH:0.44872
G1 X116.738 Y128.999 E.01537
;WIDTH:0.452388
G1 X116.923 Y128.013 E.01452
;WIDTH:0.455466
G1 X117.227 Y127.058 E.01461
;WIDTH:0.457948
G1 X117.644 Y126.147 E.01469
;WIDTH:0.459842
G1 X118.17 Y125.293 E.01477
;WIDTH:0.461146
G1 X118.795 Y124.51 E.01479
;WIDTH:0.461856
G1 X119.511 Y123.809 E.01482
G1 X119.943 Y123.461 E.0082
;WIDTH:0.433446
G1 X120.721 Y122.941 E.01296
;WIDTH:0.461506
G1 X121.171 Y122.693 E.00759
G1 X121.678 Y122.459 E.00825
;WIDTH:0.434254
G1 X122.69 Y122.106 E.01487
;WIDTH:0.435624
G1 X123.739 Y121.888 E.01491
;WIDTH:0.437588
G1 X124.807 Y121.808 E.01498
;WIDTH:0.440142
G1 X125.877 Y121.868 E.01508
;WIDTH:0.443288
G1 X126.93 Y122.067 E.01519
;WIDTH:0.447024
G1 X127.949 Y122.401 E.01533
;WIDTH:0.450954
G1 X128.877 Y122.847 E.01486
;WIDTH:0.454272
G1 X129.72 Y123.39 E.01458
;WIDTH:0.457
G1 X130.49 Y124.032 E.01467
;WIDTH:0.459134
G1 X131.175 Y124.763 E.01473
;WIDTH:0.463666
G1 X131.807 Y125.628 E.01591
;WIDTH:0.478578
G1 X131.889 Y125.738 E.00211
G1 X132.391 Y125.527 F9000
;WIDTH:0.439999
G1 F1042
G1 X132.653 Y125.623 E.00392
G1 X133.768 Y125.623 E.01568
G1 X133.768 Y126.544 E.01295
G1 X133.768 Y134.377 E.11016
G1 X132.653 Y134.377 E.01568
G1 X132.322 Y134.474 E.00485
G1 X132.157 Y134.628 E.00317
G1 X131.509 Y135.514 E.01544
G1 X130.786 Y136.283 E.01484
G1 X129.974 Y136.957 E.01484
G1 X129.087 Y137.528 E.01484
G1 X128.136 Y137.986 E.01484
G1 X127.137 Y138.324 E.01483
G1 X126.103 Y138.538 E.01485
G1 X125.052 Y138.624 E.01483
G1 X123.997 Y138.581 E.01485
G1 X122.956 Y138.41 E.01484
G1 X121.944 Y138.113 E.01483
G1 X120.975 Y137.694 E.01485
G1 X120.065 Y137.16 E.01484
G1 X119.226 Y136.519 E.01485
G1 X118.473 Y135.781 E.01483
G1 X117.815 Y134.956 E.01484
G1 X117.262 Y134.057 E.01484
G1 X116.824 Y133.097 E.01484
G1 X116.506 Y132.091 E.01484
G1 X116.314 Y131.053 E.01485
G1 X116.249 Y130 E.01484
G1 X116.314 Y128.947 E.01484
G1 X116.506 Y127.909 E.01485
G1 X116.824 Y126.903 E.01484
G1 X117.262 Y125.943 E.01484
G1 X117.815 Y125.044 E.01484
G1 X118.473 Y124.219 E.01484
G1 X119.226 Y123.481 E.01483
G1 X120.065 Y122.84 E.01485
G1 X120.975 Y122.306 E.01484
G1 X121.944 Y121.887 E.01485
G1 X122.956 Y121.59 E.01483
G1 X123.997 Y121.419 E.01484
G1 X125.052 Y121.376 E.01485
G1 X126.103 Y121.462 E.01483
G1 X127.137 Y121.676 E.01485
G1 X128.136 Y122.014 E.01483
G1 X129.087 Y122.472 E.01484
G1 X129.974 Y123.043 E.01484
G1 X130.786 Y123.717 E.01484
G1 X131.49 Y124.467 E.01447
G1 X132.257 Y125.478 E.01785
G1 X132.334 Y125.506 E.00115
G1 X132.572 Y125.169 F9000
;TYPE:External perimeter
;WIDTH:0.419999
G1 F1042
G1 X132.653 Y125.21 E.00122
G1 X134.181 Y125.21 E.02047
G1 X134.181 Y126.544 E.01787
G1 X134.181 Y134.79 E.11048
G1 X132.653 Y134.79 E.02047
G1 X132.49 Y134.872 E.00244
G1 X131.827 Y135.778 E.01504
G1 X131.069 Y136.584 E.01482
G1 X130.219 Y137.291 E.01481
G1 X129.289 Y137.889 E.01481
G1 X128.292 Y138.369 E.01483
G1 X127.245 Y138.723 E.01481
G1 X126.162 Y138.947 E.01482
G1 X125.06 Y139.038 E.01482
G1 X123.955 Y138.993 E.01482
G1 X122.864 Y138.813 E.01482
G1 X121.803 Y138.502 E.01481
G1 X120.788 Y138.063 E.01482
G1 X119.834 Y137.504 E.01481
G1 X118.956 Y136.832 E.01481
G1 X118.166 Y136.058 E.01482
G1 X117.476 Y135.194 E.01481
G1 X116.897 Y134.251 E.01483
G1 X116.438 Y133.245 E.01482
G1 X116.105 Y132.191 E.01481
G1 X115.903 Y131.104 E.01481
G1 X115.835 Y130 E.01482
G1 X115.903 Y128.896 E.01482
G1 X116.105 Y127.809 E.01481
G1 X116.438 Y126.755 E.01481
G1 X116.897 Y125.749 E.01482
G1 X117.476 Y124.806 E.01483
G1 X118.166 Y123.942 E.01481
G1 X118.956 Y123.168 E.01482
G1 X119.834 Y122.496 E.01481
G1 X120.788 Y121.937 E.01481
G1 X121.803 Y121.498 E.01482
G1 X122.864 Y121.187 E.01481
G1 X123.955 Y121.007 E.01482
G1 X125.06 Y120.962 E.01482
G1 X126.162 Y121.053 E.01482
G1 X127.245 Y121.277 E.01482
G1 X128.292 Y121.631 E.01481
G1 X129.289 Y122.111 E.01483
G1 X130.219 Y122.709 E.01481
G1 X131.069 Y123.416 E.01481
G1 X131.827 Y124.222 E.01482
G1 X132.49 Y125.128 E.01504
G1 X132.518 Y125.142 E.00042
G1 X133.212 Y126.69 F9000
;TYPE:Top solid infill
;WIDTH:0.476565
G1 F1042
G1 X132.839 Y127.063 E.00806
G1 X132.758 Y126.824 E.00386
G1 X132.652 Y126.6 E.00379
G1 X133.073 Y126.179 E.0091
G1 E-3.5 F3600
;WIPE_START
G1 F7200
G1 X132.652 Y126.6 E-.28281
G1 X132.758 Y126.824 E-.11771
G1 X132.839 Y127.063 E-.11987
G1 X133.212 Y126.69 E-.25056
;WIPE_END
G1 E-.72905 F3600
G1 X132.235 Y133.875 F9000
G1 E5 F2400
;WIDTH:0.470342
G1 F1042
G1 X133.212 Y132.898 E.02083
G1 E-3.5 F3600
;WIPE_START
G1 F7200
G1 X132.235 Y133.875 E-.6563
;WIPE_END
G1 E-.8437 F3600
G1 X143.367 Y133.992 F9000
G1 E5 F2400
;TYPE:Perimeter
;WIDTH:0.364768
G1 F1042
G1 X143.367 Y126.008 E.0923
G1 X142.982 Y125.623 F9000
;WIDTH:0.439999
G1 F1042
G1 X143.752 Y125.623 E.01083
G1 X143.752 Y126.008 E.00541
G1 X143.752 Y134.377 E.1177
G1 X142.982 Y134.377 E.01083
G1 X142.982 Y125.683 E.12227
G1 X142.569 Y125.21 F9000
;TYPE:External perimeter
;WIDTH:0.419999
G1 F1042
G1 X144.165 Y125.21 E.02138
G1 X144.165 Y126.008 E.01069
G1 X144.165 Y134.79 E.11766
G1 X142.569 Y134.79 E.02138
G1 X142.569 Y125.27 E.12755
;LAYER_CHANGE
;Z:6.12
;HEIGHT:0.0799999
;BEFORE_LAYER_CHANGE
G92 E0
;6.12


G1 E-3.5 F3600
;WIPE_START
G1 F7200
G1 X142.569 Y125.21 E-.0285
G1 X144.165 Y125.21 E-.7581
G1 X144.165 Y126.008 E-.37905
G1 X144.165 Y126.712 E-.33435
;WIPE_END
G1 Z6.12 F9000
;AFTER_LAYER_CHANGE
;6.12
G1 X143.365 Y133.995
G1 E5 F2400
;TYPE:Perimeter
;WIDTH:0.357906
G1 F900
G1 X143.365 Y126.005 E.09055
G1 X142.983 Y125.623 F9000
;WIDTH:0.439999
G1 F900
G1 X143.747 Y125.623 E.01074
G1 X143.747 Y126.005 E.00537
G1 X143.747 Y134.377 E.11774
G1 X142.983 Y134.377 E.01074
G1 X142.983 Y125.683 E.12227
G1 X142.57 Y125.21 F9000
;TYPE:External perimeter
;WIDTH:0.419999
G1 F900
G1 X144.16 Y125.21 E.0213
G1 X144.16 Y126.005 E.01065
G1 X144.16 Y134.79 E.1177
G1 X142.57 Y134.79 E.0213
G1 X142.57 Y125.27 E.12755
G1 E-3.5 F3600
;WIPE_START
G1 F7200
G1 X142.57 Y125.21 E-.0285
G1 X144.16 Y125.21 E-.75525
G1 X144.16 Y126.005 E-.37763
G1 X144.16 Y126.718 E-.33862
;WIPE_END
G1 X133.385 Y133.995 F9000
G1 E5 F2400
;TYPE:Perimeter
;WIDTH:0.357906
G1 F900
G1 X133.385 Y126.005 E.09055
G1 X133.767 Y125.623 F9000
;WIDTH:0.439999
G1 F900
G1 X133.767 Y126.005 E.00537
G1 X133.767 Y134.377 E.11774
G1 X133.003 Y134.377 E.01074
G1 X133.003 Y125.623 E.12311
G1 X133.707 Y125.623 E.0099
G1 X134.18 Y125.21 F9000
;TYPE:External perimeter
;WIDTH:0.419999
G1 F900
G1 X134.18 Y126.005 E.01065
G1 X134.18 Y134.79 E.1177
G1 X132.59 Y134.79 E.0213
G1 X132.59 Y125.21 E.12835
G1 X134.12 Y125.21 E.0205
;LAYER_CHANGE
;Z:6.2
;HEIGHT:0.0799999
;BEFORE_LAYER_CHANGE
G92 E0
;6.2


G1 E-3.5 F3600
;WIPE_START
G1 F7200
G1 X134.18 Y125.21 E-.0285
G1 X134.18 Y126.005 E-.37763
G1 X134.18 Y128.308 E-1.09387
;WIPE_END
G1 Z6.2 F9000
;AFTER_LAYER_CHANGE
;6.2
G1 X143.363 Y133.999
G1 E5 F2400
;TYPE:Perimeter
;WIDTH:0.351042
G1 F900
G1 X143.363 Y126.001 E.08882
G1 X142.985 Y125.623 F9000
;WIDTH:0.439999
G1 F900
G1 X143.741 Y125.623 E.01063
G1 X143.741 Y126.001 E.00532
G1 X143.741 Y134.377 E.1178
G1 X142.985 Y134.377 E.01063
G1 X142.985 Y125.683 E.12227
G1 X142.572 Y125.21 F9000
;TYPE:External perimeter
;WIDTH:0.419999
G1 F900
G1 X144.154 Y125.21 E.0212
G1 X144.154 Y126.001 E.0106
G1 X144.154 Y134.79 E.11776
G1 X142.572 Y134.79 E.0212
G1 X142.572 Y125.27 E.12755
G1 E-3.5 F3600
;WIPE_START
G1 F7200
G1 X142.572 Y125.21 E-.0285
G1 X144.154 Y125.21 E-.75145
G1 X144.154 Y126.001 E-.37572
G1 X144.154 Y126.726 E-.34433
;WIPE_END
G1 X133.387 Y133.999 F9000
G1 E5 F2400
;TYPE:Perimeter
;WIDTH:0.351044
G1 F900
G1 X133.387 Y126.001 E.08882
G1 X133.009 Y125.623 F9000
;WIDTH:0.439999
G1 F900
G1 X133.765 Y125.623 E.01063
G1 X133.765 Y126.001 E.00532
G1 X133.765 Y134.377 E.1178
G1 X133.009 Y134.377 E.01063
G1 X133.009 Y125.683 E.12227
G1 X132.596 Y125.21 F9000
;TYPE:External perimeter
;WIDTH:0.419999
G1 F900
G1 X134.178 Y125.21 E.0212
G1 X134.178 Y126.001 E.0106
G1 X134.178 Y134.79 E.11776
G1 X132.596 Y134.79 E.0212
G1 X132.596 Y125.27 E.12755
;LAYER_CHANGE
;Z:6.28
;HEIGHT:0.0800004
;BEFORE_LAYER_CHANGE
G92 E0
;6.28


G1 E-3.5 F3600
;WIPE_START
G1 F7200
G1 X132.596 Y125.21 E-.0285
G1 X134.178 Y125.21 E-.75145
G1 X134.178 Y126.001 E-.37572
G1 X134.178 Y126.726 E-.34433
;WIPE_END
G1 Z6.28 F9000
;AFTER_LAYER_CHANGE
;6.28
G1 X143.361 Y134.002
G1 E5 F2400
;TYPE:Perimeter
;WIDTH:0.344178
G1 F900
G1 X143.361 Y125.998 E.08705
G1 X143.736 Y125.623 F9000
;WIDTH:0.439999
G1 F900
G1 X143.736 Y125.998 E.00527
G1 X143.736 Y134.377 E.11784
G1 X142.986 Y134.377 E.01055
G1 X142.986 Y125.623 E.12311
G1 X143.676 Y125.623 E.0097
G1 X144.149 Y125.21 F9000
;TYPE:External perimeter
;WIDTH:0.419999
G1 F900
G1 X144.149 Y125.998 E.01056
G1 X144.149 Y134.79 E.1178
G1 X142.573 Y134.79 E.02112
G1 X142.573 Y125.21 E.12835
G1 X144.089 Y125.21 E.02031
G1 E-3.5 F3600
;WIPE_START
G1 F7200
G1 X144.149 Y125.21 E-.0285
G1 X144.149 Y125.998 E-.3743
G1 X144.149 Y128.308 E-1.0972
;WIPE_END
G1 X133.389 Y134.002 F9000
G1 E5 F2400
;TYPE:Perimeter
;WIDTH:0.344178
G1 F900
G1 X133.389 Y125.998 E.08705
G1 X133.764 Y125.623 F9000
;WIDTH:0.439999
G1 F900
G1 X133.764 Y125.998 E.00527
G1 X133.764 Y134.377 E.11784
G1 X133.014 Y134.377 E.01055
G1 X133.014 Y125.623 E.12311
G1 X133.704 Y125.623 E.0097
G1 X134.177 Y125.21 F9000
;TYPE:External perimeter
;WIDTH:0.419999
G1 F900
G1 X134.177 Y125.998 E.01056
G1 X134.177 Y134.79 E.1178
G1 X132.601 Y134.79 E.02112
G1 X132.601 Y125.21 E.12835
G1 X134.117 Y125.21 E.02031
;LAYER_CHANGE
;Z:6.36
;HEIGHT:0.0799999
;BEFORE_LAYER_CHANGE
G92 E0
;6.36


G1 E-3.5 F3600
;WIPE_START
G1 F7200
G1 X134.177 Y125.21 E-.0285
G1 X134.177 Y125.998 E-.3743
G1 X134.177 Y128.308 E-1.0972
;WIPE_END
G1 Z6.36 F9000
;AFTER_LAYER_CHANGE
;6.36
G1 X143.064 Y125.704
G1 E5 F2400
;TYPE:Perimeter
;WIDTH:0.60228
G1 F900
G1 X143.649 Y125.704 E.01138
G1 X143.649 Y125.997 E.0057
G1 X143.649 Y134.296 E.16151
G1 X143.064 Y134.296 E.01138
G1 X143.064 Y125.764 E.16604
G1 X142.57 Y125.21 F9000
;TYPE:External perimeter
;WIDTH:0.419999
G1 F900
G1 X144.143 Y125.21 E.02108
G1 X144.143 Y125.997 E.01054
G1 X144.143 Y134.79 E.11781
G1 X142.57 Y134.79 E.02108
G1 X142.57 Y125.27 E.12755
G1 E-3.5 F3600
;WIPE_START
G1 F7200
G1 X142.57 Y125.21 E-.0285
G1 X144.143 Y125.21 E-.74718
G1 X144.143 Y125.997 E-.37382
G1 X144.143 Y126.735 E-.3505
;WIPE_END
G1 X133.686 Y125.704 F9000
G1 E5 F2400
;TYPE:Perimeter
;WIDTH:0.602281
G1 F900
G1 X133.686 Y125.997 E.0057
G1 X133.686 Y134.296 E.16151
G1 X133.101 Y134.296 E.01138
G1 X133.101 Y125.704 E.16721
G1 X133.626 Y125.704 E.01022
G1 X134.18 Y125.21 F9000
;TYPE:External perimeter
;WIDTH:0.419999
G1 F900
G1 X134.18 Y125.997 E.01054
G1 X134.18 Y134.79 E.11781
G1 X132.607 Y134.79 E.02108
G1 X132.607 Y125.21 E.12835
G1 X134.12 Y125.21 E.02027
;LAYER_CHANGE
;Z:6.44
;HEIGHT:0.0799999
;BEFORE_LAYER_CHANGE
G92 E0
;6.44


G1 E-3.5 F3600
;WIPE_START
G1 F7200
G1 X134.18 Y125.21 E-.0285
G1 X134.18 Y125.997 E-.37382
G1 X134.18 Y128.308 E-1.09768
;WIPE_END
G1 Z6.44 F9000
;AFTER_LAYER_CHANGE
;6.44
G1 X143.347 Y134
G1 E5 F2400
;TYPE:Perimeter
;WIDTH:0.349612
G1 F900
G1 X143.347 Y126 E.08846
G1 X142.97 Y125.623 F9000
;WIDTH:0.439999
G1 F900
G1 X143.725 Y125.623 E.01062
G1 X143.725 Y126 E.0053
G1 X143.725 Y134.377 E.11781
G1 X142.97 Y134.377 E.01062
G1 X142.97 Y125.683 E.12227
G1 X142.557 Y125.21 F9000
;TYPE:External perimeter
;WIDTH:0.419999
G1 F900
G1 X144.138 Y125.21 E.02118
G1 X144.138 Y126 E.01058
G1 X144.138 Y134.79 E.11777
G1 X142.557 Y134.79 E.02118
G1 X142.557 Y125.27 E.12755
G1 E-3.5 F3600
;WIPE_START
G1 F7200
G1 X142.557 Y125.21 E-.0285
G1 X144.138 Y125.21 E-.75097
G1 X144.138 Y126 E-.37525
G1 X144.138 Y126.727 E-.34528
;WIPE_END
G1 X133.403 Y134 F9000
G1 E5 F2400
;TYPE:Perimeter
;WIDTH:0.349612
G1 F900
G1 X133.403 Y126 E.08846
G1 X133.781 Y125.623 F9000
;WIDTH:0.439999
G1 F900
G1 X133.781 Y126 E.0053
G1 X133.781 Y134.377 E.11781
G1 X133.025 Y134.377 E.01063
G1 X133.025 Y125.623 E.12311
G1 X133.721 Y125.623 E.00979
G1 X134.193 Y125.21 F9000
;TYPE:External perimeter
;WIDTH:0.419999
G1 F900
G1 X134.193 Y126 E.01058
G1 X134.193 Y134.79 E.11777
G1 X132.612 Y134.79 E.02118
G1 X132.612 Y125.21 E.12835
G1 X134.133 Y125.21 E.02038
;LAYER_CHANGE
;Z:6.52
;HEIGHT:0.0799999
;BEFORE_LAYER_CHANGE
G92 E0
;6.52


G1 E-3.5 F3600
;WIPE_START
G1 F7200
G1 X134.193 Y125.21 E-.0285
G1 X134.193 Y126 E-.37525
G1 X134.193 Y128.308 E-1.09625
;WIPE_END
G1 Z6.52 F9000
;AFTER_LAYER_CHANGE
;6.52
G1 X143.338 Y133.996
G1 E5 F2400
;TYPE:Perimeter
;WIDTH:0.35749
G1 F900
G1 X143.338 Y126.004 E.09046
G1 X143.719 Y125.623 F9000
;WIDTH:0.439999
G1 F900
G1 X143.719 Y126.004 E.00536
G1 X143.719 Y134.377 E.11775
G1 X142.956 Y134.377 E.01073
G1 X142.956 Y125.623 E.12311
G1 X143.659 Y125.623 E.00989
G1 X144.132 Y125.21 F9000
;TYPE:External perimeter
;WIDTH:0.419999
G1 F900
G1 X144.132 Y126.004 E.01064
G1 X144.132 Y134.79 E.11772
G1 X142.543 Y134.79 E.02129
G1 X142.543 Y125.21 E.12835
G1 X144.072 Y125.21 E.02049
G1 E-3.5 F3600
;WIPE_START
G1 F7200
G1 X144.132 Y125.21 E-.0285
G1 X144.132 Y126.004 E-.37715
G1 X144.132 Y128.308 E-1.09435
;WIPE_END
G1 X133.412 Y133.996 F9000
G1 E5 F2400
;TYPE:Perimeter
;WIDTH:0.357492
G1 F900
G1 X133.412 Y126.004 E.09046
G1 X133.031 Y125.623 F9000
;WIDTH:0.439999
G1 F900
G1 X133.794 Y125.623 E.01073
G1 X133.794 Y126.004 E.00536
G1 X133.794 Y134.377 E.11775
G1 X133.031 Y134.377 E.01073
G1 X133.031 Y125.683 E.12227
G1 X132.618 Y125.21 F9000
;TYPE:External perimeter
;WIDTH:0.419999
G1 F900
G1 X134.207 Y125.21 E.02129
G1 X134.207 Y126.004 E.01064
G1 X134.207 Y134.79 E.11772
G1 X132.618 Y134.79 E.02129
G1 X132.618 Y125.27 E.12755
;LAYER_CHANGE
;Z:6.6
;HEIGHT:0.0799999
;BEFORE_LAYER_CHANGE
G92 E0
;6.6


G1 E-3.5 F3600
;WIPE_START
G1 F7200
G1 X132.618 Y125.21 E-.0285
G1 X134.207 Y125.21 E-.75477
G1 X134.207 Y126.004 E-.37715
G1 X134.207 Y126.719 E-.33958
;WIPE_END
G1 Z6.6 F9000
;AFTER_LAYER_CHANGE
;6.6
G1 X143.328 Y133.992
G1 E5 F2400
;TYPE:Perimeter
;WIDTH:0.36537
G1 F900
G1 X143.328 Y126.008 E.09246
G1 X143.714 Y125.623 F9000
;WIDTH:0.439999
G1 F900
G1 X143.714 Y126.008 E.00541
G1 X143.714 Y134.377 E.1177
G1 X142.943 Y134.377 E.01084
G1 X142.943 Y125.623 E.12311
G1 X143.654 Y125.623 E.01
G1 X144.127 Y125.21 F9000
;TYPE:External perimeter
;WIDTH:0.419999
G1 F900
G1 X144.127 Y126.008 E.01069
G1 X144.127 Y134.79 E.11766
G1 X142.53 Y134.79 E.0214
G1 X142.53 Y125.21 E.12835
G1 X144.067 Y125.21 E.02059
G1 E-3.5 F3600
;WIPE_START
G1 F7200
G1 X144.127 Y125.21 E-.0285
G1 X144.127 Y126.008 E-.37905
G1 X144.127 Y128.308 E-1.09245
;WIPE_END
G1 X133.422 Y133.992 F9000
G1 E5 F2400
;TYPE:Perimeter
;WIDTH:0.365372
G1 F900
G1 X133.422 Y126.008 E.09247
G1 X133.036 Y125.623 F9000
;WIDTH:0.439999
G1 F900
G1 X133.807 Y125.623 E.01084
G1 X133.807 Y126.008 E.00541
G1 X133.807 Y134.377 E.1177
G1 X133.036 Y134.377 E.01084
G1 X133.036 Y125.683 E.12227
G1 X132.623 Y125.21 F9000
;TYPE:External perimeter
;WIDTH:0.419999
G1 F900
G1 X134.22 Y125.21 E.0214
G1 X134.22 Y126.008 E.01069
G1 X134.22 Y134.79 E.11766
G1 X132.623 Y134.79 E.0214
G1 X132.623 Y125.27 E.12755
;LAYER_CHANGE
;Z:6.68
;HEIGHT:0.0799999
;BEFORE_LAYER_CHANGE
G92 E0
;6.68


G1 E-3.5 F3600
;WIPE_START
G1 F7200
G1 X132.623 Y125.21 E-.0285
G1 X134.22 Y125.21 E-.75858
G1 X134.22 Y126.008 E-.37905
G1 X134.22 Y126.711 E-.33387
;WIPE_END
G1 Z6.68 F9000
;AFTER_LAYER_CHANGE
;6.68
G1 X143.319 Y133.988
G1 E5 F2400
;TYPE:Perimeter
;WIDTH:0.37325
G1 F900
G1 X143.319 Y126.012 E.09446
G1 X143.708 Y125.623 F9000
;WIDTH:0.439999
G1 F900
G1 X143.708 Y126.012 E.00547
G1 X143.708 Y134.377 E.11764
G1 X142.929 Y134.377 E.01096
G1 X142.929 Y125.623 E.12311
G1 X143.648 Y125.623 E.01011
G1 X144.121 Y125.21 F9000
;TYPE:External perimeter
;WIDTH:0.419999
G1 F900
G1 X144.121 Y126.012 E.01075
G1 X144.121 Y134.79 E.11761
G1 X142.517 Y134.79 E.02149
G1 X142.517 Y125.21 E.12835
G1 X144.061 Y125.21 E.02069
G1 E-3.5 F3600
;WIPE_START
G1 F7200
G1 X144.121 Y125.21 E-.0285
G1 X144.121 Y126.012 E-.38095
G1 X144.121 Y128.308 E-1.09055
;WIPE_END
G1 X133.431 Y133.988 F9000
G1 E5 F2400
;TYPE:Perimeter
;WIDTH:0.37325
G1 F900
G1 X133.431 Y126.012 E.09446
G1 X133.821 Y125.623 F9000
;WIDTH:0.439999
G1 F900
G1 X133.821 Y126.012 E.00547
G1 X133.821 Y134.377 E.11764
G1 X133.042 Y134.377 E.01096
G1 X133.042 Y125.623 E.12311
G1 X133.761 Y125.623 E.01011
G1 X134.233 Y125.21 F9000
;TYPE:External perimeter
;WIDTH:0.419999
G1 F900
G1 X134.233 Y126.012 E.01075
G1 X134.233 Y134.79 E.11761
G1 X132.629 Y134.79 E.02149
G1 X132.629 Y125.21 E.12835
G1 X134.173 Y125.21 E.02069
;LAYER_CHANGE
;Z:6.76
;HEIGHT:0.0800004
;BEFORE_LAYER_CHANGE
G92 E0
;6.76


G1 E-3.5 F3600
;WIPE_START
G1 F7200
G1 X134.233 Y125.21 E-.0285
G1 X134.233 Y126.012 E-.38095
G1 X134.233 Y128.308 E-1.09055
;WIPE_END
G1 Z6.76 F9000
;AFTER_LAYER_CHANGE
;6.76
G1 X143.309 Y133.984
G1 E5 F2400
;TYPE:Perimeter
;WIDTH:0.38113
G1 F900
G1 X143.309 Y126.016 E.09646
G1 X143.703 Y125.623 F9000
;WIDTH:0.439999
G1 F900
G1 X143.703 Y126.016 E.00553
G1 X143.703 Y134.377 E.11758
G1 X142.916 Y134.377 E.01107
G1 X142.916 Y125.623 E.12311
G1 X143.643 Y125.623 E.01022
G1 X144.116 Y125.21 F9000
;TYPE:External perimeter
;WIDTH:0.419999
G1 F900
G1 X144.116 Y126.016 E.0108
G1 X144.116 Y134.79 E.11756
G1 X142.503 Y134.79 E.02161
G1 X142.503 Y125.21 E.12835
G1 X144.056 Y125.21 E.02081
G1 E-3.5 F3600
;WIPE_START
G1 F7200
G1 X144.116 Y125.21 E-.0285
G1 X144.116 Y126.016 E-.38285
G1 X144.116 Y128.308 E-1.08865
;WIPE_END
G1 X133.441 Y133.984 F9000
G1 E5 F2400
;TYPE:Perimeter
;WIDTH:0.381132
G1 F900
G1 X133.441 Y126.016 E.09646
G1 X133.047 Y125.623 F9000
;WIDTH:0.439999
G1 F900
G1 X133.834 Y125.623 E.01107
G1 X133.834 Y126.016 E.00553
G1 X133.834 Y134.377 E.11758
G1 X133.047 Y134.377 E.01107
G1 X133.047 Y125.683 E.12227
G1 X132.634 Y125.21 F9000
;TYPE:External perimeter
;WIDTH:0.419999
G1 F900
G1 X134.247 Y125.21 E.02161
G1 X134.247 Y126.016 E.0108
G1 X134.247 Y134.79 E.11756
G1 X132.634 Y134.79 E.02161
G1 X132.634 Y125.27 E.12755
;LAYER_CHANGE
;Z:6.84
;HEIGHT:0.0799999
;BEFORE_LAYER_CHANGE
G92 E0
;6.84


G1 E-3.5 F3600
;WIPE_START
G1 F7200
G1 X132.634 Y125.21 E-.0285
G1 X134.247 Y125.21 E-.76617
G1 X134.247 Y126.016 E-.38285
G1 X134.247 Y126.695 E-.32248
;WIPE_END
G1 Z6.84 F9000
;AFTER_LAYER_CHANGE
;6.84
G1 X143.3 Y133.98
G1 E5 F2400
;TYPE:Perimeter
;WIDTH:0.38901
G1 F900
G1 X143.3 Y126.02 E.09845
G1 X143.697 Y125.623 F9000
;WIDTH:0.439999
G1 F900
G1 X143.697 Y126.02 E.00558
G1 X143.697 Y134.377 E.11753
G1 X142.903 Y134.377 E.01117
G1 X142.903 Y125.623 E.12311
G1 X143.637 Y125.623 E.01032
G1 X144.11 Y125.21 F9000
;TYPE:External perimeter
;WIDTH:0.419999
G1 F900
G1 X144.11 Y126.02 E.01085
G1 X144.11 Y134.79 E.1175
G1 X142.49 Y134.79 E.02171
G1 X142.49 Y125.21 E.12835
G1 X144.05 Y125.21 E.0209
G1 E-3.5 F3600
;WIPE_START
G1 F7200
G1 X144.11 Y125.21 E-.0285
G1 X144.11 Y126.02 E-.38475
G1 X144.11 Y128.308 E-1.08675
;WIPE_END
G1 X133.45 Y133.98 F9000
G1 E5 F2400
;TYPE:Perimeter
;WIDTH:0.389012
G1 F900
G1 X133.45 Y126.02 E.09845
G1 X133.847 Y125.623 F9000
;WIDTH:0.439999
G1 F900
G1 X133.847 Y126.02 E.00558
G1 X133.847 Y134.377 E.11753
G1 X133.053 Y134.377 E.01117
G1 X133.053 Y125.623 E.12311
G1 X133.787 Y125.623 E.01032
G1 X134.26 Y125.21 F9000
;TYPE:External perimeter
;WIDTH:0.419999
G1 F900
G1 X134.26 Y126.02 E.01085
G1 X134.26 Y134.79 E.1175
G1 X132.64 Y134.79 E.02171
G1 X132.64 Y125.21 E.12835
G1 X134.2 Y125.21 E.0209
;LAYER_CHANGE
;Z:6.92
;HEIGHT:0.0799999
;BEFORE_LAYER_CHANGE
G92 E0
;6.92


G1 E-3.5 F3600
;WIPE_START
G1 F7200
G1 X134.26 Y125.21 E-.0285
G1 X134.26 Y126.02 E-.38475
G1 X134.26 Y128.308 E-1.08675
;WIPE_END
G1 Z6.92 F9000
;AFTER_LAYER_CHANGE
;6.92
G1 X143.286 Y133.98
G1 E5 F2400
;TYPE:Perimeter
;WIDTH:0.388238
G1 F900
G1 X143.286 Y126.02 E.09824
G1 X142.889 Y125.623 F9000
;WIDTH:0.439999
G1 F900
G1 X143.683 Y125.623 E.01117
G1 X143.683 Y126.02 E.00558
G1 X143.683 Y134.377 E.11753
G1 X142.889 Y134.377 E.01117
G1 X142.889 Y125.683 E.12227
G1 X142.477 Y125.21 F9000
;TYPE:External perimeter
;WIDTH:0.419999
G1 F900
G1 X144.096 Y125.21 E.02169
G1 X144.096 Y126.02 E.01085
G1 X144.096 Y134.79 E.1175
G1 X142.477 Y134.79 E.02169
G1 X142.477 Y125.27 E.12755
G1 E-3.5 F3600
;WIPE_START
G1 F7200
G1 X142.477 Y125.21 E-.0285
G1 X144.096 Y125.21 E-.76902
G1 X144.096 Y126.02 E-.38475
G1 X144.096 Y126.689 E-.31773
;WIPE_END
G1 X133.464 Y133.98 F9000
G1 E5 F2400
;TYPE:Perimeter
;WIDTH:0.388238
G1 F900
G1 X133.464 Y126.02 E.09824
G1 X133.067 Y125.623 F9000
;WIDTH:0.439999
G1 F900
G1 X133.861 Y125.623 E.01117
G1 X133.861 Y126.02 E.00558
G1 X133.861 Y134.377 E.11753
G1 X133.067 Y134.377 E.01117
G1 X133.067 Y125.683 E.12227
G1 X132.654 Y125.21 F9000
;TYPE:External perimeter
;WIDTH:0.419999
G1 F900
G1 X134.273 Y125.21 E.02169
G1 X134.273 Y126.02 E.01085
G1 X134.273 Y134.79 E.1175
G1 X132.654 Y134.79 E.02169
G1 X132.654 Y125.27 E.12755
;LAYER_CHANGE
;Z:7
;HEIGHT:0.0799999
;BEFORE_LAYER_CHANGE
G92 E0
;7


G1 E-3.5 F3600
;WIPE_START
G1 F7200
G1 X132.654 Y125.21 E-.0285
G1 X134.273 Y125.21 E-.76902
G1 X134.273 Y126.02 E-.38475
G1 X134.273 Y126.689 E-.31773
;WIPE_END
G1 Z7 F9000
;AFTER_LAYER_CHANGE
;7
G1 X143.271 Y133.982
G1 E5 F2400
;TYPE:Perimeter
;WIDTH:0.38495
G1 F900
G1 X143.271 Y126.018 E.09742
G1 X142.876 Y125.623 F9000
;WIDTH:0.439999
G1 F900
G1 X143.667 Y125.623 E.01112
G1 X143.667 Y126.018 E.00556
G1 X143.667 Y134.377 E.11756
G1 X142.876 Y134.377 E.01112
G1 X142.876 Y125.683 E.12227
G1 X142.463 Y125.21 F9000
;TYPE:External perimeter
;WIDTH:0.419999
G1 F900
G1 X144.079 Y125.21 E.02165
G1 X144.079 Y126.018 E.01083
G1 X144.079 Y134.79 E.11753
G1 X142.463 Y134.79 E.02165
G1 X142.463 Y125.27 E.12755
G1 E-3.5 F3600
;WIPE_START
G1 F7200
G1 X142.463 Y125.21 E-.0285
G1 X144.079 Y125.21 E-.7676
G1 X144.079 Y126.018 E-.3838
G1 X144.079 Y126.692 E-.3201
;WIPE_END
G1 X133.479 Y133.982 F9000
G1 E5 F2400
;TYPE:Perimeter
;WIDTH:0.384952
G1 F900
G1 X133.479 Y126.018 E.09742
G1 X133.083 Y125.623 F9000
;WIDTH:0.439999
G1 F900
G1 X133.874 Y125.623 E.01112
G1 X133.874 Y126.018 E.00556
G1 X133.874 Y134.377 E.11756
G1 X133.083 Y134.377 E.01112
G1 X133.083 Y125.683 E.12227
G1 X132.671 Y125.21 F9000
;TYPE:External perimeter
;WIDTH:0.419999
G1 F900
G1 X134.287 Y125.21 E.02165
G1 X134.287 Y126.018 E.01083
G1 X134.287 Y134.79 E.11753
G1 X132.671 Y134.79 E.02165
G1 X132.671 Y125.27 E.12755
;LAYER_CHANGE
;Z:7.08
;HEIGHT:0.0799999
;BEFORE_LAYER_CHANGE
G92 E0
;7.08


G1 E-3.5 F3600
;WIPE_START
G1 F7200
G1 X132.671 Y125.21 E-.0285
G1 X134.287 Y125.21 E-.7676
G1 X134.287 Y126.018 E-.3838
G1 X134.287 Y126.692 E-.3201
;WIPE_END
G1 Z7.08 F9000
;AFTER_LAYER_CHANGE
;7.08
G1 X143.254 Y133.981
G1 E5 F2400
;TYPE:Perimeter
;WIDTH:0.386348
G1 F900
G1 X143.254 Y126.019 E.09777
G1 X143.65 Y125.623 F9000
;WIDTH:0.439999
G1 F900
G1 X143.65 Y126.019 E.00557
G1 X143.65 Y134.377 E.11754
G1 X142.858 Y134.377 E.01114
G1 X142.858 Y125.623 E.12311
G1 X143.59 Y125.623 E.01029
G1 X144.063 Y125.21 F9000
;TYPE:External perimeter
;WIDTH:0.419999
G1 F900
G1 X144.063 Y126.019 E.01084
G1 X144.063 Y134.79 E.11752
G1 X142.445 Y134.79 E.02168
G1 X142.445 Y125.21 E.12835
G1 X144.003 Y125.21 E.02087
G1 E-3.5 F3600
;WIPE_START
G1 F7200
G1 X144.063 Y125.21 E-.0285
G1 X144.063 Y126.019 E-.38427
G1 X144.063 Y128.308 E-1.08723
;WIPE_END
G1 X133.496 Y133.981 F9000
G1 E5 F2400
;TYPE:Perimeter
;WIDTH:0.386348
G1 F900
G1 X133.496 Y126.019 E.09777
G1 X133.892 Y125.623 F9000
;WIDTH:0.439999
G1 F900
G1 X133.892 Y126.019 E.00557
G1 X133.892 Y134.377 E.11754
G1 X133.1 Y134.377 E.01114
G1 X133.1 Y125.623 E.12311
G1 X133.832 Y125.623 E.01029
G1 X134.305 Y125.21 F9000
;TYPE:External perimeter
;WIDTH:0.419999
G1 F900
G1 X134.305 Y126.019 E.01084
G1 X134.305 Y134.79 E.11752
G1 X132.687 Y134.79 E.02168
G1 X132.687 Y125.21 E.12835
G1 X134.245 Y125.21 E.02087
;LAYER_CHANGE
;Z:7.16
;HEIGHT:0.0799999
;BEFORE_LAYER_CHANGE
G92 E0
;7.16


G1 E-3.5 F3600
;WIPE_START
G1 F7200
G1 X134.305 Y125.21 E-.0285
G1 X134.305 Y126.019 E-.38427
G1 X134.305 Y128.308 E-1.08723
;WIPE_END
G1 Z7.16 F9000
;AFTER_LAYER_CHANGE
;7.16
G1 X143.231 Y133.975
G1 E5 F2400
;TYPE:Perimeter
;WIDTH:0.398744
G1 F900
G1 X143.231 Y126.025 E.1009
G1 X142.829 Y125.623 F9000
;WIDTH:0.439999
G1 F900
G1 X143.633 Y125.623 E.01131
G1 X143.633 Y126.025 E.00565
G1 X143.633 Y134.377 E.11746
G1 X142.829 Y134.377 E.01131
G1 X142.829 Y125.683 E.12227
G1 X142.416 Y125.21 F9000
;TYPE:External perimeter
;WIDTH:0.419999
G1 F900
G1 X144.046 Y125.21 E.02184
G1 X144.046 Y126.025 E.01092
G1 X144.046 Y134.79 E.11744
G1 X142.416 Y134.79 E.02184
G1 X142.416 Y125.27 E.12755
G1 E-3.5 F3600
;WIPE_START
G1 F7200
G1 X142.416 Y125.21 E-.0285
G1 X144.046 Y125.21 E-.77425
G1 X144.046 Y126.025 E-.38712
G1 X144.046 Y126.678 E-.31013
;WIPE_END
G1 X133.519 Y133.975 F9000
G1 E5 F2400
;TYPE:Perimeter
;WIDTH:0.398744
G1 F900
G1 X133.519 Y126.025 E.1009
G1 X133.921 Y125.623 F9000
;WIDTH:0.439999
G1 F900
G1 X133.921 Y126.025 E.00565
G1 X133.921 Y134.377 E.11746
G1 X133.117 Y134.377 E.01131
G1 X133.117 Y125.623 E.12311
G1 X133.861 Y125.623 E.01046
G1 X134.334 Y125.21 F9000
;TYPE:External perimeter
;WIDTH:0.419999
G1 F900
G1 X134.334 Y126.025 E.01092
G1 X134.334 Y134.79 E.11744
G1 X132.704 Y134.79 E.02184
G1 X132.704 Y125.21 E.12835
G1 X134.274 Y125.21 E.02104
;LAYER_CHANGE
;Z:7.24
;HEIGHT:0.0799999
;BEFORE_LAYER_CHANGE
G92 E0
;7.24


G1 E-3.5 F3600
;WIPE_START
G1 F7200
G1 X134.334 Y125.21 E-.0285
G1 X134.334 Y126.025 E-.38712
G1 X134.334 Y128.308 E-1.08438
;WIPE_END
G1 Z7.24 F9000
;AFTER_LAYER_CHANGE
;7.24
G1 X143.208 Y133.969
G1 E5 F2400
;TYPE:Perimeter
;WIDTH:0.41114
G1 F900
G1 X143.208 Y126.031 E.10402
G1 X143.617 Y125.623 F9000
;WIDTH:0.439999
G1 F900
G1 X143.617 Y126.031 E.00574
G1 X143.617 Y134.377 E.11737
G1 X142.8 Y134.377 E.01149
G1 X142.8 Y125.623 E.12311
G1 X143.557 Y125.623 E.01065
G1 X144.029 Y125.21 F9000
;TYPE:External perimeter
;WIDTH:0.419999
G1 F900
G1 X144.029 Y126.031 E.011
G1 X144.029 Y134.79 E.11735
G1 X142.387 Y134.79 E.022
G1 X142.387 Y125.21 E.12835
G1 X143.969 Y125.21 E.0212
G1 E-3.5 F3600
;WIPE_START
G1 F7200
G1 X144.029 Y125.21 E-.0285
G1 X144.029 Y126.031 E-.38997
G1 X144.029 Y128.308 E-1.08153
;WIPE_END
G1 X133.542 Y133.969 F9000
G1 E5 F2400
;TYPE:Perimeter
;WIDTH:0.41114
G1 F900
G1 X133.542 Y126.031 E.10402
G1 X133.95 Y125.623 F9000
;WIDTH:0.439999
G1 F900
G1 X133.95 Y126.031 E.00574
G1 X133.95 Y134.377 E.11737
G1 X133.133 Y134.377 E.01149
G1 X133.133 Y125.623 E.12311
G1 X133.89 Y125.623 E.01065
G1 X134.363 Y125.21 F9000
;TYPE:External perimeter
;WIDTH:0.419999
G1 F900
G1 X134.363 Y126.031 E.011
G1 X134.363 Y134.79 E.11735
G1 X132.721 Y134.79 E.022
G1 X132.721 Y125.21 E.12835
G1 X134.303 Y125.21 E.0212
;LAYER_CHANGE
;Z:7.32
;HEIGHT:0.0800004
;BEFORE_LAYER_CHANGE
G92 E0
;7.32


G1 E-3.5 F3600
;WIPE_START
G1 F7200
G1 X134.363 Y125.21 E-.0285
G1 X134.363 Y126.031 E-.38997
G1 X134.363 Y128.308 E-1.08153
;WIPE_END
G1 Z7.32 F9000
;AFTER_LAYER_CHANGE
;7.32
G1 X143.185 Y133.963
G1 E5 F2400
;TYPE:Perimeter
;WIDTH:0.423536
G1 F900
G1 X143.185 Y126.037 E.10713
G1 X143.6 Y125.623 F9000
;WIDTH:0.439999
G1 F900
G1 X143.6 Y126.037 E.00582
G1 X143.6 Y134.377 E.11729
G1 X142.771 Y134.377 E.01166
G1 X142.771 Y125.623 E.12311
G1 X143.54 Y125.623 E.01081
G1 X144.013 Y125.21 F9000
;TYPE:External perimeter
;WIDTH:0.419999
G1 F900
G1 X144.013 Y126.037 E.01108
G1 X144.013 Y134.79 E.11727
G1 X142.358 Y134.79 E.02217
G1 X142.358 Y125.21 E.12835
G1 X143.953 Y125.21 E.02137
G1 E-3.5 F3600
;WIPE_START
G1 F7200
G1 X144.013 Y125.21 E-.0285
G1 X144.013 Y126.037 E-.39282
G1 X144.013 Y128.308 E-1.07868
;WIPE_END
G1 X133.565 Y133.963 F9000
G1 E5 F2400
;TYPE:Perimeter
;WIDTH:0.423536
G1 F900
G1 X133.565 Y126.037 E.10713
G1 X133.15 Y125.623 F9000
;WIDTH:0.439999
G1 F900
G1 X133.979 Y125.623 E.01166
G1 X133.979 Y126.037 E.00582
G1 X133.979 Y134.377 E.11729
G1 X133.15 Y134.377 E.01166
G1 X133.15 Y125.683 E.12227
G1 X132.737 Y125.21 F9000
;TYPE:External perimeter
;WIDTH:0.419999
G1 F900
G1 X134.392 Y125.21 E.02217
G1 X134.392 Y126.037 E.01108
G1 X134.392 Y134.79 E.11727
G1 X132.737 Y134.79 E.02217
G1 X132.737 Y125.27 E.12755
;LAYER_CHANGE
;Z:7.4
;HEIGHT:0.0799999
;BEFORE_LAYER_CHANGE
G92 E0
;7.4


G1 E-3.5 F3600
;WIPE_START
G1 F7200
G1 X132.737 Y125.21 E-.0285
G1 X134.392 Y125.21 E-.78613
G1 X134.392 Y126.037 E-.39282
G1 X134.392 Y126.653 E-.29255
;WIPE_END
G1 Z7.4 F9000
;AFTER_LAYER_CHANGE
;7.4
G1 X143.163 Y133.956
G1 E5 F2400
;TYPE:Perimeter
;WIDTH:0.435932
G1 F900
G1 X143.163 Y126.044 E.1102
G1 X142.742 Y125.623 F9000
;WIDTH:0.439999
G1 F900
G1 X143.583 Y125.623 E.01183
G1 X143.583 Y126.044 E.00592
G1 X143.583 Y134.377 E.11719
G1 X142.742 Y134.377 E.01183
G1 X142.742 Y125.683 E.12227
G1 X142.329 Y125.21 F9000
;TYPE:External perimeter
;WIDTH:0.419999
G1 F900
G1 X143.996 Y125.21 E.02233
G1 X143.996 Y126.044 E.01117
G1 X143.996 Y134.79 E.11718
G1 X142.329 Y134.79 E.02233
G1 X142.329 Y125.27 E.12755
G1 E-3.5 F3600
;WIPE_START
G1 F7200
G1 X142.329 Y125.21 E-.0285
G1 X143.996 Y125.21 E-.79183
G1 X143.996 Y126.044 E-.39615
G1 X143.996 Y126.641 E-.28352
;WIPE_END
G1 X133.587 Y133.956 F9000
G1 E5 F2400
;TYPE:Perimeter
;WIDTH:0.435932
G1 F900
G1 X133.587 Y126.044 E.1102
G1 X134.008 Y125.623 F9000
;WIDTH:0.439999
G1 F900
G1 X134.008 Y126.044 E.00592
G1 X134.008 Y134.377 E.11719
G1 X133.167 Y134.377 E.01183
G1 X133.167 Y125.623 E.12311
G1 X133.948 Y125.623 E.01098
G1 X134.421 Y125.21 F9000
;TYPE:External perimeter
;WIDTH:0.419999
G1 F900
G1 X134.421 Y126.044 E.01117
G1 X134.421 Y134.79 E.11718
G1 X132.754 Y134.79 E.02233
G1 X132.754 Y125.21 E.12835
G1 X134.361 Y125.21 E.02153
;LAYER_CHANGE
;Z:7.48
;HEIGHT:0.0799999
;BEFORE_LAYER_CHANGE
G92 E0
;7.48


G1 E-3.5 F3600
;WIPE_START
G1 F7200
G1 X134.421 Y125.21 E-.0285
G1 X134.421 Y126.044 E-.39615
G1 X134.421 Y128.308 E-1.07535
;WIPE_END
G1 Z7.48 F9000
;AFTER_LAYER_CHANGE
;7.48
G1 X143.14 Y133.95
G1 E5 F2400
;TYPE:Perimeter
;WIDTH:0.448328
G1 F900
G1 X143.14 Y126.05 E.11329
G1 X142.713 Y125.623 F9000
;WIDTH:0.439999
G1 F900
G1 X143.567 Y125.623 E.01201
G1 X143.567 Y126.05 E.00601
G1 X143.567 Y134.377 E.11711
G1 X142.713 Y134.377 E.01201
G1 X142.713 Y125.683 E.12227
G1 X142.3 Y125.21 F9000
;TYPE:External perimeter
;WIDTH:0.419999
G1 F900
G1 X143.98 Y125.21 E.02251
G1 X143.98 Y126.05 E.01125
G1 X143.98 Y134.79 E.1171
G1 X142.3 Y134.79 E.02251
G1 X142.3 Y125.27 E.12755
G1 E-3.5 F3600
;WIPE_START
G1 F7200
G1 X142.3 Y125.21 E-.0285
G1 X143.98 Y125.21 E-.798
G1 X143.98 Y126.05 E-.399
G1 X143.98 Y126.628 E-.2745
;WIPE_END
G1 X133.61 Y133.95 F9000
G1 E5 F2400
;TYPE:Perimeter
;WIDTH:0.448328
G1 F900
G1 X133.61 Y126.05 E.11329
G1 X134.037 Y125.623 F9000
;WIDTH:0.439999
G1 F900
G1 X134.037 Y126.05 E.00601
G1 X134.037 Y134.377 E.11711
G1 X133.183 Y134.377 E.01201
G1 X133.183 Y125.623 E.12311
G1 X133.977 Y125.623 E.01117
G1 X134.45 Y125.21 F9000
;TYPE:External perimeter
;WIDTH:0.419999
G1 F900
G1 X134.45 Y126.05 E.01125
G1 X134.45 Y134.79 E.1171
G1 X132.77 Y134.79 E.02251
G1 X132.77 Y125.21 E.12835
G1 X134.39 Y125.21 E.02171
;LAYER_CHANGE
;Z:7.56
;HEIGHT:0.0799999
;BEFORE_LAYER_CHANGE
G92 E0
;7.56


G1 E-3.5 F3600
;WIPE_START
G1 F7200
G1 X134.45 Y125.21 E-.0285
G1 X134.45 Y126.05 E-.399
G1 X134.45 Y128.308 E-1.0725
;WIPE_END
G1 Z7.56 F9000
;AFTER_LAYER_CHANGE
;7.56
G1 X143.117 Y133.944
G1 E5 F2400
;TYPE:Perimeter
;WIDTH:0.460724
G1 F900
G1 X143.117 Y126.056 E.11637
G1 X143.55 Y125.623 F9000
;WIDTH:0.439999
G1 F900
G1 X143.55 Y126.056 E.00609
G1 X143.55 Y134.377 E.11702
G1 X142.684 Y134.377 E.01218
G1 X142.684 Y125.623 E.12311
G1 X143.49 Y125.623 E.01134
G1 X143.963 Y125.21 F9000
;TYPE:External perimeter
;WIDTH:0.419999
G1 F900
G1 X143.963 Y126.056 E.01133
G1 X143.963 Y134.79 E.11702
G1 X142.271 Y134.79 E.02267
G1 X142.271 Y125.21 E.12835
G1 X143.903 Y125.21 E.02187
G1 E-3.5 F3600
;WIPE_START
G1 F7200
G1 X143.963 Y125.21 E-.0285
G1 X143.963 Y126.056 E-.40185
G1 X143.963 Y128.308 E-1.06965
;WIPE_END
G1 X133.633 Y133.944 F9000
G1 E5 F2400
;TYPE:Perimeter
;WIDTH:0.460724
G1 F900
G1 X133.633 Y126.056 E.11637
G1 X134.066 Y125.623 F9000
;WIDTH:0.439999
G1 F900
G1 X134.066 Y126.056 E.00609
G1 X134.066 Y134.377 E.11702
G1 X133.2 Y134.377 E.01218
G1 X133.2 Y125.623 E.12311
G1 X134.006 Y125.623 E.01134
G1 X134.479 Y125.21 F9000
;TYPE:External perimeter
;WIDTH:0.419999
G1 F900
G1 X134.479 Y126.056 E.01133
G1 X134.479 Y134.79 E.11702
G1 X132.787 Y134.79 E.02267
G1 X132.787 Y125.21 E.12835
G1 X134.419 Y125.21 E.02187
;LAYER_CHANGE
;Z:7.64
;HEIGHT:0.0799999
;BEFORE_LAYER_CHANGE
G92 E0
;7.64


G1 E-3.5 F3600
;WIPE_START
G1 F7200
G1 X134.479 Y125.21 E-.0285
G1 X134.479 Y126.056 E-.40185
G1 X134.479 Y128.308 E-1.06965
;WIPE_END
G1 Z7.64 F9000
;AFTER_LAYER_CHANGE
;7.64
G1 X143.094 Y133.938
G1 E5 F2400
;TYPE:Perimeter
;WIDTH:0.47312
G1 F900
G1 X143.094 Y126.062 E.11944
G1 X143.533 Y125.623 F9000
;WIDTH:0.439999
G1 F900
G1 X143.533 Y126.062 E.00617
G1 X143.533 Y134.377 E.11694
G1 X142.655 Y134.377 E.01235
G1 X142.655 Y125.623 E.12311
G1 X143.473 Y125.623 E.0115
G1 X143.946 Y125.21 F9000
;TYPE:External perimeter
;WIDTH:0.419999
G1 F900
G1 X143.946 Y126.062 E.01142
G1 X143.946 Y134.79 E.11694
G1 X142.242 Y134.79 E.02283
G1 X142.242 Y125.21 E.12835
G1 X143.886 Y125.21 E.02203
G1 E-3.5 F3600
;WIPE_START
G1 F7200
G1 X143.946 Y125.21 E-.0285
G1 X143.946 Y126.062 E-.4047
G1 X143.946 Y128.308 E-1.0668
;WIPE_END
G1 X133.656 Y133.938 F9000
G1 E5 F2400
;TYPE:Perimeter
;WIDTH:0.473122
G1 F900
G1 X133.656 Y126.062 E.11944
G1 X133.217 Y125.623 F9000
;WIDTH:0.439999
G1 F900
G1 X134.095 Y125.623 E.01235
G1 X134.095 Y126.062 E.00617
G1 X134.095 Y134.377 E.11694
G1 X133.217 Y134.377 E.01235
G1 X133.217 Y125.683 E.12227
G1 X132.804 Y125.21 F9000
;TYPE:External perimeter
;WIDTH:0.419999
G1 F900
G1 X134.508 Y125.21 E.02283
G1 X134.508 Y126.062 E.01142
G1 X134.508 Y134.79 E.11694
G1 X132.804 Y134.79 E.02283
G1 X132.804 Y125.27 E.12755
;LAYER_CHANGE
;Z:7.72
;HEIGHT:0.0799999
;BEFORE_LAYER_CHANGE
G92 E0
;7.72


G1 E-3.5 F3600
;WIPE_START
G1 F7200
G1 X132.804 Y125.21 E-.0285
G1 X134.508 Y125.21 E-.8094
G1 X134.508 Y126.062 E-.4047
G1 X134.508 Y126.604 E-.2574
;WIPE_END
G1 Z7.72 F9000
;AFTER_LAYER_CHANGE
;7.72
G1 X143.067 Y133.936
G1 E5 F2400
;TYPE:Perimeter
;WIDTH:0.476754
G1 F900
G1 X143.067 Y126.064 E.12033
G1 X143.508 Y125.623 F9000
;WIDTH:0.439999
G1 F900
G1 X143.508 Y126.064 E.0062
G1 X143.508 Y134.377 E.11691
G1 X142.626 Y134.377 E.0124
G1 X142.626 Y125.623 E.12311
G1 X143.448 Y125.623 E.01156
G1 X143.921 Y125.21 F9000
;TYPE:External perimeter
;WIDTH:0.419999
G1 F900
G1 X143.921 Y126.064 E.01144
G1 X143.921 Y134.79 E.11691
G1 X142.213 Y134.79 E.02288
G1 X142.213 Y125.21 E.12835
G1 X143.861 Y125.21 E.02208
G1 E-3.5 F3600
;WIPE_START
G1 F7200
G1 X143.921 Y125.21 E-.0285
G1 X143.921 Y126.064 E-.40565
G1 X143.921 Y128.308 E-1.06585
;WIPE_END
G1 X133.683 Y133.936 F9000
G1 E5 F2400
;TYPE:Perimeter
;WIDTH:0.476754
G1 F900
G1 X133.683 Y126.064 E.12033
G1 X134.124 Y125.623 F9000
;WIDTH:0.439999
G1 F900
G1 X134.124 Y126.064 E.0062
G1 X134.124 Y134.377 E.11691
G1 X133.242 Y134.377 E.0124
G1 X133.242 Y125.623 E.12311
G1 X134.064 Y125.623 E.01156
G1 X134.537 Y125.21 F9000
;TYPE:External perimeter
;WIDTH:0.419999
G1 F900
G1 X134.537 Y126.064 E.01144
G1 X134.537 Y134.79 E.11691
G1 X132.829 Y134.79 E.02288
G1 X132.829 Y125.21 E.12835
G1 X134.477 Y125.21 E.02208
;LAYER_CHANGE
;Z:7.8
;HEIGHT:0.0800004
;BEFORE_LAYER_CHANGE
G92 E0
;7.8


G1 E-3.5 F3600
;WIPE_START
G1 F7200
G1 X134.537 Y125.21 E-.0285
G1 X134.537 Y126.064 E-.40565
G1 X134.537 Y128.308 E-1.06585
;WIPE_END
G1 Z7.8 F9000
;AFTER_LAYER_CHANGE
;7.8
G1 X143.032 Y133.929
G1 E5 F2400
;TYPE:Perimeter
;WIDTH:0.490258
G1 F900
G1 X143.032 Y126.071 E.12365
G1 X142.584 Y125.623 F9000
;WIDTH:0.439999
G1 F900
G1 X143.48 Y125.623 E.0126
G1 X143.48 Y126.071 E.0063
G1 X143.48 Y134.377 E.11681
G1 X142.584 Y134.377 E.0126
G1 X142.584 Y125.683 E.12227
G1 X142.171 Y125.21 F9000
;TYPE:External perimeter
;WIDTH:0.419999
G1 F900
G1 X143.892 Y125.21 E.02306
G1 X143.892 Y126.071 E.01154
G1 X143.892 Y134.79 E.11682
G1 X142.171 Y134.79 E.02306
G1 X142.171 Y125.27 E.12755
G1 E-3.5 F3600
;WIPE_START
G1 F7200
G1 X142.171 Y125.21 E-.0285
G1 X143.892 Y125.21 E-.81748
G1 X143.892 Y126.071 E-.40897
G1 X143.892 Y126.587 E-.24505
;WIPE_END
G1 X133.718 Y133.929 F9000
G1 E5 F2400
;TYPE:Perimeter
;WIDTH:0.490258
G1 F900
G1 X133.718 Y126.071 E.12365
G1 X133.27 Y125.623 F9000
;WIDTH:0.439999
G1 F900
G1 X134.166 Y125.623 E.0126
G1 X134.166 Y126.071 E.0063
G1 X134.166 Y134.377 E.11681
G1 X133.27 Y134.377 E.0126
G1 X133.27 Y125.683 E.12227
G1 X132.858 Y125.21 F9000
;TYPE:External perimeter
;WIDTH:0.419999
G1 F900
G1 X134.579 Y125.21 E.02306
G1 X134.579 Y126.071 E.01154
G1 X134.579 Y134.79 E.11682
G1 X132.858 Y134.79 E.02306
G1 X132.858 Y125.27 E.12755
;LAYER_CHANGE
;Z:7.88
;HEIGHT:0.0799999
;BEFORE_LAYER_CHANGE
G92 E0
;7.88


G1 E-3.5 F3600
;WIPE_START
G1 F7200
G1 X132.858 Y125.21 E-.0285
G1 X134.579 Y125.21 E-.81748
G1 X134.579 Y126.071 E-.40897
G1 X134.579 Y126.587 E-.24505
;WIPE_END
G1 Z7.88 F9000
;AFTER_LAYER_CHANGE
;7.88
G1 X142.994 Y133.92
G1 E5 F2400
;TYPE:Perimeter
;WIDTH:0.508768
G1 F900
G1 X142.994 Y126.08 E.12819
G1 X142.537 Y125.623 F9000
;WIDTH:0.439999
G1 F900
G1 X143.451 Y125.623 E.01285
G1 X143.451 Y126.08 E.00643
G1 X143.451 Y134.377 E.11668
G1 X142.537 Y134.377 E.01285
G1 X142.537 Y125.683 E.12227
G1 X142.124 Y125.21 F9000
;TYPE:External perimeter
;WIDTH:0.419999
G1 F900
G1 X143.864 Y125.21 E.02331
G1 X143.864 Y126.08 E.01166
G1 X143.864 Y134.79 E.1167
G1 X142.124 Y134.79 E.02331
G1 X142.124 Y125.27 E.12755
G1 E-3.5 F3600
;WIPE_START
G1 F7200
G1 X142.124 Y125.21 E-.0285
G1 X143.864 Y125.21 E-.8265
G1 X143.864 Y126.08 E-.41325
G1 X143.864 Y126.568 E-.23175
;WIPE_END
G1 X133.756 Y133.92 F9000
G1 E5 F2400
;TYPE:Perimeter
;WIDTH:0.508768
G1 F900
G1 X133.756 Y126.08 E.12819
G1 X134.213 Y125.623 F9000
;WIDTH:0.439999
G1 F900
G1 X134.213 Y126.08 E.00643
G1 X134.213 Y134.377 E.11668
G1 X133.299 Y134.377 E.01285
G1 X133.299 Y125.623 E.12311
G1 X134.153 Y125.623 E.01201
G1 X134.626 Y125.21 F9000
;TYPE:External perimeter
;WIDTH:0.419999
G1 F900
G1 X134.626 Y126.08 E.01166
G1 X134.626 Y134.79 E.1167
G1 X132.886 Y134.79 E.02331
G1 X132.886 Y125.21 E.12835
G1 X134.566 Y125.21 E.02251
;LAYER_CHANGE
;Z:7.96
;HEIGHT:0.0799999
;BEFORE_LAYER_CHANGE
G92 E0
;7.96


G1 E-3.5 F3600
;WIPE_START
G1 F7200
G1 X134.626 Y125.21 E-.0285
G1 X134.626 Y126.08 E-.41325
G1 X134.626 Y128.308 E-1.05825
;WIPE_END
G1 Z7.96 F9000
;AFTER_LAYER_CHANGE
;7.96
G1 X142.956 Y133.911
G1 E5 F2400
;TYPE:Perimeter
;WIDTH:0.527278
G1 F900
G1 X142.956 Y126.089 E.13271
G1 X143.423 Y125.623 F9000
;WIDTH:0.439999
G1 F900
G1 X143.423 Y126.089 E.00655
G1 X143.423 Y134.377 E.11656
G1 X142.49 Y134.377 E.01312
G1 X142.49 Y125.623 E.12311
G1 X143.363 Y125.623 E.01228
G1 X143.835 Y125.21 F9000
;TYPE:External perimeter
;WIDTH:0.419999
G1 F900
G1 X143.835 Y126.089 E.01178
G1 X143.835 Y134.79 E.11658
G1 X142.077 Y134.79 E.02355
G1 X142.077 Y125.21 E.12835
G1 X143.775 Y125.21 E.02275
G1 E-3.5 F3600
;WIPE_START
G1 F7200
G1 X143.835 Y125.21 E-.0285
G1 X143.835 Y126.089 E-.41752
G1 X143.835 Y128.308 E-1.05398
;WIPE_END
G1 X133.794 Y133.911 F9000
G1 E5 F2400
;TYPE:Perimeter
;WIDTH:0.527278
G1 F900
G1 X133.794 Y126.089 E.13271
G1 X134.26 Y125.623 F9000
;WIDTH:0.439999
G1 F900
G1 X134.26 Y126.089 E.00655
G1 X134.26 Y134.377 E.11656
G1 X133.327 Y134.377 E.01312
G1 X133.327 Y125.623 E.12311
G1 X134.2 Y125.623 E.01228
G1 X134.673 Y125.21 F9000
;TYPE:External perimeter
;WIDTH:0.419999
G1 F900
G1 X134.673 Y126.089 E.01178
G1 X134.673 Y134.79 E.11658
G1 X132.915 Y134.79 E.02355
G1 X132.915 Y125.21 E.12835
G1 X134.613 Y125.21 E.02275
;LAYER_CHANGE
;Z:8.04
;HEIGHT:0.0799999
;BEFORE_LAYER_CHANGE
G92 E0
;8.04


G1 E-3.5 F3600
;WIPE_START
G1 F7200
G1 X134.673 Y125.21 E-.0285
G1 X134.673 Y126.089 E-.41752
G1 X134.673 Y128.308 E-1.05398
;WIPE_END
G1 Z8.04 F9000
;AFTER_LAYER_CHANGE
;8.04
G1 X142.918 Y133.901
G1 E5 F2400
;TYPE:Perimeter
;WIDTH:0.545786
G1 F900
G1 X142.918 Y126.099 E.13717
G1 X143.394 Y125.623 F9000
;WIDTH:0.439999
G1 F900
G1 X143.394 Y126.099 E.00669
G1 X143.394 Y134.377 E.11642
G1 X142.443 Y134.377 E.01337
G1 X142.443 Y125.623 E.12311
G1 X143.334 Y125.623 E.01253
G1 X143.807 Y125.21 F9000
;TYPE:External perimeter
;WIDTH:0.419999
G1 F900
G1 X143.807 Y126.099 E.01191
G1 X143.807 Y134.79 E.11644
G1 X142.03 Y134.79 E.02381
G1 X142.03 Y125.21 E.12835
G1 X143.747 Y125.21 E.023
G1 E-3.5 F3600
;WIPE_START
G1 F7200
G1 X143.807 Y125.21 E-.0285
G1 X143.807 Y126.099 E-.42227
G1 X143.807 Y128.308 E-1.04923
;WIPE_END
G1 X133.832 Y133.901 F9000
G1 E5 F2400
;TYPE:Perimeter
;WIDTH:0.545786
G1 F900
G1 X133.832 Y126.099 E.13717
G1 X134.307 Y125.623 F9000
;WIDTH:0.439999
G1 F900
G1 X134.307 Y126.099 E.00669
G1 X134.307 Y134.377 E.11642
G1 X133.356 Y134.377 E.01337
G1 X133.356 Y125.623 E.12311
G1 X134.247 Y125.623 E.01253
G1 X134.72 Y125.21 F9000
;TYPE:External perimeter
;WIDTH:0.419999
G1 F900
G1 X134.72 Y126.099 E.01191
G1 X134.72 Y134.79 E.11644
G1 X132.943 Y134.79 E.02381
G1 X132.943 Y125.21 E.12835
G1 X134.66 Y125.21 E.023
;LAYER_CHANGE
;Z:8.12
;HEIGHT:0.0799999
;BEFORE_LAYER_CHANGE
G92 E0
;8.12


G1 E-3.5 F3600
;WIPE_START
G1 F7200
G1 X134.72 Y125.21 E-.0285
G1 X134.72 Y126.099 E-.42227
G1 X134.72 Y128.308 E-1.04923
;WIPE_END
G1 Z8.12 F9000
;AFTER_LAYER_CHANGE
;8.12
G1 X142.881 Y133.892
G1 E5 F2400
;TYPE:Perimeter
;WIDTH:0.564298
G1 F900
G1 X142.881 Y126.108 E.14165
G1 X142.396 Y125.623 F9000
;WIDTH:0.439999
G1 F900
G1 X143.366 Y125.623 E.01364
G1 X143.366 Y126.108 E.00682
G1 X143.366 Y134.377 E.11629
G1 X142.396 Y134.377 E.01364
G1 X142.396 Y125.683 E.12227
G1 X141.983 Y125.21 F9000
;TYPE:External perimeter
;WIDTH:0.419999
G1 F900
G1 X143.779 Y125.21 E.02406
G1 X143.779 Y126.108 E.01203
G1 X143.779 Y134.79 E.11632
G1 X141.983 Y134.79 E.02406
G1 X141.983 Y125.27 E.12755
G1 E-3.5 F3600
;WIPE_START
G1 F7200
G1 X141.983 Y125.21 E-.0285
G1 X143.779 Y125.21 E-.8531
G1 X143.779 Y126.108 E-.42655
G1 X143.779 Y126.512 E-.19185
;WIPE_END
G1 X133.869 Y133.892 F9000
G1 E5 F2400
;TYPE:Perimeter
;WIDTH:0.564296
G1 F900
G1 X133.869 Y126.108 E.14165
G1 X134.354 Y125.623 F9000
;WIDTH:0.439999
G1 F900
G1 X134.354 Y126.108 E.00682
G1 X134.354 Y134.377 E.11629
G1 X133.384 Y134.377 E.01364
G1 X133.384 Y125.623 E.12311
G1 X134.294 Y125.623 E.0128
G1 X134.767 Y125.21 F9000
;TYPE:External perimeter
;WIDTH:0.419999
G1 F900
G1 X134.767 Y126.108 E.01203
G1 X134.767 Y134.79 E.11632
G1 X132.971 Y134.79 E.02406
G1 X132.971 Y125.21 E.12835
G1 X134.707 Y125.21 E.02326
;LAYER_CHANGE
;Z:8.2
;HEIGHT:0.0799999
;BEFORE_LAYER_CHANGE
G92 E0
;8.2


G1 E-3.5 F3600
;WIPE_START
G1 F7200
G1 X134.767 Y125.21 E-.0285
G1 X134.767 Y126.108 E-.42655
G1 X134.767 Y128.308 E-1.04495
;WIPE_END
G1 Z8.2 F9000
;AFTER_LAYER_CHANGE
;8.2
G1 X142.843 Y133.883
G1 E5 F2400
;TYPE:Perimeter
;WIDTH:0.582806
G1 F900
G1 X142.843 Y126.117 E.1461
G1 X143.337 Y125.623 F9000
;WIDTH:0.439999
G1 F900
G1 X143.337 Y126.117 E.00695
G1 X143.337 Y134.377 E.11616
G1 X142.349 Y134.377 E.01389
G1 X142.349 Y125.623 E.12311
G1 X143.277 Y125.623 E.01305
G1 X143.75 Y125.21 F9000
;TYPE:External perimeter
;WIDTH:0.419999
G1 F900
G1 X143.75 Y126.117 E.01215
G1 X143.75 Y134.79 E.1162
G1 X141.936 Y134.79 E.0243
G1 X141.936 Y125.21 E.12835
G1 X143.69 Y125.21 E.0235
G1 E-3.5 F3600
;WIPE_START
G1 F7200
G1 X143.75 Y125.21 E-.0285
G1 X143.75 Y126.117 E-.43082
G1 X143.75 Y128.308 E-1.04068
;WIPE_END
G1 X133.907 Y133.883 F9000
G1 E5 F2400
;TYPE:Perimeter
;WIDTH:0.582808
G1 F900
G1 X133.907 Y126.117 E.1461
G1 X133.413 Y125.623 F9000
;WIDTH:0.439999
G1 F900
G1 X134.401 Y125.623 E.01389
G1 X134.401 Y126.117 E.00695
G1 X134.401 Y134.377 E.11616
G1 X133.413 Y134.377 E.01389
G1 X133.413 Y125.683 E.12227
G1 X133 Y125.21 F9000
;TYPE:External perimeter
;WIDTH:0.419999
G1 F900
G1 X134.814 Y125.21 E.0243
G1 X134.814 Y126.117 E.01215
G1 X134.814 Y134.79 E.1162
G1 X133 Y134.79 E.0243
G1 X133 Y125.27 E.12755
;LAYER_CHANGE
;Z:8.28
;HEIGHT:0.0799999
;BEFORE_LAYER_CHANGE
G92 E0
;8.28


G1 E-3.5 F3600
;WIPE_START
G1 F7200
G1 X133 Y125.21 E-.0285
G1 X134.814 Y125.21 E-.86165
G1 X134.814 Y126.117 E-.43082
G1 X134.814 Y126.494 E-.17903
;WIPE_END
G1 Z8.28 F9000
;AFTER_LAYER_CHANGE
;8.28
G1 X142.805 Y133.874
G1 E5 F2400
;TYPE:Perimeter
;WIDTH:0.601316
G1 F900
G1 X142.805 Y126.126 E.15053
G1 X142.302 Y125.623 F9000
;WIDTH:0.439999
G1 F900
G1 X143.309 Y125.623 E.01416
G1 X143.309 Y126.126 E.00707
G1 X143.309 Y134.377 E.11604
G1 X142.302 Y134.377 E.01416
G1 X142.302 Y125.683 E.12227
G1 X141.889 Y125.21 F9000
;TYPE:External perimeter
;WIDTH:0.419999
G1 F900
G1 X143.722 Y125.21 E.02456
G1 X143.722 Y126.126 E.01227
G1 X143.722 Y134.79 E.11608
G1 X141.889 Y134.79 E.02456
G1 X141.889 Y125.27 E.12755
G1 E-3.5 F3600
;WIPE_START
G1 F7200
G1 X141.889 Y125.21 E-.0285
G1 X143.722 Y125.21 E-.87067
G1 X143.722 Y126.126 E-.4351
G1 X143.722 Y126.475 E-.16573
;WIPE_END
G1 X133.945 Y133.874 F9000
G1 E5 F2400
;TYPE:Perimeter
;WIDTH:0.601316
G1 F900
G1 X133.945 Y126.126 E.15053
G1 X133.441 Y125.623 F9000
;WIDTH:0.439999
G1 F900
G1 X134.448 Y125.623 E.01416
G1 X134.448 Y126.126 E.00707
G1 X134.448 Y134.377 E.11604
G1 X133.441 Y134.377 E.01416
G1 X133.441 Y125.683 E.12227
G1 X133.028 Y125.21 F9000
;TYPE:External perimeter
;WIDTH:0.419999
G1 F900
G1 X134.861 Y125.21 E.02456
G1 X134.861 Y126.126 E.01227
G1 X134.861 Y134.79 E.11608
G1 X133.028 Y134.79 E.02456
G1 X133.028 Y125.27 E.12755
;LAYER_CHANGE
;Z:8.36
;HEIGHT:0.0799999
;BEFORE_LAYER_CHANGE
G92 E0
;8.36


G1 E-3.5 F3600
;WIPE_START
G1 F7200
G1 X133.028 Y125.21 E-.0285
G1 X134.861 Y125.21 E-.87067
G1 X134.861 Y126.126 E-.4351
G1 X134.861 Y126.475 E-.16573
;WIPE_END
G1 Z8.36 F9000
;AFTER_LAYER_CHANGE
;8.36
G1 X142.768 Y133.864
G1 E5 F2400
;TYPE:Perimeter
;WIDTH:0.619826
G1 F900
G1 X142.768 Y126.136 E.1549
G1 X143.28 Y125.623 F9000
;WIDTH:0.439999
G1 F900
G1 X143.28 Y126.136 E.00721
G1 X143.28 Y134.377 E.1159
G1 X142.255 Y134.377 E.01442
G1 X142.255 Y125.623 E.12311
G1 X143.22 Y125.623 E.01357
G1 X143.693 Y125.21 F9000
;TYPE:External perimeter
;WIDTH:0.419999
G1 F900
G1 X143.693 Y126.136 E.01241
G1 X143.693 Y134.79 E.11595
G1 X141.842 Y134.79 E.0248
G1 X141.842 Y125.21 E.12835
G1 X143.633 Y125.21 E.024
G1 E-3.5 F3600
;WIPE_START
G1 F7200
G1 X143.693 Y125.21 E-.0285
G1 X143.693 Y126.136 E-.43985
G1 X143.693 Y128.308 E-1.03165
;WIPE_END
G1 X133.982 Y133.864 F9000
G1 E5 F2400
;TYPE:Perimeter
;WIDTH:0.619826
G1 F900
G1 X133.982 Y126.136 E.1549
G1 X133.47 Y125.623 F9000
;WIDTH:0.439999
G1 F900
G1 X134.495 Y125.623 E.01442
G1 X134.495 Y126.136 E.00721
G1 X134.495 Y134.377 E.1159
G1 X133.47 Y134.377 E.01442
G1 X133.47 Y125.683 E.12227
G1 X133.057 Y125.21 F9000
;TYPE:External perimeter
;WIDTH:0.419999
G1 F900
G1 X134.908 Y125.21 E.0248
G1 X134.908 Y126.136 E.01241
G1 X134.908 Y134.79 E.11595
G1 X133.057 Y134.79 E.0248
G1 X133.057 Y125.27 E.12755
;LAYER_CHANGE
;Z:8.44
;HEIGHT:0.0799999
;BEFORE_LAYER_CHANGE
G92 E0
;8.44


G1 E-3.5 F3600
;WIPE_START
G1 F7200
G1 X133.057 Y125.21 E-.0285
G1 X134.908 Y125.21 E-.87922
G1 X134.908 Y126.136 E-.43985
G1 X134.908 Y126.457 E-.15243
;WIPE_END
G1 Z8.44 F9000
;AFTER_LAYER_CHANGE
;8.44
G1 X142.749 Y133.876
G1 E5 F2400
;TYPE:Perimeter
;WIDTH:0.597198
G1 F900
G1 X142.749 Y126.124 E.14955
G1 X143.251 Y125.623 F9000
;WIDTH:0.439999
G1 F900
G1 X143.251 Y126.124 E.00705
G1 X143.251 Y134.377 E.11607
G1 X142.248 Y134.377 E.01411
G1 X142.248 Y125.623 E.12311
G1 X143.191 Y125.623 E.01326
G1 X143.664 Y125.21 F9000
;TYPE:External perimeter
;WIDTH:0.419999
G1 F900
G1 X143.664 Y126.124 E.01225
G1 X143.664 Y134.79 E.11611
G1 X141.835 Y134.79 E.02451
G1 X141.835 Y125.21 E.12835
G1 X143.604 Y125.21 E.0237
G1 E-3.5 F3600
;WIPE_START
G1 F7200
G1 X143.664 Y125.21 E-.0285
G1 X143.664 Y126.124 E-.43415
G1 X143.664 Y128.308 E-1.03735
;WIPE_END
G1 X134.001 Y133.876 F9000
G1 E5 F2400
;TYPE:Perimeter
;WIDTH:0.5972
G1 F900
G1 X134.001 Y126.124 E.14955
G1 X133.499 Y125.623 F9000
;WIDTH:0.439999
G1 F900
G1 X134.502 Y125.623 E.01411
G1 X134.502 Y126.124 E.00705
G1 X134.502 Y134.377 E.11607
G1 X133.499 Y134.377 E.01411
G1 X133.499 Y125.683 E.12227
G1 X133.086 Y125.21 F9000
;TYPE:External perimeter
;WIDTH:0.419999
G1 F900
G1 X134.915 Y125.21 E.02451
G1 X134.915 Y126.124 E.01225
G1 X134.915 Y134.79 E.11611
G1 X133.086 Y134.79 E.02451
G1 X133.086 Y125.27 E.12755
;LAYER_CHANGE
;Z:8.52
;HEIGHT:0.0800009
;BEFORE_LAYER_CHANGE
G92 E0
;8.52


G1 E-3.5 F3600
;WIPE_START
G1 F7200
G1 X133.086 Y125.21 E-.0285
G1 X134.915 Y125.21 E-.86877
G1 X134.915 Y126.124 E-.43415
G1 X134.915 Y126.479 E-.16858
;WIPE_END
G1 Z8.52 F9000
;AFTER_LAYER_CHANGE
;8.52
G1 X142.729 Y133.896
G1 E5 F2400
;TYPE:Perimeter
;WIDTH:0.555686
G1 F900
G1 X142.729 Y126.104 E.13956
G1 X143.209 Y125.623 F9000
;WIDTH:0.439999
G1 F900
G1 X143.209 Y126.104 E.00676
G1 X143.209 Y134.377 E.11635
G1 X142.248 Y134.377 E.01351
G1 X142.248 Y125.623 E.12311
G1 X143.149 Y125.623 E.01267
G1 X143.622 Y125.21 F9000
;TYPE:External perimeter
;WIDTH:0.419999
G1 F900
G1 X143.622 Y126.104 E.01198
G1 X143.622 Y134.79 E.11638
G1 X141.835 Y134.79 E.02394
G1 X141.835 Y125.21 E.12835
G1 X143.562 Y125.21 E.02314
G1 E-3.5 F3600
;WIPE_START
G1 F7200
G1 X143.622 Y125.21 E-.0285
G1 X143.622 Y126.104 E-.42465
G1 X143.622 Y128.308 E-1.04685
;WIPE_END
G1 X134.021 Y133.896 F9000
G1 E5 F2400
;TYPE:Perimeter
;WIDTH:0.555686
G1 F900
G1 X134.021 Y126.104 E.13956
G1 X134.502 Y125.623 F9000
;WIDTH:0.439999
G1 F900
G1 X134.502 Y126.104 E.00676
G1 X134.502 Y134.377 E.11635
G1 X133.541 Y134.377 E.01351
G1 X133.541 Y125.623 E.12311
G1 X134.442 Y125.623 E.01267
G1 X134.915 Y125.21 F9000
;TYPE:External perimeter
;WIDTH:0.419999
G1 F900
G1 X134.915 Y126.104 E.01198
G1 X134.915 Y134.79 E.11638
G1 X133.128 Y134.79 E.02394
G1 X133.128 Y125.21 E.12835
G1 X134.855 Y125.21 E.02314
;LAYER_CHANGE
;Z:8.6
;HEIGHT:0.0799999
;BEFORE_LAYER_CHANGE
G92 E0
;8.6


G1 E-3.5 F3600
;WIPE_START
G1 F7200
G1 X134.915 Y125.21 E-.0285
G1 X134.915 Y126.104 E-.42465
G1 X134.915 Y128.308 E-1.04685
;WIPE_END
G1 Z8.6 F9000
;AFTER_LAYER_CHANGE
;8.6
G1 X142.708 Y133.917
G1 E5 F2400
;TYPE:Perimeter
;WIDTH:0.514174
G1 F900
G1 X142.708 Y126.083 E.1295
G1 X142.248 Y125.623 F9000
;WIDTH:0.439999
G1 F900
G1 X143.168 Y125.623 E.01294
G1 X143.168 Y126.083 E.00647
G1 X143.168 Y134.377 E.11664
G1 X142.248 Y134.377 E.01294
G1 X142.248 Y125.683 E.12227
G1 X141.835 Y125.21 F9000
;TYPE:External perimeter
;WIDTH:0.419999
G1 F900
G1 X143.581 Y125.21 E.02339
G1 X143.581 Y126.083 E.0117
G1 X143.581 Y134.79 E.11666
G1 X141.835 Y134.79 E.02339
G1 X141.835 Y125.27 E.12755
G1 E-3.5 F3600
;WIPE_START
G1 F7200
G1 X141.835 Y125.21 E-.0285
G1 X143.581 Y125.21 E-.82935
G1 X143.581 Y126.083 E-.41467
G1 X143.581 Y126.562 E-.22748
;WIPE_END
G1 X134.042 Y133.917 F9000
G1 E5 F2400
;TYPE:Perimeter
;WIDTH:0.514176
G1 F900
G1 X134.042 Y126.083 E.1295
G1 X133.582 Y125.623 F9000
;WIDTH:0.439999
G1 F900
G1 X134.502 Y125.623 E.01294
G1 X134.502 Y126.083 E.00647
G1 X134.502 Y134.377 E.11664
G1 X133.582 Y134.377 E.01294
G1 X133.582 Y125.683 E.12227
G1 X133.17 Y125.21 F9000
;TYPE:External perimeter
;WIDTH:0.419999
G1 F900
G1 X134.915 Y125.21 E.02338
G1 X134.915 Y126.083 E.0117
G1 X134.915 Y134.79 E.11666
G1 X133.17 Y134.79 E.02338
G1 X133.17 Y125.27 E.12755
;LAYER_CHANGE
;Z:8.68
;HEIGHT:0.0799999
;BEFORE_LAYER_CHANGE
G92 E0
;8.68


G1 E-3.5 F3600
;WIPE_START
G1 F7200
G1 X133.17 Y125.21 E-.0285
G1 X134.915 Y125.21 E-.82887
G1 X134.915 Y126.083 E-.41467
G1 X134.915 Y126.563 E-.22796
;WIPE_END
G1 Z8.68 F9000
;AFTER_LAYER_CHANGE
;8.68
G1 X142.687 Y133.938
G1 E5 F2400
;TYPE:Perimeter
;WIDTH:0.472662
G1 F900
G1 X142.687 Y126.062 E.11932
G1 X142.248 Y125.623 F9000
;WIDTH:0.439999
G1 F900
G1 X143.126 Y125.623 E.01235
G1 X143.126 Y126.062 E.00617
G1 X143.126 Y134.377 E.11694
G1 X142.248 Y134.377 E.01235
G1 X142.248 Y125.683 E.12227
G1 X141.835 Y125.21 F9000
;TYPE:External perimeter
;WIDTH:0.419999
G1 F900
G1 X143.539 Y125.21 E.02283
G1 X143.539 Y126.062 E.01142
G1 X143.539 Y134.79 E.11694
G1 X141.835 Y134.79 E.02283
G1 X141.835 Y125.27 E.12755
G1 E-3.5 F3600
;WIPE_START
G1 F7200
G1 X141.835 Y125.21 E-.0285
G1 X143.539 Y125.21 E-.8094
G1 X143.539 Y126.062 E-.4047
G1 X143.539 Y126.604 E-.2574
;WIPE_END
G1 X134.063 Y133.938 F9000
G1 E5 F2400
;TYPE:Perimeter
;WIDTH:0.472662
G1 F900
G1 X134.063 Y126.062 E.11932
G1 X134.502 Y125.623 F9000
;WIDTH:0.439999
G1 F900
G1 X134.502 Y126.062 E.00617
G1 X134.502 Y134.377 E.11694
G1 X133.624 Y134.377 E.01235
G1 X133.624 Y125.623 E.12311
G1 X134.442 Y125.623 E.0115
G1 X134.915 Y125.21 F9000
;TYPE:External perimeter
;WIDTH:0.419999
G1 F900
G1 X134.915 Y126.062 E.01142
G1 X134.915 Y134.79 E.11694
G1 X133.211 Y134.79 E.02283
G1 X133.211 Y125.21 E.12835
G1 X134.855 Y125.21 E.02203
;LAYER_CHANGE
;Z:8.76
;HEIGHT:0.0799999
;BEFORE_LAYER_CHANGE
G92 E0
;8.76


G1 E-3.5 F3600
;WIPE_START
G1 F7200
G1 X134.915 Y125.21 E-.0285
G1 X134.915 Y126.062 E-.4047
G1 X134.915 Y128.308 E-1.0668
;WIPE_END
G1 Z8.76 F9000
;AFTER_LAYER_CHANGE
;8.76
G1 X142.666 Y133.959
G1 E5 F2400
;TYPE:Perimeter
;WIDTH:0.431148
G1 F900
G1 X142.666 Y126.041 E.10902
G1 X143.085 Y125.623 F9000
;WIDTH:0.439999
G1 F900
G1 X143.085 Y126.041 E.00588
G1 X143.085 Y134.377 E.11723
G1 X142.248 Y134.377 E.01177
G1 X142.248 Y125.623 E.12311
G1 X143.025 Y125.623 E.01093
G1 X143.497 Y125.21 F9000
;TYPE:External perimeter
;WIDTH:0.419999
G1 F900
G1 X143.497 Y126.041 E.01113
G1 X143.497 Y134.79 E.11722
G1 X141.835 Y134.79 E.02227
G1 X141.835 Y125.21 E.12835
G1 X143.437 Y125.21 E.02146
G1 E-3.5 F3600
;WIPE_START
G1 F7200
G1 X143.497 Y125.21 E-.0285
G1 X143.497 Y126.041 E-.39472
G1 X143.497 Y128.308 E-1.07678
;WIPE_END
G1 X134.084 Y133.959 F9000
G1 E5 F2400
;TYPE:Perimeter
;WIDTH:0.43115
G1 F900
G1 X134.084 Y126.041 E.10902
G1 X133.665 Y125.623 F9000
;WIDTH:0.439999
G1 F900
G1 X134.502 Y125.623 E.01177
G1 X134.502 Y126.041 E.00588
G1 X134.502 Y134.377 E.11723
G1 X133.665 Y134.377 E.01177
G1 X133.665 Y125.683 E.12227
G1 X133.253 Y125.21 F9000
;TYPE:External perimeter
;WIDTH:0.419999
G1 F900
G1 X134.915 Y125.21 E.02227
G1 X134.915 Y126.041 E.01113
G1 X134.915 Y134.79 E.11722
G1 X133.253 Y134.79 E.02227
G1 X133.253 Y125.27 E.12755
;LAYER_CHANGE
;Z:8.84
;HEIGHT:0.0799999
;BEFORE_LAYER_CHANGE
G92 E0
;8.84


G1 E-3.5 F3600
;WIPE_START
G1 F7200
G1 X133.253 Y125.21 E-.0285
G1 X134.915 Y125.21 E-.78945
G1 X134.915 Y126.041 E-.39472
G1 X134.915 Y126.646 E-.28733
;WIPE_END
G1 Z8.84 F9000
;AFTER_LAYER_CHANGE
;8.84
G1 X142.645 Y133.98
G1 E5 F2400
;TYPE:Perimeter
;WIDTH:0.389636
G1 F900
G1 X142.645 Y126.02 E.09861
G1 X143.043 Y125.623 F9000
;WIDTH:0.439999
G1 F900
G1 X143.043 Y126.02 E.00558
G1 X143.043 Y134.377 E.11753
G1 X142.248 Y134.377 E.01118
G1 X142.248 Y125.623 E.12311
G1 X142.983 Y125.623 E.01034
G1 X143.456 Y125.21 F9000
;TYPE:External perimeter
;WIDTH:0.419999
G1 F900
G1 X143.456 Y126.02 E.01085
G1 X143.456 Y134.79 E.1175
G1 X141.835 Y134.79 E.02172
G1 X141.835 Y125.21 E.12835
G1 X143.396 Y125.21 E.02091
G1 E-3.5 F3600
;WIPE_START
G1 F7200
G1 X143.456 Y125.21 E-.0285
G1 X143.456 Y126.02 E-.38475
G1 X143.456 Y128.308 E-1.08675
;WIPE_END
G1 X134.105 Y133.98 F9000
G1 E5 F2400
;TYPE:Perimeter
;WIDTH:0.389638
G1 F900
G1 X134.105 Y126.02 E.09861
G1 X133.707 Y125.623 F9000
;WIDTH:0.439999
G1 F900
G1 X134.502 Y125.623 E.01118
G1 X134.502 Y126.02 E.00558
G1 X134.502 Y134.377 E.11753
G1 X133.707 Y134.377 E.01118
G1 X133.707 Y125.683 E.12227
G1 X133.294 Y125.21 F9000
;TYPE:External perimeter
;WIDTH:0.419999
G1 F900
G1 X134.915 Y125.21 E.02172
G1 X134.915 Y126.02 E.01085
G1 X134.915 Y134.79 E.1175
G1 X133.294 Y134.79 E.02172
G1 X133.294 Y125.27 E.12755
;LAYER_CHANGE
;Z:8.92
;HEIGHT:0.0799999
;BEFORE_LAYER_CHANGE
G92 E0
;8.92


G1 E-3.5 F3600
;WIPE_START
G1 F7200
G1 X133.294 Y125.21 E-.0285
G1 X134.915 Y125.21 E-.76997
G1 X134.915 Y126.02 E-.38475
G1 X134.915 Y126.687 E-.31678
;WIPE_END
G1 Z8.92 F9000
;AFTER_LAYER_CHANGE
;8.92
G1 X142.625 Y134
G1 E5 F2400
;TYPE:Perimeter
;WIDTH:0.348124
G1 F900
G1 X142.625 Y126 E.08806
G1 X143.002 Y125.623 F9000
;WIDTH:0.439999
G1 F900
G1 X143.002 Y126 E.0053
G1 X143.002 Y134.377 E.11781
G1 X142.248 Y134.377 E.0106
G1 X142.248 Y125.623 E.12311
G1 X142.942 Y125.623 E.00976
G1 X143.414 Y125.21 F9000
;TYPE:External perimeter
;WIDTH:0.419999
G1 F900
G1 X143.414 Y126 E.01058
G1 X143.414 Y134.79 E.11777
G1 X141.835 Y134.79 E.02116
G1 X141.835 Y125.21 E.12835
G1 X143.354 Y125.21 E.02035
G1 E-3.5 F3600
;WIPE_START
G1 F7200
G1 X143.414 Y125.21 E-.0285
G1 X143.414 Y126 E-.37525
G1 X143.414 Y128.308 E-1.09625
;WIPE_END
G1 X134.125 Y134 F9000
G1 E5 F2400
;TYPE:Perimeter
;WIDTH:0.348126
G1 F900
G1 X134.125 Y126 E.08806
G1 X133.748 Y125.623 F9000
;WIDTH:0.439999
G1 F900
G1 X134.502 Y125.623 E.0106
G1 X134.502 Y126 E.0053
G1 X134.502 Y134.377 E.11781
G1 X133.748 Y134.377 E.0106
G1 X133.748 Y125.683 E.12227
G1 X133.336 Y125.21 F9000
;TYPE:External perimeter
;WIDTH:0.419999
G1 F900
G1 X134.915 Y125.21 E.02116
G1 X134.915 Y126 E.01058
G1 X134.915 Y134.79 E.11777
G1 X133.336 Y134.79 E.02116
G1 X133.336 Y125.27 E.12755
;LAYER_CHANGE
;Z:9
;HEIGHT:0.0799999
;BEFORE_LAYER_CHANGE
G92 E0
;9


G1 E-3.5 F3600
;WIPE_START
G1 F7200
G1 X133.336 Y125.21 E-.0285
G1 X134.915 Y125.21 E-.75002
G1 X134.915 Y126 E-.37525
G1 X134.915 Y126.729 E-.34623
;WIPE_END
G1 Z9 F9000
;AFTER_LAYER_CHANGE
;9
G1 X142.32 Y125.695
G1 E5 F2400
;TYPE:Perimeter
;WIDTH:0.584721
G1 F900
G1 X142.888 Y125.695 E.01072
G1 X142.888 Y125.979 E.00536
G1 X142.888 Y134.305 E.15717
G1 X142.32 Y134.305 E.01072
G1 X142.32 Y125.755 E.1614
G1 X141.835 Y125.21 F9000
;TYPE:External perimeter
;WIDTH:0.419999
G1 F900
G1 X143.373 Y125.21 E.02061
G1 X143.373 Y125.979 E.0103
G1 X143.373 Y134.79 E.11805
G1 X141.835 Y134.79 E.02061
G1 X141.835 Y125.27 E.12755
G1 E-3.5 F3600
;WIPE_START
G1 F7200
G1 X141.835 Y125.21 E-.0285
G1 X143.373 Y125.21 E-.73055
G1 X143.373 Y125.979 E-.36527
G1 X143.373 Y126.77 E-.37568
;WIPE_END
G1 X134.43 Y125.695 F9000
G1 E5 F2400
;TYPE:Perimeter
;WIDTH:0.584722
G1 F900
G1 X134.43 Y125.979 E.00536
G1 X134.43 Y134.305 E.15717
G1 X133.862 Y134.305 E.01072
G1 X133.862 Y125.695 E.16253
G1 X134.37 Y125.695 E.00959
G1 X134.915 Y125.21 F9000
;TYPE:External perimeter
;WIDTH:0.419999
G1 F900
G1 X134.915 Y125.979 E.0103
G1 X134.915 Y134.79 E.11805
G1 X133.377 Y134.79 E.02061
G1 X133.377 Y125.21 E.12835
G1 X134.855 Y125.21 E.0198
;LAYER_CHANGE
;Z:9.08
;HEIGHT:0.0799999
;BEFORE_LAYER_CHANGE
G92 E0
;9.08


G1 E-3.5 F3600
;WIPE_START
G1 F7200
G1 X134.915 Y125.21 E-.0285
G1 X134.915 Y125.979 E-.36527
G1 X134.915 Y128.308 E-1.10623
;WIPE_END
G1 Z9.08 F9000
;AFTER_LAYER_CHANGE
;9.08
G1 X142.31 Y125.685
G1 E5 F2400
;TYPE:Perimeter
;WIDTH:0.563966
G1 F900
G1 X142.857 Y125.685 E.00995
G1 X142.857 Y125.958 E.00496
G1 X142.857 Y134.315 E.15199
G1 X142.31 Y134.315 E.00995
G1 X142.31 Y125.745 E.15586
G1 X141.835 Y125.21 F9000
;TYPE:External perimeter
;WIDTH:0.419999
G1 F900
G1 X143.331 Y125.21 E.02004
G1 X143.331 Y125.958 E.01002
G1 X143.331 Y134.79 E.11833
G1 X141.835 Y134.79 E.02004
G1 X141.835 Y125.27 E.12755
G1 E-3.5 F3600
;WIPE_START
G1 F7200
G1 X141.835 Y125.21 E-.0285
G1 X143.331 Y125.21 E-.7106
G1 X143.331 Y125.958 E-.3553
G1 X143.331 Y126.812 E-.4056
;WIPE_END
G1 X134.44 Y125.685 F9000
G1 E5 F2400
;TYPE:Perimeter
;WIDTH:0.563966
G1 F900
G1 X134.44 Y125.958 E.00496
G1 X134.44 Y134.315 E.15199
G1 X133.893 Y134.315 E.00995
G1 X133.893 Y125.685 E.15695
G1 X134.38 Y125.685 E.00886
G1 X134.915 Y125.21 F9000
;TYPE:External perimeter
;WIDTH:0.419999
G1 F900
G1 X134.915 Y125.958 E.01002
G1 X134.915 Y134.79 E.11833
G1 X133.419 Y134.79 E.02004
G1 X133.419 Y125.21 E.12835
G1 X134.855 Y125.21 E.01924
;LAYER_CHANGE
;Z:9.16
;HEIGHT:0.0799999
;BEFORE_LAYER_CHANGE
G92 E0
;9.16


G1 E-3.5 F3600
;WIPE_START
G1 F7200
G1 X134.915 Y125.21 E-.0285
G1 X134.915 Y125.958 E-.3553
G1 X134.915 Y128.308 E-1.1162
;WIPE_END
G1 Z9.16 F9000
;AFTER_LAYER_CHANGE
;9.16
G1 X142.299 Y125.674
G1 E5 F2400
;TYPE:Perimeter
;WIDTH:0.543209
G1 F900
G1 X142.825 Y125.674 E.0092
G1 X142.825 Y125.937 E.0046
G1 X142.825 Y134.326 E.14678
G1 X142.299 Y134.326 E.0092
G1 X142.299 Y125.734 E.15033
G1 X141.835 Y125.21 F9000
;TYPE:External perimeter
;WIDTH:0.419999
G1 F900
G1 X143.29 Y125.21 E.01949
G1 X143.29 Y125.937 E.00974
G1 X143.29 Y134.79 E.11861
G1 X141.835 Y134.79 E.01949
G1 X141.835 Y125.27 E.12755
G1 E-3.5 F3600
;WIPE_START
G1 F7200
G1 X141.835 Y125.21 E-.0285
G1 X143.29 Y125.21 E-.69112
G1 X143.29 Y125.937 E-.34532
G1 X143.29 Y126.853 E-.43506
;WIPE_END
G1 X134.451 Y125.674 F9000
G1 E5 F2400
;TYPE:Perimeter
;WIDTH:0.54321
G1 F900
G1 X134.451 Y125.937 E.0046
G1 X134.451 Y134.326 E.14678
G1 X133.925 Y134.326 E.0092
G1 X133.925 Y125.674 E.15138
G1 X134.391 Y125.674 E.00815
G1 X134.915 Y125.21 F9000
;TYPE:External perimeter
;WIDTH:0.419999
G1 F900
G1 X134.915 Y125.937 E.00974
G1 X134.915 Y134.79 E.11861
G1 X133.46 Y134.79 E.01949
G1 X133.46 Y125.21 E.12835
G1 X134.855 Y125.21 E.01869
;LAYER_CHANGE
;Z:9.24
;HEIGHT:0.0799999
;BEFORE_LAYER_CHANGE
G92 E0
;9.24


G1 E-3.5 F3600
;WIPE_START
G1 F7200
G1 X134.915 Y125.21 E-.0285
G1 X134.915 Y125.937 E-.34532
G1 X134.915 Y128.308 E-1.12618
;WIPE_END
G1 Z9.24 F9000
;AFTER_LAYER_CHANGE
;9.24
G1 X142.285 Y125.66
G1 E5 F2400
;TYPE:Perimeter
;WIDTH:0.515017
G1 F900
G1 X142.783 Y125.66 E.00825
G1 X142.783 Y125.909 E.00412
G1 X142.783 Y134.34 E.1396
G1 X142.285 Y134.34 E.00825
G1 X142.285 Y125.72 E.14273
G1 X141.835 Y125.21 F9000
;TYPE:External perimeter
;WIDTH:0.419999
G1 F900
G1 X143.234 Y125.21 E.01874
G1 X143.234 Y125.909 E.00937
G1 X143.234 Y134.79 E.11899
G1 X141.835 Y134.79 E.01874
G1 X141.835 Y125.27 E.12755
G1 E-3.5 F3600
;WIPE_START
G1 F7200
G1 X141.835 Y125.21 E-.0285
G1 X143.234 Y125.21 E-.66453
G1 X143.234 Y125.909 E-.33202
G1 X143.234 Y126.909 E-.47495
;WIPE_END
G1 X134.465 Y125.66 F9000
G1 E5 F2400
;TYPE:Perimeter
;WIDTH:0.515018
G1 F900
G1 X134.465 Y125.909 E.00412
G1 X134.465 Y134.34 E.13961
G1 X133.967 Y134.34 E.00825
G1 X133.967 Y125.66 E.14373
G1 X134.405 Y125.66 E.00725
G1 X134.915 Y125.21 F9000
;TYPE:External perimeter
;WIDTH:0.419999
G1 F900
G1 X134.915 Y125.909 E.00937
G1 X134.915 Y134.79 E.11899
G1 X133.516 Y134.79 E.01874
G1 X133.516 Y125.21 E.12835
G1 X134.855 Y125.21 E.01794
;LAYER_CHANGE
;Z:9.32
;HEIGHT:0.0799999
;BEFORE_LAYER_CHANGE
G92 E0
;9.32


G1 E-3.5 F3600
;WIPE_START
G1 F7200
G1 X134.915 Y125.21 E-.0285
G1 X134.915 Y125.909 E-.33202
G1 X134.915 Y128.308 E-1.13948
;WIPE_END
G1 Z9.32 F9000
;AFTER_LAYER_CHANGE
;9.32
G1 X142.271 Y125.646
G1 E5 F2400
;TYPE:Perimeter
;WIDTH:0.486737
G1 F900
G1 X142.741 Y125.646 E.00734
G1 X142.741 Y125.881 E.00367
G1 X142.741 Y134.354 E.13233
G1 X142.271 Y134.354 E.00734
G1 X142.271 Y125.706 E.13506
G1 X141.835 Y125.21 F9000
;TYPE:External perimeter
;WIDTH:0.419999
G1 F900
G1 X143.177 Y125.21 E.01798
G1 X143.177 Y125.881 E.00899
G1 X143.177 Y134.79 E.11936
G1 X141.835 Y134.79 E.01798
G1 X141.835 Y125.27 E.12755
G1 E-3.5 F3600
;WIPE_START
G1 F7200
G1 X141.835 Y125.21 E-.0285
G1 X143.177 Y125.21 E-.63745
G1 X143.177 Y125.881 E-.31872
G1 X143.177 Y126.966 E-.51533
;WIPE_END
G1 X134.479 Y125.646 F9000
G1 E5 F2400
;TYPE:Perimeter
;WIDTH:0.486737
G1 F900
G1 X134.479 Y125.881 E.00367
G1 X134.479 Y134.354 E.13233
G1 X134.009 Y134.354 E.00734
G1 X134.009 Y125.646 E.136
G1 X134.419 Y125.646 E.0064
G1 X134.915 Y125.21 F9000
;TYPE:External perimeter
;WIDTH:0.419999
G1 F900
G1 X134.915 Y125.881 E.00899
G1 X134.915 Y134.79 E.11936
G1 X133.573 Y134.79 E.01798
G1 X133.573 Y125.21 E.12835
G1 X134.855 Y125.21 E.01718
;LAYER_CHANGE
;Z:9.4
;HEIGHT:0.0799999
;BEFORE_LAYER_CHANGE
G92 E0
;9.4


G1 E-3.5 F3600
;WIPE_START
G1 F7200
G1 X134.915 Y125.21 E-.0285
G1 X134.915 Y125.881 E-.31872
G1 X134.915 Y128.308 E-1.15278
;WIPE_END
G1 Z9.4 F9000
;AFTER_LAYER_CHANGE
;9.4
G1 X142.257 Y125.632
G1 E5 F2400
;TYPE:Perimeter
;WIDTH:0.458456
G1 F900
G1 X142.698 Y125.632 E.00647
G1 X142.698 Y125.853 E.00324
G1 X142.698 Y134.368 E.12498
G1 X142.257 Y134.368 E.00647
G1 X142.257 Y125.692 E.12734
G1 X141.835 Y125.21 F9000
;TYPE:External perimeter
;WIDTH:0.419999
G1 F900
G1 X143.12 Y125.21 E.01722
G1 X143.12 Y125.853 E.00862
G1 X143.12 Y134.79 E.11974
G1 X141.835 Y134.79 E.01722
G1 X141.835 Y125.27 E.12755
G1 E-3.5 F3600
;WIPE_START
G1 F7200
G1 X141.835 Y125.21 E-.0285
G1 X143.12 Y125.21 E-.61037
G1 X143.12 Y125.853 E-.30543
G1 X143.12 Y127.023 E-.5557
;WIPE_END
G1 X134.493 Y125.632 F9000
G1 E5 F2400
;TYPE:Perimeter
;WIDTH:0.458457
G1 F900
G1 X134.493 Y125.853 E.00324
G1 X134.493 Y134.368 E.12498
G1 X134.052 Y134.368 E.00647
G1 X134.052 Y125.632 E.12822
G1 X134.433 Y125.632 E.00559
G1 X134.915 Y125.21 F9000
;TYPE:External perimeter
;WIDTH:0.419999
G1 F900
G1 X134.915 Y125.853 E.00862
G1 X134.915 Y134.79 E.11974
G1 X133.63 Y134.79 E.01722
G1 X133.63 Y125.21 E.12835
G1 X134.855 Y125.21 E.01641
;LAYER_CHANGE
;Z:9.48
;HEIGHT:0.0799999
;BEFORE_LAYER_CHANGE
G92 E0
;9.48


G1 E-3.5 F3600
;WIPE_START
G1 F7200
G1 X134.915 Y125.21 E-.0285
G1 X134.915 Y125.853 E-.30543
G1 X134.915 Y128.308 E-1.16607
;WIPE_END
G1 Z9.48 F9000
;AFTER_LAYER_CHANGE
;9.48
G1 X142.243 Y125.618
G1 E5 F2400
;TYPE:Perimeter
;WIDTH:0.430176
G1 F900
G1 X142.656 Y125.618 E.00567
G1 X142.656 Y125.824 E.00283
G1 X142.656 Y134.382 E.11756
G1 X142.243 Y134.382 E.00567
G1 X142.243 Y125.678 E.11956
G1 X141.835 Y125.21 F9000
;TYPE:External perimeter
;WIDTH:0.419999
G1 F900
G1 X143.064 Y125.21 E.01647
G1 X143.064 Y125.824 E.00823
G1 X143.064 Y134.79 E.12013
G1 X141.835 Y134.79 E.01647
G1 X141.835 Y125.27 E.12755
G1 E-3.5 F3600
;WIPE_START
G1 F7200
G1 X141.835 Y125.21 E-.0285
G1 X143.064 Y125.21 E-.58377
G1 X143.064 Y125.824 E-.29165
G1 X143.064 Y127.079 E-.59608
;WIPE_END
G1 X134.507 Y125.618 F9000
G1 E5 F2400
;TYPE:Perimeter
;WIDTH:0.430177
G1 F900
G1 X134.507 Y125.824 E.00283
G1 X134.507 Y134.382 E.11756
G1 X134.094 Y134.382 E.00567
G1 X134.094 Y125.618 E.12039
G1 X134.447 Y125.618 E.00485
G1 X134.915 Y125.21 F9000
;TYPE:External perimeter
;WIDTH:0.419999
G1 F900
G1 X134.915 Y125.824 E.00823
G1 X134.915 Y134.79 E.12013
G1 X133.686 Y134.79 E.01647
G1 X133.686 Y125.21 E.12835
G1 X134.855 Y125.21 E.01566
;LAYER_CHANGE
;Z:9.56
;HEIGHT:0.0800009
;BEFORE_LAYER_CHANGE
G92 E0
;9.56


G1 E-3.5 F3600
;WIPE_START
G1 F7200
G1 X134.915 Y125.21 E-.0285
G1 X134.915 Y125.824 E-.29165
G1 X134.915 Y128.308 E-1.17985
;WIPE_END
G1 Z9.56 F9000
;AFTER_LAYER_CHANGE
;9.56
G1 X142.229 Y125.604
G1 E5 F2400
;TYPE:Perimeter
;WIDTH:0.401895
G1 F900
G1 X142.614 Y125.604 E.00493
G1 X142.614 Y125.796 E.00246
G1 X142.614 Y134.396 E.11005
G1 X142.229 Y134.396 E.00493
G1 X142.229 Y125.664 E.11174
G1 X141.835 Y125.21 F9000
;TYPE:External perimeter
;WIDTH:0.419999
G1 F900
G1 X143.007 Y125.21 E.0157
G1 X143.007 Y125.796 E.00785
G1 X143.007 Y134.79 E.1205
G1 X141.835 Y134.79 E.0157
G1 X141.835 Y125.27 E.12755
G1 E-3.5 F3600
;WIPE_START
G1 F7200
G1 X141.835 Y125.21 E-.0285
G1 X143.007 Y125.21 E-.5567
G1 X143.007 Y125.796 E-.27835
G1 X143.007 Y127.136 E-.63645
;WIPE_END
G1 X134.521 Y125.604 F9000
G1 E5 F2400
;TYPE:Perimeter
;WIDTH:0.401896
G1 F900
G1 X134.521 Y125.796 E.00246
G1 X134.521 Y134.396 E.11005
G1 X134.136 Y134.396 E.00493
G1 X134.136 Y125.604 E.1125
G1 X134.461 Y125.604 E.00416
G1 X134.915 Y125.21 F9000
;TYPE:External perimeter
;WIDTH:0.419999
G1 F900
G1 X134.915 Y125.796 E.00785
G1 X134.915 Y134.79 E.1205
G1 X133.743 Y134.79 E.0157
G1 X133.743 Y125.21 E.12835
G1 X134.855 Y125.21 E.0149
;LAYER_CHANGE
;Z:9.64
;HEIGHT:0.0799999
;BEFORE_LAYER_CHANGE
G92 E0
;9.64


G1 E-3.5 F3600
;WIPE_START
G1 F7200
G1 X134.915 Y125.21 E-.0285
G1 X134.915 Y125.796 E-.27835
G1 X134.915 Y128.308 E-1.19315
;WIPE_END
G1 Z9.64 F9000
;AFTER_LAYER_CHANGE
;9.64
G1 X142.215 Y125.59
G1 E5 F2400
;TYPE:Perimeter
;WIDTH:0.373615
G1 F900
G1 X142.571 Y125.59 E.00422
G1 X142.571 Y125.768 E.00211
G1 X142.571 Y134.41 E.10246
G1 X142.215 Y134.41 E.00422
G1 X142.215 Y125.65 E.10385
G1 X141.835 Y125.21 F9000
;TYPE:External perimeter
;WIDTH:0.419999
G1 F900
G1 X142.951 Y125.21 E.01495
G1 X142.951 Y125.768 E.00748
G1 X142.951 Y134.79 E.12088
G1 X141.835 Y134.79 E.01495
G1 X141.835 Y125.27 E.12755
G1 E-3.5 F3600
;WIPE_START
G1 F7200
G1 X141.835 Y125.21 E-.0285
G1 X142.951 Y125.21 E-.5301
G1 X142.951 Y125.768 E-.26505
G1 X142.951 Y127.192 E-.67635
;WIPE_END
G1 X134.535 Y125.59 F9000
G1 E5 F2400
;TYPE:Perimeter
;WIDTH:0.373616
G1 F900
G1 X134.535 Y125.768 E.00211
G1 X134.535 Y134.41 E.10246
G1 X134.179 Y134.41 E.00422
G1 X134.179 Y125.59 E.10457
G1 X134.475 Y125.59 E.00351
G1 X134.915 Y125.21 F9000
;TYPE:External perimeter
;WIDTH:0.419999
G1 F900
G1 X134.915 Y125.768 E.00748
G1 X134.915 Y134.79 E.12088
G1 X133.799 Y134.79 E.01495
G1 X133.799 Y125.21 E.12835
G1 X134.855 Y125.21 E.01415
;LAYER_CHANGE
;Z:9.72
;HEIGHT:0.0799999
;BEFORE_LAYER_CHANGE
G92 E0
;9.72


G1 E-3.5 F3600
;WIPE_START
G1 F7200
G1 X134.915 Y125.21 E-.0285
G1 X134.915 Y125.768 E-.26505
G1 X134.915 Y128.308 E-1.20645
;WIPE_END
G1 Z9.72 F9000
;AFTER_LAYER_CHANGE
;9.72
G1 X142.365 Y134.26
G1 E5 F2400
;TYPE:Perimeter
;WIDTH:0.673502
G1 F900
G1 X142.365 Y125.74 E.18599
G1 X141.835 Y125.21 F9000
;TYPE:External perimeter
;WIDTH:0.419999
G1 F900
G1 X142.894 Y125.21 E.01419
G1 X142.894 Y125.74 E.0071
G1 X142.894 Y134.79 E.12125
G1 X141.835 Y134.79 E.01419
G1 X141.835 Y125.27 E.12755
G1 E-3.5 F3600
;WIPE_START
G1 F7200
G1 X141.835 Y125.21 E-.0285
G1 X142.894 Y125.21 E-.50302
G1 X142.894 Y125.74 E-.25175
G1 X142.894 Y127.249 E-.71673
;WIPE_END
G1 X134.385 Y134.26 F9000
G1 E5 F2400
;TYPE:Perimeter
;WIDTH:0.673504
G1 F900
G1 X134.385 Y125.74 E.18599
G1 X133.856 Y125.21 F9000
;TYPE:External perimeter
;WIDTH:0.419999
G1 F900
G1 X134.915 Y125.21 E.01419
G1 X134.915 Y125.74 E.0071
G1 X134.915 Y134.79 E.12125
G1 X133.856 Y134.79 E.01419
G1 X133.856 Y125.27 E.12755
;LAYER_CHANGE
;Z:9.8
;HEIGHT:0.0799999
;BEFORE_LAYER_CHANGE
G92 E0
;9.8


G1 E-3.5 F3600
;WIPE_START
G1 F7200
G1 X133.856 Y125.21 E-.0285
G1 X134.915 Y125.21 E-.50302
G1 X134.915 Y125.74 E-.25175
G1 X134.915 Y127.249 E-.71673
;WIPE_END
G1 Z9.8 F9000
;AFTER_LAYER_CHANGE
;9.8
G1 X142.336 Y134.289
G1 E5 F2400
;TYPE:Perimeter
;WIDTH:0.616942
G1 F900
G1 X142.336 Y125.711 E.17112
G1 X141.835 Y125.21 F9000
;TYPE:External perimeter
;WIDTH:0.419999
G1 F900
G1 X142.838 Y125.21 E.01344
G1 X142.838 Y125.711 E.00671
G1 X142.838 Y134.79 E.12164
G1 X141.835 Y134.79 E.01344
G1 X141.835 Y125.27 E.12755
G1 E-3.5 F3600
;WIPE_START
G1 F7200
G1 X141.835 Y125.21 E-.0285
G1 X142.838 Y125.21 E-.47642
G1 X142.838 Y125.711 E-.23797
G1 X142.838 Y127.305 E-.75711
;WIPE_END
G1 X134.414 Y134.289 F9000
G1 E5 F2400
;TYPE:Perimeter
;WIDTH:0.616942
G1 F900
G1 X134.414 Y125.711 E.17112
G1 X134.915 Y125.21 F9000
;TYPE:External perimeter
;WIDTH:0.419999
G1 F900
G1 X134.915 Y125.711 E.00671
G1 X134.915 Y134.79 E.12164
G1 X133.912 Y134.79 E.01344
G1 X133.912 Y125.21 E.12835
G1 X134.855 Y125.21 E.01263
;LAYER_CHANGE
;Z:9.88
;HEIGHT:0.0799999
;BEFORE_LAYER_CHANGE
G92 E0
;9.88


G1 E-3.5 F3600
;WIPE_START
G1 F7200
G1 X134.915 Y125.21 E-.0285
G1 X134.915 Y125.711 E-.23797
G1 X134.915 Y128.308 E-1.23353
;WIPE_END
G1 Z9.88 F9000
;AFTER_LAYER_CHANGE
;9.88
G1 X142.302 Y134.323
G1 E5 F2400
;TYPE:Perimeter
;WIDTH:0.549046
G1 F900
G1 X142.302 Y125.677 E.15295
G1 X141.835 Y125.21 F9000
;TYPE:External perimeter
;WIDTH:0.419999
G1 F900
G1 X142.77 Y125.21 E.01253
G1 X142.77 Y125.677 E.00626
G1 X142.77 Y134.79 E.1221
G1 X141.835 Y134.79 E.01253
G1 X141.835 Y125.27 E.12755
G1 E-3.5 F3600
;WIPE_START
G1 F7200
G1 X141.835 Y125.21 E-.0285
G1 X142.77 Y125.21 E-.44413
G1 X142.77 Y125.677 E-.22182
G1 X142.77 Y127.373 E-.80555
;WIPE_END
G1 X134.448 Y134.323 F9000
G1 E5 F2400
;TYPE:Perimeter
;WIDTH:0.549046
G1 F900
G1 X134.448 Y125.677 E.15295
G1 X134.915 Y125.21 F9000
;TYPE:External perimeter
;WIDTH:0.419999
G1 F900
G1 X134.915 Y125.677 E.00626
G1 X134.915 Y134.79 E.1221
G1 X133.98 Y134.79 E.01253
G1 X133.98 Y125.21 E.12835
G1 X134.855 Y125.21 E.01172
;LAYER_CHANGE
;Z:9.96
;HEIGHT:0.0799999
;BEFORE_LAYER_CHANGE
G92 E0
;9.96


G1 E-3.5 F3600
;WIPE_START
G1 F7200
G1 X134.915 Y125.21 E-.0285
G1 X134.915 Y125.677 E-.22182
G1 X134.915 Y128.308 E-1.24968
;WIPE_END
G1 Z9.96 F9000
;AFTER_LAYER_CHANGE
;9.96
G1 X142.265 Y134.36
G1 E5 F2400
;TYPE:Perimeter
;WIDTH:0.474192
G1 F900
G1 X142.265 Y125.64 E.13255
G1 X142.695 Y125.21 F9000
;TYPE:External perimeter
;WIDTH:0.419999
G1 F900
G1 X142.695 Y125.64 E.00576
G1 X142.695 Y134.79 E.12259
G1 X141.835 Y134.79 E.01152
G1 X141.835 Y125.21 E.12835
G1 X142.635 Y125.21 E.01072
G1 E-3.5 F3600
;WIPE_START
G1 F7200
G1 X142.695 Y125.21 E-.0285
G1 X142.695 Y125.64 E-.20425
G1 X142.695 Y128.308 E-1.26725
;WIPE_END
G1 X134.485 Y134.36 F9000
G1 E5 F2400
;TYPE:Perimeter
;WIDTH:0.474194
G1 F900
G1 X134.485 Y125.64 E.13255
G1 X134.055 Y125.21 F9000
;TYPE:External perimeter
;WIDTH:0.419999
G1 F900
G1 X134.915 Y125.21 E.01152
G1 X134.915 Y125.64 E.00576
G1 X134.915 Y134.79 E.12259
G1 X134.055 Y134.79 E.01152
G1 X134.055 Y125.27 E.12755
;LAYER_CHANGE
;Z:10.04
;HEIGHT:0.0799999
;BEFORE_LAYER_CHANGE
G92 E0
;10.04


G1 E-3.5 F3600
;WIPE_START
G1 F7200
G1 X134.055 Y125.21 E-.0285
G1 X134.915 Y125.21 E-.4085
G1 X134.915 Y125.64 E-.20425
G1 X134.915 Y127.448 E-.85875
;WIPE_END
G1 Z10.04 F9000
;AFTER_LAYER_CHANGE
;10.04
G1 X142.228 Y134.397
G1 E5 F2400
;TYPE:Perimeter
;WIDTH:0.39934
G1 F900
G1 X142.228 Y125.603 E.11178
G1 X141.835 Y125.21 F9000
;TYPE:External perimeter
;WIDTH:0.419999
G1 F900
G1 X142.62 Y125.21 E.01052
G1 X142.62 Y125.603 E.00527
G1 X142.62 Y134.79 E.12309
G1 X141.835 Y134.79 E.01052
G1 X141.835 Y125.27 E.12755
G1 E-3.5 F3600
;WIPE_START
G1 F7200
G1 X141.835 Y125.21 E-.0285
G1 X142.62 Y125.21 E-.37287
G1 X142.62 Y125.603 E-.18668
G1 X142.62 Y127.523 E-.91195
;WIPE_END
G1 X134.523 Y134.397 F9000
G1 E5 F2400
;TYPE:Perimeter
;WIDTH:0.39934
G1 F900
G1 X134.523 Y125.603 E.11178
G1 X134.915 Y125.21 F9000
;TYPE:External perimeter
;WIDTH:0.419999
G1 F900
G1 X134.915 Y125.603 E.00527
G1 X134.915 Y134.79 E.12309
G1 X134.13 Y134.79 E.01052
G1 X134.13 Y125.21 E.12835
G1 X134.855 Y125.21 E.00971
;LAYER_CHANGE
;Z:10.12
;HEIGHT:0.0799999
;BEFORE_LAYER_CHANGE
G92 E0
;10.12


G1 E-3.5 F3600
;WIPE_START
G1 F7200
G1 X134.915 Y125.21 E-.0285
G1 X134.915 Y125.603 E-.18668
G1 X134.915 Y128.308 E-1.28482
;WIPE_END
G1 Z10.12 F9000
;AFTER_LAYER_CHANGE
;10.12
G1 X141.922 Y125.283
G1 E5 F2400
;WIDTH:0.566966
G1 F900
G1 X142.472 Y125.283 E.01006
G1 X142.472 Y125.558 E.00503
G1 X142.472 Y134.717 E.16748
G1 X141.922 Y134.717 E.01006
G1 X141.922 Y125.343 E.17142
G1 E-3.5 F3600
;WIPE_START
G1 F7200
G1 X141.922 Y125.283 E-.0285
G1 X142.472 Y125.283 E-.26125
G1 X142.472 Y125.558 E-.13063
G1 X142.472 Y127.831 E-1.07962
;WIPE_END
G1 X134.828 Y125.283 F9000
G1 E5 F2400
G1 F900
G1 X134.828 Y125.558 E.00503
G1 X134.828 Y134.717 E.16748
G1 X134.278 Y134.717 E.01006
G1 X134.278 Y125.283 E.17251
G1 X134.768 Y125.283 E.00896
;LAYER_CHANGE
;Z:10.2
;HEIGHT:0.0799999
;BEFORE_LAYER_CHANGE
G92 E0
;10.2


G1 E-3.5 F3600
;WIPE_START
G1 F7200
G1 X134.828 Y125.283 E-.0285
G1 X134.828 Y125.558 E-.13063
G1 X134.828 Y128.381 E-1.34087
;WIPE_END
G1 Z10.2 F9000
;AFTER_LAYER_CHANGE
;10.2
G1 X141.917 Y125.26
G1 E5 F2400
;WIDTH:0.520085
G1 F900
G1 X142.42 Y125.26 E.00841
G1 X142.42 Y125.512 E.00422
G1 X142.42 Y134.74 E.15436
G1 X141.917 Y134.74 E.00841
G1 X141.917 Y125.32 E.15757
G1 E-3.5 F3600
;WIPE_START
G1 F7200
G1 X141.917 Y125.26 E-.0285
G1 X142.42 Y125.26 E-.23893
G1 X142.42 Y125.512 E-.1197
G1 X142.42 Y127.855 E-1.11287
;WIPE_END
G1 X134.833 Y125.26 F9000
G1 E5 F2400
G1 F900
G1 X134.833 Y125.512 E.00422
G1 X134.833 Y134.74 E.15436
G1 X134.33 Y134.74 E.00841
G1 X134.33 Y125.26 E.15857
G1 X134.773 Y125.26 E.00741
;LAYER_CHANGE
;Z:10.28
;HEIGHT:0.0799999
;BEFORE_LAYER_CHANGE
G92 E0
;10.28


G1 E-3.5 F3600
;WIPE_START
G1 F7200
G1 X134.833 Y125.26 E-.0285
G1 X134.833 Y125.512 E-.1197
G1 X134.833 Y128.358 E-1.3518
;WIPE_END
G1 Z10.28 F9000
;AFTER_LAYER_CHANGE
;10.28
G1 X141.913 Y125.237
G1 E5 F2400
;WIDTH:0.473204
G1 F900
G1 X142.369 Y125.237 E.00692
G1 X142.369 Y125.465 E.00346
G1 X142.369 Y134.763 E.14103
G1 X141.913 Y134.763 E.00692
G1 X141.913 Y125.297 E.14358
G1 E-3.5 F3600
;WIPE_START
G1 F7200
G1 X141.913 Y125.237 E-.0285
G1 X142.369 Y125.237 E-.2166
G1 X142.369 Y125.465 E-.1083
G1 X142.369 Y127.879 E-1.1466
;WIPE_END
G1 X134.837 Y125.237 F9000
G1 E5 F2400
G1 F900
G1 X134.837 Y125.465 E.00346
G1 X134.837 Y134.763 E.14103
G1 X134.381 Y134.763 E.00692
G1 X134.381 Y125.237 E.14449
G1 X134.777 Y125.237 E.00601
;LAYER_CHANGE
;Z:10.36
;HEIGHT:0.0799999
;BEFORE_LAYER_CHANGE
G92 E0
;10.36


G1 E-3.5 F3600
;WIPE_START
G1 F7200
G1 X134.837 Y125.237 E-.0285
G1 X134.837 Y125.465 E-.1083
G1 X134.837 Y128.335 E-1.3632
;WIPE_END
G1 Z10.36 F9000
;AFTER_LAYER_CHANGE
;10.36
G1 X141.941 Y125.202
G1 E5 F2400
;WIDTH:0.404504
G1 F900
G1 X142.328 Y125.202 E.00499
G1 X142.328 Y125.396 E.0025
G1 X142.328 Y134.798 E.12112
G1 X141.941 Y134.798 E.00499
G1 X141.941 Y125.262 E.12285
G1 E-3.5 F3600
;WIPE_START
G1 F7200
G1 X141.941 Y125.202 E-.0285
G1 X142.328 Y125.202 E-.18383
G1 X142.328 Y125.396 E-.09215
G1 X142.328 Y127.913 E-1.19552
;WIPE_END
G1 X134.809 Y125.202 F9000
G1 E5 F2400
G1 F900
G1 X134.809 Y125.396 E.0025
G1 X134.809 Y134.798 E.12112
G1 X134.422 Y134.798 E.00499
G1 X134.422 Y125.202 E.12362
G1 X134.749 Y125.202 E.00421
;LAYER_CHANGE
;Z:10.44
;HEIGHT:0.0799999
;BEFORE_LAYER_CHANGE
G92 E0
;10.44


G1 E-3.5 F3600
;WIPE_START
G1 F7200
G1 X134.809 Y125.202 E-.0285
G1 X134.809 Y125.396 E-.09215
G1 X134.809 Y128.3 E-1.37935
;WIPE_END
G1 Z10.44 F9000
;AFTER_LAYER_CHANGE
;10.44
G1 X142.126 Y134.679
G1 E5 F2400
;WIDTH:0.641212
G1 F900
G1 X142.126 Y125.321 E.19423
G1 E-3.5 F3600
;WIPE_START
G1 F7200
G1 X142.126 Y128.479 E-1.5
;WIPE_END
G1 X134.624 Y134.679 F9000
G1 E5 F2400
G1 F900
G1 X134.624 Y125.321 E.19423
;LAYER_CHANGE
;Z:10.52
;HEIGHT:0.0800009
;BEFORE_LAYER_CHANGE
G92 E0
;10.52


G1 E-3.5 F3600
;WIPE_START
G1 F7200
G1 X134.624 Y128.479 E-1.5
;WIPE_END
G1 Z10.52 F9000
;AFTER_LAYER_CHANGE
;10.52
G1 X142.131 Y134.824
G1 E5 F2400
;WIDTH:0.357168
G1 F900
G1 X142.131 Y125.176 E.1091
G1 E-3.5 F3600
;WIPE_START
G1 F7200
G1 X142.131 Y128.334 E-1.5
;WIPE_END
G1 X134.619 Y134.824 F9000
G1 E5 F2400
G1 F900
G1 X134.619 Y125.176 E.1091
; stop printing object AgarreColganteCabina_v03.stl id:0 copy 0
G1 E-3.5 F3600
;WIPE_START
G1 F7200;_WIPE
G1 X134.619 Y128.334 E-1.5
;WIPE_END
M107
;TYPE:Custom
; Filament-specific end gcode 
;END gcode for filament
G1 Z12.52 F600 ; Move print bed down
G1 X50 Y50 F9000 ; move print head out of the way
G1 Z390 F600 ; Move print bed close to the bottom
M140 S0 ; turn off heatbed
M104 S0 ; turn off temperature
M107 ; turn off fan
M84 X Y E ; disable motors
; objects_info = {"objects":[{"name":"AgarreColganteCabina_v03.stl id:0 copy 0","polygon":[[126.192,120.844],[127.300,121.074],[128.372,121.436],[129.391,121.928],[130.343,122.539],[131.213,123.263],[131.988,124.087],[132.657,125.000],[144.375,125.000],[144.375,135.000],[132.657,135.000],[131.988,135.913],[131.213,136.737],[130.343,137.461],[129.391,138.072],[128.372,138.564],[127.300,138.926],[126.192,139.156],[125.064,139.248],[123.934,139.202],[122.817,139.018],[121.732,138.699],[120.693,138.251],[119.717,137.678],[118.818,136.991],[118.010,136.199],[117.304,135.314],[116.712,134.350],[116.242,133.321],[115.901,132.242],[115.694,131.129],[115.625,130.000],[115.694,128.871],[115.901,127.758],[116.242,126.679],[116.712,125.650],[117.304,124.686],[118.010,123.801],[118.818,123.009],[119.717,122.322],[120.693,121.749],[121.732,121.301],[122.817,120.982],[123.934,120.798],[125.064,120.752]]}]}
; filament used [mm] = 517.55
; filament used [cm3] = 1.24
; filament used [g] = 1.54
; filament cost = 0.03
; total filament used [g] = 1.54
; total filament cost = 0.03
; total filament used for wipe tower [g] = 0.00
; estimated printing time (normal mode) = 36m 41s
; estimated first layer printing time (normal mode) = 1m 19s

; prusaslicer_config = begin
; arc_fitting = disabled
; autoemit_temperature_commands = 1
; automatic_extrusion_widths = 0
; automatic_infill_combination = 0
; automatic_infill_combination_max_layer_height = 100%
; avoid_crossing_curled_overhangs = 0
; avoid_crossing_perimeters = 0
; avoid_crossing_perimeters_max_detour = 0
; bed_custom_model = 
; bed_custom_texture = 
; bed_shape = 5x5,255x5,255x255,5x255
; bed_temperature = 60
; bed_temperature_extruder = 0
; before_layer_gcode = ;BEFORE_LAYER_CHANGE\nG92 E0\n;{layer_z}\n\n
; between_objects_gcode = 
; binary_gcode = 0
; bottom_fill_pattern = monotonic
; bottom_solid_layers = 9
; bottom_solid_min_thickness = 0
; bridge_acceleration = 250
; bridge_angle = 0
; bridge_fan_speed = 100
; bridge_flow_ratio = 0.7
; bridge_speed = 25
; brim_separation = 0
; brim_type = outer_only
; brim_width = 0
; chamber_minimal_temperature = 0
; chamber_temperature = 0
; color_change_gcode = M600
; colorprint_heights = 
; compatible_printers_condition_cummulative = "printer_model=~/(ENDER|CR|SERMOON).*/ and nozzle_diameter[0]==0.4";printer_notes=~/.*PRINTER_VENDOR_CREALITY.*/
; complete_objects = 0
; cooling = 1
; cooling_perimeter_transition_distance = 0
; cooling_slowdown_logic = uniform_cooling
; cooling_tube_length = 5
; cooling_tube_retraction = 91.5
; custom_parameters_filament = ""
; custom_parameters_print = 
; custom_parameters_printer = 
; default_acceleration = 500
; default_filament_profile = "Generic PLA @CREALITY"
; default_print_profile = "0.16 mm OPTIMAL (0.4 mm nozzle) @CREALITY"
; deretract_speed = 40
; disable_fan_first_layers = 1
; dont_support_bridges = 1
; draft_shield = disabled
; duplicate_distance = 6
; elefant_foot_compensation = 0.1
; enable_dynamic_fan_speeds = 0
; enable_dynamic_overhang_speeds = 0
; end_filament_gcode = "; Filament-specific end gcode \n;END gcode for filament\n"
; end_gcode = {if max_layer_z < max_print_height}G1 Z{z_offset+min(max_layer_z+2, max_print_height)} F600{endif} ; Move print bed down\nG1 X50 Y50 F{travel_speed*60} ; move print head out of the way\n{if max_layer_z < max_print_height-10}G1 Z{z_offset+max_print_height-10} F600{endif} ; Move print bed close to the bottom\nM140 S0 ; turn off heatbed\nM104 S0 ; turn off temperature\nM107 ; turn off fan\nM84 X Y E ; disable motors
; ensure_vertical_shell_thickness = enabled
; external_perimeter_acceleration = 0
; external_perimeter_extrusion_width = 0.42
; external_perimeter_speed = 25
; external_perimeters_first = 0
; extra_loading_move = -2
; extra_perimeters = 0
; extra_perimeters_on_overhangs = 0
; extruder_clearance_height = 25
; extruder_clearance_radius = 55
; extruder_colour = #FCE94F
; extruder_offset = 0x0
; extrusion_axis = E
; extrusion_multiplier = 1
; extrusion_width = 0.44
; fan_always_on = 1
; fan_below_layer_time = 100
; filament_abrasive = 0
; filament_colour = #DDDDDD
; filament_cooling_final_speed = 3.4
; filament_cooling_initial_speed = 2.2
; filament_cooling_moves = 4
; filament_cost = 20
; filament_density = 1.24
; filament_deretract_speed = nil
; filament_diameter = 1.75
; filament_infill_max_crossing_speed = 0
; filament_infill_max_speed = 0
; filament_load_time = 0
; filament_loading_speed = 28
; filament_loading_speed_start = 3
; filament_max_volumetric_speed = 15
; filament_minimal_purge_on_wipe_tower = 15
; filament_multitool_ramming = 0
; filament_multitool_ramming_flow = 10
; filament_multitool_ramming_volume = 10
; filament_notes = ""
; filament_purge_multiplier = 100%
; filament_ramming_parameters = "120 100 6.6 6.8 7.2 7.6 7.9 8.2 8.7 9.4 9.9 10.0| 0.05 6.6 0.45 6.8 0.95 7.8 1.45 8.3 1.95 9.7 2.45 10 2.95 7.6 3.45 7.6 3.95 7.6 4.45 7.6 4.95 7.6"
; filament_retract_before_travel = nil
; filament_retract_before_wipe = nil
; filament_retract_layer_change = nil
; filament_retract_length = nil
; filament_retract_length_toolchange = nil
; filament_retract_lift = nil
; filament_retract_lift_above = nil
; filament_retract_lift_below = nil
; filament_retract_restart_extra = nil
; filament_retract_restart_extra_toolchange = nil
; filament_retract_speed = nil
; filament_seam_gap_distance = nil
; filament_settings_id = "Generic PLA @CREALITY"
; filament_shrinkage_compensation_xy = 0%
; filament_shrinkage_compensation_z = 0%
; filament_soluble = 0
; filament_spool_weight = 0
; filament_stamping_distance = 0
; filament_stamping_loading_speed = 20
; filament_toolchange_delay = 0
; filament_travel_lift_before_obstacle = nil
; filament_travel_max_lift = nil
; filament_travel_ramping_lift = nil
; filament_travel_slope = nil
; filament_type = PLA
; filament_unload_time = 0
; filament_unloading_speed = 90
; filament_unloading_speed_start = 100
; filament_vendor = Generic
; filament_wipe = nil
; fill_angle = 45
; fill_density = 15%
; fill_pattern = grid
; first_layer_acceleration = 0
; first_layer_acceleration_over_raft = 0
; first_layer_bed_temperature = 60
; first_layer_extrusion_width = 0.42
; first_layer_height = 0.2
; first_layer_infill_speed = 0
; first_layer_speed = 20
; first_layer_speed_over_raft = 30
; first_layer_temperature = 210
; full_fan_speed_layer = 0
; fuzzy_skin = none
; fuzzy_skin_point_dist = 0.8
; fuzzy_skin_thickness = 0.3
; gap_fill_enabled = 1
; gap_fill_speed = 30
; gcode_comments = 0
; gcode_flavor = marlin
; gcode_label_objects = octoprint
; gcode_resolution = 0.0125
; gcode_substitutions = 
; high_current_on_filament_swap = 0
; host_type = prusalink
; idle_temperature = 150
; infill_acceleration = 0
; infill_anchor = 600%
; infill_anchor_max = 50
; infill_every_layers = 1
; infill_extruder = 1
; infill_extrusion_width = 0.44
; infill_first = 0
; infill_overlap = 23%
; infill_speed = 50
; interface_shells = 0
; interlocking_beam = 0
; interlocking_beam_layer_count = 2
; interlocking_beam_width = 0.8
; interlocking_boundary_avoidance = 2
; interlocking_depth = 2
; interlocking_orientation = 22.5
; ironing = 0
; ironing_flowrate = 10%
; ironing_spacing = 0.1
; ironing_speed = 20
; ironing_type = top
; layer_gcode = ;AFTER_LAYER_CHANGE\n;{layer_z}
; layer_height = 0.08
; machine_limits_usage = emit_to_gcode
; machine_max_acceleration_e = 5000
; machine_max_acceleration_extruding = 500
; machine_max_acceleration_retracting = 1000
; machine_max_acceleration_travel = 500
; machine_max_acceleration_x = 500
; machine_max_acceleration_y = 500
; machine_max_acceleration_z = 100
; machine_max_feedrate_e = 60
; machine_max_feedrate_x = 500
; machine_max_feedrate_y = 500
; machine_max_feedrate_z = 10
; machine_max_jerk_e = 5
; machine_max_jerk_x = 8
; machine_max_jerk_y = 8
; machine_max_jerk_z = 0.4
; machine_min_extruding_rate = 0
; machine_min_travel_rate = 0
; max_fan_speed = 100
; max_layer_height = 0.32
; max_print_height = 400
; max_print_speed = 100
; max_volumetric_extrusion_rate_slope_negative = 0
; max_volumetric_extrusion_rate_slope_positive = 0
; max_volumetric_speed = 0
; min_bead_width = 85%
; min_fan_speed = 100
; min_feature_size = 25%
; min_layer_height = 0.06
; min_print_speed = 15
; min_skirt_length = 4
; mmu_segmented_region_interlocking_depth = 0
; mmu_segmented_region_max_width = 0
; multimaterial_purging = 140
; notes = 
; nozzle_diameter = 0.4
; nozzle_high_flow = 0
; only_one_perimeter_first_layer = 0
; only_retract_when_crossing_perimeters = 0
; ooze_prevention = 0
; output_filename_format = {input_filename_base}_{print_time}_{digits(layer_height,1,2)}mm_{temperature[0]}C_{filament_type[0]}_{printer_model}.gcode
; over_bridge_speed = 0
; overhang_fan_speed_0 = 0
; overhang_fan_speed_1 = 0
; overhang_fan_speed_2 = 0
; overhang_fan_speed_3 = 0
; overhang_speed_0 = 15
; overhang_speed_1 = 15
; overhang_speed_2 = 20
; overhang_speed_3 = 25
; overhangs = 0
; parking_pos_retraction = 92
; pause_print_gcode = 
; perimeter_acceleration = 0
; perimeter_extruder = 1
; perimeter_extrusion_width = 0.44
; perimeter_generator = arachne
; perimeter_speed = 40
; perimeters = 3
; physical_printer_settings_id = 
; post_process = 
; prefer_clockwise_movements = 0
; print_settings_id = 0.08 mm SUPERDETAIL (0.4 mm nozzle) @CREALITY
; printer_model = ENDER6
; printer_notes = Don't remove the following keywords! These keywords are used in the "compatible printer" condition of the print and filament profiles to link the particular print and filament profiles to this printer profile.\nPRINTER_VENDOR_CREALITY\nPRINTER_MODEL_ENDER6\nPRINTER_HAS_BOWDEN\nPRINTER_HAS_HIGHSPEED
; printer_settings_id = Creality Ender-6 (0.4 mm nozzle)
; printer_technology = FFF
; printer_variant = 0.4
; printer_vendor = 
; profile_vendor = Creality
; profile_version = 1.1.0
; raft_contact_distance = 0.1
; raft_expansion = 1.5
; raft_first_layer_density = 90%
; raft_first_layer_expansion = 3
; raft_layers = 0
; remaining_times = 0
; resolution = 0
; retract_before_travel = 2
; retract_before_wipe = 70%
; retract_layer_change = 1
; retract_length = 5
; retract_length_toolchange = 1
; retract_lift = 0
; retract_lift_above = 0.2
; retract_lift_below = 0
; retract_restart_extra = 0
; retract_restart_extra_toolchange = 0
; retract_speed = 60
; scarf_seam_entire_loop = 0
; scarf_seam_length = 20
; scarf_seam_max_segment_length = 1
; scarf_seam_on_inner_perimeters = 0
; scarf_seam_only_on_smooth = 1
; scarf_seam_placement = nowhere
; scarf_seam_start_height = 0%
; seam_gap_distance = 15%
; seam_position = nearest
; silent_mode = 0
; single_extruder_multi_material = 0
; single_extruder_multi_material_priming = 0
; skirt_distance = 3
; skirt_height = 2
; skirts = 1
; slice_closing_radius = 0.049
; slicing_mode = regular
; slowdown_below_layer_time = 20
; small_perimeter_speed = 25
; solid_infill_acceleration = 0
; solid_infill_below_area = 0
; solid_infill_every_layers = 0
; solid_infill_extruder = 1
; solid_infill_extrusion_width = 0.44
; solid_infill_speed = 40
; spiral_vase = 0
; staggered_inner_seams = 0
; standby_temperature_delta = -5
; start_filament_gcode = "; Filament gcode\n"
; start_gcode = G90 ; use absolute coordinates\nM83 ; extruder relative mode\nM104 S{is_nil(idle_temperature[0]) ? 150 : idle_temperature[0]} ; set temporary nozzle temp to prevent oozing during homing\nM140 S{first_layer_bed_temperature[0]} ; set final bed temp\nG4 S30 ; allow partial nozzle warmup\nG28 ; home all axis\nG1 Z50 F240\nG1 X2.0 Y10 F3000\nM104 S{first_layer_temperature[0]} ; set final nozzle temp\nM190 S{first_layer_bed_temperature[0]} ; wait for bed temp to stabilize\nM109 S{first_layer_temperature[0]} ; wait for nozzle temp to stabilize\nG1 Z0.28 F240\nG92 E0\nG1 X2.0 Y140 E10 F1500 ; prime the nozzle\nG1 X2.3 Y140 F5000\nG92 E0\nG1 X2.3 Y10 E10 F1200 ; prime the nozzle\nG92 E0
; support_material = 0
; support_material_angle = 0
; support_material_auto = 1
; support_material_bottom_contact_distance = 0
; support_material_bottom_interface_layers = -1
; support_material_buildplate_only = 0
; support_material_closing_radius = 2
; support_material_contact_distance = 0.15
; support_material_enforce_layers = 0
; support_material_extruder = 0
; support_material_extrusion_width = 0.36
; support_material_interface_contact_loops = 0
; support_material_interface_extruder = 0
; support_material_interface_layers = 2
; support_material_interface_pattern = rectilinear
; support_material_interface_spacing = 0.2
; support_material_interface_speed = 100%
; support_material_pattern = rectilinear
; support_material_spacing = 1
; support_material_speed = 40
; support_material_style = grid
; support_material_synchronize_layers = 0
; support_material_threshold = 40
; support_material_with_sheath = 0
; support_material_xy_spacing = 60%
; support_tree_angle = 40
; support_tree_angle_slow = 25
; support_tree_branch_diameter = 2
; support_tree_branch_diameter_angle = 5
; support_tree_branch_diameter_double_wall = 3
; support_tree_branch_distance = 1
; support_tree_tip_diameter = 0.8
; support_tree_top_rate = 15%
; temperature = 205
; template_custom_gcode = 
; thick_bridges = 1
; thin_walls = 0
; thumbnails = 
; thumbnails_format = PNG
; toolchange_gcode = 
; top_fill_pattern = monotonic
; top_infill_extrusion_width = 0.4
; top_one_perimeter_type = none
; top_solid_infill_acceleration = 0
; top_solid_infill_speed = 30
; top_solid_layers = 11
; top_solid_min_thickness = 0
; travel_acceleration = 0
; travel_lift_before_obstacle = 0
; travel_max_lift = 0
; travel_ramping_lift = 0
; travel_short_distance_acceleration = 0
; travel_slope = 0
; travel_speed = 150
; travel_speed_z = 0
; use_firmware_retraction = 0
; use_relative_e_distances = 1
; use_volumetric_e = 0
; variable_layer_height = 1
; wall_distribution_count = 1
; wall_transition_angle = 10
; wall_transition_filter_deviation = 25%
; wall_transition_length = 100%
; wipe = 1
; wipe_into_infill = 0
; wipe_into_objects = 0
; wipe_tower = 0
; wipe_tower_acceleration = 0
; wipe_tower_bridging = 10
; wipe_tower_brim_width = 2
; wipe_tower_cone_angle = 0
; wipe_tower_extra_flow = 100%
; wipe_tower_extra_spacing = 100%
; wipe_tower_extruder = 0
; wipe_tower_no_sparse_layers = 0
; wipe_tower_width = 60
; wiping_volumes_matrix = 0
; wiping_volumes_use_custom_matrix = 0
; xy_size_compensation = 0
; z_offset = 0
; prusaslicer_config = end
