; generated by PrusaSlicer 2.9.3 on 2025-10-22 at 18:50:40 UTC

; 

; external perimeters extrusion width = 0.42mm
; perimeters extrusion width = 0.44mm
; infill extrusion width = 0.44mm
; solid infill extrusion width = 0.44mm
; top infill extrusion width = 0.40mm
; support material extrusion width = 0.36mm
; first layer extrusion width = 0.42mm

M201 X500 Y500 Z100 E5000 ; sets maximum accelerations, mm/sec^2
M203 X500 Y500 Z10 E60 ; sets maximum feedrates, mm / sec
M204 S500 T1000 ; sets acceleration (S) and retract acceleration (R), mm/sec^2
M205 X8.00 Y8.00 Z0.40 E5.00 ; sets the jerk limits, mm/sec
M205 S0 T0 ; sets the minimum extruding and travel feed rate, mm/sec

; printing object camera_mount_hinge_by_DanielBull.stl id:0 copy 0
; stop printing object camera_mount_hinge_by_DanielBull.stl id:0 copy 0

;TYPE:Custom
G90 ; use absolute coordinates
M83 ; extruder relative mode
M104 S150 ; set temporary nozzle temp to prevent oozing during homing
M140 S60 ; set final bed temp
G4 S30 ; allow partial nozzle warmup
G28 ; home all axis
G1 Z50 F240
G1 X2.0 Y10 F3000
M104 S210 ; set final nozzle temp
M190 S60 ; wait for bed temp to stabilize
M109 S210 ; wait for nozzle temp to stabilize
G1 Z0.28 F240
G92 E0
G1 X2.0 Y140 E10 F1500 ; prime the nozzle
G1 X2.3 Y140 F5000
G92 E0
G1 X2.3 Y10 E10 F1200 ; prime the nozzle
G92 E0
G21 ; set units to millimeters
G90 ; use absolute coordinates
M83 ; use relative distances for extrusion
; Filament gcode
M107
;LAYER_CHANGE
;Z:0.2
;HEIGHT:0.2
G1 E-5 F3600
G1 Z.2 F9000
G1 X115.318 Y122.108
G1 E5 F2400
M204 S500
;TYPE:Skirt/Brim
;WIDTH:0.42
G1 F1200
G1 X123.927 Y113.978 E.37127
G1 X125.313 Y113.211 E.04967
G1 X126.116 Y113.108 E.02538
G1 X137.281 Y113.108 E.35007
G1 X138.816 Y113.502 E.04969
G1 X139.471 Y113.978 E.02539
G1 X153.187 Y126.932 E.59154
G1 X154.032 Y128.272 E.04967
G1 X154.186 Y129.25 E.03104
G1 X154.186 Y150.85 E.67725
G1 X153.792 Y152.385 E.04969
G1 X152.708 Y153.541 E.04969
G1 X151.284 Y154.026 E.04717
G1 X147.463 Y154.358 E.12026
G1 X115.934 Y154.358 E.98857
G1 X112.113 Y154.026 E.12026
G1 X110.62 Y153.495 E.04968
G1 X109.566 Y152.312 E.04968
G1 X109.211 Y150.85 E.04717
G1 X109.211 Y129.25 E.67725
G1 X109.605 Y127.715 E.04969
G1 X110.211 Y126.932 E.03104
G1 X115.275 Y122.149 E.21841
G1 E-3.5 F3600
;WIPE_START
G1 F7200
G1 X115.318 Y122.108 E-.02822
G1 X117.571 Y119.981 E-1.47178
;WIPE_END
; printing object camera_mount_hinge_by_DanielBull.stl id:0 copy 0
G1 X147.335 Y151.041 F9000
G1 E5 F2400
;TYPE:Support material
G1 F1200
G1 X147.463 Y151.169 E.00568
G1 X143.238 Y151.169 E.13247
G1 X143.238 Y141.321 E.30878
G1 X147.335 Y141.321 E.12846
G1 X147.335 Y150.985 E.30301
G1 X146.782 Y151 F9000
G1 F1200
G1 X146.782 Y141.66 E.29285
G1 X146.363 Y141.66 E.01314
G1 X146.363 Y150.83 E.28752
G1 X145.944 Y150.83 E.01314
G1 X145.944 Y141.66 E.28752
G1 X145.525 Y141.66 E.01314
G1 X145.525 Y150.83 E.28752
G1 X145.106 Y150.83 E.01314
G1 X145.106 Y141.66 E.28752
G1 X144.687 Y141.66 E.01314
G1 X144.687 Y150.83 E.28752
G1 X144.268 Y150.83 E.01314
G1 X144.268 Y141.66 E.28752
G1 X143.849 Y141.66 E.01314
G1 X143.849 Y151 E.29285
G1 E-3.5 F3600
;WIPE_START
G1 F7200
G1 X143.849 Y147.842 E-1.5
;WIPE_END
G1 X137.281 Y128.788 F9000
G1 E5 F2400
G1 F1200
G1 X126.116 Y128.788 E.35007
G1 X126.116 Y116.297 E.39165
G1 X137.281 Y116.297 E.35007
G1 X137.281 Y128.731 E.38986
G1 X136.726 Y128.618 F9000
G1 F1200
G1 X136.726 Y116.636 E.37569
G1 X136.307 Y116.636 E.01314
G1 X136.307 Y128.449 E.37039
G1 X135.888 Y128.449 E.01314
G1 X135.888 Y116.636 E.37039
G1 X135.469 Y116.636 E.01314
G1 X135.469 Y128.449 E.37039
G1 X135.05 Y128.449 E.01314
G1 X135.05 Y116.636 E.37039
G1 X134.631 Y116.636 E.01314
G1 X134.631 Y128.449 E.37039
G1 X134.213 Y128.449 E.01311
G1 X134.213 Y116.636 E.37039
G1 X133.794 Y116.636 E.01314
G1 X133.794 Y128.449 E.37039
G1 X133.375 Y128.449 E.01314
G1 X133.375 Y116.636 E.37039
G1 X132.956 Y116.636 E.01314
G1 X132.956 Y128.449 E.37039
G1 X132.537 Y128.449 E.01314
G1 X132.537 Y116.636 E.37039
G1 X132.118 Y116.636 E.01314
G1 X132.118 Y128.449 E.37039
G1 X131.699 Y128.449 E.01314
G1 X131.699 Y116.636 E.37039
G1 X131.28 Y116.636 E.01314
G1 X131.28 Y128.449 E.37039
G1 X130.861 Y128.449 E.01314
G1 X130.861 Y116.636 E.37039
G1 X130.442 Y116.636 E.01314
G1 X130.442 Y128.449 E.37039
G1 X130.023 Y128.449 E.01314
G1 X130.023 Y116.636 E.37039
G1 X129.604 Y116.636 E.01314
G1 X129.604 Y128.449 E.37039
G1 X129.185 Y128.449 E.01314
G1 X129.185 Y116.636 E.37039
G1 X128.766 Y116.636 E.01314
G1 X128.766 Y128.449 E.37039
G1 X128.347 Y128.449 E.01314
G1 X128.347 Y116.636 E.37039
G1 X127.928 Y116.636 E.01314
G1 X127.928 Y128.449 E.37039
G1 X127.509 Y128.449 E.01314
G1 X127.509 Y116.636 E.37039
G1 X127.09 Y116.636 E.01314
G1 X127.09 Y128.449 E.37039
G1 X126.671 Y128.449 E.01314
G1 X126.671 Y116.466 E.37572
G1 E-3.5 F3600
;WIPE_START
G1 F7200
G1 X126.671 Y119.624 E-1.5
;WIPE_END
G1 X120.159 Y151.169 F9000
G1 E5 F2400
G1 F1200
G1 X115.934 Y151.169 E.13247
G1 X116.062 Y151.041 E.00568
G1 X116.062 Y141.321 E.30476
G1 X120.159 Y141.321 E.12846
G1 X120.159 Y151.113 E.30702
G1 X119.548 Y151 F9000
G1 F1200
G1 X119.548 Y141.66 E.29285
G1 X119.129 Y141.66 E.01314
G1 X119.129 Y150.83 E.28752
G1 X118.71 Y150.83 E.01314
G1 X118.71 Y141.66 E.28752
G1 X118.291 Y141.66 E.01314
G1 X118.291 Y150.83 E.28752
G1 X117.872 Y150.83 E.01314
G1 X117.872 Y141.66 E.28752
G1 X117.453 Y141.66 E.01314
G1 X117.453 Y150.83 E.28752
G1 X117.034 Y150.83 E.01314
G1 X117.034 Y141.66 E.28752
G1 X116.615 Y141.66 E.01314
G1 X116.615 Y151 E.29285
G1 E-3.5 F3600
;WIPE_START
G1 F7200
G1 X116.615 Y147.842 E-1.5
;WIPE_END
G1 X113.464 Y130.314 F9000
G1 E5 F2400
;TYPE:Perimeter
;WIDTH:0.419999
G1 F1200
G1 X149.933 Y130.314 E1.14346
G1 X149.933 Y132.414 E.06584
G1 X149.933 Y149.786 E.54469
G1 X148.861 Y149.786 E.03361
G1 X148.845 Y139.435 E.32455
G1 X148.733 Y138.49 E.02984
G1 X148.435 Y137.289 E.0388
G1 X148.047 Y136.308 E.03308
G1 X147.608 Y135.492 E.02905
G1 X147.083 Y134.727 E.02909
G1 X146.389 Y133.939 E.03292
G1 X145.782 Y133.376 E.02596
G1 X144.777 Y132.654 E.0388
G1 X143.847 Y132.157 E.03306
G1 X142.966 Y131.815 E.02963
G1 X141.607 Y131.489 E.04382
G1 X140.299 Y131.386 E.04114
G1 X122.56 Y131.406 E.55619
G1 X121.334 Y131.573 E.0388
G1 X120.318 Y131.852 E.03304
G1 X119.436 Y132.212 E.02987
G1 X118.253 Y132.891 E.04277
G1 X117.506 Y133.469 E.02961
G1 X116.541 Y134.445 E.04303
G1 X115.971 Y135.209 E.02989
G1 X115.362 Y136.286 E.03879
G1 X114.969 Y137.264 E.03305
G1 X114.726 Y138.159 E.02908
G1 X114.582 Y139.075 E.02907
G1 X114.536 Y139.948 E.02741
G1 X114.536 Y149.786 E.30846
G1 X113.464 Y149.786 E.03361
G1 X113.464 Y130.374 E.60865
G1 X113.087 Y129.937 F9000
G1 F1200
G1 X150.31 Y129.937 E1.1671
G1 X150.31 Y132.414 E.07766
G1 X150.31 Y150.163 E.55651
G1 X148.484 Y150.163 E.05725
G1 X148.47 Y139.476 E.33508
G1 X148.367 Y138.581 E.02825
G1 X148.069 Y137.38 E.0388
G1 X147.714 Y136.485 E.03019
G1 X147.296 Y135.703 E.0278
G1 X146.796 Y134.971 E.02779
G1 X146.129 Y134.213 E.03166
G1 X145.562 Y133.682 E.02436
G1 X144.492 Y132.92 E.04119
G1 X143.707 Y132.507 E.02781
G1 X142.875 Y132.181 E.02802
G1 X141.577 Y131.865 E.04189
G1 X140.299 Y131.763 E.0402
G1 X122.687 Y131.774 E.55221
G1 X121.385 Y131.946 E.04118
G1 X120.457 Y132.202 E.03018
G1 X119.622 Y132.54 E.02824
G1 X118.481 Y133.191 E.04119
G1 X117.772 Y133.736 E.02804
G1 X117.328 Y134.18 E.01969
G1 X116.841 Y134.674 E.02175
G1 X116.3 Y135.394 E.02824
G1 X115.657 Y136.54 E.0412
G1 X115.332 Y137.365 E.0278
G1 X115.099 Y138.22 E.02779
G1 X114.958 Y139.095 E.02779
G1 X114.913 Y139.948 E.02678
G1 X114.913 Y150.163 E.32028
G1 X113.087 Y150.163 E.05725
G1 X113.087 Y129.997 E.63229
G1 X112.71 Y129.56 F9000
;TYPE:External perimeter
G1 F1200
G1 X150.687 Y129.56 E1.19074
G1 X150.687 Y132.414 E.08949
G1 X150.687 Y150.54 E.56833
G1 X148.107 Y150.54 E.08089
G1 X148.095 Y139.517 E.34562
G1 X148.001 Y138.672 E.02666
G1 X147.703 Y137.471 E.0388
G1 X147.381 Y136.661 E.02733
G1 X146.984 Y135.915 E.0265
G1 X146.508 Y135.216 E.02652
G1 X145.87 Y134.487 E.03037
G1 X145.342 Y133.988 E.02278
G1 X144.315 Y133.253 E.0396
G1 X143.567 Y132.858 E.02652
G1 X142.784 Y132.547 E.02642
G1 X141.546 Y132.241 E.03998
G1 X140.299 Y132.14 E.03923
G1 X122.688 Y132.151 E.55218
G1 X121.436 Y132.32 E.03961
G1 X120.597 Y132.552 E.02729
G1 X119.807 Y132.869 E.02669
G1 X118.709 Y133.492 E.03958
G1 X118.039 Y134.003 E.02642
G1 X117.594 Y134.447 E.01971
G1 X117.141 Y134.902 E.02013
G1 X116.628 Y135.58 E.02666
G1 X116.008 Y136.68 E.03959
G1 X115.696 Y137.466 E.02652
G1 X115.471 Y138.281 E.02651
G1 X115.335 Y139.116 E.02653
G1 X115.29 Y139.948 E.02612
G1 X115.29 Y150.54 E.3321
G1 X112.71 Y150.54 E.08089
G1 X112.71 Y129.62 E.65593
G1 E-3.5 F3600
;WIPE_START
G1 F7200
G1 X112.71 Y129.56 E-.0285
G1 X115.808 Y129.56 E-1.4715
;WIPE_END
G1 X149.812 Y131.198 F9000
G1 E5 F2400
;TYPE:Solid infill
;WIDTH:0.420497
G1 F1200
G1 X149.219 Y130.604 E.02635
G1 X148.685 Y130.604 E.01677
G1 X149.643 Y131.562 E.04254
G1 X149.643 Y132.096 E.01677
G1 X148.151 Y130.604 E.06625
G1 X147.617 Y130.604 E.01677
G1 X149.643 Y132.63 E.08995
G1 X149.643 Y133.164 E.01677
G1 X147.083 Y130.604 E.11366
G1 X146.549 Y130.604 E.01677
G1 X149.643 Y133.698 E.13737
G1 X149.643 Y134.232 E.01677
G1 X146.015 Y130.604 E.16108
G1 X145.481 Y130.604 E.01677
G1 X149.643 Y134.766 E.18479
G1 X149.643 Y135.3 E.01677
G1 X144.947 Y130.604 E.2085
G1 X144.413 Y130.604 E.01677
G1 X149.643 Y135.834 E.23221
G1 X149.643 Y136.368 E.01677
G1 X143.879 Y130.604 E.25592
G1 X143.345 Y130.604 E.01677
G1 X149.643 Y136.902 E.27963
G1 X149.643 Y137.436 E.01677
G1 X148.219 Y136.012 E.06323
G1 X148.306 Y136.177 E.00586
G1 X148.604 Y136.931 E.02545
G1 X149.643 Y137.97 E.04613
G1 X149.643 Y138.504 E.01677
G1 X148.835 Y137.697 E.03585
G1 X149.012 Y138.407 E.02297
G1 X149.643 Y139.038 E.02802
G1 X149.643 Y139.572 E.01677
G1 X149.087 Y139.016 E.02469
G1 X149.134 Y139.409 E.01243
G1 X149.134 Y139.598 E.00593
G1 X149.643 Y140.106 E.02258
G1 X149.643 Y140.64 E.01677
G1 X149.135 Y140.132 E.02256
G1 X149.136 Y140.667 E.0168
G1 X149.643 Y141.174 E.02251
G1 X149.643 Y141.708 E.01677
G1 X149.137 Y141.202 E.02247
G1 X149.138 Y141.737 E.0168
G1 X149.643 Y142.242 E.02242
G1 X149.643 Y142.776 E.01677
G1 X149.139 Y142.272 E.02238
G1 X149.14 Y142.807 E.0168
G1 X149.643 Y143.31 E.02233
G1 X149.643 Y143.844 E.01677
G1 X149.14 Y143.342 E.02231
G1 X149.141 Y143.876 E.01677
G1 X149.643 Y144.378 E.02229
G1 X149.643 Y144.912 E.01677
G1 X149.142 Y144.411 E.02224
G1 X149.143 Y144.946 E.0168
G1 X149.643 Y145.446 E.0222
G1 X149.643 Y145.98 E.01677
G1 X149.144 Y145.481 E.02216
G1 X149.145 Y146.016 E.0168
G1 X149.643 Y146.514 E.02211
G1 X149.643 Y147.048 E.01677
G1 X149.146 Y146.551 E.02207
G1 X149.147 Y147.085 E.01677
G1 X149.643 Y147.582 E.02204
G1 X149.643 Y148.116 E.01677
G1 X149.147 Y147.62 E.02202
G1 X149.148 Y148.155 E.0168
G1 X149.643 Y148.65 E.02198
G1 X149.643 Y149.184 E.01677
G1 X149.149 Y148.69 E.02193
G1 X149.15 Y149.225 E.0168
G1 X149.59 Y149.665 E.01954
G1 E-3.5 F3600
;WIPE_START
G1 F7200
G1 X149.15 Y149.225 E-.29557
G1 X149.149 Y148.69 E-.25413
G1 X149.643 Y149.184 E-.33185
G1 X149.643 Y148.65 E-.25365
G1 X149.148 Y148.155 E-.33252
G1 X149.148 Y148.087 E-.03228
;WIPE_END
G1 X144.663 Y132.456 F9000
G1 E5 F2400
G1 F1200
G1 X142.811 Y130.604 E.08223
G1 X142.277 Y130.604 E.01677
G1 X143.316 Y131.643 E.04613
G1 X143.043 Y131.535 E.00922
G1 X142.551 Y131.413 E.01591
G1 X141.743 Y130.604 E.0359
G1 X141.209 Y130.604 E.01677
G1 X141.84 Y131.235 E.02802
G1 X141.24 Y131.169 E.01895
G1 X140.675 Y130.604 E.02509
G1 X140.141 Y130.604 E.01677
G1 X140.66 Y131.124 E.02307
G1 X140.099 Y131.096 E.01763
G1 X139.607 Y130.604 E.02184
G1 X139.073 Y130.604 E.01677
G1 X139.565 Y131.096 E.02184
G1 X139.032 Y131.097 E.01673
G1 X138.539 Y130.604 E.02189
G1 X138.005 Y130.604 E.01677
G1 X138.499 Y131.098 E.02193
G1 X137.965 Y131.098 E.01677
G1 X137.471 Y130.604 E.02193
G1 X136.937 Y130.604 E.01677
G1 X137.432 Y131.099 E.02198
G1 X136.899 Y131.1 E.01673
G1 X136.403 Y130.604 E.02202
G1 X135.869 Y130.604 E.01677
G1 X136.365 Y131.1 E.02202
G1 X135.832 Y131.101 E.01673
G1 X135.336 Y130.604 E.02204
G1 X134.802 Y130.604 E.01677
G1 X135.299 Y131.102 E.02209
G1 X134.765 Y131.102 E.01677
G1 X134.268 Y130.604 E.02209
G1 X133.734 Y130.604 E.01677
G1 X134.232 Y131.103 E.02213
G1 X133.699 Y131.103 E.01673
G1 X133.2 Y130.604 E.02216
G1 X132.666 Y130.604 E.01677
G1 X133.165 Y131.104 E.02218
G1 X132.632 Y131.105 E.01673
G1 X132.132 Y130.604 E.02222
G1 X131.598 Y130.604 E.01677
G1 X132.099 Y131.105 E.02224
G1 X131.565 Y131.106 E.01677
G1 X131.064 Y130.604 E.02227
G1 X130.53 Y130.604 E.01677
G1 X131.032 Y131.107 E.02231
G1 X130.499 Y131.107 E.01673
G1 X129.996 Y130.604 E.02233
G1 X129.462 Y130.604 E.01677
G1 X129.965 Y131.108 E.02236
G1 X129.432 Y131.109 E.01673
G1 X128.928 Y130.604 E.0224
G1 X128.394 Y130.604 E.01677
G1 X128.899 Y131.109 E.02242
G1 X128.365 Y131.11 E.01677
G1 X127.86 Y130.604 E.02244
G1 X127.326 Y130.604 E.01677
G1 X127.832 Y131.111 E.02249
G1 X127.299 Y131.111 E.01673
G1 X126.792 Y130.604 E.02251
G1 X126.258 Y130.604 E.01677
G1 X126.765 Y131.112 E.02253
G1 X126.232 Y131.112 E.01673
G1 X125.724 Y130.604 E.02256
G1 X125.19 Y130.604 E.01677
G1 X125.699 Y131.113 E.0226
G1 X125.165 Y131.114 E.01677
G1 X124.656 Y130.604 E.02262
G1 X124.122 Y130.604 E.01677
G1 X124.632 Y131.114 E.02264
G1 X124.099 Y131.115 E.01673
G1 X123.588 Y130.604 E.02269
G1 X123.054 Y130.604 E.01677
G1 X123.565 Y131.116 E.02271
G1 X123.032 Y131.116 E.01673
G1 X122.52 Y130.604 E.02273
G1 X121.986 Y130.604 E.01677
G1 X122.502 Y131.12 E.02291
G1 X122.032 Y131.185 E.0149
G1 X121.452 Y130.604 E.02577
G1 X120.918 Y130.604 E.01677
G1 X121.563 Y131.249 E.02864
G1 X121.245 Y131.292 E.01007
G1 X121.11 Y131.33 E.0044
G1 X120.384 Y130.604 E.03223
G1 X119.85 Y130.604 E.01677
G1 X120.693 Y131.447 E.03743
G1 X120.275 Y131.563 E.01362
G1 X119.316 Y130.604 E.04258
G1 X118.782 Y130.604 E.01677
G1 X119.891 Y131.713 E.04924
G1 X119.512 Y131.869 E.01287
G1 X118.248 Y130.604 E.05614
G1 X117.714 Y130.604 E.01677
G1 X119.151 Y132.041 E.0638
G1 X118.812 Y132.236 E.01228
G1 X117.18 Y130.604 E.07246
G1 X116.646 Y130.604 E.01677
G1 X118.473 Y132.431 E.08112
G1 X118.134 Y132.626 E.01228
G1 X116.112 Y130.604 E.08978
G1 X115.578 Y130.604 E.01677
G1 X117.828 Y132.854 E.0999
G1 X117.527 Y133.087 E.01195
G1 X115.044 Y130.604 E.11025
G1 X114.51 Y130.604 E.01677
G1 X117.235 Y133.329 E.12099
G1 X116.968 Y133.596 E.01185
G1 X113.977 Y130.604 E.13282
G1 X113.755 Y130.604 E.00697
G1 X113.755 Y130.916 E.0098
G1 X116.701 Y133.863 E.13083
G1 X116.434 Y134.13 E.01185
G1 X113.755 Y131.45 E.11897
G1 X113.755 Y131.984 E.01677
G1 X116.198 Y134.428 E.10849
G1 X115.964 Y134.728 E.01195
G1 X113.755 Y132.518 E.0981
G1 X113.755 Y133.052 E.01677
G1 X115.744 Y135.042 E.08833
G1 X115.551 Y135.383 E.0123
G1 X113.755 Y133.586 E.07976
G1 X113.755 Y134.12 E.01677
G1 X115.358 Y135.724 E.0712
G1 X115.165 Y136.065 E.0123
G1 X113.755 Y134.654 E.06263
G1 X113.755 Y135.188 E.01677
G1 X114.987 Y136.421 E.05472
G1 X114.835 Y136.802 E.01288
G1 X113.755 Y135.722 E.04795
G1 X113.755 Y136.256 E.01677
G1 X114.693 Y137.195 E.04167
G1 X114.575 Y137.61 E.01355
G1 X113.755 Y136.79 E.03641
G1 X113.755 Y137.324 E.01677
G1 X114.46 Y138.03 E.03132
G1 X114.382 Y138.485 E.01449
G1 X113.755 Y137.858 E.02784
G1 X113.755 Y138.392 E.01677
G1 X114.305 Y138.942 E.02442
G1 X114.275 Y139.447 E.01588
G1 X113.755 Y138.926 E.02311
G1 X113.755 Y139.46 E.01677
G1 X114.245 Y139.951 E.02178
G1 X114.245 Y140.485 E.01677
G1 X113.755 Y139.994 E.02178
G1 X113.755 Y140.528 E.01677
G1 X114.245 Y141.019 E.02178
G1 X114.245 Y141.553 E.01677
G1 X113.755 Y141.062 E.02178
G1 X113.755 Y141.596 E.01677
G1 X114.245 Y142.087 E.02178
G1 X114.245 Y142.621 E.01677
G1 X113.755 Y142.13 E.02178
G1 X113.755 Y142.664 E.01677
G1 X114.245 Y143.155 E.02178
G1 X114.245 Y143.689 E.01677
G1 X113.755 Y143.198 E.02178
G1 X113.755 Y143.732 E.01677
G1 X114.245 Y144.223 E.02178
G1 X114.245 Y144.757 E.01677
G1 X113.755 Y144.266 E.02178
G1 X113.755 Y144.8 E.01677
G1 X114.245 Y145.291 E.02178
G1 X114.245 Y145.825 E.01677
G1 X113.755 Y145.334 E.02178
G1 X113.755 Y145.868 E.01677
G1 X114.245 Y146.359 E.02178
G1 X114.245 Y146.893 E.01677
G1 X113.755 Y146.402 E.02178
G1 X113.755 Y146.936 E.01677
G1 X114.245 Y147.427 E.02178
G1 X114.245 Y147.961 E.01677
G1 X113.755 Y147.47 E.02178
G1 X113.755 Y148.004 E.01677
G1 X114.245 Y148.495 E.02178
G1 X114.245 Y149.029 E.01677
G1 X113.755 Y148.538 E.02178
G1 X113.755 Y149.072 E.01677
G1 X114.348 Y149.665 E.02633
M106 S255
;LAYER_CHANGE
;Z:0.4
;HEIGHT:0.2
;BEFORE_LAYER_CHANGE
G92 E0
;0.4


G1 E-3.5 F3600
;WIPE_START
G1 F7200
G1 X113.755 Y149.072 E-.39835
G1 X113.755 Y148.538 E-.25365
G1 X114.245 Y149.029 E-.32949
G1 X114.245 Y148.495 E-.25365
G1 X113.851 Y148.1 E-.26486
;WIPE_END
G1 Z.4 F9000
;AFTER_LAYER_CHANGE
;0.4
M104 S205 ; set temperature
; stop printing object camera_mount_hinge_by_DanielBull.stl id:0 copy 0
G1 X113.955 Y154.186
G1 E5 F2400
;TYPE:Skirt/Brim
;WIDTH:0.42
G1 X112.113 Y154.026 E.05797
G1 X110.62 Y153.495 E.04968
G1 X109.566 Y152.312 E.04968
G1 X109.211 Y150.85 E.04717
G1 X109.211 Y129.25 E.67725
G1 X109.605 Y127.715 E.04969
G1 X110.211 Y126.932 E.03104
G1 X123.927 Y113.978 E.59154
G1 X125.313 Y113.211 E.04967
G1 X126.116 Y113.108 E.02538
G1 X137.281 Y113.108 E.35007
G1 X138.816 Y113.502 E.04969
G1 X139.471 Y113.978 E.02539
G1 X153.187 Y126.932 E.59154
G1 X154.032 Y128.272 E.04967
G1 X154.186 Y129.25 E.03104
G1 X154.186 Y150.85 E.67725
G1 X153.792 Y152.385 E.04969
G1 X152.708 Y153.541 E.04969
G1 X151.284 Y154.026 E.04717
G1 X147.463 Y154.358 E.12026
G1 X115.934 Y154.358 E.98857
G1 X114.015 Y154.191 E.0604
G1 E-3.5 F3600
;WIPE_START
G1 F7200
G1 X113.955 Y154.186 E-.0286
G1 X112.113 Y154.026 E-.87824
G1 X110.936 Y153.608 E-.59316
;WIPE_END
; printing object camera_mount_hinge_by_DanielBull.stl id:0 copy 0
G1 X114.606 Y149.856 F9000
G1 E5 F2400
;TYPE:Perimeter
;WIDTH:0.439999
G1 X113.394 Y149.856 E.04002
G1 X113.394 Y130.244 E.64753
G1 X150.003 Y130.244 E1.20873
G1 X150.003 Y132.414 E.07165
G1 X150.003 Y149.856 E.57589
G1 X148.79 Y149.856 E.04005
G1 X148.775 Y139.438 E.34397
G1 X148.666 Y138.514 E.03072
G1 X148.369 Y137.315 E.04078
G1 X147.983 Y136.336 E.03475
G1 X147.547 Y135.526 E.03037
G1 X147.026 Y134.768 E.03037
G1 X146.341 Y133.99 E.03423
G1 X145.734 Y133.428 E.02731
G1 X144.743 Y132.715 E.04031
G1 X143.816 Y132.22 E.0347
G1 X142.974 Y131.89 E.02986
G1 X142.072 Y131.644 E.03087
G1 X141.179 Y131.503 E.02985
G1 X140.298 Y131.456 E.02913
G1 X122.693 Y131.467 E.58127
G1 X121.352 Y131.641 E.04465
G1 X120.338 Y131.919 E.03471
G1 X119.463 Y132.277 E.03121
G1 X118.29 Y132.95 E.04465
G1 X117.543 Y133.529 E.03121
G1 X116.593 Y134.492 E.04466
G1 X116.028 Y135.25 E.03121
G1 X115.427 Y136.313 E.04032
G1 X115.035 Y137.288 E.0347
G1 X114.795 Y138.176 E.03037
G1 X114.651 Y139.084 E.03035
G1 X114.606 Y139.949 E.0286
G1 X114.606 Y149.796 E.32512
G1 X115.003 Y150.253 F9000
G1 F2400
G1 X112.997 Y150.253 E.06623
G1 X112.997 Y129.847 E.67375
G1 X150.4 Y129.847 E1.23494
G1 X150.4 Y132.414 E.08476
G1 X150.4 Y150.253 E.58899
G1 X148.394 Y150.253 E.06623
G1 X148.38 Y139.481 E.35566
G1 X148.28 Y138.61 E.02895
G1 X147.984 Y137.41 E.04081
G1 X147.632 Y136.522 E.03154
G1 X147.219 Y135.749 E.02894
G1 X146.724 Y135.026 E.02893
G1 X146.068 Y134.278 E.03285
G1 X145.503 Y133.75 E.02553
G1 X144.445 Y132.997 E.04288
G1 X143.669 Y132.589 E.02895
G1 X142.868 Y132.273 E.02843
G1 X142.007 Y132.036 E.02949
G1 X141.157 Y131.9 E.02842
G1 X140.298 Y131.853 E.0284
G1 X122.693 Y131.864 E.58127
G1 X121.405 Y132.034 E.0429
G1 X120.485 Y132.287 E.0315
G1 X119.659 Y132.622 E.02943
G1 X118.531 Y133.266 E.04289
G1 X117.824 Y133.81 E.02945
G1 X117.392 Y134.242 E.02017
G1 X116.909 Y134.732 E.02272
G1 X116.374 Y135.445 E.02943
G1 X115.739 Y136.579 E.04291
G1 X115.418 Y137.394 E.02892
G1 X115.186 Y138.24 E.02896
G1 X115.048 Y139.106 E.02895
G1 X115.003 Y139.949 E.02787
G1 X115.003 Y150.193 E.33823
G1 X115.39 Y150.64 F9000
;TYPE:External perimeter
;WIDTH:0.419999
G1 F1500
G1 X112.61 Y150.64 E.08716
G1 X112.61 Y129.46 E.66408
G1 X150.787 Y129.46 E1.19701
G1 X150.787 Y132.414 E.09262
G1 X150.787 Y150.64 E.57146
G1 X148.007 Y150.64 E.08716
G1 X147.995 Y139.522 E.3486
G1 X147.905 Y138.703 E.02583
G1 X147.608 Y137.503 E.03876
G1 X147.29 Y136.703 E.02699
G1 X146.898 Y135.966 E.02617
G1 X146.429 Y135.276 E.02616
G1 X145.801 Y134.559 E.02988
G1 X145.277 Y134.064 E.0226
G1 X144.263 Y133.339 E.03908
G1 X143.525 Y132.949 E.02617
G1 X142.764 Y132.646 E.02568
G1 X141.945 Y132.418 E.02666
G1 X141.135 Y132.286 E.02573
G1 X140.298 Y132.24 E.02628
G1 X122.693 Y132.251 E.55199
G1 X121.458 Y132.418 E.03907
G1 X120.629 Y132.647 E.02697
G1 X119.849 Y132.959 E.02634
G1 X118.765 Y133.574 E.03908
G1 X118.098 Y134.084 E.02633
G1 X117.666 Y134.516 E.01916
G1 X117.217 Y134.967 E.01995
G1 X116.711 Y135.636 E.0263
G1 X116.099 Y136.722 E.03909
G1 X115.791 Y137.498 E.02618
G1 X115.568 Y138.303 E.02619
G1 X115.434 Y139.127 E.02618
G1 X115.39 Y139.949 E.02581
G1 X115.39 Y150.58 E.33333
G1 E-3.5 F3600
;WIPE_START
G1 F7200
G1 X115.39 Y150.64 E-.0285
G1 X112.61 Y150.64 E-1.3205
G1 X112.61 Y150.322 E-.151
;WIPE_END
G1 X140.096 Y130.601 F9000
G1 E5 F2400
;TYPE:Solid infill
;WIDTH:0.552404
G1 X122.541 Y130.606 E.7437
;WIDTH:0.581245
G1 X122.1 Y130.621 E.01975
;WIDTH:0.610085
G1 X121.227 Y130.635 E.04118
G1 X121.294 Y130.702 E.00447
G1 X121.377 Y130.91 E.01056
G1 X121.294 Y131.103 E.00991
G1 X121.093 Y131.304 E.01341
G1 X121.698 Y131.199 E.02896
G1 X122.103 Y131.158 E.0192
;WIDTH:0.582427
G1 X122.507 Y131.117 E.01822
;WIDTH:0.554769
G1 X122.541 Y131.116 E.00145
;WIDTH:0.552404
G1 X140.295 Y131.099 E.75213
;WIDTH:0.542009
G1 X140.31 Y131.1 E.00062
;WIDTH:0.572567
G1 X141.32 Y131.145 E.04452
;WIDTH:0.585674
G1 X141.463 Y131.162 E.0065
G1 X141.589 Y131.208 E.00605
;WIDTH:0.537116
G1 X141.716 Y131.254 E.00555
;WIDTH:0.488558
G1 X141.843 Y131.301 E.00502
;WIDTH:0.439999
G1 X142.262 Y131.374 E.01404
G1 X143.052 Y131.595 E.02709
G1 X144.039 Y131.987 E.03506
G1 X144.905 Y132.457 E.03253
G1 X145.985 Y133.246 E.04416
G1 X148.681 Y130.55 E.12589
G1 X141.907 Y130.55 E.22366
;WIDTH:0.485316
G1 X141.736 Y130.573 E.00635
;WIDTH:0.530633
G1 X141.566 Y130.595 E.00695
;WIDTH:0.57595
G1 X141.336 Y130.616 E.01024
;WIDTH:0.572567
G1 X140.325 Y130.601 E.04453
;WIDTH:0.542009
G1 X140.295 Y130.601 E.00124
G1 X141.907 Y130.928 F9000
;WIDTH:0.437038
G1 F2400
G1 X142.11 Y130.945 E.00668
;WIDTH:0.47168
G1 X142.313 Y130.963 E.00727
G1 X142.503 Y131.019 E.00706
;WIDTH:0.46455
G1 X143.159 Y131.212 E.02397
;WIDTH:0.439999
G1 X144.186 Y131.618 E.03646
G1 X145.095 Y132.108 E.0341
G1 X145.951 Y132.718 E.0347
G1 X147.722 Y130.947 E.08269
G1 X143.195 Y130.947 E.14947
;WIDTH:0.466696
G1 X142.375 Y130.96 E.0289
;WIDTH:0.47168
G1 X142.313 Y130.963 E.00221
G1 E-3.5 F3600
;WIPE_START
G1 F7200
G1 X142.375 Y130.96 E-.02948
G1 X143.195 Y130.947 E-.38955
G1 X145.471 Y130.947 E-1.08097
;WIPE_END
G1 X144.521 Y131.344 F9000
G1 E5 F2400
;WIDTH:0.439999
G1 X146.763 Y131.344 E.07402
G1 X145.909 Y132.199 E.0399
G1 X145.284 Y131.76 E.02522
G1 X144.696 Y131.439 E.02212
G1 E-3.5 F3600
;WIPE_START
G1 F7200
G1 X145.284 Y131.76 E-.31821
G1 X145.909 Y132.199 E-.36279
G1 X146.763 Y131.344 E-.57401
G1 X146.247 Y131.344 E-.24499
;WIPE_END
G1 X146.274 Y133.518 F9000
G1 E5 F2400
G1 X149.242 Y130.55 E.13859
G1 X149.858 Y130.419 E.02079
;WIDTH:0.38292
G1 X149.787 Y130.4 E.00208
G1 X149.806 Y130.471 E.00208
G1 X149.847 Y130.46 E.0012
;WIDTH:0.41146
G1 X149.772 Y130.558 E.00378
;WIDTH:0.439999
G1 X149.697 Y130.656 E.00407
G1 X146.564 Y133.79 E.14631
G1 X146.839 Y134.077 E.01312
G1 X149.697 Y131.218 E.13347
G1 X149.697 Y131.779 E.01852
G1 X147.094 Y134.382 E.12154
G1 X147.349 Y134.689 E.01318
G1 X149.697 Y132.341 E.10964
G1 X149.797 Y132.28 E.00387
;WIDTH:0.41146
G1 X149.897 Y132.219 E.00359
;WIDTH:0.38292
G1 X149.856 Y132.23 E.0012
G1 X149.837 Y132.159 E.00208
G1 X149.908 Y132.178 E.00208
;WIDTH:0.439999
G1 X149.697 Y132.903 E.02493
G1 X149.697 Y137.122 E.1393
;WIDTH:0.478498
G1 X149.678 Y137.428 E.0111
;WIDTH:0.516996
G1 X149.659 Y137.734 E.01209
;WIDTH:0.555494
G1 X149.64 Y138.04 E.01307
;WIDTH:0.593992
G1 X149.62 Y138.346 E.01405
;WIDTH:0.608547
G1 X149.628 Y138.919 E.02695
;WIDTH:0.5795
G1 X149.642 Y139.421 E.02241
;WIDTH:0.550452
G1 X149.646 Y149.249 E.41476
;WIDTH:0.542463
G1 X149.646 Y149.499 E.01038
G1 X149.147 Y149.499 E.02073
G1 X149.147 Y149.249 E.01038
;WIDTH:0.550452
G1 X149.135 Y139.422 E.41471
;WIDTH:0.552249
G1 X149.134 Y139.392 E.00127
;WIDTH:0.593992
G1 X149.036 Y138.417 E.0449
G1 X148.944 Y138.125 E.01403
;WIDTH:0.555494
G1 X148.852 Y137.832 E.01309
;WIDTH:0.516996
G1 X148.76 Y137.54 E.01207
;WIDTH:0.478498
G1 X148.668 Y137.247 E.01112
;WIDTH:0.439999
G1 X148.25 Y136.187 E.03762
G1 X147.937 Y135.607 E.02176
G1 X147.576 Y135.024 E.02264
G1 X149.557 Y133.043 E.0925
G1 X149.3 Y133.861 F9000
G1 F2400
G1 X149.3 Y138.152 E.14168
G1 X149.029 Y137.077 E.0366
G1 X148.6 Y135.999 E.03831
G1 X148.089 Y135.073 E.03492
G1 X149.16 Y134.002 E.05001
G1 X148.931 Y134.752 E.02589
;WIDTH:0.38353
G1 X148.928 Y135.822 E.0303
G1 X148.551 Y135.132 E.02227
G1 X148.791 Y134.892 E.00961
G1 E-3.5 F3600
;WIPE_START
G1 F7200
G1 X148.551 Y135.132 E-.16122
G1 X148.928 Y135.822 E-.37348
G1 X148.931 Y134.752 E-.50825
G1 X149.16 Y134.002 E-.37249
G1 X149.034 Y134.128 E-.08456
;WIPE_END
G1 X114.442 Y137.958 F9000
G1 E5 F2400
;WIDTH:0.606034
G1 X114.294 Y138.942 E.04659
;WIDTH:0.571552
G1 X114.249 Y139.952 E.04444
;WIDTH:0.541552
G1 X114.249 Y149.499 E.39583
G1 X113.751 Y149.499 E.02065
G1 X113.751 Y139.952 E.39583
;WIDTH:0.54199
G1 X113.751 Y139.922 E.00124
;WIDTH:0.574911
G1 X113.767 Y138.868 E.04663
;WIDTH:0.606034
G1 X113.783 Y138.088 E.03653
G1 X114.06 Y138.221 E.01439
G1 X114.255 Y138.138 E.00992
G1 X114.299 Y138.096 E.00285
G1 E-3.5 F3600
;WIPE_START
G1 F7200
G1 X114.255 Y138.138 E-.02889
G1 X114.06 Y138.221 E-.10067
G1 X113.783 Y138.088 E-.14596
G1 X113.767 Y138.868 E-.37058
G1 X113.751 Y139.922 E-.50071
G1 X113.751 Y139.952 E-.01425
G1 X113.751 Y140.666 E-.33894
;WIPE_END
G1 X113.792 Y130.642 F9000
G1 E5 F2400
;WIDTH:0.53634
G1 X113.732 Y130.658 E.00255
G1 X113.689 Y130.614 E.00252
G1 X113.704 Y130.554 E.00254
G1 X113.764 Y130.538 E.00255
G1 X113.808 Y130.582 E.00255
;WIDTH:0.439999
G1 X114.426 Y130.55 E.02043
G1 X113.7 Y131.276 E.0339
G1 X113.7 Y131.837 E.01852
G1 X114.988 Y130.55 E.06012
G1 X115.549 Y130.55 E.01852
G1 X113.7 Y132.399 E.08634
G1 X113.7 Y132.961 E.01856
G1 X116.111 Y130.55 E.11258
G1 X116.672 Y130.55 E.01852
G1 X113.7 Y133.522 E.13877
G1 X113.7 Y134.084 E.01856
G1 X117.234 Y130.55 E.16501
G1 X117.795 Y130.55 E.01852
G1 X113.7 Y134.645 E.19121
G1 X113.7 Y135.207 E.01856
G1 X118.357 Y130.55 E.21745
G1 X118.918 Y130.55 E.01852
G1 X113.7 Y135.768 E.24365
G1 X113.7 Y136.33 E.01856
G1 X119.48 Y130.55 E.26989
G1 X120.041 Y130.55 E.01852
G1 X113.7 Y136.891 E.29608
G1 X113.662 Y137.026 E.00463
;WIDTH:0.41146
G1 X113.625 Y137.161 E.00429
;WIDTH:0.38292
G1 X113.554 Y137.142 E.00208
G1 X113.573 Y137.213 E.00208
G1 X113.614 Y137.202 E.0012
;WIDTH:0.439999
G1 X113.7 Y137.453 E.00876
G1 X115.411 Y135.742 E.07989
G1 X115.518 Y135.602 E.00582
;WIDTH:0.41146
G1 X115.624 Y135.461 E.00541
;WIDTH:0.38292
G1 X115.958 Y135.024 E.01555
G1 X115.107 Y136.542 F9000
G1 F2400
G1 X115.036 Y136.523 E.00208
G1 X115.055 Y136.594 E.00208
G1 X115.096 Y136.583 E.0012
;WIDTH:0.41146
G1 X114.988 Y136.708 E.00506
;WIDTH:0.439999
G1 X114.056 Y137.658 E.04394
G1 E-3.5 F3600
;WIPE_START
G1 F7200
G1 X114.988 Y136.708 E-.63215
G1 X115.096 Y136.583 E-.07847
G1 X115.055 Y136.594 E-.02016
G1 X115.036 Y136.523 E-.03491
G1 X115.107 Y136.542 E-.03491
;WIPE_END
G1 E-.6994 F3600
G1 X118.174 Y132.807 F9000
G1 E5 F2400
;WIDTH:0.38292
G1 X118.63 Y132.457 E.01625
;WIDTH:0.41146
G1 X118.77 Y132.35 E.0054
;WIDTH:0.439999
G1 X118.911 Y132.242 E.00586
G1 X120.603 Y130.55 E.07901
G1 X120.812 Y130.902 E.01352
G1 X119.978 Y131.736 E.03894
G1 X119.859 Y131.824 E.00489
;WIDTH:0.41146
G1 X119.739 Y131.912 E.00456
;WIDTH:0.38292
G1 X119.668 Y131.893 E.00208
G1 X119.687 Y131.964 E.00208
G1 X119.728 Y131.953 E.0012
;LAYER_CHANGE
;Z:0.49
;HEIGHT:0.09
;BEFORE_LAYER_CHANGE
G92 E0
;0.49


G1 E-3.5 F3600
;WIPE_START
G1 F7200
G1 X119.687 Y131.964 E-.02016
G1 X119.668 Y131.893 E-.03491
G1 X119.739 Y131.912 E-.03491
G1 X119.859 Y131.824 E-.07068
G1 X119.978 Y131.736 E-.0703
G1 X120.812 Y130.902 E-.56024
G1 X120.603 Y130.55 E-.19445
G1 X119.837 Y131.316 E-.51435
;WIPE_END
G1 Z.49 F9000
;AFTER_LAYER_CHANGE
;0.49
G1 X116.011 Y148.221
G1 E5 F2400
;TYPE:Support material
;WIDTH:0.36
;HEIGHT:0.29
G1 X117.211 Y148.221 E.04308
G1 X117.211 Y146.904 E.04728
G1 X116.011 Y146.904 E.04308
G1 X116.011 Y145.587 E.04728
G1 X117.211 Y145.587 E.04308
G1 X117.211 Y144.27 E.04728
G1 X116.011 Y144.27 E.04308
G1 X116.011 Y145.428 E.04157
G1 E-3.5 F3600
;WIPE_START
G1 F7200
G1 X116.011 Y144.27 E-.55005
G1 X117.211 Y144.27 E-.57
G1 X117.211 Y145.07 E-.37995
;WIPE_END
G1 X129.064 Y119.245 F9000
G1 E5 F2400
G1 X134.333 Y119.245 E.18916
G1 X134.333 Y120.562 E.04728
G1 X129.064 Y120.562 E.18916
G1 X129.064 Y121.879 E.04728
G1 X134.333 Y121.879 E.18916
G1 X134.333 Y123.196 E.04728
G1 X129.064 Y123.196 E.18916
G1 X129.064 Y124.513 E.04728
G1 X134.333 Y124.513 E.18916
G1 X134.333 Y125.83 E.04728
G1 X129.064 Y125.83 E.18916
G1 X129.064 Y127.148 E.04732
G1 X134.333 Y127.148 E.18916
G1 X134.333 Y128.465 E.04728
G1 X129.064 Y128.465 E.18916
G1 X129.064 Y128.839 E.01343
G1 X134.333 Y128.839 E.18916
G1 X134.333 Y128.623 E.00775
G1 E-3.5 F3600
;WIPE_START
G1 F7200
G1 X134.333 Y128.839 E-.1026
G1 X131.391 Y128.839 E-1.3974
;WIPE_END
G1 X146.187 Y145.428 F9000
G1 E5 F2400
G1 X146.187 Y144.27 E.04157
G1 X147.387 Y144.27 E.04308
G1 X147.387 Y145.587 E.04728
G1 X146.187 Y145.587 E.04308
G1 X146.187 Y146.904 E.04728
G1 X147.387 Y146.904 E.04308
G1 X147.387 Y148.221 E.04728
G1 X146.187 Y148.221 E.04308
;LAYER_CHANGE
;Z:0.6
;HEIGHT:0.11
;BEFORE_LAYER_CHANGE
G92 E0
;0.6


G1 E-3.5 F3600
;WIPE_START
G1 F7200
G1 X147.387 Y148.221 E-.57
G1 X147.387 Y146.904 E-.62558
G1 X146.746 Y146.904 E-.30442
;WIPE_END
G1 Z.6 F9000
;AFTER_LAYER_CHANGE
;0.6
G1 X148.79 Y149.856
G1 E5 F2400
;TYPE:Perimeter
;WIDTH:0.439999
;HEIGHT:0.2
G1 X148.775 Y139.438 E.34397
G1 X148.664 Y138.499 E.03122
G1 X148.369 Y137.314 E.04032
G1 X147.983 Y136.336 E.03471
G1 X147.547 Y135.526 E.03037
G1 X147.026 Y134.768 E.03037
G1 X146.341 Y133.99 E.03423
G1 X145.734 Y133.428 E.02731
G1 X144.743 Y132.715 E.04031
G1 X143.816 Y132.22 E.0347
G1 X142.959 Y131.885 E.03038
G1 X142.071 Y131.644 E.03038
G1 X141.163 Y131.501 E.03035
G1 X140.298 Y131.456 E.0286
G1 X122.693 Y131.467 E.58127
G1 X121.352 Y131.641 E.04465
G1 X120.338 Y131.919 E.03471
G1 X119.463 Y132.277 E.03121
G1 X118.29 Y132.95 E.04465
G1 X117.543 Y133.529 E.03121
G1 X116.593 Y134.492 E.04466
G1 X116.028 Y135.25 E.03121
G1 X115.427 Y136.313 E.04032
G1 X115.035 Y137.288 E.0347
G1 X114.795 Y138.176 E.03037
G1 X114.651 Y139.084 E.03035
G1 X114.606 Y139.949 E.0286
G1 X114.606 Y149.856 E.3271
G1 X113.394 Y149.856 E.04002
G1 X113.394 Y130.244 E.64753
G1 X150.003 Y130.244 E1.20873
G1 X150.003 Y132.414 E.07165
G1 X150.003 Y149.856 E.57589
G1 X148.85 Y149.856 E.03807
G1 X148.394 Y150.253 F9000
G1 F2400
G1 X148.38 Y139.481 E.35566
G1 X148.278 Y138.595 E.02945
G1 X147.984 Y137.409 E.04034
G1 X147.632 Y136.522 E.03151
G1 X147.219 Y135.749 E.02894
G1 X146.724 Y135.026 E.02893
G1 X146.068 Y134.278 E.03285
G1 X145.503 Y133.75 E.02553
G1 X144.445 Y132.997 E.04288
G1 X143.669 Y132.589 E.02895
G1 X142.853 Y132.268 E.02895
G1 X142.007 Y132.036 E.02896
G1 X141.142 Y131.898 E.02892
G1 X140.298 Y131.853 E.02791
G1 X122.693 Y131.864 E.58127
G1 X121.405 Y132.034 E.0429
G1 X120.485 Y132.287 E.0315
G1 X119.659 Y132.622 E.02943
G1 X118.531 Y133.266 E.04289
G1 X117.824 Y133.81 E.02945
G1 X117.392 Y134.242 E.02017
G1 X116.909 Y134.732 E.02272
G1 X116.374 Y135.445 E.02943
G1 X115.739 Y136.579 E.04291
G1 X115.418 Y137.394 E.02892
G1 X115.186 Y138.24 E.02896
G1 X115.048 Y139.106 E.02895
G1 X115.003 Y139.949 E.02787
G1 X115.003 Y150.253 E.34021
G1 X112.997 Y150.253 E.06623
G1 X112.997 Y129.847 E.67375
G1 X150.4 Y129.847 E1.23494
G1 X150.4 Y132.414 E.08476
G1 X150.4 Y150.253 E.58899
G1 X148.454 Y150.253 E.06425
G1 X148.007 Y150.64 F9000
;TYPE:External perimeter
;WIDTH:0.419999
G1 F1500
G1 X147.995 Y139.522 E.3486
G1 X147.903 Y138.688 E.02631
G1 X147.608 Y137.503 E.03829
G1 X147.29 Y136.703 E.02699
G1 X146.898 Y135.966 E.02617
G1 X146.429 Y135.276 E.02616
G1 X145.801 Y134.559 E.02988
G1 X145.277 Y134.064 E.0226
G1 X144.263 Y133.339 E.03908
G1 X143.525 Y132.949 E.02617
G1 X142.75 Y132.641 E.02615
G1 X141.944 Y132.418 E.02622
G1 X141.121 Y132.284 E.02614
G1 X140.298 Y132.24 E.02584
G1 X122.693 Y132.251 E.55199
G1 X121.458 Y132.418 E.03907
G1 X120.629 Y132.647 E.02697
G1 X119.849 Y132.959 E.02634
G1 X118.765 Y133.574 E.03908
G1 X118.098 Y134.084 E.02633
G1 X117.666 Y134.516 E.01916
G1 X117.217 Y134.967 E.01995
G1 X116.711 Y135.636 E.0263
G1 X116.099 Y136.722 E.03909
G1 X115.791 Y137.498 E.02618
G1 X115.568 Y138.303 E.02619
G1 X115.434 Y139.127 E.02618
G1 X115.39 Y139.949 E.02581
G1 X115.39 Y150.64 E.33521
G1 X112.61 Y150.64 E.08716
G1 X112.61 Y129.46 E.66408
G1 X150.787 Y129.46 E1.19701
G1 X150.787 Y132.414 E.09262
G1 X150.787 Y150.64 E.57146
G1 X148.067 Y150.64 E.08528
G1 E-3.5 F3600
;WIPE_START
G1 F7200
G1 X148.007 Y150.64 E-.0285
G1 X148.004 Y147.542 E-1.4715
;WIPE_END
G1 X113.751 Y139.952 F9000
G1 E5 F2400
;TYPE:Solid infill
;WIDTH:0.541991
G1 X113.751 Y139.923 E.0012
;WIDTH:0.574912
G1 X113.767 Y138.868 E.04667
G1 X113.745 Y138.693 E.0078
;WIDTH:0.529941
G1 X113.722 Y138.518 E.00715
;WIDTH:0.48497
G1 X113.7 Y138.342 E.00652
;WIDTH:0.439999
G1 X113.7 Y131.416 E.22868
G1 X116.476 Y134.192 E.12962
G1 X115.846 Y134.973 E.03313
G1 X115.096 Y136.3 E.05033
G1 X114.739 Y137.211 E.03231
G1 X114.524 Y137.987 E.02659
G1 X114.451 Y138.406 E.01404
;WIDTH:0.488569
G1 X114.404 Y138.533 E.00502
;WIDTH:0.537139
G1 X114.358 Y138.66 E.00555
;WIDTH:0.585708
G1 X114.312 Y138.787 E.0061
G1 X114.294 Y138.942 E.00704
;WIDTH:0.571551
G1 X114.249 Y139.952 E.04444
;WIDTH:0.541551
G1 X114.249 Y149.499 E.39583
G1 X113.751 Y149.499 E.02065
G1 X113.751 Y140.151 E.38758
G1 X114.078 Y138.342 F9000
;WIDTH:0.436717
G1 F2400
G1 X114.095 Y138.139 E.00667
;WIDTH:0.47126
G1 X114.11 Y137.874 E.00945
;WIDTH:0.466382
G1 X114.097 Y137.069 E.02835
;WIDTH:0.439999
G1 X114.097 Y132.375 E.15498
G1 X115.942 Y134.22 E.08615
G1 X115.5 Y134.778 E.0235
G1 X114.75 Y136.104 E.0503
G1 X114.357 Y137.105 E.03551
;WIDTH:0.4641
G1 X114.168 Y137.746 E.0234
G1 E-3.5 F3600
;WIPE_START
G1 F7200
G1 X114.357 Y137.105 E-.31743
G1 X114.75 Y136.104 E-.51081
G1 X115.446 Y134.873 E-.67176
;WIPE_END
G1 X114.494 Y135.75 F9000
G1 E5 F2400
;WIDTH:0.439999
G1 X114.494 Y133.333 E.0798
G1 X115.408 Y134.247 E.04268
G1 X115.154 Y134.582 E.01388
G1 X114.592 Y135.577 E.03773
G1 E-3.5 F3600
;WIPE_START
G1 F7200
G1 X115.154 Y134.582 E-.5428
G1 X115.408 Y134.247 E-.19969
G1 X114.494 Y133.333 E-.61398
G1 X114.494 Y133.635 E-.14353
;WIPE_END
G1 X116.743 Y133.897 F9000
G1 E5 F2400
G1 X113.7 Y130.854 E.14209
G1 X113.606 Y130.426 E.01447
;WIDTH:0.38292
G1 X113.587 Y130.497 E.00208
G1 X113.658 Y130.478 E.00208
G1 X113.647 Y130.437 E.0012
;WIDTH:0.41146
G1 X113.802 Y130.493 E.00505
;WIDTH:0.439999
G1 X113.957 Y130.55 E.00545
G1 X117.024 Y133.616 E.14319
G1 E-3.5 F3600
;WIPE_START
G1 F7200
G1 X114.791 Y131.383 E-1.5
;WIPE_END
G1 X114.659 Y130.69 F9000
G1 E5 F2400
G1 X117.304 Y133.336 E.12353
G1 X118.122 Y132.696 E.03429
G1 X119.307 Y132.014 E.04514
G1 X120.241 Y131.629 E.03336
G1 X121.246 Y131.349 E.03445
G1 X121.647 Y131.292 E.01337
;WIDTH:0.489079
G1 X121.775 Y131.25 E.005
;WIDTH:0.538159
G1 X121.904 Y131.208 E.00559
;WIDTH:0.587238
G1 X122.032 Y131.165 E.00611
G1 X122.541 Y131.116 E.02314
;WIDTH:0.552405
G1 X140.295 Y131.099 E.75213
;WIDTH:0.571527
G1 X141.305 Y131.144 E.04444
;WIDTH:0.603773
G1 X142.062 Y131.255 E.03568
G1 X141.99 Y130.984 E.01308
G1 X142.148 Y130.749 E.01321
G1 X142.17 Y130.632 E.00555
G1 X141.379 Y130.617 E.0369
;WIDTH:0.574887
G1 X140.325 Y130.601 E.04663
;WIDTH:0.541991
G1 X140.295 Y130.601 E.00124
;WIDTH:0.552405
G1 X122.541 Y130.606 E.75213
;WIDTH:0.587238
G1 X121.995 Y130.624 E.02473
G1 X121.862 Y130.599 E.00613
;WIDTH:0.538159
G1 X121.729 Y130.574 E.00557
;WIDTH:0.489079
G1 X121.596 Y130.55 E.00501
;WIDTH:0.439999
G1 X114.519 Y130.55 E.23366
G1 X115.477 Y130.947 F9000
G1 F2400
G1 X120.093 Y130.947 E.15241
;WIDTH:0.445761
G1 X121.136 Y130.95 E.03494
;WIDTH:0.446772
G1 X121.196 Y130.95 E.00201
G1 X121.138 Y130.964 E.002
;WIDTH:0.445761
G1 X120.135 Y131.247 E.03491
;WIDTH:0.439999
G1 X119.109 Y131.67 E.03664
G1 X117.924 Y132.352 E.04514
G1 X117.334 Y132.804 E.02454
G1 X115.618 Y131.087 E.08015
G1 X116.436 Y131.344 F9000
G1 F2400
G1 X118.879 Y131.344 E.08066
G1 X117.726 Y132.008 E.04393
G1 X117.367 Y132.275 E.01477
G1 X116.576 Y131.484 E.03693
G1 X117.387 Y131.695 F9000
;WIDTH:0.444908
G1 F2400
G1 X117.352 Y131.731 E.00168
G1 X117.365 Y131.779 E.00166
G1 X117.413 Y131.792 E.00166
G1 X117.449 Y131.757 E.00168
G1 X117.436 Y131.708 E.00169
G1 E-3.5 F3600
;WIPE_START
G1 F7200
G1 X117.449 Y131.757 E-.02408
G1 X117.413 Y131.792 E-.02385
G1 X117.365 Y131.779 E-.02362
G1 X117.352 Y131.731 E-.02362
G1 X117.387 Y131.695 E-.02385
;WIPE_END
G1 E-1.38098 F3600
G1 X121.196 Y130.95 F9000
G1 E5 F2400
;WIDTH:0.446772
G1 X121.396 Y130.937 E.00673
;WIDTH:0.419272
G1 X121.596 Y130.923 E.00627
G1 E-3.5 F3600
;WIPE_START
G1 F7200
G1 X121.396 Y130.937 E-.09523
G1 X121.196 Y130.95 E-.0952
;WIPE_END
G1 E-1.30957 F3600
G1 X142.542 Y131.057 F9000
G1 E5 F2400
;WIDTH:0.439999
G1 X143.097 Y131.612 E.02591
G1 X143.252 Y131.688 E.0057
;WIDTH:0.41146
G1 X143.408 Y131.764 E.00532
;WIDTH:0.38292
G1 X143.419 Y131.805 E.0012
G1 X143.348 Y131.824 E.00208
G1 X143.367 Y131.753 E.00208
G1 X144.3 Y132.151 F9000
G1 F2400
G1 X144.281 Y132.222 E.00208
G1 X144.352 Y132.203 E.00208
G1 X144.341 Y132.162 E.0012
;WIDTH:0.41146
G1 X144.186 Y132.073 E.00548
;WIDTH:0.439999
G1 X144.03 Y131.984 E.00593
G1 X142.632 Y130.586 E.06528
G1 X143.158 Y130.55 E.01741
G1 X145.467 Y132.859 E.10782
G1 X145.608 Y132.979 E.00611
;WIDTH:0.41146
G1 X145.748 Y133.098 E.00563
;WIDTH:0.38292
G1 X146.689 Y133.994 E.03673
;WIDTH:0.387694
G1 X147.209 Y134.564 E.02212
G1 E-3.5 F3600
;WIPE_START
G1 F7200
G1 X146.689 Y133.994 E-.36649
G1 X145.748 Y133.098 E-.61719
G1 X145.608 Y132.979 E-.08728
G1 X145.467 Y132.859 E-.08795
G1 X144.959 Y132.351 E-.34109
;WIPE_END
G1 X148.629 Y137.144 F9000
G1 E5 F2400
;WIDTH:0.439999
G1 X149.197 Y137.712 E.02652
G1 X149.135 Y139.421 F9000
;WIDTH:0.552295
G1 F2400
G1 X149.134 Y139.391 E.00127
;WIDTH:0.601729
G1 X149.06 Y138.567 E.03844
G1 X148.988 Y138.202 E.01729
G1 X149.156 Y138.269 E.0084
G1 X149.267 Y138.263 E.00517
G1 X149.453 Y138.132 E.01057
G1 X149.617 Y138.084 E.00794
G1 X149.629 Y138.977 E.0415
;WIDTH:0.576106
G1 X149.642 Y139.421 E.01969
;WIDTH:0.550482
G1 X149.646 Y149.249 E.41478
;WIDTH:0.542463
G1 X149.646 Y149.499 E.01038
G1 X149.147 Y149.499 E.02073
G1 X149.147 Y149.249 E.01038
;WIDTH:0.55032
G1 X149.135 Y139.62 E.40625
G1 E-3.5 F3600
;WIPE_START
G1 F7200
G1 X149.139 Y142.778 E-1.5
;WIPE_END
G1 X149.669 Y137.622 F9000
G1 E5 F2400
;WIDTH:0.439999
G1 X148.263 Y136.217 E.06563
G1 X148.175 Y136.061 E.00591
;WIDTH:0.41146
G1 X148.087 Y135.906 E.00546
;WIDTH:0.38292
G1 X148.098 Y135.947 E.0012
G1 X148.027 Y135.966 E.00208
G1 X148.046 Y135.895 E.00208
G1 X147.453 Y134.845 F9000
;WIDTH:0.439999
G1 F2400
G1 X149.697 Y137.089 E.10478
G1 X149.771 Y136.934 E.00567
;WIDTH:0.41146
G1 X149.844 Y136.779 E.00525
;WIDTH:0.38292
G1 X149.855 Y136.82 E.0012
G1 X149.784 Y136.839 E.00208
G1 X149.803 Y136.768 E.00208
;WIDTH:0.439999
G1 X149.697 Y136.528 E.00866
G1 X143.719 Y130.55 E.27913
G1 X144.281 Y130.55 E.01856
G1 X149.697 Y135.966 E.25289
G1 X149.697 Y135.405 E.01852
G1 X144.843 Y130.55 E.22667
G1 X145.404 Y130.55 E.01852
G1 X149.697 Y134.843 E.20045
G1 X149.697 Y134.282 E.01852
G1 X145.966 Y130.55 E.17424
G1 X146.527 Y130.55 E.01852
G1 X149.697 Y133.72 E.14802
G1 X149.697 Y133.159 E.01852
G1 X147.089 Y130.55 E.1218
G1 X147.65 Y130.55 E.01852
G1 X149.697 Y132.597 E.09558
G1 E-3.5 F3600
;WIPE_START
G1 F7200
G1 X147.65 Y130.55 E-1.37508
G1 X147.387 Y130.55 E-.12492
;WIPE_END
G1 X148.352 Y130.69 F9000
G1 E5 F2400
G1 X149.697 Y132.035 E.0628
G1 X149.697 Y130.55 E.04903
G1 X148.212 Y130.55 E.04903
G1 X149.247 Y130.928 F9000
;WIDTH:0.51602
G1 F2400
G1 X149.205 Y130.97 E.00234
G1 X149.22 Y131.027 E.00232
G1 X149.278 Y131.042 E.00236
G1 X149.319 Y131 E.00231
G1 X149.304 Y130.943 E.00232
;LAYER_CHANGE
;Z:0.8
;HEIGHT:0.2
;BEFORE_LAYER_CHANGE
G92 E0
;0.8


G1 E-3.5 F3600
;WIPE_START
G1 F7200
G1 X149.319 Y131 E-.028
G1 X149.278 Y131.042 E-.02788
G1 X149.22 Y131.027 E-.02846
G1 X149.205 Y130.97 E-.028
G1 X149.247 Y130.928 E-.02821
;WIPE_END
G1 E-1.35945 F3600
G1 Z.8 F9000
;AFTER_LAYER_CHANGE
;0.8
G1 X116.011 Y148.221
G1 E5 F2400
;TYPE:Support material
;WIDTH:0.36
;HEIGHT:0.31
G1 X117.211 Y148.221 E.04539
G1 X117.211 Y146.904 E.04981
G1 X116.011 Y146.904 E.04539
G1 X116.011 Y145.587 E.04981
G1 X117.211 Y145.587 E.04539
G1 X117.211 Y144.27 E.04981
G1 X116.011 Y144.27 E.04539
G1 X116.011 Y145.428 E.0438
G1 E-3.5 F3600
;WIPE_START
G1 F7200
G1 X116.011 Y144.27 E-.55005
G1 X117.211 Y144.27 E-.57
G1 X117.211 Y145.07 E-.37995
;WIPE_END
G1 X129.064 Y119.245 F9000
G1 E5 F2400
G1 X134.333 Y119.245 E.19929
G1 X134.333 Y120.562 E.04981
G1 X129.064 Y120.562 E.19929
G1 X129.064 Y121.879 E.04981
G1 X134.333 Y121.879 E.19929
G1 X134.333 Y123.196 E.04981
G1 X129.064 Y123.196 E.19929
G1 X129.064 Y124.513 E.04981
G1 X134.333 Y124.513 E.19929
G1 X134.333 Y125.83 E.04981
G1 X129.064 Y125.83 E.19929
G1 X129.064 Y127.148 E.04985
G1 X134.333 Y127.148 E.19929
G1 X134.333 Y128.465 E.04981
G1 X129.064 Y128.465 E.19929
G1 X129.064 Y128.839 E.01415
G1 X134.333 Y128.839 E.19929
G1 X134.333 Y128.623 E.00817
G1 E-3.5 F3600
;WIPE_START
G1 F7200
G1 X134.333 Y128.839 E-.1026
G1 X131.391 Y128.839 E-1.3974
;WIPE_END
G1 X146.187 Y145.428 F9000
G1 E5 F2400
G1 X146.187 Y144.27 E.0438
G1 X147.387 Y144.27 E.04539
G1 X147.387 Y145.587 E.04981
G1 X146.187 Y145.587 E.04539
G1 X146.187 Y146.904 E.04981
G1 X147.387 Y146.904 E.04539
G1 X147.387 Y148.221 E.04981
G1 X146.187 Y148.221 E.04539
G1 E-3.5 F3600
;WIPE_START
G1 F7200
G1 X147.387 Y148.221 E-.57
G1 X147.387 Y146.904 E-.62558
G1 X146.746 Y146.904 E-.30442
;WIPE_END
G1 X113.394 Y130.244 F9000
G1 E5 F2400
;TYPE:Perimeter
;WIDTH:0.439999
;HEIGHT:0.2
G1 X150.003 Y130.244 E1.20873
G1 X150.003 Y132.414 E.07165
G1 X150.003 Y149.856 E.57589
G1 X148.79 Y149.856 E.04005
G1 X148.775 Y139.438 E.34397
G1 X148.664 Y138.499 E.03122
G1 X148.369 Y137.314 E.04032
G1 X147.983 Y136.336 E.03471
G1 X147.547 Y135.526 E.03037
G1 X147.026 Y134.768 E.03037
G1 X146.341 Y133.99 E.03423
G1 X145.734 Y133.428 E.02731
G1 X144.743 Y132.715 E.04031
G1 X143.816 Y132.22 E.0347
G1 X142.959 Y131.885 E.03038
G1 X142.071 Y131.644 E.03038
G1 X141.163 Y131.501 E.03035
G1 X140.298 Y131.456 E.0286
G1 X122.693 Y131.467 E.58127
G1 X121.352 Y131.641 E.04465
G1 X120.338 Y131.919 E.03471
G1 X119.463 Y132.277 E.03121
G1 X118.29 Y132.95 E.04465
G1 X117.543 Y133.529 E.03121
G1 X116.593 Y134.492 E.04466
G1 X116.028 Y135.25 E.03121
G1 X115.427 Y136.313 E.04032
G1 X115.035 Y137.288 E.0347
G1 X114.795 Y138.176 E.03037
G1 X114.651 Y139.084 E.03035
G1 X114.606 Y139.949 E.0286
G1 X114.606 Y149.856 E.3271
G1 X113.394 Y149.856 E.04002
G1 X113.394 Y130.304 E.64555
G1 X112.997 Y129.847 F9000
G1 F2400
G1 X150.4 Y129.847 E1.23494
G1 X150.4 Y132.414 E.08476
G1 X150.4 Y150.253 E.58899
G1 X148.394 Y150.253 E.06623
G1 X148.38 Y139.481 E.35566
G1 X148.278 Y138.595 E.02945
G1 X147.984 Y137.409 E.04034
G1 X147.632 Y136.522 E.03151
G1 X147.219 Y135.749 E.02894
G1 X146.724 Y135.026 E.02893
G1 X146.068 Y134.278 E.03285
G1 X145.503 Y133.75 E.02553
G1 X144.445 Y132.997 E.04288
G1 X143.669 Y132.589 E.02895
G1 X142.853 Y132.268 E.02895
G1 X142.007 Y132.036 E.02896
G1 X141.142 Y131.898 E.02892
G1 X140.298 Y131.853 E.02791
G1 X122.693 Y131.864 E.58127
G1 X121.405 Y132.034 E.0429
G1 X120.485 Y132.287 E.0315
G1 X119.659 Y132.622 E.02943
G1 X118.531 Y133.266 E.04289
G1 X117.824 Y133.81 E.02945
G1 X117.392 Y134.242 E.02017
G1 X116.909 Y134.732 E.02272
G1 X116.374 Y135.445 E.02943
G1 X115.739 Y136.579 E.04291
G1 X115.418 Y137.394 E.02892
G1 X115.186 Y138.24 E.02896
G1 X115.048 Y139.106 E.02895
G1 X115.003 Y139.949 E.02787
G1 X115.003 Y150.253 E.34021
G1 X112.997 Y150.253 E.06623
G1 X112.997 Y129.907 E.67177
G1 X112.61 Y129.46 F9000
;TYPE:External perimeter
;WIDTH:0.419999
G1 F1500
G1 X150.787 Y129.46 E1.19701
G1 X150.787 Y132.414 E.09262
G1 X150.787 Y150.64 E.57146
G1 X148.007 Y150.64 E.08716
G1 X147.995 Y139.522 E.3486
G1 X147.903 Y138.688 E.02631
G1 X147.608 Y137.503 E.03829
G1 X147.29 Y136.703 E.02699
G1 X146.898 Y135.966 E.02617
G1 X146.429 Y135.276 E.02616
G1 X145.801 Y134.559 E.02988
G1 X145.277 Y134.064 E.0226
G1 X144.263 Y133.339 E.03908
G1 X143.525 Y132.949 E.02617
G1 X142.75 Y132.641 E.02615
G1 X141.944 Y132.418 E.02622
G1 X141.121 Y132.284 E.02614
G1 X140.298 Y132.24 E.02584
G1 X122.693 Y132.251 E.55199
G1 X121.458 Y132.418 E.03907
G1 X120.629 Y132.647 E.02697
G1 X119.849 Y132.959 E.02634
G1 X118.765 Y133.574 E.03908
G1 X118.098 Y134.084 E.02633
G1 X117.666 Y134.516 E.01916
G1 X117.217 Y134.967 E.01995
G1 X116.711 Y135.636 E.0263
G1 X116.099 Y136.722 E.03909
G1 X115.791 Y137.498 E.02618
G1 X115.568 Y138.303 E.02619
G1 X115.434 Y139.127 E.02618
G1 X115.39 Y139.949 E.02581
G1 X115.39 Y150.64 E.33521
G1 X112.61 Y150.64 E.08716
G1 X112.61 Y129.52 E.6622
G1 E-3.5 F3600
;WIPE_START
G1 F7200
G1 X112.61 Y129.46 E-.0285
G1 X115.708 Y129.46 E-1.4715
;WIPE_END
G1 X140.096 Y130.601 F9000
G1 E5 F2400
;TYPE:Solid infill
;WIDTH:0.552405
G1 X122.541 Y130.606 E.7437
;WIDTH:0.581245
G1 X122.1 Y130.621 E.01975
;WIDTH:0.610085
G1 X121.227 Y130.635 E.04118
G1 X121.294 Y130.702 E.00447
G1 X121.377 Y130.91 E.01056
G1 X121.294 Y131.103 E.00991
G1 X121.093 Y131.304 E.01341
G1 X121.698 Y131.199 E.02896
G1 X122.103 Y131.158 E.0192
;WIDTH:0.582427
G1 X122.507 Y131.117 E.01822
;WIDTH:0.554769
G1 X122.541 Y131.116 E.00145
;WIDTH:0.552405
G1 X140.295 Y131.099 E.75213
;WIDTH:0.571527
G1 X141.305 Y131.144 E.04444
;WIDTH:0.585707
G1 X141.461 Y131.162 E.00709
G1 X141.588 Y131.208 E.0061
;WIDTH:0.537138
G1 X141.714 Y131.254 E.00551
;WIDTH:0.488569
G1 X141.841 Y131.301 E.00502
;WIDTH:0.439999
G1 X142.26 Y131.374 E.01404
G1 X143.037 Y131.589 E.02662
G1 X144.039 Y131.987 E.0356
G1 X144.905 Y132.457 E.03253
G1 X145.985 Y133.246 E.04416
G1 X148.681 Y130.55 E.12589
G1 X141.905 Y130.55 E.22372
;WIDTH:0.484962
G1 X141.73 Y130.572 E.00648
;WIDTH:0.529925
G1 X141.555 Y130.595 E.00715
;WIDTH:0.574887
G1 X141.379 Y130.617 E.00785
G1 X140.325 Y130.601 E.04663
;WIDTH:0.541991
G1 X140.295 Y130.601 E.00124
G1 X141.905 Y130.928 F9000
;WIDTH:0.436673
G1 F2400
G1 X142.108 Y130.945 E.00667
;WIDTH:0.471174
G1 X142.311 Y130.963 E.00726
G1 X142.501 Y131.018 E.00704
;WIDTH:0.464037
G1 X143.143 Y131.207 E.02343
;WIDTH:0.439999
G1 X144.186 Y131.618 E.03701
G1 X145.095 Y132.108 E.0341
G1 X145.951 Y132.718 E.0347
G1 X147.722 Y130.947 E.08269
G1 X143.178 Y130.947 E.15003
;WIDTH:0.466306
G1 X142.373 Y130.96 E.02834
;WIDTH:0.471174
G1 X142.311 Y130.963 E.00221
G1 E-3.5 F3600
;WIPE_START
G1 F7200
G1 X142.373 Y130.96 E-.02948
G1 X143.178 Y130.947 E-.38242
G1 X145.469 Y130.947 E-1.0881
;WIPE_END
G1 X144.521 Y131.344 F9000
G1 E5 F2400
;WIDTH:0.439999
G1 X146.763 Y131.344 E.07402
G1 X145.909 Y132.199 E.0399
G1 X145.284 Y131.76 E.02522
G1 X144.696 Y131.439 E.02212
G1 E-3.5 F3600
;WIPE_START
G1 F7200
G1 X145.284 Y131.76 E-.31821
G1 X145.909 Y132.199 E-.36279
G1 X146.763 Y131.344 E-.57401
G1 X146.247 Y131.344 E-.24499
;WIPE_END
G1 X146.274 Y133.518 F9000
G1 E5 F2400
G1 X149.242 Y130.55 E.13859
G1 X149.858 Y130.419 E.02079
;WIDTH:0.38292
G1 X149.787 Y130.4 E.00208
G1 X149.806 Y130.471 E.00208
G1 X149.847 Y130.46 E.0012
;WIDTH:0.41146
G1 X149.772 Y130.558 E.00378
;WIDTH:0.439999
G1 X149.697 Y130.656 E.00407
G1 X146.564 Y133.79 E.14631
G1 X146.839 Y134.077 E.01312
G1 X149.697 Y131.218 E.13347
G1 X149.697 Y131.779 E.01852
G1 X147.094 Y134.382 E.12154
G1 X147.349 Y134.689 E.01318
G1 X149.697 Y132.341 E.10964
G1 X149.797 Y132.28 E.00387
;WIDTH:0.41146
G1 X149.897 Y132.219 E.00359
;WIDTH:0.38292
G1 X149.856 Y132.23 E.0012
G1 X149.837 Y132.159 E.00208
G1 X149.908 Y132.178 E.00208
;WIDTH:0.439999
G1 X149.697 Y132.903 E.02493
G1 X149.697 Y137.12 E.13923
;WIDTH:0.478672
G1 X149.678 Y137.422 E.01096
;WIDTH:0.517344
G1 X149.659 Y137.724 E.01194
;WIDTH:0.556016
G1 X149.639 Y138.027 E.01296
;WIDTH:0.594688
G1 X149.62 Y138.329 E.01388
;WIDTH:0.609719
G1 X149.627 Y138.91 E.02738
;WIDTH:0.580101
G1 X149.642 Y139.421 E.02283
;WIDTH:0.550482
G1 X149.646 Y149.249 E.41478
;WIDTH:0.542464
G1 X149.646 Y149.499 E.01038
G1 X149.147 Y149.499 E.02073
G1 X149.147 Y149.249 E.01038
;WIDTH:0.550482
G1 X149.135 Y139.421 E.41478
;WIDTH:0.552293
G1 X149.134 Y139.391 E.00127
;WIDTH:0.594688
G1 X149.034 Y138.401 E.04565
G1 X148.942 Y138.112 E.01391
;WIDTH:0.556016
G1 X148.851 Y137.823 E.01293
;WIDTH:0.517344
G1 X148.759 Y137.534 E.01196
;WIDTH:0.478672
G1 X148.667 Y137.246 E.01095
;WIDTH:0.439999
G1 X148.251 Y136.188 E.03754
G1 X147.864 Y135.46 E.02722
G1 X147.574 Y135.026 E.01723
G1 X149.557 Y133.043 E.09259
G1 X149.3 Y133.861 F9000
G1 F2400
G1 X149.3 Y138.146 E.14148
G1 X149.029 Y137.075 E.03648
G1 X148.629 Y136.063 E.03593
G1 X148.085 Y135.077 E.03718
G1 X149.16 Y134.002 E.0502
G1 X148.932 Y134.75 E.02582
;WIDTH:0.381914
G1 X148.929 Y135.829 E.03041
G1 X148.554 Y135.128 E.02241
G1 X148.792 Y134.89 E.00949
G1 E-3.5 F3600
;WIPE_START
G1 F7200
G1 X148.554 Y135.128 E-.15988
G1 X148.929 Y135.829 E-.37763
G1 X148.932 Y134.75 E-.51253
G1 X149.16 Y134.002 E-.37144
G1 X149.043 Y134.119 E-.07852
;WIPE_END
G1 X114.442 Y137.958 F9000
G1 E5 F2400
;WIDTH:0.606033
G1 X114.294 Y138.942 E.04659
;WIDTH:0.571552
G1 X114.249 Y139.952 E.04444
;WIDTH:0.541552
G1 X114.249 Y149.499 E.39583
G1 X113.751 Y149.499 E.02065
G1 X113.751 Y139.952 E.39583
;WIDTH:0.54199
G1 X113.751 Y139.923 E.0012
;WIDTH:0.574911
G1 X113.767 Y138.868 E.04667
;WIDTH:0.606033
G1 X113.783 Y138.088 E.03653
G1 X114.06 Y138.221 E.01439
G1 X114.255 Y138.138 E.00992
G1 X114.299 Y138.096 E.00285
G1 E-3.5 F3600
;WIPE_START
G1 F7200
G1 X114.255 Y138.138 E-.02889
G1 X114.06 Y138.221 E-.10067
G1 X113.783 Y138.088 E-.14596
G1 X113.767 Y138.868 E-.37058
G1 X113.751 Y139.923 E-.50118
G1 X113.751 Y139.952 E-.01377
G1 X113.751 Y140.666 E-.33895
;WIPE_END
G1 X113.792 Y130.642 F9000
G1 E5 F2400
;WIDTH:0.53634
G1 X113.732 Y130.658 E.00255
G1 X113.689 Y130.614 E.00252
G1 X113.704 Y130.554 E.00254
G1 X113.764 Y130.538 E.00255
G1 X113.808 Y130.582 E.00255
;WIDTH:0.439999
G1 X114.426 Y130.55 E.02043
G1 X113.7 Y131.276 E.0339
G1 X113.7 Y131.837 E.01852
G1 X114.987 Y130.55 E.06009
G1 X115.549 Y130.55 E.01856
G1 X113.7 Y132.399 E.08634
G1 X113.7 Y132.961 E.01856
G1 X116.111 Y130.55 E.11258
G1 X116.672 Y130.55 E.01852
G1 X113.7 Y133.522 E.13877
G1 X113.7 Y134.084 E.01856
G1 X117.234 Y130.55 E.16501
G1 X117.795 Y130.55 E.01852
G1 X113.7 Y134.645 E.19121
G1 X113.7 Y135.207 E.01856
G1 X118.357 Y130.55 E.21745
G1 X118.918 Y130.55 E.01852
G1 X113.7 Y135.768 E.24365
G1 X113.7 Y136.33 E.01856
G1 X119.48 Y130.55 E.26989
G1 X120.041 Y130.55 E.01852
G1 X113.7 Y136.891 E.29608
G1 X113.662 Y137.026 E.00463
;WIDTH:0.41146
G1 X113.625 Y137.161 E.00429
;WIDTH:0.38292
G1 X113.554 Y137.142 E.00208
G1 X113.573 Y137.213 E.00208
G1 X113.614 Y137.202 E.0012
;WIDTH:0.439999
G1 X113.7 Y137.453 E.00876
G1 X115.411 Y135.742 E.07989
G1 X115.518 Y135.602 E.00582
;WIDTH:0.41146
G1 X115.624 Y135.461 E.00541
;WIDTH:0.38292
G1 X115.958 Y135.024 E.01555
G1 X115.107 Y136.542 F9000
G1 F2400
G1 X115.036 Y136.523 E.00208
G1 X115.055 Y136.594 E.00208
G1 X115.096 Y136.583 E.0012
;WIDTH:0.41146
G1 X114.988 Y136.708 E.00506
;WIDTH:0.439999
G1 X114.056 Y137.658 E.04394
G1 E-3.5 F3600
;WIPE_START
G1 F7200
G1 X114.988 Y136.708 E-.63215
G1 X115.096 Y136.583 E-.07847
G1 X115.055 Y136.594 E-.02016
G1 X115.036 Y136.523 E-.03491
G1 X115.107 Y136.542 E-.03491
;WIPE_END
G1 E-.6994 F3600
G1 X118.174 Y132.807 F9000
G1 E5 F2400
;WIDTH:0.38292
G1 X118.63 Y132.457 E.01625
;WIDTH:0.41146
G1 X118.77 Y132.35 E.0054
;WIDTH:0.439999
G1 X118.911 Y132.242 E.00586
G1 X120.603 Y130.55 E.07901
G1 X120.812 Y130.902 E.01352
G1 X119.978 Y131.736 E.03894
G1 X119.859 Y131.824 E.00489
;WIDTH:0.41146
G1 X119.739 Y131.912 E.00456
;WIDTH:0.38292
G1 X119.668 Y131.893 E.00208
G1 X119.687 Y131.964 E.00208
G1 X119.728 Y131.953 E.0012
;LAYER_CHANGE
;Z:1
;HEIGHT:0.2
;BEFORE_LAYER_CHANGE
G92 E0
;1


G1 E-3.5 F3600
;WIPE_START
G1 F7200
G1 X119.687 Y131.964 E-.02016
G1 X119.668 Y131.893 E-.03491
G1 X119.739 Y131.912 E-.03491
G1 X119.859 Y131.824 E-.07068
G1 X119.978 Y131.736 E-.0703
G1 X120.812 Y130.902 E-.56024
G1 X120.603 Y130.55 E-.19445
G1 X119.837 Y131.316 E-.51435
;WIPE_END
G1 Z1 F9000
;AFTER_LAYER_CHANGE
;1
G1 X113.394 Y130.244
G1 E5 F2400
;TYPE:Perimeter
;WIDTH:0.439999
G1 F1791
G1 X150.003 Y130.244 E1.20873
G1 X150.003 Y132.414 E.07165
G1 X150.003 Y149.856 E.57589
G1 X148.79 Y149.856 E.04005
G1 X148.775 Y139.438 E.34397
G1 X148.664 Y138.499 E.03122
G1 X148.369 Y137.314 E.04032
G1 X147.983 Y136.336 E.03471
G1 X147.547 Y135.526 E.03037
G1 X147.026 Y134.768 E.03037
G1 X146.341 Y133.99 E.03423
G1 X145.734 Y133.428 E.02731
G1 X144.743 Y132.715 E.04031
G1 X143.816 Y132.22 E.0347
G1 X142.959 Y131.885 E.03038
G1 X142.071 Y131.644 E.03038
G1 X141.163 Y131.501 E.03035
G1 X140.298 Y131.456 E.0286
G1 X122.693 Y131.467 E.58127
G1 X121.352 Y131.641 E.04465
G1 X120.338 Y131.919 E.03471
G1 X119.463 Y132.277 E.03121
G1 X118.29 Y132.95 E.04465
G1 X117.543 Y133.529 E.03121
G1 X116.593 Y134.492 E.04466
G1 X116.028 Y135.25 E.03121
G1 X115.427 Y136.313 E.04032
G1 X115.035 Y137.288 E.0347
G1 X114.795 Y138.176 E.03037
G1 X114.651 Y139.084 E.03035
G1 X114.606 Y139.949 E.0286
G1 X114.606 Y149.856 E.3271
G1 X113.394 Y149.856 E.04002
G1 X113.394 Y130.304 E.64555
G1 X112.997 Y129.847 F9000
G1 F1791
G1 X150.4 Y129.847 E1.23494
G1 X150.4 Y132.414 E.08476
G1 X150.4 Y150.253 E.58899
G1 X148.394 Y150.253 E.06623
G1 X148.38 Y139.481 E.35566
G1 X148.278 Y138.595 E.02945
G1 X147.984 Y137.409 E.04034
G1 X147.632 Y136.522 E.03151
G1 X147.219 Y135.749 E.02894
G1 X146.724 Y135.026 E.02893
G1 X146.068 Y134.278 E.03285
G1 X145.503 Y133.75 E.02553
G1 X144.445 Y132.997 E.04288
G1 X143.669 Y132.589 E.02895
G1 X142.853 Y132.268 E.02895
G1 X142.007 Y132.036 E.02896
G1 X141.142 Y131.898 E.02892
G1 X140.298 Y131.853 E.02791
G1 X122.693 Y131.864 E.58127
G1 X121.405 Y132.034 E.0429
G1 X120.485 Y132.287 E.0315
G1 X119.659 Y132.622 E.02943
G1 X118.531 Y133.266 E.04289
G1 X117.824 Y133.81 E.02945
G1 X117.392 Y134.242 E.02017
G1 X116.909 Y134.732 E.02272
G1 X116.374 Y135.445 E.02943
G1 X115.739 Y136.579 E.04291
G1 X115.418 Y137.394 E.02892
G1 X115.186 Y138.24 E.02896
G1 X115.048 Y139.106 E.02895
G1 X115.003 Y139.949 E.02787
G1 X115.003 Y150.253 E.34021
G1 X112.997 Y150.253 E.06623
G1 X112.997 Y129.907 E.67177
G1 X112.61 Y129.46 F9000
;TYPE:External perimeter
;WIDTH:0.419999
G1 F1500
G1 X150.787 Y129.46 E1.19701
G1 X150.787 Y132.414 E.09262
G1 X150.787 Y150.64 E.57146
G1 X148.007 Y150.64 E.08716
G1 X147.995 Y139.522 E.3486
G1 X147.903 Y138.688 E.02631
G1 X147.608 Y137.503 E.03829
G1 X147.29 Y136.703 E.02699
G1 X146.898 Y135.966 E.02617
G1 X146.429 Y135.276 E.02616
G1 X145.801 Y134.559 E.02988
G1 X145.277 Y134.064 E.0226
G1 X144.263 Y133.339 E.03908
G1 X143.525 Y132.949 E.02617
G1 X142.75 Y132.641 E.02615
G1 X141.944 Y132.418 E.02622
G1 X141.121 Y132.284 E.02614
G1 X140.298 Y132.24 E.02584
G1 X122.693 Y132.251 E.55199
G1 X121.458 Y132.418 E.03907
G1 X120.629 Y132.647 E.02697
G1 X119.849 Y132.959 E.02634
G1 X118.765 Y133.574 E.03908
G1 X118.098 Y134.084 E.02633
G1 X117.666 Y134.516 E.01916
G1 X117.217 Y134.967 E.01995
G1 X116.711 Y135.636 E.0263
G1 X116.099 Y136.722 E.03909
G1 X115.791 Y137.498 E.02618
G1 X115.568 Y138.303 E.02619
G1 X115.434 Y139.127 E.02618
G1 X115.39 Y139.949 E.02581
G1 X115.39 Y150.64 E.33521
G1 X112.61 Y150.64 E.08716
G1 X112.61 Y129.52 E.6622
G1 E-3.5 F3600
;WIPE_START
G1 F7200
G1 X112.61 Y129.46 E-.0285
G1 X115.708 Y129.46 E-1.4715
;WIPE_END
G1 X116.104 Y130.55 F9000
G1 E5 F2400
;TYPE:Internal infill
;WIDTH:0.44
G1 F1791
G1 X113.721 Y130.55 E.07868
G1 X116.906 Y133.734 E.1487
G1 X117.332 Y133.308 E.01989
G1 X118.11 Y132.703 E.03254
G1 X118.798 Y132.307 E.02621
G1 E-3.5 F3600
;WIPE_START
G1 F7200
G1 X118.11 Y132.703 E-.37707
G1 X117.332 Y133.308 E-.46814
G1 X116.906 Y133.734 E-.28617
G1 X116.357 Y133.185 E-.36862
;WIPE_END
G1 X113.7 Y148.755 F9000
G1 E5 F2400
G1 F1791
G1 X113.7 Y149.55 E.02625
G1 X114.3 Y149.55 E.01981
G1 X114.3 Y149.099 E.01489
G1 X113.7 Y148.498 E.02804
G1 X113.7 Y148.556 E.00192
G1 X114.3 Y147.956 E.02802
G1 X114.3 Y144.606 E.11061
G1 X113.7 Y144.006 E.02802
G1 X113.7 Y144.064 E.00192
G1 X114.3 Y143.464 E.02802
G1 X114.3 Y140.114 E.11061
G1 X113.7 Y139.513 E.02804
G1 X113.7 Y139.571 E.00192
G1 X114.365 Y138.906 E.03105
G1 X114.521 Y137.996 E.03048
G1 X114.783 Y137.08 E.03146
G1 X115.061 Y136.382 E.02481
G1 X113.7 Y135.021 E.06355
G1 X113.7 Y135.079 E.00192
G1 X118.214 Y130.55 E.21113
G1 X119.568 Y131.905 E.06325
G1 X120.23 Y131.633 E.02363
G1 X121.259 Y131.345 E.03528
G1 X122.032 Y131.24 E.02576
G1 X122.706 Y130.55 E.03185
G1 X123.327 Y131.171 E.029
G1 X126.597 Y131.167 E.10797
G1 X127.199 Y130.55 E.02846
G1 X127.814 Y131.165 E.02872
G1 X131.095 Y131.161 E.10833
G1 X131.691 Y130.55 E.02818
G1 X132.301 Y131.16 E.02848
G1 X135.593 Y131.156 E.10869
G1 X136.183 Y130.55 E.02793
G1 X136.788 Y131.154 E.02823
G1 X140.091 Y131.15 E.10906
G1 X140.691 Y130.55 E.02802
G1 X141.341 Y131.215 E.0307
G1 X142.251 Y131.371 E.03048
G1 X143.047 Y131.592 E.02728
G1 X143.83 Y131.904 E.02783
G1 X145.168 Y130.55 E.06285
G1 X149.697 Y135.079 E.21147
G1 X149.697 Y135.021 E.00192
G1 X148.331 Y136.388 E.06381
G1 X148.664 Y137.233 E.02999
G1 X148.962 Y138.431 E.04076
G1 X149.017 Y138.891 E.0153
G1 X149.697 Y139.571 E.03175
G1 X149.697 Y139.513 E.00192
G1 X149.081 Y140.13 E.02879
G1 X149.086 Y143.452 E.10968
G1 X149.697 Y144.064 E.02855
G1 X149.697 Y144.006 E.00192
G1 X149.088 Y144.615 E.02844
G1 X149.093 Y147.952 E.11018
G1 X149.697 Y148.556 E.0282
G1 X149.697 Y148.498 E.00192
G1 X149.095 Y149.101 E.02813
G1 X149.096 Y149.55 E.01482
G1 X149.697 Y149.55 E.01984
G1 X149.697 Y148.755 E.02625
G1 E-3.5 F3600
;WIPE_START
G1 F7200
G1 X149.697 Y149.55 E-.37763
G1 X149.096 Y149.55 E-.28547
G1 X149.095 Y149.101 E-.21328
G1 X149.697 Y148.498 E-.40473
G1 X149.697 Y148.556 E-.02755
G1 X149.412 Y148.271 E-.19134
;WIPE_END
G1 X144.606 Y132.294 F9000
G1 E5 F2400
G1 F1791
G1 X145.918 Y133.183 E.05233
G1 X146.498 Y133.728 E.02628
G1 X149.676 Y130.55 E.14839
G1 X147.294 Y130.55 E.07865
;LAYER_CHANGE
;Z:1.07
;HEIGHT:0.0700001
;BEFORE_LAYER_CHANGE
G92 E0
;1.07


G1 E-3.5 F3600
;WIPE_START
G1 F7200
G1 X149.676 Y130.55 E-1.13145
G1 X149.127 Y131.099 E-.36855
;WIPE_END
G1 Z1.07 F9000
;AFTER_LAYER_CHANGE
;1.07
G1 X116.011 Y148.221
G1 E5 F2400
;TYPE:Support material
;WIDTH:0.36
;HEIGHT:0.27
G1 F2387
G1 X117.211 Y148.221 E.04069
G1 X117.211 Y146.904 E.04466
G1 X116.011 Y146.904 E.04069
G1 X116.011 Y145.587 E.04466
G1 X117.211 Y145.587 E.04069
G1 X117.211 Y144.27 E.04466
G1 X116.011 Y144.27 E.04069
G1 X116.011 Y145.428 E.03926
G1 E-3.5 F3600
;WIPE_START
G1 F7200
G1 X116.011 Y144.27 E-.55005
G1 X117.211 Y144.27 E-.57
G1 X117.211 Y145.07 E-.37995
;WIPE_END
G1 X129.064 Y119.245 F9000
G1 E5 F2400
G1 F2387
G1 X134.333 Y119.245 E.17866
G1 X134.333 Y120.562 E.04466
G1 X129.064 Y120.562 E.17866
G1 X129.064 Y121.879 E.04466
G1 X134.333 Y121.879 E.17866
G1 X134.333 Y123.196 E.04466
G1 X129.064 Y123.196 E.17866
G1 X129.064 Y124.513 E.04466
G1 X134.333 Y124.513 E.17866
G1 X134.333 Y125.83 E.04466
G1 X129.064 Y125.83 E.17866
G1 X129.064 Y127.148 E.04469
G1 X134.333 Y127.148 E.17866
G1 X134.333 Y128.465 E.04466
G1 X129.064 Y128.465 E.17866
G1 X129.064 Y128.839 E.01268
G1 X134.333 Y128.839 E.17866
G1 X134.333 Y128.623 E.00732
G1 E-3.5 F3600
;WIPE_START
G1 F7200
G1 X134.333 Y128.839 E-.1026
G1 X131.391 Y128.839 E-1.3974
;WIPE_END
G1 X146.187 Y145.428 F9000
G1 E5 F2400
G1 F2387
G1 X146.187 Y144.27 E.03926
G1 X147.387 Y144.27 E.04069
G1 X147.387 Y145.587 E.04466
G1 X146.187 Y145.587 E.04069
G1 X146.187 Y146.904 E.04466
G1 X147.387 Y146.904 E.04069
G1 X147.387 Y148.221 E.04466
G1 X146.187 Y148.221 E.04069
;LAYER_CHANGE
;Z:1.2
;HEIGHT:0.13
;BEFORE_LAYER_CHANGE
G92 E0
;1.2


G1 E-3.5 F3600
;WIPE_START
G1 F7200
G1 X147.387 Y148.221 E-.57
G1 X147.387 Y146.904 E-.62558
G1 X146.746 Y146.904 E-.30442
;WIPE_END
G1 Z1.2 F9000
;AFTER_LAYER_CHANGE
;1.2
G1 X148.79 Y149.856
G1 E5 F2400
;TYPE:Perimeter
;WIDTH:0.439999
;HEIGHT:0.2
G1 F2387
G1 X148.775 Y139.438 E.34397
G1 X148.664 Y138.499 E.03122
G1 X148.369 Y137.314 E.04032
G1 X147.983 Y136.336 E.03471
G1 X147.547 Y135.526 E.03037
G1 X147.026 Y134.768 E.03037
G1 X146.341 Y133.99 E.03423
G1 X145.734 Y133.428 E.02731
G1 X144.743 Y132.715 E.04031
G1 X143.816 Y132.22 E.0347
G1 X142.959 Y131.885 E.03038
G1 X142.071 Y131.644 E.03038
G1 X141.163 Y131.501 E.03035
G1 X140.298 Y131.456 E.0286
G1 X122.693 Y131.467 E.58127
G1 X121.352 Y131.641 E.04465
G1 X120.338 Y131.919 E.03471
G1 X119.463 Y132.277 E.03121
G1 X118.29 Y132.95 E.04465
G1 X117.543 Y133.529 E.03121
G1 X116.593 Y134.492 E.04466
G1 X116.028 Y135.25 E.03121
G1 X115.427 Y136.313 E.04032
G1 X115.035 Y137.288 E.0347
G1 X114.795 Y138.176 E.03037
G1 X114.651 Y139.084 E.03035
G1 X114.606 Y139.949 E.0286
G1 X114.606 Y149.856 E.3271
G1 X113.394 Y149.856 E.04002
G1 X113.394 Y130.244 E.64753
G1 X150.003 Y130.244 E1.20873
G1 X150.003 Y132.414 E.07165
G1 X150.003 Y149.856 E.57589
G1 X148.85 Y149.856 E.03807
G1 X148.394 Y150.253 F9000
G1 F2387
G1 X148.38 Y139.481 E.35566
G1 X148.278 Y138.595 E.02945
G1 X147.984 Y137.409 E.04034
G1 X147.632 Y136.522 E.03151
G1 X147.219 Y135.749 E.02894
G1 X146.724 Y135.026 E.02893
G1 X146.068 Y134.278 E.03285
G1 X145.503 Y133.75 E.02553
G1 X144.445 Y132.997 E.04288
G1 X143.669 Y132.589 E.02895
G1 X142.853 Y132.268 E.02895
G1 X142.007 Y132.036 E.02896
G1 X141.142 Y131.898 E.02892
G1 X140.298 Y131.853 E.02791
G1 X122.693 Y131.864 E.58127
G1 X121.405 Y132.034 E.0429
G1 X120.485 Y132.287 E.0315
G1 X119.659 Y132.622 E.02943
G1 X118.531 Y133.266 E.04289
G1 X117.824 Y133.81 E.02945
G1 X117.392 Y134.242 E.02017
G1 X116.909 Y134.732 E.02272
G1 X116.374 Y135.445 E.02943
G1 X115.739 Y136.579 E.04291
G1 X115.418 Y137.394 E.02892
G1 X115.186 Y138.24 E.02896
G1 X115.048 Y139.106 E.02895
G1 X115.003 Y139.949 E.02787
G1 X115.003 Y150.253 E.34021
G1 X112.997 Y150.253 E.06623
G1 X112.997 Y129.847 E.67375
G1 X150.4 Y129.847 E1.23494
G1 X150.4 Y132.414 E.08476
G1 X150.4 Y150.253 E.58899
G1 X148.454 Y150.253 E.06425
G1 X148.007 Y150.64 F9000
;TYPE:External perimeter
;WIDTH:0.419999
G1 F1500
G1 X147.995 Y139.522 E.3486
G1 X147.903 Y138.688 E.02631
G1 X147.608 Y137.503 E.03829
G1 X147.29 Y136.703 E.02699
G1 X146.898 Y135.966 E.02617
G1 X146.429 Y135.276 E.02616
G1 X145.801 Y134.559 E.02988
G1 X145.277 Y134.064 E.0226
G1 X144.263 Y133.339 E.03908
G1 X143.525 Y132.949 E.02617
G1 X142.75 Y132.641 E.02615
G1 X141.944 Y132.418 E.02622
G1 X141.121 Y132.284 E.02614
G1 X140.298 Y132.24 E.02584
G1 X122.693 Y132.251 E.55199
G1 X121.458 Y132.418 E.03907
G1 X120.629 Y132.647 E.02697
G1 X119.849 Y132.959 E.02634
G1 X118.765 Y133.574 E.03908
G1 X118.098 Y134.084 E.02633
G1 X117.666 Y134.516 E.01916
G1 X117.217 Y134.967 E.01995
G1 X116.711 Y135.636 E.0263
G1 X116.099 Y136.722 E.03909
G1 X115.791 Y137.498 E.02618
G1 X115.568 Y138.303 E.02619
G1 X115.434 Y139.127 E.02618
G1 X115.39 Y139.949 E.02581
G1 X115.39 Y150.64 E.33521
G1 X112.61 Y150.64 E.08716
G1 X112.61 Y129.46 E.66408
G1 X150.787 Y129.46 E1.19701
G1 X150.787 Y132.414 E.09262
G1 X150.787 Y150.64 E.57146
G1 X148.067 Y150.64 E.08528
G1 E-3.5 F3600
;WIPE_START
G1 F7200
G1 X148.007 Y150.64 E-.0285
G1 X148.004 Y147.542 E-1.4715
;WIPE_END
G1 X149.697 Y148.755 F9000
G1 E5 F2400
;TYPE:Internal infill
;WIDTH:0.44
G1 F2387
G1 X149.697 Y149.55 E.02625
G1 X149.096 Y149.55 E.01984
G1 X149.095 Y149.101 E.01482
G1 X149.697 Y148.498 E.02813
G1 X149.697 Y148.556 E.00192
G1 X149.093 Y147.952 E.0282
G1 X149.088 Y144.615 E.11018
G1 X149.697 Y144.006 E.02844
G1 X149.697 Y144.064 E.00192
G1 X149.086 Y143.452 E.02855
G1 X149.081 Y140.13 E.10968
G1 X149.697 Y139.513 E.02879
G1 X149.697 Y139.571 E.00192
G1 X149.017 Y138.891 E.03175
G1 X148.962 Y138.431 E.0153
G1 X148.664 Y137.233 E.04076
G1 X148.331 Y136.388 E.02999
G1 X149.697 Y135.021 E.06381
G1 X149.697 Y135.079 E.00192
G1 X145.168 Y130.55 E.21147
G1 X143.83 Y131.904 E.06285
G1 X143.047 Y131.592 E.02783
G1 X142.251 Y131.371 E.02728
G1 X141.341 Y131.215 E.03048
G1 X140.691 Y130.55 E.0307
G1 X140.091 Y131.15 E.02802
G1 X136.788 Y131.154 E.10906
G1 X136.183 Y130.55 E.02823
G1 X135.593 Y131.156 E.02793
G1 X132.301 Y131.16 E.10869
G1 X131.691 Y130.55 E.02848
G1 X131.095 Y131.161 E.02818
G1 X127.814 Y131.165 E.10833
G1 X127.199 Y130.55 E.02872
G1 X126.597 Y131.167 E.02846
G1 X123.327 Y131.171 E.10797
G1 X122.706 Y130.55 E.029
G1 X122.032 Y131.24 E.03185
G1 X121.259 Y131.345 E.02576
G1 X120.23 Y131.633 E.03528
G1 X119.568 Y131.905 E.02363
G1 X118.214 Y130.55 E.06325
G1 X113.7 Y135.079 E.21113
G1 X113.7 Y135.021 E.00192
G1 X115.061 Y136.382 E.06355
G1 X114.783 Y137.08 E.02481
G1 X114.521 Y137.996 E.03146
G1 X114.365 Y138.906 E.03048
G1 X113.7 Y139.571 E.03105
G1 X113.7 Y139.513 E.00192
G1 X114.3 Y140.114 E.02804
G1 X114.3 Y143.464 E.11061
G1 X113.7 Y144.064 E.02802
G1 X113.7 Y144.006 E.00192
G1 X114.3 Y144.606 E.02802
G1 X114.3 Y147.956 E.11061
G1 X113.7 Y148.556 E.02802
G1 X113.7 Y148.498 E.00192
G1 X114.3 Y149.099 E.02804
G1 X114.3 Y149.55 E.01489
G1 X113.7 Y149.55 E.01981
G1 X113.7 Y148.755 E.02625
G1 E-3.5 F3600
;WIPE_START
G1 F7200
G1 X113.7 Y149.55 E-.37763
G1 X114.3 Y149.55 E-.285
G1 X114.3 Y149.099 E-.21423
G1 X113.7 Y148.498 E-.40339
G1 X113.7 Y148.556 E-.02755
G1 X113.986 Y148.27 E-.1922
;WIPE_END
G1 X118.798 Y132.307 F9000
G1 E5 F2400
G1 F2387
G1 X118.11 Y132.703 E.02621
G1 X117.332 Y133.308 E.03254
G1 X116.906 Y133.734 E.01989
G1 X113.721 Y130.55 E.1487
G1 X116.104 Y130.55 E.07868
G1 E-3.5 F3600
;WIPE_START
G1 F7200
G1 X113.721 Y130.55 E-1.13192
G1 X114.269 Y131.098 E-.36808
;WIPE_END
G1 X144.606 Y132.294 F9000
G1 E5 F2400
G1 F2387
G1 X145.918 Y133.183 E.05233
G1 X146.498 Y133.728 E.02628
G1 X149.676 Y130.55 E.14839
G1 X147.294 Y130.55 E.07865
;LAYER_CHANGE
;Z:1.36
;HEIGHT:0.16
;BEFORE_LAYER_CHANGE
G92 E0
;1.36


G1 E-3.5 F3600
;WIPE_START
G1 F7200
G1 X149.676 Y130.55 E-1.13145
G1 X149.127 Y131.099 E-.36855
;WIPE_END
G1 Z1.36 F9000
;AFTER_LAYER_CHANGE
;1.36
G1 X146.535 Y148.221
G1 E5 F2400
;TYPE:Support material interface
;WIDTH:0.36
;HEIGHT:0.29
G1 X146.187 Y148.221 E.01249
G1 X146.187 Y145.587 E.09456
G1 X146.694 Y145.587 E.0182
G1 X146.694 Y148.221 E.09456
G1 X147.211 Y148.221 E.01856
G1 X147.211 Y145.587 E.09456
G1 X147.387 Y145.587 E.00632
G1 X147.387 Y145.943 E.01278
G1 X146.234 Y145.27 F9000
;TYPE:Support material
G1 F2400
G1 X147.387 Y145.27 E.04139
G1 X147.387 Y144.27 E.0359
G1 X146.187 Y144.27 E.04308
G1 X146.187 Y145.27 E.0359
G1 E-3.5 F3600
;WIPE_START
G1 F7200
G1 X146.187 Y144.27 E-.475
G1 X147.387 Y144.27 E-.57
G1 X147.387 Y145.227 E-.455
;WIPE_END
G1 X134.333 Y128.623 F9000
G1 E5 F2400
G1 X134.333 Y128.839 E.00775
G1 X133.333 Y128.839 E.0359
G1 X133.333 Y128.465 E.01343
G1 X134.333 Y128.465 E.0359
G1 X134.333 Y127.148 E.04728
G1 X133.333 Y127.148 E.0359
G1 X133.333 Y125.83 E.04732
G1 X134.333 Y125.83 E.0359
G1 X134.333 Y124.513 E.04728
G1 X133.333 Y124.513 E.0359
G1 X133.333 Y123.196 E.04728
G1 X134.333 Y123.196 E.0359
G1 X134.333 Y122.196 E.0359
G1 X133.333 Y122.196 E.0359
G1 X133.333 Y123.038 E.03023
G1 E-3.5 F3600
;WIPE_START
G1 F7200
G1 X133.333 Y122.196 E-.39995
G1 X134.333 Y122.196 E-.475
G1 X134.333 Y123.196 E-.475
G1 X134.017 Y123.196 E-.15005
;WIPE_END
G1 X134.284 Y119.245 F9000
G1 E5 F2400
;TYPE:Support material interface
G1 X134.284 Y121.879 E.09456
G1 X133.767 Y121.879 E.01856
G1 X133.767 Y119.245 E.09456
G1 X133.25 Y119.245 E.01856
G1 X133.25 Y121.879 E.09456
G1 X133.016 Y121.879 E.0084
G1 X133.016 Y128.839 E.24987
G1 X132.733 Y128.839 E.01016
G1 X132.733 Y119.245 E.34443
G1 X132.216 Y119.245 E.01856
G1 X132.216 Y128.839 E.34443
G1 X131.699 Y128.839 E.01856
G1 X131.699 Y119.245 E.34443
G1 X131.182 Y119.245 E.01856
G1 X131.182 Y128.839 E.34443
G1 X130.664 Y128.839 E.0186
G1 X130.664 Y119.245 E.34443
G1 X130.147 Y119.245 E.01856
G1 X130.147 Y121.879 E.09456
G1 X129.63 Y121.879 E.01856
G1 X129.63 Y119.245 E.09456
G1 X129.113 Y119.245 E.01856
G1 X129.113 Y121.879 E.09456
G1 X129.064 Y123.038 F9000
;TYPE:Support material
G1 F2400
G1 X129.064 Y122.196 E.03023
G1 X130.064 Y122.196 E.0359
G1 X130.064 Y123.196 E.0359
G1 X129.064 Y123.196 E.0359
G1 X129.064 Y124.513 E.04728
G1 X130.064 Y124.513 E.0359
G1 X130.064 Y125.83 E.04728
G1 X129.064 Y125.83 E.0359
G1 X129.064 Y127.148 E.04732
G1 X130.064 Y127.148 E.0359
G1 X130.064 Y128.465 E.04728
G1 X129.064 Y128.465 E.0359
G1 X129.064 Y128.839 E.01343
G1 X130.064 Y128.839 E.0359
G1 X130.064 Y128.623 E.00775
G1 E-3.5 F3600
;WIPE_START
G1 F7200
G1 X130.064 Y128.839 E-.1026
G1 X129.064 Y128.839 E-.475
G1 X129.064 Y128.465 E-.17765
G1 X130.064 Y128.465 E-.475
G1 X130.064 Y127.897 E-.26975
;WIPE_END
G1 X116.058 Y145.27 F9000
G1 E5 F2400
G1 X117.211 Y145.27 E.04139
G1 X117.211 Y144.27 E.0359
G1 X116.011 Y144.27 E.04308
G1 X116.011 Y145.27 E.0359
G1 X116.011 Y145.943 F9000
;TYPE:Support material interface
G1 F2400
G1 X116.011 Y145.587 E.01278
G1 X116.186 Y145.587 E.00628
G1 X116.186 Y148.221 E.09456
G1 X116.703 Y148.221 E.01856
G1 X116.703 Y145.587 E.09456
G1 X117.211 Y145.587 E.01824
G1 X117.211 Y148.221 E.09456
G1 X116.862 Y148.221 E.01253
;LAYER_CHANGE
;Z:1.4
;HEIGHT:0.04
;BEFORE_LAYER_CHANGE
G92 E0
;1.4


G1 E-3.5 F3600
;WIPE_START
G1 F7200
G1 X117.211 Y148.221 E-.16577
G1 X117.211 Y145.587 E-1.25115
G1 X117.036 Y145.587 E-.08308
;WIPE_END
G1 Z1.4 F9000
;AFTER_LAYER_CHANGE
;1.4
G1 X114.606 Y149.856
G1 E5 F2400
;TYPE:Perimeter
;WIDTH:0.439999
;HEIGHT:0.2
G1 X113.394 Y149.856 E.04002
G1 X113.394 Y130.244 E.64753
G1 X150.003 Y130.244 E1.20873
G1 X150.003 Y132.414 E.07165
G1 X150.003 Y149.856 E.57589
G1 X148.79 Y149.856 E.04005
G1 X148.775 Y139.438 E.34397
G1 X148.664 Y138.499 E.03122
G1 X148.369 Y137.314 E.04032
G1 X147.983 Y136.336 E.03471
G1 X147.547 Y135.526 E.03037
G1 X147.026 Y134.768 E.03037
G1 X146.341 Y133.99 E.03423
G1 X145.734 Y133.428 E.02731
G1 X144.743 Y132.715 E.04031
G1 X143.816 Y132.22 E.0347
G1 X142.959 Y131.885 E.03038
G1 X142.071 Y131.644 E.03038
G1 X141.163 Y131.501 E.03035
G1 X140.298 Y131.456 E.0286
G1 X122.693 Y131.467 E.58127
G1 X121.352 Y131.641 E.04465
G1 X120.338 Y131.919 E.03471
G1 X119.463 Y132.277 E.03121
G1 X118.29 Y132.95 E.04465
G1 X117.543 Y133.529 E.03121
G1 X116.593 Y134.492 E.04466
G1 X116.028 Y135.25 E.03121
G1 X115.427 Y136.313 E.04032
G1 X115.035 Y137.288 E.0347
G1 X114.795 Y138.176 E.03037
G1 X114.651 Y139.084 E.03035
G1 X114.606 Y139.949 E.0286
G1 X114.606 Y149.796 E.32512
G1 X115.003 Y150.253 F9000
G1 F2400
G1 X112.997 Y150.253 E.06623
G1 X112.997 Y129.847 E.67375
G1 X150.4 Y129.847 E1.23494
G1 X150.4 Y132.414 E.08476
G1 X150.4 Y150.253 E.58899
G1 X148.394 Y150.253 E.06623
G1 X148.38 Y139.481 E.35566
G1 X148.278 Y138.595 E.02945
G1 X147.984 Y137.409 E.04034
G1 X147.632 Y136.522 E.03151
G1 X147.219 Y135.749 E.02894
G1 X146.724 Y135.026 E.02893
G1 X146.068 Y134.278 E.03285
G1 X145.503 Y133.75 E.02553
G1 X144.445 Y132.997 E.04288
G1 X143.669 Y132.589 E.02895
G1 X142.853 Y132.268 E.02895
G1 X142.007 Y132.036 E.02896
G1 X141.142 Y131.898 E.02892
G1 X140.298 Y131.853 E.02791
G1 X122.693 Y131.864 E.58127
G1 X121.405 Y132.034 E.0429
G1 X120.485 Y132.287 E.0315
G1 X119.659 Y132.622 E.02943
G1 X118.531 Y133.266 E.04289
G1 X117.824 Y133.81 E.02945
G1 X117.392 Y134.242 E.02017
G1 X116.909 Y134.732 E.02272
G1 X116.374 Y135.445 E.02943
G1 X115.739 Y136.579 E.04291
G1 X115.418 Y137.394 E.02892
G1 X115.186 Y138.24 E.02896
G1 X115.048 Y139.106 E.02895
G1 X115.003 Y139.949 E.02787
G1 X115.003 Y150.193 E.33823
G1 X115.39 Y150.64 F9000
;TYPE:External perimeter
;WIDTH:0.419999
G1 F1500
G1 X112.61 Y150.64 E.08716
G1 X112.61 Y129.46 E.66408
G1 X150.787 Y129.46 E1.19701
G1 X150.787 Y132.414 E.09262
G1 X150.787 Y150.64 E.57146
G1 X148.007 Y150.64 E.08716
G1 X147.995 Y139.522 E.3486
G1 X147.903 Y138.688 E.02631
G1 X147.608 Y137.503 E.03829
G1 X147.29 Y136.703 E.02699
G1 X146.898 Y135.966 E.02617
G1 X146.429 Y135.276 E.02616
G1 X145.801 Y134.559 E.02988
G1 X145.277 Y134.064 E.0226
G1 X144.263 Y133.339 E.03908
G1 X143.525 Y132.949 E.02617
G1 X142.75 Y132.641 E.02615
G1 X141.944 Y132.418 E.02622
G1 X141.121 Y132.284 E.02614
G1 X140.298 Y132.24 E.02584
G1 X122.693 Y132.251 E.55199
G1 X121.458 Y132.418 E.03907
G1 X120.629 Y132.647 E.02697
G1 X119.849 Y132.959 E.02634
G1 X118.765 Y133.574 E.03908
G1 X118.098 Y134.084 E.02633
G1 X117.666 Y134.516 E.01916
G1 X117.217 Y134.967 E.01995
G1 X116.711 Y135.636 E.0263
G1 X116.099 Y136.722 E.03909
G1 X115.791 Y137.498 E.02618
G1 X115.568 Y138.303 E.02619
G1 X115.434 Y139.127 E.02618
G1 X115.39 Y139.949 E.02581
G1 X115.39 Y150.58 E.33333
G1 E-3.5 F3600
;WIPE_START
G1 F7200
G1 X115.39 Y150.64 E-.0285
G1 X112.61 Y150.64 E-1.3205
G1 X112.61 Y150.322 E-.151
;WIPE_END
G1 X113.7 Y148.755 F9000
G1 E5 F2400
;TYPE:Internal infill
;WIDTH:0.44
G1 F3000
G1 X113.7 Y149.55 E.02625
G1 X114.3 Y149.55 E.01981
G1 X114.3 Y149.099 E.01489
G1 X113.7 Y148.498 E.02804
G1 X113.7 Y148.556 E.00192
G1 X114.3 Y147.956 E.02802
G1 X114.3 Y144.606 E.11061
G1 X113.7 Y144.006 E.02802
G1 X113.7 Y144.064 E.00192
G1 X114.3 Y143.464 E.02802
G1 X114.3 Y140.114 E.11061
G1 X113.7 Y139.513 E.02804
G1 X113.7 Y139.571 E.00192
G1 X114.365 Y138.906 E.03105
G1 X114.521 Y137.996 E.03048
G1 X114.783 Y137.08 E.03146
G1 X115.061 Y136.382 E.02481
G1 X113.7 Y135.021 E.06355
G1 X113.7 Y135.079 E.00192
G1 X118.214 Y130.55 E.21113
G1 X119.568 Y131.905 E.06325
G1 X120.23 Y131.633 E.02363
G1 X121.259 Y131.345 E.03528
G1 X122.032 Y131.24 E.02576
G1 X122.706 Y130.55 E.03185
G1 X123.327 Y131.171 E.029
G1 X126.597 Y131.167 E.10797
G1 X127.199 Y130.55 E.02846
G1 X127.814 Y131.165 E.02872
G1 X131.095 Y131.161 E.10833
G1 X131.691 Y130.55 E.02818
G1 X132.301 Y131.16 E.02848
G1 X135.593 Y131.156 E.10869
G1 X136.183 Y130.55 E.02793
G1 X136.788 Y131.154 E.02823
G1 X140.091 Y131.15 E.10906
G1 X140.691 Y130.55 E.02802
G1 X141.341 Y131.215 E.0307
G1 X142.251 Y131.371 E.03048
G1 X143.047 Y131.592 E.02728
G1 X143.83 Y131.904 E.02783
G1 X145.168 Y130.55 E.06285
G1 X149.697 Y135.079 E.21147
G1 X149.697 Y135.021 E.00192
G1 X148.331 Y136.388 E.06381
G1 X148.664 Y137.233 E.02999
G1 X148.962 Y138.431 E.04076
G1 X149.017 Y138.891 E.0153
G1 X149.697 Y139.571 E.03175
G1 X149.697 Y139.513 E.00192
G1 X149.081 Y140.13 E.02879
G1 X149.086 Y143.452 E.10968
G1 X149.697 Y144.064 E.02855
G1 X149.697 Y144.006 E.00192
G1 X149.088 Y144.615 E.02844
G1 X149.093 Y147.952 E.11018
G1 X149.697 Y148.556 E.0282
G1 X149.697 Y148.498 E.00192
G1 X149.095 Y149.101 E.02813
G1 X149.096 Y149.55 E.01482
G1 X149.697 Y149.55 E.01984
G1 X149.697 Y148.755 E.02625
G1 E-3.5 F3600
;WIPE_START
G1 F7200
G1 X149.697 Y149.55 E-.37763
G1 X149.096 Y149.55 E-.28547
G1 X149.095 Y149.101 E-.21328
G1 X149.697 Y148.498 E-.40473
G1 X149.697 Y148.556 E-.02755
G1 X149.412 Y148.271 E-.19134
;WIPE_END
G1 X144.606 Y132.294 F9000
G1 E5 F2400
G1 F3000
G1 X145.918 Y133.183 E.05233
G1 X146.498 Y133.728 E.02628
G1 X149.676 Y130.55 E.14839
G1 X147.294 Y130.55 E.07865
G1 E-3.5 F3600
;WIPE_START
G1 F7200
G1 X149.676 Y130.55 E-1.13145
G1 X149.127 Y131.099 E-.36855
;WIPE_END
G1 X118.798 Y132.307 F9000
G1 E5 F2400
G1 F3000
G1 X118.11 Y132.703 E.02621
G1 X117.332 Y133.308 E.03254
G1 X116.906 Y133.734 E.01989
G1 X113.721 Y130.55 E.1487
G1 X116.104 Y130.55 E.07868
;LAYER_CHANGE
;Z:1.6
;HEIGHT:0.2
;BEFORE_LAYER_CHANGE
G92 E0
;1.6


G1 E-3.5 F3600
;WIPE_START
G1 F7200
G1 X113.721 Y130.55 E-1.13192
G1 X114.269 Y131.098 E-.36808
;WIPE_END
G1 Z1.6 F9000
;AFTER_LAYER_CHANGE
;1.6
G1 X113.394 Y130.244
G1 E5 F2400
;TYPE:Perimeter
;WIDTH:0.439999
G1 F1786
G1 X150.003 Y130.244 E1.20873
G1 X150.003 Y132.414 E.07165
G1 X150.003 Y149.856 E.57589
G1 X148.79 Y149.856 E.04005
G1 X148.775 Y139.438 E.34397
G1 X148.664 Y138.499 E.03122
G1 X148.369 Y137.314 E.04032
G1 X147.983 Y136.336 E.03471
G1 X147.547 Y135.526 E.03037
G1 X147.026 Y134.768 E.03037
G1 X146.341 Y133.99 E.03423
G1 X145.734 Y133.428 E.02731
G1 X144.743 Y132.715 E.04031
G1 X143.816 Y132.22 E.0347
G1 X142.959 Y131.885 E.03038
G1 X142.071 Y131.644 E.03038
G1 X141.163 Y131.501 E.03035
G1 X140.298 Y131.456 E.0286
G1 X122.693 Y131.467 E.58127
G1 X121.352 Y131.641 E.04465
G1 X120.338 Y131.919 E.03471
G1 X119.463 Y132.277 E.03121
G1 X118.29 Y132.95 E.04465
G1 X117.543 Y133.529 E.03121
G1 X116.593 Y134.492 E.04466
G1 X116.028 Y135.25 E.03121
G1 X115.427 Y136.313 E.04032
G1 X115.035 Y137.288 E.0347
G1 X114.795 Y138.176 E.03037
G1 X114.651 Y139.084 E.03035
G1 X114.606 Y139.949 E.0286
G1 X114.606 Y149.856 E.3271
G1 X113.394 Y149.856 E.04002
G1 X113.394 Y130.304 E.64555
G1 X112.997 Y129.847 F9000
G1 F1786
G1 X150.4 Y129.847 E1.23494
G1 X150.4 Y132.414 E.08476
G1 X150.4 Y150.253 E.58899
G1 X148.394 Y150.253 E.06623
G1 X148.38 Y139.481 E.35566
G1 X148.278 Y138.595 E.02945
G1 X147.984 Y137.409 E.04034
G1 X147.632 Y136.522 E.03151
G1 X147.219 Y135.749 E.02894
G1 X146.724 Y135.026 E.02893
G1 X146.068 Y134.278 E.03285
G1 X145.503 Y133.75 E.02553
G1 X144.445 Y132.997 E.04288
G1 X143.669 Y132.589 E.02895
G1 X142.853 Y132.268 E.02895
G1 X142.007 Y132.036 E.02896
G1 X141.142 Y131.898 E.02892
G1 X140.298 Y131.853 E.02791
G1 X122.693 Y131.864 E.58127
G1 X121.405 Y132.034 E.0429
G1 X120.485 Y132.287 E.0315
G1 X119.659 Y132.622 E.02943
G1 X118.531 Y133.266 E.04289
G1 X117.824 Y133.81 E.02945
G1 X117.392 Y134.242 E.02017
G1 X116.909 Y134.732 E.02272
G1 X116.374 Y135.445 E.02943
G1 X115.739 Y136.579 E.04291
G1 X115.418 Y137.394 E.02892
G1 X115.186 Y138.24 E.02896
G1 X115.048 Y139.106 E.02895
G1 X115.003 Y139.949 E.02787
G1 X115.003 Y150.253 E.34021
G1 X112.997 Y150.253 E.06623
G1 X112.997 Y129.907 E.67177
G1 X112.61 Y129.46 F9000
;TYPE:External perimeter
;WIDTH:0.419999
G1 F1500
G1 X150.787 Y129.46 E1.19701
G1 X150.787 Y132.414 E.09262
G1 X150.787 Y150.64 E.57146
G1 X148.007 Y150.64 E.08716
G1 X147.995 Y139.522 E.3486
G1 X147.903 Y138.688 E.02631
G1 X147.608 Y137.503 E.03829
G1 X147.29 Y136.703 E.02699
G1 X146.898 Y135.966 E.02617
G1 X146.429 Y135.276 E.02616
G1 X145.801 Y134.559 E.02988
G1 X145.277 Y134.064 E.0226
G1 X144.263 Y133.339 E.03908
G1 X143.525 Y132.949 E.02617
G1 X142.75 Y132.641 E.02615
G1 X141.944 Y132.418 E.02622
G1 X141.121 Y132.284 E.02614
G1 X140.298 Y132.24 E.02584
G1 X122.693 Y132.251 E.55199
G1 X121.458 Y132.418 E.03907
G1 X120.629 Y132.647 E.02697
G1 X119.849 Y132.959 E.02634
G1 X118.765 Y133.574 E.03908
G1 X118.098 Y134.084 E.02633
G1 X117.666 Y134.516 E.01916
G1 X117.217 Y134.967 E.01995
G1 X116.711 Y135.636 E.0263
G1 X116.099 Y136.722 E.03909
G1 X115.791 Y137.498 E.02618
G1 X115.568 Y138.303 E.02619
G1 X115.434 Y139.127 E.02618
G1 X115.39 Y139.949 E.02581
G1 X115.39 Y150.64 E.33521
G1 X112.61 Y150.64 E.08716
G1 X112.61 Y129.52 E.6622
G1 E-3.5 F3600
;WIPE_START
G1 F7200
G1 X112.61 Y129.46 E-.0285
G1 X115.708 Y129.46 E-1.4715
;WIPE_END
G1 X116.104 Y130.55 F9000
G1 E5 F2400
;TYPE:Internal infill
;WIDTH:0.44
G1 F1786
G1 X113.721 Y130.55 E.07868
G1 X116.906 Y133.734 E.1487
G1 X117.332 Y133.308 E.01989
G1 X118.11 Y132.703 E.03254
G1 X118.798 Y132.307 E.02621
G1 E-3.5 F3600
;WIPE_START
G1 F7200
G1 X118.11 Y132.703 E-.37707
G1 X117.332 Y133.308 E-.46814
G1 X116.906 Y133.734 E-.28617
G1 X116.357 Y133.185 E-.36862
;WIPE_END
G1 X113.7 Y148.755 F9000
G1 E5 F2400
G1 F1786
G1 X113.7 Y149.55 E.02625
G1 X114.3 Y149.55 E.01981
G1 X114.3 Y149.099 E.01489
G1 X113.7 Y148.498 E.02804
G1 X113.7 Y148.556 E.00192
G1 X114.3 Y147.956 E.02802
G1 X114.3 Y144.606 E.11061
G1 X113.7 Y144.006 E.02802
G1 X113.7 Y144.064 E.00192
G1 X114.3 Y143.464 E.02802
G1 X114.3 Y140.114 E.11061
G1 X113.7 Y139.513 E.02804
G1 X113.7 Y139.571 E.00192
G1 X114.365 Y138.906 E.03105
G1 X114.521 Y137.996 E.03048
G1 X114.783 Y137.08 E.03146
G1 X115.061 Y136.382 E.02481
G1 X113.7 Y135.021 E.06355
G1 X113.7 Y135.079 E.00192
G1 X118.214 Y130.55 E.21113
G1 X119.568 Y131.905 E.06325
G1 X120.23 Y131.633 E.02363
G1 X121.259 Y131.345 E.03528
G1 X122.032 Y131.24 E.02576
G1 X122.706 Y130.55 E.03185
G1 X123.327 Y131.171 E.029
G1 X126.597 Y131.167 E.10797
G1 X127.199 Y130.55 E.02846
G1 X127.814 Y131.165 E.02872
G1 X131.095 Y131.161 E.10833
G1 X131.691 Y130.55 E.02818
G1 X132.301 Y131.16 E.02848
G1 X135.593 Y131.156 E.10869
G1 X136.183 Y130.55 E.02793
G1 X136.788 Y131.154 E.02823
G1 X140.091 Y131.15 E.10906
G1 X140.691 Y130.55 E.02802
G1 X141.341 Y131.215 E.0307
G1 X142.251 Y131.371 E.03048
G1 X143.047 Y131.592 E.02728
G1 X143.83 Y131.904 E.02783
G1 X145.168 Y130.55 E.06285
G1 X149.697 Y135.079 E.21147
G1 X149.697 Y135.021 E.00192
G1 X148.331 Y136.388 E.06381
G1 X148.664 Y137.233 E.02999
G1 X148.962 Y138.431 E.04076
G1 X149.017 Y138.891 E.0153
G1 X149.697 Y139.571 E.03175
G1 X149.697 Y139.513 E.00192
G1 X149.081 Y140.13 E.02879
G1 X149.086 Y143.452 E.10968
G1 X149.697 Y144.064 E.02855
G1 X149.697 Y144.006 E.00192
G1 X149.088 Y144.615 E.02844
G1 X149.093 Y147.952 E.11018
G1 X149.697 Y148.556 E.0282
G1 X149.697 Y148.498 E.00192
G1 X149.095 Y149.101 E.02813
G1 X149.096 Y149.55 E.01482
G1 X149.697 Y149.55 E.01984
G1 X149.697 Y148.755 E.02625
G1 E-3.5 F3600
;WIPE_START
G1 F7200
G1 X149.697 Y149.55 E-.37763
G1 X149.096 Y149.55 E-.28547
G1 X149.095 Y149.101 E-.21328
G1 X149.697 Y148.498 E-.40473
G1 X149.697 Y148.556 E-.02755
G1 X149.412 Y148.271 E-.19134
;WIPE_END
G1 X144.606 Y132.294 F9000
G1 E5 F2400
G1 F1786
G1 X145.918 Y133.183 E.05233
G1 X146.498 Y133.728 E.02628
G1 X149.676 Y130.55 E.14839
G1 X147.294 Y130.55 E.07865
;LAYER_CHANGE
;Z:1.65
;HEIGHT:0.05
;BEFORE_LAYER_CHANGE
G92 E0
;1.65


G1 E-3.5 F3600
;WIPE_START
G1 F7200
G1 X149.676 Y130.55 E-1.13145
G1 X149.127 Y131.099 E-.36855
;WIPE_END
G1 Z1.65 F9000
;AFTER_LAYER_CHANGE
;1.65
G1 X146.535 Y148.221
G1 E5 F2400
;TYPE:Support material interface
;WIDTH:0.36
;HEIGHT:0.29
G1 X146.187 Y148.221 E.01249
G1 X146.187 Y145.587 E.09456
G1 X146.694 Y145.587 E.0182
G1 X146.694 Y148.221 E.09456
G1 X147.211 Y148.221 E.01856
G1 X147.211 Y145.587 E.09456
G1 X147.387 Y145.587 E.00632
G1 X147.387 Y145.943 E.01278
G1 X146.234 Y145.27 F9000
;TYPE:Support material
G1 F2400
G1 X147.387 Y145.27 E.04139
G1 X147.387 Y144.27 E.0359
G1 X146.187 Y144.27 E.04308
G1 X146.187 Y145.27 E.0359
G1 E-3.5 F3600
;WIPE_START
G1 F7200
G1 X146.187 Y144.27 E-.475
G1 X147.387 Y144.27 E-.57
G1 X147.387 Y145.227 E-.455
;WIPE_END
G1 X134.333 Y128.623 F9000
G1 E5 F2400
G1 X134.333 Y128.839 E.00775
G1 X133.333 Y128.839 E.0359
G1 X133.333 Y128.465 E.01343
G1 X134.333 Y128.465 E.0359
G1 X134.333 Y127.148 E.04728
G1 X133.333 Y127.148 E.0359
G1 X133.333 Y125.83 E.04732
G1 X134.333 Y125.83 E.0359
G1 X134.333 Y124.513 E.04728
G1 X133.333 Y124.513 E.0359
G1 X133.333 Y123.196 E.04728
G1 X134.333 Y123.196 E.0359
G1 X134.333 Y122.196 E.0359
G1 X133.333 Y122.196 E.0359
G1 X133.333 Y123.038 E.03023
G1 E-3.5 F3600
;WIPE_START
G1 F7200
G1 X133.333 Y122.196 E-.39995
G1 X134.333 Y122.196 E-.475
G1 X134.333 Y123.196 E-.475
G1 X134.017 Y123.196 E-.15005
;WIPE_END
G1 X134.284 Y119.245 F9000
G1 E5 F2400
;TYPE:Support material interface
G1 X134.284 Y121.879 E.09456
G1 X133.767 Y121.879 E.01856
G1 X133.767 Y119.245 E.09456
G1 X133.25 Y119.245 E.01856
G1 X133.25 Y121.879 E.09456
G1 X133.016 Y121.879 E.0084
G1 X133.016 Y128.839 E.24987
G1 X132.733 Y128.839 E.01016
G1 X132.733 Y119.245 E.34443
G1 X132.216 Y119.245 E.01856
G1 X132.216 Y128.839 E.34443
G1 X131.699 Y128.839 E.01856
G1 X131.699 Y119.245 E.34443
G1 X131.182 Y119.245 E.01856
G1 X131.182 Y128.839 E.34443
G1 X130.664 Y128.839 E.0186
G1 X130.664 Y119.245 E.34443
G1 X130.147 Y119.245 E.01856
G1 X130.147 Y121.879 E.09456
G1 X129.63 Y121.879 E.01856
G1 X129.63 Y119.245 E.09456
G1 X129.113 Y119.245 E.01856
G1 X129.113 Y121.879 E.09456
G1 X129.064 Y123.038 F9000
;TYPE:Support material
G1 F2400
G1 X129.064 Y122.196 E.03023
G1 X130.064 Y122.196 E.0359
G1 X130.064 Y123.196 E.0359
G1 X129.064 Y123.196 E.0359
G1 X129.064 Y124.513 E.04728
G1 X130.064 Y124.513 E.0359
G1 X130.064 Y125.83 E.04728
G1 X129.064 Y125.83 E.0359
G1 X129.064 Y127.148 E.04732
G1 X130.064 Y127.148 E.0359
G1 X130.064 Y128.465 E.04728
G1 X129.064 Y128.465 E.0359
G1 X129.064 Y128.839 E.01343
G1 X130.064 Y128.839 E.0359
G1 X130.064 Y128.623 E.00775
G1 E-3.5 F3600
;WIPE_START
G1 F7200
G1 X130.064 Y128.839 E-.1026
G1 X129.064 Y128.839 E-.475
G1 X129.064 Y128.465 E-.17765
G1 X130.064 Y128.465 E-.475
G1 X130.064 Y127.897 E-.26975
;WIPE_END
G1 X116.058 Y145.27 F9000
G1 E5 F2400
G1 X117.211 Y145.27 E.04139
G1 X117.211 Y144.27 E.0359
G1 X116.011 Y144.27 E.04308
G1 X116.011 Y145.27 E.0359
G1 X116.011 Y145.943 F9000
;TYPE:Support material interface
G1 F2400
G1 X116.011 Y145.587 E.01278
G1 X116.186 Y145.587 E.00628
G1 X116.186 Y148.221 E.09456
G1 X116.703 Y148.221 E.01856
G1 X116.703 Y145.587 E.09456
G1 X117.211 Y145.587 E.01824
G1 X117.211 Y148.221 E.09456
G1 X116.862 Y148.221 E.01253
;LAYER_CHANGE
;Z:1.8
;HEIGHT:0.15
;BEFORE_LAYER_CHANGE
G92 E0
;1.8


G1 E-3.5 F3600
;WIPE_START
G1 F7200
G1 X117.211 Y148.221 E-.16577
G1 X117.211 Y145.587 E-1.25115
G1 X117.036 Y145.587 E-.08308
;WIPE_END
G1 Z1.8 F9000
;AFTER_LAYER_CHANGE
;1.8
G1 X114.606 Y149.856
G1 E5 F2400
;TYPE:Perimeter
;WIDTH:0.439999
;HEIGHT:0.2
G1 X113.394 Y149.856 E.04002
G1 X113.394 Y130.244 E.64753
G1 X150.003 Y130.244 E1.20873
G1 X150.003 Y132.414 E.07165
G1 X150.003 Y149.856 E.57589
G1 X148.79 Y149.856 E.04005
G1 X148.775 Y139.438 E.34397
G1 X148.664 Y138.499 E.03122
G1 X148.369 Y137.314 E.04032
G1 X147.983 Y136.336 E.03471
G1 X147.547 Y135.526 E.03037
G1 X147.026 Y134.768 E.03037
G1 X146.341 Y133.99 E.03423
G1 X145.734 Y133.428 E.02731
G1 X144.743 Y132.715 E.04031
G1 X143.816 Y132.22 E.0347
G1 X142.959 Y131.885 E.03038
G1 X142.071 Y131.644 E.03038
G1 X141.163 Y131.501 E.03035
G1 X140.298 Y131.456 E.0286
G1 X122.693 Y131.467 E.58127
G1 X121.352 Y131.641 E.04465
G1 X120.338 Y131.919 E.03471
G1 X119.463 Y132.277 E.03121
G1 X118.29 Y132.95 E.04465
G1 X117.543 Y133.529 E.03121
G1 X116.593 Y134.492 E.04466
G1 X116.028 Y135.25 E.03121
G1 X115.427 Y136.313 E.04032
G1 X115.035 Y137.288 E.0347
G1 X114.795 Y138.176 E.03037
G1 X114.651 Y139.084 E.03035
G1 X114.606 Y139.949 E.0286
G1 X114.606 Y149.796 E.32512
G1 X115.003 Y150.253 F9000
G1 F2400
G1 X112.997 Y150.253 E.06623
G1 X112.997 Y129.847 E.67375
G1 X150.4 Y129.847 E1.23494
G1 X150.4 Y132.414 E.08476
G1 X150.4 Y150.253 E.58899
G1 X148.394 Y150.253 E.06623
G1 X148.38 Y139.481 E.35566
G1 X148.278 Y138.595 E.02945
G1 X147.984 Y137.409 E.04034
G1 X147.632 Y136.522 E.03151
G1 X147.219 Y135.749 E.02894
G1 X146.724 Y135.026 E.02893
G1 X146.068 Y134.278 E.03285
G1 X145.503 Y133.75 E.02553
G1 X144.445 Y132.997 E.04288
G1 X143.669 Y132.589 E.02895
G1 X142.853 Y132.268 E.02895
G1 X142.007 Y132.036 E.02896
G1 X141.142 Y131.898 E.02892
G1 X140.298 Y131.853 E.02791
G1 X122.693 Y131.864 E.58127
G1 X121.405 Y132.034 E.0429
G1 X120.485 Y132.287 E.0315
G1 X119.659 Y132.622 E.02943
G1 X118.531 Y133.266 E.04289
G1 X117.824 Y133.81 E.02945
G1 X117.392 Y134.242 E.02017
G1 X116.909 Y134.732 E.02272
G1 X116.374 Y135.445 E.02943
G1 X115.739 Y136.579 E.04291
G1 X115.418 Y137.394 E.02892
G1 X115.186 Y138.24 E.02896
G1 X115.048 Y139.106 E.02895
G1 X115.003 Y139.949 E.02787
G1 X115.003 Y150.193 E.33823
G1 X115.39 Y150.64 F9000
;TYPE:External perimeter
;WIDTH:0.419999
G1 F1500
G1 X112.61 Y150.64 E.08716
G1 X112.61 Y129.46 E.66408
G1 X150.787 Y129.46 E1.19701
G1 X150.787 Y132.414 E.09262
G1 X150.787 Y150.64 E.57146
G1 X148.007 Y150.64 E.08716
G1 X147.995 Y139.522 E.3486
G1 X147.903 Y138.688 E.02631
G1 X147.608 Y137.503 E.03829
G1 X147.29 Y136.703 E.02699
G1 X146.898 Y135.966 E.02617
G1 X146.429 Y135.276 E.02616
G1 X145.801 Y134.559 E.02988
G1 X145.277 Y134.064 E.0226
G1 X144.263 Y133.339 E.03908
G1 X143.525 Y132.949 E.02617
G1 X142.75 Y132.641 E.02615
G1 X141.944 Y132.418 E.02622
G1 X141.121 Y132.284 E.02614
G1 X140.298 Y132.24 E.02584
G1 X122.693 Y132.251 E.55199
G1 X121.458 Y132.418 E.03907
G1 X120.629 Y132.647 E.02697
G1 X119.849 Y132.959 E.02634
G1 X118.765 Y133.574 E.03908
G1 X118.098 Y134.084 E.02633
G1 X117.666 Y134.516 E.01916
G1 X117.217 Y134.967 E.01995
G1 X116.711 Y135.636 E.0263
G1 X116.099 Y136.722 E.03909
G1 X115.791 Y137.498 E.02618
G1 X115.568 Y138.303 E.02619
G1 X115.434 Y139.127 E.02618
G1 X115.39 Y139.949 E.02581
G1 X115.39 Y150.58 E.33333
G1 E-3.5 F3600
;WIPE_START
G1 F7200
G1 X115.39 Y150.64 E-.0285
G1 X112.61 Y150.64 E-1.3205
G1 X112.61 Y150.322 E-.151
;WIPE_END
G1 X113.7 Y148.755 F9000
G1 E5 F2400
;TYPE:Internal infill
;WIDTH:0.44
G1 F3000
G1 X113.7 Y149.55 E.02625
G1 X114.3 Y149.55 E.01981
G1 X114.3 Y149.099 E.01489
G1 X113.7 Y148.498 E.02804
G1 X113.7 Y148.556 E.00192
G1 X114.3 Y147.956 E.02802
G1 X114.3 Y144.606 E.11061
G1 X113.7 Y144.006 E.02802
G1 X113.7 Y144.064 E.00192
G1 X114.3 Y143.464 E.02802
G1 X114.3 Y140.114 E.11061
G1 X113.7 Y139.513 E.02804
G1 X113.7 Y139.571 E.00192
G1 X114.365 Y138.906 E.03105
G1 X114.521 Y137.996 E.03048
G1 X114.783 Y137.08 E.03146
G1 X115.061 Y136.382 E.02481
G1 X113.7 Y135.021 E.06355
G1 X113.7 Y135.079 E.00192
G1 X118.214 Y130.55 E.21113
G1 X119.568 Y131.905 E.06325
G1 X120.23 Y131.633 E.02363
G1 X121.259 Y131.345 E.03528
G1 X122.032 Y131.24 E.02576
G1 X122.706 Y130.55 E.03185
G1 X123.327 Y131.171 E.029
G1 X126.597 Y131.167 E.10797
G1 X127.199 Y130.55 E.02846
G1 X127.814 Y131.165 E.02872
G1 X131.095 Y131.161 E.10833
G1 X131.691 Y130.55 E.02818
G1 X132.301 Y131.16 E.02848
G1 X135.593 Y131.156 E.10869
G1 X136.183 Y130.55 E.02793
G1 X136.788 Y131.154 E.02823
G1 X140.091 Y131.15 E.10906
G1 X140.691 Y130.55 E.02802
G1 X141.341 Y131.215 E.0307
G1 X142.251 Y131.371 E.03048
G1 X143.047 Y131.592 E.02728
G1 X143.83 Y131.904 E.02783
G1 X145.168 Y130.55 E.06285
G1 X149.697 Y135.079 E.21147
G1 X149.697 Y135.021 E.00192
G1 X148.331 Y136.388 E.06381
G1 X148.664 Y137.233 E.02999
G1 X148.962 Y138.431 E.04076
G1 X149.017 Y138.891 E.0153
G1 X149.697 Y139.571 E.03175
G1 X149.697 Y139.513 E.00192
G1 X149.081 Y140.13 E.02879
G1 X149.086 Y143.452 E.10968
G1 X149.697 Y144.064 E.02855
G1 X149.697 Y144.006 E.00192
G1 X149.088 Y144.615 E.02844
G1 X149.093 Y147.952 E.11018
G1 X149.697 Y148.556 E.0282
G1 X149.697 Y148.498 E.00192
G1 X149.095 Y149.101 E.02813
G1 X149.096 Y149.55 E.01482
G1 X149.697 Y149.55 E.01984
G1 X149.697 Y148.755 E.02625
G1 E-3.5 F3600
;WIPE_START
G1 F7200
G1 X149.697 Y149.55 E-.37763
G1 X149.096 Y149.55 E-.28547
G1 X149.095 Y149.101 E-.21328
G1 X149.697 Y148.498 E-.40473
G1 X149.697 Y148.556 E-.02755
G1 X149.412 Y148.271 E-.19134
;WIPE_END
G1 X144.606 Y132.294 F9000
G1 E5 F2400
G1 F3000
G1 X145.918 Y133.183 E.05233
G1 X146.498 Y133.728 E.02628
G1 X149.676 Y130.55 E.14839
G1 X147.294 Y130.55 E.07865
G1 E-3.5 F3600
;WIPE_START
G1 F7200
G1 X149.676 Y130.55 E-1.13145
G1 X149.127 Y131.099 E-.36855
;WIPE_END
G1 X118.798 Y132.307 F9000
G1 E5 F2400
G1 F3000
G1 X118.11 Y132.703 E.02621
G1 X117.332 Y133.308 E.03254
G1 X116.906 Y133.734 E.01989
G1 X113.721 Y130.55 E.1487
G1 X116.104 Y130.55 E.07868
;LAYER_CHANGE
;Z:1.85
;HEIGHT:0.0500001
;BEFORE_LAYER_CHANGE
G92 E0
;1.85


G1 E-3.5 F3600
;WIPE_START
G1 F7200
G1 X113.721 Y130.55 E-1.13192
G1 X114.269 Y131.098 E-.36808
;WIPE_END
G1 Z1.85 F9000
;AFTER_LAYER_CHANGE
;1.85
G1 X116.862 Y148.221
G1 E5 F2400
;TYPE:Support material interface
;WIDTH:0.36
;HEIGHT:0.2
G1 X117.211 Y148.221 E.0092
G1 X117.211 Y145.587 E.06945
G1 X116.703 Y145.587 E.01339
G1 X116.703 Y148.221 E.06945
G1 X116.186 Y148.221 E.01363
G1 X116.186 Y145.587 E.06945
G1 X116.011 Y145.587 E.00461
G1 X116.011 Y145.943 E.00939
G1 X116.011 Y145.27 F9000
;TYPE:Support material
G1 F2400
G1 X116.011 Y144.27 E.02637
G1 X117.211 Y144.27 E.03164
G1 X117.211 Y145.27 E.02637
G1 X116.058 Y145.27 E.0304
G1 E-3.5 F3600
;WIPE_START
G1 F7200
G1 X117.211 Y145.27 E-.54767
G1 X117.211 Y144.27 E-.475
G1 X116.206 Y144.27 E-.47733
;WIPE_END
G1 X129.113 Y119.245 F9000
G1 E5 F2400
;TYPE:Support material interface
G1 X129.113 Y121.879 E.06945
G1 X129.63 Y121.879 E.01363
G1 X129.63 Y119.245 E.06945
G1 X129.989 Y119.245 E.00947
G1 X130.352 Y119.634 F9000
G1 F2400
G1 X130.664 Y119.245 E.01315
G1 X130.147 Y119.245 E.01363
G1 X130.147 Y121.879 E.06945
G1 X130.382 Y121.879 E.0062
G1 X130.382 Y128.839 E.1835
G1 X130.664 Y128.839 E.00744
G1 X130.664 Y121.37 E.19692
G1 X130.401 Y121.079 E.01034
G1 E-3.5 F3600
;WIPE_START
G1 F7200
G1 X130.664 Y121.37 E-.18631
G1 X130.664 Y124.136 E-1.31369
;WIPE_END
G1 X129.064 Y123.038 F9000
G1 E5 F2400
;TYPE:Support material
G1 X129.064 Y122.196 E.0222
G1 X130.064 Y122.196 E.02637
G1 X130.064 Y123.196 E.02637
G1 X129.064 Y123.196 E.02637
G1 X129.064 Y124.513 E.03472
G1 X130.064 Y124.513 E.02637
G1 X130.064 Y125.83 E.03472
G1 X129.064 Y125.83 E.02637
G1 X129.064 Y127.148 E.03475
G1 X130.064 Y127.148 E.02637
G1 X130.064 Y128.465 E.03472
G1 X129.064 Y128.465 E.02637
G1 X129.064 Y128.839 E.00986
G1 X130.064 Y128.839 E.02637
G1 X130.064 Y128.623 E.00569
G1 X130.918 Y127.572 F9000
;TYPE:Support material interface
G1 F2400
G1 X131.182 Y127.309 E.00982
G1 X131.182 Y121.57 E.15131
G1 X131.409 Y121.616 E.00611
G1 X131.699 Y121.379 E.00987
G1 X131.699 Y127.245 E.15466
G1 X132.151 Y127.245 E.01192
G1 X132.216 Y127.31 E.00242
G1 X132.216 Y121.57 E.15134
G1 X132.733 Y121.372 E.0146
G1 X132.733 Y128.839 E.19687
G1 X133.016 Y128.839 E.00746
G1 X133.016 Y121.879 E.1835
G1 X133.25 Y121.879 E.00617
G1 X133.25 Y119.245 E.06945
G1 X133.767 Y119.245 E.01363
G1 X133.767 Y121.879 E.06945
G1 X134.284 Y121.879 E.01363
G1 X134.284 Y119.245 E.06945
G1 X133.091 Y119.245 F9000
G1 F2400
G1 X132.733 Y119.245 E.00944
G1 X133.047 Y119.631 E.01312
G1 E-3.5 F3600
;WIPE_START
G1 F7200
G1 X132.733 Y119.245 E-.23635
G1 X133.091 Y119.245 E-.17005
;WIPE_END
G1 E-1.0936 F3600
G1 X133.333 Y123.038 F9000
G1 E5 F2400
;TYPE:Support material
G1 X133.333 Y122.196 E.0222
G1 X134.333 Y122.196 E.02637
G1 X134.333 Y123.196 E.02637
G1 X133.333 Y123.196 E.02637
G1 X133.333 Y124.513 E.03472
G1 X134.333 Y124.513 E.02637
G1 X134.333 Y125.83 E.03472
G1 X133.333 Y125.83 E.02637
G1 X133.333 Y127.148 E.03475
G1 X134.333 Y127.148 E.02637
G1 X134.333 Y128.465 E.03472
G1 X133.333 Y128.465 E.02637
G1 X133.333 Y128.839 E.00986
G1 X134.333 Y128.839 E.02637
G1 X134.333 Y128.623 E.00569
G1 E-3.5 F3600
;WIPE_START
G1 F7200
G1 X134.333 Y128.839 E-.1026
G1 X133.333 Y128.839 E-.475
G1 X133.333 Y128.465 E-.17765
G1 X134.333 Y128.465 E-.475
G1 X134.333 Y127.897 E-.26975
;WIPE_END
G1 X146.187 Y145.27 F9000
G1 E5 F2400
G1 X146.187 Y144.27 E.02637
G1 X147.387 Y144.27 E.03164
G1 X147.387 Y145.27 E.02637
G1 X146.234 Y145.27 E.0304
G1 X147.387 Y145.943 F9000
;TYPE:Support material interface
G1 F2400
G1 X147.387 Y145.587 E.00939
G1 X147.211 Y145.587 E.00464
G1 X147.211 Y148.221 E.06945
G1 X146.694 Y148.221 E.01363
G1 X146.694 Y145.587 E.06945
G1 X146.187 Y145.587 E.01337
G1 X146.187 Y148.221 E.06945
G1 X146.535 Y148.221 E.00918
;LAYER_CHANGE
;Z:2
;HEIGHT:0.15
;BEFORE_LAYER_CHANGE
G92 E0
;2


G1 E-3.5 F3600
;WIPE_START
G1 F7200
G1 X146.187 Y148.221 E-.1653
G1 X146.187 Y145.587 E-1.25115
G1 X146.363 Y145.587 E-.08355
;WIPE_END
G1 Z2 F9000
;AFTER_LAYER_CHANGE
;2
G1 X148.79 Y149.856
G1 E5 F2400
;TYPE:Perimeter
;WIDTH:0.439999
;HEIGHT:0.2
G1 X148.775 Y139.438 E.34397
G1 X148.664 Y138.499 E.03122
G1 X148.369 Y137.314 E.04032
G1 X147.983 Y136.336 E.03471
G1 X147.547 Y135.526 E.03037
G1 X147.026 Y134.768 E.03037
G1 X146.341 Y133.99 E.03423
G1 X145.734 Y133.428 E.02731
G1 X144.743 Y132.715 E.04031
G1 X143.816 Y132.22 E.0347
G1 X142.959 Y131.885 E.03038
G1 X142.071 Y131.644 E.03038
G1 X141.163 Y131.501 E.03035
G1 X140.298 Y131.456 E.0286
G1 X122.693 Y131.467 E.58127
G1 X121.352 Y131.641 E.04465
G1 X120.338 Y131.919 E.03471
G1 X119.463 Y132.277 E.03121
G1 X118.29 Y132.95 E.04465
G1 X117.543 Y133.529 E.03121
G1 X116.593 Y134.492 E.04466
G1 X116.028 Y135.25 E.03121
G1 X115.427 Y136.313 E.04032
G1 X115.035 Y137.288 E.0347
G1 X114.795 Y138.176 E.03037
G1 X114.651 Y139.084 E.03035
G1 X114.606 Y139.949 E.0286
G1 X114.606 Y149.856 E.3271
G1 X113.394 Y149.856 E.04002
G1 X113.394 Y130.244 E.64753
G1 X150.003 Y130.244 E1.20873
G1 X150.003 Y132.414 E.07165
G1 X150.003 Y149.856 E.57589
G1 X148.85 Y149.856 E.03807
G1 X148.394 Y150.253 F9000
G1 F2400
G1 X148.38 Y139.481 E.35566
G1 X148.278 Y138.595 E.02945
G1 X147.984 Y137.409 E.04034
G1 X147.632 Y136.522 E.03151
G1 X147.219 Y135.749 E.02894
G1 X146.724 Y135.026 E.02893
G1 X146.068 Y134.278 E.03285
G1 X145.503 Y133.75 E.02553
G1 X144.445 Y132.997 E.04288
G1 X143.669 Y132.589 E.02895
G1 X142.853 Y132.268 E.02895
G1 X142.007 Y132.036 E.02896
G1 X141.142 Y131.898 E.02892
G1 X140.298 Y131.853 E.02791
G1 X122.693 Y131.864 E.58127
G1 X121.405 Y132.034 E.0429
G1 X120.485 Y132.287 E.0315
G1 X119.659 Y132.622 E.02943
G1 X118.531 Y133.266 E.04289
G1 X117.824 Y133.81 E.02945
G1 X117.392 Y134.242 E.02017
G1 X116.909 Y134.732 E.02272
G1 X116.374 Y135.445 E.02943
G1 X115.739 Y136.579 E.04291
G1 X115.418 Y137.394 E.02892
G1 X115.186 Y138.24 E.02896
G1 X115.048 Y139.106 E.02895
G1 X115.003 Y139.949 E.02787
G1 X115.003 Y150.253 E.34021
G1 X112.997 Y150.253 E.06623
G1 X112.997 Y129.847 E.67375
G1 X150.4 Y129.847 E1.23494
G1 X150.4 Y132.414 E.08476
G1 X150.4 Y150.253 E.58899
G1 X148.454 Y150.253 E.06425
G1 X148.007 Y150.64 F9000
;TYPE:External perimeter
;WIDTH:0.419999
G1 F1500
G1 X147.995 Y139.522 E.3486
G1 X147.903 Y138.688 E.02631
G1 X147.608 Y137.503 E.03829
G1 X147.29 Y136.703 E.02699
G1 X146.898 Y135.966 E.02617
G1 X146.429 Y135.276 E.02616
G1 X145.801 Y134.559 E.02988
G1 X145.277 Y134.064 E.0226
G1 X144.263 Y133.339 E.03908
G1 X143.525 Y132.949 E.02617
G1 X142.75 Y132.641 E.02615
G1 X141.944 Y132.418 E.02622
G1 X141.121 Y132.284 E.02614
G1 X140.298 Y132.24 E.02584
G1 X122.693 Y132.251 E.55199
G1 X121.458 Y132.418 E.03907
G1 X120.629 Y132.647 E.02697
G1 X119.849 Y132.959 E.02634
G1 X118.765 Y133.574 E.03908
G1 X118.098 Y134.084 E.02633
G1 X117.666 Y134.516 E.01916
G1 X117.217 Y134.967 E.01995
G1 X116.711 Y135.636 E.0263
G1 X116.099 Y136.722 E.03909
G1 X115.791 Y137.498 E.02618
G1 X115.568 Y138.303 E.02619
G1 X115.434 Y139.127 E.02618
G1 X115.39 Y139.949 E.02581
G1 X115.39 Y150.64 E.33521
G1 X112.61 Y150.64 E.08716
G1 X112.61 Y129.46 E.66408
G1 X150.787 Y129.46 E1.19701
G1 X150.787 Y132.414 E.09262
G1 X150.787 Y150.64 E.57146
G1 X148.067 Y150.64 E.08528
G1 E-3.5 F3600
;WIPE_START
G1 F7200
G1 X148.007 Y150.64 E-.0285
G1 X148.004 Y147.542 E-1.4715
;WIPE_END
G1 X149.697 Y148.755 F9000
G1 E5 F2400
;TYPE:Internal infill
;WIDTH:0.44
G1 F3000
G1 X149.697 Y149.55 E.02625
G1 X149.096 Y149.55 E.01984
G1 X149.095 Y149.101 E.01482
G1 X149.697 Y148.498 E.02813
G1 X149.697 Y148.556 E.00192
G1 X149.093 Y147.952 E.0282
G1 X149.088 Y144.615 E.11018
G1 X149.697 Y144.006 E.02844
G1 X149.697 Y144.064 E.00192
G1 X149.086 Y143.452 E.02855
G1 X149.081 Y140.13 E.10968
G1 X149.697 Y139.513 E.02879
G1 X149.697 Y139.571 E.00192
G1 X149.017 Y138.891 E.03175
G1 X148.962 Y138.431 E.0153
G1 X148.664 Y137.233 E.04076
G1 X148.331 Y136.388 E.02999
G1 X149.697 Y135.021 E.06381
G1 X149.697 Y135.079 E.00192
G1 X145.168 Y130.55 E.21147
G1 X143.83 Y131.904 E.06285
G1 X143.047 Y131.592 E.02783
G1 X142.251 Y131.371 E.02728
G1 X141.341 Y131.215 E.03048
G1 X140.691 Y130.55 E.0307
G1 X140.091 Y131.15 E.02802
G1 X136.788 Y131.154 E.10906
G1 X136.183 Y130.55 E.02823
G1 X135.593 Y131.156 E.02793
G1 X132.301 Y131.16 E.10869
G1 X131.691 Y130.55 E.02848
G1 X131.095 Y131.161 E.02818
G1 X127.814 Y131.165 E.10833
G1 X127.199 Y130.55 E.02872
G1 X126.597 Y131.167 E.02846
G1 X123.327 Y131.171 E.10797
G1 X122.706 Y130.55 E.029
G1 X122.032 Y131.24 E.03185
G1 X121.259 Y131.345 E.02576
G1 X120.23 Y131.633 E.03528
G1 X119.568 Y131.905 E.02363
G1 X118.214 Y130.55 E.06325
G1 X113.7 Y135.079 E.21113
G1 X113.7 Y135.021 E.00192
G1 X115.061 Y136.382 E.06355
G1 X114.783 Y137.08 E.02481
G1 X114.521 Y137.996 E.03146
G1 X114.365 Y138.906 E.03048
G1 X113.7 Y139.571 E.03105
G1 X113.7 Y139.513 E.00192
G1 X114.3 Y140.114 E.02804
G1 X114.3 Y143.464 E.11061
G1 X113.7 Y144.064 E.02802
G1 X113.7 Y144.006 E.00192
G1 X114.3 Y144.606 E.02802
G1 X114.3 Y147.956 E.11061
G1 X113.7 Y148.556 E.02802
G1 X113.7 Y148.498 E.00192
G1 X114.3 Y149.099 E.02804
G1 X114.3 Y149.55 E.01489
G1 X113.7 Y149.55 E.01981
G1 X113.7 Y148.755 E.02625
G1 E-3.5 F3600
;WIPE_START
G1 F7200
G1 X113.7 Y149.55 E-.37763
G1 X114.3 Y149.55 E-.285
G1 X114.3 Y149.099 E-.21423
G1 X113.7 Y148.498 E-.40339
G1 X113.7 Y148.556 E-.02755
G1 X113.986 Y148.27 E-.1922
;WIPE_END
G1 X118.798 Y132.307 F9000
G1 E5 F2400
G1 F3000
G1 X118.11 Y132.703 E.02621
G1 X117.332 Y133.308 E.03254
G1 X116.906 Y133.734 E.01989
G1 X113.721 Y130.55 E.1487
G1 X116.104 Y130.55 E.07868
G1 E-3.5 F3600
;WIPE_START
G1 F7200
G1 X113.721 Y130.55 E-1.13192
G1 X114.269 Y131.098 E-.36808
;WIPE_END
G1 X144.606 Y132.294 F9000
G1 E5 F2400
G1 F3000
G1 X145.918 Y133.183 E.05233
G1 X146.498 Y133.728 E.02628
G1 X149.676 Y130.55 E.14839
G1 X147.294 Y130.55 E.07865
G1 E-3.5 F3600
;WIPE_START
G1 F7200
G1 X149.676 Y130.55 E-1.13145
G1 X149.127 Y131.099 E-.36855
;WIPE_END
G1 X131.014 Y119.907 F9000
G1 E5 F2400
M204 S250
;TYPE:Overhang perimeter
;WIDTH:0.389872
;HEIGHT:0.389872
G1 F1500
G1 X131.022 Y120.75 E.04184
M204 S500
G1 X132.378 Y119.868 F9000
M204 S250
G1 F1500
G1 X132.386 Y120.709 E.04174
M204 S500
;LAYER_CHANGE
;Z:2.05
;HEIGHT:0.05
;BEFORE_LAYER_CHANGE
G92 E0
;2.05


G1 E-3.5 F3600
;WIPE_START
G1 F7200
G1 X132.378 Y119.868 E-.39949
;WIPE_END
G1 E-1.10051 F3600
G1 Z2.05 F9000
;AFTER_LAYER_CHANGE
;2.05
G1 X147.37 Y148.221
G1 E5 F2400
;TYPE:Support material interface
;WIDTH:0.36
;HEIGHT:0.2
G1 X147.387 Y147.516 E.01859
G1 X147.211 Y147.516 E.00464
G1 X147.211 Y148.221 E.01859
G1 X146.694 Y148.221 E.01363
G1 X146.694 Y147.516 E.01859
G1 X146.322 Y147.445 E.00998
G1 X146.187 Y147.312 E.005
G1 X146.187 Y148.221 E.02397
G1 X146.535 Y148.221 E.00918
G1 E-3.5 F3600
;WIPE_START
G1 F7200
G1 X146.187 Y148.221 E-.1653
G1 X146.187 Y147.312 E-.43177
G1 X146.322 Y147.445 E-.09002
G1 X146.694 Y147.516 E-.17989
G1 X146.694 Y148.221 E-.33488
G1 X147.211 Y148.221 E-.24557
G1 X147.211 Y148.11 E-.05257
;WIPE_END
G1 X146.852 Y145.784 F9000
G1 E5 F2400
G1 X147.211 Y145.784 E.00947
G1 X147.211 Y145.587 E.00519
G1 X146.852 Y145.587 E.00947
G1 X146.536 Y145.241 F9000
G1 F2400
G1 X146.253 Y145.328 E.00781
G1 X146.301 Y145.587 E.00694
G1 X146.694 Y145.587 E.01036
G1 X146.694 Y145.784 E.00519
G1 X146.322 Y145.856 E.00999
G1 X146.187 Y145.988 E.00498
G1 X146.187 Y144.27 E.0453
G1 X146.694 Y144.27 E.01337
G1 X146.694 Y145.237 E.0255
G1 X147.211 Y145.237 E.01363
G1 X147.211 Y144.27 E.0255
G1 X147.387 Y144.27 E.00464
G1 X147.37 Y145.237 E.0255
G1 E-3.5 F3600
;WIPE_START
G1 F7200
G1 X147.387 Y144.27 E-.4594
G1 X147.211 Y144.27 E-.0836
G1 X147.211 Y145.237 E-.45932
G1 X146.694 Y145.237 E-.24557
G1 X146.694 Y144.706 E-.25211
;WIPE_END
G1 X134.284 Y119.245 F9000
G1 E5 F2400
G1 X134.284 Y128.839 E.25295
G1 X133.767 Y128.839 E.01363
G1 X133.767 Y119.245 E.25295
G1 X133.25 Y119.245 E.01363
G1 X133.447 Y119.697 E.013
G1 X133.462 Y120.775 E.02842
G1 X133.25 Y121.293 E.01476
G1 X133.25 Y128.839 E.19895
G1 X132.911 Y128.839 E.00894
G1 X132.916 Y121.533 E.19262
G1 X133.133 Y121.399 E.00672
G1 E-3.5 F3600
;WIPE_START
G1 F7200
G1 X132.916 Y121.533 E-.12114
G1 X132.914 Y124.436 E-1.37886
;WIPE_END
G1 X130.264 Y121.396 F9000
G1 E5 F2400
G1 X130.485 Y121.533 E.00686
G1 X130.484 Y128.839 E.19262
G1 X130.306 Y128.839 E.00469
G1 X129.113 Y128.839 F9000
G1 F2400
G1 X129.113 Y119.245 E.25295
G1 X129.63 Y119.245 E.01363
G1 X129.63 Y128.839 E.25295
G1 X130.147 Y128.839 E.01363
G1 X130.147 Y121.289 E.19906
G1 X129.938 Y120.775 E.01463
G1 X129.953 Y119.697 E.02842
G1 X130.147 Y119.245 E.01297
G1 E-3.5 F3600
;WIPE_START
G1 F7200
G1 X129.953 Y119.697 E-.23364
G1 X129.938 Y120.775 E-.5121
G1 X130.147 Y121.289 E-.26356
G1 X130.147 Y122.322 E-.4907
;WIPE_END
G1 X116.862 Y145.242 F9000
G1 E5 F2400
G1 X117.146 Y145.335 E.00788
G1 X117.093 Y145.587 E.00679
G1 X116.703 Y145.587 E.01028
G1 X116.703 Y145.791 E.00538
G1 X117.047 Y145.839 E.00916
G1 X117.211 Y145.988 E.00584
G1 X117.211 Y144.27 E.0453
G1 X116.703 Y144.27 E.01339
G1 X116.703 Y145.238 E.02552
G1 X116.186 Y145.238 E.01363
G1 X116.186 Y144.27 E.02552
G1 X116.011 Y144.27 E.00461
G1 X116.028 Y145.238 E.02553
G1 X116.028 Y145.587 F9000
G1 F2400
G1 X116.011 Y145.791 E.0054
G1 X116.186 Y145.791 E.00461
G1 X116.186 Y145.587 E.00538
G1 X116.545 Y145.587 E.00947
G1 E-3.5 F3600
;WIPE_START
G1 F7200
G1 X116.186 Y145.587 E-.17052
G1 X116.186 Y145.791 E-.0969
G1 X116.011 Y145.791 E-.08313
G1 X116.028 Y145.587 E-.09724
;WIPE_END
G1 E-1.05221 F3600
G1 X116.862 Y148.221 F9000
G1 E5 F2400
G1 X117.211 Y148.221 E.0092
G1 X117.211 Y147.312 E.02397
G1 X117.048 Y147.461 E.00582
G1 X116.703 Y147.509 E.00918
G1 X116.703 Y148.221 E.01877
G1 X116.186 Y148.221 E.01363
G1 X116.186 Y147.509 E.01877
G1 X116.011 Y147.509 E.00461
G1 X116.028 Y148.221 E.01878
;LAYER_CHANGE
;Z:2.2
;HEIGHT:0.15
;BEFORE_LAYER_CHANGE
G92 E0
;2.2


G1 E-3.5 F3600
;WIPE_START
G1 F7200
G1 X116.011 Y147.509 E-.3383
G1 X116.186 Y147.509 E-.08313
G1 X116.186 Y148.221 E-.3382
G1 X116.703 Y148.221 E-.24557
G1 X116.703 Y147.509 E-.3382
G1 X117.03 Y147.463 E-.1566
;WIPE_END
G1 Z2.2 F9000
;AFTER_LAYER_CHANGE
;2.2
G1 X131.098 Y121.236
G1 E5 F2400
;TYPE:External perimeter
;WIDTH:0.404517
;HEIGHT:0.2
G1 F1500
G1 X131.098 Y121.332 E.00289
M204 S250
;TYPE:Overhang perimeter
;WIDTH:0.389872
;HEIGHT:0.389872
G1 X131.099 Y127.303 E.29636
M204 S500
G1 E-3.5 F3600
;WIPE_START
G1 F7200
G1 X131.098 Y124.145 E-1.5
;WIPE_END
G1 X132.303 Y121.236 F9000
G1 E5 F2400
;TYPE:External perimeter
;WIDTH:0.402786
;HEIGHT:0.2
G1 F1500
G1 X132.303 Y121.332 E.00287
M204 S250
;TYPE:Overhang perimeter
;WIDTH:0.389872
;HEIGHT:0.389872
G1 X132.299 Y127.303 E.29636
M204 S500
G1 E-3.5 F3600
;WIPE_START
G1 F7200
G1 X132.301 Y124.145 E-1.5
;WIPE_END
G1 X132.303 Y121.236 F9000
G1 E5 F2400
;TYPE:External perimeter
;WIDTH:0.449262
;HEIGHT:0.2
G1 F1500
G1 X132.327 Y120.951 E.00966
;WIDTH:0.495737
G1 X132.35 Y120.666 E.01077
G1 X132.348 Y119.59 E.04051
;WIDTH:0.491057
G1 X132.452 Y119.608 E.00393
G1 X132.76 Y119.779 E.01313
G1 X132.796 Y119.91 E.00506
;WIDTH:0.495737
G1 X132.803 Y120.664 E.02839
G1 X132.734 Y120.867 E.00807
G1 X132.415 Y121.035 E.01357
;WIDTH:0.466489
G1 X132.359 Y121.135 E.00404
;WIDTH:0.434638
G1 X132.332 Y121.183 E.00179
G1 X131.098 Y121.236 F9000
;WIDTH:0.433824
G1 F1500
G1 X131.048 Y121.139 E.00355
;WIDTH:0.463142
G1 X130.998 Y121.042 E.00381
;WIDTH:0.496761
G1 X130.671 Y120.876 E.01384
G1 X130.598 Y120.664 E.00846
G1 X130.604 Y119.893 E.0291
;WIDTH:0.492687
G1 X130.668 Y119.743 E.0061
G1 X131.054 Y119.591 E.01551
G1 X131.054 Y119.914 E.01208
;WIDTH:0.496761
G1 X131.052 Y120.725 E.0306
G1 X131.075 Y120.98 E.00966
;WIDTH:0.450634
G1 X131.092 Y121.176 E.00667
G1 E-3.5 F3600
;WIPE_START
G1 F7200
G1 X131.098 Y121.236 E-.02864
G1 X131.048 Y121.139 E-.05184
G1 X130.998 Y121.042 E-.05184
G1 X130.671 Y120.876 E-.17419
G1 X130.598 Y120.664 E-.1065
G1 X130.604 Y119.893 E-.36624
G1 X130.668 Y119.743 E-.07746
G1 X131.054 Y119.591 E-.19705
G1 X131.054 Y119.914 E-.15342
G1 X131.052 Y120.53 E-.29282
;WIPE_END
G1 X131.697 Y129.772 F9000
G1 E5 F2400
;TYPE:Perimeter
;WIDTH:0.439999
G1 X131.774 Y129.941 E.00613
G1 X132.026 Y130.132 E.01044
G1 X132.479 Y130.244 E.01541
G1 X150.003 Y130.244 E.57859
G1 X150.003 Y132.414 E.07165
G1 X150.003 Y149.856 E.57589
G1 X148.791 Y149.856 E.04002
G1 X148.791 Y147.084 E.09152
G1 X148.755 Y146.822 E.00873
G1 X148.684 Y146.65 E.00614
G1 X148.755 Y146.478 E.00614
G1 X148.791 Y146.216 E.00873
G1 X148.79 Y139.897 E.20864
G1 X148.735 Y138.98 E.03033
G1 X148.58 Y138.073 E.03038
G1 X148.329 Y137.188 E.03037
G1 X147.983 Y136.336 E.03036
G1 X147.547 Y135.526 E.03037
G1 X147.026 Y134.768 E.03037
G1 X146.341 Y133.99 E.03423
G1 X145.734 Y133.428 E.02731
G1 X144.743 Y132.715 E.04031
G1 X143.816 Y132.22 E.0347
G1 X142.959 Y131.885 E.03038
G1 X142.071 Y131.644 E.03038
G1 X141.163 Y131.501 E.03035
G1 X140.298 Y131.456 E.0286
G1 X122.693 Y131.467 E.58127
G1 X121.352 Y131.641 E.04465
G1 X120.338 Y131.919 E.03471
G1 X119.463 Y132.277 E.03121
G1 X118.29 Y132.95 E.04465
G1 X117.543 Y133.529 E.03121
G1 X116.593 Y134.492 E.04466
G1 X116.028 Y135.25 E.03121
G1 X115.427 Y136.313 E.04032
G1 X115.035 Y137.288 E.0347
G1 X114.795 Y138.176 E.03037
G1 X114.651 Y139.084 E.03035
G1 X114.606 Y139.949 E.0286
G1 X114.606 Y146.223 E.20715
G1 X114.62 Y146.391 E.00557
G1 X114.709 Y146.65 E.00904
G1 X114.641 Y146.818 E.00598
G1 X114.606 Y147.077 E.00863
G1 X114.606 Y149.856 E.09175
G1 X113.394 Y149.856 E.04002
G1 X113.394 Y130.244 E.64753
G1 X130.916 Y130.244 E.57853
G1 X131.085 Y130.229 E.0056
G1 X131.369 Y130.132 E.00991
G1 X131.621 Y129.941 E.01044
G1 X131.673 Y129.827 E.00414
G1 X131.313 Y129.683 F9000
G1 F2400
G1 X131.333 Y129.668 E.00083
;WIDTH:0.447278
G1 X131.495 Y129.272 E.01439
G1 X131.495 Y129.05 E.00746
M204 S250
;TYPE:Overhang perimeter
;WIDTH:0.389872
;HEIGHT:0.389872
G1 F1500
G1 X131.495 Y127.851 E.05951
G1 X131.9 Y127.851 E.0201
G1 X131.9 Y129.05 E.05951
M204 S500
;TYPE:Perimeter
;WIDTH:0.447358
;HEIGHT:0.2
G1 F2400
G1 X131.9 Y129.271 E.00743
G1 X132.061 Y129.668 E.01441
;WIDTH:0.439999
G1 X132.211 Y129.781 E.0062
G1 X132.479 Y129.847 E.00911
G1 X150.4 Y129.847 E.5917
G1 X150.4 Y132.414 E.08476
G1 X150.4 Y150.253 E.58899
G1 X148.394 Y150.253 E.06623
G1 X148.394 Y147.084 E.10463
G1 X148.321 Y146.803 E.00959
G1 X148.06 Y146.65 E.00999
G1 X148.321 Y146.497 E.00999
G1 X148.394 Y146.216 E.00959
G1 X148.394 Y139.949 E.20692
G1 X148.343 Y139.044 E.02993
G1 X148.198 Y138.179 E.02896
G1 X147.96 Y137.335 E.02895
G1 X147.632 Y136.522 E.02895
G1 X147.219 Y135.749 E.02894
G1 X146.724 Y135.026 E.02893
G1 X146.068 Y134.278 E.03285
G1 X145.503 Y133.75 E.02553
G1 X144.445 Y132.997 E.04288
G1 X143.669 Y132.589 E.02895
G1 X142.853 Y132.268 E.02895
G1 X142.007 Y132.036 E.02896
G1 X141.142 Y131.898 E.02892
G1 X140.298 Y131.853 E.02791
G1 X122.693 Y131.864 E.58127
G1 X121.405 Y132.034 E.0429
G1 X120.485 Y132.287 E.0315
G1 X119.659 Y132.622 E.02943
G1 X118.531 Y133.266 E.04289
G1 X117.824 Y133.81 E.02945
G1 X117.392 Y134.242 E.02017
G1 X116.909 Y134.732 E.02272
G1 X116.374 Y135.445 E.02943
G1 X115.739 Y136.579 E.04291
G1 X115.418 Y137.394 E.02892
G1 X115.186 Y138.24 E.02896
G1 X115.048 Y139.106 E.02895
G1 X115.003 Y139.949 E.02787
G1 X115.003 Y146.223 E.20715
G1 X115.074 Y146.501 E.00947
G1 X115.303 Y146.65 E.00902
G1 X115.074 Y146.799 E.00902
G1 X115.003 Y147.077 E.00947
G1 X115.003 Y150.253 E.10486
G1 X112.997 Y150.253 E.06623
G1 X112.997 Y129.847 E.67375
G1 X130.916 Y129.847 E.59164
G1 X131.184 Y129.781 E.00911
G1 X131.265 Y129.719 E.00337
G1 X131.042 Y129.406 F9000
;TYPE:External perimeter
;WIDTH:0.419999
G1 F1500
G1 X131.053 Y129.401 E.00038
G1 X131.104 Y129.271 E.00438
G1 X131.104 Y129.05 E.00693
M204 S250
;TYPE:Overhang perimeter
;WIDTH:0.389872
;HEIGHT:0.389872
G1 X131.099 Y127.303 E.08671
G1 X131.279 Y127.46 E.01185
G1 X132.121 Y127.459 E.04179
G1 X132.299 Y127.303 E.01175
G1 X132.29 Y129.05 E.08671
M204 S500
;TYPE:External perimeter
;WIDTH:0.419999
;HEIGHT:0.2
G1 X132.29 Y129.271 E.00693
G1 X132.342 Y129.401 E.00439
G1 X132.479 Y129.46 E.00468
G1 X150.787 Y129.46 E.57403
G1 X150.787 Y132.414 E.09262
G1 X150.787 Y150.64 E.57146
G1 X148.007 Y150.64 E.08716
G1 X148 Y147.034 E.11306
;WIDTH:0.448691
G1 X147.91 Y146.95 E.00415
;WIDTH:0.477383
G1 X147.819 Y146.867 E.00445
G1 X147.597 Y146.867 E.00802
M204 S250
;TYPE:Overhang perimeter
;WIDTH:0.389872
;HEIGHT:0.389872
G1 X146.692 Y146.867 E.04492
G1 X146.666 Y146.811 E.00306
G1 X146.692 Y146.433 E.01881
G1 X147.597 Y146.433 E.04492
M204 S500
;TYPE:External perimeter
;WIDTH:0.477383
;HEIGHT:0.2
G1 X147.819 Y146.433 E.00802
G1 X147.901 Y146.37 E.00374
;WIDTH:0.448691
G1 X147.983 Y146.308 E.00347
;WIDTH:0.419999
G1 X148.007 Y146.216 E.00298
G1 X148.007 Y139.949 E.1965
G1 X147.961 Y139.106 E.02647
G1 X147.825 Y138.283 E.02615
G1 X147.6 Y137.479 E.02618
G1 X147.29 Y136.703 E.0262
G1 X146.898 Y135.966 E.02617
G1 X146.429 Y135.276 E.02616
G1 X145.801 Y134.559 E.02988
G1 X145.277 Y134.064 E.0226
G1 X144.263 Y133.339 E.03908
G1 X143.525 Y132.949 E.02617
G1 X142.75 Y132.641 E.02615
G1 X141.944 Y132.418 E.02622
G1 X141.121 Y132.284 E.02614
G1 X140.298 Y132.24 E.02584
G1 X122.693 Y132.251 E.55199
G1 X121.433 Y132.423 E.03987
G1 X120.629 Y132.647 E.02617
G1 X119.849 Y132.959 E.02634
G1 X118.765 Y133.574 E.03908
G1 X118.098 Y134.084 E.02633
G1 X117.217 Y134.967 E.03911
G1 X116.711 Y135.636 E.0263
G1 X116.11 Y136.699 E.03829
G1 X115.791 Y137.498 E.02697
G1 X115.568 Y138.303 E.02619
G1 X115.434 Y139.127 E.02618
G1 X115.39 Y139.949 E.02581
G1 X115.397 Y146.273 E.19828
;WIDTH:0.445659
G1 X115.478 Y146.355 E.00386
;WIDTH:0.471318
G1 X115.56 Y146.437 E.00413
G1 X115.8 Y146.437 E.00855
M204 S250
;TYPE:Overhang perimeter
;WIDTH:0.389872
;HEIGHT:0.389872
G1 X116.711 Y146.437 E.04522
G1 X116.735 Y146.489 E.00284
G1 X116.711 Y146.863 E.0186
G1 X115.8 Y146.863 E.04522
M204 S500
;TYPE:External perimeter
;WIDTH:0.469688
;HEIGHT:0.2
G1 X115.579 Y146.863 E.00784
G1 X115.413 Y146.986 E.00733
;WIDTH:0.419999
G1 X115.39 Y147.077 E.00294
G1 X115.39 Y150.64 E.11172
G1 X112.61 Y150.64 E.08716
G1 X112.61 Y129.46 E.66408
G1 X130.916 Y129.46 E.57397
G1 X130.987 Y129.429 E.00243
G1 E-3.5 F3600
;WIPE_START
G1 F7200
G1 X131.042 Y129.406 E-.02832
G1 X131.053 Y129.401 E-.00574
G1 X131.104 Y129.271 E-.06633
G1 X131.104 Y129.05 E-.10498
;WIPE_END
G1 E-1.29463 F3600
G1 X118.798 Y132.307 F9000
G1 E5 F2400
;TYPE:Internal infill
;WIDTH:0.44
G1 F3000
G1 X118.11 Y132.703 E.02621
G1 X117.332 Y133.308 E.03254
G1 X116.906 Y133.734 E.01989
G1 X113.721 Y130.55 E.1487
G1 X116.104 Y130.55 E.07868
G1 E-3.5 F3600
;WIPE_START
G1 F7200
G1 X113.721 Y130.55 E-1.13192
G1 X114.269 Y131.098 E-.36808
;WIPE_END
G1 X113.7 Y148.755 F9000
G1 E5 F2400
G1 F3000
G1 X113.7 Y149.55 E.02625
G1 X114.3 Y149.55 E.01981
G1 X114.3 Y149.099 E.01489
G1 X113.7 Y148.498 E.02804
G1 X113.7 Y148.556 E.00192
G1 X114.3 Y147.956 E.02802
G1 X114.3 Y147.07 E.02925
G1 X114.382 Y146.646 E.01426
G1 X114.3 Y146.228 E.01406
G1 X114.3 Y144.606 E.05355
G1 X113.7 Y144.006 E.02802
G1 X113.7 Y144.064 E.00192
G1 X114.3 Y143.464 E.02802
G1 X114.3 Y140.114 E.11061
G1 X113.7 Y139.513 E.02804
G1 X113.7 Y139.571 E.00192
G1 X114.365 Y138.906 E.03105
G1 X114.521 Y137.996 E.03048
G1 X114.783 Y137.08 E.03146
G1 X115.061 Y136.382 E.02481
G1 X113.7 Y135.021 E.06355
G1 X113.7 Y135.079 E.00192
G1 X118.214 Y130.55 E.21113
G1 X119.568 Y131.905 E.06325
G1 X120.23 Y131.633 E.02363
G1 X121.259 Y131.345 E.03528
G1 X122.032 Y131.24 E.02576
G1 X122.706 Y130.55 E.03185
G1 X123.327 Y131.171 E.029
G1 X126.597 Y131.167 E.10797
G1 X127.199 Y130.55 E.02846
G1 X127.814 Y131.165 E.02872
G1 X131.095 Y131.161 E.10833
G1 X131.865 Y130.391 E.03595
G1 X131.697 Y130.264 E.00695
G1 X131.531 Y130.39 E.00688
G1 X132.301 Y131.16 E.03595
G1 X135.593 Y131.156 E.10869
G1 X136.183 Y130.55 E.02793
G1 X136.788 Y131.154 E.02823
G1 X140.091 Y131.15 E.10906
G1 X140.691 Y130.55 E.02802
G1 X141.341 Y131.215 E.0307
G1 X142.251 Y131.371 E.03048
G1 X143.047 Y131.592 E.02728
G1 X143.83 Y131.904 E.02783
G1 X145.184 Y130.55 E.06322
G1 X149.697 Y135.079 E.2111
G1 X149.697 Y135.021 E.00192
G1 X148.332 Y136.386 E.06374
G1 X148.615 Y137.08 E.02475
G1 X148.876 Y137.996 E.03145
G1 X149.024 Y138.898 E.03018
G1 X149.697 Y139.571 E.03142
G1 X149.697 Y139.513 E.00192
G1 X149.097 Y140.114 E.02804
G1 X149.097 Y143.464 E.11061
G1 X149.697 Y144.064 E.02802
G1 X149.697 Y144.006 E.00192
G1 X149.097 Y144.606 E.02802
G1 X149.097 Y146.22 E.05329
G1 X149.012 Y146.645 E.01431
G1 X149.097 Y147.077 E.01454
G1 X149.097 Y147.956 E.02902
G1 X149.697 Y148.556 E.02802
G1 X149.697 Y148.498 E.00192
G1 X149.097 Y149.099 E.02804
G1 X149.097 Y149.55 E.01489
G1 X149.697 Y149.55 E.01981
G1 X149.697 Y148.755 E.02625
G1 E-3.5 F3600
;WIPE_START
G1 F7200
G1 X149.697 Y149.55 E-.37763
G1 X149.097 Y149.55 E-.285
G1 X149.097 Y149.099 E-.21423
G1 X149.697 Y148.498 E-.40339
G1 X149.697 Y148.556 E-.02755
G1 X149.411 Y148.27 E-.1922
;WIPE_END
G1 X144.606 Y132.294 F9000
G1 E5 F2400
G1 F3000
G1 X145.918 Y133.183 E.05233
G1 X146.498 Y133.728 E.02628
G1 X149.676 Y130.55 E.14839
G1 X147.294 Y130.55 E.07865
;LAYER_CHANGE
;Z:2.25
;HEIGHT:0.05
;BEFORE_LAYER_CHANGE
G92 E0
;2.25


G1 E-3.5 F3600
;WIPE_START
G1 F7200
G1 X149.676 Y130.55 E-1.13145
G1 X149.127 Y131.099 E-.36855
;WIPE_END
G1 Z2.25 F9000
;AFTER_LAYER_CHANGE
;2.25
G1 X147.37 Y148.221
G1 E5 F2400
;TYPE:Support material interface
;WIDTH:0.36
;HEIGHT:0.2
G1 X147.387 Y148.063 E.00419
G1 X147.211 Y148.063 E.00464
G1 X147.211 Y148.221 E.00417
G1 X146.694 Y148.221 E.01363
G1 X146.694 Y148.063 E.00417
G1 X146.413 Y148.034 E.00745
G1 X146.187 Y147.904 E.00687
G1 X146.187 Y148.221 E.00836
G1 X146.535 Y148.221 E.00918
G1 E-3.5 F3600
;WIPE_START
G1 F7200
G1 X146.187 Y148.221 E-.1653
G1 X146.187 Y147.904 E-.15058
G1 X146.413 Y148.034 E-.12384
G1 X146.694 Y148.063 E-.13418
G1 X146.694 Y148.221 E-.07505
G1 X147.211 Y148.221 E-.24557
G1 X147.211 Y148.063 E-.07505
G1 X147.387 Y148.063 E-.0836
G1 X147.37 Y148.221 E-.07548
;WIPE_END
G1 E-.37135 F3600
G1 X146.536 Y145.241 F9000
G1 E5 F2400
G1 X146.187 Y145.396 E.01007
G1 X146.187 Y144.27 E.02969
G1 X146.694 Y144.27 E.01337
G1 X146.694 Y145.237 E.0255
G1 X147.211 Y145.237 E.01363
G1 X147.211 Y144.27 E.0255
G1 X147.387 Y144.27 E.00464
G1 X147.37 Y145.237 E.0255
G1 E-3.5 F3600
;WIPE_START
G1 F7200
G1 X147.387 Y144.27 E-.4594
G1 X147.211 Y144.27 E-.0836
G1 X147.211 Y145.237 E-.45932
G1 X146.694 Y145.237 E-.24557
G1 X146.694 Y144.706 E-.25211
;WIPE_END
G1 X134.284 Y120.562 F9000
G1 E5 F2400
G1 X134.284 Y128.839 E.21823
G1 X133.767 Y128.839 E.01363
G1 X133.767 Y120.562 E.21823
G1 X133.513 Y121.321 F9000
G1 F2400
G1 X133.314 Y121.495 E.00697
G1 X133.311 Y128.839 E.19363
G1 X133.608 Y128.839 E.00783
G1 E-3.5 F3600
;WIPE_START
G1 F7200
G1 X133.311 Y128.839 E-.14107
G1 X133.312 Y125.978 E-1.35893
;WIPE_END
G1 X129.789 Y128.839 F9000
G1 E5 F2400
G1 X130.086 Y128.839 E.00783
G1 X130.086 Y121.495 E.19363
G1 X129.884 Y121.318 E.00708
G1 X129.63 Y120.562 F9000
G1 F2400
G1 X129.63 Y128.839 E.21823
G1 X129.113 Y128.839 E.01363
G1 X129.113 Y120.562 E.21823
G1 E-3.5 F3600
;WIPE_START
G1 F7200
G1 X129.113 Y123.72 E-1.5
;WIPE_END
G1 X116.028 Y145.238 F9000
G1 E5 F2400
G1 X116.011 Y144.27 E.02553
G1 X116.186 Y144.27 E.00461
G1 X116.186 Y145.238 E.02552
G1 X116.703 Y145.238 E.01363
G1 X116.703 Y144.27 E.02552
G1 X117.211 Y144.27 E.01339
G1 X117.211 Y145.396 E.02969
G1 X116.862 Y145.242 E.01006
G1 E-3.5 F3600
;WIPE_START
G1 F7200
G1 X117.211 Y145.396 E-.1812
G1 X117.211 Y144.27 E-.53485
G1 X116.703 Y144.27 E-.2413
G1 X116.703 Y145.238 E-.4598
G1 X116.529 Y145.238 E-.08285
;WIPE_END
G1 X116.862 Y148.221 F9000
G1 E5 F2400
G1 X117.211 Y148.221 E.0092
G1 X117.211 Y147.904 E.00836
G1 X117.01 Y148.025 E.00619
G1 X116.703 Y148.062 E.00815
G1 X116.703 Y148.221 E.00419
G1 X116.186 Y148.221 E.01363
G1 X116.186 Y148.062 E.00419
G1 X116.011 Y148.062 E.00461
G1 X116.028 Y148.221 E.00422
;LAYER_CHANGE
;Z:2.4
;HEIGHT:0.15
;BEFORE_LAYER_CHANGE
G92 E0
;2.4


G1 E-3.5 F3600
;WIPE_START
G1 F7200
G1 X116.011 Y148.062 E-.07596
G1 X116.186 Y148.062 E-.08313
G1 X116.186 Y148.221 E-.07552
G1 X116.703 Y148.221 E-.24557
G1 X116.703 Y148.062 E-.07552
G1 X117.01 Y148.025 E-.14688
G1 X117.211 Y147.904 E-.11144
G1 X117.211 Y148.221 E-.15058
G1 X116.862 Y148.221 E-.16577
;WIPE_END
G1 E-.36963 F3600
G1 Z2.4 F9000
;AFTER_LAYER_CHANGE
;2.4
G1 X116.16 Y146.649
G1 E5 F2400
;TYPE:Perimeter
;WIDTH:0.454556
;HEIGHT:0.2
G1 F1500
G1 X115.576 Y146.65 E.01999
;WIDTH:0.462036
G1 X115.493 Y146.65 E.00289
G1 E-3.5 F3600
;WIPE_START
G1 F7200
G1 X115.576 Y146.65 E-.03942
G1 X116.16 Y146.649 E-.2774
;WIPE_END
G1 E-1.18318 F3600
G1 X147.819 Y146.65 F9000
G1 E5 F2400
;WIDTH:0.456306
G1 F1500
G1 X147.248 Y146.65 E.01963
G1 X147.819 Y146.65 F9000
G1 F2400
G1 X148.391 Y146.456 E.02076
;WIDTH:0.439999
G1 X148.62 Y146.22 E.01086
G1 X148.777 Y145.837 E.01367
G1 X148.791 Y145.669 E.00557
G1 X148.791 Y139.949 E.18886
G1 X148.735 Y138.98 E.03205
G1 X148.58 Y138.073 E.03038
G1 X148.329 Y137.188 E.03037
G1 X147.983 Y136.336 E.03036
G1 X147.547 Y135.526 E.03037
G1 X147.026 Y134.768 E.03037
G1 X146.341 Y133.99 E.03423
G1 X145.734 Y133.428 E.02731
G1 X144.631 Y132.646 E.04464
G1 X143.816 Y132.22 E.03036
G1 X142.959 Y131.885 E.03038
G1 X142.071 Y131.644 E.03038
G1 X141.163 Y131.501 E.03035
G1 X140.298 Y131.456 E.0286
G1 X122.693 Y131.467 E.58127
G1 X121.352 Y131.641 E.04465
G1 X120.338 Y131.919 E.03471
G1 X119.463 Y132.277 E.03121
G1 X118.4 Y132.878 E.04032
G1 X117.562 Y133.511 E.03467
G1 X116.898 Y134.148 E.03038
G1 X116.307 Y134.852 E.03035
G1 X115.796 Y135.617 E.03037
G1 X115.37 Y136.432 E.03036
G1 X115.035 Y137.288 E.03035
G1 X114.795 Y138.176 E.03037
G1 X114.651 Y139.084 E.03035
G1 X114.606 Y139.949 E.0286
G1 X114.606 Y145.67 E.18889
G1 X114.62 Y145.838 E.00557
G1 X114.777 Y146.221 E.01367
G1 X115.005 Y146.456 E.01081
;WIDTH:0.462036
G1 X115.493 Y146.65 E.0183
G1 X115.005 Y146.844 E.0183
;WIDTH:0.439999
G1 X114.777 Y147.079 E.01081
G1 X114.606 Y147.63 E.01905
G1 X114.606 Y149.856 E.0735
G1 X113.394 Y149.856 E.04002
G1 X113.394 Y130.244 E.64753
G1 X130.518 Y130.244 E.56539
G1 X130.687 Y130.229 E.0056
G1 X131.155 Y130.006 E.01712
G1 X131.361 Y129.757 E.01067
;WIDTH:0.449126
G1 X131.495 Y129.272 E.017
;WIDTH:0.449245
G1 X131.495 Y128.249 E.03456
G1 X131.902 Y128.249 E.01375
G1 X131.901 Y129.272 E.03456
;WIDTH:0.449126
G1 X132.036 Y129.757 E.017
;WIDTH:0.439999
G1 X132.241 Y130.006 E.01065
G1 X132.879 Y130.244 E.02248
G1 X150.003 Y130.244 E.56539
G1 X150.003 Y132.414 E.07165
G1 X150.003 Y149.856 E.57589
G1 X148.791 Y149.856 E.04002
G1 X148.791 Y147.631 E.07346
G1 X148.62 Y147.08 E.01905
G1 X148.391 Y146.844 E.01086
;WIDTH:0.456306
G1 X147.876 Y146.669 E.0187
G1 X148.22 Y147.23 F9000
;WIDTH:0.439999
G1 F2400
G1 X148.157 Y147.165 E.00299
G1 X147.819 Y147.055 E.01174
G1 X146.862 Y147.055 E.0316
G1 X146.831 Y146.822 E.00776
G1 X146.866 Y146.245 E.01909
G1 X147.819 Y146.245 E.03147
G1 X148.157 Y146.135 E.01174
G1 X148.293 Y145.995 E.00644
G1 X148.394 Y145.669 E.01127
G1 X148.394 Y139.949 E.18886
G1 X148.343 Y139.044 E.02993
G1 X148.198 Y138.179 E.02896
G1 X147.96 Y137.335 E.02895
G1 X147.632 Y136.522 E.02895
G1 X147.219 Y135.749 E.02894
G1 X146.724 Y135.026 E.02893
G1 X146.068 Y134.278 E.03285
G1 X145.503 Y133.75 E.02553
G1 X144.445 Y132.997 E.04288
G1 X143.669 Y132.589 E.02895
G1 X142.853 Y132.268 E.02895
G1 X142.007 Y132.036 E.02896
G1 X141.142 Y131.898 E.02892
G1 X140.298 Y131.853 E.02791
G1 X122.693 Y131.864 E.58127
G1 X121.405 Y132.034 E.0429
G1 X120.485 Y132.287 E.0315
G1 X119.659 Y132.622 E.02943
G1 X118.531 Y133.266 E.04289
G1 X117.835 Y133.8 E.02896
G1 X117.201 Y134.405 E.02893
G1 X116.636 Y135.075 E.02894
G1 X116.147 Y135.803 E.02896
G1 X115.739 Y136.579 E.02895
G1 X115.418 Y137.394 E.02892
G1 X115.186 Y138.24 E.02896
G1 X115.048 Y139.106 E.02895
G1 X115.003 Y139.949 E.02787
G1 X115.003 Y145.67 E.18889
G1 X115.104 Y145.996 E.01127
G1 X115.239 Y146.135 E.0064
G1 X115.577 Y146.246 E.01175
G1 X116.539 Y146.246 E.03176
G1 X116.567 Y146.503 E.00854
G1 X116.535 Y147.052 E.01816
G1 X115.58 Y147.054 E.03153
G1 X115.239 Y147.165 E.01184
G1 X115.104 Y147.304 E.0064
G1 X115.003 Y147.63 E.01127
G1 X115.003 Y150.253 E.0866
G1 X112.997 Y150.253 E.06623
G1 X112.997 Y129.847 E.67375
G1 X130.618 Y129.838 E.5818
G1 X130.895 Y129.706 E.01013
G1 X131.017 Y129.559 E.00631
G1 X131.094 Y129.271 E.00984
G1 X131.094 Y127.692 E.05213
G1 X131.279 Y127.847 E.00797
G1 X132.121 Y127.847 E.0278
G1 X132.304 Y127.694 E.00788
G1 X132.303 Y129.271 E.05207
G1 X132.38 Y129.559 E.00984
G1 X132.502 Y129.706 E.00631
G1 X132.879 Y129.847 E.01329
G1 X150.4 Y129.847 E.5785
G1 X150.4 Y132.414 E.08476
G1 X150.4 Y150.253 E.58899
G1 X148.394 Y150.253 E.06623
G1 X148.394 Y147.631 E.08657
G1 X148.293 Y147.305 E.01127
G1 X148.262 Y147.273 E.00147
G1 E-3.5 F3600
;WIPE_START
G1 F7200
G1 X148.22 Y147.23 E-.02855
G1 X148.157 Y147.165 E-.043
G1 X147.819 Y147.055 E-.16884
G1 X146.862 Y147.055 E-.45458
G1 X146.831 Y146.822 E-.11165
G1 X146.866 Y146.245 E-.27458
G1 X147.747 Y146.245 E-.4188
;WIPE_END
G1 X130.691 Y119.952 F9000
G1 E5 F2400
;WIDTH:0.463596
G1 F1500
G1 X130.694 Y120.665 E.02494
G1 E-3.5 F3600
;WIPE_START
G1 F7200
G1 X130.691 Y119.952 E-.33868
;WIPE_END
G1 E-1.16132 F3600
G1 X132.711 Y119.955 F9000
G1 E5 F2400
;WIDTH:0.466932
G1 F1500
G1 X132.707 Y120.664 E.025
G1 X132.923 Y120.998 F9000
;TYPE:External perimeter
;WIDTH:0.419999
G1 F1500
G1 X132.788 Y121.075 E.00487
;WIDTH:0.422965
G1 X132.692 Y121.239 E.00601
G1 X132.69 Y127.272 E.19065
;WIDTH:0.42477
G1 X132.69 Y128.452 E.03747
;WIDTH:0.419999
G1 X132.7 Y128.812 E.01129
M204 S250
;TYPE:Overhang perimeter
;WIDTH:0.389872
;HEIGHT:0.389872
G1 X132.707 Y129.05 E.01182
M204 S500
;TYPE:External perimeter
;WIDTH:0.419999
;HEIGHT:0.2
G1 X132.715 Y129.366 E.00991
G1 X132.879 Y129.46 E.00593
G1 X150.787 Y129.46 E.56149
G1 X150.787 Y132.414 E.09262
G1 X150.787 Y150.64 E.57146
G1 X148.007 Y150.64 E.08716
G1 X148.007 Y147.631 E.09434
G1 X147.974 Y147.524 E.00351
G1 X147.819 Y147.442 E.0055
G1 X147.597 Y147.442 E.00696
M204 S250
;TYPE:Overhang perimeter
;WIDTH:0.389872
;HEIGHT:0.389872
G1 X146.653 Y147.442 E.04685
G1 X146.54 Y147.336 E.00769
G1 X146.532 Y147.295 E.00207
M204 S500
;TYPE:External perimeter
;WIDTH:0.419999
;HEIGHT:0.2
G1 X146.443 Y146.835 E.01469
G1 X146.484 Y146.153 E.02142
G1 X146.531 Y146.006 E.00484
M204 S250
;TYPE:Overhang perimeter
;WIDTH:0.389872
;HEIGHT:0.389872
G1 X146.544 Y145.963 E.00223
G1 X146.653 Y145.858 E.00751
G1 X147.597 Y145.858 E.04685
M204 S500
;TYPE:External perimeter
;WIDTH:0.419999
;HEIGHT:0.2
G1 X147.819 Y145.858 E.00696
G1 X147.93 Y145.822 E.00366
G1 X148.007 Y145.669 E.00537
G1 X148.007 Y139.949 E.17935
G1 X147.961 Y139.106 E.02647
G1 X147.825 Y138.283 E.02615
G1 X147.6 Y137.479 E.02618
G1 X147.29 Y136.703 E.0262
G1 X146.898 Y135.966 E.02617
G1 X146.429 Y135.276 E.02616
G1 X145.801 Y134.559 E.02988
G1 X145.277 Y134.064 E.0226
G1 X144.263 Y133.339 E.03908
G1 X143.525 Y132.949 E.02617
G1 X142.75 Y132.641 E.02615
G1 X141.944 Y132.418 E.02622
G1 X141.121 Y132.284 E.02614
G1 X140.298 Y132.24 E.02584
G1 X122.693 Y132.251 E.55199
G1 X121.433 Y132.423 E.03987
G1 X120.629 Y132.647 E.02617
G1 X119.849 Y132.959 E.02634
G1 X118.765 Y133.574 E.03908
G1 X118.101 Y134.081 E.02619
G1 X117.496 Y134.655 E.02615
G1 X116.956 Y135.292 E.02618
G1 X116.489 Y135.984 E.02618
G1 X116.099 Y136.722 E.02617
G1 X115.791 Y137.498 E.02618
G1 X115.568 Y138.303 E.02619
G1 X115.434 Y139.127 E.02618
G1 X115.39 Y139.949 E.02581
G1 X115.39 Y145.67 E.17938
G1 X115.423 Y145.777 E.00351
G1 X115.578 Y145.859 E.0055
G1 X115.8 Y145.859 E.00696
M204 S250
;TYPE:Overhang perimeter
;WIDTH:0.389872
;HEIGHT:0.389872
G1 X116.698 Y145.859 E.04457
G1 X116.832 Y145.912 E.00715
G1 X116.874 Y146.014 E.00547
M204 S500
;TYPE:External perimeter
;WIDTH:0.419999
;HEIGHT:0.2
G1 X116.95 Y146.422 E.01301
G1 X116.943 Y146.962 E.01693
G1 X116.876 Y147.286 E.01037
M204 S250
;TYPE:Overhang perimeter
;WIDTH:0.389872
;HEIGHT:0.389872
G1 X116.787 Y147.438 E.00874
G1 X115.8 Y147.441 E.04899
M204 S500
;TYPE:External perimeter
;WIDTH:0.419999
;HEIGHT:0.2
G1 X115.581 Y147.441 E.00687
G1 X115.467 Y147.478 E.00376
G1 X115.39 Y147.63 E.00534
G1 X115.39 Y150.64 E.09438
G1 X112.61 Y150.64 E.08716
G1 X112.61 Y129.46 E.66408
G1 X130.518 Y129.46 E.56149
G1 X130.642 Y129.414 E.00415
G1 X130.707 Y129.271 E.00493
G1 X130.707 Y128.032 E.03885
;WIDTH:0.423136
G1 X130.708 Y121.239 E.21476
;WIDTH:0.422955
G1 X130.612 Y121.075 E.00601
;WIDTH:0.419999
G1 X130.409 Y120.959 E.00733
G1 X130.298 Y120.794 E.00624
G1 X130.292 Y119.941 E.02675
G1 X130.368 Y119.691 E.00819
G1 X130.452 Y119.632 E.00322
G1 X130.812 Y119.5 E.01202
G1 X131.09 Y119.477 E.00875
G1 X131.09 Y120.665 E.03725
;WIDTH:0.422955
G1 X131.089 Y121.239 E.01814
;WIDTH:0.423136
G1 X131.088 Y127.271 E.1907
G1 X131.279 Y127.46 E.0085
;WIDTH:0.419999
G1 X132.121 Y127.46 E.0264
;WIDTH:0.421899
G1 X132.311 Y127.271 E.00845
;WIDTH:0.422965
G1 X132.31 Y120.798 E.20455
;WIDTH:0.419999
G1 X132.31 Y119.485 E.04117
G1 X132.754 Y119.536 E.01401
G1 X133.039 Y119.695 E.01023
G1 X133.112 Y119.864 E.00577
G1 X133.102 Y120.793 E.02913
G1 X132.991 Y120.958 E.00624
G1 X132.975 Y120.968 E.00059
G1 E-3.5 F3600
;WIPE_START
G1 F7200
G1 X132.923 Y120.998 E-.02852
G1 X132.788 Y121.075 E-.07382
G1 X132.692 Y121.239 E-.09026
G1 X132.691 Y123.991 E-1.3074
;WIPE_END
G1 X134.348 Y130.55 F9000
G1 E5 F2400
;TYPE:Internal infill
;WIDTH:0.44
G1 F3000
G1 X132.859 Y130.55 E.04916
G1 X132.03 Y130.226 E.02939
G1 X131.095 Y131.161 E.04366
G1 X132.301 Y131.16 E.03982
G1 X131.367 Y130.226 E.04361
G1 X130.75 Y130.53 E.02271
G1 X129.058 Y130.55 E.05587
G1 X130.196 Y131.162 F9000
G1 F3000
G1 X127.814 Y131.165 E.07865
G1 X127.199 Y130.55 E.02872
G1 X126.597 Y131.167 E.02846
G1 X123.327 Y131.171 E.10797
G1 X122.706 Y130.55 E.029
G1 X122.032 Y131.24 E.03185
G1 X121.259 Y131.345 E.02576
G1 X120.23 Y131.633 E.03528
G1 X119.568 Y131.905 E.02363
G1 X118.214 Y130.55 E.06325
G1 X113.7 Y135.079 E.21113
G1 X113.7 Y135.021 E.00192
G1 X115.061 Y136.382 E.06355
G1 X114.783 Y137.08 E.02481
G1 X114.521 Y137.996 E.03146
G1 X114.365 Y138.906 E.03048
G1 X113.7 Y139.571 E.03105
G1 X113.7 Y139.513 E.00192
G1 X114.302 Y140.115 E.02811
G1 X114.301 Y143.463 E.11054
G1 X113.7 Y144.064 E.02806
G1 X113.7 Y144.006 E.00192
G1 X114.3 Y144.606 E.02802
G1 X114.32 Y145.898 E.04266
G1 X114.522 Y146.393 E.01765
G1 X114.772 Y146.65 E.01184
G1 X114.518 Y146.91 E.012
G1 X114.3 Y147.614 E.02433
G1 X114.3 Y147.956 E.01129
G1 X113.7 Y148.556 E.02802
G1 X113.7 Y148.498 E.00192
G1 X114.3 Y149.099 E.02804
G1 X114.3 Y149.55 E.01489
G1 X113.7 Y149.55 E.01981
G1 X113.7 Y148.755 E.02625
G1 E-3.5 F3600
;WIPE_START
G1 F7200
G1 X113.7 Y149.55 E-.37763
G1 X114.3 Y149.55 E-.285
G1 X114.3 Y149.099 E-.21423
G1 X113.7 Y148.498 E-.40339
G1 X113.7 Y148.556 E-.02755
G1 X113.986 Y148.27 E-.1922
;WIPE_END
G1 X118.798 Y132.307 F9000
G1 E5 F2400
G1 F3000
G1 X118.111 Y132.703 E.02618
G1 X117.453 Y133.203 E.02729
G1 X116.895 Y133.724 E.02521
G1 X113.721 Y130.55 E.14821
G1 X116.104 Y130.55 E.07868
G1 E-3.5 F3600
;WIPE_START
G1 F7200
G1 X113.721 Y130.55 E-1.13192
G1 X114.269 Y131.098 E-.36808
;WIPE_END
G1 X147.294 Y130.55 F9000
G1 E5 F2400
G1 F3000
G1 X149.676 Y130.55 E.07865
G1 X146.498 Y133.728 E.14839
G1 X145.918 Y133.183 E.02628
G1 X144.606 Y132.294 E.05233
G1 E-3.5 F3600
;WIPE_START
G1 F7200
G1 X145.918 Y133.183 E-.75279
G1 X146.498 Y133.728 E-.37804
G1 X147.048 Y133.178 E-.36917
;WIPE_END
G1 X133.21 Y131.159 F9000
G1 E5 F2400
G1 F3000
G1 X135.593 Y131.156 E.07868
G1 X136.183 Y130.55 E.02793
G1 X136.788 Y131.154 E.02823
G1 X140.091 Y131.15 E.10906
G1 X140.691 Y130.55 E.02802
G1 X141.341 Y131.215 E.0307
G1 X142.251 Y131.371 E.03048
G1 X143.047 Y131.592 E.02728
G1 X143.83 Y131.904 E.02783
G1 X145.184 Y130.55 E.06322
G1 X149.697 Y135.079 E.2111
G1 X149.697 Y135.021 E.00192
G1 X148.332 Y136.386 E.06374
G1 X148.615 Y137.08 E.02475
G1 X148.876 Y137.996 E.03145
G1 X149.032 Y138.906 E.03048
G1 X149.697 Y139.571 E.03105
G1 X149.697 Y139.513 E.00192
G1 X149.097 Y140.114 E.02804
G1 X149.097 Y143.464 E.11061
G1 X149.697 Y144.064 E.02802
G1 X149.697 Y144.006 E.00192
G1 X149.097 Y144.606 E.02802
G1 X149.078 Y145.897 E.04263
G1 X148.875 Y146.393 E.0177
G1 X148.625 Y146.65 E.01184
G1 X148.879 Y146.911 E.01202
G1 X149.097 Y147.615 E.02433
G1 X149.097 Y147.956 E.01126
G1 X149.697 Y148.556 E.02802
G1 X149.697 Y148.498 E.00192
G1 X149.097 Y149.099 E.02804
G1 X149.097 Y149.55 E.01489
G1 X149.697 Y149.55 E.01981
G1 X149.697 Y148.755 E.02625
;LAYER_CHANGE
;Z:2.6
;HEIGHT:0.2
;BEFORE_LAYER_CHANGE
G92 E0
;2.6


G1 E-3.5 F3600
;WIPE_START
G1 F7200
G1 X149.697 Y149.55 E-.37763
G1 X149.097 Y149.55 E-.285
G1 X149.097 Y149.099 E-.21423
G1 X149.697 Y148.498 E-.40339
G1 X149.697 Y148.556 E-.02755
G1 X149.411 Y148.27 E-.1922
;WIPE_END
G1 Z2.6 F9000
;AFTER_LAYER_CHANGE
;2.6
G1 X148.503 Y147.252
G1 E5 F2400
;TYPE:Perimeter
;WIDTH:0.439999
G1 X148.263 Y147.075 E.00985
;WIDTH:0.479701
G1 X148.114 Y147.019 E.00578
;WIDTH:0.519402
G1 X147.966 Y146.964 E.00626
;WIDTH:0.559103
G1 X147.817 Y146.908 E.00683
G1 X147.255 Y146.904 E.02412
;WIDTH:0.557907
G1 X147.256 Y146.391 E.02197
;WIDTH:0.559103
G1 X147.819 Y146.392 E.02416
G1 X147.967 Y146.336 E.00679
;WIDTH:0.519402
G1 X148.115 Y146.281 E.00626
;WIDTH:0.479701
G1 X148.263 Y146.225 E.00575
;WIDTH:0.439999
G1 X148.513 Y146.041 E.01025
G1 X148.713 Y145.741 E.0119
G1 X148.791 Y145.36 E.01284
G1 X148.791 Y139.949 E.17866
G1 X148.735 Y138.98 E.03205
G1 X148.58 Y138.073 E.03038
G1 X148.329 Y137.188 E.03037
G1 X147.983 Y136.336 E.03036
G1 X147.547 Y135.526 E.03037
G1 X147.026 Y134.768 E.03037
G1 X146.341 Y133.99 E.03423
G1 X145.759 Y133.446 E.0263
G1 X145.151 Y132.982 E.02525
G1 X144.631 Y132.646 E.02044
G1 X143.816 Y132.22 E.03036
G1 X142.959 Y131.885 E.03038
G1 X142.071 Y131.644 E.03038
G1 X141.163 Y131.501 E.03035
G1 X140.298 Y131.456 E.0286
G1 X122.693 Y131.467 E.58127
G1 X121.352 Y131.641 E.04465
G1 X120.338 Y131.919 E.03471
G1 X119.463 Y132.277 E.03121
G1 X118.4 Y132.878 E.04032
G1 X117.562 Y133.511 E.03467
G1 X116.898 Y134.148 E.03038
G1 X116.307 Y134.852 E.03035
G1 X115.796 Y135.617 E.03037
G1 X115.37 Y136.432 E.03036
G1 X115.035 Y137.288 E.03035
G1 X114.795 Y138.176 E.03037
G1 X114.651 Y139.084 E.03035
G1 X114.606 Y139.949 E.0286
G1 X114.606 Y145.355 E.17849
G1 X114.684 Y145.738 E.01291
G1 X114.886 Y146.038 E.01194
G1 X115.139 Y146.223 E.01035
;WIDTH:0.482825
G1 X115.255 Y146.278 E.0047
;WIDTH:0.52565
G1 X115.372 Y146.333 E.00519
;WIDTH:0.568475
G1 X115.488 Y146.388 E.00561
G1 X115.579 Y146.39 E.00398
;WIDTH:0.56353
G1 X116.143 Y146.39 E.02441
G1 X116.14 Y146.91 E.02251
;WIDTH:0.568475
G1 X115.488 Y146.912 E.02849
G1 X115.372 Y146.967 E.00561
;WIDTH:0.52565
G1 X115.255 Y147.022 E.00519
;WIDTH:0.482825
G1 X115.139 Y147.077 E.0047
;WIDTH:0.439999
G1 X114.886 Y147.262 E.01035
G1 X114.684 Y147.562 E.01194
G1 X114.606 Y147.945 E.01291
G1 X114.606 Y149.856 E.0631
G1 X113.394 Y149.856 E.04002
G1 X113.394 Y130.244 E.64753
G1 X130.252 Y130.244 E.5566
G1 X130.675 Y130.147 E.01433
G1 X130.989 Y129.906 E.01307
G1 X131.145 Y129.656 E.00973
G1 X131.224 Y129.272 E.01294
G1 X131.224 Y128.199 E.03543
G1 X131.279 Y128.244 E.00235
G1 X132.121 Y128.244 E.0278
G1 X132.178 Y128.197 E.00244
G1 X132.178 Y129.271 E.03546
G1 X132.258 Y129.656 E.01298
G1 X132.414 Y129.906 E.00973
G1 X132.727 Y130.147 E.01304
G1 X133.151 Y130.244 E.01436
G1 X150.003 Y130.244 E.55641
G1 X150.003 Y132.414 E.07165
G1 X150.003 Y149.856 E.57589
G1 X148.791 Y149.856 E.04002
G1 X148.791 Y147.94 E.06326
G1 X148.713 Y147.559 E.01284
G1 X148.539 Y147.298 E.01036
G1 X148.223 Y147.532 F9000
G1 F2400
G1 X148.082 Y147.428 E.00578
G1 X147.823 Y147.365 E.0088
G1 X146.821 Y147.357 E.03308
G1 X146.798 Y147.172 E.00616
G1 X146.818 Y145.935 E.04085
G1 X147.819 Y145.935 E.03305
G1 X148.082 Y145.872 E.00893
G1 X148.23 Y145.763 E.00607
G1 X148.348 Y145.586 E.00702
G1 X148.394 Y145.36 E.00761
G1 X148.394 Y139.949 E.17866
G1 X148.343 Y139.044 E.02993
G1 X148.198 Y138.179 E.02896
G1 X147.96 Y137.335 E.02895
G1 X147.632 Y136.522 E.02895
G1 X147.219 Y135.749 E.02894
G1 X146.724 Y135.026 E.02893
G1 X146.068 Y134.278 E.03285
G1 X145.517 Y133.761 E.02495
G1 X144.933 Y133.314 E.02428
G1 X144.445 Y132.997 E.01921
G1 X143.669 Y132.589 E.02895
G1 X142.853 Y132.268 E.02895
G1 X142.007 Y132.036 E.02896
G1 X141.142 Y131.898 E.02892
G1 X140.298 Y131.853 E.02791
G1 X122.693 Y131.864 E.58127
G1 X121.405 Y132.034 E.0429
G1 X120.485 Y132.287 E.0315
G1 X119.659 Y132.622 E.02943
G1 X118.531 Y133.266 E.04289
G1 X117.835 Y133.8 E.02896
G1 X117.201 Y134.405 E.02893
G1 X116.636 Y135.075 E.02894
G1 X116.147 Y135.803 E.02896
G1 X115.739 Y136.579 E.02895
G1 X115.418 Y137.394 E.02892
G1 X115.186 Y138.24 E.02896
G1 X115.048 Y139.106 E.02895
G1 X115.003 Y139.949 E.02787
G1 X115.012 Y145.455 E.18179
G1 X115.169 Y145.759 E.0113
G1 X115.318 Y145.869 E.00611
G1 X115.579 Y145.931 E.00886
G1 X116.557 Y145.931 E.03229
G1 X116.585 Y145.957 E.00126
G1 X116.601 Y146.654 E.02302
G1 X116.568 Y147.369 E.02363
G1 X115.579 Y147.369 E.03265
G1 X115.318 Y147.431 E.00886
G1 X115.169 Y147.541 E.00611
G1 X115.049 Y147.718 E.00706
G1 X115.003 Y147.945 E.00765
G1 X115.003 Y150.253 E.0762
G1 X112.997 Y150.253 E.06623
G1 X112.997 Y129.847 E.67375
G1 X130.252 Y129.847 E.56971
G1 X130.502 Y129.79 E.00847
G1 X130.688 Y129.647 E.00775
G1 X130.78 Y129.499 E.00575
G1 X130.827 Y129.272 E.00765
G1 X130.827 Y127.468 E.05956
G1 X131.279 Y127.847 E.01948
G1 X132.121 Y127.847 E.0278
G1 X132.575 Y127.466 E.01957
G1 X132.575 Y129.271 E.0596
G1 X132.622 Y129.499 E.00769
G1 X132.715 Y129.647 E.00577
G1 X132.9 Y129.79 E.00772
G1 X133.151 Y129.847 E.0085
G1 X150.4 Y129.847 E.56951
G1 X150.4 Y132.414 E.08476
G1 X150.4 Y150.253 E.58899
G1 X148.394 Y150.253 E.06623
G1 X148.394 Y147.94 E.07637
G1 X148.348 Y147.715 E.00758
G1 X148.258 Y147.58 E.00536
G1 E-3.5 F3600
;WIPE_START
G1 F7200
G1 X148.223 Y147.532 E-.02822
G1 X148.082 Y147.428 E-.08322
G1 X147.823 Y147.365 E-.12661
G1 X146.821 Y147.357 E-.47597
G1 X146.798 Y147.172 E-.08855
G1 X146.818 Y145.935 E-.58765
G1 X147.049 Y145.935 E-.10978
;WIPE_END
G1 X132.815 Y120.002 F9000
G1 E5 F2400
;WIDTH:0.676518
G1 F1500
G1 X132.812 Y120.633 E.03324
G1 E-3.5 F3600
;WIPE_START
G1 F7200
G1 X132.815 Y120.002 E-.29973
;WIPE_END
G1 E-1.20027 F3600
G1 X130.585 Y120.002 F9000
G1 E5 F2400
;WIDTH:0.676502
G1 F1500
G1 X130.588 Y120.633 E.03324
G1 X130.399 Y121.147 F9000
;TYPE:External perimeter
;WIDTH:0.510965
G1 F1500
G1 X130.294 Y121.059 E.00533
;WIDTH:0.465482
G1 X130.187 Y120.969 E.00491
;WIDTH:0.419999
G1 X130.088 Y120.801 E.00611
G1 X130.079 Y120.008 E.02487
G1 X130.113 Y119.741 E.00844
G1 X130.276 Y119.587 E.00703
G1 X130.627 Y119.477 E.01153
G1 X131.09 Y119.463 E.01452
G1 X131.09 Y120.691 E.0385
;WIDTH:0.465482
G1 X131.067 Y120.874 E.00648
;WIDTH:0.510965
G1 X131.045 Y121.056 E.00713
;WIDTH:0.556448
G1 X131.022 Y121.239 E.00788
G1 X131.022 Y127.271 E.25757
;WIDTH:0.560271
G1 X131.024 Y127.316 E.00194
G1 X131.109 Y127.364 E.0042
;WIDTH:0.513514
G1 X131.194 Y127.412 E.00382
;WIDTH:0.466757
G1 X131.279 Y127.46 E.00344
;WIDTH:0.419999
G1 X132.121 Y127.46 E.0264
;WIDTH:0.4671
G1 X132.207 Y127.412 E.00347
;WIDTH:0.5142
G1 X132.292 Y127.364 E.00383
;WIDTH:0.5613
G1 X132.377 Y127.316 E.00421
G1 X132.379 Y127.271 E.00194
;WIDTH:0.557402
G1 X132.378 Y121.239 E.25805
;WIDTH:0.556446
G1 X132.355 Y121.056 E.00788
;WIDTH:0.510964
G1 X132.333 Y120.873 E.00717
;WIDTH:0.465482
G1 X132.31 Y120.691 E.00645
;WIDTH:0.419999
G1 X132.31 Y119.463 E.0385
G1 X132.698 Y119.468 E.01217
G1 X133.019 Y119.529 E.01024
G1 X133.241 Y119.682 E.00845
G1 X133.322 Y119.875 E.00656
G1 X133.312 Y120.801 E.02904
G1 X133.258 Y120.892 E.00332
;WIDTH:0.465482
G1 X133.136 Y121.007 E.00589
;WIDTH:0.510964
G1 X133.014 Y121.123 E.00655
;WIDTH:0.556446
G1 X132.892 Y121.239 E.00719
;WIDTH:0.557402
G1 X132.893 Y127.271 E.25805
;WIDTH:0.5613
G1 X132.915 Y127.674 E.0174
;WIDTH:0.5142
G1 X132.939 Y127.987 E.0123
;WIDTH:0.4671
G1 X132.962 Y128.3 E.01107
;WIDTH:0.419999
G1 X132.963 Y129.271 E.03044
G1 X133.008 Y129.395 E.00414
G1 X133.151 Y129.46 E.00493
G1 X150.787 Y129.46 E.55296
G1 X150.787 Y132.414 E.09262
G1 X150.787 Y150.64 E.57146
G1 X148.007 Y150.64 E.08716
G1 X148.007 Y147.94 E.08466
G1 X147.953 Y147.808 E.00447
G1 X147.82 Y147.752 E.00452
G1 X146.594 Y147.742 E.03844
G1 X146.475 Y147.585 E.00618
G1 X146.411 Y147.196 E.01236
G1 X146.419 Y145.986 E.03794
G1 X146.516 Y145.617 E.01196
G1 X146.627 Y145.548 E.0041
G1 X147.819 Y145.548 E.03737
G1 X147.953 Y145.492 E.00455
G1 X148.007 Y145.36 E.00447
G1 X148.007 Y139.949 E.16966
G1 X147.961 Y139.106 E.02647
G1 X147.825 Y138.283 E.02615
G1 X147.6 Y137.479 E.02618
G1 X147.29 Y136.703 E.0262
G1 X146.898 Y135.966 E.02617
G1 X146.429 Y135.276 E.02616
G1 X145.801 Y134.559 E.02988
G1 X145.281 Y134.068 E.02242
G1 X144.72 Y133.638 E.02216
G1 X144.263 Y133.338 E.01714
G1 X143.525 Y132.949 E.02616
G1 X142.75 Y132.641 E.02615
G1 X141.944 Y132.418 E.02622
G1 X141.121 Y132.284 E.02614
G1 X140.298 Y132.24 E.02584
G1 X122.693 Y132.251 E.55199
G1 X121.458 Y132.418 E.03907
G1 X120.629 Y132.647 E.02697
G1 X119.849 Y132.959 E.02634
G1 X118.765 Y133.574 E.03908
G1 X118.101 Y134.081 E.02619
G1 X117.496 Y134.655 E.02615
G1 X116.956 Y135.292 E.02618
G1 X116.489 Y135.984 E.02618
G1 X116.099 Y136.722 E.02617
G1 X115.791 Y137.498 E.02618
G1 X115.568 Y138.303 E.02619
G1 X115.434 Y139.127 E.02618
G1 X115.39 Y139.949 E.02581
G1 X115.39 Y145.355 E.1695
G1 X115.444 Y145.488 E.0045
G1 X115.579 Y145.544 E.00458
G1 X116.826 Y145.563 E.0391
G1 X116.949 Y145.823 E.00902
G1 X116.99 Y146.245 E.01329
G1 X116.984 Y147.216 E.03045
G1 X116.912 Y147.62 E.01287
G1 X116.767 Y147.756 E.00623
G1 X115.579 Y147.756 E.03725
G1 X115.444 Y147.812 E.00458
G1 X115.39 Y147.945 E.0045
G1 X115.39 Y150.64 E.0845
G1 X112.61 Y150.64 E.08716
G1 X112.61 Y129.46 E.66408
G1 X130.252 Y129.46 E.55315
G1 X130.395 Y129.395 E.00493
G1 X130.44 Y129.272 E.00411
G1 X130.44 Y128.298 E.03054
;WIDTH:0.46546
G1 X130.463 Y127.956 E.01204
;WIDTH:0.510921
G1 X130.486 Y127.614 E.01334
;WIDTH:0.556381
G1 X130.508 Y127.271 E.01467
G1 X130.508 Y121.239 E.25753
G1 X130.445 Y121.185 E.00354
G1 E-3.5 F3600
;WIPE_START
G1 F7200
G1 X130.399 Y121.147 E-.02834
G1 X130.294 Y121.059 E-.06507
G1 X130.187 Y120.969 E-.06641
G1 X130.088 Y120.801 E-.09263
G1 X130.079 Y120.008 E-.3767
G1 X130.113 Y119.741 E-.12785
G1 X130.276 Y119.587 E-.10652
G1 X130.627 Y119.477 E-.17472
G1 X131.09 Y119.463 E-.22003
G1 X131.09 Y119.972 E-.24173
;WIPE_END
G1 X128.984 Y130.55 F9000
G1 E5 F2400
;TYPE:Internal infill
;WIDTH:0.44
G1 F2525
G1 X130.476 Y130.531 E.04927
G1 X130.812 Y130.422 E.01166
G1 X131.231 Y130.09 E.01765
G1 X132.301 Y131.16 E.04996
G1 X131.095 Y131.161 E.03982
G1 X132.169 Y130.087 E.05015
G1 X132.594 Y130.425 E.01793
G1 X133.139 Y130.55 E.01846
G1 X134.418 Y130.55 E.04223
G1 X133.21 Y131.159 F9000
G1 F2525
G1 X135.593 Y131.156 E.07868
G1 X136.183 Y130.55 E.02793
G1 X136.788 Y131.154 E.02823
G1 X140.091 Y131.15 E.10906
G1 X140.691 Y130.55 E.02802
G1 X141.341 Y131.215 E.0307
G1 X142.251 Y131.371 E.03048
G1 X143.046 Y131.592 E.02724
G1 X143.834 Y131.899 E.02792
G1 X145.184 Y130.55 E.06301
G1 X149.697 Y135.079 E.2111
G1 X149.697 Y135.021 E.00192
G1 X148.332 Y136.386 E.06374
G1 X148.615 Y137.08 E.02475
G1 X148.876 Y137.996 E.03145
G1 X149.024 Y138.898 E.03018
G1 X149.697 Y139.571 E.03142
G1 X149.697 Y139.513 E.00192
G1 X149.097 Y140.114 E.02804
G1 X149.097 Y143.464 E.11061
G1 X149.697 Y144.064 E.02802
G1 X149.697 Y144.006 E.00192
G1 X149.097 Y144.606 E.02802
G1 X149.097 Y145.364 E.02503
G1 X148.994 Y145.865 E.01689
G1 X148.733 Y146.255 E.01549
G1 X148.079 Y146.65 E.02523
G1 X148.733 Y147.045 E.02523
G1 X148.997 Y147.439 E.01566
G1 X149.097 Y147.956 E.01739
G1 X149.697 Y148.556 E.02802
G1 X149.697 Y148.498 E.00192
G1 X149.097 Y149.099 E.02804
G1 X149.097 Y149.55 E.01489
G1 X149.697 Y149.55 E.01981
G1 X149.697 Y148.755 E.02625
G1 E-3.5 F3600
;WIPE_START
G1 F7200
G1 X149.697 Y149.55 E-.37763
G1 X149.097 Y149.55 E-.285
G1 X149.097 Y149.099 E-.21423
G1 X149.697 Y148.498 E-.40339
G1 X149.697 Y148.556 E-.02755
G1 X149.411 Y148.27 E-.1922
;WIPE_END
G1 X144.608 Y132.294 F9000
G1 E5 F2400
G1 F2525
G1 X145.392 Y132.779 E.03044
G1 X145.95 Y133.207 E.02322
G1 X146.499 Y133.727 E.02497
G1 X149.676 Y130.55 E.14835
G1 X147.294 Y130.55 E.07865
G1 E-3.5 F3600
;WIPE_START
G1 F7200
G1 X149.676 Y130.55 E-1.13145
G1 X149.127 Y131.099 E-.36855
;WIPE_END
G1 X116.104 Y130.55 F9000
G1 E5 F2400
G1 F2525
G1 X113.721 Y130.55 E.07868
G1 X116.895 Y133.724 E.14821
G1 X117.453 Y133.203 E.02521
G1 X118.111 Y132.703 E.02729
G1 X118.798 Y132.307 E.02618
G1 E-3.5 F3600
;WIPE_START
G1 F7200
G1 X118.111 Y132.703 E-.37666
G1 X117.453 Y133.203 E-.39255
G1 X116.895 Y133.724 E-.36262
G1 X116.347 Y133.176 E-.36817
;WIPE_END
G1 X130.196 Y131.162 F9000
G1 E5 F2400
G1 F2525
G1 X127.814 Y131.165 E.07865
G1 X127.199 Y130.55 E.02872
G1 X126.597 Y131.167 E.02846
G1 X123.327 Y131.171 E.10797
G1 X122.706 Y130.55 E.029
G1 X122.032 Y131.24 E.03185
G1 X121.259 Y131.345 E.02576
G1 X120.23 Y131.633 E.03528
G1 X119.568 Y131.905 E.02363
G1 X118.214 Y130.55 E.06325
G1 X113.7 Y135.079 E.21113
G1 X113.7 Y135.021 E.00192
G1 X115.061 Y136.382 E.06355
G1 X114.783 Y137.08 E.02481
G1 X114.521 Y137.996 E.03146
G1 X114.365 Y138.906 E.03048
G1 X113.7 Y139.571 E.03105
G1 X113.7 Y139.513 E.00192
G1 X114.3 Y140.114 E.02804
G1 X114.3 Y143.464 E.11061
G1 X113.7 Y144.064 E.02802
G1 X113.7 Y144.006 E.00192
G1 X114.3 Y144.606 E.02802
G1 X114.3 Y145.36 E.0249
G1 X114.404 Y145.862 E.01693
G1 X114.666 Y146.253 E.01554
G1 X115.257 Y146.65 E.02351
G1 X114.666 Y147.047 E.02351
G1 X114.401 Y147.442 E.0157
G1 X114.3 Y147.956 E.0173
G1 X113.7 Y148.556 E.02802
G1 X113.7 Y148.498 E.00192
G1 X114.3 Y149.099 E.02804
G1 X114.3 Y149.55 E.01489
G1 X113.7 Y149.55 E.01981
G1 X113.7 Y148.755 E.02625
;LAYER_CHANGE
;Z:2.8
;HEIGHT:0.2
;BEFORE_LAYER_CHANGE
G92 E0
;2.8


G1 E-3.5 F3600
;WIPE_START
G1 F7200
G1 X113.7 Y149.55 E-.37763
G1 X114.3 Y149.55 E-.285
G1 X114.3 Y149.099 E-.21423
G1 X113.7 Y148.498 E-.40339
G1 X113.7 Y148.556 E-.02755
G1 X113.986 Y148.27 E-.1922
;WIPE_END
G1 Z2.8 F9000
;AFTER_LAYER_CHANGE
;2.8
G1 X114.902 Y147.49
G1 E5 F2400
;TYPE:Perimeter
;WIDTH:0.439999
G1 X114.712 Y147.724 E.00995
G1 X114.606 Y148.165 E.01498
G1 X114.606 Y149.856 E.05583
G1 X113.394 Y149.856 E.04002
G1 X113.394 Y130.244 E.64753
G1 X130.048 Y130.244 E.54987
G1 X130.216 Y130.229 E.00557
G1 X130.524 Y130.12 E.01079
G1 X130.846 Y129.827 E.01437
G1 X130.966 Y129.591 E.00874
G1 X131.02 Y129.272 E.01068
G1 X131.02 Y128.158 E.03678
G1 X131.279 Y128.244 E.00901
G1 X132.121 Y128.244 E.0278
G1 X132.381 Y128.158 E.00904
G1 X132.381 Y129.271 E.03675
G1 X132.435 Y129.591 E.01071
G1 X132.555 Y129.827 E.00874
G1 X132.878 Y130.12 E.0144
G1 X133.353 Y130.244 E.01621
G1 X150.003 Y130.244 E.54974
G1 X150.003 Y132.414 E.07165
G1 X150.003 Y149.856 E.57589
G1 X148.791 Y149.856 E.04002
G1 X148.791 Y148.167 E.05577
G1 X148.685 Y147.725 E.01501
G1 X148.426 Y147.408 E.01352
G1 X148.183 Y147.265 E.00931
G1 X147.826 Y147.195 E.01201
G1 X147.191 Y147.19 E.02097
G1 X147.191 Y146.11 E.03566
G1 X147.732 Y146.106 E.01786
G1 X148.183 Y146.035 E.01507
G1 X148.426 Y145.892 E.00931
G1 X148.685 Y145.575 E.01352
G1 X148.777 Y145.301 E.00954
G1 X148.791 Y145.133 E.00557
G1 X148.791 Y139.949 E.17116
G1 X148.735 Y138.98 E.03205
G1 X148.58 Y138.073 E.03038
G1 X148.329 Y137.188 E.03037
G1 X147.983 Y136.336 E.03036
G1 X147.547 Y135.526 E.03037
G1 X147.026 Y134.768 E.03037
G1 X146.341 Y133.99 E.03423
G1 X145.734 Y133.428 E.02731
G1 X144.743 Y132.715 E.04031
G1 X143.816 Y132.22 E.0347
G1 X142.959 Y131.885 E.03038
G1 X142.071 Y131.644 E.03038
G1 X141.163 Y131.501 E.03035
G1 X140.298 Y131.456 E.0286
G1 X122.693 Y131.467 E.58127
G1 X121.352 Y131.641 E.04465
G1 X120.338 Y131.919 E.03471
G1 X119.463 Y132.277 E.03121
G1 X118.29 Y132.95 E.04465
G1 X117.562 Y133.511 E.03035
G1 X116.898 Y134.148 E.03038
G1 X116.307 Y134.852 E.03035
G1 X115.796 Y135.617 E.03037
G1 X115.37 Y136.432 E.03036
G1 X115.035 Y137.288 E.03035
G1 X114.795 Y138.176 E.03037
G1 X114.651 Y139.084 E.03035
G1 X114.606 Y139.949 E.0286
G1 X114.606 Y145.135 E.17123
G1 X114.712 Y145.576 E.01498
G1 X114.97 Y145.894 E.01352
G1 X115.215 Y146.037 E.00937
G1 X115.573 Y146.107 E.01204
G1 X116.206 Y146.109 E.0209
G1 X116.206 Y147.189 E.03566
G1 X115.667 Y147.192 E.0178
G1 X115.215 Y147.263 E.01511
G1 X114.97 Y147.406 E.00937
G1 X114.94 Y147.444 E.0016
G1 X115.177 Y147.767 F9000
G1 F2400
G1 X115.066 Y147.904 E.00582
G1 X115.003 Y148.165 E.00886
G1 X115.003 Y150.253 E.06894
G1 X112.997 Y150.253 E.06623
G1 X112.997 Y129.847 E.67375
G1 X130.048 Y129.847 E.56298
G1 X130.329 Y129.773 E.00959
G1 X130.52 Y129.6 E.00851
G1 X130.591 Y129.461 E.00515
G1 X130.623 Y129.272 E.00633
G1 X130.623 Y127.887 E.04573
;WIDTH:0.48444
G1 X130.646 Y127.633 E.00936
;WIDTH:0.52888
G1 X130.668 Y127.379 E.0103
G1 X130.8 Y127.555 E.00889
;WIDTH:0.48444
G1 X130.933 Y127.732 E.00813
;WIDTH:0.439999
G1 X131.279 Y127.847 E.01204
G1 X132.121 Y127.847 E.0278
G1 X132.467 Y127.732 E.01204
;WIDTH:0.484892
G1 X132.6 Y127.555 E.00814
;WIDTH:0.529784
G1 X132.733 Y127.379 E.00893
G1 X132.755 Y127.633 E.01032
;WIDTH:0.484892
G1 X132.778 Y127.887 E.00937
;WIDTH:0.439999
G1 X132.78 Y129.322 E.04738
G1 X132.881 Y129.6 E.00977
G1 X133.072 Y129.773 E.00851
G1 X133.353 Y129.847 E.00959
G1 X150.4 Y129.847 E.56285
G1 X150.4 Y132.414 E.08476
G1 X150.4 Y150.253 E.58899
G1 X148.394 Y150.253 E.06623
G1 X148.394 Y148.167 E.06887
G1 X148.332 Y147.906 E.00886
G1 X148.178 Y147.718 E.00802
G1 X148.034 Y147.633 E.00552
G1 X147.823 Y147.592 E.0071
G1 X146.807 Y147.585 E.03355
G1 X146.801 Y145.715 E.06174
G1 X147.729 Y145.709 E.03064
G1 X148.034 Y145.666 E.01017
G1 X148.178 Y145.582 E.0055
G1 X148.332 Y145.394 E.00802
G1 X148.394 Y145.133 E.00886
G1 X148.394 Y139.949 E.17116
G1 X148.343 Y139.044 E.02993
G1 X148.198 Y138.179 E.02896
G1 X147.96 Y137.335 E.02895
G1 X147.632 Y136.522 E.02895
G1 X147.219 Y135.749 E.02894
G1 X146.724 Y135.026 E.02893
G1 X146.068 Y134.278 E.03285
G1 X145.503 Y133.75 E.02553
G1 X144.445 Y132.997 E.04288
G1 X143.669 Y132.589 E.02895
G1 X142.853 Y132.268 E.02895
G1 X142.007 Y132.036 E.02896
G1 X141.142 Y131.898 E.02892
G1 X140.298 Y131.853 E.02791
G1 X122.693 Y131.864 E.58127
G1 X121.405 Y132.034 E.0429
G1 X120.485 Y132.287 E.0315
G1 X119.659 Y132.622 E.02943
G1 X118.531 Y133.266 E.04289
G1 X117.835 Y133.8 E.02896
G1 X117.201 Y134.405 E.02893
G1 X116.636 Y135.075 E.02894
G1 X116.147 Y135.803 E.02896
G1 X115.739 Y136.579 E.02895
G1 X115.418 Y137.394 E.02892
G1 X115.186 Y138.24 E.02896
G1 X115.048 Y139.106 E.02895
G1 X115.003 Y139.949 E.02787
G1 X115.003 Y145.135 E.17123
G1 X115.066 Y145.396 E.00886
G1 X115.218 Y145.584 E.00798
G1 X115.363 Y145.668 E.00553
G1 X115.575 Y145.71 E.00714
G1 X116.596 Y145.713 E.03371
G1 X116.59 Y147.584 E.06178
G1 X115.528 Y147.592 E.03507
G1 X115.218 Y147.716 E.01102
G1 X115.215 Y147.72 E.00017
G1 E-3.5 F3600
;WIPE_START
G1 F7200
G1 X115.177 Y147.767 E-.02871
G1 X115.066 Y147.904 E-.08375
G1 X115.003 Y148.165 E-.12754
G1 X115.003 Y150.253 E-.9918
G1 X114.438 Y150.253 E-.2682
;WIPE_END
G1 X132.737 Y121.238 F9000
G1 E5 F2400
;WIDTH:0.519552
G1 F1500
G1 X132.717 Y120.924 E.01247
;WIDTH:0.479648
G1 X132.697 Y120.611 E.01139
;WIDTH:0.442481
G1 X132.698 Y119.854 E.02515
G1 X133.074 Y119.891 E.01255
G1 X133.098 Y120.058 E.00561
G1 X133.093 Y120.703 E.02143
;WIDTH:0.439744
G1 X132.979 Y120.8 E.00494
;WIDTH:0.479648
G1 X132.858 Y121.019 E.00909
;WIDTH:0.519552
G1 X132.766 Y121.186 E.00756
G1 X132.737 Y121.238 F9000
;WIDTH:0.520452
G1 F1500
G1 X132.737 Y127.271 E.23955
;WIDTH:0.529784
G1 X132.733 Y127.379 E.00438
G1 E-3.5 F3600
;WIPE_START
G1 F7200
G1 X132.737 Y127.271 E-.05134
G1 X132.737 Y124.221 E-1.44866
;WIPE_END
G1 X130.663 Y121.238 F9000
G1 E5 F2400
;WIDTH:0.519484
G1 F1500
G1 X130.542 Y121.019 E.00991
;WIDTH:0.47959
G1 X130.421 Y120.8 E.00908
;WIDTH:0.439696
G1 X130.307 Y120.703 E.00494
G1 X130.306 Y120.613 E.00297
;WIDTH:0.44243
G1 X130.326 Y119.891 E.02399
G1 X130.702 Y119.854 E.01255
G1 X130.703 Y120.67 E.02711
;WIDTH:0.47959
G1 X130.683 Y120.954 E.01034
;WIDTH:0.519484
G1 X130.667 Y121.178 E.0089
G1 E-3.5 F3600
;WIPE_START
G1 F7200
G1 X130.663 Y121.238 E-.02856
G1 X130.542 Y121.019 E-.11885
G1 X130.421 Y120.8 E-.11885
G1 X130.307 Y120.703 E-.0711
G1 X130.306 Y120.613 E-.04275
G1 X130.326 Y119.891 E-.34308
G1 X130.702 Y119.854 E-.17946
G1 X130.703 Y120.67 E-.3876
G1 X130.683 Y120.954 E-.13523
G1 X130.672 Y121.111 E-.07452
;WIPE_END
G1 X130.668 Y127.379 F9000
G1 E5 F2400
;WIDTH:0.52888
G1 F1500
G1 X130.663 Y127.271 E.00437
;WIDTH:0.519554
G1 X130.663 Y121.238 E.2391
G1 X130.198 Y121.156 F9000
;TYPE:External perimeter
;WIDTH:0.419999
G1 F1500
G1 X130.17 Y121.095 E.0021
G1 X130.016 Y120.963 E.00636
G1 X129.921 Y120.813 E.00557
G1 X129.914 Y120.062 E.02355
G1 X129.944 Y119.734 E.01033
G1 X130.084 Y119.585 E.00641
G1 X130.401 Y119.469 E.01058
G1 X131.09 Y119.462 E.0216
G1 X131.09 Y127.271 E.24485
G1 X131.165 Y127.422 E.00529
G1 X131.279 Y127.46 E.00377
G1 X132.121 Y127.46 E.0264
G1 X132.235 Y127.422 E.00377
G1 X132.31 Y127.271 E.00529
G1 X132.31 Y119.462 E.24485
G1 X132.999 Y119.469 E.0216
G1 X133.281 Y119.563 E.00932
G1 X133.456 Y119.734 E.00767
G1 X133.486 Y120.062 E.01033
G1 X133.458 Y120.863 E.02513
G1 X133.275 Y121.056 E.00834
G1 X133.164 Y121.238 E.00668
G1 X133.165 Y129.271 E.25187
G1 X133.199 Y129.379 E.00355
G1 X133.353 Y129.46 E.00546
G1 X150.787 Y129.46 E.54663
G1 X150.787 Y132.414 E.09262
G1 X150.787 Y150.64 E.57146
G1 X148.007 Y150.64 E.08716
G1 X148.007 Y148.167 E.07754
G1 X147.937 Y148.02 E.0051
G1 X147.82 Y147.979 E.00389
G1 X146.591 Y147.97 E.03854
G1 X146.476 Y147.866 E.00486
G1 X146.407 Y147.533 E.01066
G1 X146.407 Y145.785 E.05481
G1 X146.465 Y145.455 E.01051
G1 X146.581 Y145.33 E.00535
G1 X147.726 Y145.322 E.0359
G1 X147.937 Y145.28 E.00675
G1 X148.007 Y145.133 E.0051
G1 X148.007 Y139.949 E.16254
G1 X147.961 Y139.106 E.02647
G1 X147.825 Y138.283 E.02615
G1 X147.6 Y137.479 E.02618
G1 X147.29 Y136.703 E.0262
G1 X146.898 Y135.966 E.02617
G1 X146.429 Y135.276 E.02616
G1 X145.801 Y134.559 E.02988
G1 X145.277 Y134.064 E.0226
G1 X144.263 Y133.339 E.03908
G1 X143.525 Y132.949 E.02617
G1 X142.75 Y132.641 E.02615
G1 X141.944 Y132.418 E.02622
G1 X141.121 Y132.284 E.02614
G1 X140.298 Y132.24 E.02584
G1 X122.693 Y132.251 E.55199
G1 X121.458 Y132.418 E.03907
G1 X120.629 Y132.647 E.02697
G1 X119.849 Y132.959 E.02634
G1 X118.765 Y133.574 E.03908
G1 X118.101 Y134.081 E.02619
G1 X117.496 Y134.655 E.02615
G1 X116.956 Y135.292 E.02618
G1 X116.489 Y135.984 E.02618
G1 X116.099 Y136.722 E.02617
G1 X115.791 Y137.498 E.02618
G1 X115.568 Y138.303 E.02619
G1 X115.434 Y139.127 E.02618
G1 X115.39 Y139.949 E.02581
G1 X115.39 Y145.135 E.1626
G1 X115.461 Y145.282 E.00512
G1 X115.578 Y145.323 E.00389
G1 X116.802 Y145.326 E.03838
G1 X116.921 Y145.424 E.00483
G1 X116.99 Y145.762 E.01082
G1 X116.99 Y147.496 E.05437
G1 X116.946 Y147.816 E.01013
G1 X116.817 Y147.97 E.0063
G1 X115.671 Y147.976 E.03593
G1 X115.461 Y148.018 E.00671
G1 X115.39 Y148.165 E.00512
G1 X115.39 Y150.64 E.0776
G1 X112.61 Y150.64 E.08716
G1 X112.61 Y129.46 E.66408
G1 X130.048 Y129.46 E.54676
G1 X130.203 Y129.379 E.00548
G1 X130.236 Y129.271 E.00354
G1 X130.236 Y121.238 E.25187
G1 X130.223 Y121.21 E.00097
G1 E-3.5 F3600
;WIPE_START
G1 F7200
G1 X130.198 Y121.156 E-.02827
G1 X130.17 Y121.095 E-.03188
G1 X130.016 Y120.963 E-.09634
G1 X129.921 Y120.813 E-.08434
G1 X129.914 Y120.062 E-.35674
G1 X129.944 Y119.734 E-.15645
G1 X130.084 Y119.585 E-.09712
G1 X130.401 Y119.469 E-.16034
G1 X131.09 Y119.462 E-.32729
G1 X131.09 Y119.801 E-.16123
;WIPE_END
G1 X128.924 Y130.55 F9000
G1 E5 F2400
;TYPE:Internal infill
;WIDTH:0.44
G1 F3000
G1 X130.274 Y130.531 E.04458
G1 X130.677 Y130.387 E.01413
G1 X131.113 Y129.972 E.01987
G1 X132.301 Y131.16 E.05547
G1 X131.095 Y131.161 E.03982
G1 X132.287 Y129.97 E.05564
G1 X132.728 Y130.39 E.02011
G1 X133.34 Y130.55 E.02089
G1 X134.478 Y130.55 E.03757
G1 X133.21 Y131.159 F9000
G1 F3000
G1 X135.593 Y131.156 E.07868
G1 X136.183 Y130.55 E.02793
G1 X136.788 Y131.154 E.02823
G1 X140.091 Y131.15 E.10906
G1 X140.691 Y130.55 E.02802
G1 X141.341 Y131.215 E.0307
G1 X142.251 Y131.371 E.03048
G1 X143.047 Y131.592 E.02728
G1 X143.83 Y131.904 E.02783
G1 X145.184 Y130.55 E.06322
G1 X149.697 Y135.079 E.2111
G1 X149.697 Y135.021 E.00192
G1 X148.332 Y136.386 E.06374
G1 X148.615 Y137.08 E.02475
G1 X148.876 Y137.996 E.03145
G1 X149.024 Y138.898 E.03018
G1 X149.697 Y139.571 E.03142
G1 X149.697 Y139.513 E.00192
G1 X149.097 Y140.114 E.02804
G1 X149.097 Y143.464 E.11061
G1 X149.697 Y144.064 E.02802
G1 X149.697 Y144.006 E.00192
G1 X149.097 Y144.606 E.02802
G1 X149.078 Y145.357 E.0248
G1 X148.958 Y145.717 E.01253
G1 X148.621 Y146.13 E.0176
G1 X148.296 Y146.321 E.01245
G1 X147.554 Y146.413 E.02469
G1 X148.077 Y146.936 E.02442
G1 X148.296 Y146.979 E.00737
G1 X148.621 Y147.17 E.01245
G1 X148.961 Y147.586 E.01774
G1 X149.034 Y147.893 E.01042
G1 X149.697 Y148.556 E.03096
G1 X149.697 Y148.498 E.00192
G1 X149.097 Y149.099 E.02804
G1 X149.097 Y149.55 E.01489
G1 X149.697 Y149.55 E.01981
G1 X149.697 Y148.755 E.02625
G1 E-3.5 F3600
;WIPE_START
G1 F7200
G1 X149.697 Y149.55 E-.37763
G1 X149.097 Y149.55 E-.285
G1 X149.097 Y149.099 E-.21423
G1 X149.697 Y148.498 E-.40339
G1 X149.697 Y148.556 E-.02755
G1 X149.411 Y148.27 E-.1922
;WIPE_END
G1 X144.606 Y132.294 F9000
G1 E5 F2400
G1 F3000
G1 X145.918 Y133.183 E.05233
G1 X146.498 Y133.728 E.02628
G1 X149.676 Y130.55 E.14839
G1 X147.294 Y130.55 E.07865
G1 E-3.5 F3600
;WIPE_START
G1 F7200
G1 X149.676 Y130.55 E-1.13145
G1 X149.127 Y131.099 E-.36855
;WIPE_END
G1 X116.104 Y130.55 F9000
G1 E5 F2400
G1 F3000
G1 X113.721 Y130.55 E.07868
G1 X116.895 Y133.724 E.14821
G1 X117.453 Y133.203 E.02521
G1 X118.111 Y132.703 E.02729
G1 X118.798 Y132.307 E.02618
G1 E-3.5 F3600
;WIPE_START
G1 F7200
G1 X118.111 Y132.703 E-.37666
G1 X117.453 Y133.203 E-.39255
G1 X116.895 Y133.724 E-.36262
G1 X116.347 Y133.176 E-.36817
;WIPE_END
G1 X130.196 Y131.162 F9000
G1 E5 F2400
G1 F3000
G1 X127.814 Y131.165 E.07865
G1 X127.199 Y130.55 E.02872
G1 X126.597 Y131.167 E.02846
G1 X123.327 Y131.171 E.10797
G1 X122.706 Y130.55 E.029
G1 X122.032 Y131.24 E.03185
G1 X121.259 Y131.345 E.02576
G1 X120.23 Y131.633 E.03528
G1 X119.568 Y131.905 E.02363
G1 X118.214 Y130.55 E.06325
G1 X113.7 Y135.079 E.21113
G1 X113.7 Y135.021 E.00192
G1 X115.061 Y136.382 E.06355
G1 X114.783 Y137.08 E.02481
G1 X114.521 Y137.996 E.03146
G1 X114.365 Y138.906 E.03048
G1 X113.7 Y139.571 E.03105
G1 X113.7 Y139.513 E.00192
G1 X114.302 Y140.115 E.02811
G1 X114.301 Y143.463 E.11054
G1 X113.7 Y144.064 E.02806
G1 X113.7 Y144.006 E.00192
G1 X114.3 Y144.606 E.02802
G1 X114.319 Y145.359 E.02487
G1 X114.439 Y145.719 E.01253
G1 X114.775 Y146.131 E.01755
G1 X115.1 Y146.321 E.01243
G1 X115.463 Y146.409 E.01233
G1 X115.844 Y146.413 E.01258
G1 X115.334 Y146.923 E.02381
G1 X115.1 Y146.979 E.00794
G1 X114.775 Y147.169 E.01243
G1 X114.436 Y147.585 E.01772
G1 X114.362 Y147.894 E.01049
G1 X113.7 Y148.556 E.03091
G1 X113.7 Y148.498 E.00192
G1 X114.3 Y149.099 E.02804
G1 X114.3 Y149.55 E.01489
G1 X113.7 Y149.55 E.01981
G1 X113.7 Y148.755 E.02625
;LAYER_CHANGE
;Z:3
;HEIGHT:0.2
;BEFORE_LAYER_CHANGE
G92 E0
;3


G1 E-3.5 F3600
;WIPE_START
G1 F7200
G1 X113.7 Y149.55 E-.37763
G1 X114.3 Y149.55 E-.285
G1 X114.3 Y149.099 E-.21423
G1 X113.7 Y148.498 E-.40339
G1 X113.7 Y148.556 E-.02755
G1 X113.986 Y148.27 E-.1922
;WIPE_END
G1 Z3 F9000
;AFTER_LAYER_CHANGE
;3
G1 X114.908 Y147.668
G1 E5 F2400
;TYPE:Perimeter
;WIDTH:0.439999
G1 X114.736 Y147.852 E.00832
G1 X114.606 Y148.338 E.01661
G1 X114.606 Y149.856 E.05012
G1 X113.394 Y149.856 E.04002
G1 X113.394 Y130.244 E.64753
G1 X129.887 Y130.244 E.54455
G1 X130.056 Y130.229 E.0056
G1 X130.402 Y130.097 E.01223
G1 X130.726 Y129.763 E.01536
G1 X130.821 Y129.545 E.00785
G1 X130.86 Y129.271 E.00914
G1 X130.86 Y128.105 E.0385
G1 X131.279 Y128.244 E.01458
G1 X132.121 Y128.244 E.0278
G1 X132.539 Y128.105 E.01454
G1 X132.543 Y129.356 E.0413
G1 X132.673 Y129.763 E.01411
G1 X132.997 Y130.096 E.01534
G1 X133.512 Y130.244 E.01769
G1 X150.003 Y130.244 E.54449
G1 X150.003 Y132.414 E.07165
G1 X150.003 Y149.856 E.57589
G1 X148.791 Y149.856 E.04002
G1 X148.791 Y148.34 E.05005
G1 X148.661 Y147.854 E.01661
G1 X148.358 Y147.531 E.01462
G1 X148.149 Y147.425 E.00774
G1 X147.824 Y147.367 E.0109
G1 X147.191 Y147.364 E.0209
G1 X147.191 Y145.936 E.04715
G1 X147.824 Y145.933 E.0209
G1 X148.149 Y145.875 E.0109
G1 X148.358 Y145.769 E.00774
G1 X148.661 Y145.446 E.01462
G1 X148.777 Y145.128 E.01118
G1 X148.791 Y144.96 E.00557
G1 X148.791 Y139.949 E.16545
G1 X148.735 Y138.98 E.03205
G1 X148.58 Y138.073 E.03038
G1 X148.329 Y137.188 E.03037
G1 X147.983 Y136.336 E.03036
G1 X147.547 Y135.526 E.03037
G1 X147.026 Y134.768 E.03037
G1 X146.341 Y133.99 E.03423
G1 X145.76 Y133.446 E.02628
G1 X145.168 Y132.994 E.02459
G1 X144.631 Y132.646 E.02113
G1 X143.816 Y132.22 E.03036
G1 X142.959 Y131.885 E.03038
G1 X142.071 Y131.644 E.03038
G1 X141.163 Y131.501 E.03035
G1 X140.298 Y131.456 E.0286
G1 X122.693 Y131.467 E.58127
G1 X121.352 Y131.641 E.04465
G1 X120.338 Y131.919 E.03471
G1 X119.463 Y132.277 E.03121
G1 X118.29 Y132.95 E.04465
G1 X117.562 Y133.511 E.03035
G1 X116.898 Y134.148 E.03038
G1 X116.307 Y134.852 E.03035
G1 X115.796 Y135.617 E.03037
G1 X115.37 Y136.432 E.03036
G1 X115.035 Y137.288 E.03035
G1 X114.795 Y138.176 E.03037
G1 X114.651 Y139.084 E.03035
G1 X114.606 Y139.949 E.0286
G1 X114.606 Y144.962 E.16552
G1 X114.62 Y145.13 E.00557
G1 X114.736 Y145.448 E.01118
G1 X115.038 Y145.771 E.0146
G1 X115.249 Y145.877 E.0078
G1 X115.575 Y145.935 E.01093
G1 X116.206 Y145.938 E.02083
G1 X116.206 Y147.362 E.04702
G1 X115.575 Y147.365 E.02083
G1 X115.249 Y147.423 E.01093
G1 X115.038 Y147.529 E.0078
G1 X114.949 Y147.624 E.0043
G1 X115.182 Y147.941 F9000
G1 F2400
G1 X115.08 Y148.051 E.00495
G1 X115.003 Y148.338 E.00981
G1 X115.003 Y150.253 E.06323
G1 X112.997 Y150.253 E.06623
G1 X112.997 Y129.847 E.67375
G1 X129.887 Y129.847 E.55766
G1 X130.192 Y129.76 E.01047
G1 X130.384 Y129.562 E.00911
G1 X130.463 Y129.271 E.00996
G1 X130.463 Y127.967 E.04305
;WIDTH:0.481786
G1 X130.484 Y127.871 E.00359
;WIDTH:0.523572
G1 X130.505 Y127.776 E.00389
;WIDTH:0.565358
G1 X130.525 Y127.68 E.00426
;WIDTH:0.607144
G1 X130.546 Y127.584 E.00461
;WIDTH:0.64893
G1 X130.567 Y127.488 E.00495
;WIDTH:0.690716
G1 X130.588 Y127.393 E.00524
G1 X130.646 Y127.449 E.00434
;WIDTH:0.64893
G1 X130.703 Y127.506 E.00406
;WIDTH:0.607144
G1 X130.761 Y127.562 E.00378
;WIDTH:0.565358
G1 X130.818 Y127.619 E.0035
;WIDTH:0.523572
G1 X130.876 Y127.675 E.00322
;WIDTH:0.481786
G1 X130.933 Y127.732 E.00294
;WIDTH:0.439999
G1 X131.279 Y127.847 E.01204
G1 X132.121 Y127.847 E.0278
G1 X132.467 Y127.732 E.01204
;WIDTH:0.481678
G1 X132.524 Y127.675 E.00294
;WIDTH:0.523356
G1 X132.582 Y127.619 E.00322
;WIDTH:0.565035
G1 X132.639 Y127.562 E.0035
;WIDTH:0.606713
G1 X132.697 Y127.506 E.00378
;WIDTH:0.648392
G1 X132.754 Y127.449 E.00406
;WIDTH:0.69007
G1 X132.812 Y127.393 E.00434
G1 X132.832 Y127.488 E.00522
;WIDTH:0.648392
G1 X132.853 Y127.584 E.00495
;WIDTH:0.606713
G1 X132.874 Y127.68 E.00461
;WIDTH:0.565035
G1 X132.895 Y127.775 E.00422
;WIDTH:0.523356
G1 X132.916 Y127.871 E.00393
;WIDTH:0.481678
G1 X132.937 Y127.967 E.00359
;WIDTH:0.439999
G1 X132.936 Y129.271 E.04305
G1 X133.015 Y129.562 E.00996
G1 X133.207 Y129.76 E.00911
G1 X133.512 Y129.847 E.01047
G1 X150.4 Y129.847 E.5576
G1 X150.4 Y132.414 E.08476
G1 X150.4 Y150.253 E.58899
G1 X148.394 Y150.253 E.06623
G1 X148.394 Y148.34 E.06316
G1 X148.317 Y148.052 E.00984
G1 X148.138 Y147.861 E.00864
G1 X148.014 Y147.798 E.00459
G1 X147.822 Y147.764 E.00644
G1 X146.794 Y147.758 E.03394
G1 X146.794 Y145.542 E.07317
G1 X147.85 Y145.535 E.03487
G1 X148.138 Y145.439 E.01002
G1 X148.317 Y145.248 E.00864
G1 X148.394 Y144.96 E.00984
G1 X148.394 Y139.949 E.16545
G1 X148.343 Y139.044 E.02993
G1 X148.198 Y138.179 E.02896
G1 X147.96 Y137.335 E.02895
G1 X147.632 Y136.522 E.02895
G1 X147.219 Y135.749 E.02894
G1 X146.724 Y135.026 E.02893
G1 X146.068 Y134.278 E.03285
G1 X145.518 Y133.761 E.02492
G1 X144.949 Y133.326 E.02365
G1 X144.445 Y132.997 E.01987
G1 X143.669 Y132.589 E.02895
G1 X142.853 Y132.268 E.02895
G1 X142.007 Y132.036 E.02896
G1 X141.142 Y131.898 E.02892
G1 X140.298 Y131.853 E.02791
G1 X122.693 Y131.864 E.58127
G1 X121.405 Y132.034 E.0429
G1 X120.485 Y132.287 E.0315
G1 X119.659 Y132.622 E.02943
G1 X118.531 Y133.266 E.04289
G1 X117.835 Y133.8 E.02896
G1 X117.201 Y134.405 E.02893
G1 X116.636 Y135.075 E.02894
G1 X116.147 Y135.803 E.02896
G1 X115.739 Y136.579 E.02895
G1 X115.418 Y137.394 E.02892
G1 X115.186 Y138.24 E.02896
G1 X115.048 Y139.106 E.02895
G1 X115.003 Y139.949 E.02787
G1 X115.003 Y144.962 E.16552
G1 X115.08 Y145.249 E.00981
G1 X115.259 Y145.441 E.00867
G1 X115.383 Y145.504 E.00459
G1 X115.576 Y145.538 E.00647
G1 X116.603 Y145.542 E.03391
G1 X116.603 Y147.758 E.07317
G1 X115.548 Y147.763 E.03483
G1 X115.259 Y147.859 E.01005
G1 X115.223 Y147.898 E.00175
G1 E-3.5 F3600
;WIPE_START
G1 F7200
G1 X115.182 Y147.941 E-.02822
G1 X115.08 Y148.051 E-.07126
G1 X115.003 Y148.338 E-.14115
G1 X115.003 Y150.253 E-.90963
G1 X114.267 Y150.253 E-.34974
;WIPE_END
G1 X132.731 Y120.603 F9000
G1 E5 F2400
;WIDTH:0.509897
G1 F1500
G1 X132.732 Y119.887 E.0278
G1 X133.197 Y119.909 E.01808
G1 X133.195 Y120.709 E.03106
;WIDTH:0.507702
G1 X133.109 Y120.785 E.00444
;WIDTH:0.550802
G1 X133.036 Y120.899 E.00572
;WIDTH:0.593902
G1 X132.963 Y121.013 E.0062
;WIDTH:0.637002
G1 X132.89 Y121.127 E.00669
;WIDTH:0.680102
G1 X132.817 Y121.241 E.00717
G1 X132.796 Y121.082 E.0085
;WIDTH:0.637002
G1 X132.774 Y120.922 E.00798
;WIDTH:0.593902
G1 X132.752 Y120.763 E.00735
;WIDTH:0.550802
G1 X132.739 Y120.663 E.00426
G1 X132.817 Y121.241 F9000
;WIDTH:0.680102
G1 F1500
G1 X132.817 Y127.271 E.31948
;WIDTH:0.69007
G1 X132.812 Y127.393 E.00657
G1 E-3.5 F3600
;WIPE_START
G1 F7200
G1 X132.817 Y127.271 E-.058
G1 X132.817 Y124.235 E-1.442
;WIPE_END
G1 X130.669 Y121.241 F9000
G1 E5 F2400
;WIDTH:0.550757
G1 F1500
G1 X130.648 Y121.241 E.00089
;WIDTH:0.593864
G1 X130.626 Y121.241 E.00101
;WIDTH:0.636971
G1 X130.604 Y121.241 E.00109
;WIDTH:0.680078
G1 X130.583 Y121.241 E.00111
G1 X130.561 Y121.241 E.00117
;WIDTH:0.636971
G1 X130.54 Y121.241 E.00104
;WIDTH:0.593864
G1 X130.518 Y121.241 E.00101
;WIDTH:0.550757
G1 X130.497 Y121.241 E.00089
;WIDTH:0.50765
G1 X130.291 Y120.785 E.01934
G1 X130.205 Y120.709 E.00443
G1 X130.204 Y120.606 E.00398
;WIDTH:0.509852
G1 X130.199 Y119.914 E.02687
G1 X130.668 Y119.887 E.01824
G1 X130.669 Y120.604 E.02784
;WIDTH:0.50765
G1 X130.669 Y121.181 E.0223
G1 E-3.5 F3600
;WIPE_START
G1 F7200
G1 X130.669 Y121.241 E-.0285
G1 X130.648 Y121.241 E-.00998
G1 X130.626 Y121.241 E-.01045
G1 X130.604 Y121.241 E-.01045
G1 X130.583 Y121.241 E-.00998
G1 X130.561 Y121.241 E-.01045
G1 X130.54 Y121.241 E-.00998
G1 X130.518 Y121.241 E-.01045
G1 X130.497 Y121.241 E-.00997
G1 X130.291 Y120.785 E-.23768
G1 X130.205 Y120.709 E-.05452
G1 X130.204 Y120.606 E-.04893
G1 X130.199 Y119.914 E-.32871
G1 X130.668 Y119.887 E-.22314
G1 X130.669 Y120.604 E-.34058
G1 X130.669 Y120.933 E-.15623
;WIPE_END
G1 X130.588 Y127.393 F9000
G1 E5 F2400
;WIDTH:0.690716
G1 F1500
G1 X130.583 Y127.271 E.00658
;WIDTH:0.680174
G1 X130.583 Y121.241 E.31952
G1 X130.04 Y121.161 F9000
;TYPE:External perimeter
;WIDTH:0.419999
G1 F1500
G1 X130.012 Y121.1 E.0021
G1 X129.909 Y121.009 E.00431
G1 X129.785 Y120.813 E.00727
G1 X129.779 Y120.128 E.02148
G1 X129.807 Y119.729 E.01254
G1 X129.94 Y119.577 E.00633
G1 X130.206 Y119.469 E.009
G1 X131.09 Y119.462 E.02772
G1 X131.09 Y127.271 E.24485
G1 X131.165 Y127.422 E.00529
G1 X131.279 Y127.46 E.00377
G1 X132.121 Y127.46 E.0264
G1 X132.235 Y127.422 E.00377
G1 X132.31 Y127.271 E.00529
G1 X132.31 Y119.462 E.24485
G1 X133.126 Y119.468 E.02559
G1 X133.382 Y119.523 E.00821
G1 X133.552 Y119.67 E.00705
G1 X133.623 Y119.871 E.00668
G1 X133.617 Y120.609 E.02314
G1 X133.583 Y120.883 E.00866
G1 X133.397 Y121.093 E.0088
G1 X133.324 Y121.241 E.00517
G1 X133.324 Y128.662 E.23268
G1 X133.349 Y129.367 E.02212
G1 X133.512 Y129.46 E.00588
G1 X150.787 Y129.46 E.54164
G1 X150.787 Y132.414 E.09262
G1 X150.787 Y150.64 E.57146
G1 X148.007 Y150.64 E.08716
G1 X148.007 Y148.34 E.07211
G1 X147.923 Y148.183 E.00558
G1 X147.82 Y148.151 E.00338
G1 X146.585 Y148.144 E.03872
G1 X146.475 Y148.047 E.0046
G1 X146.407 Y147.805 E.00788
G1 X146.407 Y145.537 E.07111
G1 X146.448 Y145.287 E.00794
G1 X146.575 Y145.156 E.00572
G1 X147.883 Y145.137 E.04102
G1 X147.982 Y145.054 E.00405
G1 X148.007 Y144.96 E.00305
G1 X148.007 Y139.949 E.15712
G1 X147.961 Y139.106 E.02647
G1 X147.825 Y138.283 E.02615
G1 X147.6 Y137.479 E.02618
G1 X147.29 Y136.703 E.0262
G1 X146.898 Y135.966 E.02617
G1 X146.429 Y135.276 E.02616
G1 X145.801 Y134.559 E.02988
G1 X145.282 Y134.068 E.0224
G1 X144.736 Y133.649 E.02158
G1 X144.263 Y133.339 E.01773
G1 X143.525 Y132.949 E.02617
G1 X142.75 Y132.641 E.02615
G1 X141.944 Y132.418 E.02622
G1 X141.121 Y132.284 E.02614
G1 X140.298 Y132.24 E.02584
G1 X122.693 Y132.251 E.55199
G1 X121.458 Y132.418 E.03907
G1 X120.629 Y132.647 E.02697
G1 X119.849 Y132.959 E.02634
G1 X118.765 Y133.574 E.03908
G1 X118.101 Y134.081 E.02619
G1 X117.496 Y134.655 E.02615
G1 X116.956 Y135.292 E.02618
G1 X116.489 Y135.984 E.02618
G1 X116.099 Y136.722 E.02617
G1 X115.791 Y137.498 E.02618
G1 X115.568 Y138.303 E.02619
G1 X115.434 Y139.127 E.02618
G1 X115.39 Y139.949 E.02581
G1 X115.393 Y144.995 E.15821
G1 X115.474 Y145.119 E.00464
G1 X115.578 Y145.151 E.00341
G1 X116.812 Y145.156 E.03869
G1 X116.923 Y145.253 E.00462
G1 X116.99 Y145.495 E.00787
G1 X116.99 Y147.763 E.07111
G1 X116.95 Y148.013 E.00794
G1 X116.823 Y148.144 E.00572
G1 X115.578 Y148.149 E.03904
G1 X115.474 Y148.181 E.00341
G1 X115.39 Y148.338 E.00558
G1 X115.39 Y150.64 E.07218
G1 X112.61 Y150.64 E.08716
G1 X112.61 Y129.46 E.66408
G1 X129.92 Y129.457 E.54274
G1 X130.05 Y129.367 E.00496
G1 X130.076 Y129.271 E.00312
G1 X130.076 Y121.241 E.25177
G1 X130.064 Y121.216 E.00087
G1 E-3.5 F3600
;WIPE_START
G1 F7200
G1 X130.04 Y121.161 E-.0285
G1 X130.012 Y121.1 E-.03188
G1 X129.909 Y121.009 E-.06528
G1 X129.785 Y120.813 E-.11017
G1 X129.779 Y120.128 E-.32539
G1 X129.807 Y119.729 E-.18999
G1 X129.94 Y119.577 E-.09594
G1 X130.206 Y119.469 E-.13637
G1 X131.09 Y119.462 E-.41991
G1 X131.09 Y119.665 E-.09657
;WIPE_END
G1 X130.616 Y130.258 F9000
G1 E5 F2400
;TYPE:Solid infill
;WIDTH:0.370975
G1 X130.971 Y129.877 E.01421
;WIDTH:0.409528
G1 X131.143 Y129.399 E.01549
;WIDTH:0.439999
G1 X131.165 Y128.521 E.029
G1 X131.637 Y128.55 E.01561
G1 X132.234 Y128.521 E.01973
G1 X132.259 Y129.398 E.02897
;WIDTH:0.404601
G1 X132.423 Y129.87 E.01503
;WIDTH:0.374418
G1 X132.725 Y130.2 E.01233
G1 X132.278 Y130.033 E.01315
G1 X132.058 Y129.805 E.00873
;WIDTH:0.404601
G1 X131.944 Y129.567 E.00794
;WIDTH:0.439999
G1 X131.817 Y129.498 E.00477
G1 X131.637 Y129.498 E.00594
G1 X131.474 Y129.539 E.00555
;WIDTH:0.421978
G1 X131.428 Y129.645 E.00364
;WIDTH:0.396471
G1 X131.382 Y129.751 E.0034
;WIDTH:0.370975
G1 X131.134 Y130.038 E.01035
G1 X130.799 Y130.18 E.00993
G1 E-3.5 F3600
;WIPE_START
G1 F7200
G1 X131.134 Y130.038 E-.17283
G1 X131.382 Y129.751 E-.18017
G1 X131.428 Y129.645 E-.05489
G1 X131.474 Y129.539 E-.05489
G1 X131.637 Y129.498 E-.07984
G1 X131.817 Y129.498 E-.0855
G1 X131.944 Y129.567 E-.06865
G1 X132.058 Y129.805 E-.12535
G1 X132.278 Y130.033 E-.1505
G1 X132.725 Y130.2 E-.22666
G1 X132.423 Y129.87 E-.21248
G1 X132.362 Y129.695 E-.08824
;WIPE_END
G1 X118.798 Y132.307 F9000
G1 E5 F2400
;TYPE:Internal infill
;WIDTH:0.44
G1 F3000
G1 X118.111 Y132.703 E.02618
G1 X117.453 Y133.203 E.02729
G1 X116.895 Y133.724 E.02521
G1 X113.721 Y130.55 E.14821
G1 X116.104 Y130.55 E.07868
G1 E-3.5 F3600
;WIPE_START
G1 F7200
G1 X113.721 Y130.55 E-1.13192
G1 X114.269 Y131.098 E-.36808
;WIPE_END
G1 X113.7 Y148.755 F9000
G1 E5 F2400
G1 F3000
G1 X113.7 Y149.55 E.02625
G1 X114.3 Y149.55 E.01981
G1 X114.3 Y149.099 E.01489
G1 X113.7 Y148.498 E.02804
G1 X113.7 Y148.556 E.00192
G1 X114.434 Y147.822 E.03427
G1 X114.467 Y147.7 E.00417
G1 X114.863 Y147.277 E.01913
G1 X115.099 Y147.157 E.00874
G1 X115.9 Y146.356 E.0374
G1 X115.9 Y146.241 E.0038
G1 X115.464 Y146.236 E.0144
G1 X115.145 Y146.166 E.01078
G1 X114.863 Y146.023 E.01044
G1 X114.47 Y145.604 E.01897
G1 X114.319 Y145.188 E.01461
G1 X114.3 Y144.606 E.01923
G1 X113.7 Y144.006 E.02802
G1 X113.7 Y144.064 E.00192
G1 X114.301 Y143.463 E.02806
G1 X114.302 Y140.115 E.11054
G1 X113.7 Y139.513 E.02811
G1 X113.7 Y139.571 E.00192
G1 X114.365 Y138.906 E.03105
G1 X114.521 Y137.996 E.03048
G1 X114.783 Y137.08 E.03146
G1 X115.061 Y136.382 E.02481
G1 X113.7 Y135.021 E.06355
G1 X113.7 Y135.079 E.00192
G1 X118.214 Y130.55 E.21113
G1 X119.568 Y131.905 E.06325
G1 X120.23 Y131.633 E.02363
G1 X121.259 Y131.345 E.03528
G1 X122.032 Y131.24 E.02576
G1 X122.706 Y130.55 E.03185
G1 X123.327 Y131.171 E.029
G1 X126.597 Y131.167 E.10797
G1 X127.199 Y130.55 E.02846
G1 X127.814 Y131.165 E.02872
G1 X131.095 Y131.161 E.10833
G1 X131.974 Y130.282 E.04104
G1 X131.698 Y129.943 E.01443
G1 X131.424 Y130.283 E.01442
G1 X132.301 Y131.16 E.04095
G1 X135.593 Y131.156 E.10869
G1 X136.183 Y130.55 E.02793
G1 X136.788 Y131.154 E.02823
G1 X140.091 Y131.15 E.10906
G1 X140.691 Y130.55 E.02802
G1 X141.341 Y131.215 E.0307
G1 X142.251 Y131.371 E.03048
G1 X143.046 Y131.592 E.02724
G1 X143.834 Y131.899 E.02792
G1 X145.184 Y130.55 E.06301
G1 X149.697 Y135.079 E.2111
G1 X149.697 Y135.021 E.00192
G1 X148.332 Y136.386 E.06374
G1 X148.615 Y137.08 E.02475
G1 X148.876 Y137.996 E.03145
G1 X149.024 Y138.898 E.03018
G1 X149.697 Y139.571 E.03142
G1 X149.697 Y139.513 E.00192
G1 X149.097 Y140.114 E.02804
G1 X149.097 Y143.464 E.11061
G1 X149.697 Y144.064 E.02802
G1 X149.697 Y144.006 E.00192
G1 X149.097 Y144.606 E.02802
G1 X149.078 Y145.186 E.01916
G1 X148.927 Y145.602 E.01461
G1 X148.533 Y146.022 E.01901
G1 X148.251 Y146.164 E.01042
G1 X147.497 Y146.24 E.02502
G1 X147.497 Y146.356 E.00383
G1 X148.303 Y147.162 E.03763
G1 X148.533 Y147.278 E.00851
G1 X148.93 Y147.701 E.01915
G1 X148.962 Y147.821 E.0041
G1 X149.697 Y148.556 E.03432
G1 X149.697 Y148.498 E.00192
G1 X149.097 Y149.099 E.02804
G1 X149.097 Y149.55 E.01489
G1 X149.697 Y149.55 E.01981
G1 X149.697 Y148.755 E.02625
G1 E-3.5 F3600
;WIPE_START
G1 F7200
G1 X149.697 Y149.55 E-.37763
G1 X149.097 Y149.55 E-.285
G1 X149.097 Y149.099 E-.21423
G1 X149.697 Y148.498 E-.40339
G1 X149.697 Y148.556 E-.02755
G1 X149.411 Y148.27 E-.1922
;WIPE_END
G1 X144.608 Y132.294 F9000
G1 E5 F2400
G1 F3000
G1 X145.409 Y132.791 E.03112
G1 X146.499 Y133.727 E.04744
G1 X149.676 Y130.55 E.14835
G1 X147.294 Y130.55 E.07865
;LAYER_CHANGE
;Z:3.2
;HEIGHT:0.2
;BEFORE_LAYER_CHANGE
G92 E0
;3.2


G1 E-3.5 F3600
;WIPE_START
G1 F7200
G1 X149.676 Y130.55 E-1.13145
G1 X149.127 Y131.099 E-.36855
;WIPE_END
G1 Z3.2 F9000
;AFTER_LAYER_CHANGE
;3.2
G1 X150.003 Y130.244
G1 E5 F2400
;TYPE:Perimeter
;WIDTH:0.439999
G1 F2365
G1 X150.003 Y132.414 E.07165
G1 X150.003 Y149.856 E.57589
G1 X148.791 Y149.856 E.04002
G1 X148.791 Y148.474 E.04563
G1 X148.642 Y147.955 E.01783
G1 X148.305 Y147.631 E.01544
G1 X148.143 Y147.557 E.00588
G1 X147.824 Y147.501 E.01069
G1 X147.191 Y147.498 E.0209
G1 X147.191 Y145.802 E.056
G1 X147.945 Y145.79 E.0249
G1 X148.305 Y145.669 E.01254
G1 X148.642 Y145.345 E.01544
G1 X148.777 Y144.994 E.01242
G1 X148.791 Y144.826 E.00557
G1 X148.791 Y139.949 E.16103
G1 X148.735 Y138.98 E.03205
G1 X148.58 Y138.073 E.03038
G1 X148.329 Y137.188 E.03037
G1 X147.983 Y136.336 E.03036
G1 X147.547 Y135.526 E.03037
G1 X147.026 Y134.768 E.03037
G1 X146.341 Y133.99 E.03423
G1 X145.734 Y133.428 E.02731
G1 X144.743 Y132.715 E.04031
G1 X143.816 Y132.22 E.0347
G1 X142.959 Y131.885 E.03038
G1 X142.071 Y131.644 E.03038
G1 X141.163 Y131.501 E.03035
G1 X140.298 Y131.456 E.0286
G1 X122.693 Y131.467 E.58127
G1 X121.352 Y131.641 E.04465
G1 X120.338 Y131.919 E.03471
G1 X119.463 Y132.277 E.03121
G1 X118.29 Y132.95 E.04465
G1 X117.562 Y133.511 E.03035
G1 X116.898 Y134.148 E.03038
G1 X116.307 Y134.852 E.03035
G1 X115.796 Y135.617 E.03037
G1 X115.37 Y136.432 E.03036
G1 X115.035 Y137.288 E.03035
G1 X114.795 Y138.176 E.03037
G1 X114.651 Y139.084 E.03035
G1 X114.606 Y139.949 E.0286
G1 X114.606 Y144.827 E.16106
G1 X114.62 Y144.995 E.00557
G1 X114.756 Y145.345 E.0124
G1 X115.092 Y145.669 E.01541
G1 X115.254 Y145.744 E.00589
G1 X115.574 Y145.799 E.01072
G1 X116.206 Y145.803 E.02087
G1 X116.206 Y147.497 E.05593
G1 X115.452 Y147.509 E.0249
G1 X115.092 Y147.631 E.01255
G1 X114.756 Y147.955 E.01541
G1 X114.606 Y148.473 E.01781
G1 X114.606 Y149.856 E.04566
G1 X113.394 Y149.856 E.04002
G1 X113.394 Y130.244 E.64753
G1 X129.76 Y130.244 E.54036
G1 X129.929 Y130.229 E.0056
G1 X130.305 Y130.077 E.01339
G1 X130.627 Y129.713 E.01605
G1 X130.703 Y129.511 E.00713
G1 X130.733 Y129.271 E.00799
G1 X130.733 Y128.062 E.03992
G1 X131.279 Y128.244 E.019
G1 X132.121 Y128.244 E.0278
G1 X132.666 Y128.063 E.01896
G1 X132.669 Y129.356 E.04269
G1 X132.771 Y129.713 E.01226
G1 X133.093 Y130.077 E.01605
G1 X133.638 Y130.244 E.01882
G1 X149.943 Y130.244 E.53835
G1 X150.4 Y129.847 F9000
G1 F2365
G1 X150.4 Y132.414 E.08476
G1 X150.4 Y150.253 E.58899
G1 X148.394 Y150.253 E.06623
G1 X148.394 Y148.474 E.05874
G1 X148.306 Y148.167 E.01054
G1 X148.106 Y147.975 E.00915
G1 X147.822 Y147.898 E.00972
G1 X146.794 Y147.893 E.03394
G1 X146.794 Y145.407 E.08208
G1 X147.822 Y145.402 E.03394
G1 X148.106 Y145.325 E.00972
G1 X148.306 Y145.133 E.00915
G1 X148.394 Y144.826 E.01054
G1 X148.394 Y139.949 E.16103
G1 X148.343 Y139.044 E.02993
G1 X148.198 Y138.179 E.02896
G1 X147.96 Y137.335 E.02895
G1 X147.632 Y136.522 E.02895
G1 X147.219 Y135.749 E.02894
G1 X146.724 Y135.026 E.02893
G1 X146.068 Y134.278 E.03285
G1 X145.503 Y133.75 E.02553
G1 X144.445 Y132.997 E.04288
G1 X143.669 Y132.589 E.02895
G1 X142.853 Y132.268 E.02895
G1 X142.007 Y132.036 E.02896
G1 X141.142 Y131.898 E.02892
G1 X140.298 Y131.853 E.02791
G1 X122.693 Y131.864 E.58127
G1 X121.405 Y132.034 E.0429
G1 X120.485 Y132.287 E.0315
G1 X119.659 Y132.622 E.02943
G1 X118.531 Y133.266 E.04289
G1 X117.835 Y133.8 E.02896
G1 X117.201 Y134.405 E.02893
G1 X116.636 Y135.075 E.02894
G1 X116.147 Y135.803 E.02896
G1 X115.739 Y136.579 E.02895
G1 X115.418 Y137.394 E.02892
G1 X115.186 Y138.24 E.02896
G1 X115.048 Y139.106 E.02895
G1 X115.003 Y139.949 E.02787
G1 X115.003 Y144.827 E.16106
G1 X115.092 Y145.134 E.01055
G1 X115.291 Y145.325 E.00911
G1 X115.576 Y145.402 E.00975
G1 X116.603 Y145.407 E.03391
G1 X116.603 Y147.893 E.08208
G1 X115.576 Y147.898 E.03391
G1 X115.291 Y147.975 E.00975
G1 X115.092 Y148.166 E.00911
G1 X115.003 Y148.473 E.01055
G1 X115.003 Y150.253 E.05877
G1 X112.997 Y150.253 E.06623
G1 X112.997 Y129.847 E.67375
G1 X129.76 Y129.847 E.55347
G1 X130.083 Y129.748 E.01115
G1 X130.273 Y129.532 E.0095
G1 X130.336 Y129.271 E.00886
G1 X130.328 Y127.271 E.06604
;WIDTH:0.425049
G1 X130.328 Y121.241 E.1916
;WIDTH:0.47094
G1 X130.286 Y121.088 E.00565
;WIDTH:0.516889
G1 X130.244 Y120.935 E.00625
;WIDTH:0.562837
G1 X130.201 Y120.782 E.00687
G1 X130.123 Y120.708 E.00465
G1 X130.122 Y120.597 E.0048
;WIDTH:0.564656
G1 X130.128 Y119.918 E.02946
G1 X130.641 Y119.914 E.02226
G1 X130.642 Y120.594 E.0295
;WIDTH:0.562837
G1 X130.664 Y120.81 E.00939
;WIDTH:0.516889
G1 X130.687 Y121.026 E.00856
;WIDTH:0.47094
G1 X130.71 Y121.241 E.0077
;WIDTH:0.425049
G1 X130.71 Y127.271 E.1916
;WIDTH:0.430802
G1 X130.716 Y127.37 E.0032
;WIDTH:0.439999
G1 X130.933 Y127.732 E.01394
G1 X131.279 Y127.847 E.01204
G1 X132.121 Y127.847 E.0278
G1 X132.467 Y127.732 E.01204
G1 X132.684 Y127.37 E.01394
;WIDTH:0.4302
G1 X132.689 Y127.271 E.00319
;WIDTH:0.424999
G1 X132.69 Y121.241 E.19157
;WIDTH:0.470957
G1 X132.713 Y121.025 E.00773
;WIDTH:0.516914
G1 X132.736 Y120.81 E.00852
;WIDTH:0.562871
G1 X132.759 Y120.594 E.00939
;WIDTH:0.564675
G1 X132.759 Y119.914 E.0295
G1 X133.27 Y119.918 E.02217
G1 X133.277 Y120.708 E.03427
;WIDTH:0.562871
G1 X133.206 Y120.774 E.00419
G1 X133.161 Y120.93 E.00702
;WIDTH:0.516914
G1 X133.117 Y121.086 E.00639
;WIDTH:0.470957
G1 X133.072 Y121.241 E.00574
;WIDTH:0.424999
G1 X133.071 Y127.271 E.19157
;WIDTH:0.4302
G1 X133.068 Y127.404 E.00428
;WIDTH:0.439999
G1 X133.063 Y129.271 E.06164
G1 X133.125 Y129.532 E.00886
G1 X133.316 Y129.748 E.00952
G1 X133.638 Y129.847 E.01112
G1 X150.34 Y129.847 E.55145
G1 X150.787 Y129.46 F9000
;TYPE:External perimeter
;WIDTH:0.419999
G1 F1500
G1 X150.787 Y132.414 E.09262
G1 X150.787 Y150.64 E.57146
G1 X148.007 Y150.64 E.08716
G1 X148.007 Y148.474 E.06791
G1 X147.978 Y148.373 E.00329
G1 X147.913 Y148.311 E.00282
G1 X147.82 Y148.285 E.00303
G1 X146.663 Y148.279 E.03628
G1 X146.492 Y148.231 E.00557
G1 X146.407 Y147.995 E.00786
G1 X146.407 Y145.345 E.08309
G1 X146.445 Y145.135 E.00669
G1 X146.576 Y145.021 E.00544
G1 X147.843 Y145.013 E.03973
G1 X147.978 Y144.927 E.00502
G1 X148.007 Y144.826 E.00329
G1 X148.007 Y139.949 E.15291
G1 X147.961 Y139.106 E.02647
G1 X147.825 Y138.283 E.02615
G1 X147.6 Y137.479 E.02618
G1 X147.29 Y136.703 E.0262
G1 X146.898 Y135.966 E.02617
G1 X146.429 Y135.276 E.02616
G1 X145.801 Y134.559 E.02988
G1 X145.277 Y134.064 E.0226
G1 X144.263 Y133.339 E.03908
G1 X143.525 Y132.949 E.02617
G1 X142.75 Y132.641 E.02615
G1 X141.944 Y132.418 E.02622
G1 X141.121 Y132.284 E.02614
G1 X140.298 Y132.24 E.02584
G1 X122.693 Y132.251 E.55199
G1 X121.458 Y132.418 E.03907
G1 X120.629 Y132.647 E.02697
G1 X119.849 Y132.959 E.02634
G1 X118.765 Y133.574 E.03908
G1 X118.101 Y134.081 E.02619
G1 X117.496 Y134.655 E.02615
G1 X116.956 Y135.292 E.02618
G1 X116.489 Y135.984 E.02618
G1 X116.099 Y136.722 E.02617
G1 X115.791 Y137.498 E.02618
G1 X115.568 Y138.303 E.02619
G1 X115.434 Y139.127 E.02618
G1 X115.39 Y139.949 E.02581
G1 X115.393 Y144.859 E.15395
G1 X115.484 Y144.99 E.005
G1 X115.578 Y145.015 E.00305
G1 X116.786 Y145.021 E.03788
G1 X116.912 Y145.084 E.00442
G1 X116.99 Y145.311 E.00753
G1 X116.99 Y147.945 E.08259
G1 X116.942 Y148.182 E.00758
G1 X116.827 Y148.279 E.00472
G1 X115.578 Y148.285 E.03916
G1 X115.419 Y148.373 E.0057
G1 X115.39 Y148.473 E.00326
G1 X115.39 Y150.64 E.06794
G1 X112.61 Y150.64 E.08716
G1 X112.61 Y129.46 E.66408
G1 X129.76 Y129.46 E.53773
G1 X129.866 Y129.428 E.00347
G1 X129.949 Y129.271 E.00557
G1 X129.949 Y121.241 E.25177
G1 X129.891 Y121.105 E.00464
G1 X129.802 Y121.023 E.00379
G1 X129.675 Y120.814 E.00767
G1 X129.669 Y120.183 E.01979
G1 X129.696 Y119.726 E.01435
G1 X129.825 Y119.57 E.00635
G1 X130.059 Y119.469 E.00799
G1 X131.09 Y119.461 E.03233
G1 X131.09 Y127.271 E.24488
G1 X131.165 Y127.422 E.00529
G1 X131.279 Y127.46 E.00377
G1 X132.121 Y127.46 E.0264
G1 X132.235 Y127.422 E.00377
G1 X132.31 Y127.271 E.00529
G1 X132.31 Y119.461 E.24488
G1 X133.273 Y119.468 E.03019
G1 X133.509 Y119.52 E.00758
G1 X133.665 Y119.666 E.0067
G1 X133.733 Y119.87 E.00674
G1 X133.727 Y120.6 E.02289
G1 X133.693 Y120.889 E.00912
G1 X133.511 Y121.103 E.00881
G1 X133.451 Y121.241 E.00472
G1 X133.45 Y129.271 E.25177
G1 X133.533 Y129.428 E.00557
G1 X133.638 Y129.46 E.00344
G1 X150.727 Y129.46 E.53581
G1 E-3.5 F3600
;WIPE_START
G1 F7200
G1 X150.787 Y129.46 E-.0285
G1 X150.787 Y132.414 E-1.40315
G1 X150.787 Y132.558 E-.06835
;WIPE_END
G1 X147.294 Y130.55 F9000
G1 E5 F2400
;TYPE:Internal infill
;WIDTH:0.44
G1 F2365
G1 X149.676 Y130.55 E.07865
G1 X146.498 Y133.728 E.14839
G1 X145.918 Y133.183 E.02628
G1 X144.606 Y132.294 E.05233
G1 E-3.5 F3600
;WIPE_START
G1 F7200
G1 X145.918 Y133.183 E-.75279
G1 X146.498 Y133.728 E-.37804
G1 X147.048 Y133.178 E-.36917
;WIPE_END
G1 X149.697 Y148.755 F9000
G1 E5 F2400
G1 F2365
G1 X149.697 Y149.55 E.02625
G1 X149.097 Y149.55 E.01981
G1 X149.097 Y149.099 E.01489
G1 X149.697 Y148.498 E.02804
G1 X149.697 Y148.556 E.00192
G1 X147.497 Y146.356 E.10273
G1 X147.497 Y146.206 E.00495
G1 X147.601 Y146.102 E.00486
G1 X148.245 Y146.032 E.02139
G1 X148.465 Y145.931 E.00799
G1 X148.901 Y145.511 E.01999
G1 X149.078 Y145.053 E.01621
G1 X149.097 Y144.606 E.01477
G1 X149.697 Y144.006 E.02802
G1 X149.697 Y144.064 E.00192
G1 X149.097 Y143.464 E.02802
G1 X149.097 Y140.114 E.11061
G1 X149.697 Y139.513 E.02804
G1 X149.697 Y139.571 E.00192
G1 X149.024 Y138.898 E.03142
G1 X148.876 Y137.996 E.03018
G1 X148.615 Y137.08 E.03145
G1 X148.332 Y136.386 E.02475
G1 X149.697 Y135.021 E.06374
G1 X149.697 Y135.079 E.00192
G1 X145.184 Y130.55 E.2111
G1 X143.83 Y131.904 E.06322
G1 X143.047 Y131.592 E.02783
G1 X142.251 Y131.371 E.02728
G1 X141.341 Y131.215 E.03048
G1 X140.691 Y130.55 E.0307
G1 X140.091 Y131.15 E.02802
G1 X136.788 Y131.154 E.10906
G1 X136.183 Y130.55 E.02823
G1 X135.593 Y131.156 E.02793
G1 X133.21 Y131.159 E.07868
G1 X134.556 Y130.55 F9000
G1 F2365
G1 X133.622 Y130.55 E.03084
G1 X132.921 Y130.335 E.02421
G1 X132.473 Y129.783 E.02347
G1 X131.095 Y131.161 E.06434
G1 X132.301 Y131.16 E.03982
G1 X130.925 Y129.784 E.06425
G1 X130.48 Y130.331 E.02328
G1 X129.989 Y130.53 E.01749
G1 X128.847 Y130.55 E.03771
G1 X130.196 Y131.162 F9000
G1 F2365
G1 X127.814 Y131.165 E.07865
G1 X127.199 Y130.55 E.02872
G1 X126.597 Y131.167 E.02846
G1 X123.327 Y131.171 E.10797
G1 X122.706 Y130.55 E.029
G1 X122.032 Y131.24 E.03185
G1 X121.259 Y131.345 E.02576
G1 X120.23 Y131.633 E.03528
G1 X119.568 Y131.905 E.02363
G1 X118.214 Y130.55 E.06325
G1 X113.7 Y135.079 E.21113
G1 X113.7 Y135.021 E.00192
G1 X115.061 Y136.382 E.06355
G1 X114.783 Y137.08 E.02481
G1 X114.521 Y137.996 E.03146
G1 X114.365 Y138.906 E.03048
G1 X113.7 Y139.571 E.03105
G1 X113.7 Y139.513 E.00192
G1 X114.302 Y140.115 E.02811
G1 X114.301 Y143.463 E.11054
G1 X113.7 Y144.064 E.02806
G1 X113.7 Y144.006 E.00192
G1 X114.3 Y144.606 E.02802
G1 X114.319 Y145.054 E.01481
G1 X114.496 Y145.512 E.01621
G1 X114.932 Y145.931 E.01997
G1 X115.152 Y146.033 E.00801
G1 X115.797 Y146.103 E.02142
G1 X115.9 Y146.206 E.00481
G1 X115.9 Y146.356 E.00495
G1 X113.7 Y148.556 E.10273
G1 X113.7 Y148.498 E.00192
G1 X114.3 Y149.099 E.02804
G1 X114.3 Y149.55 E.01489
G1 X113.7 Y149.55 E.01981
G1 X113.7 Y148.755 E.02625
G1 E-3.5 F3600
;WIPE_START
G1 F7200
G1 X113.7 Y149.55 E-.37763
G1 X114.3 Y149.55 E-.285
G1 X114.3 Y149.099 E-.21423
G1 X113.7 Y148.498 E-.40339
G1 X113.7 Y148.556 E-.02755
G1 X113.986 Y148.27 E-.1922
;WIPE_END
G1 X118.798 Y132.307 F9000
G1 E5 F2400
G1 F2365
G1 X118.11 Y132.703 E.02621
G1 X117.355 Y133.286 E.0315
G1 X116.894 Y133.723 E.02097
G1 X113.721 Y130.55 E.14816
G1 X116.104 Y130.55 E.07868
;LAYER_CHANGE
;Z:3.4
;HEIGHT:0.2
;BEFORE_LAYER_CHANGE
G92 E0
;3.4


G1 E-3.5 F3600
;WIPE_START
G1 F7200
G1 X113.721 Y130.55 E-1.13192
G1 X114.269 Y131.098 E-.36808
;WIPE_END
G1 Z3.4 F9000
;AFTER_LAYER_CHANGE
;3.4
G1 X113.394 Y130.244
G1 E5 F2400
;TYPE:Perimeter
;WIDTH:0.439999
G1 X129.661 Y130.244 E.53709
G1 X130.06 Y130.158 E.01348
G1 X130.366 Y129.941 E.01239
G1 X130.547 Y129.673 E.01068
G1 X130.607 Y129.495 E.0062
G1 X130.633 Y129.271 E.00745
G1 X130.633 Y127.949 E.04365
G1 X130.695 Y128.05 E.00391
G1 X131.279 Y128.244 E.02032
G1 X132.121 Y128.244 E.0278
G1 X132.705 Y128.05 E.02032
G1 X132.765 Y127.951 E.00382
G1 X132.765 Y129.29 E.04421
G1 X132.852 Y129.673 E.01297
G1 X133.032 Y129.941 E.01066
G1 X133.338 Y130.158 E.01239
G1 X133.738 Y130.244 E.01351
G1 X150.003 Y130.244 E.53703
G1 X150.003 Y132.414 E.07165
G1 X150.003 Y149.856 E.57589
G1 X148.791 Y149.856 E.04002
G1 X148.791 Y148.579 E.04216
G1 X148.625 Y148.035 E.01878
G1 X148.263 Y147.713 E.016
G1 X148.14 Y147.661 E.00441
G1 X147.824 Y147.606 E.01059
G1 X147.191 Y147.603 E.0209
G1 X147.191 Y145.697 E.06293
G1 X147.999 Y145.677 E.02669
G1 X148.263 Y145.586 E.00922
G1 X148.625 Y145.265 E.01597
G1 X148.777 Y144.889 E.01339
G1 X148.791 Y144.721 E.00557
G1 X148.791 Y139.949 E.15756
G1 X148.735 Y138.98 E.03205
G1 X148.58 Y138.073 E.03038
G1 X148.329 Y137.188 E.03037
G1 X147.983 Y136.336 E.03036
G1 X147.547 Y135.526 E.03037
G1 X147.026 Y134.768 E.03037
G1 X146.341 Y133.99 E.03423
G1 X145.734 Y133.428 E.02731
G1 X144.743 Y132.715 E.04031
G1 X143.816 Y132.22 E.0347
G1 X142.959 Y131.885 E.03038
G1 X142.071 Y131.644 E.03038
G1 X141.163 Y131.501 E.03035
G1 X140.298 Y131.456 E.0286
G1 X122.693 Y131.467 E.58127
G1 X121.352 Y131.641 E.04465
G1 X120.338 Y131.919 E.03471
G1 X119.463 Y132.277 E.03121
G1 X118.29 Y132.95 E.04465
G1 X117.562 Y133.511 E.03035
G1 X116.898 Y134.148 E.03038
G1 X116.307 Y134.852 E.03035
G1 X115.796 Y135.617 E.03037
G1 X115.37 Y136.432 E.03036
G1 X115.035 Y137.288 E.03035
G1 X114.795 Y138.176 E.03037
G1 X114.651 Y139.084 E.03035
G1 X114.606 Y139.949 E.0286
G1 X114.606 Y144.721 E.15756
G1 X114.62 Y144.889 E.00557
G1 X114.772 Y145.265 E.01339
G1 X115.135 Y145.587 E.01602
G1 X115.257 Y145.639 E.00438
G1 X115.574 Y145.694 E.01062
G1 X116.206 Y145.697 E.02087
G1 X116.206 Y147.603 E.06293
G1 X115.399 Y147.623 E.02665
G1 X115.135 Y147.713 E.00921
G1 X114.772 Y148.035 E.01602
G1 X114.606 Y148.579 E.01878
G1 X114.606 Y149.856 E.04216
G1 X113.394 Y149.856 E.04002
G1 X113.394 Y130.304 E.64555
G1 E-3.5 F3600
;WIPE_START
G1 F7200
G1 X113.394 Y130.244 E-.0285
G1 X116.492 Y130.244 E-1.4715
;WIPE_END
G1 X133.064 Y120.214 F9000
G1 E5 F2400
;WIDTH:0.380166
G1 F1500
G1 X133.063 Y120.586 E.01043
G1 E-3.5 F3600
;WIPE_START
G1 F7200
G1 X133.064 Y120.214 E-.1767
;WIPE_END
G1 E-1.3233 F3600
G1 X130.336 Y120.221 F9000
G1 E5 F2400
;WIDTH:0.380042
G1 F1500
G1 X130.337 Y120.586 E.01023
G1 X130.156 Y121.022 F9000
;WIDTH:0.474747
G1 F2400
G1 X130.075 Y120.84 E.00715
;WIDTH:0.439999
G1 X129.973 Y120.736 E.00481
G1 X129.966 Y119.911 E.02724
G1 X130.033 Y119.855 E.00288
G1 X130.703 Y119.851 E.02212
G1 X130.703 Y120.586 E.02427
;WIDTH:0.474695
G1 X130.686 Y121.24 E.02349
G1 X130.686 Y127.271 E.21653
;WIDTH:0.480876
G1 X130.691 Y127.374 E.00376
G1 X130.933 Y127.732 E.01574
;WIDTH:0.439999
G1 X131.279 Y127.847 E.01204
G1 X132.121 Y127.847 E.0278
G1 X132.467 Y127.732 E.01204
;WIDTH:0.480338
G1 X132.708 Y127.374 E.0157
G1 X132.714 Y127.271 E.00375
;WIDTH:0.474736
G1 X132.714 Y121.24 E.21655
G1 X132.697 Y120.586 E.02349
;WIDTH:0.439999
G1 X132.697 Y119.847 E.0244
G1 X133.38 Y119.856 E.02255
G1 X133.434 Y119.906 E.00243
G1 X133.427 Y120.736 E.02741
G1 X133.327 Y120.838 E.00472
;WIDTH:0.474736
G1 X133.146 Y121.24 E.01583
G1 X133.145 Y127.271 E.21655
;WIDTH:0.480338
G1 X133.162 Y128.08 E.02943
;WIDTH:0.439999
G1 X133.178 Y129.404 E.04372
G1 X133.32 Y129.668 E.0099
G1 X133.501 Y129.796 E.00732
G1 X133.738 Y129.847 E.008
G1 X150.4 Y129.847 E.55013
G1 X150.4 Y132.414 E.08476
G1 X150.4 Y150.253 E.58899
G1 X148.394 Y150.253 E.06623
G1 X148.394 Y148.579 E.05527
G1 X148.296 Y148.257 E.01111
G1 X148.081 Y148.067 E.00947
G1 X147.822 Y148.003 E.00881
G1 X146.794 Y147.998 E.03394
G1 X146.794 Y145.302 E.08901
G1 X147.822 Y145.297 E.03394
G1 X148.009 Y145.264 E.00627
G1 X148.296 Y145.043 E.01196
G1 X148.394 Y144.721 E.01111
G1 X148.394 Y139.949 E.15756
G1 X148.343 Y139.044 E.02993
G1 X148.198 Y138.179 E.02896
G1 X147.96 Y137.335 E.02895
G1 X147.632 Y136.522 E.02895
G1 X147.219 Y135.749 E.02894
G1 X146.724 Y135.026 E.02893
G1 X146.068 Y134.278 E.03285
G1 X145.503 Y133.75 E.02553
G1 X144.445 Y132.997 E.04288
G1 X143.669 Y132.589 E.02895
G1 X142.853 Y132.268 E.02895
G1 X142.007 Y132.036 E.02896
G1 X141.142 Y131.898 E.02892
G1 X140.298 Y131.853 E.02791
G1 X122.693 Y131.864 E.58127
G1 X121.405 Y132.034 E.0429
G1 X120.485 Y132.287 E.0315
G1 X119.659 Y132.622 E.02943
G1 X118.531 Y133.266 E.04289
G1 X117.835 Y133.8 E.02896
G1 X117.201 Y134.405 E.02893
G1 X116.636 Y135.075 E.02894
G1 X116.147 Y135.803 E.02896
G1 X115.739 Y136.579 E.02895
G1 X115.418 Y137.394 E.02892
G1 X115.186 Y138.24 E.02896
G1 X115.048 Y139.106 E.02895
G1 X115.003 Y139.949 E.02787
G1 X115.003 Y144.721 E.15756
G1 X115.101 Y145.043 E.01111
G1 X115.316 Y145.233 E.00947
G1 X115.576 Y145.297 E.00884
G1 X116.603 Y145.302 E.03391
G1 X116.603 Y147.998 E.08901
G1 X115.576 Y148.003 E.03391
G1 X115.388 Y148.036 E.0063
G1 X115.101 Y148.257 E.01196
G1 X115.003 Y148.579 E.01111
G1 X115.003 Y150.253 E.05527
G1 X112.997 Y150.253 E.06623
G1 X112.997 Y129.847 E.67375
G1 X129.661 Y129.847 E.5502
G1 X129.897 Y129.796 E.00797
G1 X130.078 Y129.668 E.00732
G1 X130.185 Y129.509 E.00633
G1 X130.236 Y129.271 E.00804
G1 X130.236 Y128.08 E.03932
;WIDTH:0.474747
G1 X130.254 Y127.271 E.02906
G1 X130.254 Y121.24 E.21655
G1 X130.181 Y121.077 E.00641
G1 X129.807 Y121.176 F9000
;TYPE:External perimeter
;WIDTH:0.419999
G1 F1500
G1 X129.608 Y120.875 E.01131
G1 X129.585 Y120.592 E.0089
G1 X129.606 Y119.732 E.02697
G1 X129.735 Y119.561 E.00672
G1 X129.954 Y119.469 E.00745
G1 X131.09 Y119.461 E.03562
G1 X131.09 Y127.271 E.24488
G1 X131.165 Y127.422 E.00529
G1 X131.279 Y127.46 E.00377
G1 X132.121 Y127.46 E.0264
G1 X132.235 Y127.422 E.00377
G1 X132.31 Y127.271 E.00529
G1 X132.31 Y119.46 E.24491
G1 X133.395 Y119.466 E.03402
G1 X133.66 Y119.555 E.00876
G1 X133.794 Y119.731 E.00694
G1 X133.818 Y120.221 E.01538
G1 X133.792 Y120.875 E.02052
G1 X133.604 Y121.108 E.00939
G1 X133.551 Y121.24 E.00446
G1 X133.549 Y129.271 E.25181
G1 X133.601 Y129.401 E.00439
G1 X133.738 Y129.46 E.00468
G1 X150.787 Y129.46 E.53456
G1 X150.787 Y132.414 E.09262
G1 X150.787 Y150.64 E.57146
G1 X148.007 Y150.64 E.08716
G1 X148.007 Y148.579 E.06462
G1 X147.975 Y148.474 E.00344
G1 X147.82 Y148.39 E.00553
G1 X146.678 Y148.385 E.03581
G1 X146.488 Y148.339 E.00613
G1 X146.407 Y148.133 E.00694
G1 X146.407 Y145.209 E.09168
G1 X146.443 Y145.021 E.006
G1 X146.568 Y144.916 E.00512
G1 X147.82 Y144.909 E.03926
G1 X147.975 Y144.826 E.00551
G1 X148.007 Y144.721 E.00344
G1 X148.007 Y139.949 E.14962
G1 X147.961 Y139.106 E.02647
G1 X147.825 Y138.283 E.02615
G1 X147.6 Y137.479 E.02618
G1 X147.29 Y136.703 E.0262
G1 X146.898 Y135.966 E.02617
G1 X146.429 Y135.276 E.02616
G1 X145.801 Y134.559 E.02988
G1 X145.277 Y134.064 E.0226
G1 X144.263 Y133.339 E.03908
G1 X143.525 Y132.949 E.02617
G1 X142.75 Y132.641 E.02615
G1 X141.944 Y132.418 E.02622
G1 X141.121 Y132.284 E.02614
G1 X140.298 Y132.24 E.02584
G1 X122.693 Y132.251 E.55199
G1 X121.458 Y132.418 E.03907
G1 X120.629 Y132.647 E.02697
G1 X119.849 Y132.959 E.02634
G1 X118.765 Y133.574 E.03908
G1 X118.101 Y134.081 E.02619
G1 X117.496 Y134.655 E.02615
G1 X116.956 Y135.292 E.02618
G1 X116.489 Y135.984 E.02618
G1 X116.099 Y136.722 E.02617
G1 X115.791 Y137.498 E.02618
G1 X115.568 Y138.303 E.02619
G1 X115.434 Y139.127 E.02618
G1 X115.39 Y139.949 E.02581
G1 X115.39 Y144.721 E.14962
G1 X115.422 Y144.827 E.00347
G1 X115.578 Y144.91 E.00554
G1 X116.774 Y144.916 E.0375
G1 X116.917 Y144.965 E.00474
G1 X116.99 Y145.175 E.00697
G1 X116.99 Y148.069 E.09074
G1 X116.933 Y148.299 E.00743
G1 X116.829 Y148.384 E.00421
G1 X115.578 Y148.39 E.03922
G1 X115.422 Y148.473 E.00554
G1 X115.39 Y148.579 E.00347
G1 X115.39 Y150.64 E.06462
G1 X112.61 Y150.64 E.08716
G1 X112.61 Y129.46 E.66408
G1 X129.661 Y129.46 E.53462
G1 X129.797 Y129.401 E.00465
G1 X129.849 Y129.271 E.00439
G1 X129.849 Y121.24 E.25181
G1 X129.84 Y121.226 E.00052
G1 E-3.5 F3600
;WIPE_START
G1 F7200
G1 X129.807 Y121.176 E-.02846
G1 X129.608 Y120.875 E-.1714
G1 X129.585 Y120.592 E-.13487
G1 X129.606 Y119.732 E-.40862
G1 X129.735 Y119.561 E-.10175
G1 X129.954 Y119.469 E-.11283
G1 X131.09 Y119.461 E-.53961
G1 X131.09 Y119.466 E-.00246
;WIPE_END
G1 X132.022 Y128.55 F9000
G1 E5 F2400
;TYPE:Internal infill
;WIDTH:0.44
G1 F3000
G1 X131.261 Y128.55 E.02513
G1 X130.939 Y128.442 E.01121
G1 X130.935 Y129.382 E.03104
G1 X130.855 Y129.714 E.01128
G1 X132.301 Y131.16 E.06752
G1 X131.095 Y131.161 E.03982
G1 X132.543 Y129.713 E.06761
G1 X132.81 Y130.154 E.01702
G1 X133.213 Y130.439 E.0163
G1 X133.726 Y130.55 E.01733
G1 X134.572 Y130.55 E.02793
G1 X133.21 Y131.159 F9000
G1 F3000
G1 X135.593 Y131.156 E.07868
G1 X136.183 Y130.55 E.02793
G1 X136.788 Y131.154 E.02823
G1 X140.091 Y131.15 E.10906
G1 X140.691 Y130.55 E.02802
G1 X141.341 Y131.215 E.0307
G1 X142.251 Y131.371 E.03048
G1 X143.047 Y131.592 E.02728
G1 X143.83 Y131.904 E.02783
G1 X145.184 Y130.55 E.06322
G1 X149.697 Y135.079 E.2111
G1 X149.697 Y135.021 E.00192
G1 X148.332 Y136.386 E.06374
G1 X148.615 Y137.08 E.02475
G1 X148.876 Y137.996 E.03145
G1 X149.024 Y138.898 E.03018
G1 X149.697 Y139.571 E.03142
G1 X149.697 Y139.513 E.00192
G1 X149.097 Y140.114 E.02804
G1 X149.097 Y143.464 E.11061
G1 X149.697 Y144.064 E.02802
G1 X149.697 Y144.006 E.00192
G1 X149.097 Y144.606 E.02802
G1 X149.078 Y144.949 E.01134
G1 X148.88 Y145.439 E.01745
G1 X148.408 Y145.858 E.02084
G1 X148.058 Y145.978 E.01222
G1 X147.703 Y146 E.01174
G1 X147.497 Y146.206 E.00962
G1 X147.497 Y146.356 E.00495
G1 X149.697 Y148.556 E.10273
G1 X149.697 Y148.498 E.00192
G1 X149.097 Y149.099 E.02804
G1 X149.097 Y149.55 E.01489
G1 X149.697 Y149.55 E.01981
G1 X149.697 Y148.755 E.02625
G1 E-3.5 F3600
;WIPE_START
G1 F7200
G1 X149.697 Y149.55 E-.37763
G1 X149.097 Y149.55 E-.285
G1 X149.097 Y149.099 E-.21423
G1 X149.697 Y148.498 E-.40339
G1 X149.697 Y148.556 E-.02755
G1 X149.411 Y148.27 E-.1922
;WIPE_END
G1 X144.606 Y132.294 F9000
G1 E5 F2400
G1 F3000
G1 X145.918 Y133.183 E.05233
G1 X146.498 Y133.728 E.02628
G1 X149.676 Y130.55 E.14839
G1 X147.294 Y130.55 E.07865
G1 E-3.5 F3600
;WIPE_START
G1 F7200
G1 X149.676 Y130.55 E-1.13145
G1 X149.127 Y131.099 E-.36855
;WIPE_END
G1 X116.104 Y130.55 F9000
G1 E5 F2400
G1 F3000
G1 X113.721 Y130.55 E.07868
G1 X116.895 Y133.724 E.14821
G1 X117.453 Y133.203 E.02521
G1 X118.111 Y132.703 E.02729
G1 X118.798 Y132.307 E.02618
G1 E-3.5 F3600
;WIPE_START
G1 F7200
G1 X118.111 Y132.703 E-.37666
G1 X117.453 Y133.203 E-.39255
G1 X116.895 Y133.724 E-.36262
G1 X116.347 Y133.176 E-.36817
;WIPE_END
G1 X130.196 Y131.162 F9000
G1 E5 F2400
G1 F3000
G1 X127.814 Y131.165 E.07865
G1 X127.199 Y130.55 E.02872
G1 X126.597 Y131.167 E.02846
G1 X123.327 Y131.171 E.10797
G1 X122.706 Y130.55 E.029
G1 X122.032 Y131.24 E.03185
G1 X121.259 Y131.345 E.02576
G1 X120.23 Y131.633 E.03528
G1 X119.568 Y131.905 E.02363
G1 X118.214 Y130.55 E.06325
G1 X113.7 Y135.079 E.21113
G1 X113.7 Y135.021 E.00192
G1 X115.061 Y136.382 E.06355
G1 X114.783 Y137.08 E.02481
G1 X114.521 Y137.996 E.03146
G1 X114.365 Y138.906 E.03048
G1 X113.7 Y139.571 E.03105
G1 X113.7 Y139.513 E.00192
G1 X114.302 Y140.115 E.02811
G1 X114.301 Y143.463 E.11054
G1 X113.7 Y144.064 E.02806
G1 X113.7 Y144.006 E.00192
G1 X114.3 Y144.606 E.02802
G1 X114.32 Y144.949 E.01134
G1 X114.517 Y145.439 E.01744
G1 X114.989 Y145.858 E.02084
G1 X115.339 Y145.978 E.01222
G1 X115.694 Y146 E.01174
G1 X115.9 Y146.206 E.00962
G1 X115.9 Y146.356 E.00495
G1 X113.7 Y148.556 E.10273
G1 X113.7 Y148.498 E.00192
G1 X114.3 Y149.099 E.02804
G1 X114.3 Y149.55 E.01489
G1 X113.7 Y149.55 E.01981
G1 X113.7 Y148.755 E.02625
;LAYER_CHANGE
;Z:3.6
;HEIGHT:0.2
;BEFORE_LAYER_CHANGE
G92 E0
;3.6


G1 E-3.5 F3600
;WIPE_START
G1 F7200
G1 X113.7 Y149.55 E-.37763
G1 X114.3 Y149.55 E-.285
G1 X114.3 Y149.099 E-.21423
G1 X113.7 Y148.498 E-.40339
G1 X113.7 Y148.556 E-.02755
G1 X113.986 Y148.27 E-.1922
;WIPE_END
G1 Z3.6 F9000
;AFTER_LAYER_CHANGE
;3.6
G1 X114.891 Y147.977
G1 E5 F2400
;TYPE:Perimeter
;WIDTH:0.439999
G1 X114.69 Y148.264 E.01157
G1 X114.606 Y148.659 E.01333
G1 X114.606 Y149.856 E.03952
G1 X113.394 Y149.856 E.04002
G1 X113.394 Y130.244 E.64753
G1 X129.585 Y130.244 E.53458
G1 X129.998 Y130.152 E.01397
G1 X130.308 Y129.922 E.01274
G1 X130.484 Y129.643 E.01089
G1 X130.558 Y129.271 E.01252
G1 X130.558 Y127.826 E.04771
G1 X130.695 Y128.05 E.00867
G1 X131.279 Y128.244 E.02032
G1 X132.121 Y128.244 E.0278
G1 X132.705 Y128.05 E.02032
G1 X132.842 Y127.827 E.00864
G1 X132.842 Y129.271 E.04768
G1 X132.915 Y129.643 E.01252
G1 X133.091 Y129.922 E.01089
G1 X133.401 Y130.152 E.01274
G1 X133.814 Y130.244 E.01397
G1 X150.003 Y130.244 E.53452
G1 X150.003 Y132.414 E.07165
G1 X150.003 Y149.856 E.57589
G1 X148.791 Y149.856 E.04002
G1 X148.791 Y148.659 E.03952
G1 X148.708 Y148.264 E.01333
G1 X148.495 Y147.96 E.01226
G1 X148.139 Y147.741 E.0138
G1 X147.824 Y147.687 E.01055
G1 X147.191 Y147.684 E.0209
G1 X147.191 Y145.616 E.06828
G1 X147.824 Y145.613 E.0209
G1 X148.139 Y145.559 E.01055
G1 X148.495 Y145.34 E.0138
G1 X148.708 Y145.035 E.01228
G1 X148.791 Y144.641 E.01329
G1 X148.791 Y139.949 E.15492
G1 X148.735 Y138.98 E.03205
G1 X148.58 Y138.073 E.03038
G1 X148.329 Y137.188 E.03037
G1 X147.983 Y136.336 E.03036
G1 X147.547 Y135.526 E.03037
G1 X147.026 Y134.768 E.03037
G1 X146.341 Y133.99 E.03423
G1 X145.734 Y133.428 E.02731
G1 X144.743 Y132.715 E.04031
G1 X143.816 Y132.22 E.0347
G1 X142.959 Y131.885 E.03038
G1 X142.071 Y131.644 E.03038
G1 X141.163 Y131.501 E.03035
G1 X140.298 Y131.456 E.0286
G1 X122.693 Y131.467 E.58127
G1 X121.352 Y131.641 E.04465
G1 X120.338 Y131.919 E.03471
G1 X119.463 Y132.277 E.03121
G1 X118.29 Y132.95 E.04465
G1 X117.562 Y133.511 E.03035
G1 X116.898 Y134.148 E.03038
G1 X116.307 Y134.852 E.03035
G1 X115.796 Y135.617 E.03037
G1 X115.37 Y136.432 E.03036
G1 X115.035 Y137.288 E.03035
G1 X114.795 Y138.176 E.03037
G1 X114.651 Y139.084 E.03035
G1 X114.606 Y139.949 E.0286
G1 X114.606 Y144.641 E.15492
G1 X114.69 Y145.036 E.01333
G1 X114.903 Y145.34 E.01226
G1 X115.258 Y145.559 E.01377
G1 X115.574 Y145.614 E.01059
G1 X116.206 Y145.617 E.02087
G1 X116.206 Y147.683 E.06821
G1 X115.574 Y147.686 E.02087
G1 X115.258 Y147.741 E.01059
G1 X114.936 Y147.939 E.01248
G1 E-3.5 F3600
;WIPE_START
G1 F7200
G1 X114.891 Y147.977 E-.02798
G1 X114.69 Y148.264 E-.16643
G1 X114.606 Y148.659 E-.19182
G1 X114.606 Y149.856 E-.56858
G1 X113.458 Y149.856 E-.54519
;WIPE_END
G1 X133.098 Y120.248 F9000
G1 E5 F2400
;WIDTH:0.448446
G1 F1500
G1 X133.097 Y120.581 E.01123
G1 E-3.5 F3600
;WIPE_START
G1 F7200
G1 X133.098 Y120.248 E-.15818
;WIPE_END
G1 E-1.34182 F3600
G1 X130.302 Y120.254 F9000
G1 E5 F2400
;WIDTH:0.4483
G1 F1500
G1 X130.303 Y120.581 E.01102
G1 X130.092 Y121.023 F9000
;WIDTH:0.476325
G1 F2400
G1 X130.01 Y120.853 E.0068
;WIDTH:0.439999
G1 X129.904 Y120.737 E.00519
G1 X129.898 Y119.943 E.02622
G1 X129.95 Y119.855 E.00337
G1 X130.703 Y119.851 E.02486
G1 X130.703 Y120.584 E.0242
;WIDTH:0.476325
G1 X130.685 Y120.913 E.01187
;WIDTH:0.51265
G1 X130.667 Y121.241 E.01283
G1 X130.667 Y127.271 E.23552
;WIDTH:0.519092
G1 X130.673 Y127.378 E.00424
G1 X130.803 Y127.555 E.0087
;WIDTH:0.479546
G1 X130.933 Y127.732 E.00797
;WIDTH:0.439999
G1 X131.279 Y127.847 E.01204
G1 X132.121 Y127.847 E.0278
G1 X132.467 Y127.732 E.01204
;WIDTH:0.479395
G1 X132.597 Y127.555 E.00797
;WIDTH:0.518791
G1 X132.727 Y127.378 E.00869
G1 X132.733 Y127.271 E.00424
;WIDTH:0.512703
G1 X132.733 Y121.241 E.23555
G1 X132.715 Y120.911 E.01291
;WIDTH:0.476351
G1 X132.697 Y120.581 E.01191
;WIDTH:0.439999
G1 X132.697 Y119.847 E.02423
G1 X133.451 Y119.853 E.0249
G1 X133.502 Y119.906 E.00243
G1 X133.496 Y120.712 E.02661
G1 X133.42 Y120.823 E.00444
;WIDTH:0.476351
G1 X133.312 Y121.032 E.00848
;WIDTH:0.512703
G1 X133.203 Y121.241 E.00921
G1 X133.203 Y127.271 E.23555
;WIDTH:0.518791
G1 X133.219 Y127.768 E.01968
;WIDTH:0.479395
G1 X133.239 Y128.118 E.01272
;WIDTH:0.439999
G1 X133.254 Y129.403 E.04243
G1 X133.386 Y129.656 E.00942
G1 X133.57 Y129.793 E.00757
G1 X133.814 Y129.847 E.00825
G1 X150.4 Y129.847 E.54762
G1 X150.4 Y132.414 E.08476
G1 X150.4 Y150.253 E.58899
G1 X148.394 Y150.253 E.06623
G1 X148.394 Y148.659 E.05263
G1 X148.345 Y148.426 E.00786
G1 X148.219 Y148.245 E.00728
G1 X148.062 Y148.138 E.00627
G1 X147.822 Y148.084 E.00812
G1 X146.794 Y148.079 E.03394
G1 X146.794 Y145.221 E.09436
G1 X147.948 Y145.202 E.03811
G1 X148.219 Y145.054 E.0102
G1 X148.345 Y144.874 E.00725
G1 X148.394 Y144.641 E.00786
G1 X148.394 Y139.949 E.15492
G1 X148.343 Y139.044 E.02993
G1 X148.198 Y138.179 E.02896
G1 X147.96 Y137.335 E.02895
G1 X147.632 Y136.522 E.02895
G1 X147.219 Y135.749 E.02894
G1 X146.724 Y135.026 E.02893
G1 X146.068 Y134.278 E.03285
G1 X145.503 Y133.75 E.02553
G1 X144.445 Y132.997 E.04288
G1 X143.669 Y132.589 E.02895
G1 X142.853 Y132.268 E.02895
G1 X142.007 Y132.036 E.02896
G1 X141.142 Y131.898 E.02892
G1 X140.298 Y131.853 E.02791
G1 X122.693 Y131.864 E.58127
G1 X121.405 Y132.034 E.0429
G1 X120.485 Y132.287 E.0315
G1 X119.659 Y132.622 E.02943
G1 X118.531 Y133.266 E.04289
G1 X117.835 Y133.8 E.02896
G1 X117.201 Y134.405 E.02893
G1 X116.636 Y135.075 E.02894
G1 X116.147 Y135.803 E.02896
G1 X115.739 Y136.579 E.02895
G1 X115.418 Y137.394 E.02892
G1 X115.186 Y138.24 E.02896
G1 X115.048 Y139.106 E.02895
G1 X115.003 Y139.949 E.02787
G1 X115.003 Y144.641 E.15492
G1 X115.053 Y144.875 E.0079
G1 X115.179 Y145.055 E.00725
G1 X115.335 Y145.162 E.00625
G1 X115.576 Y145.216 E.00815
G1 X116.603 Y145.221 E.03391
G1 X116.603 Y148.079 E.09436
G1 X115.45 Y148.098 E.03807
G1 X115.179 Y148.245 E.01018
G1 X115.053 Y148.425 E.00725
G1 X115.003 Y148.659 E.0079
G1 X115.003 Y150.253 E.05263
G1 X112.997 Y150.253 E.06623
G1 X112.997 Y129.847 E.67375
G1 X129.585 Y129.847 E.54769
G1 X129.829 Y129.793 E.00825
G1 X130.013 Y129.656 E.00757
G1 X130.117 Y129.491 E.00644
G1 X130.16 Y129.271 E.0074
G1 X130.16 Y128.118 E.03807
;WIDTH:0.476338
G1 X130.179 Y127.695 E.01526
;WIDTH:0.512676
G1 X130.197 Y127.271 E.01658
G1 X130.197 Y121.241 E.23553
G1 X130.118 Y121.077 E.00711
G1 X129.746 Y121.172 F9000
;TYPE:External perimeter
;WIDTH:0.419999
G1 F1500
G1 X129.724 Y121.114 E.00194
G1 X129.598 Y120.976 E.00586
G1 X129.518 Y120.821 E.00547
G1 X129.51 Y119.878 E.02957
G1 X129.614 Y119.608 E.00907
G1 X129.867 Y119.469 E.00905
G1 X131.09 Y119.461 E.03835
G1 X131.09 Y127.271 E.24488
G1 X131.165 Y127.422 E.00529
G1 X131.279 Y127.46 E.00377
G1 X132.121 Y127.46 E.0264
G1 X132.235 Y127.422 E.00377
G1 X132.31 Y127.271 E.00529
G1 X132.31 Y119.46 E.24491
G1 X133.409 Y119.46 E.03446
G1 X133.666 Y119.516 E.00825
G1 X133.862 Y119.729 E.00908
G1 X133.89 Y119.87 E.00451
G1 X133.884 Y120.649 E.02443
G1 X133.843 Y120.903 E.00807
G1 X133.627 Y121.241 E.01258
G1 X133.626 Y129.271 E.25177
G1 X133.674 Y129.397 E.00423
G1 X133.814 Y129.46 E.00481
G1 X150.787 Y129.46 E.53218
G1 X150.787 Y132.414 E.09262
G1 X150.787 Y150.64 E.57146
G1 X148.007 Y150.64 E.08716
G1 X148.007 Y148.659 E.06211
G1 X147.95 Y148.524 E.00459
G1 X147.82 Y148.471 E.0044
G1 X146.678 Y148.465 E.03581
G1 X146.484 Y148.42 E.00624
G1 X146.407 Y148.212 E.00695
G1 X146.407 Y145.129 E.09667
G1 X146.462 Y144.916 E.0069
G1 X146.567 Y144.835 E.00416
G1 X147.82 Y144.829 E.03929
G1 X147.95 Y144.776 E.0044
G1 X148.007 Y144.641 E.00459
G1 X148.007 Y139.949 E.14711
G1 X147.961 Y139.106 E.02647
G1 X147.825 Y138.283 E.02615
G1 X147.6 Y137.479 E.02618
G1 X147.29 Y136.703 E.0262
G1 X146.898 Y135.966 E.02617
G1 X146.429 Y135.276 E.02616
G1 X145.801 Y134.559 E.02988
G1 X145.277 Y134.064 E.0226
G1 X144.263 Y133.339 E.03908
G1 X143.525 Y132.949 E.02617
G1 X142.75 Y132.641 E.02615
G1 X141.944 Y132.418 E.02622
G1 X141.121 Y132.284 E.02614
G1 X140.298 Y132.24 E.02584
G1 X122.693 Y132.251 E.55199
G1 X121.458 Y132.418 E.03907
G1 X120.629 Y132.647 E.02697
G1 X119.849 Y132.959 E.02634
G1 X118.765 Y133.574 E.03908
G1 X118.101 Y134.081 E.02619
G1 X117.496 Y134.655 E.02615
G1 X116.956 Y135.292 E.02618
G1 X116.489 Y135.984 E.02618
G1 X116.099 Y136.722 E.02617
G1 X115.791 Y137.498 E.02618
G1 X115.568 Y138.303 E.02619
G1 X115.434 Y139.127 E.02618
G1 X115.39 Y139.949 E.02581
G1 X115.39 Y144.641 E.14711
G1 X115.448 Y144.776 E.00461
G1 X115.578 Y144.829 E.0044
G1 X116.74 Y144.835 E.03643
G1 X116.913 Y144.88 E.0056
G1 X116.99 Y145.066 E.00631
G1 X116.99 Y148.171 E.09735
G1 X116.935 Y148.384 E.0069
G1 X116.83 Y148.465 E.00416
G1 X115.578 Y148.471 E.03926
G1 X115.448 Y148.524 E.0044
G1 X115.39 Y148.659 E.00461
G1 X115.39 Y150.64 E.06211
G1 X112.61 Y150.64 E.08716
G1 X112.61 Y129.46 E.66408
G1 X129.585 Y129.46 E.53224
G1 X129.725 Y129.397 E.00481
G1 X129.773 Y129.271 E.00423
G1 X129.773 Y121.241 E.25177
G1 X129.768 Y121.228 E.00044
G1 E-3.5 F3600
;WIPE_START
G1 F7200
G1 X129.746 Y121.172 E-.02858
G1 X129.724 Y121.114 E-.02947
G1 X129.598 Y120.976 E-.08876
G1 X129.518 Y120.821 E-.08285
G1 X129.51 Y119.878 E-.44794
G1 X129.614 Y119.608 E-.13744
G1 X129.867 Y119.469 E-.13712
G1 X131.02 Y119.462 E-.54784
;WIPE_END
G1 X131.976 Y128.55 F9000
G1 E5 F2400
;TYPE:Internal infill
;WIDTH:0.44
G1 F3000
G1 X131.261 Y128.55 E.02361
G1 X130.863 Y128.417 E.01386
G1 X130.861 Y129.344 E.03061
G1 X130.799 Y129.658 E.01057
G1 X132.301 Y131.16 E.07013
G1 X131.095 Y131.161 E.03982
G1 X132.599 Y129.657 E.07023
G1 X132.863 Y130.128 E.01783
G1 X133.271 Y130.431 E.01678
G1 X133.803 Y130.55 E.018
G1 X134.589 Y130.55 E.02595
G1 X133.21 Y131.159 F9000
G1 F3000
G1 X135.593 Y131.156 E.07868
G1 X136.183 Y130.55 E.02793
G1 X136.788 Y131.154 E.02823
G1 X140.091 Y131.15 E.10906
G1 X140.691 Y130.55 E.02802
G1 X141.341 Y131.215 E.0307
G1 X142.251 Y131.371 E.03048
G1 X143.047 Y131.592 E.02728
G1 X143.83 Y131.904 E.02783
G1 X145.184 Y130.55 E.06322
G1 X149.697 Y135.079 E.2111
G1 X149.697 Y135.021 E.00192
G1 X148.332 Y136.386 E.06374
G1 X148.615 Y137.08 E.02475
G1 X148.876 Y137.996 E.03145
G1 X149.024 Y138.898 E.03018
G1 X149.697 Y139.571 E.03142
G1 X149.697 Y139.513 E.00192
G1 X149.097 Y140.114 E.02804
G1 X149.097 Y143.464 E.11061
G1 X149.697 Y144.064 E.02802
G1 X149.697 Y144.006 E.00192
G1 X149.097 Y144.606 E.02802
G1 X148.987 Y145.164 E.01878
G1 X148.709 Y145.56 E.01598
G1 X148.363 Y145.798 E.01387
G1 X147.784 Y145.919 E.01953
G1 X147.497 Y146.206 E.0134
G1 X147.497 Y146.356 E.00495
G1 X149.697 Y148.556 E.10273
G1 X149.697 Y148.498 E.00192
G1 X149.097 Y149.099 E.02804
G1 X149.097 Y149.55 E.01489
G1 X149.697 Y149.55 E.01981
G1 X149.697 Y148.755 E.02625
G1 E-3.5 F3600
;WIPE_START
G1 F7200
G1 X149.697 Y149.55 E-.37763
G1 X149.097 Y149.55 E-.285
G1 X149.097 Y149.099 E-.21423
G1 X149.697 Y148.498 E-.40339
G1 X149.697 Y148.556 E-.02755
G1 X149.411 Y148.27 E-.1922
;WIPE_END
G1 X144.606 Y132.294 F9000
G1 E5 F2400
G1 F3000
G1 X145.918 Y133.183 E.05233
G1 X146.498 Y133.728 E.02628
G1 X149.676 Y130.55 E.14839
G1 X147.294 Y130.55 E.07865
G1 E-3.5 F3600
;WIPE_START
G1 F7200
G1 X149.676 Y130.55 E-1.13145
G1 X149.127 Y131.099 E-.36855
;WIPE_END
G1 X116.104 Y130.55 F9000
G1 E5 F2400
G1 F3000
G1 X113.721 Y130.55 E.07868
G1 X116.895 Y133.724 E.14821
G1 X117.453 Y133.203 E.02521
G1 X118.111 Y132.703 E.02729
G1 X118.798 Y132.307 E.02618
G1 E-3.5 F3600
;WIPE_START
G1 F7200
G1 X118.111 Y132.703 E-.37666
G1 X117.453 Y133.203 E-.39255
G1 X116.895 Y133.724 E-.36262
G1 X116.347 Y133.176 E-.36817
;WIPE_END
G1 X130.196 Y131.162 F9000
G1 E5 F2400
G1 F3000
G1 X127.814 Y131.165 E.07865
G1 X127.199 Y130.55 E.02872
G1 X126.597 Y131.167 E.02846
G1 X123.327 Y131.171 E.10797
G1 X122.706 Y130.55 E.029
G1 X122.032 Y131.24 E.03185
G1 X121.259 Y131.345 E.02576
G1 X120.23 Y131.633 E.03528
G1 X119.568 Y131.905 E.02363
G1 X118.214 Y130.55 E.06325
G1 X113.7 Y135.079 E.21113
G1 X113.7 Y135.021 E.00192
G1 X115.061 Y136.382 E.06355
G1 X114.783 Y137.08 E.02481
G1 X114.521 Y137.996 E.03146
G1 X114.365 Y138.906 E.03048
G1 X113.7 Y139.571 E.03105
G1 X113.7 Y139.513 E.00192
G1 X114.302 Y140.115 E.02811
G1 X114.301 Y143.463 E.11054
G1 X113.7 Y144.064 E.02806
G1 X113.7 Y144.006 E.00192
G1 X114.3 Y144.606 E.02802
G1 X114.411 Y145.164 E.01878
G1 X114.688 Y145.56 E.01596
G1 X115.034 Y145.798 E.01387
G1 X115.613 Y145.919 E.01953
G1 X115.9 Y146.206 E.0134
G1 X115.9 Y146.356 E.00495
G1 X113.7 Y148.556 E.10273
G1 X113.7 Y148.498 E.00192
G1 X114.3 Y149.099 E.02804
G1 X114.3 Y149.55 E.01489
G1 X113.7 Y149.55 E.01981
G1 X113.7 Y148.755 E.02625
;LAYER_CHANGE
;Z:3.8
;HEIGHT:0.2
;BEFORE_LAYER_CHANGE
G92 E0
;3.8


G1 E-3.5 F3600
;WIPE_START
G1 F7200
G1 X113.7 Y149.55 E-.37763
G1 X114.3 Y149.55 E-.285
G1 X114.3 Y149.099 E-.21423
G1 X113.7 Y148.498 E-.40339
G1 X113.7 Y148.556 E-.02755
G1 X113.986 Y148.27 E-.1922
;WIPE_END
G1 Z3.8 F9000
;AFTER_LAYER_CHANGE
;3.8
G1 X114.894 Y148.037
G1 E5 F2400
;TYPE:Perimeter
;WIDTH:0.439999
G1 X114.694 Y148.312 E.01123
G1 X114.606 Y148.717 E.01368
G1 X114.606 Y149.856 E.03761
G1 X113.394 Y149.856 E.04002
G1 X113.394 Y130.244 E.64753
G1 X129.53 Y130.244 E.53277
G1 X129.953 Y130.147 E.01433
G1 X130.266 Y129.907 E.01302
G1 X130.437 Y129.621 E.011
G1 X130.503 Y129.271 E.01176
G1 X130.503 Y127.736 E.05068
G1 X130.695 Y128.05 E.01215
G1 X131.279 Y128.244 E.02032
G1 X132.121 Y128.244 E.0278
G1 X132.705 Y128.05 E.02032
G1 X132.897 Y127.736 E.01215
G1 X132.923 Y129.493 E.05802
G1 X133.134 Y129.907 E.01534
G1 X133.447 Y130.147 E.01302
G1 X133.87 Y130.244 E.01433
G1 X150.003 Y130.244 E.53267
G1 X150.003 Y132.414 E.07165
G1 X150.003 Y149.856 E.57589
G1 X148.791 Y149.856 E.04002
G1 X148.791 Y148.718 E.03757
G1 X148.703 Y148.313 E.01368
G1 X148.48 Y148.005 E.01255
G1 X148.207 Y147.826 E.01078
G1 X147.824 Y147.745 E.01293
G1 X147.191 Y147.742 E.0209
G1 X147.191 Y145.558 E.07211
G1 X147.824 Y145.555 E.0209
G1 X148.207 Y145.474 E.01293
G1 X148.48 Y145.295 E.01078
G1 X148.703 Y144.987 E.01255
G1 X148.791 Y144.582 E.01368
G1 X148.791 Y139.949 E.15297
G1 X148.735 Y138.98 E.03205
G1 X148.58 Y138.073 E.03038
G1 X148.329 Y137.188 E.03037
G1 X147.983 Y136.336 E.03036
G1 X147.547 Y135.526 E.03037
G1 X147.026 Y134.768 E.03037
G1 X146.341 Y133.99 E.03423
G1 X145.734 Y133.428 E.02731
G1 X144.743 Y132.715 E.04031
G1 X143.816 Y132.22 E.0347
G1 X142.959 Y131.885 E.03038
G1 X142.071 Y131.644 E.03038
G1 X141.163 Y131.501 E.03035
G1 X140.298 Y131.456 E.0286
G1 X122.693 Y131.467 E.58127
G1 X121.352 Y131.641 E.04465
G1 X120.338 Y131.919 E.03471
G1 X119.463 Y132.277 E.03121
G1 X118.29 Y132.95 E.04465
G1 X117.562 Y133.511 E.03035
G1 X116.898 Y134.148 E.03038
G1 X116.307 Y134.852 E.03035
G1 X115.796 Y135.617 E.03037
G1 X115.37 Y136.432 E.03036
G1 X115.035 Y137.288 E.03035
G1 X114.795 Y138.176 E.03037
G1 X114.651 Y139.084 E.03035
G1 X114.606 Y139.949 E.0286
G1 X114.606 Y144.583 E.153
G1 X114.694 Y144.988 E.01368
G1 X114.917 Y145.296 E.01255
G1 X115.19 Y145.474 E.01076
G1 X115.574 Y145.555 E.01296
G1 X116.206 Y145.558 E.02087
G1 X116.206 Y147.742 E.07211
G1 X115.574 Y147.745 E.02087
G1 X115.19 Y147.826 E.01296
G1 X114.934 Y147.993 E.01009
G1 E-3.5 F3600
;WIPE_START
G1 F7200
G1 X114.894 Y148.037 E-.02825
G1 X114.694 Y148.312 E-.16152
G1 X114.606 Y148.717 E-.19686
G1 X114.606 Y149.856 E-.54102
G1 X113.401 Y149.856 E-.57235
;WIPE_END
G1 X133.122 Y120.272 F9000
G1 E5 F2400
;WIDTH:0.49666
G1 F1500
G1 X133.121 Y120.578 E.01155
G1 E-3.5 F3600
;WIPE_START
G1 F7200
G1 X133.122 Y120.272 E-.14535
;WIPE_END
G1 E-1.35465 F3600
G1 X130.278 Y120.278 F9000
G1 E5 F2400
;WIDTH:0.496552
G1 F1500
G1 X130.279 Y120.578 E.01132
G1 X130.044 Y121.023 F9000
;WIDTH:0.506761
G1 F2400
G1 X130.026 Y120.987 E.00155
;WIDTH:0.47338
G1 X129.961 Y120.86 E.00511
;WIDTH:0.439999
G1 X129.856 Y120.737 E.00534
G1 X129.85 Y119.939 E.02635
G1 X129.89 Y119.855 E.00307
G1 X130.703 Y119.851 E.02684
G1 X130.703 Y120.578 E.024
;WIDTH:0.47338
G1 X130.686 Y120.799 E.00793
;WIDTH:0.506761
G1 X130.67 Y121.02 E.00855
;WIDTH:0.540141
G1 X130.653 Y121.241 E.00916
G1 X130.653 Y127.271 E.2493
;WIDTH:0.546795
G1 X130.659 Y127.38 E.00457
G1 X130.75 Y127.497 E.00621
;WIDTH:0.511197
G1 X130.842 Y127.615 E.00583
;WIDTH:0.475598
G1 X130.933 Y127.732 E.00533
;WIDTH:0.439999
G1 X131.279 Y127.847 E.01204
G1 X132.121 Y127.847 E.0278
G1 X132.467 Y127.732 E.01204
;WIDTH:0.475608
G1 X132.558 Y127.615 E.00533
;WIDTH:0.511217
G1 X132.65 Y127.497 E.00583
;WIDTH:0.546826
G1 X132.741 Y127.38 E.00621
G1 X132.747 Y127.271 E.00457
;WIDTH:0.540202
G1 X132.747 Y121.241 E.24934
G1 X132.73 Y121.02 E.00917
;WIDTH:0.506793
G1 X132.714 Y120.799 E.00855
;WIDTH:0.473396
G1 X132.697 Y120.578 E.00793
;WIDTH:0.439999
G1 X132.697 Y119.847 E.02414
G1 X133.488 Y119.848 E.02612
G1 X133.551 Y119.903 E.00276
G1 X133.545 Y120.714 E.02678
G1 X133.47 Y120.827 E.00448
;WIDTH:0.473396
G1 X133.395 Y120.965 E.00562
;WIDTH:0.506793
G1 X133.32 Y121.103 E.00606
;WIDTH:0.540189
G1 X133.244 Y121.241 E.00651
G1 X133.244 Y127.271 E.24933
;WIDTH:0.546826
G1 X133.259 Y127.664 E.01648
;WIDTH:0.511217
G1 X133.277 Y127.905 E.00941
;WIDTH:0.475608
G1 X133.295 Y128.146 E.00869
;WIDTH:0.439999
G1 X133.31 Y129.402 E.04147
G1 X133.435 Y129.648 E.00911
G1 X133.62 Y129.79 E.0077
G1 X133.87 Y129.847 E.00847
G1 X150.4 Y129.847 E.54578
G1 X150.4 Y132.414 E.08476
G1 X150.4 Y150.253 E.58899
G1 X148.394 Y150.253 E.06623
G1 X148.394 Y148.718 E.05068
G1 X148.342 Y148.478 E.00811
G1 X148.21 Y148.296 E.00742
G1 X148.049 Y148.19 E.00636
G1 X147.822 Y148.142 E.00766
G1 X146.794 Y148.137 E.03394
G1 X146.794 Y145.163 E.09819
G1 X147.822 Y145.158 E.03394
G1 X147.963 Y145.139 E.0047
G1 X148.21 Y145.004 E.00929
G1 X148.342 Y144.822 E.00742
G1 X148.394 Y144.582 E.00811
G1 X148.394 Y139.949 E.15297
G1 X148.343 Y139.044 E.02993
G1 X148.198 Y138.179 E.02896
G1 X147.96 Y137.335 E.02895
G1 X147.632 Y136.522 E.02895
G1 X147.219 Y135.749 E.02894
G1 X146.724 Y135.026 E.02893
G1 X146.068 Y134.278 E.03285
G1 X145.503 Y133.75 E.02553
G1 X144.445 Y132.997 E.04288
G1 X143.669 Y132.589 E.02895
G1 X142.853 Y132.268 E.02895
G1 X142.007 Y132.036 E.02896
G1 X141.142 Y131.898 E.02892
G1 X140.298 Y131.853 E.02791
G1 X122.693 Y131.864 E.58127
G1 X121.405 Y132.034 E.0429
G1 X120.485 Y132.287 E.0315
G1 X119.659 Y132.622 E.02943
G1 X118.531 Y133.266 E.04289
G1 X117.835 Y133.8 E.02896
G1 X117.201 Y134.405 E.02893
G1 X116.636 Y135.075 E.02894
G1 X116.147 Y135.803 E.02896
G1 X115.739 Y136.579 E.02895
G1 X115.418 Y137.394 E.02892
G1 X115.186 Y138.24 E.02896
G1 X115.048 Y139.106 E.02895
G1 X115.003 Y139.949 E.02787
G1 X115.003 Y144.583 E.153
G1 X115.055 Y144.823 E.00811
G1 X115.187 Y145.005 E.00742
G1 X115.348 Y145.11 E.00635
G1 X115.576 Y145.158 E.00769
G1 X116.603 Y145.163 E.03391
G1 X116.603 Y148.137 E.09819
G1 X115.576 Y148.142 E.03391
G1 X115.434 Y148.16 E.00473
G1 X115.187 Y148.295 E.00929
G1 X115.055 Y148.477 E.00742
G1 X115.003 Y148.717 E.00811
G1 X115.003 Y150.253 E.05071
G1 X112.997 Y150.253 E.06623
G1 X112.997 Y129.847 E.67375
G1 X129.53 Y129.847 E.54587
G1 X129.78 Y129.79 E.00847
G1 X129.965 Y129.648 E.0077
G1 X130.067 Y129.478 E.00655
G1 X130.105 Y129.271 E.00695
G1 X130.105 Y128.146 E.03714
;WIDTH:0.47339
G1 X130.122 Y127.854 E.01047
;WIDTH:0.50678
G1 X130.139 Y127.563 E.01124
;WIDTH:0.54017
G1 X130.156 Y127.271 E.01209
G1 X130.156 Y121.241 E.24932
G1 X130.091 Y121.114 E.0059
;WIDTH:0.506761
G1 X130.071 Y121.076 E.00166
G1 X129.681 Y121.177 F9000
;TYPE:External perimeter
;WIDTH:0.419999
G1 F1500
G1 X129.469 Y120.816 E.01313
G1 X129.462 Y119.877 E.02944
G1 X129.563 Y119.607 E.00904
G1 X129.805 Y119.469 E.00873
G1 X131.09 Y119.461 E.04029
G1 X131.09 Y127.271 E.24488
G1 X131.165 Y127.422 E.00529
G1 X131.279 Y127.46 E.00377
G1 X132.121 Y127.46 E.0264
G1 X132.235 Y127.422 E.00377
G1 X132.31 Y127.271 E.00529
G1 X132.31 Y119.46 E.24491
G1 X133.476 Y119.46 E.03656
G1 X133.723 Y119.515 E.00793
G1 X133.912 Y119.727 E.00891
G1 X133.938 Y119.869 E.00453
G1 X133.932 Y120.655 E.02465
G1 X133.893 Y120.904 E.0079
G1 X133.682 Y121.241 E.01247
G1 X133.682 Y129.271 E.25177
G1 X133.728 Y129.395 E.00415
G1 X133.87 Y129.46 E.0049
G1 X150.787 Y129.46 E.53042
G1 X150.787 Y132.414 E.09262
G1 X150.787 Y150.64 E.57146
G1 X148.007 Y150.64 E.08716
G1 X148.007 Y148.718 E.06026
G1 X147.947 Y148.58 E.00472
G1 X147.82 Y148.529 E.00429
G1 X146.649 Y148.524 E.03672
G1 X146.46 Y148.446 E.00641
G1 X146.407 Y148.268 E.00582
G1 X146.407 Y145.052 E.10084
G1 X146.457 Y144.856 E.00634
G1 X146.586 Y144.777 E.00474
G1 X147.82 Y144.771 E.03869
G1 X147.947 Y144.72 E.00429
G1 X148.007 Y144.582 E.00472
G1 X148.007 Y139.949 E.14526
G1 X147.961 Y139.106 E.02647
G1 X147.825 Y138.283 E.02615
G1 X147.6 Y137.479 E.02618
G1 X147.29 Y136.703 E.0262
G1 X146.898 Y135.966 E.02617
G1 X146.429 Y135.276 E.02616
G1 X145.801 Y134.559 E.02988
G1 X145.277 Y134.064 E.0226
G1 X144.263 Y133.339 E.03908
G1 X143.525 Y132.949 E.02617
G1 X142.75 Y132.641 E.02615
G1 X141.944 Y132.418 E.02622
G1 X141.121 Y132.284 E.02614
G1 X140.298 Y132.24 E.02584
G1 X122.693 Y132.251 E.55199
G1 X121.458 Y132.418 E.03907
G1 X120.629 Y132.647 E.02697
G1 X119.849 Y132.959 E.02634
G1 X118.765 Y133.574 E.03908
G1 X118.101 Y134.081 E.02619
G1 X117.496 Y134.655 E.02615
G1 X116.956 Y135.292 E.02618
G1 X116.489 Y135.984 E.02618
G1 X116.099 Y136.722 E.02617
G1 X115.791 Y137.498 E.02618
G1 X115.568 Y138.303 E.02619
G1 X115.434 Y139.127 E.02618
G1 X115.39 Y139.949 E.02581
G1 X115.39 Y144.583 E.1453
G1 X115.45 Y144.721 E.00472
G1 X115.578 Y144.771 E.00431
G1 X116.745 Y144.776 E.03659
G1 X116.94 Y144.856 E.00661
G1 X116.99 Y145.008 E.00502
G1 X116.99 Y148.248 E.10159
G1 X116.94 Y148.444 E.00634
G1 X116.811 Y148.523 E.00474
G1 X115.578 Y148.529 E.03866
G1 X115.45 Y148.579 E.00431
G1 X115.39 Y148.717 E.00472
G1 X115.39 Y150.64 E.06029
G1 X112.61 Y150.64 E.08716
G1 X112.61 Y129.46 E.66408
G1 X129.53 Y129.46 E.53051
G1 X129.673 Y129.395 E.00493
G1 X129.718 Y129.271 E.00414
G1 X129.718 Y121.241 E.25177
G1 X129.711 Y121.228 E.00046
G1 E-3.5 F3600
;WIPE_START
G1 F7200
G1 X129.681 Y121.177 E-.02811
G1 X129.469 Y120.816 E-.19886
G1 X129.462 Y119.877 E-.44604
G1 X129.563 Y119.607 E-.13693
G1 X129.805 Y119.469 E-.13233
G1 X130.979 Y119.462 E-.55773
;WIPE_END
G1 X131.948 Y128.55 F9000
G1 E5 F2400
;TYPE:Internal infill
;WIDTH:0.44
G1 F3000
G1 X131.261 Y128.55 E.02268
G1 X130.808 Y128.399 E.01577
G1 X130.804 Y129.379 E.03236
G1 X130.752 Y129.61 E.00782
G1 X132.301 Y131.16 E.07235
G1 X131.095 Y131.161 E.03982
G1 X132.641 Y129.615 E.07219
G1 X132.903 Y130.11 E.01849
G1 X133.314 Y130.425 E.0171
G1 X133.858 Y130.55 E.01843
G1 X134.601 Y130.55 E.02453
G1 X133.21 Y131.159 F9000
G1 F3000
G1 X135.593 Y131.156 E.07868
G1 X136.183 Y130.55 E.02793
G1 X136.788 Y131.154 E.02823
G1 X140.091 Y131.15 E.10906
G1 X140.691 Y130.55 E.02802
G1 X141.341 Y131.215 E.0307
G1 X142.251 Y131.371 E.03048
G1 X143.047 Y131.592 E.02728
G1 X143.83 Y131.904 E.02783
G1 X145.184 Y130.55 E.06322
G1 X149.697 Y135.079 E.2111
G1 X149.697 Y135.021 E.00192
G1 X148.332 Y136.386 E.06374
G1 X148.615 Y137.08 E.02475
G1 X148.876 Y137.996 E.03145
G1 X149.024 Y138.898 E.03018
G1 X149.697 Y139.571 E.03142
G1 X149.697 Y139.513 E.00192
G1 X149.097 Y140.114 E.02804
G1 X149.097 Y143.464 E.11061
G1 X149.697 Y144.064 E.02802
G1 X149.697 Y144.006 E.00192
G1 X149.095 Y144.608 E.02811
G1 X148.981 Y145.119 E.01729
G1 X148.69 Y145.52 E.01636
G1 X148.334 Y145.753 E.01405
G1 X147.845 Y145.859 E.01652
G1 X147.497 Y146.206 E.01623
G1 X147.497 Y146.356 E.00495
G1 X149.697 Y148.556 E.10273
G1 X149.697 Y148.498 E.00192
G1 X149.097 Y149.099 E.02804
G1 X149.097 Y149.55 E.01489
G1 X149.697 Y149.55 E.01981
G1 X149.697 Y148.755 E.02625
G1 E-3.5 F3600
;WIPE_START
G1 F7200
G1 X149.697 Y149.55 E-.37763
G1 X149.097 Y149.55 E-.285
G1 X149.097 Y149.099 E-.21423
G1 X149.697 Y148.498 E-.40339
G1 X149.697 Y148.556 E-.02755
G1 X149.411 Y148.27 E-.1922
;WIPE_END
G1 X144.606 Y132.294 F9000
G1 E5 F2400
G1 F3000
G1 X145.918 Y133.183 E.05233
G1 X146.498 Y133.728 E.02628
G1 X149.676 Y130.55 E.14839
G1 X147.294 Y130.55 E.07865
G1 E-3.5 F3600
;WIPE_START
G1 F7200
G1 X149.676 Y130.55 E-1.13145
G1 X149.127 Y131.099 E-.36855
;WIPE_END
G1 X116.104 Y130.55 F9000
G1 E5 F2400
G1 F3000
G1 X113.721 Y130.55 E.07868
G1 X116.895 Y133.724 E.14821
G1 X117.453 Y133.203 E.02521
G1 X118.111 Y132.703 E.02729
G1 X118.798 Y132.307 E.02618
G1 E-3.5 F3600
;WIPE_START
G1 F7200
G1 X118.111 Y132.703 E-.37666
G1 X117.453 Y133.203 E-.39255
G1 X116.895 Y133.724 E-.36262
G1 X116.347 Y133.176 E-.36817
;WIPE_END
G1 X130.196 Y131.162 F9000
G1 E5 F2400
G1 F3000
G1 X127.814 Y131.165 E.07865
G1 X127.199 Y130.55 E.02872
G1 X126.597 Y131.167 E.02846
G1 X123.327 Y131.171 E.10797
G1 X122.706 Y130.55 E.029
G1 X122.032 Y131.24 E.03185
G1 X121.259 Y131.345 E.02576
G1 X120.23 Y131.633 E.03528
G1 X119.568 Y131.905 E.02363
G1 X118.214 Y130.55 E.06325
G1 X113.7 Y135.079 E.21113
G1 X113.7 Y135.021 E.00192
G1 X115.061 Y136.382 E.06355
G1 X114.783 Y137.08 E.02481
G1 X114.521 Y137.996 E.03146
G1 X114.365 Y138.906 E.03048
G1 X113.7 Y139.571 E.03105
G1 X113.7 Y139.513 E.00192
G1 X114.302 Y140.115 E.02811
G1 X114.301 Y143.463 E.11054
G1 X113.7 Y144.064 E.02806
G1 X113.7 Y144.006 E.00192
G1 X114.302 Y144.608 E.02811
G1 X114.417 Y145.119 E.01729
G1 X114.707 Y145.521 E.01637
G1 X115.063 Y145.753 E.01403
G1 X115.554 Y145.86 E.01659
G1 X115.9 Y146.206 E.01616
G1 X115.9 Y146.356 E.00495
G1 X113.7 Y148.556 E.10273
G1 X113.7 Y148.498 E.00192
G1 X114.3 Y149.099 E.02804
G1 X114.3 Y149.55 E.01489
G1 X113.7 Y149.55 E.01981
G1 X113.7 Y148.755 E.02625
;LAYER_CHANGE
;Z:4
;HEIGHT:0.2
;BEFORE_LAYER_CHANGE
G92 E0
;4


G1 E-3.5 F3600
;WIPE_START
G1 F7200
G1 X113.7 Y149.55 E-.37763
G1 X114.3 Y149.55 E-.285
G1 X114.3 Y149.099 E-.21423
G1 X113.7 Y148.498 E-.40339
G1 X113.7 Y148.556 E-.02755
G1 X113.986 Y148.27 E-.1922
;WIPE_END
G1 Z4 F9000
;AFTER_LAYER_CHANGE
;4
G1 X114.895 Y148.076
G1 E5 F2400
;TYPE:Perimeter
;WIDTH:0.439999
G1 X114.697 Y148.343 E.01098
G1 X114.606 Y148.755 E.01393
G1 X114.606 Y149.856 E.03635
G1 X113.394 Y149.856 E.04002
G1 X113.394 Y130.244 E.64753
G1 X129.494 Y130.244 E.53158
G1 X129.923 Y130.144 E.01454
G1 X130.238 Y129.898 E.0132
G1 X130.407 Y129.607 E.01111
G1 X130.467 Y129.271 E.01127
G1 X130.467 Y127.678 E.0526
G1 X130.695 Y128.05 E.01441
G1 X131.279 Y128.244 E.02032
G1 X132.121 Y128.244 E.0278
G1 X132.705 Y128.05 E.02032
G1 X132.934 Y127.676 E.01448
G1 X132.96 Y129.492 E.05997
G1 X133.163 Y129.898 E.01499
G1 X133.478 Y130.144 E.0132
G1 X133.907 Y130.244 E.01454
G1 X150.003 Y130.244 E.53145
G1 X150.003 Y132.414 E.07165
G1 X150.003 Y149.856 E.57589
G1 X148.791 Y149.856 E.04002
G1 X148.791 Y148.756 E.03632
G1 X148.7 Y148.344 E.01393
G1 X148.47 Y148.034 E.01274
G1 X148.192 Y147.858 E.01086
G1 X147.823 Y147.784 E.01243
G1 X147.197 Y147.781 E.02067
G1 X147.191 Y145.519 E.07469
G1 X148.08 Y145.481 E.02938
G1 X148.47 Y145.266 E.0147
G1 X148.7 Y144.956 E.01274
G1 X148.791 Y144.544 E.01393
G1 X148.791 Y139.949 E.15171
G1 X148.735 Y138.98 E.03205
G1 X148.58 Y138.073 E.03038
G1 X148.329 Y137.188 E.03037
G1 X147.983 Y136.336 E.03036
G1 X147.547 Y135.526 E.03037
G1 X147.026 Y134.768 E.03037
G1 X146.341 Y133.99 E.03423
G1 X145.734 Y133.428 E.02731
G1 X144.743 Y132.715 E.04031
G1 X143.816 Y132.22 E.0347
G1 X142.959 Y131.885 E.03038
G1 X142.071 Y131.644 E.03038
G1 X141.163 Y131.501 E.03035
G1 X140.298 Y131.456 E.0286
G1 X122.693 Y131.467 E.58127
G1 X121.352 Y131.641 E.04465
G1 X120.338 Y131.919 E.03471
G1 X119.463 Y132.277 E.03121
G1 X118.29 Y132.95 E.04465
G1 X117.562 Y133.511 E.03035
G1 X116.898 Y134.148 E.03038
G1 X116.307 Y134.852 E.03035
G1 X115.796 Y135.617 E.03037
G1 X115.37 Y136.432 E.03036
G1 X115.035 Y137.288 E.03035
G1 X114.795 Y138.176 E.03037
G1 X114.651 Y139.084 E.03035
G1 X114.606 Y139.949 E.0286
G1 X114.606 Y144.545 E.15175
G1 X114.697 Y144.957 E.01393
G1 X114.927 Y145.267 E.01274
G1 X115.205 Y145.443 E.01086
G1 X115.575 Y145.518 E.01246
G1 X116.206 Y145.52 E.02083
G1 X116.206 Y147.78 E.07462
G1 X115.318 Y147.818 E.02935
G1 X114.932 Y148.03 E.01454
G1 E-3.5 F3600
;WIPE_START
G1 F7200
G1 X114.895 Y148.076 E-.02804
G1 X114.697 Y148.343 E-.15789
G1 X114.606 Y148.755 E-.20042
G1 X114.606 Y149.856 E-.52297
G1 X113.394 Y149.856 E-.5757
G1 X113.394 Y149.824 E-.01498
;WIPE_END
G1 X133.138 Y120.288 F9000
G1 E5 F2400
;WIDTH:0.528118
G1 F1500
G1 X133.137 Y120.576 E.01162
G1 E-3.5 F3600
;WIPE_START
G1 F7200
G1 X133.138 Y120.288 E-.1368
;WIPE_END
G1 E-1.3632 F3600
G1 X130.262 Y120.294 F9000
G1 E5 F2400
;WIDTH:0.527982
G1 F1500
G1 X130.263 Y120.577 E.01141
G1 X130 Y121.028 F9000
;WIDTH:0.518707
G1 F2400
G1 X129.926 Y120.904 E.00571
;WIDTH:0.479353
G1 X129.824 Y120.736 E.00713
;WIDTH:0.439999
G1 X129.818 Y119.936 E.02641
G1 X129.851 Y119.855 E.00289
G1 X130.703 Y119.851 E.02813
G1 X130.703 Y120.577 E.02397
;WIDTH:0.479353
G1 X130.683 Y120.799 E.00809
;WIDTH:0.518707
G1 X130.664 Y121.02 E.00878
;WIDTH:0.558061
G1 X130.644 Y121.241 E.00951
G1 X130.644 Y127.271 E.25829
;WIDTH:0.564819
G1 X130.65 Y127.382 E.00482
G1 X130.744 Y127.498 E.00648
;WIDTH:0.523213
G1 X130.839 Y127.615 E.00602
;WIDTH:0.481606
G1 X130.933 Y127.732 E.00547
;WIDTH:0.439999
G1 X131.279 Y127.847 E.01204
G1 X132.121 Y127.847 E.0278
G1 X132.467 Y127.732 E.01204
;WIDTH:0.481744
G1 X132.561 Y127.615 E.00548
;WIDTH:0.523489
G1 X132.656 Y127.498 E.00602
;WIDTH:0.565233
G1 X132.75 Y127.382 E.00648
G1 X132.756 Y127.271 E.00483
;WIDTH:0.55847
G1 X132.756 Y121.24 E.25854
;WIDTH:0.558076
G1 X132.736 Y121.019 E.00951
;WIDTH:0.518717
G1 X132.717 Y120.797 E.00882
;WIDTH:0.479358
G1 X132.697 Y120.576 E.00805
;WIDTH:0.439999
G1 X132.697 Y119.847 E.02407
G1 X133.523 Y119.847 E.02727
G1 X133.582 Y119.9 E.00262
G1 X133.576 Y120.748 E.028
G1 X133.481 Y120.852 E.00465
;WIDTH:0.479358
G1 X133.411 Y120.981 E.00533
;WIDTH:0.518717
G1 X133.341 Y121.111 E.00584
;WIDTH:0.558076
G1 X133.271 Y121.24 E.00629
;WIDTH:0.55847
G1 X133.272 Y127.271 E.25854
;WIDTH:0.565233
G1 X133.289 Y127.672 E.01743
;WIDTH:0.523489
G1 X133.31 Y127.918 E.00987
;WIDTH:0.481744
G1 X133.331 Y128.164 E.00901
;WIDTH:0.439999
G1 X133.346 Y129.402 E.04088
G1 X133.467 Y129.642 E.00887
G1 X133.653 Y129.788 E.00781
G1 X133.907 Y129.847 E.00861
G1 X150.4 Y129.847 E.54455
G1 X150.4 Y132.414 E.08476
G1 X150.4 Y150.253 E.58899
G1 X148.394 Y150.253 E.06623
G1 X148.394 Y148.756 E.04943
G1 X148.34 Y148.512 E.00825
G1 X148.204 Y148.329 E.00753
G1 X148.04 Y148.225 E.00641
G1 X147.822 Y148.181 E.00734
G1 X146.81 Y148.176 E.03341
G1 X146.794 Y145.124 E.10077
G1 X147.822 Y145.119 E.03394
G1 X147.973 Y145.098 E.00503
G1 X148.204 Y144.971 E.0087
G1 X148.34 Y144.788 E.00753
G1 X148.394 Y144.544 E.00825
G1 X148.394 Y139.949 E.15171
G1 X148.343 Y139.044 E.02993
G1 X148.198 Y138.179 E.02896
G1 X147.96 Y137.335 E.02895
G1 X147.632 Y136.522 E.02895
G1 X147.219 Y135.749 E.02894
G1 X146.724 Y135.026 E.02893
G1 X146.068 Y134.278 E.03285
G1 X145.503 Y133.75 E.02553
G1 X144.445 Y132.997 E.04288
G1 X143.669 Y132.589 E.02895
G1 X142.853 Y132.268 E.02895
G1 X142.007 Y132.036 E.02896
G1 X141.142 Y131.898 E.02892
G1 X140.298 Y131.853 E.02791
G1 X122.693 Y131.864 E.58127
G1 X121.405 Y132.034 E.0429
G1 X120.485 Y132.287 E.0315
G1 X119.659 Y132.622 E.02943
G1 X118.531 Y133.266 E.04289
G1 X117.835 Y133.8 E.02896
G1 X117.201 Y134.405 E.02893
G1 X116.636 Y135.075 E.02894
G1 X116.147 Y135.803 E.02896
G1 X115.739 Y136.579 E.02895
G1 X115.418 Y137.394 E.02892
G1 X115.186 Y138.24 E.02896
G1 X115.048 Y139.106 E.02895
G1 X115.003 Y139.949 E.02787
G1 X115.003 Y144.545 E.15175
G1 X115.057 Y144.789 E.00825
G1 X115.193 Y144.972 E.00753
G1 X115.357 Y145.076 E.00641
G1 X115.576 Y145.121 E.00738
G1 X116.603 Y145.124 E.03391
G1 X116.603 Y148.176 E.10077
G1 X115.576 Y148.179 E.03391
G1 X115.425 Y148.2 E.00503
G1 X115.193 Y148.328 E.00875
G1 X115.057 Y148.511 E.00753
G1 X115.003 Y148.755 E.00825
G1 X115.003 Y150.253 E.04946
G1 X112.997 Y150.253 E.06623
G1 X112.997 Y129.847 E.67375
G1 X129.494 Y129.847 E.54469
G1 X129.748 Y129.788 E.00861
G1 X129.934 Y129.642 E.00781
G1 X130.034 Y129.47 E.00657
G1 X130.07 Y129.271 E.00668
G1 X130.07 Y128.164 E.03655
;WIDTH:0.479353
G1 X130.089 Y127.866 E.01084
;WIDTH:0.518706
G1 X130.109 Y127.569 E.01178
;WIDTH:0.558059
G1 X130.129 Y127.271 E.01279
G1 X130.129 Y121.241 E.25829
G1 X130.031 Y121.079 E.00811
G1 X129.657 Y121.173 F9000
;TYPE:External perimeter
;WIDTH:0.419999
G1 F1500
G1 X129.637 Y121.118 E.00183
G1 X129.514 Y120.996 E.00543
G1 X129.438 Y120.816 E.00613
G1 X129.431 Y119.876 E.02947
G1 X129.529 Y119.605 E.00904
G1 X129.764 Y119.469 E.00851
G1 X131.09 Y119.461 E.04158
G1 X131.09 Y127.271 E.24488
G1 X131.165 Y127.422 E.00529
G1 X131.279 Y127.46 E.00377
G1 X131.907 Y127.46 E.01969
G1 X132.235 Y127.422 E.01035
G1 X132.31 Y127.271 E.00529
G1 X132.31 Y119.46 E.24491
G1 X133.518 Y119.46 E.03788
G1 X133.76 Y119.515 E.00778
G1 X133.945 Y119.726 E.0088
G1 X133.966 Y120.294 E.01782
G1 X133.94 Y120.881 E.01842
G1 X133.767 Y121.113 E.00907
G1 X133.717 Y121.24 E.00428
G1 X133.718 Y129.271 E.25181
G1 X133.763 Y129.393 E.00408
G1 X133.907 Y129.46 E.00498
G1 X150.787 Y129.46 E.52926
G1 X150.787 Y132.414 E.09262
G1 X150.787 Y150.64 E.57146
G1 X148.007 Y150.64 E.08716
G1 X148.007 Y149.25 E.04358
G1 X147.99 Y148.677 E.01797
G1 X147.891 Y148.582 E.0043
G1 X146.537 Y148.544 E.04247
G1 X146.429 Y148.444 E.00461
G1 X146.407 Y147.579 E.02713
G1 X146.407 Y145 E.08086
G1 X146.456 Y144.807 E.00624
G1 X146.575 Y144.738 E.00431
G1 X147.82 Y144.732 E.03904
G1 X147.945 Y144.684 E.0042
G1 X148.007 Y144.544 E.0048
G1 X148.007 Y139.949 E.14407
G1 X147.961 Y139.106 E.02647
G1 X147.825 Y138.283 E.02615
G1 X147.6 Y137.479 E.02618
G1 X147.29 Y136.703 E.0262
G1 X146.898 Y135.966 E.02617
G1 X146.429 Y135.276 E.02616
G1 X145.801 Y134.559 E.02988
G1 X145.277 Y134.064 E.0226
G1 X144.263 Y133.339 E.03908
G1 X143.525 Y132.949 E.02617
G1 X142.75 Y132.641 E.02615
G1 X141.944 Y132.418 E.02622
G1 X141.121 Y132.284 E.02614
G1 X140.298 Y132.24 E.02584
G1 X122.693 Y132.251 E.55199
G1 X121.458 Y132.418 E.03907
G1 X120.629 Y132.647 E.02697
G1 X119.849 Y132.959 E.02634
G1 X118.765 Y133.574 E.03908
G1 X118.101 Y134.081 E.02619
G1 X117.496 Y134.655 E.02615
G1 X116.956 Y135.292 E.02618
G1 X116.489 Y135.984 E.02618
G1 X116.099 Y136.722 E.02617
G1 X115.791 Y137.498 E.02618
G1 X115.568 Y138.303 E.02619
G1 X115.434 Y139.127 E.02618
G1 X115.39 Y139.949 E.02581
G1 X115.39 Y144.545 E.1441
G1 X115.452 Y144.685 E.0048
G1 X115.578 Y144.734 E.00424
G1 X116.763 Y144.738 E.03715
G1 X116.918 Y144.783 E.00506
G1 X116.99 Y144.947 E.00562
G1 X116.99 Y148.3 E.10513
G1 X116.942 Y148.493 E.00624
G1 X116.822 Y148.562 E.00434
G1 X115.578 Y148.566 E.039
G1 X115.452 Y148.615 E.00424
G1 X115.39 Y148.755 E.0048
G1 X115.39 Y150.64 E.0591
G1 X112.61 Y150.64 E.08716
G1 X112.61 Y129.46 E.66408
G1 X129.494 Y129.46 E.52939
G1 X129.638 Y129.393 E.00498
G1 X129.683 Y129.271 E.00408
G1 X129.683 Y121.241 E.25177
G1 X129.678 Y121.229 E.00041
G1 E-3.5 F3600
;WIPE_START
G1 F7200
G1 X129.657 Y121.173 E-.02841
G1 X129.637 Y121.118 E-.0278
G1 X129.514 Y120.996 E-.08229
G1 X129.438 Y120.816 E-.09281
G1 X129.431 Y119.876 E-.44651
G1 X129.529 Y119.605 E-.13688
G1 X129.764 Y119.469 E-.12897
G1 X130.935 Y119.462 E-.55633
;WIPE_END
G1 X131.926 Y128.55 F9000
G1 E5 F2400
;TYPE:Internal infill
;WIDTH:0.44
G1 F3000
G1 X131.261 Y128.55 E.02196
G1 X130.772 Y128.387 E.01702
G1 X130.725 Y129.583 E.03952
G1 X132.301 Y131.16 E.07361
G1 X131.095 Y131.161 E.03982
G1 X132.669 Y129.587 E.0735
G1 X132.929 Y130.098 E.01893
G1 X133.343 Y130.422 E.01736
G1 X133.895 Y130.55 E.01871
G1 X134.609 Y130.55 E.02357
G1 X133.21 Y131.159 F9000
G1 F3000
G1 X135.593 Y131.156 E.07868
G1 X136.183 Y130.55 E.02793
G1 X136.788 Y131.154 E.02823
G1 X140.091 Y131.15 E.10906
G1 X140.691 Y130.55 E.02802
G1 X141.341 Y131.215 E.0307
G1 X142.251 Y131.371 E.03048
G1 X143.047 Y131.592 E.02728
G1 X143.83 Y131.904 E.02783
G1 X145.184 Y130.55 E.06322
G1 X149.697 Y135.079 E.2111
G1 X149.697 Y135.021 E.00192
G1 X148.332 Y136.386 E.06374
G1 X148.615 Y137.08 E.02475
G1 X148.876 Y137.996 E.03145
G1 X149.024 Y138.898 E.03018
G1 X149.697 Y139.571 E.03142
G1 X149.697 Y139.513 E.00192
G1 X149.097 Y140.114 E.02804
G1 X149.097 Y143.464 E.11061
G1 X149.697 Y144.064 E.02802
G1 X149.697 Y144.006 E.00192
G1 X149.092 Y144.612 E.02827
G1 X148.976 Y145.089 E.01621
G1 X148.677 Y145.493 E.01659
G1 X148.315 Y145.722 E.01414
G1 X147.889 Y145.814 E.01439
G1 X147.497 Y146.206 E.0183
G1 X147.497 Y146.356 E.00495
G1 X149.697 Y148.556 E.10273
G1 X149.697 Y148.498 E.00192
G1 X149.097 Y149.099 E.02804
G1 X149.097 Y149.55 E.01489
G1 X149.697 Y149.55 E.01981
G1 X149.697 Y148.755 E.02625
G1 E-3.5 F3600
;WIPE_START
G1 F7200
G1 X149.697 Y149.55 E-.37763
G1 X149.097 Y149.55 E-.285
G1 X149.097 Y149.099 E-.21423
G1 X149.697 Y148.498 E-.40339
G1 X149.697 Y148.556 E-.02755
G1 X149.411 Y148.27 E-.1922
;WIPE_END
G1 X144.606 Y132.294 F9000
G1 E5 F2400
G1 F3000
G1 X145.918 Y133.183 E.05233
G1 X146.498 Y133.728 E.02628
G1 X149.676 Y130.55 E.14839
G1 X147.294 Y130.55 E.07865
G1 E-3.5 F3600
;WIPE_START
G1 F7200
G1 X149.676 Y130.55 E-1.13145
G1 X149.127 Y131.099 E-.36855
;WIPE_END
G1 X116.104 Y130.55 F9000
G1 E5 F2400
G1 F3000
G1 X113.721 Y130.55 E.07868
G1 X116.895 Y133.724 E.14821
G1 X117.453 Y133.203 E.02521
G1 X118.111 Y132.703 E.02729
G1 X118.798 Y132.307 E.02618
G1 E-3.5 F3600
;WIPE_START
G1 F7200
G1 X118.111 Y132.703 E-.37666
G1 X117.453 Y133.203 E-.39255
G1 X116.895 Y133.724 E-.36262
G1 X116.347 Y133.176 E-.36817
;WIPE_END
G1 X130.196 Y131.162 F9000
G1 E5 F2400
G1 F3000
G1 X127.814 Y131.165 E.07865
G1 X127.199 Y130.55 E.02872
G1 X126.597 Y131.167 E.02846
G1 X123.327 Y131.171 E.10797
G1 X122.706 Y130.55 E.029
G1 X122.032 Y131.24 E.03185
G1 X121.259 Y131.345 E.02576
G1 X120.23 Y131.633 E.03528
G1 X119.568 Y131.905 E.02363
G1 X118.214 Y130.55 E.06325
G1 X113.7 Y135.079 E.21113
G1 X113.7 Y135.021 E.00192
G1 X115.061 Y136.382 E.06355
G1 X114.783 Y137.08 E.02481
G1 X114.521 Y137.996 E.03146
G1 X114.365 Y138.906 E.03048
G1 X113.7 Y139.571 E.03105
G1 X113.7 Y139.513 E.00192
G1 X114.302 Y140.115 E.02811
G1 X114.3 Y143.463 E.11054
G1 X113.7 Y144.064 E.02804
G1 X113.7 Y144.006 E.00192
G1 X114.305 Y144.611 E.02825
G1 X114.421 Y145.09 E.01627
G1 X114.719 Y145.494 E.01658
G1 X115.081 Y145.723 E.01414
G1 X115.51 Y145.816 E.01449
G1 X115.9 Y146.206 E.01821
G1 X115.9 Y146.356 E.00495
G1 X113.7 Y148.556 E.10273
G1 X113.7 Y148.498 E.00192
G1 X114.3 Y149.099 E.02804
G1 X114.3 Y149.55 E.01489
G1 X113.7 Y149.55 E.01981
G1 X113.7 Y148.755 E.02625
;LAYER_CHANGE
;Z:4.2
;HEIGHT:0.2
;BEFORE_LAYER_CHANGE
G92 E0
;4.2


G1 E-3.5 F3600
;WIPE_START
G1 F7200
G1 X113.7 Y149.55 E-.37763
G1 X114.3 Y149.55 E-.285
G1 X114.3 Y149.099 E-.21423
G1 X113.7 Y148.498 E-.40339
G1 X113.7 Y148.556 E-.02755
G1 X113.986 Y148.27 E-.1922
;WIPE_END
G1 Z4.2 F9000
;AFTER_LAYER_CHANGE
;4.2
G1 X114.896 Y148.095
G1 E5 F2400
;TYPE:Perimeter
;WIDTH:0.439999
G1 X114.699 Y148.358 E.01085
G1 X114.606 Y148.774 E.01407
G1 X114.606 Y149.856 E.03572
G1 X113.394 Y149.856 E.04002
G1 X113.394 Y130.244 E.64753
G1 X129.476 Y130.244 E.53098
G1 X129.909 Y130.143 E.01468
G1 X130.224 Y129.893 E.01328
G1 X130.392 Y129.6 E.01115
G1 X130.449 Y129.271 E.01102
G1 X130.449 Y127.649 E.05355
G1 X130.695 Y128.05 E.01553
G1 X131.279 Y128.244 E.02032
G1 X132.121 Y128.244 E.0278
G1 X132.705 Y128.05 E.02032
G1 X132.953 Y127.646 E.01565
G1 X132.978 Y129.492 E.06096
G1 X133.178 Y129.893 E.0148
G1 X133.493 Y130.143 E.01328
G1 X133.926 Y130.244 E.01468
G1 X150.003 Y130.244 E.53082
G1 X150.003 Y132.414 E.07165
G1 X150.003 Y149.856 E.57589
G1 X148.791 Y149.856 E.04002
G1 X148.791 Y148.776 E.03566
G1 X148.698 Y148.36 E.01407
G1 X148.465 Y148.049 E.01283
G1 X148.185 Y147.875 E.01088
G1 X147.823 Y147.803 E.01219
G1 X147.191 Y147.8 E.02087
G1 X147.191 Y145.5 E.07594
G1 X147.823 Y145.497 E.02087
G1 X148.088 Y145.459 E.00884
G1 X148.465 Y145.251 E.01422
G1 X148.698 Y144.94 E.01283
G1 X148.791 Y144.524 E.01407
G1 X148.791 Y139.949 E.15105
G1 X148.735 Y138.98 E.03205
G1 X148.58 Y138.073 E.03038
G1 X148.329 Y137.188 E.03037
G1 X147.983 Y136.336 E.03036
G1 X147.547 Y135.526 E.03037
G1 X147.026 Y134.768 E.03037
G1 X146.341 Y133.99 E.03423
G1 X145.734 Y133.428 E.02731
G1 X144.743 Y132.715 E.04031
G1 X143.816 Y132.22 E.0347
G1 X142.959 Y131.885 E.03038
G1 X142.071 Y131.644 E.03038
G1 X141.163 Y131.501 E.03035
G1 X140.298 Y131.456 E.0286
G1 X122.693 Y131.467 E.58127
G1 X121.352 Y131.641 E.04465
G1 X120.338 Y131.919 E.03471
G1 X119.463 Y132.277 E.03121
G1 X118.29 Y132.95 E.04465
G1 X117.562 Y133.511 E.03035
G1 X116.898 Y134.148 E.03038
G1 X116.307 Y134.852 E.03035
G1 X115.796 Y135.617 E.03037
G1 X115.37 Y136.432 E.03036
G1 X115.035 Y137.288 E.03035
G1 X114.795 Y138.176 E.03037
G1 X114.651 Y139.084 E.03035
G1 X114.606 Y139.949 E.0286
G1 X114.606 Y144.526 E.15112
G1 X114.699 Y144.942 E.01407
G1 X114.932 Y145.253 E.01283
G1 X115.212 Y145.427 E.01088
G1 X115.576 Y145.499 E.01225
G1 X116.206 Y145.501 E.0208
G1 X116.206 Y147.799 E.07587
G1 X115.576 Y147.801 E.0208
G1 X115.31 Y147.839 E.00887
G1 X114.932 Y148.047 E.01425
G1 E-3.5 F3600
;WIPE_START
G1 F7200
G1 X114.896 Y148.095 E-.0285
G1 X114.699 Y148.358 E-.15609
G1 X114.606 Y148.774 E-.20248
G1 X114.606 Y149.856 E-.51395
G1 X113.394 Y149.856 E-.5757
G1 X113.394 Y149.807 E-.02328
;WIPE_END
G1 X133.146 Y120.302 F9000
G1 E5 F2400
;WIDTH:0.543612
G1 F1500
G1 X133.145 Y120.576 E.01141
G1 E-3.5 F3600
;WIPE_START
G1 F7200
G1 X133.146 Y120.302 E-.13015
;WIPE_END
G1 E-1.36985 F3600
G1 X130.254 Y120.302 F9000
G1 E5 F2400
;WIDTH:0.543536
G1 F1500
G1 X130.255 Y120.577 E.01145
G1 X129.985 Y121.028 F9000
;WIDTH:0.524595
G1 F2400
G1 X129.932 Y120.941 E.00408
;WIDTH:0.482297
G1 X129.84 Y120.791 E.00643
;WIDTH:0.439999
G1 X129.807 Y120.58 E.00705
G1 X129.809 Y119.856 E.0239
G1 X130.703 Y119.85 E.02952
G1 X130.703 Y120.577 E.024
;WIDTH:0.482297
G1 X130.682 Y120.798 E.00811
;WIDTH:0.524595
G1 X130.661 Y121.02 E.00893
;WIDTH:0.566893
G1 X130.639 Y121.241 E.00968
G1 X130.639 Y127.271 E.26272
;WIDTH:0.573707
G1 X130.646 Y127.382 E.00491
G1 X130.742 Y127.499 E.00668
;WIDTH:0.529138
G1 X130.837 Y127.615 E.00606
;WIDTH:0.484569
G1 X130.933 Y127.732 E.00556
;WIDTH:0.439999
G1 X131.279 Y127.847 E.01204
G1 X132.121 Y127.847 E.0278
G1 X132.467 Y127.732 E.01204
;WIDTH:0.484848
G1 X132.563 Y127.615 E.00556
;WIDTH:0.529696
G1 X132.659 Y127.499 E.00609
;WIDTH:0.574544
G1 X132.755 Y127.382 E.00669
G1 X132.761 Y127.271 E.00491
;WIDTH:0.567712
G1 X132.761 Y121.24 E.26317
;WIDTH:0.566894
G1 X132.739 Y121.019 E.00968
;WIDTH:0.524596
G1 X132.718 Y120.797 E.00893
;WIDTH:0.482298
G1 X132.697 Y120.576 E.00811
;WIDTH:0.439999
G1 X132.697 Y119.85 E.02397
G1 X133.591 Y119.856 E.02952
G1 X133.592 Y120.745 E.02935
G1 X133.49 Y120.862 E.00512
;WIDTH:0.482298
G1 X133.421 Y120.988 E.00525
;WIDTH:0.524596
G1 X133.353 Y121.114 E.00573
;WIDTH:0.566894
G1 X133.285 Y121.24 E.00624
;WIDTH:0.567712
G1 X133.286 Y127.271 E.26317
;WIDTH:0.574544
G1 X133.305 Y127.677 E.01797
;WIDTH:0.529696
G1 X133.327 Y127.925 E.01008
;WIDTH:0.484848
G1 X133.35 Y128.173 E.00915
;WIDTH:0.439999
G1 X133.365 Y129.402 E.04058
G1 X133.483 Y129.639 E.00874
G1 X133.67 Y129.787 E.00787
G1 X133.926 Y129.847 E.00868
G1 X150.4 Y129.847 E.54393
G1 X150.4 Y132.414 E.08476
G1 X150.4 Y150.253 E.58899
G1 X148.394 Y150.253 E.06623
G1 X148.394 Y148.776 E.04877
G1 X148.339 Y148.53 E.00832
G1 X148.201 Y148.346 E.00759
G1 X148.035 Y148.243 E.00645
G1 X147.822 Y148.2 E.00717
G1 X146.794 Y148.195 E.03394
G1 X146.794 Y145.105 E.10202
G1 X147.822 Y145.1 E.03394
G1 X147.978 Y145.077 E.00521
G1 X148.201 Y144.954 E.00841
G1 X148.339 Y144.77 E.00759
G1 X148.394 Y144.524 E.00832
G1 X148.394 Y139.949 E.15105
G1 X148.343 Y139.044 E.02993
G1 X148.198 Y138.179 E.02896
G1 X147.96 Y137.335 E.02895
G1 X147.632 Y136.522 E.02895
G1 X147.219 Y135.749 E.02894
G1 X146.724 Y135.026 E.02893
G1 X146.068 Y134.278 E.03285
G1 X145.503 Y133.75 E.02553
G1 X144.445 Y132.997 E.04288
G1 X143.669 Y132.589 E.02895
G1 X142.853 Y132.268 E.02895
G1 X142.007 Y132.036 E.02896
G1 X141.142 Y131.898 E.02892
G1 X140.298 Y131.853 E.02791
G1 X122.693 Y131.864 E.58127
G1 X121.405 Y132.034 E.0429
G1 X120.485 Y132.287 E.0315
G1 X119.659 Y132.622 E.02943
G1 X118.531 Y133.266 E.04289
G1 X117.835 Y133.8 E.02896
G1 X117.201 Y134.405 E.02893
G1 X116.636 Y135.075 E.02894
G1 X116.147 Y135.803 E.02896
G1 X115.739 Y136.579 E.02895
G1 X115.418 Y137.394 E.02892
G1 X115.186 Y138.24 E.02896
G1 X115.048 Y139.106 E.02895
G1 X115.003 Y139.949 E.02787
G1 X115.003 Y144.526 E.15112
G1 X115.058 Y144.772 E.00832
G1 X115.196 Y144.956 E.00759
G1 X115.362 Y145.06 E.00647
G1 X115.577 Y145.102 E.00723
G1 X116.603 Y145.105 E.03388
G1 X116.603 Y148.195 E.10202
G1 X115.577 Y148.198 E.03388
G1 X115.42 Y148.22 E.00523
G1 X115.196 Y148.344 E.00845
G1 X115.058 Y148.528 E.00759
G1 X115.003 Y148.774 E.00832
G1 X115.003 Y150.253 E.04883
G1 X112.997 Y150.253 E.06623
G1 X112.997 Y129.847 E.67375
G1 X129.476 Y129.847 E.54409
G1 X129.732 Y129.787 E.00868
G1 X129.919 Y129.64 E.00785
G1 X130.018 Y129.466 E.00661
G1 X130.052 Y129.271 E.00654
G1 X130.052 Y128.172 E.03629
;WIDTH:0.482293
G1 X130.073 Y127.872 E.01099
;WIDTH:0.524587
G1 X130.094 Y127.572 E.01204
;WIDTH:0.566881
G1 X130.116 Y127.271 E.01315
G1 X130.116 Y121.241 E.26271
G1 X130.024 Y121.091 E.00767
;WIDTH:0.524595
G1 X130.016 Y121.079 E.00058
G1 X129.64 Y121.173 F9000
;TYPE:External perimeter
;WIDTH:0.419999
G1 F1500
G1 X129.62 Y121.119 E.00181
G1 X129.498 Y120.997 E.00541
G1 X129.422 Y120.816 E.00616
G1 X129.421 Y119.83 E.03092
G1 X129.507 Y119.601 E.00767
G1 X129.736 Y119.469 E.00829
G1 X131.09 Y119.461 E.04245
G1 X131.09 Y127.271 E.24488
G1 X131.165 Y127.422 E.00529
G1 X131.279 Y127.46 E.00377
G1 X131.925 Y127.46 E.02025
G1 X132.235 Y127.422 E.00979
G1 X132.31 Y127.271 E.00529
G1 X132.31 Y119.461 E.24488
G1 X133.664 Y119.469 E.04245
G1 X133.894 Y119.601 E.00831
G1 X133.972 Y119.787 E.00632
G1 X133.982 Y120.308 E.01634
G1 X133.963 Y120.87 E.01763
G1 X133.782 Y121.116 E.00958
G1 X133.735 Y121.24 E.00416
G1 X133.737 Y129.271 E.25181
G1 X133.781 Y129.392 E.00404
G1 X133.926 Y129.46 E.00502
G1 X150.787 Y129.46 E.52866
G1 X150.787 Y132.414 E.09262
G1 X150.787 Y150.64 E.57146
G1 X148.007 Y150.64 E.08716
G1 X148.007 Y148.776 E.05844
G1 X147.944 Y148.635 E.00484
G1 X147.82 Y148.587 E.00417
G1 X146.575 Y148.581 E.03904
G1 X146.45 Y148.494 E.00478
G1 X146.407 Y148.342 E.00495
G1 X146.407 Y144.943 E.10657
G1 X146.447 Y144.809 E.00438
G1 X146.575 Y144.719 E.00491
G1 X147.82 Y144.713 E.03904
G1 X147.944 Y144.665 E.00417
G1 X148.007 Y144.524 E.00484
G1 X148.007 Y139.949 E.14345
G1 X147.961 Y139.106 E.02647
G1 X147.825 Y138.283 E.02615
G1 X147.6 Y137.479 E.02618
G1 X147.29 Y136.703 E.0262
G1 X146.898 Y135.966 E.02617
G1 X146.429 Y135.276 E.02616
G1 X145.801 Y134.559 E.02988
G1 X145.277 Y134.064 E.0226
G1 X144.263 Y133.339 E.03908
G1 X143.525 Y132.949 E.02617
G1 X142.75 Y132.641 E.02615
G1 X141.944 Y132.418 E.02622
G1 X141.121 Y132.284 E.02614
G1 X140.298 Y132.24 E.02584
G1 X122.693 Y132.251 E.55199
G1 X121.458 Y132.418 E.03907
G1 X120.629 Y132.647 E.02697
G1 X119.849 Y132.959 E.02634
G1 X118.765 Y133.574 E.03908
G1 X118.101 Y134.081 E.02619
G1 X117.496 Y134.655 E.02615
G1 X116.956 Y135.292 E.02618
G1 X116.489 Y135.984 E.02618
G1 X116.099 Y136.722 E.02617
G1 X115.791 Y137.498 E.02618
G1 X115.568 Y138.303 E.02619
G1 X115.434 Y139.127 E.02618
G1 X115.39 Y139.949 E.02581
G1 X115.39 Y144.526 E.14351
G1 X115.453 Y144.667 E.00484
G1 X115.578 Y144.715 E.0042
G1 X116.766 Y144.719 E.03725
G1 X116.917 Y144.763 E.00493
G1 X116.99 Y144.924 E.00554
G1 X116.99 Y148.357 E.10764
G1 X116.95 Y148.491 E.00438
G1 X116.823 Y148.581 E.00488
G1 X115.578 Y148.585 E.03904
G1 X115.453 Y148.633 E.0042
G1 X115.39 Y148.774 E.00484
G1 X115.39 Y150.64 E.05851
G1 X112.61 Y150.64 E.08716
G1 X112.61 Y129.46 E.66408
G1 X129.476 Y129.46 E.52882
G1 X129.621 Y129.392 E.00502
G1 X129.665 Y129.271 E.00404
G1 X129.665 Y121.241 E.25177
G1 X129.661 Y121.229 E.0004
G1 E-3.5 F3600
;WIPE_START
G1 F7200
G1 X129.64 Y121.173 E-.02841
G1 X129.62 Y121.119 E-.02735
G1 X129.498 Y120.997 E-.08195
G1 X129.422 Y120.816 E-.09325
G1 X129.421 Y119.83 E-.46835
G1 X129.507 Y119.601 E-.11619
G1 X129.736 Y119.469 E-.12555
G1 X130.913 Y119.462 E-.55895
;WIPE_END
G1 X131.912 Y128.55 F9000
G1 E5 F2400
;TYPE:Internal infill
;WIDTH:0.44
G1 F3000
G1 X131.261 Y128.55 E.02149
G1 X130.755 Y128.381 E.01761
G1 X130.717 Y129.576 E.03948
G1 X132.301 Y131.16 E.07396
G1 X131.095 Y131.161 E.03982
G1 X132.684 Y129.572 E.0742
G1 X132.942 Y130.092 E.01917
G1 X133.357 Y130.419 E.01744
G1 X133.913 Y130.55 E.01886
G1 X134.613 Y130.55 E.02311
G1 X133.21 Y131.159 F9000
G1 F3000
G1 X135.593 Y131.156 E.07868
G1 X136.183 Y130.55 E.02793
G1 X136.788 Y131.154 E.02823
G1 X140.091 Y131.15 E.10906
G1 X140.691 Y130.55 E.02802
G1 X141.341 Y131.215 E.0307
G1 X142.251 Y131.371 E.03048
G1 X143.047 Y131.592 E.02728
G1 X143.83 Y131.904 E.02783
G1 X145.184 Y130.55 E.06322
G1 X149.697 Y135.079 E.2111
G1 X149.697 Y135.021 E.00192
G1 X148.332 Y136.386 E.06374
G1 X148.615 Y137.08 E.02475
G1 X148.876 Y137.996 E.03145
G1 X149.024 Y138.898 E.03018
G1 X149.697 Y139.571 E.03142
G1 X149.697 Y139.513 E.00192
G1 X149.097 Y140.114 E.02804
G1 X149.097 Y143.464 E.11061
G1 X149.697 Y144.064 E.02802
G1 X149.697 Y144.006 E.00192
G1 X149.09 Y144.613 E.02834
G1 X148.974 Y145.074 E.0157
G1 X148.671 Y145.48 E.01673
G1 X148.306 Y145.707 E.01419
G1 X147.912 Y145.791 E.0133
G1 X147.497 Y146.206 E.01938
G1 X147.497 Y146.356 E.00495
G1 X149.697 Y148.556 E.10273
G1 X149.697 Y148.498 E.00192
G1 X149.097 Y149.099 E.02804
G1 X149.097 Y149.55 E.01489
G1 X149.697 Y149.55 E.01981
G1 X149.697 Y148.755 E.02625
G1 E-3.5 F3600
;WIPE_START
G1 F7200
G1 X149.697 Y149.55 E-.37763
G1 X149.097 Y149.55 E-.285
G1 X149.097 Y149.099 E-.21423
G1 X149.697 Y148.498 E-.40339
G1 X149.697 Y148.556 E-.02755
G1 X149.411 Y148.27 E-.1922
;WIPE_END
G1 X144.606 Y132.294 F9000
G1 E5 F2400
G1 F3000
G1 X145.918 Y133.183 E.05233
G1 X146.498 Y133.728 E.02628
G1 X149.676 Y130.55 E.14839
G1 X147.294 Y130.55 E.07865
G1 E-3.5 F3600
;WIPE_START
G1 F7200
G1 X149.676 Y130.55 E-1.13145
G1 X149.127 Y131.099 E-.36855
;WIPE_END
G1 X116.104 Y130.55 F9000
G1 E5 F2400
G1 F3000
G1 X113.721 Y130.55 E.07868
G1 X116.895 Y133.724 E.14821
G1 X117.453 Y133.203 E.02521
G1 X118.111 Y132.703 E.02729
G1 X118.798 Y132.307 E.02618
G1 E-3.5 F3600
;WIPE_START
G1 F7200
G1 X118.111 Y132.703 E-.37666
G1 X117.453 Y133.203 E-.39255
G1 X116.895 Y133.724 E-.36262
G1 X116.347 Y133.176 E-.36817
;WIPE_END
G1 X130.196 Y131.162 F9000
G1 E5 F2400
G1 F3000
G1 X127.814 Y131.165 E.07865
G1 X127.199 Y130.55 E.02872
G1 X126.597 Y131.167 E.02846
G1 X123.327 Y131.171 E.10797
G1 X122.706 Y130.55 E.029
G1 X122.032 Y131.24 E.03185
G1 X121.259 Y131.345 E.02576
G1 X120.23 Y131.633 E.03528
G1 X119.568 Y131.905 E.02363
G1 X118.214 Y130.55 E.06325
G1 X113.7 Y135.079 E.21113
G1 X113.7 Y135.021 E.00192
G1 X115.061 Y136.382 E.06355
G1 X114.783 Y137.08 E.02481
G1 X114.521 Y137.996 E.03146
G1 X114.365 Y138.906 E.03048
G1 X113.7 Y139.571 E.03105
G1 X113.7 Y139.513 E.00192
G1 X114.302 Y140.115 E.02811
G1 X114.3 Y143.463 E.11054
G1 X113.7 Y144.064 E.02804
G1 X113.7 Y144.006 E.00192
G1 X114.307 Y144.613 E.02834
G1 X114.423 Y145.076 E.01576
G1 X114.726 Y145.481 E.0167
G1 X115.091 Y145.709 E.01421
G1 X115.488 Y145.794 E.0134
G1 X115.9 Y146.206 E.01924
G1 X115.9 Y146.356 E.00495
G1 X113.7 Y148.556 E.10273
G1 X113.7 Y148.498 E.00192
G1 X114.3 Y149.099 E.02804
G1 X114.3 Y149.55 E.01489
G1 X113.7 Y149.55 E.01981
G1 X113.7 Y148.755 E.02625
;LAYER_CHANGE
;Z:4.4
;HEIGHT:0.2
;BEFORE_LAYER_CHANGE
G92 E0
;4.4


G1 E-3.5 F3600
;WIPE_START
G1 F7200
G1 X113.7 Y149.55 E-.37763
G1 X114.3 Y149.55 E-.285
G1 X114.3 Y149.099 E-.21423
G1 X113.7 Y148.498 E-.40339
G1 X113.7 Y148.556 E-.02755
G1 X113.986 Y148.27 E-.1922
;WIPE_END
G1 Z4.4 F9000
;AFTER_LAYER_CHANGE
;4.4
G1 X114.896 Y148.095
G1 E5 F2400
;TYPE:Perimeter
;WIDTH:0.439999
G1 X114.699 Y148.358 E.01085
G1 X114.606 Y148.774 E.01407
G1 X114.606 Y149.856 E.03572
G1 X113.394 Y149.856 E.04002
G1 X113.394 Y130.244 E.64753
G1 X129.476 Y130.244 E.53098
G1 X129.909 Y130.143 E.01468
G1 X130.224 Y129.893 E.01328
G1 X130.392 Y129.6 E.01115
G1 X130.449 Y129.271 E.01102
G1 X130.449 Y127.649 E.05355
G1 X130.695 Y128.05 E.01553
G1 X131.279 Y128.244 E.02032
G1 X132.121 Y128.244 E.0278
G1 X132.705 Y128.05 E.02032
G1 X132.953 Y127.646 E.01565
G1 X132.978 Y129.492 E.06096
G1 X133.178 Y129.893 E.0148
G1 X133.493 Y130.143 E.01328
G1 X133.926 Y130.244 E.01468
G1 X150.003 Y130.244 E.53082
G1 X150.003 Y132.414 E.07165
G1 X150.003 Y149.856 E.57589
G1 X148.791 Y149.856 E.04002
G1 X148.791 Y148.776 E.03566
G1 X148.698 Y148.36 E.01407
G1 X148.465 Y148.049 E.01283
G1 X148.185 Y147.875 E.01088
G1 X147.823 Y147.803 E.01219
G1 X147.191 Y147.8 E.02087
G1 X147.191 Y145.5 E.07594
G1 X147.823 Y145.497 E.02087
G1 X148.088 Y145.459 E.00884
G1 X148.465 Y145.251 E.01422
G1 X148.698 Y144.94 E.01283
G1 X148.791 Y144.524 E.01407
G1 X148.791 Y139.949 E.15105
G1 X148.735 Y138.98 E.03205
G1 X148.58 Y138.073 E.03038
G1 X148.329 Y137.188 E.03037
G1 X147.983 Y136.336 E.03036
G1 X147.547 Y135.526 E.03037
G1 X147.026 Y134.768 E.03037
G1 X146.341 Y133.99 E.03423
G1 X145.734 Y133.428 E.02731
G1 X144.743 Y132.715 E.04031
G1 X143.816 Y132.22 E.0347
G1 X142.959 Y131.885 E.03038
G1 X142.071 Y131.644 E.03038
G1 X141.163 Y131.501 E.03035
G1 X140.298 Y131.456 E.0286
G1 X122.693 Y131.467 E.58127
G1 X121.352 Y131.641 E.04465
G1 X120.338 Y131.919 E.03471
G1 X119.463 Y132.277 E.03121
G1 X118.29 Y132.95 E.04465
G1 X117.562 Y133.511 E.03035
G1 X116.898 Y134.148 E.03038
G1 X116.307 Y134.852 E.03035
G1 X115.796 Y135.617 E.03037
G1 X115.37 Y136.432 E.03036
G1 X115.035 Y137.288 E.03035
G1 X114.795 Y138.176 E.03037
G1 X114.651 Y139.084 E.03035
G1 X114.606 Y139.949 E.0286
G1 X114.606 Y144.526 E.15112
G1 X114.699 Y144.942 E.01407
G1 X114.932 Y145.253 E.01283
G1 X115.212 Y145.427 E.01088
G1 X115.576 Y145.499 E.01225
G1 X116.206 Y145.501 E.0208
G1 X116.206 Y147.799 E.07587
G1 X115.576 Y147.801 E.0208
G1 X115.31 Y147.839 E.00887
G1 X114.932 Y148.047 E.01425
G1 E-3.5 F3600
;WIPE_START
G1 F7200
G1 X114.896 Y148.095 E-.0285
G1 X114.699 Y148.358 E-.15609
G1 X114.606 Y148.774 E-.20248
G1 X114.606 Y149.856 E-.51395
G1 X113.394 Y149.856 E-.5757
G1 X113.394 Y149.807 E-.02328
;WIPE_END
G1 X133.146 Y120.302 F9000
G1 E5 F2400
;WIDTH:0.543612
G1 F1500
G1 X133.145 Y120.576 E.01141
G1 E-3.5 F3600
;WIPE_START
G1 F7200
G1 X133.146 Y120.302 E-.13015
;WIPE_END
G1 E-1.36985 F3600
G1 X130.254 Y120.302 F9000
G1 E5 F2400
;WIDTH:0.543536
G1 F1500
G1 X130.255 Y120.577 E.01145
G1 X129.985 Y121.028 F9000
;WIDTH:0.524595
G1 F2400
G1 X129.932 Y120.941 E.00408
;WIDTH:0.482297
G1 X129.84 Y120.791 E.00643
;WIDTH:0.439999
G1 X129.807 Y120.58 E.00705
G1 X129.809 Y119.856 E.0239
G1 X130.703 Y119.85 E.02952
G1 X130.703 Y120.577 E.024
;WIDTH:0.482297
G1 X130.682 Y120.798 E.00811
;WIDTH:0.524595
G1 X130.661 Y121.02 E.00893
;WIDTH:0.566893
G1 X130.639 Y121.241 E.00968
G1 X130.639 Y127.271 E.26272
;WIDTH:0.573707
G1 X130.646 Y127.382 E.00491
G1 X130.742 Y127.499 E.00668
;WIDTH:0.529138
G1 X130.837 Y127.615 E.00606
;WIDTH:0.484569
G1 X130.933 Y127.732 E.00556
;WIDTH:0.439999
G1 X131.279 Y127.847 E.01204
G1 X132.121 Y127.847 E.0278
G1 X132.467 Y127.732 E.01204
;WIDTH:0.484848
G1 X132.563 Y127.615 E.00556
;WIDTH:0.529696
G1 X132.659 Y127.499 E.00609
;WIDTH:0.574544
G1 X132.755 Y127.382 E.00669
G1 X132.761 Y127.271 E.00491
;WIDTH:0.567712
G1 X132.761 Y121.24 E.26317
;WIDTH:0.566894
G1 X132.739 Y121.019 E.00968
;WIDTH:0.524596
G1 X132.718 Y120.797 E.00893
;WIDTH:0.482298
G1 X132.697 Y120.576 E.00811
;WIDTH:0.439999
G1 X132.697 Y119.85 E.02397
G1 X133.591 Y119.856 E.02952
G1 X133.592 Y120.745 E.02935
G1 X133.49 Y120.862 E.00512
;WIDTH:0.482298
G1 X133.421 Y120.988 E.00525
;WIDTH:0.524596
G1 X133.353 Y121.114 E.00573
;WIDTH:0.566894
G1 X133.285 Y121.24 E.00624
;WIDTH:0.567712
G1 X133.286 Y127.271 E.26317
;WIDTH:0.574544
G1 X133.305 Y127.677 E.01797
;WIDTH:0.529696
G1 X133.327 Y127.925 E.01008
;WIDTH:0.484848
G1 X133.35 Y128.173 E.00915
;WIDTH:0.439999
G1 X133.365 Y129.402 E.04058
G1 X133.483 Y129.639 E.00874
G1 X133.67 Y129.787 E.00787
G1 X133.926 Y129.847 E.00868
G1 X150.4 Y129.847 E.54393
G1 X150.4 Y132.414 E.08476
G1 X150.4 Y150.253 E.58899
G1 X148.394 Y150.253 E.06623
G1 X148.394 Y148.776 E.04877
G1 X148.339 Y148.53 E.00832
G1 X148.201 Y148.346 E.00759
G1 X148.035 Y148.243 E.00645
G1 X147.822 Y148.2 E.00717
G1 X146.794 Y148.195 E.03394
G1 X146.794 Y145.105 E.10202
G1 X147.822 Y145.1 E.03394
G1 X147.978 Y145.077 E.00521
G1 X148.201 Y144.954 E.00841
G1 X148.339 Y144.77 E.00759
G1 X148.394 Y144.524 E.00832
G1 X148.394 Y139.949 E.15105
G1 X148.343 Y139.044 E.02993
G1 X148.198 Y138.179 E.02896
G1 X147.96 Y137.335 E.02895
G1 X147.632 Y136.522 E.02895
G1 X147.219 Y135.749 E.02894
G1 X146.724 Y135.026 E.02893
G1 X146.068 Y134.278 E.03285
G1 X145.503 Y133.75 E.02553
G1 X144.445 Y132.997 E.04288
G1 X143.669 Y132.589 E.02895
G1 X142.853 Y132.268 E.02895
G1 X142.007 Y132.036 E.02896
G1 X141.142 Y131.898 E.02892
G1 X140.298 Y131.853 E.02791
G1 X122.693 Y131.864 E.58127
G1 X121.405 Y132.034 E.0429
G1 X120.485 Y132.287 E.0315
G1 X119.659 Y132.622 E.02943
G1 X118.531 Y133.266 E.04289
G1 X117.835 Y133.8 E.02896
G1 X117.201 Y134.405 E.02893
G1 X116.636 Y135.075 E.02894
G1 X116.147 Y135.803 E.02896
G1 X115.739 Y136.579 E.02895
G1 X115.418 Y137.394 E.02892
G1 X115.186 Y138.24 E.02896
G1 X115.048 Y139.106 E.02895
G1 X115.003 Y139.949 E.02787
G1 X115.003 Y144.526 E.15112
G1 X115.058 Y144.772 E.00832
G1 X115.196 Y144.956 E.00759
G1 X115.362 Y145.06 E.00647
G1 X115.577 Y145.102 E.00723
G1 X116.603 Y145.105 E.03388
G1 X116.603 Y148.195 E.10202
G1 X115.577 Y148.198 E.03388
G1 X115.42 Y148.22 E.00523
G1 X115.196 Y148.344 E.00845
G1 X115.058 Y148.528 E.00759
G1 X115.003 Y148.774 E.00832
G1 X115.003 Y150.253 E.04883
G1 X112.997 Y150.253 E.06623
G1 X112.997 Y129.847 E.67375
G1 X129.476 Y129.847 E.54409
G1 X129.732 Y129.787 E.00868
G1 X129.919 Y129.64 E.00785
G1 X130.018 Y129.466 E.00661
G1 X130.052 Y129.271 E.00654
G1 X130.052 Y128.172 E.03629
;WIDTH:0.482293
G1 X130.073 Y127.872 E.01099
;WIDTH:0.524587
G1 X130.094 Y127.572 E.01204
;WIDTH:0.566881
G1 X130.116 Y127.271 E.01315
G1 X130.116 Y121.241 E.26271
G1 X130.024 Y121.091 E.00767
;WIDTH:0.524595
G1 X130.016 Y121.079 E.00058
G1 X129.64 Y121.173 F9000
;TYPE:External perimeter
;WIDTH:0.419999
G1 F1500
G1 X129.62 Y121.119 E.00181
G1 X129.498 Y120.997 E.00541
G1 X129.422 Y120.816 E.00616
G1 X129.421 Y119.83 E.03092
G1 X129.507 Y119.601 E.00767
G1 X129.736 Y119.469 E.00829
G1 X131.09 Y119.461 E.04245
G1 X131.09 Y127.271 E.24488
G1 X131.165 Y127.422 E.00529
G1 X131.279 Y127.46 E.00377
G1 X131.925 Y127.46 E.02025
G1 X132.235 Y127.422 E.00979
G1 X132.31 Y127.271 E.00529
G1 X132.31 Y119.461 E.24488
G1 X133.664 Y119.469 E.04245
G1 X133.894 Y119.601 E.00831
G1 X133.972 Y119.787 E.00632
G1 X133.982 Y120.308 E.01634
G1 X133.963 Y120.87 E.01763
G1 X133.782 Y121.116 E.00958
G1 X133.735 Y121.24 E.00416
G1 X133.737 Y129.271 E.25181
G1 X133.781 Y129.392 E.00404
G1 X133.926 Y129.46 E.00502
G1 X150.787 Y129.46 E.52866
G1 X150.787 Y132.414 E.09262
G1 X150.787 Y150.64 E.57146
G1 X148.007 Y150.64 E.08716
G1 X148.007 Y148.776 E.05844
G1 X147.944 Y148.635 E.00484
G1 X147.82 Y148.587 E.00417
G1 X146.631 Y148.582 E.03728
G1 X146.48 Y148.537 E.00494
G1 X146.407 Y148.376 E.00554
G1 X146.407 Y144.943 E.10764
G1 X146.447 Y144.809 E.00438
G1 X146.575 Y144.719 E.00491
G1 X147.82 Y144.713 E.03904
G1 X147.944 Y144.665 E.00417
G1 X148.007 Y144.524 E.00484
G1 X148.007 Y139.949 E.14345
G1 X147.961 Y139.106 E.02647
G1 X147.825 Y138.283 E.02615
G1 X147.6 Y137.479 E.02618
G1 X147.29 Y136.703 E.0262
G1 X146.898 Y135.966 E.02617
G1 X146.429 Y135.276 E.02616
G1 X145.801 Y134.559 E.02988
G1 X145.277 Y134.064 E.0226
G1 X144.263 Y133.339 E.03908
G1 X143.525 Y132.949 E.02617
G1 X142.75 Y132.641 E.02615
G1 X141.944 Y132.418 E.02622
G1 X141.121 Y132.284 E.02614
G1 X140.298 Y132.24 E.02584
G1 X122.693 Y132.251 E.55199
G1 X121.458 Y132.418 E.03907
G1 X120.629 Y132.647 E.02697
G1 X119.849 Y132.959 E.02634
G1 X118.765 Y133.574 E.03908
G1 X118.101 Y134.081 E.02619
G1 X117.496 Y134.655 E.02615
G1 X116.956 Y135.292 E.02618
G1 X116.489 Y135.984 E.02618
G1 X116.099 Y136.722 E.02617
G1 X115.791 Y137.498 E.02618
G1 X115.568 Y138.303 E.02619
G1 X115.434 Y139.127 E.02618
G1 X115.39 Y139.949 E.02581
G1 X115.39 Y144.526 E.14351
G1 X115.453 Y144.667 E.00484
G1 X115.578 Y144.715 E.0042
G1 X116.766 Y144.719 E.03725
G1 X116.917 Y144.763 E.00493
G1 X116.99 Y144.924 E.00554
G1 X116.99 Y148.357 E.10764
G1 X116.95 Y148.491 E.00438
G1 X116.823 Y148.581 E.00488
G1 X115.578 Y148.585 E.03904
G1 X115.453 Y148.633 E.0042
G1 X115.39 Y148.774 E.00484
G1 X115.39 Y150.64 E.05851
G1 X112.61 Y150.64 E.08716
G1 X112.61 Y129.46 E.66408
G1 X129.476 Y129.46 E.52882
G1 X129.621 Y129.392 E.00502
G1 X129.665 Y129.271 E.00404
G1 X129.665 Y121.241 E.25177
G1 X129.661 Y121.229 E.0004
G1 E-3.5 F3600
;WIPE_START
G1 F7200
G1 X129.64 Y121.173 E-.02841
G1 X129.62 Y121.119 E-.02735
G1 X129.498 Y120.997 E-.08195
G1 X129.422 Y120.816 E-.09325
G1 X129.421 Y119.83 E-.46835
G1 X129.507 Y119.601 E-.11619
G1 X129.736 Y119.469 E-.12555
G1 X130.913 Y119.462 E-.55895
;WIPE_END
G1 X131.912 Y128.55 F9000
G1 E5 F2400
;TYPE:Internal infill
;WIDTH:0.44
G1 F3000
G1 X131.261 Y128.55 E.02149
G1 X130.755 Y128.381 E.01761
G1 X130.717 Y129.576 E.03948
G1 X132.301 Y131.16 E.07396
G1 X131.095 Y131.161 E.03982
G1 X132.684 Y129.572 E.0742
G1 X132.942 Y130.092 E.01917
G1 X133.357 Y130.419 E.01744
G1 X133.913 Y130.55 E.01886
G1 X134.613 Y130.55 E.02311
G1 X133.21 Y131.159 F9000
G1 F3000
G1 X135.593 Y131.156 E.07868
G1 X136.183 Y130.55 E.02793
G1 X136.788 Y131.154 E.02823
G1 X140.091 Y131.15 E.10906
G1 X140.691 Y130.55 E.02802
G1 X141.341 Y131.215 E.0307
G1 X142.251 Y131.371 E.03048
G1 X143.047 Y131.592 E.02728
G1 X143.83 Y131.904 E.02783
G1 X145.184 Y130.55 E.06322
G1 X149.697 Y135.079 E.2111
G1 X149.697 Y135.021 E.00192
G1 X148.332 Y136.386 E.06374
G1 X148.615 Y137.08 E.02475
G1 X148.876 Y137.996 E.03145
G1 X149.024 Y138.898 E.03018
G1 X149.697 Y139.571 E.03142
G1 X149.697 Y139.513 E.00192
G1 X149.097 Y140.114 E.02804
G1 X149.097 Y143.464 E.11061
G1 X149.697 Y144.064 E.02802
G1 X149.697 Y144.006 E.00192
G1 X149.09 Y144.613 E.02834
G1 X148.974 Y145.074 E.0157
G1 X148.671 Y145.48 E.01673
G1 X148.306 Y145.707 E.01419
G1 X147.912 Y145.791 E.0133
G1 X147.497 Y146.206 E.01938
G1 X147.497 Y146.356 E.00495
G1 X149.697 Y148.556 E.10273
G1 X149.697 Y148.498 E.00192
G1 X149.097 Y149.099 E.02804
G1 X149.097 Y149.55 E.01489
G1 X149.697 Y149.55 E.01981
G1 X149.697 Y148.755 E.02625
G1 E-3.5 F3600
;WIPE_START
G1 F7200
G1 X149.697 Y149.55 E-.37763
G1 X149.097 Y149.55 E-.285
G1 X149.097 Y149.099 E-.21423
G1 X149.697 Y148.498 E-.40339
G1 X149.697 Y148.556 E-.02755
G1 X149.411 Y148.27 E-.1922
;WIPE_END
G1 X144.606 Y132.294 F9000
G1 E5 F2400
G1 F3000
G1 X145.918 Y133.183 E.05233
G1 X146.498 Y133.728 E.02628
G1 X149.676 Y130.55 E.14839
G1 X147.294 Y130.55 E.07865
G1 E-3.5 F3600
;WIPE_START
G1 F7200
G1 X149.676 Y130.55 E-1.13145
G1 X149.127 Y131.099 E-.36855
;WIPE_END
G1 X116.104 Y130.55 F9000
G1 E5 F2400
G1 F3000
G1 X113.721 Y130.55 E.07868
G1 X116.895 Y133.724 E.14821
G1 X117.453 Y133.203 E.02521
G1 X118.111 Y132.703 E.02729
G1 X118.798 Y132.307 E.02618
G1 E-3.5 F3600
;WIPE_START
G1 F7200
G1 X118.111 Y132.703 E-.37666
G1 X117.453 Y133.203 E-.39255
G1 X116.895 Y133.724 E-.36262
G1 X116.347 Y133.176 E-.36817
;WIPE_END
G1 X130.196 Y131.162 F9000
G1 E5 F2400
G1 F3000
G1 X127.814 Y131.165 E.07865
G1 X127.199 Y130.55 E.02872
G1 X126.597 Y131.167 E.02846
G1 X123.327 Y131.171 E.10797
G1 X122.706 Y130.55 E.029
G1 X122.032 Y131.24 E.03185
G1 X121.259 Y131.345 E.02576
G1 X120.23 Y131.633 E.03528
G1 X119.568 Y131.905 E.02363
G1 X118.214 Y130.55 E.06325
G1 X113.7 Y135.079 E.21113
G1 X113.7 Y135.021 E.00192
G1 X115.061 Y136.382 E.06355
G1 X114.783 Y137.08 E.02481
G1 X114.521 Y137.996 E.03146
G1 X114.365 Y138.906 E.03048
G1 X113.7 Y139.571 E.03105
G1 X113.7 Y139.513 E.00192
G1 X114.302 Y140.115 E.02811
G1 X114.3 Y143.463 E.11054
G1 X113.7 Y144.064 E.02804
G1 X113.7 Y144.006 E.00192
G1 X114.307 Y144.613 E.02834
G1 X114.423 Y145.076 E.01576
G1 X114.726 Y145.481 E.0167
G1 X115.091 Y145.709 E.01421
G1 X115.488 Y145.794 E.0134
G1 X115.9 Y146.206 E.01924
G1 X115.9 Y146.356 E.00495
G1 X113.7 Y148.556 E.10273
G1 X113.7 Y148.498 E.00192
G1 X114.3 Y149.099 E.02804
G1 X114.3 Y149.55 E.01489
G1 X113.7 Y149.55 E.01981
G1 X113.7 Y148.755 E.02625
;LAYER_CHANGE
;Z:4.6
;HEIGHT:0.2
;BEFORE_LAYER_CHANGE
G92 E0
;4.6


G1 E-3.5 F3600
;WIPE_START
G1 F7200
G1 X113.7 Y149.55 E-.37763
G1 X114.3 Y149.55 E-.285
G1 X114.3 Y149.099 E-.21423
G1 X113.7 Y148.498 E-.40339
G1 X113.7 Y148.556 E-.02755
G1 X113.986 Y148.27 E-.1922
;WIPE_END
G1 Z4.6 F9000
;AFTER_LAYER_CHANGE
;4.6
G1 X114.895 Y148.076
G1 E5 F2400
;TYPE:Perimeter
;WIDTH:0.439999
G1 X114.697 Y148.343 E.01098
G1 X114.606 Y148.755 E.01393
G1 X114.606 Y149.856 E.03635
G1 X113.394 Y149.856 E.04002
G1 X113.394 Y130.244 E.64753
G1 X129.494 Y130.244 E.53158
G1 X129.923 Y130.144 E.01454
G1 X130.238 Y129.898 E.0132
G1 X130.407 Y129.607 E.01111
G1 X130.467 Y129.271 E.01127
G1 X130.467 Y127.678 E.0526
G1 X130.695 Y128.05 E.01441
G1 X131.279 Y128.244 E.02032
G1 X132.121 Y128.244 E.0278
G1 X132.705 Y128.05 E.02032
G1 X132.934 Y127.676 E.01448
G1 X132.96 Y129.492 E.05997
G1 X133.163 Y129.898 E.01499
G1 X133.478 Y130.144 E.0132
G1 X133.907 Y130.244 E.01454
G1 X150.003 Y130.244 E.53145
G1 X150.003 Y132.414 E.07165
G1 X150.003 Y149.856 E.57589
G1 X148.791 Y149.856 E.04002
G1 X148.791 Y148.756 E.03632
G1 X148.7 Y148.344 E.01393
G1 X148.47 Y148.034 E.01274
G1 X148.192 Y147.858 E.01086
G1 X147.823 Y147.784 E.01243
G1 X147.191 Y147.781 E.02087
G1 X147.191 Y145.519 E.07469
G1 X148.08 Y145.481 E.02938
G1 X148.47 Y145.266 E.0147
G1 X148.7 Y144.956 E.01274
G1 X148.791 Y144.544 E.01393
G1 X148.791 Y139.949 E.15171
G1 X148.735 Y138.98 E.03205
G1 X148.58 Y138.073 E.03038
G1 X148.329 Y137.188 E.03037
G1 X147.983 Y136.336 E.03036
G1 X147.547 Y135.526 E.03037
G1 X147.026 Y134.768 E.03037
G1 X146.341 Y133.99 E.03423
G1 X145.734 Y133.428 E.02731
G1 X144.743 Y132.715 E.04031
G1 X143.816 Y132.22 E.0347
G1 X142.959 Y131.885 E.03038
G1 X142.071 Y131.644 E.03038
G1 X141.163 Y131.501 E.03035
G1 X140.298 Y131.456 E.0286
G1 X122.693 Y131.467 E.58127
G1 X121.352 Y131.641 E.04465
G1 X120.338 Y131.919 E.03471
G1 X119.463 Y132.277 E.03121
G1 X118.29 Y132.95 E.04465
G1 X117.562 Y133.511 E.03035
G1 X116.898 Y134.148 E.03038
G1 X116.307 Y134.852 E.03035
G1 X115.796 Y135.617 E.03037
G1 X115.37 Y136.432 E.03036
G1 X115.035 Y137.288 E.03035
G1 X114.795 Y138.176 E.03037
G1 X114.651 Y139.084 E.03035
G1 X114.606 Y139.949 E.0286
G1 X114.606 Y144.545 E.15175
G1 X114.697 Y144.957 E.01393
G1 X114.927 Y145.267 E.01274
G1 X115.205 Y145.443 E.01086
G1 X115.575 Y145.518 E.01246
G1 X116.206 Y145.52 E.02083
G1 X116.206 Y147.78 E.07462
G1 X115.318 Y147.818 E.02935
G1 X114.932 Y148.03 E.01454
G1 E-3.5 F3600
;WIPE_START
G1 F7200
G1 X114.895 Y148.076 E-.02804
G1 X114.697 Y148.343 E-.15789
G1 X114.606 Y148.755 E-.20042
G1 X114.606 Y149.856 E-.52297
G1 X113.394 Y149.856 E-.5757
G1 X113.394 Y149.824 E-.01498
;WIPE_END
G1 X133.138 Y120.294 F9000
G1 E5 F2400
;WIDTH:0.528074
G1 F1500
G1 X133.137 Y120.576 E.01138
G1 E-3.5 F3600
;WIPE_START
G1 F7200
G1 X133.138 Y120.294 E-.13395
;WIPE_END
G1 E-1.36605 F3600
G1 X130.262 Y120.294 F9000
G1 E5 F2400
;WIDTH:0.527982
G1 F1500
G1 X130.263 Y120.577 E.01141
G1 X130 Y121.028 F9000
;WIDTH:0.518707
G1 F2400
G1 X129.946 Y120.94 E.00408
;WIDTH:0.479353
G1 X129.855 Y120.789 E.0064
;WIDTH:0.439999
G1 X129.823 Y120.581 E.00695
G1 X129.826 Y119.856 E.02394
G1 X130.703 Y119.851 E.02896
G1 X130.703 Y120.577 E.02397
;WIDTH:0.479353
G1 X130.683 Y120.799 E.00809
;WIDTH:0.518707
G1 X130.664 Y121.02 E.00878
;WIDTH:0.558061
G1 X130.644 Y121.241 E.00951
G1 X130.644 Y127.271 E.25829
;WIDTH:0.564819
G1 X130.65 Y127.382 E.00482
G1 X130.744 Y127.498 E.00648
;WIDTH:0.523213
G1 X130.839 Y127.615 E.00602
;WIDTH:0.481606
G1 X130.933 Y127.732 E.00547
;WIDTH:0.439999
G1 X131.279 Y127.847 E.01204
G1 X132.121 Y127.847 E.0278
G1 X132.467 Y127.732 E.01204
;WIDTH:0.481744
G1 X132.561 Y127.615 E.00548
;WIDTH:0.523489
G1 X132.656 Y127.498 E.00602
;WIDTH:0.565233
G1 X132.75 Y127.382 E.00648
G1 X132.756 Y127.271 E.00483
;WIDTH:0.55847
G1 X132.756 Y121.24 E.25854
;WIDTH:0.558076
G1 X132.736 Y121.019 E.00951
;WIDTH:0.518717
G1 X132.717 Y120.797 E.00882
;WIDTH:0.479358
G1 X132.697 Y120.576 E.00805
;WIDTH:0.439999
G1 X132.697 Y119.851 E.02394
G1 X133.574 Y119.856 E.02896
G1 X133.576 Y120.744 E.02932
G1 X133.474 Y120.86 E.0051
;WIDTH:0.479358
G1 X133.406 Y120.987 E.00523
;WIDTH:0.518717
G1 X133.339 Y121.113 E.00565
;WIDTH:0.558076
G1 X133.271 Y121.24 E.00617
;WIDTH:0.55847
G1 X133.272 Y127.271 E.25854
;WIDTH:0.565233
G1 X133.289 Y127.672 E.01743
;WIDTH:0.523489
G1 X133.31 Y127.918 E.00987
;WIDTH:0.481744
G1 X133.331 Y128.164 E.00901
;WIDTH:0.439999
G1 X133.346 Y129.402 E.04088
G1 X133.467 Y129.642 E.00887
G1 X133.653 Y129.788 E.00781
G1 X133.907 Y129.847 E.00861
G1 X150.4 Y129.847 E.54455
G1 X150.4 Y132.414 E.08476
G1 X150.4 Y150.253 E.58899
G1 X148.394 Y150.253 E.06623
G1 X148.394 Y148.756 E.04943
G1 X148.34 Y148.512 E.00825
G1 X148.204 Y148.329 E.00753
G1 X148.04 Y148.225 E.00641
G1 X147.822 Y148.181 E.00734
G1 X146.794 Y148.176 E.03394
G1 X146.794 Y145.124 E.10077
G1 X147.822 Y145.119 E.03394
G1 X147.973 Y145.098 E.00503
G1 X148.204 Y144.971 E.0087
G1 X148.34 Y144.788 E.00753
G1 X148.394 Y144.544 E.00825
G1 X148.394 Y139.949 E.15171
G1 X148.343 Y139.044 E.02993
G1 X148.198 Y138.179 E.02896
G1 X147.96 Y137.335 E.02895
G1 X147.632 Y136.522 E.02895
G1 X147.219 Y135.749 E.02894
G1 X146.724 Y135.026 E.02893
G1 X146.068 Y134.278 E.03285
G1 X145.503 Y133.75 E.02553
G1 X144.445 Y132.997 E.04288
G1 X143.669 Y132.589 E.02895
G1 X142.853 Y132.268 E.02895
G1 X142.007 Y132.036 E.02896
G1 X141.142 Y131.898 E.02892
G1 X140.298 Y131.853 E.02791
G1 X122.693 Y131.864 E.58127
G1 X121.405 Y132.034 E.0429
G1 X120.485 Y132.287 E.0315
G1 X119.659 Y132.622 E.02943
G1 X118.531 Y133.266 E.04289
G1 X117.835 Y133.8 E.02896
G1 X117.201 Y134.405 E.02893
G1 X116.636 Y135.075 E.02894
G1 X116.147 Y135.803 E.02896
G1 X115.739 Y136.579 E.02895
G1 X115.418 Y137.394 E.02892
G1 X115.186 Y138.24 E.02896
G1 X115.048 Y139.106 E.02895
G1 X115.003 Y139.949 E.02787
G1 X115.003 Y144.545 E.15175
G1 X115.057 Y144.789 E.00825
G1 X115.193 Y144.972 E.00753
G1 X115.357 Y145.076 E.00641
G1 X115.576 Y145.121 E.00738
G1 X116.603 Y145.124 E.03391
G1 X116.603 Y148.176 E.10077
G1 X115.576 Y148.179 E.03391
G1 X115.425 Y148.2 E.00503
G1 X115.193 Y148.328 E.00875
G1 X115.057 Y148.511 E.00753
G1 X115.003 Y148.755 E.00825
G1 X115.003 Y150.253 E.04946
G1 X112.997 Y150.253 E.06623
G1 X112.997 Y129.847 E.67375
G1 X129.494 Y129.847 E.54469
G1 X129.748 Y129.788 E.00861
G1 X129.934 Y129.642 E.00781
G1 X130.034 Y129.47 E.00657
G1 X130.07 Y129.271 E.00668
G1 X130.07 Y128.164 E.03655
;WIDTH:0.479353
G1 X130.089 Y127.866 E.01084
;WIDTH:0.518706
G1 X130.109 Y127.569 E.01178
;WIDTH:0.558059
G1 X130.129 Y127.271 E.01279
G1 X130.129 Y121.241 E.25829
G1 X130.038 Y121.09 E.00755
;WIDTH:0.518707
G1 X130.031 Y121.079 E.00052
G1 X129.657 Y121.173 F9000
;TYPE:External perimeter
;WIDTH:0.419999
G1 F1500
G1 X129.637 Y121.118 E.00183
G1 X129.514 Y120.996 E.00543
G1 X129.438 Y120.816 E.00613
G1 X129.431 Y119.868 E.02972
G1 X129.524 Y119.602 E.00884
G1 X129.756 Y119.469 E.00838
G1 X131.09 Y119.461 E.04183
G1 X131.09 Y127.271 E.24488
G1 X131.165 Y127.422 E.00529
G1 X131.279 Y127.46 E.00377
G1 X131.907 Y127.46 E.01969
G1 X132.235 Y127.422 E.01035
G1 X132.31 Y127.271 E.00529
G1 X132.31 Y119.461 E.24488
G1 X133.644 Y119.469 E.04183
G1 X133.876 Y119.602 E.00838
G1 X133.956 Y119.788 E.00635
G1 X133.966 Y120.3 E.01606
G1 X133.947 Y120.87 E.01788
G1 X133.764 Y121.115 E.00959
G1 X133.717 Y121.24 E.00419
G1 X133.718 Y129.271 E.25181
G1 X133.763 Y129.393 E.00408
G1 X133.907 Y129.46 E.00498
G1 X150.787 Y129.46 E.52926
G1 X150.787 Y132.414 E.09262
G1 X150.787 Y150.64 E.57146
G1 X148.007 Y150.64 E.08716
G1 X148.007 Y148.756 E.05907
G1 X147.945 Y148.616 E.0048
G1 X147.82 Y148.568 E.0042
G1 X146.634 Y148.562 E.03719
G1 X146.479 Y148.517 E.00506
G1 X146.407 Y148.353 E.00562
G1 X146.407 Y145 E.10513
G1 X146.456 Y144.807 E.00624
G1 X146.575 Y144.738 E.00431
G1 X147.82 Y144.732 E.03904
G1 X147.945 Y144.684 E.0042
G1 X148.007 Y144.544 E.0048
G1 X148.007 Y139.949 E.14407
G1 X147.961 Y139.106 E.02647
G1 X147.825 Y138.283 E.02615
G1 X147.6 Y137.479 E.02618
G1 X147.29 Y136.703 E.0262
G1 X146.898 Y135.966 E.02617
G1 X146.429 Y135.276 E.02616
G1 X145.801 Y134.559 E.02988
G1 X145.277 Y134.064 E.0226
G1 X144.263 Y133.339 E.03908
G1 X143.525 Y132.949 E.02617
G1 X142.75 Y132.641 E.02615
G1 X141.944 Y132.418 E.02622
G1 X141.121 Y132.284 E.02614
G1 X140.298 Y132.24 E.02584
G1 X122.693 Y132.251 E.55199
G1 X121.458 Y132.418 E.03907
G1 X120.629 Y132.647 E.02697
G1 X119.849 Y132.959 E.02634
G1 X118.765 Y133.574 E.03908
G1 X118.101 Y134.081 E.02619
G1 X117.496 Y134.655 E.02615
G1 X116.956 Y135.292 E.02618
G1 X116.489 Y135.984 E.02618
G1 X116.099 Y136.722 E.02617
G1 X115.791 Y137.498 E.02618
G1 X115.568 Y138.303 E.02619
G1 X115.434 Y139.127 E.02618
G1 X115.39 Y139.949 E.02581
G1 X115.39 Y144.545 E.1441
G1 X115.452 Y144.685 E.0048
G1 X115.578 Y144.734 E.00424
G1 X116.763 Y144.738 E.03715
G1 X116.918 Y144.783 E.00506
G1 X116.99 Y144.947 E.00562
G1 X116.99 Y148.3 E.10513
G1 X116.942 Y148.493 E.00624
G1 X116.822 Y148.562 E.00434
G1 X115.578 Y148.566 E.039
G1 X115.452 Y148.615 E.00424
G1 X115.39 Y148.755 E.0048
G1 X115.39 Y150.64 E.0591
G1 X112.61 Y150.64 E.08716
G1 X112.61 Y129.46 E.66408
G1 X129.494 Y129.46 E.52939
G1 X129.638 Y129.393 E.00498
G1 X129.683 Y129.271 E.00408
G1 X129.683 Y121.241 E.25177
G1 X129.678 Y121.229 E.00041
G1 E-3.5 F3600
;WIPE_START
G1 F7200
G1 X129.657 Y121.173 E-.02841
G1 X129.637 Y121.118 E-.0278
G1 X129.514 Y120.996 E-.08229
G1 X129.438 Y120.816 E-.09281
G1 X129.431 Y119.868 E-.45031
G1 X129.524 Y119.602 E-.13385
G1 X129.756 Y119.469 E-.12702
G1 X130.93 Y119.462 E-.55751
;WIPE_END
G1 X131.926 Y128.55 F9000
G1 E5 F2400
;TYPE:Internal infill
;WIDTH:0.44
G1 F3000
G1 X131.261 Y128.55 E.02196
G1 X130.772 Y128.387 E.01702
G1 X130.725 Y129.583 E.03952
G1 X132.301 Y131.16 E.07361
G1 X131.095 Y131.161 E.03982
G1 X132.669 Y129.587 E.0735
G1 X132.929 Y130.098 E.01893
G1 X133.343 Y130.422 E.01736
G1 X133.895 Y130.55 E.01871
G1 X134.609 Y130.55 E.02357
G1 X133.21 Y131.159 F9000
G1 F3000
G1 X135.593 Y131.156 E.07868
G1 X136.183 Y130.55 E.02793
G1 X136.788 Y131.154 E.02823
G1 X140.091 Y131.15 E.10906
G1 X140.691 Y130.55 E.02802
G1 X141.341 Y131.215 E.0307
G1 X142.251 Y131.371 E.03048
G1 X143.047 Y131.592 E.02728
G1 X143.83 Y131.904 E.02783
G1 X145.184 Y130.55 E.06322
G1 X149.697 Y135.079 E.2111
G1 X149.697 Y135.021 E.00192
G1 X148.332 Y136.386 E.06374
G1 X148.615 Y137.08 E.02475
G1 X148.876 Y137.996 E.03145
G1 X149.024 Y138.898 E.03018
G1 X149.697 Y139.571 E.03142
G1 X149.697 Y139.513 E.00192
G1 X149.097 Y140.114 E.02804
G1 X149.097 Y143.464 E.11061
G1 X149.697 Y144.064 E.02802
G1 X149.697 Y144.006 E.00192
G1 X149.092 Y144.612 E.02827
G1 X148.976 Y145.089 E.01621
G1 X148.677 Y145.493 E.01659
G1 X148.315 Y145.722 E.01414
G1 X147.889 Y145.814 E.01439
G1 X147.497 Y146.206 E.0183
G1 X147.497 Y146.356 E.00495
G1 X149.697 Y148.556 E.10273
G1 X149.697 Y148.498 E.00192
G1 X149.097 Y149.099 E.02804
G1 X149.097 Y149.55 E.01489
G1 X149.697 Y149.55 E.01981
G1 X149.697 Y148.755 E.02625
G1 E-3.5 F3600
;WIPE_START
G1 F7200
G1 X149.697 Y149.55 E-.37763
G1 X149.097 Y149.55 E-.285
G1 X149.097 Y149.099 E-.21423
G1 X149.697 Y148.498 E-.40339
G1 X149.697 Y148.556 E-.02755
G1 X149.411 Y148.27 E-.1922
;WIPE_END
G1 X144.606 Y132.294 F9000
G1 E5 F2400
G1 F3000
G1 X145.918 Y133.183 E.05233
G1 X146.498 Y133.728 E.02628
G1 X149.676 Y130.55 E.14839
G1 X147.294 Y130.55 E.07865
G1 E-3.5 F3600
;WIPE_START
G1 F7200
G1 X149.676 Y130.55 E-1.13145
G1 X149.127 Y131.099 E-.36855
;WIPE_END
G1 X116.104 Y130.55 F9000
G1 E5 F2400
G1 F3000
G1 X113.721 Y130.55 E.07868
G1 X116.895 Y133.724 E.14821
G1 X117.453 Y133.203 E.02521
G1 X118.111 Y132.703 E.02729
G1 X118.798 Y132.307 E.02618
G1 E-3.5 F3600
;WIPE_START
G1 F7200
G1 X118.111 Y132.703 E-.37666
G1 X117.453 Y133.203 E-.39255
G1 X116.895 Y133.724 E-.36262
G1 X116.347 Y133.176 E-.36817
;WIPE_END
G1 X130.196 Y131.162 F9000
G1 E5 F2400
G1 F3000
G1 X127.814 Y131.165 E.07865
G1 X127.199 Y130.55 E.02872
G1 X126.597 Y131.167 E.02846
G1 X123.327 Y131.171 E.10797
G1 X122.706 Y130.55 E.029
G1 X122.032 Y131.24 E.03185
G1 X121.259 Y131.345 E.02576
G1 X120.23 Y131.633 E.03528
G1 X119.568 Y131.905 E.02363
G1 X118.214 Y130.55 E.06325
G1 X113.7 Y135.079 E.21113
G1 X113.7 Y135.021 E.00192
G1 X115.061 Y136.382 E.06355
G1 X114.783 Y137.08 E.02481
G1 X114.521 Y137.996 E.03146
G1 X114.365 Y138.906 E.03048
G1 X113.7 Y139.571 E.03105
G1 X113.7 Y139.513 E.00192
G1 X114.302 Y140.115 E.02811
G1 X114.3 Y143.463 E.11054
G1 X113.7 Y144.064 E.02804
G1 X113.7 Y144.006 E.00192
G1 X114.305 Y144.611 E.02825
G1 X114.421 Y145.09 E.01627
G1 X114.719 Y145.494 E.01658
G1 X115.081 Y145.723 E.01414
G1 X115.51 Y145.816 E.01449
G1 X115.9 Y146.206 E.01821
G1 X115.9 Y146.356 E.00495
G1 X113.7 Y148.556 E.10273
G1 X113.7 Y148.498 E.00192
G1 X114.3 Y149.099 E.02804
G1 X114.3 Y149.55 E.01489
G1 X113.7 Y149.55 E.01981
G1 X113.7 Y148.755 E.02625
;LAYER_CHANGE
;Z:4.8
;HEIGHT:0.2
;BEFORE_LAYER_CHANGE
G92 E0
;4.8


G1 E-3.5 F3600
;WIPE_START
G1 F7200
G1 X113.7 Y149.55 E-.37763
G1 X114.3 Y149.55 E-.285
G1 X114.3 Y149.099 E-.21423
G1 X113.7 Y148.498 E-.40339
G1 X113.7 Y148.556 E-.02755
G1 X113.986 Y148.27 E-.1922
;WIPE_END
G1 Z4.8 F9000
;AFTER_LAYER_CHANGE
;4.8
G1 X114.894 Y148.037
G1 E5 F2400
;TYPE:Perimeter
;WIDTH:0.439999
G1 X114.694 Y148.312 E.01123
G1 X114.606 Y148.717 E.01368
G1 X114.606 Y149.856 E.03761
G1 X113.394 Y149.856 E.04002
G1 X113.394 Y130.244 E.64753
G1 X129.53 Y130.244 E.53277
G1 X129.953 Y130.147 E.01433
G1 X130.266 Y129.907 E.01302
G1 X130.437 Y129.621 E.011
G1 X130.503 Y129.271 E.01176
G1 X130.503 Y127.736 E.05068
G1 X130.695 Y128.05 E.01215
G1 X131.279 Y128.244 E.02032
G1 X132.121 Y128.244 E.0278
G1 X132.705 Y128.05 E.02032
G1 X132.897 Y127.736 E.01215
G1 X132.923 Y129.493 E.05802
G1 X133.134 Y129.907 E.01534
G1 X133.447 Y130.147 E.01302
G1 X133.87 Y130.244 E.01433
G1 X150.003 Y130.244 E.53267
G1 X150.003 Y132.414 E.07165
G1 X150.003 Y149.856 E.57589
G1 X148.791 Y149.856 E.04002
G1 X148.791 Y148.718 E.03757
G1 X148.703 Y148.313 E.01368
G1 X148.48 Y148.005 E.01255
G1 X148.207 Y147.826 E.01078
G1 X147.824 Y147.745 E.01293
G1 X147.191 Y147.742 E.0209
G1 X147.191 Y145.558 E.07211
G1 X147.824 Y145.555 E.0209
G1 X148.207 Y145.474 E.01293
G1 X148.48 Y145.295 E.01078
G1 X148.703 Y144.987 E.01255
G1 X148.791 Y144.582 E.01368
G1 X148.791 Y139.949 E.15297
G1 X148.735 Y138.98 E.03205
G1 X148.58 Y138.073 E.03038
G1 X148.329 Y137.188 E.03037
G1 X147.983 Y136.336 E.03036
G1 X147.547 Y135.526 E.03037
G1 X147.026 Y134.768 E.03037
G1 X146.341 Y133.99 E.03423
G1 X145.734 Y133.428 E.02731
G1 X144.743 Y132.715 E.04031
G1 X143.816 Y132.22 E.0347
G1 X142.959 Y131.885 E.03038
G1 X142.071 Y131.644 E.03038
G1 X141.163 Y131.501 E.03035
G1 X140.298 Y131.456 E.0286
G1 X122.693 Y131.467 E.58127
G1 X121.352 Y131.641 E.04465
G1 X120.338 Y131.919 E.03471
G1 X119.463 Y132.277 E.03121
G1 X118.29 Y132.95 E.04465
G1 X117.562 Y133.511 E.03035
G1 X116.898 Y134.148 E.03038
G1 X116.307 Y134.852 E.03035
G1 X115.796 Y135.617 E.03037
G1 X115.37 Y136.432 E.03036
G1 X115.035 Y137.288 E.03035
G1 X114.795 Y138.176 E.03037
G1 X114.651 Y139.084 E.03035
G1 X114.606 Y139.949 E.0286
G1 X114.606 Y144.583 E.153
G1 X114.694 Y144.988 E.01368
G1 X114.917 Y145.296 E.01255
G1 X115.19 Y145.474 E.01076
G1 X115.574 Y145.555 E.01296
G1 X116.206 Y145.558 E.02087
G1 X116.206 Y147.742 E.07211
G1 X115.574 Y147.745 E.02087
G1 X115.19 Y147.826 E.01296
G1 X114.934 Y147.993 E.01009
G1 E-3.5 F3600
;WIPE_START
G1 F7200
G1 X114.894 Y148.037 E-.02825
G1 X114.694 Y148.312 E-.16152
G1 X114.606 Y148.717 E-.19686
G1 X114.606 Y149.856 E-.54102
G1 X113.401 Y149.856 E-.57235
;WIPE_END
G1 X133.122 Y120.274 F9000
G1 E5 F2400
;WIDTH:0.496648
G1 F1500
G1 X133.121 Y120.578 E.01147
G1 E-3.5 F3600
;WIPE_START
G1 F7200
G1 X133.122 Y120.274 E-.1444
;WIPE_END
G1 E-1.3556 F3600
G1 X130.278 Y120.278 F9000
G1 E5 F2400
;WIDTH:0.496552
G1 F1500
G1 X130.279 Y120.578 E.01132
G1 X130.044 Y121.022 F9000
;WIDTH:0.506761
G1 F2400
G1 X130.026 Y120.987 E.00152
;WIDTH:0.47338
G1 X129.961 Y120.859 E.00514
;WIDTH:0.439999
G1 X129.856 Y120.741 E.00522
G1 X129.85 Y119.939 E.02648
G1 X129.89 Y119.855 E.00307
G1 X130.703 Y119.851 E.02684
G1 X130.703 Y120.578 E.024
;WIDTH:0.47338
G1 X130.686 Y120.799 E.00793
;WIDTH:0.506761
G1 X130.67 Y121.02 E.00855
;WIDTH:0.540141
G1 X130.653 Y121.241 E.00916
G1 X130.653 Y127.271 E.2493
;WIDTH:0.546795
G1 X130.659 Y127.38 E.00457
G1 X130.75 Y127.497 E.00621
;WIDTH:0.511197
G1 X130.842 Y127.615 E.00583
;WIDTH:0.475598
G1 X130.933 Y127.732 E.00533
;WIDTH:0.439999
G1 X131.279 Y127.847 E.01204
G1 X132.121 Y127.847 E.0278
G1 X132.467 Y127.732 E.01204
;WIDTH:0.475608
G1 X132.558 Y127.615 E.00533
;WIDTH:0.511217
G1 X132.65 Y127.497 E.00583
;WIDTH:0.546826
G1 X132.741 Y127.38 E.00621
G1 X132.747 Y127.271 E.00457
;WIDTH:0.540202
G1 X132.747 Y121.241 E.24934
G1 X132.73 Y121.02 E.00917
;WIDTH:0.506793
G1 X132.714 Y120.799 E.00855
;WIDTH:0.473396
G1 X132.697 Y120.578 E.00793
;WIDTH:0.439999
G1 X132.697 Y119.848 E.0241
G1 X133.481 Y119.849 E.02589
G1 X133.551 Y119.903 E.00292
G1 X133.545 Y120.714 E.02678
G1 X133.47 Y120.827 E.00448
;WIDTH:0.473396
G1 X133.395 Y120.965 E.00562
;WIDTH:0.506793
G1 X133.32 Y121.103 E.00606
;WIDTH:0.540189
G1 X133.244 Y121.241 E.00651
G1 X133.244 Y127.271 E.24933
;WIDTH:0.546826
G1 X133.259 Y127.664 E.01648
;WIDTH:0.511217
G1 X133.277 Y127.905 E.00941
;WIDTH:0.475608
G1 X133.295 Y128.146 E.00869
;WIDTH:0.439999
G1 X133.31 Y129.402 E.04147
G1 X133.435 Y129.648 E.00911
G1 X133.62 Y129.79 E.0077
G1 X133.87 Y129.847 E.00847
G1 X150.4 Y129.847 E.54578
G1 X150.4 Y132.414 E.08476
G1 X150.4 Y150.253 E.58899
G1 X148.394 Y150.253 E.06623
G1 X148.394 Y148.718 E.05068
G1 X148.342 Y148.478 E.00811
G1 X148.21 Y148.296 E.00742
G1 X148.049 Y148.19 E.00636
G1 X147.822 Y148.142 E.00766
G1 X146.794 Y148.137 E.03394
G1 X146.794 Y145.163 E.09819
G1 X147.822 Y145.158 E.03394
G1 X147.963 Y145.139 E.0047
G1 X148.21 Y145.004 E.00929
G1 X148.342 Y144.822 E.00742
G1 X148.394 Y144.582 E.00811
G1 X148.394 Y139.949 E.15297
G1 X148.343 Y139.044 E.02993
G1 X148.198 Y138.179 E.02896
G1 X147.96 Y137.335 E.02895
G1 X147.632 Y136.522 E.02895
G1 X147.219 Y135.749 E.02894
G1 X146.724 Y135.026 E.02893
G1 X146.068 Y134.278 E.03285
G1 X145.503 Y133.75 E.02553
G1 X144.445 Y132.997 E.04288
G1 X143.669 Y132.589 E.02895
G1 X142.853 Y132.268 E.02895
G1 X142.007 Y132.036 E.02896
G1 X141.142 Y131.898 E.02892
G1 X140.298 Y131.853 E.02791
G1 X122.693 Y131.864 E.58127
G1 X121.405 Y132.034 E.0429
G1 X120.485 Y132.287 E.0315
G1 X119.659 Y132.622 E.02943
G1 X118.531 Y133.266 E.04289
G1 X117.835 Y133.8 E.02896
G1 X117.201 Y134.405 E.02893
G1 X116.636 Y135.075 E.02894
G1 X116.147 Y135.803 E.02896
G1 X115.739 Y136.579 E.02895
G1 X115.418 Y137.394 E.02892
G1 X115.186 Y138.24 E.02896
G1 X115.048 Y139.106 E.02895
G1 X115.003 Y139.949 E.02787
G1 X115.003 Y144.583 E.153
G1 X115.055 Y144.823 E.00811
G1 X115.187 Y145.005 E.00742
G1 X115.348 Y145.11 E.00635
G1 X115.576 Y145.158 E.00769
G1 X116.603 Y145.163 E.03391
G1 X116.603 Y148.137 E.09819
G1 X115.576 Y148.142 E.03391
G1 X115.434 Y148.16 E.00473
G1 X115.187 Y148.295 E.00929
G1 X115.055 Y148.477 E.00742
G1 X115.003 Y148.717 E.00811
G1 X115.003 Y150.253 E.05071
G1 X112.997 Y150.253 E.06623
G1 X112.997 Y129.847 E.67375
G1 X129.53 Y129.847 E.54587
G1 X129.78 Y129.79 E.00847
G1 X129.965 Y129.648 E.0077
G1 X130.067 Y129.478 E.00655
G1 X130.105 Y129.271 E.00695
G1 X130.105 Y128.146 E.03714
;WIDTH:0.47339
G1 X130.122 Y127.854 E.01047
;WIDTH:0.50678
G1 X130.139 Y127.563 E.01124
;WIDTH:0.54017
G1 X130.156 Y127.271 E.01209
G1 X130.156 Y121.241 E.24932
G1 X130.091 Y121.114 E.0059
;WIDTH:0.506761
G1 X130.071 Y121.076 E.00166
G1 X129.692 Y121.172 F9000
;TYPE:External perimeter
;WIDTH:0.419999
G1 F1500
G1 X129.671 Y121.116 E.00188
G1 X129.548 Y120.978 E.0058
G1 X129.469 Y120.822 E.00548
G1 X129.462 Y119.877 E.02963
G1 X129.563 Y119.607 E.00904
G1 X129.805 Y119.469 E.00873
G1 X131.09 Y119.461 E.04029
G1 X131.09 Y127.271 E.24488
G1 X131.165 Y127.422 E.00529
G1 X131.279 Y127.46 E.00377
G1 X132.121 Y127.46 E.0264
G1 X132.235 Y127.422 E.00377
G1 X132.31 Y127.271 E.00529
G1 X132.31 Y119.46 E.24491
G1 X133.471 Y119.462 E.0364
G1 X133.661 Y119.497 E.00606
G1 X133.842 Y119.603 E.00658
G1 X133.938 Y119.869 E.00887
G1 X133.932 Y120.655 E.02465
G1 X133.893 Y120.904 E.0079
G1 X133.682 Y121.241 E.01247
G1 X133.682 Y129.271 E.25177
G1 X133.728 Y129.395 E.00415
G1 X133.87 Y129.46 E.0049
G1 X150.787 Y129.46 E.53042
G1 X150.787 Y132.414 E.09262
G1 X150.787 Y150.64 E.57146
G1 X148.007 Y150.64 E.08716
G1 X148.007 Y148.718 E.06026
G1 X147.947 Y148.58 E.00472
G1 X147.82 Y148.529 E.00429
G1 X146.652 Y148.524 E.03662
G1 X146.457 Y148.444 E.00661
G1 X146.407 Y148.292 E.00502
G1 X146.407 Y145.052 E.10159
G1 X146.457 Y144.856 E.00634
G1 X146.586 Y144.777 E.00474
G1 X147.82 Y144.771 E.03869
G1 X147.947 Y144.72 E.00429
G1 X148.007 Y144.582 E.00472
G1 X148.007 Y139.949 E.14526
G1 X147.961 Y139.106 E.02647
G1 X147.825 Y138.283 E.02615
G1 X147.6 Y137.479 E.02618
G1 X147.29 Y136.703 E.0262
G1 X146.898 Y135.966 E.02617
G1 X146.429 Y135.276 E.02616
G1 X145.801 Y134.559 E.02988
G1 X145.277 Y134.064 E.0226
G1 X144.263 Y133.339 E.03908
G1 X143.525 Y132.949 E.02617
G1 X142.75 Y132.641 E.02615
G1 X141.944 Y132.418 E.02622
G1 X141.121 Y132.284 E.02614
G1 X140.298 Y132.24 E.02584
G1 X122.693 Y132.251 E.55199
G1 X121.458 Y132.418 E.03907
G1 X120.629 Y132.647 E.02697
G1 X119.849 Y132.959 E.02634
G1 X118.765 Y133.574 E.03908
G1 X118.101 Y134.081 E.02619
G1 X117.496 Y134.655 E.02615
G1 X116.956 Y135.292 E.02618
G1 X116.489 Y135.984 E.02618
G1 X116.099 Y136.722 E.02617
G1 X115.791 Y137.498 E.02618
G1 X115.568 Y138.303 E.02619
G1 X115.434 Y139.127 E.02618
G1 X115.39 Y139.949 E.02581
G1 X115.39 Y144.583 E.1453
G1 X115.45 Y144.721 E.00472
G1 X115.578 Y144.771 E.00431
G1 X116.745 Y144.776 E.03659
G1 X116.94 Y144.856 E.00661
G1 X116.99 Y145.008 E.00502
G1 X116.99 Y148.248 E.10159
G1 X116.94 Y148.444 E.00634
G1 X116.811 Y148.523 E.00474
G1 X115.578 Y148.529 E.03866
G1 X115.45 Y148.579 E.00431
G1 X115.39 Y148.717 E.00472
G1 X115.39 Y150.64 E.06029
G1 X112.61 Y150.64 E.08716
G1 X112.61 Y129.46 E.66408
G1 X129.53 Y129.46 E.53051
G1 X129.673 Y129.395 E.00493
G1 X129.718 Y129.271 E.00414
G1 X129.718 Y121.241 E.25177
G1 X129.714 Y121.228 E.00043
G1 E-3.5 F3600
;WIPE_START
G1 F7200
G1 X129.692 Y121.172 E-.02858
G1 X129.671 Y121.116 E-.02841
G1 X129.548 Y120.978 E-.08781
G1 X129.469 Y120.822 E-.08306
G1 X129.462 Y119.877 E-.44889
G1 X129.563 Y119.607 E-.13693
G1 X129.805 Y119.469 E-.13233
G1 X130.971 Y119.462 E-.55399
;WIPE_END
G1 X131.948 Y128.55 F9000
G1 E5 F2400
;TYPE:Internal infill
;WIDTH:0.44
G1 F3000
G1 X131.261 Y128.55 E.02268
G1 X130.808 Y128.399 E.01577
G1 X130.804 Y129.379 E.03236
G1 X130.752 Y129.61 E.00782
G1 X132.301 Y131.16 E.07235
G1 X131.095 Y131.161 E.03982
G1 X132.641 Y129.615 E.07219
G1 X132.903 Y130.11 E.01849
G1 X133.314 Y130.425 E.0171
G1 X133.858 Y130.55 E.01843
G1 X134.601 Y130.55 E.02453
G1 X133.21 Y131.159 F9000
G1 F3000
G1 X135.593 Y131.156 E.07868
G1 X136.183 Y130.55 E.02793
G1 X136.788 Y131.154 E.02823
G1 X140.091 Y131.15 E.10906
G1 X140.691 Y130.55 E.02802
G1 X141.341 Y131.215 E.0307
G1 X142.251 Y131.371 E.03048
G1 X143.047 Y131.592 E.02728
G1 X143.83 Y131.904 E.02783
G1 X145.184 Y130.55 E.06322
G1 X149.697 Y135.079 E.2111
G1 X149.697 Y135.021 E.00192
G1 X148.332 Y136.386 E.06374
G1 X148.615 Y137.08 E.02475
G1 X148.876 Y137.996 E.03145
G1 X149.024 Y138.898 E.03018
G1 X149.697 Y139.571 E.03142
G1 X149.697 Y139.513 E.00192
G1 X149.097 Y140.114 E.02804
G1 X149.097 Y143.464 E.11061
G1 X149.697 Y144.064 E.02802
G1 X149.697 Y144.006 E.00192
G1 X149.095 Y144.608 E.02811
G1 X148.981 Y145.119 E.01729
G1 X148.69 Y145.52 E.01636
G1 X148.334 Y145.753 E.01405
G1 X147.845 Y145.859 E.01652
G1 X147.497 Y146.206 E.01623
G1 X147.497 Y146.356 E.00495
G1 X149.697 Y148.556 E.10273
G1 X149.697 Y148.498 E.00192
G1 X149.097 Y149.099 E.02804
G1 X149.097 Y149.55 E.01489
G1 X149.697 Y149.55 E.01981
G1 X149.697 Y148.755 E.02625
G1 E-3.5 F3600
;WIPE_START
G1 F7200
G1 X149.697 Y149.55 E-.37763
G1 X149.097 Y149.55 E-.285
G1 X149.097 Y149.099 E-.21423
G1 X149.697 Y148.498 E-.40339
G1 X149.697 Y148.556 E-.02755
G1 X149.411 Y148.27 E-.1922
;WIPE_END
G1 X144.606 Y132.294 F9000
G1 E5 F2400
G1 F3000
G1 X145.918 Y133.183 E.05233
G1 X146.498 Y133.728 E.02628
G1 X149.676 Y130.55 E.14839
G1 X147.294 Y130.55 E.07865
G1 E-3.5 F3600
;WIPE_START
G1 F7200
G1 X149.676 Y130.55 E-1.13145
G1 X149.127 Y131.099 E-.36855
;WIPE_END
G1 X116.104 Y130.55 F9000
G1 E5 F2400
G1 F3000
G1 X113.721 Y130.55 E.07868
G1 X116.895 Y133.724 E.14821
G1 X117.453 Y133.203 E.02521
G1 X118.111 Y132.703 E.02729
G1 X118.798 Y132.307 E.02618
G1 E-3.5 F3600
;WIPE_START
G1 F7200
G1 X118.111 Y132.703 E-.37666
G1 X117.453 Y133.203 E-.39255
G1 X116.895 Y133.724 E-.36262
G1 X116.347 Y133.176 E-.36817
;WIPE_END
G1 X130.196 Y131.162 F9000
G1 E5 F2400
G1 F3000
G1 X127.814 Y131.165 E.07865
G1 X127.199 Y130.55 E.02872
G1 X126.597 Y131.167 E.02846
G1 X123.327 Y131.171 E.10797
G1 X122.706 Y130.55 E.029
G1 X122.032 Y131.24 E.03185
G1 X121.259 Y131.345 E.02576
G1 X120.23 Y131.633 E.03528
G1 X119.568 Y131.905 E.02363
G1 X118.214 Y130.55 E.06325
G1 X113.7 Y135.079 E.21113
G1 X113.7 Y135.021 E.00192
G1 X115.061 Y136.382 E.06355
G1 X114.783 Y137.08 E.02481
G1 X114.521 Y137.996 E.03146
G1 X114.365 Y138.906 E.03048
G1 X113.7 Y139.571 E.03105
G1 X113.7 Y139.513 E.00192
G1 X114.302 Y140.115 E.02811
G1 X114.301 Y143.463 E.11054
G1 X113.7 Y144.064 E.02806
G1 X113.7 Y144.006 E.00192
G1 X114.302 Y144.608 E.02811
G1 X114.417 Y145.119 E.01729
G1 X114.707 Y145.521 E.01637
G1 X115.063 Y145.753 E.01403
G1 X115.554 Y145.86 E.01659
G1 X115.9 Y146.206 E.01616
G1 X115.9 Y146.356 E.00495
G1 X113.7 Y148.556 E.10273
G1 X113.7 Y148.498 E.00192
G1 X114.3 Y149.099 E.02804
G1 X114.3 Y149.55 E.01489
G1 X113.7 Y149.55 E.01981
G1 X113.7 Y148.755 E.02625
;LAYER_CHANGE
;Z:5
;HEIGHT:0.2
;BEFORE_LAYER_CHANGE
G92 E0
;5


G1 E-3.5 F3600
;WIPE_START
G1 F7200
G1 X113.7 Y149.55 E-.37763
G1 X114.3 Y149.55 E-.285
G1 X114.3 Y149.099 E-.21423
G1 X113.7 Y148.498 E-.40339
G1 X113.7 Y148.556 E-.02755
G1 X113.986 Y148.27 E-.1922
;WIPE_END
G1 Z5 F9000
;AFTER_LAYER_CHANGE
;5
G1 X114.891 Y147.977
G1 E5 F2400
;TYPE:Perimeter
;WIDTH:0.439999
G1 X114.69 Y148.264 E.01157
G1 X114.606 Y148.659 E.01333
G1 X114.606 Y149.856 E.03952
G1 X113.394 Y149.856 E.04002
G1 X113.394 Y130.244 E.64753
G1 X129.585 Y130.244 E.53458
G1 X129.998 Y130.152 E.01397
G1 X130.308 Y129.922 E.01274
G1 X130.484 Y129.643 E.01089
G1 X130.558 Y129.271 E.01252
G1 X130.558 Y127.826 E.04771
G1 X130.695 Y128.05 E.00867
G1 X131.279 Y128.244 E.02032
G1 X132.121 Y128.244 E.0278
G1 X132.705 Y128.05 E.02032
G1 X132.842 Y127.827 E.00864
G1 X132.842 Y129.271 E.04768
G1 X132.915 Y129.643 E.01252
G1 X133.091 Y129.922 E.01089
G1 X133.401 Y130.152 E.01274
G1 X133.814 Y130.244 E.01397
G1 X150.003 Y130.244 E.53452
G1 X150.003 Y132.414 E.07165
G1 X150.003 Y149.856 E.57589
G1 X148.791 Y149.856 E.04002
G1 X148.791 Y148.659 E.03952
G1 X148.708 Y148.264 E.01333
G1 X148.495 Y147.96 E.01226
G1 X148.139 Y147.741 E.0138
G1 X147.824 Y147.687 E.01055
G1 X147.191 Y147.684 E.0209
G1 X147.191 Y145.616 E.06828
G1 X147.824 Y145.613 E.0209
G1 X148.139 Y145.559 E.01055
G1 X148.495 Y145.34 E.0138
G1 X148.708 Y145.035 E.01228
G1 X148.791 Y144.641 E.01329
G1 X148.791 Y139.949 E.15492
G1 X148.735 Y138.98 E.03205
G1 X148.58 Y138.073 E.03038
G1 X148.329 Y137.188 E.03037
G1 X147.983 Y136.336 E.03036
G1 X147.547 Y135.526 E.03037
G1 X147.026 Y134.768 E.03037
G1 X146.341 Y133.99 E.03423
G1 X145.734 Y133.428 E.02731
G1 X144.743 Y132.715 E.04031
G1 X143.816 Y132.22 E.0347
G1 X142.959 Y131.885 E.03038
G1 X142.071 Y131.644 E.03038
G1 X141.163 Y131.501 E.03035
G1 X140.298 Y131.456 E.0286
G1 X122.693 Y131.467 E.58127
G1 X121.352 Y131.641 E.04465
G1 X120.338 Y131.919 E.03471
G1 X119.463 Y132.277 E.03121
G1 X118.29 Y132.95 E.04465
G1 X117.562 Y133.511 E.03035
G1 X116.898 Y134.148 E.03038
G1 X116.307 Y134.852 E.03035
G1 X115.796 Y135.617 E.03037
G1 X115.37 Y136.432 E.03036
G1 X115.035 Y137.288 E.03035
G1 X114.795 Y138.176 E.03037
G1 X114.651 Y139.084 E.03035
G1 X114.606 Y139.949 E.0286
G1 X114.606 Y144.641 E.15492
G1 X114.69 Y145.036 E.01333
G1 X114.903 Y145.34 E.01226
G1 X115.258 Y145.559 E.01377
G1 X115.574 Y145.614 E.01059
G1 X116.206 Y145.617 E.02087
G1 X116.206 Y147.683 E.06821
G1 X115.574 Y147.686 E.02087
G1 X115.258 Y147.741 E.01059
G1 X114.936 Y147.939 E.01248
G1 E-3.5 F3600
;WIPE_START
G1 F7200
G1 X114.891 Y147.977 E-.02798
G1 X114.69 Y148.264 E-.16643
G1 X114.606 Y148.659 E-.19182
G1 X114.606 Y149.856 E-.56858
G1 X113.458 Y149.856 E-.54519
;WIPE_END
G1 X133.098 Y120.248 F9000
G1 E5 F2400
;WIDTH:0.448446
G1 F1500
G1 X133.097 Y120.581 E.01123
G1 E-3.5 F3600
;WIPE_START
G1 F7200
G1 X133.098 Y120.248 E-.15818
;WIPE_END
G1 E-1.34182 F3600
G1 X130.302 Y120.254 F9000
G1 E5 F2400
;WIDTH:0.4483
G1 F1500
G1 X130.303 Y120.581 E.01102
G1 X130.092 Y121.023 F9000
;WIDTH:0.476325
G1 F2400
G1 X130.01 Y120.853 E.0068
;WIDTH:0.439999
G1 X129.904 Y120.737 E.00519
G1 X129.898 Y119.943 E.02622
G1 X129.95 Y119.855 E.00337
G1 X130.703 Y119.851 E.02486
G1 X130.703 Y120.584 E.0242
;WIDTH:0.476325
G1 X130.685 Y120.913 E.01187
;WIDTH:0.51265
G1 X130.667 Y121.241 E.01283
G1 X130.667 Y127.271 E.23552
;WIDTH:0.519092
G1 X130.673 Y127.378 E.00424
G1 X130.803 Y127.555 E.0087
;WIDTH:0.479546
G1 X130.933 Y127.732 E.00797
;WIDTH:0.439999
G1 X131.279 Y127.847 E.01204
G1 X132.121 Y127.847 E.0278
G1 X132.467 Y127.732 E.01204
;WIDTH:0.479395
G1 X132.597 Y127.555 E.00797
;WIDTH:0.518791
G1 X132.727 Y127.378 E.00869
G1 X132.733 Y127.271 E.00424
;WIDTH:0.512703
G1 X132.733 Y121.241 E.23555
G1 X132.715 Y120.911 E.01291
;WIDTH:0.476351
G1 X132.697 Y120.581 E.01191
;WIDTH:0.439999
G1 X132.697 Y119.847 E.02423
G1 X133.451 Y119.853 E.0249
G1 X133.502 Y119.906 E.00243
G1 X133.496 Y120.712 E.02661
G1 X133.42 Y120.823 E.00444
;WIDTH:0.476351
G1 X133.311 Y121.032 E.0085
;WIDTH:0.512703
G1 X133.203 Y121.241 E.00919
G1 X133.203 Y127.271 E.23555
;WIDTH:0.518791
G1 X133.219 Y127.768 E.01968
;WIDTH:0.479395
G1 X133.239 Y128.118 E.01272
;WIDTH:0.439999
G1 X133.254 Y129.403 E.04243
G1 X133.386 Y129.656 E.00942
G1 X133.57 Y129.793 E.00757
G1 X133.814 Y129.847 E.00825
G1 X150.4 Y129.847 E.54762
G1 X150.4 Y132.414 E.08476
G1 X150.4 Y150.253 E.58899
G1 X148.394 Y150.253 E.06623
G1 X148.394 Y148.659 E.05263
G1 X148.345 Y148.426 E.00786
G1 X148.219 Y148.245 E.00728
G1 X148.062 Y148.138 E.00627
G1 X147.822 Y148.084 E.00812
G1 X146.794 Y148.079 E.03394
G1 X146.794 Y145.221 E.09436
G1 X147.948 Y145.202 E.03811
G1 X148.219 Y145.054 E.0102
G1 X148.345 Y144.874 E.00725
G1 X148.394 Y144.641 E.00786
G1 X148.394 Y139.949 E.15492
G1 X148.343 Y139.044 E.02993
G1 X148.198 Y138.179 E.02896
G1 X147.96 Y137.335 E.02895
G1 X147.632 Y136.522 E.02895
G1 X147.219 Y135.749 E.02894
G1 X146.724 Y135.026 E.02893
G1 X146.068 Y134.278 E.03285
G1 X145.503 Y133.75 E.02553
G1 X144.445 Y132.997 E.04288
G1 X143.669 Y132.589 E.02895
G1 X142.853 Y132.268 E.02895
G1 X142.007 Y132.036 E.02896
G1 X141.142 Y131.898 E.02892
G1 X140.298 Y131.853 E.02791
G1 X122.693 Y131.864 E.58127
G1 X121.405 Y132.034 E.0429
G1 X120.485 Y132.287 E.0315
G1 X119.659 Y132.622 E.02943
G1 X118.531 Y133.266 E.04289
G1 X117.835 Y133.8 E.02896
G1 X117.201 Y134.405 E.02893
G1 X116.636 Y135.075 E.02894
G1 X116.147 Y135.803 E.02896
G1 X115.739 Y136.579 E.02895
G1 X115.418 Y137.394 E.02892
G1 X115.186 Y138.24 E.02896
G1 X115.048 Y139.106 E.02895
G1 X115.003 Y139.949 E.02787
G1 X115.003 Y144.641 E.15492
G1 X115.053 Y144.875 E.0079
G1 X115.179 Y145.055 E.00725
G1 X115.335 Y145.162 E.00625
G1 X115.576 Y145.216 E.00815
G1 X116.603 Y145.221 E.03391
G1 X116.603 Y148.079 E.09436
G1 X115.45 Y148.098 E.03807
G1 X115.179 Y148.245 E.01018
G1 X115.053 Y148.425 E.00725
G1 X115.003 Y148.659 E.0079
G1 X115.003 Y150.253 E.05263
G1 X112.997 Y150.253 E.06623
G1 X112.997 Y129.847 E.67375
G1 X129.585 Y129.847 E.54769
G1 X129.829 Y129.793 E.00825
G1 X130.013 Y129.656 E.00757
G1 X130.117 Y129.491 E.00644
G1 X130.16 Y129.271 E.0074
G1 X130.16 Y128.118 E.03807
;WIDTH:0.476338
G1 X130.179 Y127.695 E.01526
;WIDTH:0.512676
G1 X130.197 Y127.271 E.01658
G1 X130.197 Y121.241 E.23553
G1 X130.118 Y121.077 E.00711
G1 X129.746 Y121.172 F9000
;TYPE:External perimeter
;WIDTH:0.419999
G1 F1500
G1 X129.724 Y121.114 E.00194
G1 X129.598 Y120.976 E.00586
G1 X129.518 Y120.821 E.00547
G1 X129.51 Y119.878 E.02957
G1 X129.614 Y119.608 E.00907
G1 X129.867 Y119.469 E.00905
G1 X131.09 Y119.461 E.03835
G1 X131.09 Y127.271 E.24488
G1 X131.165 Y127.422 E.00529
G1 X131.279 Y127.46 E.00377
G1 X132.121 Y127.46 E.0264
G1 X132.235 Y127.422 E.00377
G1 X132.31 Y127.271 E.00529
G1 X132.31 Y119.46 E.24491
G1 X133.408 Y119.46 E.03443
G1 X133.667 Y119.516 E.00831
G1 X133.862 Y119.729 E.00905
G1 X133.89 Y119.87 E.00451
G1 X133.884 Y120.649 E.02443
G1 X133.843 Y120.903 E.00807
G1 X133.627 Y121.241 E.01258
G1 X133.626 Y129.271 E.25177
G1 X133.674 Y129.397 E.00423
G1 X133.814 Y129.46 E.00481
G1 X150.787 Y129.46 E.53218
G1 X150.787 Y132.414 E.09262
G1 X150.787 Y150.64 E.57146
G1 X148.007 Y150.64 E.08716
G1 X148.007 Y148.659 E.06211
G1 X147.95 Y148.524 E.00459
G1 X147.82 Y148.471 E.0044
G1 X146.657 Y148.465 E.03647
G1 X146.484 Y148.42 E.0056
G1 X146.407 Y148.234 E.00631
G1 X146.407 Y145.129 E.09735
G1 X146.462 Y144.916 E.0069
G1 X146.567 Y144.835 E.00416
G1 X147.82 Y144.829 E.03929
G1 X147.95 Y144.776 E.0044
G1 X148.007 Y144.641 E.00459
G1 X148.007 Y139.949 E.14711
G1 X147.961 Y139.106 E.02647
G1 X147.825 Y138.283 E.02615
G1 X147.6 Y137.479 E.02618
G1 X147.29 Y136.703 E.0262
G1 X146.898 Y135.966 E.02617
G1 X146.429 Y135.276 E.02616
G1 X145.801 Y134.559 E.02988
G1 X145.277 Y134.064 E.0226
G1 X144.263 Y133.339 E.03908
G1 X143.525 Y132.949 E.02617
G1 X142.75 Y132.641 E.02615
G1 X141.944 Y132.418 E.02622
G1 X141.121 Y132.284 E.02614
G1 X140.298 Y132.24 E.02584
G1 X122.693 Y132.251 E.55199
G1 X121.458 Y132.418 E.03907
G1 X120.629 Y132.647 E.02697
G1 X119.849 Y132.959 E.02634
G1 X118.765 Y133.574 E.03908
G1 X118.101 Y134.081 E.02619
G1 X117.496 Y134.655 E.02615
G1 X116.956 Y135.292 E.02618
G1 X116.489 Y135.984 E.02618
G1 X116.099 Y136.722 E.02617
G1 X115.791 Y137.498 E.02618
G1 X115.568 Y138.303 E.02619
G1 X115.434 Y139.127 E.02618
G1 X115.39 Y139.949 E.02581
G1 X115.39 Y144.641 E.14711
G1 X115.448 Y144.776 E.00461
G1 X115.578 Y144.829 E.0044
G1 X116.74 Y144.835 E.03643
G1 X116.913 Y144.88 E.0056
G1 X116.99 Y145.066 E.00631
G1 X116.99 Y148.171 E.09735
G1 X116.935 Y148.384 E.0069
G1 X116.83 Y148.465 E.00416
G1 X115.578 Y148.471 E.03926
G1 X115.448 Y148.524 E.0044
G1 X115.39 Y148.659 E.00461
G1 X115.39 Y150.64 E.06211
G1 X112.61 Y150.64 E.08716
G1 X112.61 Y129.46 E.66408
G1 X129.585 Y129.46 E.53224
G1 X129.725 Y129.397 E.00481
G1 X129.773 Y129.271 E.00423
G1 X129.773 Y121.241 E.25177
G1 X129.768 Y121.228 E.00044
G1 E-3.5 F3600
;WIPE_START
G1 F7200
G1 X129.746 Y121.172 E-.02858
G1 X129.724 Y121.114 E-.02947
G1 X129.598 Y120.976 E-.08876
G1 X129.518 Y120.821 E-.08285
G1 X129.51 Y119.878 E-.44794
G1 X129.614 Y119.608 E-.13744
G1 X129.867 Y119.469 E-.13712
G1 X131.02 Y119.462 E-.54784
;WIPE_END
G1 X131.976 Y128.55 F9000
G1 E5 F2400
;TYPE:Internal infill
;WIDTH:0.44
G1 F3000
G1 X131.261 Y128.55 E.02361
G1 X130.863 Y128.417 E.01386
G1 X130.861 Y129.344 E.03061
G1 X130.799 Y129.658 E.01057
G1 X132.301 Y131.16 E.07013
G1 X131.095 Y131.161 E.03982
G1 X132.599 Y129.657 E.07023
G1 X132.863 Y130.128 E.01783
G1 X133.271 Y130.431 E.01678
G1 X133.803 Y130.55 E.018
G1 X134.589 Y130.55 E.02595
G1 X133.21 Y131.159 F9000
G1 F3000
G1 X135.593 Y131.156 E.07868
G1 X136.183 Y130.55 E.02793
G1 X136.788 Y131.154 E.02823
G1 X140.091 Y131.15 E.10906
G1 X140.691 Y130.55 E.02802
G1 X141.341 Y131.215 E.0307
G1 X142.251 Y131.371 E.03048
G1 X143.047 Y131.592 E.02728
G1 X143.83 Y131.904 E.02783
G1 X145.184 Y130.55 E.06322
G1 X149.697 Y135.079 E.2111
G1 X149.697 Y135.021 E.00192
G1 X148.332 Y136.386 E.06374
G1 X148.615 Y137.08 E.02475
G1 X148.876 Y137.996 E.03145
G1 X149.024 Y138.898 E.03018
G1 X149.697 Y139.571 E.03142
G1 X149.697 Y139.513 E.00192
G1 X149.097 Y140.114 E.02804
G1 X149.097 Y143.464 E.11061
G1 X149.697 Y144.064 E.02802
G1 X149.697 Y144.006 E.00192
G1 X149.097 Y144.606 E.02802
G1 X148.987 Y145.164 E.01878
G1 X148.709 Y145.56 E.01598
G1 X148.363 Y145.798 E.01387
G1 X147.784 Y145.919 E.01953
G1 X147.497 Y146.206 E.0134
G1 X147.497 Y146.356 E.00495
G1 X149.697 Y148.556 E.10273
G1 X149.697 Y148.498 E.00192
G1 X149.097 Y149.099 E.02804
G1 X149.097 Y149.55 E.01489
G1 X149.697 Y149.55 E.01981
G1 X149.697 Y148.755 E.02625
G1 E-3.5 F3600
;WIPE_START
G1 F7200
G1 X149.697 Y149.55 E-.37763
G1 X149.097 Y149.55 E-.285
G1 X149.097 Y149.099 E-.21423
G1 X149.697 Y148.498 E-.40339
G1 X149.697 Y148.556 E-.02755
G1 X149.411 Y148.27 E-.1922
;WIPE_END
G1 X144.606 Y132.294 F9000
G1 E5 F2400
G1 F3000
G1 X145.918 Y133.183 E.05233
G1 X146.498 Y133.728 E.02628
G1 X149.676 Y130.55 E.14839
G1 X147.294 Y130.55 E.07865
G1 E-3.5 F3600
;WIPE_START
G1 F7200
G1 X149.676 Y130.55 E-1.13145
G1 X149.127 Y131.099 E-.36855
;WIPE_END
G1 X116.104 Y130.55 F9000
G1 E5 F2400
G1 F3000
G1 X113.721 Y130.55 E.07868
G1 X116.895 Y133.724 E.14821
G1 X117.453 Y133.203 E.02521
G1 X118.111 Y132.703 E.02729
G1 X118.798 Y132.307 E.02618
G1 E-3.5 F3600
;WIPE_START
G1 F7200
G1 X118.111 Y132.703 E-.37666
G1 X117.453 Y133.203 E-.39255
G1 X116.895 Y133.724 E-.36262
G1 X116.347 Y133.176 E-.36817
;WIPE_END
G1 X130.196 Y131.162 F9000
G1 E5 F2400
G1 F3000
G1 X127.814 Y131.165 E.07865
G1 X127.199 Y130.55 E.02872
G1 X126.597 Y131.167 E.02846
G1 X123.327 Y131.171 E.10797
G1 X122.706 Y130.55 E.029
G1 X122.032 Y131.24 E.03185
G1 X121.259 Y131.345 E.02576
G1 X120.23 Y131.633 E.03528
G1 X119.568 Y131.905 E.02363
G1 X118.214 Y130.55 E.06325
G1 X113.7 Y135.079 E.21113
G1 X113.7 Y135.021 E.00192
G1 X115.061 Y136.382 E.06355
G1 X114.783 Y137.08 E.02481
G1 X114.521 Y137.996 E.03146
G1 X114.365 Y138.906 E.03048
G1 X113.7 Y139.571 E.03105
G1 X113.7 Y139.513 E.00192
G1 X114.302 Y140.115 E.02811
G1 X114.301 Y143.463 E.11054
G1 X113.7 Y144.064 E.02806
G1 X113.7 Y144.006 E.00192
G1 X114.3 Y144.606 E.02802
G1 X114.411 Y145.164 E.01878
G1 X114.688 Y145.56 E.01596
G1 X115.034 Y145.798 E.01387
G1 X115.613 Y145.919 E.01953
G1 X115.9 Y146.206 E.0134
G1 X115.9 Y146.356 E.00495
G1 X113.7 Y148.556 E.10273
G1 X113.7 Y148.498 E.00192
G1 X114.3 Y149.099 E.02804
G1 X114.3 Y149.55 E.01489
G1 X113.7 Y149.55 E.01981
G1 X113.7 Y148.755 E.02625
;LAYER_CHANGE
;Z:5.2
;HEIGHT:0.2
;BEFORE_LAYER_CHANGE
G92 E0
;5.2


G1 E-3.5 F3600
;WIPE_START
G1 F7200
G1 X113.7 Y149.55 E-.37763
G1 X114.3 Y149.55 E-.285
G1 X114.3 Y149.099 E-.21423
G1 X113.7 Y148.498 E-.40339
G1 X113.7 Y148.556 E-.02755
G1 X113.986 Y148.27 E-.1922
;WIPE_END
G1 Z5.2 F9000
;AFTER_LAYER_CHANGE
;5.2
G1 X114.912 Y147.911
G1 E5 F2400
;TYPE:Perimeter
;WIDTH:0.439999
G1 X114.772 Y148.035 E.00617
G1 X114.606 Y148.579 E.01878
G1 X114.606 Y149.856 E.04216
G1 X113.394 Y149.856 E.04002
G1 X113.394 Y130.244 E.64753
G1 X129.661 Y130.244 E.53709
G1 X130.06 Y130.158 E.01348
G1 X130.366 Y129.941 E.01239
G1 X130.547 Y129.673 E.01068
G1 X130.607 Y129.495 E.0062
G1 X130.633 Y129.271 E.00745
G1 X130.633 Y127.949 E.04365
G1 X130.695 Y128.05 E.00391
G1 X131.279 Y128.244 E.02032
G1 X132.121 Y128.244 E.0278
G1 X132.705 Y128.05 E.02032
G1 X132.765 Y127.951 E.00382
G1 X132.765 Y129.29 E.04421
G1 X132.852 Y129.673 E.01297
G1 X133.032 Y129.941 E.01066
G1 X133.338 Y130.158 E.01239
G1 X133.738 Y130.244 E.01351
G1 X150.003 Y130.244 E.53703
G1 X150.003 Y132.414 E.07165
G1 X150.003 Y149.856 E.57589
G1 X148.791 Y149.856 E.04002
G1 X148.791 Y148.579 E.04216
G1 X148.625 Y148.035 E.01878
G1 X148.263 Y147.713 E.016
G1 X148.14 Y147.661 E.00441
G1 X147.824 Y147.606 E.01059
G1 X147.191 Y147.603 E.0209
G1 X147.191 Y145.697 E.06293
G1 X147.999 Y145.677 E.02669
G1 X148.263 Y145.586 E.00922
G1 X148.625 Y145.265 E.01597
G1 X148.777 Y144.889 E.01339
G1 X148.791 Y144.721 E.00557
G1 X148.791 Y139.949 E.15756
G1 X148.735 Y138.98 E.03205
G1 X148.58 Y138.073 E.03038
G1 X148.329 Y137.188 E.03037
G1 X147.983 Y136.336 E.03036
G1 X147.547 Y135.526 E.03037
G1 X147.026 Y134.768 E.03037
G1 X146.341 Y133.99 E.03423
G1 X145.734 Y133.428 E.02731
G1 X144.743 Y132.715 E.04031
G1 X143.816 Y132.22 E.0347
G1 X142.959 Y131.885 E.03038
G1 X142.071 Y131.644 E.03038
G1 X141.163 Y131.501 E.03035
G1 X140.298 Y131.456 E.0286
G1 X122.693 Y131.467 E.58127
G1 X121.352 Y131.641 E.04465
G1 X120.338 Y131.919 E.03471
G1 X119.463 Y132.277 E.03121
G1 X118.29 Y132.95 E.04465
G1 X117.562 Y133.511 E.03035
G1 X116.898 Y134.148 E.03038
G1 X116.307 Y134.852 E.03035
G1 X115.796 Y135.617 E.03037
G1 X115.37 Y136.432 E.03036
G1 X115.035 Y137.288 E.03035
G1 X114.795 Y138.176 E.03037
G1 X114.651 Y139.084 E.03035
G1 X114.606 Y139.949 E.0286
G1 X114.606 Y144.721 E.15756
G1 X114.62 Y144.889 E.00557
G1 X114.772 Y145.265 E.01339
G1 X115.135 Y145.587 E.01602
G1 X115.257 Y145.639 E.00438
G1 X115.574 Y145.694 E.01062
G1 X116.206 Y145.697 E.02087
G1 X116.206 Y147.603 E.06293
G1 X115.399 Y147.623 E.02665
G1 X115.135 Y147.713 E.00921
G1 X114.957 Y147.871 E.00786
G1 E-3.5 F3600
;WIPE_START
G1 F7200
G1 X114.912 Y147.911 E-.0286
G1 X114.772 Y148.035 E-.08883
G1 X114.606 Y148.579 E-.27016
G1 X114.606 Y149.856 E-.60657
G1 X113.541 Y149.856 E-.50584
;WIPE_END
G1 X133.064 Y120.221 F9000
G1 E5 F2400
;WIDTH:0.380114
G1 F1500
G1 X133.063 Y120.586 E.01023
G1 E-3.5 F3600
;WIPE_START
G1 F7200
G1 X133.064 Y120.221 E-.17338
;WIPE_END
G1 E-1.32662 F3600
G1 X130.336 Y120.221 F9000
G1 E5 F2400
;WIDTH:0.380042
G1 F1500
G1 X130.337 Y120.586 E.01023
G1 X130.156 Y121.022 F9000
;WIDTH:0.474747
G1 F2400
G1 X130.075 Y120.84 E.00715
;WIDTH:0.439999
G1 X129.973 Y120.736 E.00481
G1 X129.966 Y119.912 E.02721
G1 X130.009 Y119.856 E.00233
G1 X130.703 Y119.851 E.02291
G1 X130.703 Y120.586 E.02427
;WIDTH:0.474695
G1 X130.686 Y121.24 E.02349
G1 X130.686 Y127.271 E.21653
;WIDTH:0.480876
G1 X130.691 Y127.374 E.00376
G1 X130.933 Y127.732 E.01574
;WIDTH:0.439999
G1 X131.279 Y127.847 E.01204
G1 X132.121 Y127.847 E.0278
G1 X132.467 Y127.732 E.01204
;WIDTH:0.480338
G1 X132.708 Y127.374 E.0157
G1 X132.714 Y127.271 E.00375
;WIDTH:0.474736
G1 X132.714 Y121.24 E.21655
G1 X132.697 Y120.586 E.02349
;WIDTH:0.439999
G1 X132.697 Y119.851 E.02427
G1 X133.384 Y119.856 E.02268
G1 X133.434 Y119.906 E.00233
G1 X133.427 Y120.736 E.02741
G1 X133.327 Y120.838 E.00472
;WIDTH:0.474736
G1 X133.146 Y121.24 E.01583
G1 X133.145 Y127.271 E.21655
;WIDTH:0.480338
G1 X133.162 Y128.08 E.02943
;WIDTH:0.439999
G1 X133.178 Y129.404 E.04372
G1 X133.32 Y129.668 E.0099
G1 X133.501 Y129.796 E.00732
G1 X133.738 Y129.847 E.008
G1 X150.4 Y129.847 E.55013
G1 X150.4 Y132.414 E.08476
G1 X150.4 Y150.253 E.58899
G1 X148.394 Y150.253 E.06623
G1 X148.394 Y148.579 E.05527
G1 X148.296 Y148.257 E.01111
G1 X148.081 Y148.067 E.00947
G1 X147.822 Y148.003 E.00881
G1 X146.794 Y147.998 E.03394
G1 X146.794 Y145.302 E.08901
G1 X147.822 Y145.297 E.03394
G1 X148.009 Y145.264 E.00627
G1 X148.296 Y145.043 E.01196
G1 X148.394 Y144.721 E.01111
G1 X148.394 Y139.949 E.15756
G1 X148.343 Y139.044 E.02993
G1 X148.198 Y138.179 E.02896
G1 X147.96 Y137.335 E.02895
G1 X147.632 Y136.522 E.02895
G1 X147.219 Y135.749 E.02894
G1 X146.724 Y135.026 E.02893
G1 X146.068 Y134.278 E.03285
G1 X145.503 Y133.75 E.02553
G1 X144.445 Y132.997 E.04288
G1 X143.669 Y132.589 E.02895
G1 X142.853 Y132.268 E.02895
G1 X142.007 Y132.036 E.02896
G1 X141.142 Y131.898 E.02892
G1 X140.298 Y131.853 E.02791
G1 X122.693 Y131.864 E.58127
G1 X121.405 Y132.034 E.0429
G1 X120.485 Y132.287 E.0315
G1 X119.659 Y132.622 E.02943
G1 X118.531 Y133.266 E.04289
G1 X117.835 Y133.8 E.02896
G1 X117.201 Y134.405 E.02893
G1 X116.636 Y135.075 E.02894
G1 X116.147 Y135.803 E.02896
G1 X115.739 Y136.579 E.02895
G1 X115.418 Y137.394 E.02892
G1 X115.186 Y138.24 E.02896
G1 X115.048 Y139.106 E.02895
G1 X115.003 Y139.949 E.02787
G1 X115.003 Y144.721 E.15756
G1 X115.101 Y145.043 E.01111
G1 X115.316 Y145.233 E.00947
G1 X115.576 Y145.297 E.00884
G1 X116.603 Y145.302 E.03391
G1 X116.603 Y147.998 E.08901
G1 X115.576 Y148.003 E.03391
G1 X115.388 Y148.036 E.0063
G1 X115.101 Y148.257 E.01196
G1 X115.003 Y148.579 E.01111
G1 X115.003 Y150.253 E.05527
G1 X112.997 Y150.253 E.06623
G1 X112.997 Y129.847 E.67375
G1 X129.661 Y129.847 E.5502
G1 X129.897 Y129.796 E.00797
G1 X130.078 Y129.668 E.00732
G1 X130.185 Y129.509 E.00633
G1 X130.236 Y129.271 E.00804
G1 X130.236 Y128.08 E.03932
;WIDTH:0.474747
G1 X130.254 Y127.271 E.02906
G1 X130.254 Y121.24 E.21655
G1 X130.181 Y121.077 E.00641
G1 X129.821 Y121.17 F9000
;TYPE:External perimeter
;WIDTH:0.419999
G1 F1500
G1 X129.796 Y121.109 E.00207
G1 X129.683 Y120.993 E.00508
G1 X129.587 Y120.818 E.00626
G1 X129.582 Y120.227 E.01853
G1 X129.608 Y119.723 E.01582
G1 X129.734 Y119.565 E.00634
G1 X129.946 Y119.469 E.0073
G1 X131.09 Y119.461 E.03587
G1 X131.09 Y127.271 E.24488
G1 X131.165 Y127.422 E.00529
G1 X131.279 Y127.46 E.00377
G1 X132.121 Y127.46 E.0264
G1 X132.235 Y127.422 E.00377
G1 X132.31 Y127.271 E.00529
G1 X132.31 Y119.461 E.24488
G1 X133.38 Y119.468 E.03355
G1 X133.607 Y119.519 E.00729
G1 X133.792 Y119.723 E.00863
G1 X133.818 Y120.227 E.01582
G1 X133.792 Y120.875 E.02033
G1 X133.604 Y121.108 E.00939
G1 X133.551 Y121.24 E.00446
G1 X133.549 Y129.271 E.25181
G1 X133.601 Y129.401 E.00439
G1 X133.738 Y129.46 E.00468
G1 X150.787 Y129.46 E.53456
G1 X150.787 Y132.414 E.09262
G1 X150.787 Y150.64 E.57146
G1 X148.007 Y150.64 E.08716
G1 X148.007 Y148.579 E.06462
G1 X147.975 Y148.474 E.00344
G1 X147.82 Y148.39 E.00553
G1 X146.678 Y148.385 E.03581
G1 X146.488 Y148.339 E.00613
G1 X146.407 Y148.133 E.00694
G1 X146.407 Y145.209 E.09168
G1 X146.443 Y145.021 E.006
G1 X146.568 Y144.916 E.00512
G1 X147.82 Y144.909 E.03926
G1 X147.975 Y144.826 E.00551
G1 X148.007 Y144.721 E.00344
G1 X148.007 Y139.949 E.14962
G1 X147.961 Y139.106 E.02647
G1 X147.825 Y138.283 E.02615
G1 X147.6 Y137.479 E.02618
G1 X147.29 Y136.703 E.0262
G1 X146.898 Y135.966 E.02617
G1 X146.429 Y135.276 E.02616
G1 X145.801 Y134.559 E.02988
G1 X145.277 Y134.064 E.0226
G1 X144.263 Y133.339 E.03908
G1 X143.525 Y132.949 E.02617
G1 X142.75 Y132.641 E.02615
G1 X141.944 Y132.418 E.02622
G1 X141.121 Y132.284 E.02614
G1 X140.298 Y132.24 E.02584
G1 X122.693 Y132.251 E.55199
G1 X121.458 Y132.418 E.03907
G1 X120.629 Y132.647 E.02697
G1 X119.849 Y132.959 E.02634
G1 X118.765 Y133.574 E.03908
G1 X118.101 Y134.081 E.02619
G1 X117.496 Y134.655 E.02615
G1 X116.956 Y135.292 E.02618
G1 X116.489 Y135.984 E.02618
G1 X116.099 Y136.722 E.02617
G1 X115.791 Y137.498 E.02618
G1 X115.568 Y138.303 E.02619
G1 X115.434 Y139.127 E.02618
G1 X115.39 Y139.949 E.02581
G1 X115.39 Y144.721 E.14962
G1 X115.422 Y144.827 E.00347
G1 X115.578 Y144.91 E.00554
G1 X116.774 Y144.916 E.0375
G1 X116.917 Y144.965 E.00474
G1 X116.99 Y145.175 E.00697
G1 X116.99 Y148.069 E.09074
G1 X116.933 Y148.299 E.00743
G1 X116.829 Y148.384 E.00421
G1 X115.578 Y148.39 E.03922
G1 X115.422 Y148.473 E.00554
G1 X115.39 Y148.579 E.00347
G1 X115.39 Y150.64 E.06462
G1 X112.61 Y150.64 E.08716
G1 X112.61 Y129.46 E.66408
G1 X129.661 Y129.46 E.53462
G1 X129.797 Y129.401 E.00465
G1 X129.849 Y129.271 E.00439
G1 X129.849 Y121.24 E.25181
G1 X129.844 Y121.226 E.00047
G1 E-3.5 F3600
;WIPE_START
G1 F7200
G1 X129.821 Y121.17 E-.02876
G1 X129.796 Y121.109 E-.03131
G1 X129.683 Y120.993 E-.07692
G1 X129.587 Y120.818 E-.09481
G1 X129.582 Y120.227 E-.28074
G1 X129.608 Y119.723 E-.23972
G1 X129.734 Y119.565 E-.09599
G1 X129.946 Y119.469 E-.11054
G1 X131.085 Y119.461 E-.54121
;WIPE_END
G1 X132.022 Y128.55 F9000
G1 E5 F2400
;TYPE:Internal infill
;WIDTH:0.44
G1 F3000
G1 X131.261 Y128.55 E.02513
G1 X130.939 Y128.442 E.01121
G1 X130.935 Y129.382 E.03104
G1 X130.855 Y129.714 E.01128
G1 X132.301 Y131.16 E.06752
G1 X131.095 Y131.161 E.03982
G1 X132.543 Y129.713 E.06761
G1 X132.81 Y130.154 E.01702
G1 X133.213 Y130.439 E.0163
G1 X133.726 Y130.55 E.01733
G1 X134.572 Y130.55 E.02793
G1 X133.21 Y131.159 F9000
G1 F3000
G1 X135.593 Y131.156 E.07868
G1 X136.183 Y130.55 E.02793
G1 X136.788 Y131.154 E.02823
G1 X140.091 Y131.15 E.10906
G1 X140.691 Y130.55 E.02802
G1 X141.341 Y131.215 E.0307
G1 X142.251 Y131.371 E.03048
G1 X143.047 Y131.592 E.02728
G1 X143.83 Y131.904 E.02783
G1 X145.184 Y130.55 E.06322
G1 X149.697 Y135.079 E.2111
G1 X149.697 Y135.021 E.00192
G1 X148.332 Y136.386 E.06374
G1 X148.615 Y137.08 E.02475
G1 X148.876 Y137.996 E.03145
G1 X149.024 Y138.898 E.03018
G1 X149.697 Y139.571 E.03142
G1 X149.697 Y139.513 E.00192
G1 X149.097 Y140.114 E.02804
G1 X149.097 Y143.464 E.11061
G1 X149.697 Y144.064 E.02802
G1 X149.697 Y144.006 E.00192
G1 X149.097 Y144.606 E.02802
G1 X149.078 Y144.949 E.01134
G1 X148.88 Y145.439 E.01745
G1 X148.408 Y145.858 E.02084
G1 X148.058 Y145.978 E.01222
G1 X147.703 Y146 E.01174
G1 X147.497 Y146.206 E.00962
G1 X147.497 Y146.356 E.00495
G1 X149.697 Y148.556 E.10273
G1 X149.697 Y148.498 E.00192
G1 X149.097 Y149.099 E.02804
G1 X149.097 Y149.55 E.01489
G1 X149.697 Y149.55 E.01981
G1 X149.697 Y148.755 E.02625
G1 E-3.5 F3600
;WIPE_START
G1 F7200
G1 X149.697 Y149.55 E-.37763
G1 X149.097 Y149.55 E-.285
G1 X149.097 Y149.099 E-.21423
G1 X149.697 Y148.498 E-.40339
G1 X149.697 Y148.556 E-.02755
G1 X149.411 Y148.27 E-.1922
;WIPE_END
G1 X144.606 Y132.294 F9000
G1 E5 F2400
G1 F3000
G1 X145.918 Y133.183 E.05233
G1 X146.498 Y133.728 E.02628
G1 X149.676 Y130.55 E.14839
G1 X147.294 Y130.55 E.07865
G1 E-3.5 F3600
;WIPE_START
G1 F7200
G1 X149.676 Y130.55 E-1.13145
G1 X149.127 Y131.099 E-.36855
;WIPE_END
G1 X116.104 Y130.55 F9000
G1 E5 F2400
G1 F3000
G1 X113.721 Y130.55 E.07868
G1 X116.895 Y133.724 E.14821
G1 X117.453 Y133.203 E.02521
G1 X118.111 Y132.703 E.02729
G1 X118.798 Y132.307 E.02618
G1 E-3.5 F3600
;WIPE_START
G1 F7200
G1 X118.111 Y132.703 E-.37666
G1 X117.453 Y133.203 E-.39255
G1 X116.895 Y133.724 E-.36262
G1 X116.347 Y133.176 E-.36817
;WIPE_END
G1 X130.196 Y131.162 F9000
G1 E5 F2400
G1 F3000
G1 X127.814 Y131.165 E.07865
G1 X127.199 Y130.55 E.02872
G1 X126.597 Y131.167 E.02846
G1 X123.327 Y131.171 E.10797
G1 X122.706 Y130.55 E.029
G1 X122.032 Y131.24 E.03185
G1 X121.259 Y131.345 E.02576
G1 X120.23 Y131.633 E.03528
G1 X119.568 Y131.905 E.02363
G1 X118.214 Y130.55 E.06325
G1 X113.7 Y135.079 E.21113
G1 X113.7 Y135.021 E.00192
G1 X115.061 Y136.382 E.06355
G1 X114.783 Y137.08 E.02481
G1 X114.521 Y137.996 E.03146
G1 X114.365 Y138.906 E.03048
G1 X113.7 Y139.571 E.03105
G1 X113.7 Y139.513 E.00192
G1 X114.302 Y140.115 E.02811
G1 X114.301 Y143.463 E.11054
G1 X113.7 Y144.064 E.02806
G1 X113.7 Y144.006 E.00192
G1 X114.3 Y144.606 E.02802
G1 X114.32 Y144.949 E.01134
G1 X114.517 Y145.439 E.01744
G1 X114.989 Y145.858 E.02084
G1 X115.339 Y145.978 E.01222
G1 X115.694 Y146 E.01174
G1 X115.9 Y146.206 E.00962
G1 X115.9 Y146.356 E.00495
G1 X113.7 Y148.556 E.10273
G1 X113.7 Y148.498 E.00192
G1 X114.3 Y149.099 E.02804
G1 X114.3 Y149.55 E.01489
G1 X113.7 Y149.55 E.01981
G1 X113.7 Y148.755 E.02625
;LAYER_CHANGE
;Z:5.4
;HEIGHT:0.2
;BEFORE_LAYER_CHANGE
G92 E0
;5.4


G1 E-3.5 F3600
;WIPE_START
G1 F7200
G1 X113.7 Y149.55 E-.37763
G1 X114.3 Y149.55 E-.285
G1 X114.3 Y149.099 E-.21423
G1 X113.7 Y148.498 E-.40339
G1 X113.7 Y148.556 E-.02755
G1 X113.986 Y148.27 E-.1922
;WIPE_END
G1 Z5.4 F9000
;AFTER_LAYER_CHANGE
;5.4
G1 X114.911 Y147.805
G1 E5 F2400
;TYPE:Perimeter
;WIDTH:0.439999
G1 F2398
G1 X114.756 Y147.955 E.00712
G1 X114.606 Y148.473 E.01781
G1 X114.606 Y149.856 E.04566
G1 X113.394 Y149.856 E.04002
G1 X113.394 Y130.244 E.64753
G1 X129.76 Y130.244 E.54036
G1 X129.929 Y130.229 E.0056
G1 X130.305 Y130.077 E.01339
G1 X130.627 Y129.713 E.01605
G1 X130.703 Y129.511 E.00713
G1 X130.733 Y129.271 E.00799
G1 X130.733 Y128.062 E.03992
G1 X131.279 Y128.244 E.019
G1 X132.121 Y128.244 E.0278
G1 X132.666 Y128.063 E.01896
G1 X132.669 Y129.356 E.04269
G1 X132.771 Y129.713 E.01226
G1 X133.093 Y130.077 E.01605
G1 X133.638 Y130.244 E.01882
G1 X150.003 Y130.244 E.54033
G1 X150.003 Y132.414 E.07165
G1 X150.003 Y149.856 E.57589
G1 X148.791 Y149.856 E.04002
G1 X148.791 Y148.474 E.04563
G1 X148.642 Y147.955 E.01783
G1 X148.305 Y147.631 E.01544
G1 X148.143 Y147.557 E.00588
G1 X147.824 Y147.501 E.01069
G1 X147.191 Y147.498 E.0209
G1 X147.191 Y145.802 E.056
G1 X147.945 Y145.79 E.0249
G1 X148.305 Y145.669 E.01254
G1 X148.642 Y145.345 E.01544
G1 X148.777 Y144.994 E.01242
G1 X148.791 Y144.826 E.00557
G1 X148.791 Y139.949 E.16103
G1 X148.735 Y138.98 E.03205
G1 X148.58 Y138.073 E.03038
G1 X148.329 Y137.188 E.03037
G1 X147.983 Y136.336 E.03036
G1 X147.547 Y135.526 E.03037
G1 X147.026 Y134.768 E.03037
G1 X146.341 Y133.99 E.03423
G1 X145.734 Y133.428 E.02731
G1 X144.743 Y132.715 E.04031
G1 X143.816 Y132.22 E.0347
G1 X142.959 Y131.885 E.03038
G1 X142.071 Y131.644 E.03038
G1 X141.163 Y131.501 E.03035
G1 X140.298 Y131.456 E.0286
G1 X122.693 Y131.467 E.58127
G1 X121.352 Y131.641 E.04465
G1 X120.338 Y131.919 E.03471
G1 X119.463 Y132.277 E.03121
G1 X118.29 Y132.95 E.04465
G1 X117.562 Y133.511 E.03035
G1 X116.898 Y134.148 E.03038
G1 X116.307 Y134.852 E.03035
G1 X115.796 Y135.617 E.03037
G1 X115.37 Y136.432 E.03036
G1 X115.035 Y137.288 E.03035
G1 X114.795 Y138.176 E.03037
G1 X114.651 Y139.084 E.03035
G1 X114.606 Y139.949 E.0286
G1 X114.606 Y144.827 E.16106
G1 X114.62 Y144.995 E.00557
G1 X114.756 Y145.345 E.0124
G1 X115.092 Y145.669 E.01541
G1 X115.254 Y145.744 E.00589
G1 X115.574 Y145.799 E.01072
G1 X116.206 Y145.803 E.02087
G1 X116.206 Y147.497 E.05593
G1 X115.452 Y147.509 E.0249
G1 X115.092 Y147.631 E.01255
G1 X114.954 Y147.764 E.00633
G1 X115.184 Y148.078 F9000
G1 F2398
G1 X115.092 Y148.166 E.0042
G1 X115.003 Y148.473 E.01055
G1 X115.003 Y150.253 E.05877
G1 X112.997 Y150.253 E.06623
G1 X112.997 Y129.847 E.67375
G1 X129.76 Y129.847 E.55347
G1 X130.083 Y129.748 E.01115
G1 X130.273 Y129.532 E.0095
G1 X130.336 Y129.271 E.00886
G1 X130.328 Y127.271 E.06604
;WIDTH:0.425049
G1 X130.328 Y121.241 E.1916
;WIDTH:0.47094
G1 X130.286 Y121.088 E.00565
;WIDTH:0.516889
G1 X130.244 Y120.935 E.00625
;WIDTH:0.562837
G1 X130.201 Y120.782 E.00687
G1 X130.123 Y120.708 E.00465
G1 X130.122 Y120.597 E.0048
;WIDTH:0.564656
G1 X130.128 Y119.918 E.02946
G1 X130.641 Y119.914 E.02226
G1 X130.642 Y120.594 E.0295
;WIDTH:0.562837
G1 X130.664 Y120.81 E.00939
;WIDTH:0.516889
G1 X130.687 Y121.026 E.00856
;WIDTH:0.47094
G1 X130.71 Y121.241 E.0077
;WIDTH:0.425049
G1 X130.71 Y127.271 E.1916
;WIDTH:0.430802
G1 X130.716 Y127.37 E.0032
;WIDTH:0.439999
G1 X130.933 Y127.732 E.01394
G1 X131.279 Y127.847 E.01204
G1 X132.121 Y127.847 E.0278
G1 X132.467 Y127.732 E.01204
G1 X132.684 Y127.37 E.01394
;WIDTH:0.4302
G1 X132.689 Y127.271 E.00319
;WIDTH:0.424999
G1 X132.69 Y121.241 E.19157
;WIDTH:0.470957
G1 X132.713 Y121.025 E.00773
;WIDTH:0.516914
G1 X132.736 Y120.81 E.00852
;WIDTH:0.562871
G1 X132.759 Y120.594 E.00939
;WIDTH:0.564675
G1 X132.759 Y119.914 E.0295
G1 X133.27 Y119.918 E.02217
G1 X133.277 Y120.708 E.03427
;WIDTH:0.562871
G1 X133.206 Y120.774 E.00419
G1 X133.161 Y120.93 E.00702
;WIDTH:0.516914
G1 X133.117 Y121.086 E.00639
;WIDTH:0.470957
G1 X133.072 Y121.241 E.00574
;WIDTH:0.424999
G1 X133.071 Y127.271 E.19157
;WIDTH:0.4302
G1 X133.068 Y127.404 E.00428
;WIDTH:0.439999
G1 X133.063 Y129.271 E.06164
G1 X133.125 Y129.532 E.00886
G1 X133.316 Y129.748 E.00952
G1 X133.638 Y129.847 E.01112
G1 X150.4 Y129.847 E.55344
G1 X150.4 Y132.414 E.08476
G1 X150.4 Y150.253 E.58899
G1 X148.394 Y150.253 E.06623
G1 X148.394 Y148.474 E.05874
G1 X148.306 Y148.167 E.01054
G1 X148.106 Y147.975 E.00915
G1 X147.822 Y147.898 E.00972
G1 X146.794 Y147.893 E.03394
G1 X146.794 Y145.407 E.08208
G1 X147.822 Y145.402 E.03394
G1 X148.106 Y145.325 E.00972
G1 X148.306 Y145.133 E.00915
G1 X148.394 Y144.826 E.01054
G1 X148.394 Y139.949 E.16103
G1 X148.343 Y139.044 E.02993
G1 X148.198 Y138.179 E.02896
G1 X147.96 Y137.335 E.02895
G1 X147.632 Y136.522 E.02895
G1 X147.219 Y135.749 E.02894
G1 X146.724 Y135.026 E.02893
G1 X146.068 Y134.278 E.03285
G1 X145.503 Y133.75 E.02553
G1 X144.445 Y132.997 E.04288
G1 X143.669 Y132.589 E.02895
G1 X142.853 Y132.268 E.02895
G1 X142.007 Y132.036 E.02896
G1 X141.142 Y131.898 E.02892
G1 X140.298 Y131.853 E.02791
G1 X122.693 Y131.864 E.58127
G1 X121.405 Y132.034 E.0429
G1 X120.485 Y132.287 E.0315
G1 X119.659 Y132.622 E.02943
G1 X118.531 Y133.266 E.04289
G1 X117.835 Y133.8 E.02896
G1 X117.201 Y134.405 E.02893
G1 X116.636 Y135.075 E.02894
G1 X116.147 Y135.803 E.02896
G1 X115.739 Y136.579 E.02895
G1 X115.418 Y137.394 E.02892
G1 X115.186 Y138.24 E.02896
G1 X115.048 Y139.106 E.02895
G1 X115.003 Y139.949 E.02787
G1 X115.003 Y144.827 E.16106
G1 X115.092 Y145.134 E.01055
G1 X115.291 Y145.325 E.00911
G1 X115.576 Y145.402 E.00975
G1 X116.603 Y145.407 E.03391
G1 X116.603 Y147.893 E.08208
G1 X115.576 Y147.898 E.03391
G1 X115.291 Y147.975 E.00975
G1 X115.227 Y148.036 E.00292
G1 X115.457 Y148.351 F9000
;TYPE:External perimeter
;WIDTH:0.419999
G1 F1500
G1 X115.419 Y148.373 E.00138
G1 X115.39 Y148.473 E.00326
G1 X115.39 Y150.64 E.06794
G1 X112.61 Y150.64 E.08716
G1 X112.61 Y129.46 E.66408
G1 X129.76 Y129.46 E.53773
G1 X129.866 Y129.428 E.00347
G1 X129.949 Y129.271 E.00557
G1 X129.949 Y121.241 E.25177
G1 X129.891 Y121.105 E.00464
G1 X129.802 Y121.023 E.00379
G1 X129.675 Y120.814 E.00767
G1 X129.669 Y120.183 E.01979
G1 X129.696 Y119.726 E.01435
G1 X129.825 Y119.57 E.00635
G1 X130.059 Y119.469 E.00799
G1 X131.09 Y119.461 E.03233
G1 X131.09 Y127.271 E.24488
G1 X131.165 Y127.422 E.00529
G1 X131.279 Y127.46 E.00377
G1 X132.121 Y127.46 E.0264
G1 X132.235 Y127.422 E.00377
G1 X132.31 Y127.271 E.00529
G1 X132.31 Y119.461 E.24488
G1 X133.273 Y119.468 E.03019
G1 X133.509 Y119.52 E.00758
G1 X133.665 Y119.666 E.0067
G1 X133.733 Y119.87 E.00674
G1 X133.727 Y120.6 E.02289
G1 X133.693 Y120.889 E.00912
G1 X133.511 Y121.103 E.00881
G1 X133.451 Y121.241 E.00472
G1 X133.45 Y129.271 E.25177
G1 X133.533 Y129.428 E.00557
G1 X133.638 Y129.46 E.00344
G1 X150.787 Y129.46 E.53769
G1 X150.787 Y132.414 E.09262
G1 X150.787 Y150.64 E.57146
G1 X148.007 Y150.64 E.08716
G1 X148.007 Y148.474 E.06791
G1 X147.978 Y148.373 E.00329
G1 X147.913 Y148.311 E.00282
G1 X147.82 Y148.285 E.00303
G1 X146.663 Y148.279 E.03628
G1 X146.493 Y148.231 E.00554
G1 X146.407 Y147.995 E.00788
G1 X146.407 Y145.345 E.08309
G1 X146.445 Y145.135 E.00669
G1 X146.576 Y145.021 E.00544
G1 X147.843 Y145.013 E.03973
G1 X147.978 Y144.927 E.00502
G1 X148.007 Y144.826 E.00329
G1 X148.007 Y139.949 E.15291
G1 X147.961 Y139.106 E.02647
G1 X147.825 Y138.283 E.02615
G1 X147.6 Y137.479 E.02618
G1 X147.29 Y136.703 E.0262
G1 X146.898 Y135.966 E.02617
G1 X146.429 Y135.276 E.02616
G1 X145.801 Y134.559 E.02988
G1 X145.277 Y134.064 E.0226
G1 X144.263 Y133.339 E.03908
G1 X143.525 Y132.949 E.02617
G1 X142.75 Y132.641 E.02615
G1 X141.944 Y132.418 E.02622
G1 X141.121 Y132.284 E.02614
G1 X140.298 Y132.24 E.02584
G1 X122.693 Y132.251 E.55199
G1 X121.458 Y132.418 E.03907
G1 X120.629 Y132.647 E.02697
G1 X119.849 Y132.959 E.02634
G1 X118.765 Y133.574 E.03908
G1 X118.101 Y134.081 E.02619
G1 X117.496 Y134.655 E.02615
G1 X116.956 Y135.292 E.02618
G1 X116.489 Y135.984 E.02618
G1 X116.099 Y136.722 E.02617
G1 X115.791 Y137.498 E.02618
G1 X115.568 Y138.303 E.02619
G1 X115.434 Y139.127 E.02618
G1 X115.39 Y139.949 E.02581
G1 X115.393 Y144.859 E.15395
G1 X115.484 Y144.99 E.005
G1 X115.578 Y145.015 E.00305
G1 X116.786 Y145.021 E.03788
G1 X116.912 Y145.084 E.00442
G1 X116.99 Y145.311 E.00753
G1 X116.99 Y147.954 E.08287
G1 X116.953 Y148.163 E.00665
G1 X116.827 Y148.279 E.00537
G1 X115.578 Y148.285 E.03916
G1 X115.51 Y148.322 E.00243
G1 X113.7 Y148.755 F9000
;TYPE:Internal infill
;WIDTH:0.44
G1 F2398
G1 X113.7 Y149.55 E.02625
G1 X114.3 Y149.55 E.01981
G1 X114.3 Y149.099 E.01489
G1 X113.7 Y148.498 E.02804
G1 X113.7 Y148.556 E.00192
G1 X115.9 Y146.356 E.10273
G1 X115.9 Y146.206 E.00495
G1 X115.797 Y146.103 E.00481
G1 X115.413 Y146.095 E.01268
G1 X114.932 Y145.931 E.01678
G1 X114.496 Y145.512 E.01997
G1 X114.319 Y145.054 E.01621
G1 X114.3 Y144.606 E.01481
G1 X113.7 Y144.006 E.02802
G1 X113.7 Y144.064 E.00192
G1 X114.301 Y143.463 E.02806
G1 X114.302 Y140.115 E.11054
G1 X113.7 Y139.513 E.02811
G1 X113.7 Y139.571 E.00192
G1 X114.365 Y138.906 E.03105
G1 X114.521 Y137.996 E.03048
G1 X114.783 Y137.08 E.03146
G1 X115.061 Y136.382 E.02481
G1 X113.7 Y135.021 E.06355
G1 X113.7 Y135.079 E.00192
G1 X118.214 Y130.55 E.21113
G1 X119.568 Y131.905 E.06325
G1 X120.23 Y131.633 E.02363
G1 X121.259 Y131.345 E.03528
G1 X122.032 Y131.24 E.02576
G1 X122.706 Y130.55 E.03185
G1 X123.327 Y131.171 E.029
G1 X126.597 Y131.167 E.10797
G1 X127.199 Y130.55 E.02846
G1 X127.814 Y131.165 E.02872
G1 X131.095 Y131.161 E.10833
G1 X131.974 Y130.282 E.04104
G1 X131.698 Y129.943 E.01443
G1 X131.424 Y130.283 E.01442
G1 X132.301 Y131.16 E.04095
G1 X135.593 Y131.156 E.10869
G1 X136.183 Y130.55 E.02793
G1 X136.788 Y131.154 E.02823
G1 X140.091 Y131.15 E.10906
G1 X140.691 Y130.55 E.02802
G1 X141.341 Y131.215 E.0307
G1 X142.251 Y131.371 E.03048
G1 X143.047 Y131.592 E.02728
G1 X143.83 Y131.904 E.02783
G1 X145.184 Y130.55 E.06322
G1 X149.697 Y135.079 E.2111
G1 X149.697 Y135.021 E.00192
G1 X148.332 Y136.386 E.06374
G1 X148.615 Y137.08 E.02475
G1 X148.876 Y137.996 E.03145
G1 X149.024 Y138.898 E.03018
G1 X149.697 Y139.571 E.03142
G1 X149.697 Y139.513 E.00192
G1 X149.097 Y140.114 E.02804
G1 X149.097 Y143.464 E.11061
G1 X149.697 Y144.064 E.02802
G1 X149.697 Y144.006 E.00192
G1 X149.097 Y144.606 E.02802
G1 X149.078 Y145.053 E.01477
G1 X148.901 Y145.511 E.01621
G1 X148.465 Y145.931 E.01999
G1 X148.245 Y146.032 E.00799
G1 X147.601 Y146.102 E.02139
G1 X147.497 Y146.206 E.00486
G1 X147.497 Y146.356 E.00495
G1 X149.697 Y148.556 E.10273
G1 X149.697 Y148.498 E.00192
G1 X149.097 Y149.099 E.02804
G1 X149.097 Y149.55 E.01489
G1 X149.697 Y149.55 E.01981
G1 X149.697 Y148.755 E.02625
G1 E-3.5 F3600
;WIPE_START
G1 F7200
G1 X149.697 Y149.55 E-.37763
G1 X149.097 Y149.55 E-.285
G1 X149.097 Y149.099 E-.21423
G1 X149.697 Y148.498 E-.40339
G1 X149.697 Y148.556 E-.02755
G1 X149.411 Y148.27 E-.1922
;WIPE_END
G1 X144.606 Y132.294 F9000
G1 E5 F2400
G1 F2398
G1 X145.918 Y133.183 E.05233
G1 X146.498 Y133.728 E.02628
G1 X149.676 Y130.55 E.14839
G1 X147.294 Y130.55 E.07865
G1 E-3.5 F3600
;WIPE_START
G1 F7200
G1 X149.676 Y130.55 E-1.13145
G1 X149.127 Y131.099 E-.36855
;WIPE_END
G1 X130.58 Y130.22 F9000
G1 E5 F2400
;TYPE:Solid infill
;WIDTH:0.44156
G1 F2398
G1 X130.874 Y129.887 E.01472
;WIDTH:0.446758
G1 X131.009 Y129.495 E.01392
G1 X131.036 Y129.024 E.01584
;WIDTH:0.439999
G1 X131.038 Y128.482 E.0179
G1 X131.293 Y128.55 E.00871
G1 X132.107 Y128.55 E.02688
G1 X132.361 Y128.482 E.00868
G1 X132.362 Y128.804 E.01063
;WIDTH:0.450198
G1 X132.359 Y129.366 E.01903
G1 X132.481 Y129.81 E.01559
;WIDTH:0.445212
G1 X132.785 Y130.185 E.01615
G1 X132.298 Y130.003 E.01739
G1 X132.067 Y129.761 E.01119
;WIDTH:0.454662
G1 X131.992 Y129.588 E.00646
G1 X131.838 Y129.499 E.00609
;WIDTH:0.439999
G1 X131.579 Y129.498 E.00855
;WIDTH:0.4434
G1 X131.445 Y129.548 E.00476
G1 X131.352 Y129.731 E.00684
;WIDTH:0.44156
G1 X131.155 Y129.975 E.01039
G1 X130.769 Y130.171 E.01435
G1 X131.511 Y129.026 F9000
;WIDTH:0.597328
G1 F2398
G1 X131.887 Y129.026 E.01733
G1 E-3.5 F3600
;WIPE_START
G1 F7200
G1 X131.511 Y129.026 E-.1786
;WIPE_END
G1 E-1.3214 F3600
G1 X118.798 Y132.307 F9000
G1 E5 F2400
;TYPE:Internal infill
;WIDTH:0.44
G1 F2398
G1 X118.111 Y132.703 E.02618
G1 X117.453 Y133.203 E.02729
G1 X116.895 Y133.724 E.02521
G1 X113.721 Y130.55 E.14821
G1 X116.104 Y130.55 E.07868
;LAYER_CHANGE
;Z:5.6
;HEIGHT:0.2
;BEFORE_LAYER_CHANGE
G92 E0
;5.6


G1 E-3.5 F3600
;WIPE_START
G1 F7200
G1 X113.721 Y130.55 E-1.13192
G1 X114.269 Y131.098 E-.36808
;WIPE_END
G1 Z5.6 F9000
;AFTER_LAYER_CHANGE
;5.6
G1 X113.394 Y130.244
G1 E5 F2400
;TYPE:Perimeter
;WIDTH:0.439999
G1 X129.887 Y130.244 E.54455
G1 X130.056 Y130.229 E.0056
G1 X130.402 Y130.097 E.01223
G1 X130.726 Y129.763 E.01536
G1 X130.821 Y129.545 E.00785
G1 X130.86 Y129.271 E.00914
G1 X130.86 Y128.105 E.0385
G1 X131.279 Y128.244 E.01458
G1 X132.121 Y128.244 E.0278
G1 X132.539 Y128.105 E.01454
G1 X132.543 Y129.356 E.0413
G1 X132.673 Y129.763 E.01411
G1 X132.997 Y130.096 E.01534
G1 X133.512 Y130.244 E.01769
G1 X150.003 Y130.244 E.54449
G1 X150.003 Y132.414 E.07165
G1 X150.003 Y149.856 E.57589
G1 X148.791 Y149.856 E.04002
G1 X148.791 Y148.34 E.05005
G1 X148.661 Y147.854 E.01661
G1 X148.358 Y147.531 E.01462
G1 X148.149 Y147.425 E.00774
G1 X147.824 Y147.367 E.0109
G1 X147.191 Y147.364 E.0209
G1 X147.191 Y145.936 E.04715
G1 X147.824 Y145.933 E.0209
G1 X148.149 Y145.875 E.0109
G1 X148.358 Y145.769 E.00774
G1 X148.661 Y145.446 E.01462
G1 X148.777 Y145.128 E.01118
G1 X148.791 Y144.96 E.00557
G1 X148.791 Y139.949 E.16545
G1 X148.735 Y138.98 E.03205
G1 X148.58 Y138.073 E.03038
G1 X148.329 Y137.188 E.03037
G1 X147.983 Y136.336 E.03036
G1 X147.547 Y135.526 E.03037
G1 X147.026 Y134.768 E.03037
G1 X146.341 Y133.99 E.03423
G1 X145.734 Y133.428 E.02731
G1 X144.743 Y132.715 E.04031
G1 X143.816 Y132.22 E.0347
G1 X142.959 Y131.885 E.03038
G1 X142.071 Y131.644 E.03038
G1 X141.163 Y131.501 E.03035
G1 X140.298 Y131.456 E.0286
G1 X122.693 Y131.467 E.58127
G1 X121.352 Y131.641 E.04465
G1 X120.338 Y131.919 E.03471
G1 X119.463 Y132.277 E.03121
G1 X118.29 Y132.95 E.04465
G1 X117.562 Y133.511 E.03035
G1 X116.898 Y134.148 E.03038
G1 X116.307 Y134.852 E.03035
G1 X115.796 Y135.617 E.03037
G1 X115.37 Y136.432 E.03036
G1 X115.035 Y137.288 E.03035
G1 X114.795 Y138.176 E.03037
G1 X114.651 Y139.084 E.03035
G1 X114.606 Y139.949 E.0286
G1 X114.606 Y144.962 E.16552
G1 X114.62 Y145.13 E.00557
G1 X114.736 Y145.448 E.01118
G1 X115.038 Y145.771 E.0146
G1 X115.248 Y145.877 E.00777
G1 X115.575 Y145.935 E.01097
G1 X116.206 Y145.938 E.02083
G1 X116.206 Y147.362 E.04702
G1 X115.575 Y147.365 E.02083
G1 X115.249 Y147.423 E.01093
G1 X115.038 Y147.529 E.0078
G1 X114.736 Y147.852 E.0146
G1 X114.606 Y148.338 E.01661
G1 X114.606 Y149.856 E.05012
G1 X113.394 Y149.856 E.04002
G1 X113.394 Y130.304 E.64555
G1 X112.997 Y129.847 F9000
G1 F2400
G1 X129.887 Y129.847 E.55766
G1 X130.192 Y129.76 E.01047
G1 X130.384 Y129.562 E.00911
G1 X130.463 Y129.271 E.00996
G1 X130.463 Y127.967 E.04305
;WIDTH:0.481786
G1 X130.484 Y127.871 E.00359
;WIDTH:0.523572
G1 X130.505 Y127.776 E.00389
;WIDTH:0.565358
G1 X130.525 Y127.68 E.00426
;WIDTH:0.607144
G1 X130.546 Y127.584 E.00461
;WIDTH:0.64893
G1 X130.567 Y127.488 E.00495
;WIDTH:0.690716
G1 X130.588 Y127.393 E.00524
G1 X130.646 Y127.449 E.00434
;WIDTH:0.64893
G1 X130.703 Y127.506 E.00406
;WIDTH:0.607144
G1 X130.761 Y127.562 E.00378
;WIDTH:0.565358
G1 X130.818 Y127.619 E.0035
;WIDTH:0.523572
G1 X130.876 Y127.675 E.00322
;WIDTH:0.481786
G1 X130.933 Y127.732 E.00294
;WIDTH:0.439999
G1 X131.279 Y127.847 E.01204
G1 X132.121 Y127.847 E.0278
G1 X132.467 Y127.732 E.01204
;WIDTH:0.481678
G1 X132.524 Y127.675 E.00294
;WIDTH:0.523356
G1 X132.582 Y127.619 E.00322
;WIDTH:0.565035
G1 X132.639 Y127.562 E.0035
;WIDTH:0.606713
G1 X132.697 Y127.506 E.00378
;WIDTH:0.648392
G1 X132.754 Y127.449 E.00406
;WIDTH:0.69007
G1 X132.812 Y127.393 E.00434
G1 X132.832 Y127.488 E.00522
;WIDTH:0.648392
G1 X132.853 Y127.584 E.00495
;WIDTH:0.606713
G1 X132.874 Y127.68 E.00461
;WIDTH:0.565035
G1 X132.895 Y127.775 E.00422
;WIDTH:0.523356
G1 X132.916 Y127.871 E.00393
;WIDTH:0.481678
G1 X132.937 Y127.967 E.00359
;WIDTH:0.439999
G1 X132.936 Y129.271 E.04305
G1 X133.015 Y129.562 E.00996
G1 X133.207 Y129.76 E.00911
G1 X133.512 Y129.847 E.01047
G1 X150.4 Y129.847 E.5576
G1 X150.4 Y132.414 E.08476
G1 X150.4 Y150.253 E.58899
G1 X148.394 Y150.253 E.06623
G1 X148.394 Y148.34 E.06316
G1 X148.317 Y148.052 E.00984
G1 X148.138 Y147.861 E.00864
G1 X148.014 Y147.798 E.00459
G1 X147.822 Y147.764 E.00644
G1 X146.794 Y147.758 E.03394
G1 X146.794 Y145.542 E.07317
G1 X147.85 Y145.535 E.03487
G1 X148.138 Y145.439 E.01002
G1 X148.317 Y145.248 E.00864
G1 X148.394 Y144.96 E.00984
G1 X148.394 Y139.949 E.16545
G1 X148.343 Y139.044 E.02993
G1 X148.198 Y138.179 E.02896
G1 X147.96 Y137.335 E.02895
G1 X147.632 Y136.522 E.02895
G1 X147.219 Y135.749 E.02894
G1 X146.724 Y135.026 E.02893
G1 X146.068 Y134.278 E.03285
G1 X145.503 Y133.75 E.02553
G1 X144.445 Y132.997 E.04288
G1 X143.669 Y132.589 E.02895
G1 X142.853 Y132.268 E.02895
G1 X142.007 Y132.036 E.02896
G1 X141.142 Y131.898 E.02892
G1 X140.298 Y131.853 E.02791
G1 X122.693 Y131.864 E.58127
G1 X121.405 Y132.034 E.0429
G1 X120.485 Y132.287 E.0315
G1 X119.659 Y132.622 E.02943
G1 X118.531 Y133.266 E.04289
G1 X117.835 Y133.8 E.02896
G1 X117.201 Y134.405 E.02893
G1 X116.636 Y135.075 E.02894
G1 X116.147 Y135.803 E.02896
G1 X115.739 Y136.579 E.02895
G1 X115.418 Y137.394 E.02892
G1 X115.186 Y138.24 E.02896
G1 X115.048 Y139.106 E.02895
G1 X115.003 Y139.949 E.02787
G1 X115.003 Y144.962 E.16552
G1 X115.08 Y145.249 E.00981
G1 X115.259 Y145.441 E.00867
G1 X115.383 Y145.504 E.00459
G1 X115.576 Y145.538 E.00647
G1 X116.603 Y145.542 E.03391
G1 X116.603 Y147.758 E.07317
G1 X115.548 Y147.763 E.03483
G1 X115.259 Y147.859 E.01005
G1 X115.08 Y148.051 E.00867
G1 X115.003 Y148.338 E.00981
G1 X115.003 Y150.253 E.06323
G1 X112.997 Y150.253 E.06623
G1 X112.997 Y129.907 E.67177
G1 E-3.5 F3600
;WIPE_START
G1 F7200
G1 X112.997 Y129.847 E-.0285
G1 X116.095 Y129.847 E-1.4715
;WIPE_END
G1 X132.817 Y121.241 F9000
G1 E5 F2400
;WIDTH:0.680102
G1 F1500
G1 X132.796 Y121.082 E.0085
;WIDTH:0.637002
G1 X132.774 Y120.922 E.00798
;WIDTH:0.593902
G1 X132.752 Y120.763 E.00735
;WIDTH:0.550802
G1 X132.731 Y120.603 E.00681
;WIDTH:0.509897
G1 X132.732 Y119.887 E.0278
G1 X133.197 Y119.909 E.01808
G1 X133.195 Y120.709 E.03106
;WIDTH:0.507702
G1 X133.109 Y120.785 E.00444
;WIDTH:0.550802
G1 X133.036 Y120.899 E.00572
;WIDTH:0.593902
G1 X132.963 Y121.013 E.0062
;WIDTH:0.637002
G1 X132.89 Y121.127 E.00669
;WIDTH:0.680102
G1 X132.849 Y121.191 E.00403
G1 X132.817 Y121.241 F9000
G1 F1500
G1 X132.817 Y127.271 E.31948
;WIDTH:0.69007
G1 X132.812 Y127.393 E.00657
G1 E-3.5 F3600
;WIPE_START
G1 F7200
G1 X132.817 Y127.271 E-.058
G1 X132.817 Y124.235 E-1.442
;WIPE_END
G1 X130.669 Y121.241 F9000
G1 E5 F2400
;WIDTH:0.550757
G1 F1500
G1 X130.648 Y121.241 E.00089
;WIDTH:0.593864
G1 X130.626 Y121.241 E.00101
;WIDTH:0.636971
G1 X130.604 Y121.241 E.00109
;WIDTH:0.680078
G1 X130.583 Y121.241 E.00111
G1 X130.561 Y121.241 E.00117
;WIDTH:0.636971
G1 X130.54 Y121.241 E.00104
;WIDTH:0.593864
G1 X130.518 Y121.241 E.00101
;WIDTH:0.550757
G1 X130.497 Y121.241 E.00089
;WIDTH:0.50765
G1 X130.291 Y120.785 E.01934
G1 X130.205 Y120.709 E.00443
G1 X130.204 Y120.606 E.00398
;WIDTH:0.509852
G1 X130.199 Y119.914 E.02687
G1 X130.668 Y119.887 E.01824
G1 X130.669 Y120.604 E.02784
;WIDTH:0.50765
G1 X130.669 Y121.181 E.0223
G1 E-3.5 F3600
;WIPE_START
G1 F7200
G1 X130.669 Y121.241 E-.0285
G1 X130.648 Y121.241 E-.00998
G1 X130.626 Y121.241 E-.01045
G1 X130.604 Y121.241 E-.01045
G1 X130.583 Y121.241 E-.00998
G1 X130.561 Y121.241 E-.01045
G1 X130.54 Y121.241 E-.00998
G1 X130.518 Y121.241 E-.01045
G1 X130.497 Y121.241 E-.00997
G1 X130.291 Y120.785 E-.23768
G1 X130.205 Y120.709 E-.05452
G1 X130.204 Y120.606 E-.04893
G1 X130.199 Y119.914 E-.32871
G1 X130.668 Y119.887 E-.22314
G1 X130.669 Y120.604 E-.34058
G1 X130.669 Y120.933 E-.15623
;WIPE_END
G1 X130.588 Y127.393 F9000
G1 E5 F2400
;WIDTH:0.690716
G1 F1500
G1 X130.583 Y127.271 E.00658
;WIDTH:0.680174
G1 X130.583 Y121.241 E.31952
G1 X130.04 Y121.161 F9000
;TYPE:External perimeter
;WIDTH:0.419999
G1 F1500
G1 X130.012 Y121.1 E.0021
G1 X129.909 Y121.009 E.00431
G1 X129.785 Y120.813 E.00727
G1 X129.779 Y120.128 E.02148
G1 X129.807 Y119.729 E.01254
G1 X129.94 Y119.577 E.00633
G1 X130.206 Y119.469 E.009
G1 X131.09 Y119.462 E.02772
G1 X131.09 Y127.271 E.24485
G1 X131.165 Y127.422 E.00529
G1 X131.279 Y127.46 E.00377
G1 X132.121 Y127.46 E.0264
G1 X132.235 Y127.422 E.00377
G1 X132.31 Y127.271 E.00529
G1 X132.31 Y119.462 E.24485
G1 X133.126 Y119.468 E.02559
G1 X133.382 Y119.523 E.00821
G1 X133.552 Y119.67 E.00705
G1 X133.623 Y119.871 E.00668
G1 X133.617 Y120.609 E.02314
G1 X133.583 Y120.883 E.00866
G1 X133.397 Y121.093 E.0088
G1 X133.324 Y121.241 E.00517
G1 X133.324 Y128.662 E.23268
G1 X133.349 Y129.367 E.02212
G1 X133.512 Y129.46 E.00588
G1 X150.787 Y129.46 E.54164
G1 X150.787 Y132.414 E.09262
G1 X150.787 Y150.64 E.57146
G1 X148.007 Y150.64 E.08716
G1 X148.007 Y148.34 E.07211
G1 X147.923 Y148.183 E.00558
G1 X147.82 Y148.151 E.00338
G1 X146.585 Y148.144 E.03872
G1 X146.474 Y148.047 E.00462
G1 X146.407 Y147.805 E.00787
G1 X146.407 Y145.537 E.07111
G1 X146.447 Y145.287 E.00794
G1 X146.575 Y145.156 E.00574
G1 X147.883 Y145.137 E.04102
G1 X147.982 Y145.054 E.00405
G1 X148.007 Y144.96 E.00305
G1 X148.007 Y139.949 E.15712
G1 X147.961 Y139.106 E.02647
G1 X147.825 Y138.283 E.02615
G1 X147.6 Y137.479 E.02618
G1 X147.29 Y136.703 E.0262
G1 X146.898 Y135.966 E.02617
G1 X146.429 Y135.276 E.02616
G1 X145.801 Y134.559 E.02988
G1 X145.277 Y134.064 E.0226
G1 X144.263 Y133.339 E.03908
G1 X143.525 Y132.949 E.02617
G1 X142.75 Y132.641 E.02615
G1 X141.944 Y132.418 E.02622
G1 X141.121 Y132.284 E.02614
G1 X140.298 Y132.24 E.02584
G1 X122.693 Y132.251 E.55199
G1 X121.458 Y132.418 E.03907
G1 X120.629 Y132.647 E.02697
G1 X119.849 Y132.959 E.02634
G1 X118.765 Y133.574 E.03908
G1 X118.101 Y134.081 E.02619
G1 X117.496 Y134.655 E.02615
G1 X116.956 Y135.292 E.02618
G1 X116.489 Y135.984 E.02618
G1 X116.099 Y136.722 E.02617
G1 X115.791 Y137.498 E.02618
G1 X115.568 Y138.303 E.02619
G1 X115.434 Y139.127 E.02618
G1 X115.39 Y139.949 E.02581
G1 X115.393 Y144.995 E.15821
G1 X115.474 Y145.119 E.00464
G1 X115.578 Y145.151 E.00341
G1 X116.812 Y145.156 E.03869
G1 X116.923 Y145.253 E.00462
G1 X116.99 Y145.495 E.00787
G1 X116.99 Y147.763 E.07111
G1 X116.95 Y148.013 E.00794
G1 X116.823 Y148.144 E.00572
G1 X115.578 Y148.149 E.03904
G1 X115.474 Y148.181 E.00341
G1 X115.39 Y148.338 E.00558
G1 X115.39 Y150.64 E.07218
G1 X112.61 Y150.64 E.08716
G1 X112.61 Y129.46 E.66408
G1 X129.92 Y129.457 E.54274
G1 X130.05 Y129.367 E.00496
G1 X130.076 Y129.271 E.00312
G1 X130.076 Y121.241 E.25177
G1 X130.064 Y121.216 E.00087
G1 E-3.5 F3600
;WIPE_START
G1 F7200
G1 X130.04 Y121.161 E-.0285
G1 X130.012 Y121.1 E-.03188
G1 X129.909 Y121.009 E-.06528
G1 X129.785 Y120.813 E-.11017
G1 X129.779 Y120.128 E-.32539
G1 X129.807 Y119.729 E-.18999
G1 X129.94 Y119.577 E-.09594
G1 X130.206 Y119.469 E-.13637
G1 X131.09 Y119.462 E-.41991
G1 X131.09 Y119.665 E-.09657
;WIPE_END
G1 X131.528 Y129.116 F9000
G1 E5 F2400
;TYPE:Solid infill
;WIDTH:0.385086
G1 X131.524 Y129.455 E.00965
G1 X131.492 Y129.622 E.00484
G1 X131.772 Y129.594 E.00801
G1 X131.907 Y129.623 E.00393
G1 X131.869 Y129.086 E.01532
;WIDTH:0.381597
G1 X131.868 Y128.918 E.00473
G1 X131.531 Y128.918 E.00949
;WIDTH:0.410798
G1 X131.516 Y128.728 E.00583
;WIDTH:0.439999
G1 X131.501 Y128.539 E.00626
G1 X131.165 Y128.521 E.01111
G1 X131.161 Y129.366 E.0279
G1 X131.102 Y129.661 E.00993
G1 X130.94 Y129.974 E.01164
G1 X130.69 Y130.23 E.01181
G1 X131.121 Y130.203 E.01426
G1 X131.378 Y130.107 E.00906
G1 X131.636 Y129.963 E.00976
G1 X131.867 Y129.999 E.00772
G1 X132.086 Y130.133 E.00848
G1 X132.502 Y130.233 E.01413
G1 X132.713 Y130.235 E.00697
G1 X132.396 Y129.891 E.01545
G1 X132.281 Y129.611 E.00999
G1 X132.237 Y129.085 E.01743
G1 X132.234 Y128.521 E.01862
G1 X131.7 Y128.55 E.01766
G1 E-3.5 F3600
;WIPE_START
G1 F7200
G1 X132.234 Y128.521 E-.25402
G1 X132.237 Y129.085 E-.2679
G1 X132.281 Y129.611 E-.25072
G1 X132.396 Y129.891 E-.14378
G1 X132.713 Y130.235 E-.2222
G1 X132.502 Y130.233 E-.10023
G1 X132.086 Y130.133 E-.20323
G1 X131.982 Y130.07 E-.05792
;WIPE_END
G1 X118.798 Y132.307 F9000
G1 E5 F2400
;TYPE:Internal infill
;WIDTH:0.44
G1 F3000
G1 X118.111 Y132.703 E.02618
G1 X117.453 Y133.203 E.02729
G1 X116.895 Y133.724 E.02521
G1 X113.721 Y130.55 E.14821
G1 X116.104 Y130.55 E.07868
G1 E-3.5 F3600
;WIPE_START
G1 F7200
G1 X113.721 Y130.55 E-1.13192
G1 X114.269 Y131.098 E-.36808
;WIPE_END
G1 X113.7 Y148.755 F9000
G1 E5 F2400
G1 F3000
G1 X113.7 Y149.55 E.02625
G1 X114.3 Y149.55 E.01981
G1 X114.3 Y149.099 E.01489
G1 X113.7 Y148.498 E.02804
G1 X113.7 Y148.556 E.00192
G1 X114.434 Y147.822 E.03427
G1 X114.467 Y147.7 E.00417
G1 X114.863 Y147.277 E.01913
G1 X115.099 Y147.157 E.00874
G1 X115.9 Y146.356 E.0374
G1 X115.9 Y146.241 E.0038
G1 X115.464 Y146.236 E.0144
G1 X115.145 Y146.166 E.01078
G1 X114.863 Y146.023 E.01044
G1 X114.47 Y145.604 E.01897
G1 X114.319 Y145.188 E.01461
G1 X114.3 Y144.606 E.01923
G1 X113.7 Y144.006 E.02802
G1 X113.7 Y144.064 E.00192
G1 X114.301 Y143.463 E.02806
G1 X114.302 Y140.115 E.11054
G1 X113.7 Y139.513 E.02811
G1 X113.7 Y139.571 E.00192
G1 X114.365 Y138.906 E.03105
G1 X114.521 Y137.996 E.03048
G1 X114.783 Y137.08 E.03146
G1 X115.061 Y136.382 E.02481
G1 X113.7 Y135.021 E.06355
G1 X113.7 Y135.079 E.00192
G1 X118.214 Y130.55 E.21113
G1 X119.568 Y131.905 E.06325
G1 X120.23 Y131.633 E.02363
G1 X121.259 Y131.345 E.03528
G1 X122.032 Y131.24 E.02576
G1 X122.706 Y130.55 E.03185
G1 X123.327 Y131.171 E.029
G1 X126.597 Y131.167 E.10797
G1 X127.199 Y130.55 E.02846
G1 X127.814 Y131.165 E.02872
G1 X131.095 Y131.161 E.10833
G1 X131.806 Y130.45 E.0332
G1 X131.697 Y130.368 E.0045
G1 X131.59 Y130.449 E.00443
G1 X132.301 Y131.16 E.0332
G1 X135.593 Y131.156 E.10869
G1 X136.183 Y130.55 E.02793
G1 X136.788 Y131.154 E.02823
G1 X140.091 Y131.15 E.10906
G1 X140.691 Y130.55 E.02802
G1 X141.341 Y131.215 E.0307
G1 X142.251 Y131.371 E.03048
G1 X143.047 Y131.592 E.02728
G1 X143.83 Y131.904 E.02783
G1 X145.184 Y130.55 E.06322
G1 X149.697 Y135.079 E.2111
G1 X149.697 Y135.021 E.00192
G1 X148.332 Y136.386 E.06374
G1 X148.615 Y137.08 E.02475
G1 X148.876 Y137.996 E.03145
G1 X149.024 Y138.898 E.03018
G1 X149.697 Y139.571 E.03142
G1 X149.697 Y139.513 E.00192
G1 X149.097 Y140.114 E.02804
G1 X149.097 Y143.464 E.11061
G1 X149.697 Y144.064 E.02802
G1 X149.697 Y144.006 E.00192
G1 X149.097 Y144.606 E.02802
G1 X149.078 Y145.186 E.01916
G1 X148.927 Y145.602 E.01461
G1 X148.533 Y146.022 E.01901
G1 X148.251 Y146.164 E.01042
G1 X147.497 Y146.24 E.02502
G1 X147.497 Y146.356 E.00383
G1 X148.303 Y147.162 E.03763
G1 X148.533 Y147.278 E.00851
G1 X148.93 Y147.701 E.01915
G1 X148.962 Y147.821 E.0041
G1 X149.697 Y148.556 E.03432
G1 X149.697 Y148.498 E.00192
G1 X149.097 Y149.099 E.02804
G1 X149.097 Y149.55 E.01489
G1 X149.697 Y149.55 E.01981
G1 X149.697 Y148.755 E.02625
G1 E-3.5 F3600
;WIPE_START
G1 F7200
G1 X149.697 Y149.55 E-.37763
G1 X149.097 Y149.55 E-.285
G1 X149.097 Y149.099 E-.21423
G1 X149.697 Y148.498 E-.40339
G1 X149.697 Y148.556 E-.02755
G1 X149.411 Y148.27 E-.1922
;WIPE_END
G1 X144.606 Y132.294 F9000
G1 E5 F2400
G1 F3000
G1 X145.918 Y133.183 E.05233
G1 X146.498 Y133.728 E.02628
G1 X149.676 Y130.55 E.14839
G1 X147.294 Y130.55 E.07865
;LAYER_CHANGE
;Z:5.8
;HEIGHT:0.2
;BEFORE_LAYER_CHANGE
G92 E0
;5.8


G1 E-3.5 F3600
;WIPE_START
G1 F7200
G1 X149.676 Y130.55 E-1.13145
G1 X149.127 Y131.099 E-.36855
;WIPE_END
G1 Z5.8 F9000
;AFTER_LAYER_CHANGE
;5.8
G1 X150.003 Y130.244
G1 E5 F2400
;TYPE:Perimeter
;WIDTH:0.439999
G1 X150.003 Y132.414 E.07165
G1 X150.003 Y149.856 E.57589
G1 X148.791 Y149.856 E.04002
G1 X148.791 Y148.167 E.05577
G1 X148.685 Y147.725 E.01501
G1 X148.426 Y147.408 E.01352
G1 X148.183 Y147.265 E.00931
G1 X147.826 Y147.195 E.01201
G1 X147.191 Y147.19 E.02097
G1 X147.191 Y146.11 E.03566
G1 X147.732 Y146.106 E.01786
G1 X148.183 Y146.035 E.01507
G1 X148.426 Y145.892 E.00931
G1 X148.685 Y145.575 E.01352
G1 X148.777 Y145.301 E.00954
G1 X148.791 Y145.133 E.00557
G1 X148.791 Y139.949 E.17116
G1 X148.735 Y138.98 E.03205
G1 X148.58 Y138.073 E.03038
G1 X148.329 Y137.188 E.03037
G1 X147.983 Y136.336 E.03036
G1 X147.547 Y135.526 E.03037
G1 X147.026 Y134.768 E.03037
G1 X146.341 Y133.99 E.03423
G1 X145.734 Y133.428 E.02731
G1 X144.743 Y132.715 E.04031
G1 X143.816 Y132.22 E.0347
G1 X142.959 Y131.885 E.03038
G1 X142.085 Y131.647 E.02991
G1 X141.484 Y131.542 E.02014
G1 X140.805 Y131.472 E.02254
G1 X140.298 Y131.456 E.01675
G1 X122.693 Y131.467 E.58127
G1 X121.352 Y131.641 E.04465
G1 X120.338 Y131.919 E.03471
G1 X119.463 Y132.277 E.03121
G1 X118.29 Y132.95 E.04465
G1 X117.562 Y133.511 E.03035
G1 X116.898 Y134.148 E.03038
G1 X116.307 Y134.852 E.03035
G1 X115.796 Y135.617 E.03037
G1 X115.37 Y136.432 E.03036
G1 X115.035 Y137.288 E.03035
G1 X114.795 Y138.176 E.03037
G1 X114.651 Y139.084 E.03035
G1 X114.606 Y139.949 E.0286
G1 X114.606 Y145.135 E.17123
G1 X114.712 Y145.576 E.01498
G1 X114.97 Y145.894 E.01352
G1 X115.215 Y146.037 E.00937
G1 X115.573 Y146.107 E.01204
G1 X116.206 Y146.109 E.0209
G1 X116.206 Y147.189 E.03566
G1 X115.667 Y147.192 E.0178
G1 X115.215 Y147.263 E.01511
G1 X114.97 Y147.406 E.00937
G1 X114.712 Y147.724 E.01352
G1 X114.606 Y148.165 E.01498
G1 X114.606 Y149.856 E.05583
G1 X113.394 Y149.856 E.04002
G1 X113.394 Y130.244 E.64753
G1 X130.048 Y130.244 E.54987
G1 X130.216 Y130.229 E.00557
G1 X130.524 Y130.12 E.01079
G1 X130.846 Y129.827 E.01437
G1 X130.966 Y129.591 E.00874
G1 X131.02 Y129.272 E.01068
G1 X131.02 Y128.158 E.03678
G1 X131.279 Y128.244 E.00901
G1 X132.121 Y128.244 E.0278
G1 X132.381 Y128.158 E.00904
G1 X132.381 Y129.271 E.03675
G1 X132.435 Y129.591 E.01071
G1 X132.555 Y129.827 E.00874
G1 X132.878 Y130.12 E.0144
G1 X133.353 Y130.244 E.01621
G1 X149.943 Y130.244 E.54776
G1 X150.4 Y129.847 F9000
G1 F2400
G1 X150.4 Y132.414 E.08476
G1 X150.4 Y150.253 E.58899
G1 X148.394 Y150.253 E.06623
G1 X148.394 Y148.167 E.06887
G1 X148.332 Y147.906 E.00886
G1 X148.178 Y147.718 E.00802
G1 X148.034 Y147.633 E.00552
G1 X147.823 Y147.592 E.0071
G1 X146.807 Y147.585 E.03355
G1 X146.801 Y145.715 E.06174
G1 X147.729 Y145.709 E.03064
G1 X148.034 Y145.666 E.01017
G1 X148.178 Y145.582 E.0055
G1 X148.332 Y145.394 E.00802
G1 X148.394 Y145.133 E.00886
G1 X148.394 Y139.949 E.17116
G1 X148.343 Y139.044 E.02993
G1 X148.198 Y138.179 E.02896
G1 X147.96 Y137.335 E.02895
G1 X147.632 Y136.522 E.02895
G1 X147.219 Y135.749 E.02894
G1 X146.724 Y135.026 E.02893
G1 X146.068 Y134.278 E.03285
G1 X145.503 Y133.75 E.02553
G1 X144.445 Y132.997 E.04288
G1 X143.669 Y132.589 E.02895
G1 X142.853 Y132.268 E.02895
G1 X142.015 Y132.038 E.02869
G1 X141.444 Y131.937 E.01915
G1 X140.298 Y131.853 E.03794
G1 X122.693 Y131.864 E.58127
G1 X121.405 Y132.034 E.0429
G1 X120.485 Y132.287 E.0315
G1 X119.659 Y132.622 E.02943
G1 X118.531 Y133.266 E.04289
G1 X117.835 Y133.8 E.02896
G1 X117.201 Y134.405 E.02893
G1 X116.636 Y135.075 E.02894
G1 X116.147 Y135.803 E.02896
G1 X115.739 Y136.579 E.02895
G1 X115.418 Y137.394 E.02892
G1 X115.186 Y138.24 E.02896
G1 X115.048 Y139.106 E.02895
G1 X115.003 Y139.949 E.02787
G1 X115.003 Y145.135 E.17123
G1 X115.066 Y145.396 E.00886
G1 X115.218 Y145.584 E.00798
G1 X115.363 Y145.668 E.00553
G1 X115.575 Y145.71 E.00714
G1 X116.596 Y145.713 E.03371
G1 X116.59 Y147.584 E.06178
G1 X115.528 Y147.592 E.03507
G1 X115.218 Y147.716 E.01102
G1 X115.066 Y147.904 E.00798
G1 X115.003 Y148.165 E.00886
G1 X115.003 Y150.253 E.06894
G1 X112.997 Y150.253 E.06623
G1 X112.997 Y129.847 E.67375
G1 X130.048 Y129.847 E.56298
G1 X130.329 Y129.773 E.00959
G1 X130.52 Y129.6 E.00851
G1 X130.591 Y129.461 E.00515
G1 X130.623 Y129.272 E.00633
G1 X130.623 Y127.887 E.04573
;WIDTH:0.48444
G1 X130.646 Y127.633 E.00936
;WIDTH:0.52888
G1 X130.668 Y127.379 E.0103
G1 X130.8 Y127.555 E.00889
;WIDTH:0.48444
G1 X130.933 Y127.732 E.00813
;WIDTH:0.439999
G1 X131.279 Y127.847 E.01204
G1 X132.121 Y127.847 E.0278
G1 X132.467 Y127.732 E.01204
;WIDTH:0.484892
G1 X132.6 Y127.555 E.00814
;WIDTH:0.529784
G1 X132.733 Y127.379 E.00893
G1 X132.755 Y127.633 E.01032
;WIDTH:0.484892
G1 X132.778 Y127.887 E.00937
;WIDTH:0.439999
G1 X132.78 Y129.322 E.04738
G1 X132.881 Y129.6 E.00977
G1 X133.072 Y129.773 E.00851
G1 X133.353 Y129.847 E.00959
G1 X150.34 Y129.847 E.56086
G1 E-3.5 F3600
;WIPE_START
G1 F7200
G1 X150.4 Y129.847 E-.0285
G1 X150.4 Y132.414 E-1.21933
G1 X150.4 Y132.945 E-.25217
;WIPE_END
G1 X132.737 Y121.238 F9000
G1 E5 F2400
;WIDTH:0.519552
G1 F1500
G1 X132.717 Y120.924 E.01247
;WIDTH:0.479648
G1 X132.697 Y120.611 E.01139
;WIDTH:0.442474
G1 X132.698 Y119.848 E.02535
G1 X133.055 Y119.884 E.01192
G1 X133.099 Y119.952 E.00269
G1 X133.093 Y120.703 E.02495
;WIDTH:0.439744
G1 X132.979 Y120.8 E.00494
;WIDTH:0.479648
G1 X132.858 Y121.019 E.00909
;WIDTH:0.519552
G1 X132.766 Y121.186 E.00756
G1 X132.737 Y121.238 F9000
;WIDTH:0.520452
G1 F1500
G1 X132.737 Y127.271 E.23955
;WIDTH:0.529784
G1 X132.733 Y127.379 E.00438
G1 E-3.5 F3600
;WIPE_START
G1 F7200
G1 X132.737 Y127.271 E-.05134
G1 X132.737 Y124.221 E-1.44866
;WIPE_END
G1 X130.663 Y121.238 F9000
G1 E5 F2400
;WIDTH:0.519484
G1 F1500
G1 X130.542 Y121.02 E.00988
;WIDTH:0.47885
G1 X130.421 Y120.801 E.00907
;WIDTH:0.438216
G1 X130.308 Y120.705 E.00487
G1 X130.31 Y119.913 E.02603
;WIDTH:0.437558
G1 X130.38 Y119.876 E.0026
G1 X130.704 Y119.846 E.01068
G1 X130.704 Y119.972 E.00413
;WIDTH:0.438216
G1 X130.704 Y120.67 E.02294
;WIDTH:0.47885
G1 X130.683 Y120.954 E.01032
;WIDTH:0.519484
G1 X130.667 Y121.178 E.0089
G1 E-3.5 F3600
;WIPE_START
G1 F7200
G1 X130.663 Y121.238 E-.02856
G1 X130.542 Y121.02 E-.11843
G1 X130.421 Y120.801 E-.11885
G1 X130.308 Y120.705 E-.07043
G1 X130.31 Y119.913 E-.3762
G1 X130.38 Y119.876 E-.03761
G1 X130.704 Y119.846 E-.15456
G1 X130.704 Y119.972 E-.05985
G1 X130.704 Y120.67 E-.33155
G1 X130.683 Y120.954 E-.13527
G1 X130.673 Y121.098 E-.06869
;WIPE_END
G1 X130.668 Y127.379 F9000
G1 E5 F2400
;WIDTH:0.52888
G1 F1500
G1 X130.663 Y127.271 E.00437
;WIDTH:0.519554
G1 X130.663 Y121.238 E.2391
G1 X130.198 Y121.156 F9000
;TYPE:External perimeter
;WIDTH:0.419999
G1 F1500
G1 X130.17 Y121.095 E.0021
G1 X130.015 Y120.962 E.0064
G1 X129.922 Y120.815 E.00545
G1 X129.924 Y119.802 E.03176
G1 X130.031 Y119.623 E.00654
G1 X130.203 Y119.534 E.00607
G1 X130.548 Y119.46 E.01106
G1 X131.09 Y119.46 E.01699
G1 X131.09 Y127.271 E.24491
G1 X131.165 Y127.422 E.00529
G1 X131.279 Y127.46 E.00377
G1 X132.121 Y127.46 E.0264
G1 X132.235 Y127.422 E.00377
G1 X132.31 Y127.271 E.00529
G1 X132.31 Y119.46 E.24491
G1 X132.966 Y119.473 E.02057
G1 X133.3 Y119.566 E.01087
G1 X133.458 Y119.742 E.00742
G1 X133.486 Y120.063 E.0101
G1 X133.458 Y120.863 E.0251
G1 X133.275 Y121.056 E.00834
G1 X133.164 Y121.238 E.00668
G1 X133.165 Y129.271 E.25187
G1 X133.199 Y129.379 E.00355
G1 X133.353 Y129.46 E.00546
G1 X150.787 Y129.46 E.54663
G1 X150.787 Y132.414 E.09262
G1 X150.787 Y150.64 E.57146
G1 X148.007 Y150.64 E.08716
G1 X148.007 Y148.167 E.07754
G1 X147.937 Y148.02 E.0051
G1 X147.82 Y147.979 E.00389
G1 X146.591 Y147.97 E.03854
G1 X146.476 Y147.866 E.00486
G1 X146.407 Y147.533 E.01066
G1 X146.407 Y145.785 E.05481
G1 X146.465 Y145.455 E.01051
G1 X146.58 Y145.33 E.00533
G1 X147.726 Y145.322 E.03593
G1 X147.937 Y145.28 E.00675
G1 X148.007 Y145.133 E.0051
G1 X148.007 Y139.949 E.16254
G1 X147.961 Y139.106 E.02647
G1 X147.825 Y138.283 E.02615
G1 X147.6 Y137.479 E.02618
G1 X147.29 Y136.703 E.0262
G1 X146.898 Y135.966 E.02617
G1 X146.429 Y135.276 E.02616
G1 X145.801 Y134.559 E.02988
G1 X145.277 Y134.064 E.0226
G1 X144.263 Y133.339 E.03908
G1 X143.525 Y132.949 E.02617
G1 X142.75 Y132.641 E.02615
G1 X141.947 Y132.419 E.02612
G1 X141.404 Y132.322 E.01729
G1 X140.298 Y132.24 E.03477
G1 X122.693 Y132.251 E.55199
G1 X121.458 Y132.418 E.03907
G1 X120.629 Y132.647 E.02697
G1 X119.849 Y132.959 E.02634
G1 X118.765 Y133.574 E.03908
G1 X118.101 Y134.081 E.02619
G1 X117.496 Y134.655 E.02615
G1 X116.956 Y135.292 E.02618
G1 X116.489 Y135.984 E.02618
G1 X116.099 Y136.722 E.02617
G1 X115.791 Y137.498 E.02618
G1 X115.568 Y138.303 E.02619
G1 X115.434 Y139.127 E.02618
G1 X115.39 Y139.949 E.02581
G1 X115.39 Y145.135 E.1626
G1 X115.461 Y145.282 E.00512
G1 X115.578 Y145.323 E.00389
G1 X116.802 Y145.326 E.03838
G1 X116.921 Y145.424 E.00483
G1 X116.99 Y145.762 E.01082
G1 X116.99 Y147.496 E.05437
G1 X116.946 Y147.816 E.01013
G1 X116.817 Y147.97 E.0063
G1 X115.671 Y147.976 E.03593
G1 X115.461 Y148.018 E.00671
G1 X115.39 Y148.165 E.00512
G1 X115.39 Y150.64 E.0776
G1 X112.61 Y150.64 E.08716
G1 X112.61 Y129.46 E.66408
G1 X130.048 Y129.46 E.54676
G1 X130.203 Y129.379 E.00548
G1 X130.236 Y129.271 E.00354
G1 X130.236 Y121.238 E.25187
G1 X130.223 Y121.21 E.00097
G1 E-3.5 F3600
;WIPE_START
G1 F7200
G1 X130.198 Y121.156 E-.02827
G1 X130.17 Y121.095 E-.03188
G1 X130.015 Y120.962 E-.09701
G1 X129.922 Y120.815 E-.08263
G1 X129.924 Y119.802 E-.48118
G1 X130.031 Y119.623 E-.09906
G1 X130.203 Y119.534 E-.09199
G1 X130.548 Y119.46 E-.1676
G1 X131.09 Y119.46 E-.25745
G1 X131.09 Y119.803 E-.16293
;WIPE_END
G1 X130.831 Y130.236 F9000
G1 E5 F2400
;TYPE:Solid infill
;WIDTH:0.439999
G1 X131.065 Y130.034 E.01021
G1 X131.244 Y129.715 E.01208
G1 X131.322 Y129.365 E.01184
G1 X131.326 Y128.55 E.02691
G1 X132.075 Y128.55 E.02473
G1 X132.079 Y129.364 E.02688
G1 X132.14 Y129.667 E.0102
G1 X132.289 Y129.974 E.01127
G1 X132.575 Y130.236 E.01281
G1 X131.029 Y130.236 E.05104
G1 X131.701 Y129.782 F9000
;WIDTH:0.553846
G1 F2400
G1 X131.701 Y129.568 E.00909
;WIDTH:0.515165
G1 X131.701 Y129.354 E.0084
;WIDTH:0.476484
G1 X131.7 Y129.14 E.00771
;WIDTH:0.437803
G1 X131.7 Y128.927 E.00699
G1 E-3.5 F3600
;WIPE_START
G1 F7200
G1 X131.7 Y129.14 E-.10118
G1 X131.701 Y129.354 E-.10165
G1 X131.701 Y129.568 E-.10165
G1 X131.701 Y129.782 E-.10165
;WIPE_END
G1 E-1.09387 F3600
G1 X144.606 Y132.294 F9000
G1 E5 F2400
;TYPE:Internal infill
;WIDTH:0.44
G1 F3000
G1 X145.918 Y133.183 E.05233
G1 X146.498 Y133.728 E.02628
G1 X149.676 Y130.55 E.14839
G1 X147.294 Y130.55 E.07865
G1 E-3.5 F3600
;WIPE_START
G1 F7200
G1 X149.676 Y130.55 E-1.13145
G1 X149.127 Y131.099 E-.36855
;WIPE_END
G1 X149.697 Y148.755 F9000
G1 E5 F2400
G1 F3000
G1 X149.697 Y149.55 E.02625
G1 X149.097 Y149.55 E.01981
G1 X149.097 Y149.099 E.01489
G1 X149.697 Y148.498 E.02804
G1 X149.697 Y148.556 E.00192
G1 X149.034 Y147.893 E.03096
G1 X148.961 Y147.586 E.01042
G1 X148.621 Y147.17 E.01774
G1 X148.296 Y146.979 E.01245
G1 X148.077 Y146.936 E.00737
G1 X147.554 Y146.413 E.02442
G1 X148.296 Y146.32 E.02469
G1 X148.621 Y146.13 E.01243
G1 X148.958 Y145.717 E.0176
G1 X149.078 Y145.357 E.01253
G1 X149.097 Y144.606 E.0248
G1 X149.697 Y144.006 E.02802
G1 X149.697 Y144.064 E.00192
G1 X149.097 Y143.464 E.02802
G1 X149.097 Y140.114 E.11061
G1 X149.697 Y139.513 E.02804
G1 X149.697 Y139.571 E.00192
G1 X149.024 Y138.898 E.03142
G1 X148.876 Y137.996 E.03018
G1 X148.615 Y137.08 E.03145
G1 X148.332 Y136.386 E.02475
G1 X149.697 Y135.021 E.06374
G1 X149.697 Y135.079 E.00192
G1 X145.168 Y130.55 E.21147
G1 X143.83 Y131.904 E.06285
G1 X143.047 Y131.592 E.02783
G1 X142.252 Y131.371 E.02724
G1 X141.349 Y131.223 E.03021
G1 X140.691 Y130.55 E.03108
G1 X140.091 Y131.15 E.02802
G1 X136.788 Y131.154 E.10906
G1 X136.183 Y130.55 E.02823
G1 X135.593 Y131.156 E.02793
G1 X132.301 Y131.16 E.10869
G1 X131.774 Y130.633 E.02461
G1 X131.623 Y130.633 E.00499
G1 X131.095 Y131.161 E.02465
G1 X127.814 Y131.165 E.10833
G1 X127.199 Y130.55 E.02872
G1 X126.597 Y131.167 E.02846
G1 X123.327 Y131.171 E.10797
G1 X122.706 Y130.55 E.029
G1 X122.032 Y131.24 E.03185
G1 X121.259 Y131.345 E.02576
G1 X120.23 Y131.633 E.03528
G1 X119.568 Y131.905 E.02363
G1 X118.214 Y130.55 E.06325
G1 X113.7 Y135.079 E.21113
G1 X113.7 Y135.021 E.00192
G1 X115.061 Y136.382 E.06355
G1 X114.783 Y137.08 E.02481
G1 X114.521 Y137.996 E.03146
G1 X114.365 Y138.906 E.03048
G1 X113.7 Y139.571 E.03105
G1 X113.7 Y139.513 E.00192
G1 X114.302 Y140.115 E.02811
G1 X114.301 Y143.463 E.11054
G1 X113.7 Y144.064 E.02806
G1 X113.7 Y144.006 E.00192
G1 X114.3 Y144.606 E.02802
G1 X114.319 Y145.359 E.02487
G1 X114.439 Y145.719 E.01253
G1 X114.775 Y146.131 E.01755
G1 X115.1 Y146.321 E.01243
G1 X115.463 Y146.409 E.01233
G1 X115.844 Y146.413 E.01258
G1 X115.334 Y146.923 E.02381
G1 X115.1 Y146.979 E.00794
G1 X114.775 Y147.169 E.01243
G1 X114.436 Y147.585 E.01772
G1 X114.362 Y147.894 E.01049
G1 X113.7 Y148.556 E.03091
G1 X113.7 Y148.498 E.00192
G1 X114.3 Y149.099 E.02804
G1 X114.3 Y149.55 E.01489
G1 X113.7 Y149.55 E.01981
G1 X113.7 Y148.755 E.02625
G1 E-3.5 F3600
;WIPE_START
G1 F7200
G1 X113.7 Y149.55 E-.37763
G1 X114.3 Y149.55 E-.285
G1 X114.3 Y149.099 E-.21423
G1 X113.7 Y148.498 E-.40339
G1 X113.7 Y148.556 E-.02755
G1 X113.986 Y148.27 E-.1922
;WIPE_END
G1 X118.798 Y132.307 F9000
G1 E5 F2400
G1 F3000
G1 X118.111 Y132.703 E.02618
G1 X117.453 Y133.203 E.02729
G1 X116.895 Y133.724 E.02521
G1 X113.721 Y130.55 E.14821
G1 X116.104 Y130.55 E.07868
;LAYER_CHANGE
;Z:6
;HEIGHT:0.2
;BEFORE_LAYER_CHANGE
G92 E0
;6


G1 E-3.5 F3600
;WIPE_START
G1 F7200
G1 X113.721 Y130.55 E-1.13192
G1 X114.269 Y131.098 E-.36808
;WIPE_END
G1 Z6 F9000
;AFTER_LAYER_CHANGE
;6
G1 X113.394 Y130.244
G1 E5 F2400
;TYPE:Perimeter
;WIDTH:0.439999
G1 X130.252 Y130.244 E.5566
G1 X130.675 Y130.147 E.01433
G1 X130.989 Y129.906 E.01307
G1 X131.145 Y129.656 E.00973
G1 X131.224 Y129.272 E.01294
G1 X131.224 Y128.199 E.03543
G1 X131.279 Y128.244 E.00235
G1 X132.121 Y128.244 E.0278
G1 X132.178 Y128.197 E.00244
G1 X132.178 Y129.271 E.03546
G1 X132.258 Y129.656 E.01298
G1 X132.414 Y129.906 E.00973
G1 X132.727 Y130.147 E.01304
G1 X133.151 Y130.244 E.01436
G1 X150.003 Y130.244 E.55641
G1 X150.003 Y132.414 E.07165
G1 X150.003 Y149.856 E.57589
G1 X148.791 Y149.856 E.04002
G1 X148.791 Y147.94 E.06326
G1 X148.713 Y147.559 E.01284
G1 X148.513 Y147.259 E.0119
G1 X148.263 Y147.075 E.01025
;WIDTH:0.479701
G1 X148.114 Y147.019 E.00578
;WIDTH:0.519402
G1 X147.966 Y146.964 E.00626
;WIDTH:0.559103
G1 X147.817 Y146.908 E.00683
G1 X147.255 Y146.904 E.02412
;WIDTH:0.557907
G1 X147.256 Y146.391 E.02197
;WIDTH:0.559103
G1 X147.819 Y146.392 E.02416
G1 X147.967 Y146.336 E.00679
;WIDTH:0.519402
G1 X148.115 Y146.281 E.00626
;WIDTH:0.479701
G1 X148.263 Y146.225 E.00575
;WIDTH:0.439999
G1 X148.513 Y146.041 E.01025
G1 X148.713 Y145.741 E.0119
G1 X148.791 Y145.36 E.01284
G1 X148.791 Y139.949 E.17866
G1 X148.735 Y138.98 E.03205
G1 X148.58 Y138.073 E.03038
G1 X148.329 Y137.188 E.03037
G1 X147.983 Y136.336 E.03036
G1 X147.547 Y135.526 E.03037
G1 X147.026 Y134.768 E.03037
G1 X146.341 Y133.99 E.03423
G1 X145.734 Y133.428 E.02731
G1 X144.631 Y132.646 E.04464
G1 X143.816 Y132.22 E.03036
G1 X142.959 Y131.885 E.03038
G1 X142.071 Y131.644 E.03038
G1 X141.163 Y131.501 E.03035
G1 X140.298 Y131.456 E.0286
G1 X122.693 Y131.467 E.58127
G1 X121.352 Y131.641 E.04465
G1 X120.338 Y131.919 E.03471
G1 X119.463 Y132.277 E.03121
G1 X118.4 Y132.878 E.04032
G1 X117.562 Y133.511 E.03467
G1 X116.898 Y134.148 E.03038
G1 X116.307 Y134.852 E.03035
G1 X115.796 Y135.617 E.03037
G1 X115.37 Y136.432 E.03036
G1 X115.035 Y137.288 E.03035
G1 X114.795 Y138.176 E.03037
G1 X114.651 Y139.084 E.03035
G1 X114.606 Y139.949 E.0286
G1 X114.606 Y145.355 E.17849
G1 X114.684 Y145.738 E.01291
G1 X114.886 Y146.038 E.01194
G1 X115.139 Y146.223 E.01035
;WIDTH:0.482825
G1 X115.255 Y146.278 E.0047
;WIDTH:0.525651
G1 X115.372 Y146.333 E.00519
;WIDTH:0.568476
G1 X115.488 Y146.388 E.00561
G1 X115.579 Y146.39 E.00398
;WIDTH:0.56353
G1 X116.143 Y146.39 E.02441
G1 X116.14 Y146.91 E.02251
;WIDTH:0.568476
G1 X115.488 Y146.912 E.02849
G1 X115.372 Y146.967 E.00561
;WIDTH:0.525651
G1 X115.255 Y147.022 E.00519
;WIDTH:0.482825
G1 X115.139 Y147.077 E.0047
;WIDTH:0.439999
G1 X114.886 Y147.262 E.01035
G1 X114.684 Y147.562 E.01194
G1 X114.606 Y147.945 E.01291
G1 X114.606 Y149.856 E.0631
G1 X113.394 Y149.856 E.04002
G1 X113.394 Y130.304 E.64555
G1 X112.997 Y129.847 F9000
G1 F2400
G1 X130.252 Y129.847 E.56971
G1 X130.502 Y129.79 E.00847
G1 X130.688 Y129.647 E.00775
G1 X130.78 Y129.499 E.00575
G1 X130.827 Y129.272 E.00765
G1 X130.827 Y127.468 E.05956
G1 X131.279 Y127.847 E.01948
G1 X132.121 Y127.847 E.0278
G1 X132.575 Y127.466 E.01957
G1 X132.575 Y129.271 E.0596
G1 X132.622 Y129.499 E.00769
G1 X132.715 Y129.647 E.00577
G1 X132.9 Y129.79 E.00772
G1 X133.151 Y129.847 E.0085
G1 X150.4 Y129.847 E.56951
G1 X150.4 Y132.414 E.08476
G1 X150.4 Y150.253 E.58899
G1 X148.394 Y150.253 E.06623
G1 X148.394 Y147.94 E.07637
G1 X148.348 Y147.715 E.00758
G1 X148.23 Y147.537 E.00705
G1 X148.082 Y147.428 E.00607
G1 X147.823 Y147.365 E.0088
G1 X146.821 Y147.357 E.03308
G1 X146.798 Y147.172 E.00616
G1 X146.818 Y145.935 E.04085
G1 X147.819 Y145.935 E.03305
G1 X148.082 Y145.872 E.00893
G1 X148.23 Y145.763 E.00607
G1 X148.348 Y145.586 E.00702
G1 X148.394 Y145.36 E.00761
G1 X148.394 Y139.949 E.17866
G1 X148.343 Y139.044 E.02993
G1 X148.198 Y138.179 E.02896
G1 X147.96 Y137.335 E.02895
G1 X147.632 Y136.522 E.02895
G1 X147.219 Y135.749 E.02894
G1 X146.724 Y135.026 E.02893
G1 X146.068 Y134.278 E.03285
G1 X145.503 Y133.75 E.02553
G1 X144.445 Y132.997 E.04288
G1 X143.669 Y132.589 E.02895
G1 X142.853 Y132.268 E.02895
G1 X142.007 Y132.036 E.02896
G1 X141.142 Y131.898 E.02892
G1 X140.298 Y131.853 E.02791
G1 X122.693 Y131.864 E.58127
G1 X121.405 Y132.034 E.0429
G1 X120.485 Y132.287 E.0315
G1 X119.659 Y132.622 E.02943
G1 X118.531 Y133.266 E.04289
G1 X117.835 Y133.8 E.02896
G1 X117.201 Y134.405 E.02893
G1 X116.636 Y135.075 E.02894
G1 X116.147 Y135.803 E.02896
G1 X115.739 Y136.579 E.02895
G1 X115.418 Y137.394 E.02892
G1 X115.186 Y138.24 E.02896
G1 X115.048 Y139.106 E.02895
G1 X115.003 Y139.949 E.02787
G1 X115.012 Y145.455 E.18179
G1 X115.169 Y145.759 E.0113
G1 X115.318 Y145.869 E.00611
G1 X115.579 Y145.931 E.00886
G1 X116.557 Y145.931 E.03229
G1 X116.585 Y145.957 E.00126
G1 X116.601 Y146.654 E.02302
G1 X116.568 Y147.369 E.02363
G1 X115.579 Y147.369 E.03265
G1 X115.318 Y147.431 E.00886
G1 X115.169 Y147.541 E.00611
G1 X115.049 Y147.718 E.00706
G1 X115.003 Y147.945 E.00765
G1 X115.003 Y150.253 E.0762
G1 X112.997 Y150.253 E.06623
G1 X112.997 Y129.907 E.67177
G1 E-3.5 F3600
;WIPE_START
G1 F7200
G1 X112.997 Y129.847 E-.0285
G1 X116.095 Y129.847 E-1.4715
;WIPE_END
G1 X132.815 Y120.002 F9000
G1 E5 F2400
;WIDTH:0.676518
G1 F1500
G1 X132.812 Y120.633 E.03324
G1 E-3.5 F3600
;WIPE_START
G1 F7200
G1 X132.815 Y120.002 E-.29973
;WIPE_END
G1 E-1.20027 F3600
G1 X130.585 Y120.002 F9000
G1 E5 F2400
;WIDTH:0.676502
G1 F1500
G1 X130.588 Y120.633 E.03324
G1 X130.399 Y121.147 F9000
;TYPE:External perimeter
;WIDTH:0.510965
G1 F1500
G1 X130.294 Y121.059 E.00533
;WIDTH:0.465482
G1 X130.187 Y120.969 E.00491
;WIDTH:0.419999
G1 X130.088 Y120.801 E.00611
G1 X130.079 Y120.008 E.02487
G1 X130.113 Y119.741 E.00844
G1 X130.276 Y119.587 E.00703
G1 X130.627 Y119.477 E.01153
G1 X131.09 Y119.463 E.01452
G1 X131.09 Y120.691 E.0385
;WIDTH:0.465482
G1 X131.067 Y120.874 E.00648
;WIDTH:0.510965
G1 X131.045 Y121.056 E.00713
;WIDTH:0.556448
G1 X131.022 Y121.239 E.00788
G1 X131.022 Y127.271 E.25757
;WIDTH:0.560271
G1 X131.024 Y127.316 E.00194
G1 X131.109 Y127.364 E.0042
;WIDTH:0.513514
G1 X131.194 Y127.412 E.00382
;WIDTH:0.466757
G1 X131.279 Y127.46 E.00344
;WIDTH:0.419999
G1 X132.121 Y127.46 E.0264
;WIDTH:0.4671
G1 X132.207 Y127.412 E.00347
;WIDTH:0.5142
G1 X132.292 Y127.364 E.00383
;WIDTH:0.5613
G1 X132.377 Y127.316 E.00421
G1 X132.379 Y127.271 E.00194
;WIDTH:0.557402
G1 X132.378 Y121.239 E.25805
;WIDTH:0.556446
G1 X132.355 Y121.056 E.00788
;WIDTH:0.510964
G1 X132.333 Y120.873 E.00717
;WIDTH:0.465482
G1 X132.31 Y120.691 E.00645
;WIDTH:0.419999
G1 X132.31 Y119.463 E.0385
G1 X132.698 Y119.468 E.01217
G1 X133.019 Y119.529 E.01024
G1 X133.241 Y119.682 E.00845
G1 X133.322 Y119.875 E.00656
G1 X133.312 Y120.801 E.02904
G1 X133.258 Y120.892 E.00332
;WIDTH:0.465482
G1 X133.136 Y121.007 E.00589
;WIDTH:0.510964
G1 X133.014 Y121.123 E.00655
;WIDTH:0.556446
G1 X132.892 Y121.239 E.00719
;WIDTH:0.557402
G1 X132.893 Y127.271 E.25805
;WIDTH:0.5613
G1 X132.915 Y127.674 E.0174
;WIDTH:0.5142
G1 X132.939 Y127.987 E.0123
;WIDTH:0.4671
G1 X132.962 Y128.3 E.01107
;WIDTH:0.419999
G1 X132.963 Y129.271 E.03044
G1 X133.008 Y129.395 E.00414
G1 X133.151 Y129.46 E.00493
G1 X150.787 Y129.46 E.55296
G1 X150.787 Y132.414 E.09262
G1 X150.787 Y150.64 E.57146
G1 X148.007 Y150.64 E.08716
G1 X148.007 Y147.94 E.08466
G1 X147.953 Y147.808 E.00447
G1 X147.82 Y147.752 E.00452
G1 X146.594 Y147.742 E.03844
G1 X146.475 Y147.585 E.00618
G1 X146.411 Y147.196 E.01236
G1 X146.419 Y145.986 E.03794
G1 X146.516 Y145.617 E.01196
G1 X146.627 Y145.548 E.0041
G1 X147.819 Y145.548 E.03737
G1 X147.953 Y145.492 E.00455
G1 X148.007 Y145.36 E.00447
G1 X148.007 Y139.949 E.16966
G1 X147.961 Y139.106 E.02647
G1 X147.825 Y138.283 E.02615
G1 X147.6 Y137.479 E.02618
G1 X147.29 Y136.703 E.0262
G1 X146.898 Y135.966 E.02617
G1 X146.429 Y135.276 E.02616
G1 X145.801 Y134.559 E.02988
G1 X145.277 Y134.064 E.0226
G1 X144.263 Y133.339 E.03908
G1 X143.525 Y132.949 E.02617
G1 X142.75 Y132.641 E.02615
G1 X141.944 Y132.418 E.02622
G1 X141.121 Y132.284 E.02614
G1 X140.298 Y132.24 E.02584
G1 X122.693 Y132.251 E.55199
G1 X121.458 Y132.418 E.03907
G1 X120.629 Y132.647 E.02697
G1 X119.849 Y132.959 E.02634
G1 X118.765 Y133.574 E.03908
G1 X118.101 Y134.081 E.02619
G1 X117.496 Y134.655 E.02615
G1 X116.956 Y135.292 E.02618
G1 X116.489 Y135.984 E.02618
G1 X116.099 Y136.722 E.02617
G1 X115.791 Y137.498 E.02618
G1 X115.568 Y138.303 E.02619
G1 X115.434 Y139.127 E.02618
G1 X115.39 Y139.949 E.02581
G1 X115.39 Y145.355 E.1695
G1 X115.444 Y145.488 E.0045
G1 X115.579 Y145.544 E.00458
G1 X116.826 Y145.563 E.0391
G1 X116.949 Y145.823 E.00902
G1 X116.99 Y146.245 E.01329
G1 X116.984 Y147.216 E.03045
G1 X116.912 Y147.62 E.01287
G1 X116.767 Y147.756 E.00623
G1 X115.579 Y147.756 E.03725
G1 X115.444 Y147.812 E.00458
G1 X115.39 Y147.945 E.0045
G1 X115.39 Y150.64 E.0845
G1 X112.61 Y150.64 E.08716
G1 X112.61 Y129.46 E.66408
G1 X130.252 Y129.46 E.55315
G1 X130.395 Y129.395 E.00493
G1 X130.44 Y129.272 E.00411
G1 X130.44 Y128.298 E.03054
;WIDTH:0.46546
G1 X130.463 Y127.956 E.01204
;WIDTH:0.510921
G1 X130.486 Y127.614 E.01334
;WIDTH:0.556381
G1 X130.508 Y127.271 E.01467
G1 X130.508 Y121.239 E.25753
G1 X130.445 Y121.185 E.00354
G1 E-3.5 F3600
;WIPE_START
G1 F7200
G1 X130.399 Y121.147 E-.02834
G1 X130.294 Y121.059 E-.06507
G1 X130.187 Y120.969 E-.06641
G1 X130.088 Y120.801 E-.09263
G1 X130.079 Y120.008 E-.3767
G1 X130.113 Y119.741 E-.12785
G1 X130.276 Y119.587 E-.10652
G1 X130.627 Y119.477 E-.17472
G1 X131.09 Y119.463 E-.22003
G1 X131.09 Y119.972 E-.24173
;WIPE_END
G1 X128.984 Y130.55 F9000
G1 E5 F2400
;TYPE:Internal infill
;WIDTH:0.44
G1 F2460
G1 X130.476 Y130.531 E.04927
G1 X130.812 Y130.422 E.01166
G1 X131.231 Y130.09 E.01765
G1 X132.301 Y131.16 E.04996
G1 X131.095 Y131.161 E.03982
G1 X132.169 Y130.087 E.05015
G1 X132.594 Y130.425 E.01793
G1 X133.139 Y130.55 E.01846
G1 X134.418 Y130.55 E.04223
G1 X133.21 Y131.159 F9000
G1 F2460
G1 X135.593 Y131.156 E.07868
G1 X136.183 Y130.55 E.02793
G1 X136.788 Y131.154 E.02823
G1 X140.091 Y131.15 E.10906
G1 X140.691 Y130.55 E.02802
G1 X141.341 Y131.215 E.0307
G1 X142.251 Y131.371 E.03048
G1 X143.047 Y131.592 E.02728
G1 X143.83 Y131.904 E.02783
G1 X145.184 Y130.55 E.06322
G1 X149.697 Y135.079 E.2111
G1 X149.697 Y135.021 E.00192
G1 X148.332 Y136.386 E.06374
G1 X148.615 Y137.08 E.02475
G1 X148.876 Y137.996 E.03145
G1 X149.024 Y138.898 E.03018
G1 X149.697 Y139.571 E.03142
G1 X149.697 Y139.513 E.00192
G1 X149.097 Y140.114 E.02804
G1 X149.097 Y143.464 E.11061
G1 X149.697 Y144.064 E.02802
G1 X149.697 Y144.006 E.00192
G1 X149.097 Y144.606 E.02802
G1 X149.097 Y145.364 E.02503
G1 X148.994 Y145.865 E.01689
G1 X148.733 Y146.255 E.01549
G1 X148.079 Y146.65 E.02523
G1 X148.733 Y147.045 E.02523
G1 X148.997 Y147.439 E.01566
G1 X149.097 Y147.956 E.01739
G1 X149.697 Y148.556 E.02802
G1 X149.697 Y148.498 E.00192
G1 X149.097 Y149.099 E.02804
G1 X149.097 Y149.55 E.01489
G1 X149.697 Y149.55 E.01981
G1 X149.697 Y148.755 E.02625
G1 E-3.5 F3600
;WIPE_START
G1 F7200
G1 X149.697 Y149.55 E-.37763
G1 X149.097 Y149.55 E-.285
G1 X149.097 Y149.099 E-.21423
G1 X149.697 Y148.498 E-.40339
G1 X149.697 Y148.556 E-.02755
G1 X149.411 Y148.27 E-.1922
;WIPE_END
G1 X144.606 Y132.294 F9000
G1 E5 F2400
G1 F2460
G1 X145.918 Y133.183 E.05233
G1 X146.498 Y133.728 E.02628
G1 X149.676 Y130.55 E.14839
G1 X147.294 Y130.55 E.07865
G1 E-3.5 F3600
;WIPE_START
G1 F7200
G1 X149.676 Y130.55 E-1.13145
G1 X149.127 Y131.099 E-.36855
;WIPE_END
G1 X116.104 Y130.55 F9000
G1 E5 F2400
G1 F2460
G1 X113.721 Y130.55 E.07868
G1 X116.895 Y133.724 E.14821
G1 X117.453 Y133.203 E.02521
G1 X118.111 Y132.703 E.02729
G1 X118.798 Y132.307 E.02618
G1 E-3.5 F3600
;WIPE_START
G1 F7200
G1 X118.111 Y132.703 E-.37666
G1 X117.453 Y133.203 E-.39255
G1 X116.895 Y133.724 E-.36262
G1 X116.347 Y133.176 E-.36817
;WIPE_END
G1 X130.196 Y131.162 F9000
G1 E5 F2400
G1 F2460
G1 X127.814 Y131.165 E.07865
G1 X127.199 Y130.55 E.02872
G1 X126.597 Y131.167 E.02846
G1 X123.327 Y131.171 E.10797
G1 X122.706 Y130.55 E.029
G1 X122.032 Y131.24 E.03185
G1 X121.259 Y131.345 E.02576
G1 X120.23 Y131.633 E.03528
G1 X119.568 Y131.905 E.02363
G1 X118.214 Y130.55 E.06325
G1 X113.7 Y135.079 E.21113
G1 X113.7 Y135.021 E.00192
G1 X115.061 Y136.382 E.06355
G1 X114.783 Y137.08 E.02481
G1 X114.521 Y137.996 E.03146
G1 X114.365 Y138.906 E.03048
G1 X113.7 Y139.571 E.03105
G1 X113.7 Y139.513 E.00192
G1 X114.3 Y140.114 E.02804
G1 X114.3 Y143.464 E.11061
G1 X113.7 Y144.064 E.02802
G1 X113.7 Y144.006 E.00192
G1 X114.3 Y144.606 E.02802
G1 X114.3 Y145.36 E.0249
G1 X114.404 Y145.862 E.01693
G1 X114.666 Y146.253 E.01554
G1 X115.257 Y146.65 E.02351
G1 X114.666 Y147.047 E.02351
G1 X114.401 Y147.442 E.0157
G1 X114.3 Y147.956 E.0173
G1 X113.7 Y148.556 E.02802
G1 X113.7 Y148.498 E.00192
G1 X114.3 Y149.099 E.02804
G1 X114.3 Y149.55 E.01489
G1 X113.7 Y149.55 E.01981
G1 X113.7 Y148.755 E.02625
;LAYER_CHANGE
;Z:6.2
;HEIGHT:0.2
;BEFORE_LAYER_CHANGE
G92 E0
;6.2


G1 E-3.5 F3600
;WIPE_START
G1 F7200
G1 X113.7 Y149.55 E-.37763
G1 X114.3 Y149.55 E-.285
G1 X114.3 Y149.099 E-.21423
G1 X113.7 Y148.498 E-.40339
G1 X113.7 Y148.556 E-.02755
G1 X113.986 Y148.27 E-.1922
;WIPE_END
G1 Z6.2 F9000
;AFTER_LAYER_CHANGE
;6.2
G1 X116.16 Y146.649
G1 E5 F2400
;TYPE:Perimeter
;WIDTH:0.454558
G1 F1500
G1 X115.576 Y146.65 E.01999
;WIDTH:0.462038
G1 X115.493 Y146.65 E.00289
G1 E-3.5 F3600
;WIPE_START
G1 F7200
G1 X115.576 Y146.65 E-.03942
G1 X116.16 Y146.649 E-.2774
;WIPE_END
G1 E-1.18318 F3600
G1 X147.819 Y146.65 F9000
G1 E5 F2400
;WIDTH:0.456306
G1 F1500
G1 X147.248 Y146.65 E.01963
G1 X147.936 Y146.61 F9000
G1 F2400
G1 X148.391 Y146.456 E.01651
;WIDTH:0.439999
G1 X148.62 Y146.22 E.01086
G1 X148.777 Y145.837 E.01367
G1 X148.791 Y145.669 E.00557
G1 X148.791 Y139.949 E.18886
G1 X148.735 Y138.98 E.03205
G1 X148.58 Y138.073 E.03038
G1 X148.329 Y137.188 E.03037
G1 X147.983 Y136.336 E.03036
G1 X147.547 Y135.526 E.03037
G1 X147.026 Y134.768 E.03037
G1 X146.341 Y133.99 E.03423
G1 X145.767 Y133.452 E.02598
G1 X145.301 Y133.09 E.01948
G1 X144.631 Y132.646 E.02654
G1 X143.816 Y132.22 E.03036
G1 X142.959 Y131.885 E.03038
G1 X142.071 Y131.644 E.03038
G1 X141.163 Y131.501 E.03035
G1 X140.298 Y131.456 E.0286
G1 X122.693 Y131.467 E.58127
G1 X121.352 Y131.641 E.04465
G1 X120.338 Y131.919 E.03471
G1 X119.463 Y132.277 E.03121
G1 X118.4 Y132.878 E.04032
G1 X117.562 Y133.511 E.03467
G1 X116.898 Y134.148 E.03038
G1 X116.307 Y134.852 E.03035
G1 X115.796 Y135.617 E.03037
G1 X115.37 Y136.432 E.03036
G1 X115.035 Y137.288 E.03035
G1 X114.795 Y138.176 E.03037
G1 X114.651 Y139.084 E.03035
G1 X114.606 Y139.949 E.0286
G1 X114.606 Y145.67 E.18889
G1 X114.62 Y145.838 E.00557
G1 X114.777 Y146.221 E.01367
G1 X115.005 Y146.456 E.01081
;WIDTH:0.462038
G1 X115.493 Y146.65 E.0183
G1 X115.005 Y146.844 E.0183
;WIDTH:0.439999
G1 X114.777 Y147.079 E.01081
G1 X114.606 Y147.63 E.01905
G1 X114.606 Y149.856 E.0735
G1 X113.394 Y149.856 E.04002
G1 X113.394 Y130.244 E.64753
G1 X130.518 Y130.244 E.56539
G1 X130.687 Y130.229 E.0056
G1 X131.155 Y130.006 E.01712
G1 X131.361 Y129.757 E.01067
;WIDTH:0.449126
G1 X131.495 Y129.272 E.017
;WIDTH:0.449245
G1 X131.495 Y128.249 E.03456
G1 X131.902 Y128.249 E.01375
G1 X131.901 Y129.272 E.03456
;WIDTH:0.449126
G1 X132.036 Y129.757 E.017
;WIDTH:0.439999
G1 X132.241 Y130.006 E.01065
G1 X132.879 Y130.244 E.02248
G1 X150.003 Y130.244 E.56539
G1 X150.003 Y132.414 E.07165
G1 X150.003 Y149.856 E.57589
G1 X148.791 Y149.856 E.04002
G1 X148.791 Y147.631 E.07346
G1 X148.62 Y147.08 E.01905
G1 X148.391 Y146.844 E.01086
;WIDTH:0.456306
G1 X147.819 Y146.65 E.02076
G1 X147.879 Y146.63 E.00217
G1 X148.22 Y146.07 F9000
;WIDTH:0.439999
G1 F2400
G1 X148.293 Y145.995 E.00346
G1 X148.394 Y145.669 E.01127
G1 X148.394 Y139.949 E.18886
G1 X148.343 Y139.044 E.02993
G1 X148.198 Y138.179 E.02896
G1 X147.96 Y137.335 E.02895
G1 X147.632 Y136.522 E.02895
G1 X147.219 Y135.749 E.02894
G1 X146.724 Y135.026 E.02893
G1 X146.068 Y134.278 E.03285
G1 X145.522 Y133.765 E.02474
G1 X145.079 Y133.419 E.01856
G1 X144.445 Y132.997 E.02515
G1 X143.669 Y132.589 E.02895
G1 X142.853 Y132.268 E.02895
G1 X142.007 Y132.036 E.02896
G1 X141.142 Y131.898 E.02892
G1 X140.298 Y131.853 E.02791
G1 X122.693 Y131.864 E.58127
G1 X121.405 Y132.034 E.0429
G1 X120.485 Y132.287 E.0315
G1 X119.659 Y132.622 E.02943
G1 X118.531 Y133.266 E.04289
G1 X117.835 Y133.8 E.02896
G1 X117.201 Y134.405 E.02893
G1 X116.636 Y135.075 E.02894
G1 X116.147 Y135.803 E.02896
G1 X115.739 Y136.579 E.02895
G1 X115.418 Y137.394 E.02892
G1 X115.186 Y138.24 E.02896
G1 X115.048 Y139.106 E.02895
G1 X115.003 Y139.949 E.02787
G1 X115.003 Y145.67 E.18889
G1 X115.104 Y145.996 E.01127
G1 X115.239 Y146.135 E.0064
G1 X115.577 Y146.246 E.01175
G1 X116.539 Y146.246 E.03176
G1 X116.567 Y146.503 E.00854
G1 X116.535 Y147.052 E.01816
G1 X115.58 Y147.054 E.03153
G1 X115.239 Y147.165 E.01184
G1 X115.104 Y147.304 E.0064
G1 X115.003 Y147.63 E.01127
G1 X115.003 Y150.253 E.0866
G1 X112.997 Y150.253 E.06623
G1 X112.997 Y129.847 E.67375
G1 X130.618 Y129.838 E.5818
G1 X130.895 Y129.706 E.01013
G1 X131.017 Y129.559 E.00631
G1 X131.094 Y129.271 E.00984
G1 X131.094 Y127.692 E.05213
G1 X131.279 Y127.847 E.00797
G1 X132.121 Y127.847 E.0278
G1 X132.304 Y127.694 E.00788
G1 X132.303 Y129.271 E.05207
G1 X132.38 Y129.559 E.00984
G1 X132.502 Y129.706 E.00631
G1 X132.879 Y129.847 E.01329
G1 X150.4 Y129.847 E.5785
G1 X150.4 Y132.414 E.08476
G1 X150.4 Y150.253 E.58899
G1 X148.394 Y150.253 E.06623
G1 X148.394 Y147.631 E.08657
G1 X148.293 Y147.305 E.01127
G1 X148.157 Y147.165 E.00644
G1 X147.819 Y147.055 E.01174
G1 X146.862 Y147.055 E.0316
G1 X146.831 Y146.822 E.00776
G1 X146.866 Y146.245 E.01909
G1 X147.819 Y146.245 E.03147
G1 X148.157 Y146.135 E.01174
G1 X148.178 Y146.113 E.001
G1 E-3.5 F3600
;WIPE_START
G1 F7200
G1 X148.22 Y146.07 E-.02855
G1 X148.293 Y145.995 E-.04971
G1 X148.394 Y145.669 E-.16211
G1 X148.394 Y143.017 E-1.25963
;WIPE_END
G1 X130.691 Y119.952 F9000
G1 E5 F2400
;WIDTH:0.463594
G1 F1500
G1 X130.694 Y120.665 E.02494
G1 E-3.5 F3600
;WIPE_START
G1 F7200
G1 X130.691 Y119.952 E-.33868
;WIPE_END
G1 E-1.16132 F3600
G1 X132.711 Y119.955 F9000
G1 E5 F2400
;WIDTH:0.466932
G1 F1500
G1 X132.707 Y120.664 E.025
G1 X132.923 Y120.998 F9000
;TYPE:External perimeter
;WIDTH:0.419999
G1 F1500
G1 X132.788 Y121.075 E.00487
;WIDTH:0.422965
G1 X132.692 Y121.239 E.00601
G1 X132.69 Y127.272 E.19065
;WIDTH:0.42477
G1 X132.69 Y128.452 E.03747
;WIDTH:0.419999
G1 X132.715 Y129.366 E.02867
G1 X132.879 Y129.46 E.00593
G1 X150.787 Y129.46 E.56149
G1 X150.787 Y132.414 E.09262
G1 X150.787 Y150.64 E.57146
G1 X148.007 Y150.64 E.08716
G1 X148.007 Y147.631 E.09434
G1 X147.974 Y147.524 E.00351
G1 X147.819 Y147.442 E.0055
G1 X146.653 Y147.442 E.03656
G1 X146.54 Y147.336 E.00486
G1 X146.443 Y146.835 E.016
G1 X146.484 Y146.153 E.02142
G1 X146.544 Y145.963 E.00625
G1 X146.653 Y145.858 E.00475
G1 X147.819 Y145.858 E.03656
G1 X147.93 Y145.822 E.00366
G1 X148.007 Y145.669 E.00537
G1 X148.007 Y139.949 E.17935
G1 X147.961 Y139.106 E.02647
G1 X147.825 Y138.283 E.02615
G1 X147.6 Y137.479 E.02618
G1 X147.29 Y136.703 E.0262
G1 X146.898 Y135.966 E.02617
G1 X146.429 Y135.276 E.02616
G1 X145.801 Y134.559 E.02988
G1 X145.283 Y134.069 E.02236
G1 X144.864 Y133.741 E.01668
G1 X144.263 Y133.339 E.02267
G1 X143.525 Y132.949 E.02617
G1 X142.75 Y132.641 E.02615
G1 X141.944 Y132.418 E.02622
G1 X141.121 Y132.284 E.02614
G1 X140.298 Y132.24 E.02584
G1 X122.693 Y132.251 E.55199
G1 X121.458 Y132.418 E.03907
G1 X120.629 Y132.647 E.02697
G1 X119.849 Y132.959 E.02634
G1 X118.765 Y133.574 E.03908
G1 X118.101 Y134.081 E.02619
G1 X117.496 Y134.655 E.02615
G1 X116.956 Y135.292 E.02618
G1 X116.489 Y135.984 E.02618
G1 X116.099 Y136.722 E.02617
G1 X115.791 Y137.498 E.02618
G1 X115.568 Y138.303 E.02619
G1 X115.434 Y139.127 E.02618
G1 X115.39 Y139.949 E.02581
G1 X115.39 Y145.67 E.17938
G1 X115.423 Y145.777 E.00351
G1 X115.578 Y145.859 E.0055
G1 X116.698 Y145.859 E.03512
G1 X116.832 Y145.912 E.00452
G1 X116.895 Y146.064 E.00516
G1 X116.95 Y146.422 E.01136
G1 X116.943 Y146.962 E.01693
G1 X116.871 Y147.31 E.01114
G1 X116.787 Y147.438 E.0048
G1 X115.581 Y147.441 E.03781
G1 X115.467 Y147.478 E.00376
G1 X115.39 Y147.63 E.00534
G1 X115.39 Y150.64 E.09438
G1 X112.61 Y150.64 E.08716
G1 X112.61 Y129.46 E.66408
G1 X130.518 Y129.46 E.56149
G1 X130.642 Y129.414 E.00415
G1 X130.707 Y129.271 E.00493
G1 X130.707 Y128.032 E.03885
;WIDTH:0.423136
G1 X130.708 Y121.239 E.21476
;WIDTH:0.422955
G1 X130.612 Y121.075 E.00601
;WIDTH:0.419999
G1 X130.409 Y120.959 E.00733
G1 X130.298 Y120.794 E.00624
G1 X130.292 Y119.941 E.02675
G1 X130.368 Y119.691 E.00819
G1 X130.452 Y119.632 E.00322
G1 X130.812 Y119.5 E.01202
G1 X131.09 Y119.477 E.00875
G1 X131.09 Y120.665 E.03725
;WIDTH:0.422955
G1 X131.089 Y121.239 E.01814
;WIDTH:0.423136
G1 X131.088 Y127.271 E.1907
G1 X131.279 Y127.46 E.0085
;WIDTH:0.419999
G1 X132.121 Y127.46 E.0264
;WIDTH:0.421899
G1 X132.311 Y127.271 E.00845
;WIDTH:0.422965
G1 X132.31 Y120.798 E.20455
;WIDTH:0.419999
G1 X132.31 Y119.485 E.04117
G1 X132.754 Y119.536 E.01401
G1 X133.039 Y119.695 E.01023
G1 X133.112 Y119.864 E.00577
G1 X133.102 Y120.793 E.02913
G1 X132.991 Y120.958 E.00624
G1 X132.975 Y120.968 E.00059
G1 E-3.5 F3600
;WIPE_START
G1 F7200
G1 X132.923 Y120.998 E-.02852
G1 X132.788 Y121.075 E-.07382
G1 X132.692 Y121.239 E-.09026
G1 X132.691 Y123.991 E-1.3074
;WIPE_END
G1 X134.348 Y130.55 F9000
G1 E5 F2400
;TYPE:Internal infill
;WIDTH:0.44
G1 F2910
G1 X132.859 Y130.55 E.04916
G1 X132.03 Y130.226 E.02939
G1 X131.095 Y131.161 E.04366
G1 X132.301 Y131.16 E.03982
G1 X131.367 Y130.226 E.04361
G1 X130.75 Y130.53 E.02271
G1 X129.058 Y130.55 E.05587
G1 X130.196 Y131.162 F9000
G1 F2910
G1 X127.814 Y131.165 E.07865
G1 X127.199 Y130.55 E.02872
G1 X126.597 Y131.167 E.02846
G1 X123.327 Y131.171 E.10797
G1 X122.706 Y130.55 E.029
G1 X122.032 Y131.24 E.03185
G1 X121.259 Y131.345 E.02576
G1 X120.23 Y131.633 E.03528
G1 X119.568 Y131.905 E.02363
G1 X118.214 Y130.55 E.06325
G1 X113.7 Y135.079 E.21113
G1 X113.7 Y135.021 E.00192
G1 X115.061 Y136.382 E.06355
G1 X114.783 Y137.08 E.02481
G1 X114.521 Y137.996 E.03146
G1 X114.365 Y138.906 E.03048
G1 X113.7 Y139.571 E.03105
G1 X113.7 Y139.513 E.00192
G1 X114.302 Y140.115 E.02811
G1 X114.301 Y143.463 E.11054
G1 X113.7 Y144.064 E.02806
G1 X113.7 Y144.006 E.00192
G1 X114.3 Y144.606 E.02802
G1 X114.32 Y145.898 E.04266
G1 X114.522 Y146.393 E.01765
G1 X114.772 Y146.65 E.01184
G1 X114.518 Y146.91 E.012
G1 X114.3 Y147.614 E.02433
G1 X114.3 Y147.956 E.01129
G1 X113.7 Y148.556 E.02802
G1 X113.7 Y148.498 E.00192
G1 X114.3 Y149.099 E.02804
G1 X114.3 Y149.55 E.01489
G1 X113.7 Y149.55 E.01981
G1 X113.7 Y148.755 E.02625
G1 E-3.5 F3600
;WIPE_START
G1 F7200
G1 X113.7 Y149.55 E-.37763
G1 X114.3 Y149.55 E-.285
G1 X114.3 Y149.099 E-.21423
G1 X113.7 Y148.498 E-.40339
G1 X113.7 Y148.556 E-.02755
G1 X113.986 Y148.27 E-.1922
;WIPE_END
G1 X118.798 Y132.307 F9000
G1 E5 F2400
G1 F2910
G1 X118.11 Y132.703 E.02621
G1 X117.355 Y133.286 E.0315
G1 X116.894 Y133.723 E.02097
G1 X113.721 Y130.55 E.14816
G1 X116.104 Y130.55 E.07868
G1 E-3.5 F3600
;WIPE_START
G1 F7200
G1 X113.721 Y130.55 E-1.13192
G1 X114.269 Y131.098 E-.36808
;WIPE_END
G1 X147.294 Y130.55 F9000
G1 E5 F2400
G1 F2910
G1 X149.676 Y130.55 E.07865
G1 X146.499 Y133.727 E.14835
G1 X145.474 Y132.838 E.0448
G1 X144.607 Y132.295 E.03378
G1 E-3.5 F3600
;WIPE_START
G1 F7200
G1 X145.474 Y132.838 E-.48593
G1 X146.499 Y133.727 E-.64449
G1 X147.049 Y133.177 E-.36958
;WIPE_END
G1 X133.21 Y131.159 F9000
G1 E5 F2400
G1 F2910
G1 X135.593 Y131.156 E.07868
G1 X136.183 Y130.55 E.02793
G1 X136.788 Y131.154 E.02823
G1 X140.091 Y131.15 E.10906
G1 X140.691 Y130.55 E.02802
G1 X141.341 Y131.215 E.0307
G1 X142.251 Y131.371 E.03048
G1 X143.046 Y131.592 E.02724
G1 X143.834 Y131.899 E.02792
G1 X145.184 Y130.55 E.06301
G1 X149.697 Y135.079 E.2111
G1 X149.697 Y135.021 E.00192
G1 X148.332 Y136.386 E.06374
G1 X148.615 Y137.08 E.02475
G1 X148.876 Y137.996 E.03145
G1 X149.032 Y138.906 E.03048
G1 X149.697 Y139.571 E.03105
G1 X149.697 Y139.513 E.00192
G1 X149.097 Y140.114 E.02804
G1 X149.097 Y143.464 E.11061
G1 X149.697 Y144.064 E.02802
G1 X149.697 Y144.006 E.00192
G1 X149.097 Y144.606 E.02802
G1 X149.078 Y145.897 E.04263
G1 X148.875 Y146.393 E.0177
G1 X148.625 Y146.65 E.01184
G1 X148.879 Y146.911 E.01202
G1 X149.097 Y147.615 E.02433
G1 X149.097 Y147.956 E.01126
G1 X149.697 Y148.556 E.02802
G1 X149.697 Y148.498 E.00192
G1 X149.097 Y149.099 E.02804
G1 X149.097 Y149.55 E.01489
G1 X149.697 Y149.55 E.01981
G1 X149.697 Y148.755 E.02625
;LAYER_CHANGE
;Z:6.4
;HEIGHT:0.2
;BEFORE_LAYER_CHANGE
G92 E0
;6.4


G1 E-3.5 F3600
;WIPE_START
G1 F7200
G1 X149.697 Y149.55 E-.37763
G1 X149.097 Y149.55 E-.285
G1 X149.097 Y149.099 E-.21423
G1 X149.697 Y148.498 E-.40339
G1 X149.697 Y148.556 E-.02755
G1 X149.411 Y148.27 E-.1922
;WIPE_END
G1 Z6.4 F9000
;AFTER_LAYER_CHANGE
;6.4
G1 X131.099 Y127.303
G1 E5 F2400
;TYPE:External perimeter
;WIDTH:0.408022
G1 F1500
G1 X131.097 Y127.271 E.00097
;WIDTH:0.405276
G1 X131.098 Y121.236 E.18183
G1 X132.303 Y121.236 F9000
;WIDTH:0.402604
G1 F1500
G1 X132.301 Y127.272 E.18052
;WIDTH:0.40406
G1 X132.299 Y127.303 E.00093
G1 E-3.5 F3600
;WIPE_START
G1 F7200
G1 X132.301 Y127.272 E-.01476
G1 X132.302 Y124.145 E-1.48524
;WIPE_END
G1 X132.303 Y121.236 F9000
G1 E5 F2400
;WIDTH:0.449121
G1 F1500
G1 X132.327 Y120.951 E.00966
;WIDTH:0.495637
G1 X132.35 Y120.666 E.01076
G1 X132.348 Y119.59 E.0405
;WIDTH:0.490945
G1 X132.452 Y119.608 E.00393
G1 X132.76 Y119.779 E.01312
G1 X132.796 Y119.91 E.00506
;WIDTH:0.495637
G1 X132.803 Y120.664 E.02838
G1 X132.734 Y120.867 E.00807
G1 X132.415 Y121.035 E.01357
;WIDTH:0.46633
G1 X132.359 Y121.135 E.00404
;WIDTH:0.434467
G1 X132.333 Y121.183 E.00178
G1 X131.098 Y121.236 F9000
;WIDTH:0.433824
G1 F1500
G1 X131.048 Y121.139 E.00355
;WIDTH:0.463142
G1 X130.998 Y121.042 E.00381
;WIDTH:0.496761
G1 X130.671 Y120.876 E.01384
G1 X130.598 Y120.664 E.00846
G1 X130.604 Y119.893 E.0291
;WIDTH:0.492687
G1 X130.668 Y119.743 E.0061
G1 X131.054 Y119.591 E.01551
G1 X131.054 Y119.914 E.01208
;WIDTH:0.496761
G1 X131.052 Y120.725 E.0306
G1 X131.075 Y120.98 E.00966
;WIDTH:0.450634
G1 X131.092 Y121.176 E.00667
G1 E-3.5 F3600
;WIPE_START
G1 F7200
G1 X131.098 Y121.236 E-.02864
G1 X131.048 Y121.139 E-.05184
G1 X130.998 Y121.042 E-.05184
G1 X130.671 Y120.876 E-.17419
G1 X130.598 Y120.664 E-.1065
G1 X130.604 Y119.893 E-.36624
G1 X130.668 Y119.743 E-.07746
G1 X131.054 Y119.591 E-.19705
G1 X131.054 Y119.914 E-.15342
G1 X131.052 Y120.53 E-.29282
;WIPE_END
G1 X131.712 Y129.805 F9000
G1 E5 F2400
;TYPE:Perimeter
;WIDTH:0.439999
G1 F2129
G1 X131.774 Y129.941 E.00493
G1 X132.026 Y130.132 E.01044
G1 X132.479 Y130.244 E.01541
G1 X150.003 Y130.244 E.57859
G1 X150.003 Y132.414 E.07165
G1 X150.003 Y149.856 E.57589
G1 X148.791 Y149.856 E.04002
G1 X148.791 Y147.084 E.09152
G1 X148.755 Y146.822 E.00873
G1 X148.684 Y146.65 E.00614
G1 X148.755 Y146.478 E.00614
G1 X148.791 Y146.216 E.00873
G1 X148.79 Y139.897 E.20864
G1 X148.735 Y138.98 E.03033
G1 X148.58 Y138.073 E.03038
G1 X148.329 Y137.188 E.03037
G1 X147.983 Y136.336 E.03036
G1 X147.547 Y135.526 E.03037
G1 X147.026 Y134.768 E.03037
G1 X146.341 Y133.99 E.03423
G1 X145.734 Y133.428 E.02731
G1 X144.743 Y132.715 E.04031
G1 X143.816 Y132.22 E.0347
G1 X142.959 Y131.885 E.03038
G1 X142.071 Y131.644 E.03038
G1 X141.163 Y131.501 E.03035
G1 X140.298 Y131.456 E.0286
G1 X122.693 Y131.467 E.58127
G1 X121.352 Y131.641 E.04465
G1 X120.338 Y131.919 E.03471
G1 X119.463 Y132.277 E.03121
G1 X118.29 Y132.95 E.04465
G1 X117.543 Y133.529 E.03121
G1 X116.593 Y134.492 E.04466
G1 X116.028 Y135.25 E.03121
G1 X115.427 Y136.313 E.04032
G1 X115.035 Y137.288 E.0347
G1 X114.795 Y138.176 E.03037
G1 X114.651 Y139.084 E.03035
G1 X114.606 Y139.949 E.0286
G1 X114.606 Y146.223 E.20715
G1 X114.62 Y146.391 E.00557
G1 X114.709 Y146.65 E.00904
G1 X114.641 Y146.818 E.00598
G1 X114.606 Y147.077 E.00863
G1 X114.606 Y149.856 E.09175
G1 X113.394 Y149.856 E.04002
G1 X113.394 Y130.244 E.64753
G1 X130.916 Y130.244 E.57853
G1 X131.085 Y130.229 E.0056
G1 X131.369 Y130.132 E.00991
G1 X131.621 Y129.941 E.01044
G1 X131.687 Y129.794 E.00532
G1 X131.318 Y129.68 F9000
G1 F2129
G1 X131.333 Y129.668 E.00063
;WIDTH:0.447278
G1 X131.495 Y129.272 E.01439
;WIDTH:0.447529
G1 X131.495 Y127.851 E.04781
G1 X131.9 Y127.851 E.01363
G1 X131.9 Y129.271 E.04777
;WIDTH:0.447276
G1 X132.061 Y129.668 E.0144
;WIDTH:0.439999
G1 X132.211 Y129.781 E.0062
G1 X132.479 Y129.847 E.00911
G1 X150.4 Y129.847 E.5917
G1 X150.4 Y132.414 E.08476
G1 X150.4 Y150.253 E.58899
G1 X148.394 Y150.253 E.06623
G1 X148.394 Y147.084 E.10463
G1 X148.321 Y146.803 E.00959
G1 X148.06 Y146.65 E.00999
G1 X148.321 Y146.497 E.00999
G1 X148.394 Y146.216 E.00959
G1 X148.394 Y139.949 E.20692
G1 X148.343 Y139.044 E.02993
G1 X148.198 Y138.179 E.02896
G1 X147.96 Y137.335 E.02895
G1 X147.632 Y136.522 E.02895
G1 X147.219 Y135.749 E.02894
G1 X146.724 Y135.026 E.02893
G1 X146.068 Y134.278 E.03285
G1 X145.503 Y133.75 E.02553
G1 X144.445 Y132.997 E.04288
G1 X143.669 Y132.589 E.02895
G1 X142.853 Y132.268 E.02895
G1 X142.007 Y132.036 E.02896
G1 X141.142 Y131.898 E.02892
G1 X140.298 Y131.853 E.02791
G1 X122.693 Y131.864 E.58127
G1 X121.405 Y132.034 E.0429
G1 X120.485 Y132.287 E.0315
G1 X119.659 Y132.622 E.02943
G1 X118.531 Y133.266 E.04289
G1 X117.824 Y133.81 E.02945
G1 X117.392 Y134.242 E.02017
G1 X116.909 Y134.732 E.02272
G1 X116.374 Y135.445 E.02943
G1 X115.739 Y136.579 E.04291
G1 X115.418 Y137.394 E.02892
G1 X115.186 Y138.24 E.02896
G1 X115.048 Y139.106 E.02895
G1 X115.003 Y139.949 E.02787
G1 X115.003 Y146.223 E.20715
G1 X115.074 Y146.501 E.00947
G1 X115.303 Y146.65 E.00902
G1 X115.074 Y146.799 E.00902
G1 X115.003 Y147.077 E.00947
G1 X115.003 Y150.253 E.10486
G1 X112.997 Y150.253 E.06623
G1 X112.997 Y129.847 E.67375
G1 X130.916 Y129.847 E.59164
G1 X131.184 Y129.781 E.00911
G1 X131.27 Y129.716 E.00356
G1 X131.044 Y129.405 F9000
;TYPE:External perimeter
;WIDTH:0.419999
G1 F1500
G1 X131.053 Y129.401 E.00031
G1 X131.104 Y129.271 E.00438
G1 X131.099 Y127.303 E.06171
;WIDTH:0.419297
G1 X131.279 Y127.46 E.00747
G1 X132.121 Y127.459 E.02635
;WIDTH:0.41889
G1 X132.299 Y127.303 E.0074
;WIDTH:0.419999
G1 X132.29 Y129.271 E.06171
G1 X132.342 Y129.401 E.00439
G1 X132.479 Y129.46 E.00468
G1 X150.787 Y129.46 E.57403
G1 X150.787 Y132.414 E.09262
G1 X150.787 Y150.64 E.57146
G1 X148.007 Y150.64 E.08716
G1 X148 Y147.034 E.11306
;WIDTH:0.448691
G1 X147.91 Y146.95 E.00415
;WIDTH:0.477382
G1 X147.819 Y146.867 E.00445
G1 X146.692 Y146.867 E.04071
G1 X146.666 Y146.811 E.00223
G1 X146.692 Y146.433 E.01369
G1 X147.819 Y146.433 E.04071
G1 X147.901 Y146.37 E.00374
;WIDTH:0.448691
G1 X147.983 Y146.308 E.00347
;WIDTH:0.419999
G1 X148.007 Y146.216 E.00298
G1 X148.007 Y139.949 E.1965
G1 X147.961 Y139.106 E.02647
G1 X147.825 Y138.283 E.02615
G1 X147.6 Y137.479 E.02618
G1 X147.29 Y136.703 E.0262
G1 X146.898 Y135.966 E.02617
G1 X146.429 Y135.276 E.02616
G1 X145.801 Y134.559 E.02988
G1 X145.277 Y134.064 E.0226
G1 X144.263 Y133.339 E.03908
G1 X143.525 Y132.949 E.02617
G1 X142.75 Y132.641 E.02615
G1 X141.944 Y132.418 E.02622
G1 X141.121 Y132.284 E.02614
G1 X140.298 Y132.24 E.02584
G1 X122.693 Y132.251 E.55199
G1 X121.433 Y132.423 E.03987
G1 X120.629 Y132.647 E.02617
G1 X119.849 Y132.959 E.02634
G1 X118.765 Y133.574 E.03908
G1 X118.098 Y134.084 E.02633
G1 X117.217 Y134.967 E.03911
G1 X116.711 Y135.636 E.0263
G1 X116.11 Y136.699 E.03829
G1 X115.791 Y137.498 E.02697
G1 X115.568 Y138.303 E.02619
G1 X115.434 Y139.127 E.02618
G1 X115.39 Y139.949 E.02581
G1 X115.397 Y146.273 E.19828
;WIDTH:0.445659
G1 X115.478 Y146.355 E.00386
;WIDTH:0.471318
G1 X115.56 Y146.437 E.00413
G1 X116.711 Y146.437 E.041
;WIDTH:0.469688
G1 X116.735 Y146.489 E.00203
G1 X116.711 Y146.863 E.0133
G1 X115.579 Y146.863 E.04017
G1 X115.413 Y146.986 E.00733
;WIDTH:0.419999
G1 X115.39 Y147.077 E.00294
G1 X115.39 Y150.64 E.11172
G1 X112.61 Y150.64 E.08716
G1 X112.61 Y129.46 E.66408
G1 X130.916 Y129.46 E.57397
G1 X130.989 Y129.429 E.00249
G1 E-3.5 F3600
;WIPE_START
G1 F7200
G1 X131.044 Y129.405 E-.0285
G1 X131.053 Y129.401 E-.00468
G1 X131.104 Y129.271 E-.06633
G1 X131.099 Y127.303 E-.9348
G1 X131.279 Y127.46 E-.11345
G1 X132.021 Y127.459 E-.35224
;WIPE_END
G1 X118.798 Y132.307 F9000
G1 E5 F2400
;TYPE:Internal infill
;WIDTH:0.44
G1 F2129
G1 X118.11 Y132.703 E.02621
G1 X117.332 Y133.308 E.03254
G1 X116.906 Y133.734 E.01989
G1 X113.721 Y130.55 E.1487
G1 X116.104 Y130.55 E.07868
G1 E-3.5 F3600
;WIPE_START
G1 F7200
G1 X113.721 Y130.55 E-1.13192
G1 X114.269 Y131.098 E-.36808
;WIPE_END
G1 X113.7 Y148.755 F9000
G1 E5 F2400
G1 F2129
G1 X113.7 Y149.55 E.02625
G1 X114.3 Y149.55 E.01981
G1 X114.3 Y149.099 E.01489
G1 X113.7 Y148.498 E.02804
G1 X113.7 Y148.556 E.00192
G1 X114.3 Y147.956 E.02802
G1 X114.3 Y147.07 E.02925
G1 X114.382 Y146.646 E.01426
G1 X114.3 Y146.228 E.01406
G1 X114.3 Y144.606 E.05355
G1 X113.7 Y144.006 E.02802
G1 X113.7 Y144.064 E.00192
G1 X114.3 Y143.464 E.02802
G1 X114.3 Y140.114 E.11061
G1 X113.7 Y139.513 E.02804
G1 X113.7 Y139.571 E.00192
G1 X114.365 Y138.906 E.03105
G1 X114.521 Y137.996 E.03048
G1 X114.783 Y137.08 E.03146
G1 X115.061 Y136.382 E.02481
G1 X113.7 Y135.021 E.06355
G1 X113.7 Y135.079 E.00192
G1 X118.214 Y130.55 E.21113
G1 X119.568 Y131.905 E.06325
G1 X120.23 Y131.633 E.02363
G1 X121.259 Y131.345 E.03528
G1 X122.032 Y131.24 E.02576
G1 X122.706 Y130.55 E.03185
G1 X123.327 Y131.171 E.029
G1 X126.597 Y131.167 E.10797
G1 X127.199 Y130.55 E.02846
G1 X127.814 Y131.165 E.02872
G1 X131.095 Y131.161 E.10833
G1 X131.865 Y130.391 E.03595
G1 X131.697 Y130.264 E.00695
G1 X131.531 Y130.39 E.00688
G1 X132.301 Y131.16 E.03595
G1 X135.593 Y131.156 E.10869
G1 X136.183 Y130.55 E.02793
G1 X136.788 Y131.154 E.02823
G1 X140.091 Y131.15 E.10906
G1 X140.691 Y130.55 E.02802
G1 X141.341 Y131.215 E.0307
G1 X142.251 Y131.371 E.03048
G1 X143.047 Y131.592 E.02728
G1 X143.83 Y131.904 E.02783
G1 X145.184 Y130.55 E.06322
G1 X149.697 Y135.079 E.2111
G1 X149.697 Y135.021 E.00192
G1 X148.332 Y136.386 E.06374
G1 X148.615 Y137.08 E.02475
G1 X148.876 Y137.996 E.03145
G1 X149.024 Y138.898 E.03018
G1 X149.697 Y139.571 E.03142
G1 X149.697 Y139.513 E.00192
G1 X149.097 Y140.114 E.02804
G1 X149.097 Y143.464 E.11061
G1 X149.697 Y144.064 E.02802
G1 X149.697 Y144.006 E.00192
G1 X149.097 Y144.606 E.02802
G1 X149.097 Y146.22 E.05329
G1 X149.012 Y146.645 E.01431
G1 X149.097 Y147.077 E.01454
G1 X149.097 Y147.956 E.02902
G1 X149.697 Y148.556 E.02802
G1 X149.697 Y148.498 E.00192
G1 X149.097 Y149.099 E.02804
G1 X149.097 Y149.55 E.01489
G1 X149.697 Y149.55 E.01981
G1 X149.697 Y148.755 E.02625
G1 E-3.5 F3600
;WIPE_START
G1 F7200
G1 X149.697 Y149.55 E-.37763
G1 X149.097 Y149.55 E-.285
G1 X149.097 Y149.099 E-.21423
G1 X149.697 Y148.498 E-.40339
G1 X149.697 Y148.556 E-.02755
G1 X149.411 Y148.27 E-.1922
;WIPE_END
G1 X144.606 Y132.294 F9000
G1 E5 F2400
G1 F2129
G1 X145.918 Y133.183 E.05233
G1 X146.498 Y133.728 E.02628
G1 X149.676 Y130.55 E.14839
G1 X147.294 Y130.55 E.07865
;LAYER_CHANGE
;Z:6.6
;HEIGHT:0.2
;BEFORE_LAYER_CHANGE
G92 E0
;6.6


G1 E-3.5 F3600
;WIPE_START
G1 F7200
G1 X149.676 Y130.55 E-1.13145
G1 X149.127 Y131.099 E-.36855
;WIPE_END
G1 Z6.6 F9000
;AFTER_LAYER_CHANGE
;6.6
G1 X150.003 Y130.244
G1 E5 F2400
;TYPE:Perimeter
;WIDTH:0.439999
G1 F1848
G1 X150.003 Y132.414 E.07165
G1 X150.003 Y149.856 E.57589
G1 X148.79 Y149.856 E.04005
G1 X148.775 Y139.438 E.34397
G1 X148.664 Y138.499 E.03122
G1 X148.369 Y137.314 E.04032
G1 X147.983 Y136.336 E.03471
G1 X147.547 Y135.526 E.03037
G1 X147.026 Y134.768 E.03037
G1 X146.341 Y133.99 E.03423
G1 X145.734 Y133.428 E.02731
G1 X144.743 Y132.715 E.04031
G1 X143.816 Y132.22 E.0347
G1 X142.959 Y131.885 E.03038
G1 X142.071 Y131.644 E.03038
G1 X141.163 Y131.501 E.03035
G1 X140.298 Y131.456 E.0286
G1 X122.693 Y131.467 E.58127
G1 X121.352 Y131.641 E.04465
G1 X120.338 Y131.919 E.03471
G1 X119.463 Y132.277 E.03121
G1 X118.29 Y132.95 E.04465
G1 X117.543 Y133.529 E.03121
G1 X116.593 Y134.492 E.04466
G1 X116.028 Y135.25 E.03121
G1 X115.427 Y136.313 E.04032
G1 X115.035 Y137.288 E.0347
G1 X114.795 Y138.176 E.03037
G1 X114.651 Y139.084 E.03035
G1 X114.606 Y139.949 E.0286
G1 X114.606 Y149.856 E.3271
G1 X113.394 Y149.856 E.04002
G1 X113.394 Y130.244 E.64753
G1 X149.943 Y130.244 E1.20675
G1 X150.4 Y129.847 F9000
G1 F1848
G1 X150.4 Y132.414 E.08476
G1 X150.4 Y150.253 E.58899
G1 X148.394 Y150.253 E.06623
G1 X148.38 Y139.481 E.35566
G1 X148.278 Y138.595 E.02945
G1 X147.984 Y137.409 E.04034
G1 X147.632 Y136.522 E.03151
G1 X147.219 Y135.749 E.02894
G1 X146.724 Y135.026 E.02893
G1 X146.068 Y134.278 E.03285
G1 X145.503 Y133.75 E.02553
G1 X144.445 Y132.997 E.04288
G1 X143.669 Y132.589 E.02895
G1 X142.853 Y132.268 E.02895
G1 X142.007 Y132.036 E.02896
G1 X141.142 Y131.898 E.02892
G1 X140.298 Y131.853 E.02791
G1 X122.693 Y131.864 E.58127
G1 X121.405 Y132.034 E.0429
G1 X120.485 Y132.287 E.0315
G1 X119.659 Y132.622 E.02943
G1 X118.531 Y133.266 E.04289
G1 X117.824 Y133.81 E.02945
G1 X117.392 Y134.242 E.02017
G1 X116.909 Y134.732 E.02272
G1 X116.374 Y135.445 E.02943
G1 X115.739 Y136.579 E.04291
G1 X115.418 Y137.394 E.02892
G1 X115.186 Y138.24 E.02896
G1 X115.048 Y139.106 E.02895
G1 X115.003 Y139.949 E.02787
G1 X115.003 Y150.253 E.34021
G1 X112.997 Y150.253 E.06623
G1 X112.997 Y129.847 E.67375
G1 X150.34 Y129.847 E1.23296
G1 X150.787 Y129.46 F9000
;TYPE:External perimeter
;WIDTH:0.419999
G1 F1500
G1 X150.787 Y132.414 E.09262
G1 X150.787 Y150.64 E.57146
G1 X148.007 Y150.64 E.08716
G1 X147.995 Y139.522 E.3486
G1 X147.903 Y138.688 E.02631
G1 X147.608 Y137.503 E.03829
G1 X147.29 Y136.703 E.02699
G1 X146.898 Y135.966 E.02617
G1 X146.429 Y135.276 E.02616
G1 X145.801 Y134.559 E.02988
G1 X145.277 Y134.064 E.0226
G1 X144.263 Y133.339 E.03908
G1 X143.525 Y132.949 E.02617
G1 X142.75 Y132.641 E.02615
G1 X141.944 Y132.418 E.02622
G1 X141.121 Y132.284 E.02614
G1 X140.298 Y132.24 E.02584
G1 X122.693 Y132.251 E.55199
G1 X121.458 Y132.418 E.03907
G1 X120.629 Y132.647 E.02697
G1 X119.849 Y132.959 E.02634
G1 X118.765 Y133.574 E.03908
G1 X118.098 Y134.084 E.02633
G1 X117.666 Y134.516 E.01916
G1 X117.217 Y134.967 E.01995
G1 X116.711 Y135.636 E.0263
G1 X116.099 Y136.722 E.03909
G1 X115.791 Y137.498 E.02618
G1 X115.568 Y138.303 E.02619
G1 X115.434 Y139.127 E.02618
G1 X115.39 Y139.949 E.02581
G1 X115.39 Y150.64 E.33521
G1 X112.61 Y150.64 E.08716
G1 X112.61 Y129.46 E.66408
G1 X150.727 Y129.46 E1.19513
G1 E-3.5 F3600
;WIPE_START
G1 F7200
G1 X150.787 Y129.46 E-.0285
G1 X150.787 Y132.414 E-1.40315
G1 X150.787 Y132.558 E-.06835
;WIPE_END
G1 X147.294 Y130.55 F9000
G1 E5 F2400
;TYPE:Internal infill
;WIDTH:0.44
G1 F1848
G1 X149.676 Y130.55 E.07865
G1 X146.498 Y133.728 E.14839
G1 X145.918 Y133.183 E.02628
G1 X144.606 Y132.294 E.05233
G1 E-3.5 F3600
;WIPE_START
G1 F7200
G1 X145.918 Y133.183 E-.75279
G1 X146.498 Y133.728 E-.37804
G1 X147.048 Y133.178 E-.36917
;WIPE_END
G1 X149.697 Y148.755 F9000
G1 E5 F2400
G1 F1848
G1 X149.697 Y149.55 E.02625
G1 X149.096 Y149.55 E.01984
G1 X149.095 Y149.101 E.01482
G1 X149.697 Y148.498 E.02813
G1 X149.697 Y148.556 E.00192
G1 X149.093 Y147.952 E.0282
G1 X149.088 Y144.615 E.11018
G1 X149.697 Y144.006 E.02844
G1 X149.697 Y144.064 E.00192
G1 X149.086 Y143.452 E.02855
G1 X149.081 Y140.13 E.10968
G1 X149.697 Y139.513 E.02879
G1 X149.697 Y139.571 E.00192
G1 X149.017 Y138.891 E.03175
G1 X148.962 Y138.431 E.0153
G1 X148.664 Y137.233 E.04076
G1 X148.331 Y136.388 E.02999
G1 X149.697 Y135.021 E.06381
G1 X149.697 Y135.079 E.00192
G1 X145.168 Y130.55 E.21147
G1 X143.83 Y131.904 E.06285
G1 X143.047 Y131.592 E.02783
G1 X142.251 Y131.371 E.02728
G1 X141.341 Y131.215 E.03048
G1 X140.691 Y130.55 E.0307
G1 X140.091 Y131.15 E.02802
G1 X136.788 Y131.154 E.10906
G1 X136.183 Y130.55 E.02823
G1 X135.593 Y131.156 E.02793
G1 X132.301 Y131.16 E.10869
G1 X131.691 Y130.55 E.02848
G1 X131.095 Y131.161 E.02818
G1 X127.814 Y131.165 E.10833
G1 X127.199 Y130.55 E.02872
G1 X126.597 Y131.167 E.02846
G1 X123.327 Y131.171 E.10797
G1 X122.706 Y130.55 E.029
G1 X122.032 Y131.24 E.03185
G1 X121.259 Y131.345 E.02576
G1 X120.23 Y131.633 E.03528
G1 X119.568 Y131.905 E.02363
G1 X118.214 Y130.55 E.06325
G1 X113.7 Y135.079 E.21113
G1 X113.7 Y135.021 E.00192
G1 X115.061 Y136.382 E.06355
G1 X114.783 Y137.08 E.02481
G1 X114.521 Y137.996 E.03146
G1 X114.365 Y138.906 E.03048
G1 X113.7 Y139.571 E.03105
G1 X113.7 Y139.513 E.00192
G1 X114.3 Y140.114 E.02804
G1 X114.3 Y143.464 E.11061
G1 X113.7 Y144.064 E.02802
G1 X113.7 Y144.006 E.00192
G1 X114.3 Y144.606 E.02802
G1 X114.3 Y147.956 E.11061
G1 X113.7 Y148.556 E.02802
G1 X113.7 Y148.498 E.00192
G1 X114.3 Y149.099 E.02804
G1 X114.3 Y149.55 E.01489
G1 X113.7 Y149.55 E.01981
G1 X113.7 Y148.755 E.02625
G1 E-3.5 F3600
;WIPE_START
G1 F7200
G1 X113.7 Y149.55 E-.37763
G1 X114.3 Y149.55 E-.285
G1 X114.3 Y149.099 E-.21423
G1 X113.7 Y148.498 E-.40339
G1 X113.7 Y148.556 E-.02755
G1 X113.986 Y148.27 E-.1922
;WIPE_END
G1 X118.798 Y132.307 F9000
G1 E5 F2400
G1 F1848
G1 X118.11 Y132.703 E.02621
G1 X117.332 Y133.308 E.03254
G1 X116.906 Y133.734 E.01989
G1 X113.721 Y130.55 E.1487
G1 X116.104 Y130.55 E.07868
G1 E-3.5 F3600
;WIPE_START
G1 F7200
G1 X113.721 Y130.55 E-1.13192
G1 X114.269 Y131.098 E-.36808
;WIPE_END
G1 X131.022 Y120.75 F9000
G1 E5 F2400
;TYPE:External perimeter
;WIDTH:0.571768
G1 F1500
G1 X131.014 Y119.907 E.03707
G1 X132.386 Y120.709 F9000
;WIDTH:0.571814
G1 F1500
G1 X132.378 Y119.868 E.03699
;LAYER_CHANGE
;Z:6.8
;HEIGHT:0.2
;BEFORE_LAYER_CHANGE
G92 E0
;6.8


G1 E-3.5 F3600
;WIPE_START
G1 F7200
G1 X132.386 Y120.709 E-.39949
;WIPE_END
G1 E-1.10051 F3600
G1 Z6.8 F9000
;AFTER_LAYER_CHANGE
;6.8
G1 X150.003 Y130.244
G1 E5 F2400
;TYPE:Perimeter
;WIDTH:0.439999
G1 F1806
G1 X150.003 Y132.414 E.07165
G1 X150.003 Y149.856 E.57589
G1 X148.79 Y149.856 E.04005
G1 X148.775 Y139.438 E.34397
G1 X148.664 Y138.499 E.03122
G1 X148.369 Y137.314 E.04032
G1 X147.983 Y136.336 E.03471
G1 X147.547 Y135.526 E.03037
G1 X147.026 Y134.768 E.03037
G1 X146.341 Y133.99 E.03423
G1 X145.734 Y133.428 E.02731
G1 X144.743 Y132.715 E.04031
G1 X143.816 Y132.22 E.0347
G1 X142.959 Y131.885 E.03038
G1 X142.071 Y131.644 E.03038
G1 X141.163 Y131.501 E.03035
G1 X140.298 Y131.456 E.0286
G1 X122.693 Y131.467 E.58127
G1 X121.352 Y131.641 E.04465
G1 X120.338 Y131.919 E.03471
G1 X119.463 Y132.277 E.03121
G1 X118.29 Y132.95 E.04465
G1 X117.543 Y133.529 E.03121
G1 X116.593 Y134.492 E.04466
G1 X116.028 Y135.25 E.03121
G1 X115.427 Y136.313 E.04032
G1 X115.035 Y137.288 E.0347
G1 X114.795 Y138.176 E.03037
G1 X114.651 Y139.084 E.03035
G1 X114.606 Y139.949 E.0286
G1 X114.606 Y149.856 E.3271
G1 X113.394 Y149.856 E.04002
G1 X113.394 Y130.244 E.64753
G1 X149.943 Y130.244 E1.20675
G1 X150.4 Y129.847 F9000
G1 F1806
G1 X150.4 Y132.414 E.08476
G1 X150.4 Y150.253 E.58899
G1 X148.394 Y150.253 E.06623
G1 X148.38 Y139.481 E.35566
G1 X148.278 Y138.595 E.02945
G1 X147.984 Y137.409 E.04034
G1 X147.632 Y136.522 E.03151
G1 X147.219 Y135.749 E.02894
G1 X146.724 Y135.026 E.02893
G1 X146.068 Y134.278 E.03285
G1 X145.503 Y133.75 E.02553
G1 X144.445 Y132.997 E.04288
G1 X143.669 Y132.589 E.02895
G1 X142.853 Y132.268 E.02895
G1 X142.007 Y132.036 E.02896
G1 X141.142 Y131.898 E.02892
G1 X140.298 Y131.853 E.02791
G1 X122.693 Y131.864 E.58127
G1 X121.405 Y132.034 E.0429
G1 X120.485 Y132.287 E.0315
G1 X119.659 Y132.622 E.02943
G1 X118.531 Y133.266 E.04289
G1 X117.824 Y133.81 E.02945
G1 X117.392 Y134.242 E.02017
G1 X116.909 Y134.732 E.02272
G1 X116.374 Y135.445 E.02943
G1 X115.739 Y136.579 E.04291
G1 X115.418 Y137.394 E.02892
G1 X115.186 Y138.24 E.02896
G1 X115.048 Y139.106 E.02895
G1 X115.003 Y139.949 E.02787
G1 X115.003 Y150.253 E.34021
G1 X112.997 Y150.253 E.06623
G1 X112.997 Y129.847 E.67375
G1 X150.34 Y129.847 E1.23296
G1 X150.787 Y129.46 F9000
;TYPE:External perimeter
;WIDTH:0.419999
G1 F1500
G1 X150.787 Y132.414 E.09262
G1 X150.787 Y150.64 E.57146
G1 X148.007 Y150.64 E.08716
G1 X147.995 Y139.522 E.3486
G1 X147.903 Y138.688 E.02631
G1 X147.608 Y137.503 E.03829
G1 X147.29 Y136.703 E.02699
G1 X146.898 Y135.966 E.02617
G1 X146.429 Y135.276 E.02616
G1 X145.801 Y134.559 E.02988
G1 X145.277 Y134.064 E.0226
G1 X144.263 Y133.339 E.03908
G1 X143.525 Y132.949 E.02617
G1 X142.75 Y132.641 E.02615
G1 X141.944 Y132.418 E.02622
G1 X141.121 Y132.284 E.02614
G1 X140.298 Y132.24 E.02584
G1 X122.693 Y132.251 E.55199
G1 X121.458 Y132.418 E.03907
G1 X120.629 Y132.647 E.02697
G1 X119.849 Y132.959 E.02634
G1 X118.765 Y133.574 E.03908
G1 X118.098 Y134.084 E.02633
G1 X117.666 Y134.516 E.01916
G1 X117.217 Y134.967 E.01995
G1 X116.711 Y135.636 E.0263
G1 X116.099 Y136.722 E.03909
G1 X115.791 Y137.498 E.02618
G1 X115.568 Y138.303 E.02619
G1 X115.434 Y139.127 E.02618
G1 X115.39 Y139.949 E.02581
G1 X115.39 Y150.64 E.33521
G1 X112.61 Y150.64 E.08716
G1 X112.61 Y129.46 E.66408
G1 X150.727 Y129.46 E1.19513
G1 E-3.5 F3600
;WIPE_START
G1 F7200
G1 X150.787 Y129.46 E-.0285
G1 X150.787 Y132.414 E-1.40315
G1 X150.787 Y132.558 E-.06835
;WIPE_END
G1 X147.294 Y130.55 F9000
G1 E5 F2400
;TYPE:Internal infill
;WIDTH:0.44
G1 F1806
G1 X149.676 Y130.55 E.07865
G1 X146.498 Y133.728 E.14839
G1 X145.918 Y133.183 E.02628
G1 X144.606 Y132.294 E.05233
G1 E-3.5 F3600
;WIPE_START
G1 F7200
G1 X145.918 Y133.183 E-.75279
G1 X146.498 Y133.728 E-.37804
G1 X147.048 Y133.178 E-.36917
;WIPE_END
G1 X149.697 Y148.755 F9000
G1 E5 F2400
G1 F1806
G1 X149.697 Y149.55 E.02625
G1 X149.096 Y149.55 E.01984
G1 X149.095 Y149.101 E.01482
G1 X149.697 Y148.498 E.02813
G1 X149.697 Y148.556 E.00192
G1 X149.093 Y147.952 E.0282
G1 X149.088 Y144.615 E.11018
G1 X149.697 Y144.006 E.02844
G1 X149.697 Y144.064 E.00192
G1 X149.086 Y143.452 E.02855
G1 X149.081 Y140.13 E.10968
G1 X149.697 Y139.513 E.02879
G1 X149.697 Y139.571 E.00192
G1 X149.017 Y138.891 E.03175
G1 X148.962 Y138.431 E.0153
G1 X148.664 Y137.233 E.04076
G1 X148.331 Y136.388 E.02999
G1 X149.697 Y135.021 E.06381
G1 X149.697 Y135.079 E.00192
G1 X145.168 Y130.55 E.21147
G1 X143.83 Y131.904 E.06285
G1 X143.047 Y131.592 E.02783
G1 X142.251 Y131.371 E.02728
G1 X141.341 Y131.215 E.03048
G1 X140.691 Y130.55 E.0307
G1 X140.091 Y131.15 E.02802
G1 X136.788 Y131.154 E.10906
G1 X136.183 Y130.55 E.02823
G1 X135.593 Y131.156 E.02793
G1 X132.301 Y131.16 E.10869
G1 X131.691 Y130.55 E.02848
G1 X131.095 Y131.161 E.02818
G1 X127.814 Y131.165 E.10833
G1 X127.199 Y130.55 E.02872
G1 X126.597 Y131.167 E.02846
G1 X123.327 Y131.171 E.10797
G1 X122.706 Y130.55 E.029
G1 X122.032 Y131.24 E.03185
G1 X121.259 Y131.345 E.02576
G1 X120.23 Y131.633 E.03528
G1 X119.568 Y131.905 E.02363
G1 X118.214 Y130.55 E.06325
G1 X113.7 Y135.079 E.21113
G1 X113.7 Y135.021 E.00192
G1 X115.061 Y136.382 E.06355
G1 X114.783 Y137.08 E.02481
G1 X114.521 Y137.996 E.03146
G1 X114.365 Y138.906 E.03048
G1 X113.7 Y139.571 E.03105
G1 X113.7 Y139.513 E.00192
G1 X114.3 Y140.114 E.02804
G1 X114.3 Y143.464 E.11061
G1 X113.7 Y144.064 E.02802
G1 X113.7 Y144.006 E.00192
G1 X114.3 Y144.606 E.02802
G1 X114.3 Y147.956 E.11061
G1 X113.7 Y148.556 E.02802
G1 X113.7 Y148.498 E.00192
G1 X114.3 Y149.099 E.02804
G1 X114.3 Y149.55 E.01489
G1 X113.7 Y149.55 E.01981
G1 X113.7 Y148.755 E.02625
G1 E-3.5 F3600
;WIPE_START
G1 F7200
G1 X113.7 Y149.55 E-.37763
G1 X114.3 Y149.55 E-.285
G1 X114.3 Y149.099 E-.21423
G1 X113.7 Y148.498 E-.40339
G1 X113.7 Y148.556 E-.02755
G1 X113.986 Y148.27 E-.1922
;WIPE_END
G1 X118.798 Y132.307 F9000
G1 E5 F2400
G1 F1806
G1 X118.11 Y132.703 E.02621
G1 X117.332 Y133.308 E.03254
G1 X116.906 Y133.734 E.01989
G1 X113.721 Y130.55 E.1487
G1 X116.104 Y130.55 E.07868
;LAYER_CHANGE
;Z:7
;HEIGHT:0.2
;BEFORE_LAYER_CHANGE
G92 E0
;7


G1 E-3.5 F3600
;WIPE_START
G1 F7200
G1 X113.721 Y130.55 E-1.13192
G1 X114.269 Y131.098 E-.36808
;WIPE_END
G1 Z7 F9000
;AFTER_LAYER_CHANGE
;7
G1 X113.394 Y130.244
G1 E5 F2400
;TYPE:Perimeter
;WIDTH:0.439999
G1 F1786
G1 X150.003 Y130.244 E1.20873
G1 X150.003 Y132.414 E.07165
G1 X150.003 Y149.856 E.57589
G1 X148.79 Y149.856 E.04005
G1 X148.775 Y139.438 E.34397
G1 X148.664 Y138.499 E.03122
G1 X148.369 Y137.314 E.04032
G1 X147.983 Y136.336 E.03471
G1 X147.547 Y135.526 E.03037
G1 X147.026 Y134.768 E.03037
G1 X146.341 Y133.99 E.03423
G1 X145.734 Y133.428 E.02731
G1 X144.743 Y132.715 E.04031
G1 X143.816 Y132.22 E.0347
G1 X142.959 Y131.885 E.03038
G1 X142.071 Y131.644 E.03038
G1 X141.163 Y131.501 E.03035
G1 X140.298 Y131.456 E.0286
G1 X122.693 Y131.467 E.58127
G1 X121.352 Y131.641 E.04465
G1 X120.338 Y131.919 E.03471
G1 X119.463 Y132.277 E.03121
G1 X118.29 Y132.95 E.04465
G1 X117.543 Y133.529 E.03121
G1 X116.593 Y134.492 E.04466
G1 X116.028 Y135.25 E.03121
G1 X115.427 Y136.313 E.04032
G1 X115.035 Y137.288 E.0347
G1 X114.795 Y138.176 E.03037
G1 X114.651 Y139.084 E.03035
G1 X114.606 Y139.949 E.0286
G1 X114.606 Y149.856 E.3271
G1 X113.394 Y149.856 E.04002
G1 X113.394 Y130.304 E.64555
G1 X112.997 Y129.847 F9000
G1 F1786
G1 X150.4 Y129.847 E1.23494
G1 X150.4 Y132.414 E.08476
G1 X150.4 Y150.253 E.58899
G1 X148.394 Y150.253 E.06623
G1 X148.38 Y139.481 E.35566
G1 X148.278 Y138.595 E.02945
G1 X147.984 Y137.409 E.04034
G1 X147.632 Y136.522 E.03151
G1 X147.219 Y135.749 E.02894
G1 X146.724 Y135.026 E.02893
G1 X146.068 Y134.278 E.03285
G1 X145.503 Y133.75 E.02553
G1 X144.445 Y132.997 E.04288
G1 X143.669 Y132.589 E.02895
G1 X142.853 Y132.268 E.02895
G1 X142.007 Y132.036 E.02896
G1 X141.142 Y131.898 E.02892
G1 X140.298 Y131.853 E.02791
G1 X122.693 Y131.864 E.58127
G1 X121.405 Y132.034 E.0429
G1 X120.485 Y132.287 E.0315
G1 X119.659 Y132.622 E.02943
G1 X118.531 Y133.266 E.04289
G1 X117.824 Y133.81 E.02945
G1 X117.392 Y134.242 E.02017
G1 X116.909 Y134.732 E.02272
G1 X116.374 Y135.445 E.02943
G1 X115.739 Y136.579 E.04291
G1 X115.418 Y137.394 E.02892
G1 X115.186 Y138.24 E.02896
G1 X115.048 Y139.106 E.02895
G1 X115.003 Y139.949 E.02787
G1 X115.003 Y150.253 E.34021
G1 X112.997 Y150.253 E.06623
G1 X112.997 Y129.907 E.67177
G1 X112.61 Y129.46 F9000
;TYPE:External perimeter
;WIDTH:0.419999
G1 F1500
G1 X150.787 Y129.46 E1.19701
G1 X150.787 Y132.414 E.09262
G1 X150.787 Y150.64 E.57146
G1 X148.007 Y150.64 E.08716
G1 X147.995 Y139.522 E.3486
G1 X147.903 Y138.688 E.02631
G1 X147.608 Y137.503 E.03829
G1 X147.29 Y136.703 E.02699
G1 X146.898 Y135.966 E.02617
G1 X146.429 Y135.276 E.02616
G1 X145.801 Y134.559 E.02988
G1 X145.277 Y134.064 E.0226
G1 X144.263 Y133.339 E.03908
G1 X143.525 Y132.949 E.02617
G1 X142.75 Y132.641 E.02615
G1 X141.944 Y132.418 E.02622
G1 X141.121 Y132.284 E.02614
G1 X140.298 Y132.24 E.02584
G1 X122.693 Y132.251 E.55199
G1 X121.458 Y132.418 E.03907
G1 X120.629 Y132.647 E.02697
G1 X119.849 Y132.959 E.02634
G1 X118.765 Y133.574 E.03908
G1 X118.098 Y134.084 E.02633
G1 X117.666 Y134.516 E.01916
G1 X117.217 Y134.967 E.01995
G1 X116.711 Y135.636 E.0263
G1 X116.099 Y136.722 E.03909
G1 X115.791 Y137.498 E.02618
G1 X115.568 Y138.303 E.02619
G1 X115.434 Y139.127 E.02618
G1 X115.39 Y139.949 E.02581
G1 X115.39 Y150.64 E.33521
G1 X112.61 Y150.64 E.08716
G1 X112.61 Y129.52 E.6622
G1 E-3.5 F3600
;WIPE_START
G1 F7200
G1 X112.61 Y129.46 E-.0285
G1 X115.708 Y129.46 E-1.4715
;WIPE_END
G1 X116.104 Y130.55 F9000
G1 E5 F2400
;TYPE:Internal infill
;WIDTH:0.44
G1 F1786
G1 X113.721 Y130.55 E.07868
G1 X116.906 Y133.734 E.1487
G1 X117.332 Y133.308 E.01989
G1 X118.11 Y132.703 E.03254
G1 X118.798 Y132.307 E.02621
G1 E-3.5 F3600
;WIPE_START
G1 F7200
G1 X118.11 Y132.703 E-.37707
G1 X117.332 Y133.308 E-.46814
G1 X116.906 Y133.734 E-.28617
G1 X116.357 Y133.185 E-.36862
;WIPE_END
G1 X113.7 Y148.755 F9000
G1 E5 F2400
G1 F1786
G1 X113.7 Y149.55 E.02625
G1 X114.3 Y149.55 E.01981
G1 X114.3 Y149.099 E.01489
G1 X113.7 Y148.498 E.02804
G1 X113.7 Y148.556 E.00192
G1 X114.3 Y147.956 E.02802
G1 X114.3 Y144.606 E.11061
G1 X113.7 Y144.006 E.02802
G1 X113.7 Y144.064 E.00192
G1 X114.3 Y143.464 E.02802
G1 X114.3 Y140.114 E.11061
G1 X113.7 Y139.513 E.02804
G1 X113.7 Y139.571 E.00192
G1 X114.365 Y138.906 E.03105
G1 X114.521 Y137.996 E.03048
G1 X114.783 Y137.08 E.03146
G1 X115.061 Y136.382 E.02481
G1 X113.7 Y135.021 E.06355
G1 X113.7 Y135.079 E.00192
G1 X118.214 Y130.55 E.21113
G1 X119.568 Y131.905 E.06325
G1 X120.23 Y131.633 E.02363
G1 X121.259 Y131.345 E.03528
G1 X122.032 Y131.24 E.02576
G1 X122.706 Y130.55 E.03185
G1 X123.327 Y131.171 E.029
G1 X126.597 Y131.167 E.10797
G1 X127.199 Y130.55 E.02846
G1 X127.814 Y131.165 E.02872
G1 X131.095 Y131.161 E.10833
G1 X131.691 Y130.55 E.02818
G1 X132.301 Y131.16 E.02848
G1 X135.593 Y131.156 E.10869
G1 X136.183 Y130.55 E.02793
G1 X136.788 Y131.154 E.02823
G1 X140.091 Y131.15 E.10906
G1 X140.691 Y130.55 E.02802
G1 X141.341 Y131.215 E.0307
G1 X142.251 Y131.371 E.03048
G1 X143.047 Y131.592 E.02728
G1 X143.83 Y131.904 E.02783
G1 X145.168 Y130.55 E.06285
G1 X149.697 Y135.079 E.21147
G1 X149.697 Y135.021 E.00192
G1 X148.331 Y136.388 E.06381
G1 X148.664 Y137.233 E.02999
G1 X148.962 Y138.431 E.04076
G1 X149.017 Y138.891 E.0153
G1 X149.697 Y139.571 E.03175
G1 X149.697 Y139.513 E.00192
G1 X149.081 Y140.13 E.02879
G1 X149.086 Y143.452 E.10968
G1 X149.697 Y144.064 E.02855
G1 X149.697 Y144.006 E.00192
G1 X149.088 Y144.615 E.02844
G1 X149.093 Y147.952 E.11018
G1 X149.697 Y148.556 E.0282
G1 X149.697 Y148.498 E.00192
G1 X149.095 Y149.101 E.02813
G1 X149.096 Y149.55 E.01482
G1 X149.697 Y149.55 E.01984
G1 X149.697 Y148.755 E.02625
G1 E-3.5 F3600
;WIPE_START
G1 F7200
G1 X149.697 Y149.55 E-.37763
G1 X149.096 Y149.55 E-.28547
G1 X149.095 Y149.101 E-.21328
G1 X149.697 Y148.498 E-.40473
G1 X149.697 Y148.556 E-.02755
G1 X149.412 Y148.271 E-.19134
;WIPE_END
G1 X144.606 Y132.294 F9000
G1 E5 F2400
G1 F1786
G1 X145.918 Y133.183 E.05233
G1 X146.498 Y133.728 E.02628
G1 X149.676 Y130.55 E.14839
G1 X147.294 Y130.55 E.07865
;LAYER_CHANGE
;Z:7.2
;HEIGHT:0.2
;BEFORE_LAYER_CHANGE
G92 E0
;7.2


G1 E-3.5 F3600
;WIPE_START
G1 F7200
G1 X149.676 Y130.55 E-1.13145
G1 X149.127 Y131.099 E-.36855
;WIPE_END
G1 Z7.2 F9000
;AFTER_LAYER_CHANGE
;7.2
G1 X150.003 Y130.244
G1 E5 F2400
;TYPE:Perimeter
;WIDTH:0.439999
G1 F1788
G1 X150.003 Y132.414 E.07165
G1 X150.003 Y149.856 E.57589
G1 X148.79 Y149.856 E.04005
G1 X148.775 Y139.438 E.34397
G1 X148.664 Y138.499 E.03122
G1 X148.369 Y137.314 E.04032
G1 X147.983 Y136.336 E.03471
G1 X147.547 Y135.526 E.03037
G1 X147.026 Y134.768 E.03037
G1 X146.341 Y133.99 E.03423
G1 X145.734 Y133.428 E.02731
G1 X144.743 Y132.715 E.04031
G1 X143.816 Y132.22 E.0347
G1 X142.959 Y131.885 E.03038
G1 X142.045 Y131.641 E.03123
G1 X140.836 Y131.476 E.04029
G1 X140.298 Y131.456 E.01778
G1 X122.693 Y131.467 E.58127
G1 X121.352 Y131.641 E.04465
G1 X120.338 Y131.919 E.03471
G1 X119.463 Y132.277 E.03121
G1 X118.29 Y132.95 E.04465
G1 X117.543 Y133.529 E.03121
G1 X116.593 Y134.492 E.04466
G1 X116.028 Y135.25 E.03121
G1 X115.427 Y136.313 E.04032
G1 X115.035 Y137.288 E.0347
G1 X114.795 Y138.176 E.03037
G1 X114.651 Y139.084 E.03035
G1 X114.606 Y139.949 E.0286
G1 X114.606 Y149.856 E.3271
G1 X113.394 Y149.856 E.04002
G1 X113.394 Y130.244 E.64753
G1 X149.943 Y130.244 E1.20675
G1 X150.4 Y129.847 F9000
G1 F1788
G1 X150.4 Y132.414 E.08476
G1 X150.4 Y150.253 E.58899
G1 X148.394 Y150.253 E.06623
G1 X148.38 Y139.481 E.35566
G1 X148.278 Y138.595 E.02945
G1 X147.984 Y137.409 E.04034
G1 X147.632 Y136.522 E.03151
G1 X147.219 Y135.749 E.02894
G1 X146.724 Y135.026 E.02893
G1 X146.068 Y134.278 E.03285
G1 X145.503 Y133.75 E.02553
G1 X144.445 Y132.997 E.04288
G1 X143.669 Y132.589 E.02895
G1 X142.853 Y132.268 E.02895
G1 X141.992 Y132.034 E.02946
G1 X140.782 Y131.869 E.04032
G1 X140.298 Y131.853 E.01599
G1 X122.693 Y131.864 E.58127
G1 X121.405 Y132.034 E.0429
G1 X120.485 Y132.287 E.0315
G1 X119.659 Y132.622 E.02943
G1 X118.531 Y133.266 E.04289
G1 X117.824 Y133.81 E.02945
G1 X117.392 Y134.242 E.02017
G1 X116.909 Y134.732 E.02272
G1 X116.374 Y135.445 E.02943
G1 X115.739 Y136.579 E.04291
G1 X115.418 Y137.394 E.02892
G1 X115.186 Y138.24 E.02896
G1 X115.048 Y139.106 E.02895
G1 X115.003 Y139.949 E.02787
G1 X115.003 Y150.253 E.34021
G1 X112.997 Y150.253 E.06623
G1 X112.997 Y129.847 E.67375
G1 X150.34 Y129.847 E1.23296
G1 X150.787 Y129.46 F9000
;TYPE:External perimeter
;WIDTH:0.419999
G1 F1500
G1 X150.787 Y132.414 E.09262
G1 X150.787 Y150.64 E.57146
G1 X148.007 Y150.64 E.08716
G1 X147.995 Y139.522 E.3486
G1 X147.903 Y138.688 E.02631
G1 X147.608 Y137.503 E.03829
G1 X147.29 Y136.703 E.02699
G1 X146.898 Y135.966 E.02617
G1 X146.429 Y135.276 E.02616
G1 X145.801 Y134.559 E.02988
G1 X145.277 Y134.064 E.0226
G1 X144.263 Y133.339 E.03908
G1 X143.525 Y132.949 E.02617
G1 X142.75 Y132.641 E.02615
G1 X141.94 Y132.418 E.02634
G1 X140.73 Y132.253 E.03829
G1 X140.298 Y132.24 E.01355
G1 X122.693 Y132.251 E.55199
G1 X121.458 Y132.418 E.03907
G1 X120.629 Y132.647 E.02697
G1 X119.849 Y132.959 E.02634
G1 X118.765 Y133.574 E.03908
G1 X118.098 Y134.084 E.02633
G1 X117.666 Y134.516 E.01916
G1 X117.217 Y134.967 E.01995
G1 X116.711 Y135.636 E.0263
G1 X116.099 Y136.722 E.03909
G1 X115.791 Y137.498 E.02618
G1 X115.568 Y138.303 E.02619
G1 X115.434 Y139.127 E.02618
G1 X115.39 Y139.949 E.02581
G1 X115.39 Y150.64 E.33521
G1 X112.61 Y150.64 E.08716
G1 X112.61 Y129.46 E.66408
G1 X150.727 Y129.46 E1.19513
G1 E-3.5 F3600
;WIPE_START
G1 F7200
G1 X150.787 Y129.46 E-.0285
G1 X150.787 Y132.414 E-1.40315
G1 X150.787 Y132.558 E-.06835
;WIPE_END
G1 X147.294 Y130.55 F9000
G1 E5 F2400
;TYPE:Internal infill
;WIDTH:0.44
G1 F1788
G1 X149.676 Y130.55 E.07865
G1 X146.498 Y133.728 E.14839
G1 X145.918 Y133.183 E.02628
G1 X144.606 Y132.294 E.05233
G1 E-3.5 F3600
;WIPE_START
G1 F7200
G1 X145.918 Y133.183 E-.75279
G1 X146.498 Y133.728 E-.37804
G1 X147.048 Y133.178 E-.36917
;WIPE_END
G1 X149.697 Y148.755 F9000
G1 E5 F2400
G1 F1788
G1 X149.697 Y149.55 E.02625
G1 X149.096 Y149.55 E.01984
G1 X149.095 Y149.101 E.01482
G1 X149.697 Y148.498 E.02813
G1 X149.697 Y148.556 E.00192
G1 X149.093 Y147.952 E.0282
G1 X149.088 Y144.615 E.11018
G1 X149.697 Y144.006 E.02844
G1 X149.697 Y144.064 E.00192
G1 X149.086 Y143.452 E.02855
G1 X149.081 Y140.13 E.10968
G1 X149.697 Y139.513 E.02879
G1 X149.697 Y139.571 E.00192
G1 X149.017 Y138.891 E.03175
G1 X148.962 Y138.431 E.0153
G1 X148.664 Y137.233 E.04076
G1 X148.331 Y136.388 E.02999
G1 X149.697 Y135.021 E.06381
G1 X149.697 Y135.079 E.00192
G1 X145.168 Y130.55 E.21147
G1 X143.83 Y131.904 E.06285
G1 X143.046 Y131.592 E.02786
G1 X142.093 Y131.338 E.03256
G1 X141.365 Y131.239 E.02426
G1 X140.691 Y130.55 E.03182
G1 X140.091 Y131.15 E.02802
G1 X136.788 Y131.154 E.10906
G1 X136.183 Y130.55 E.02823
G1 X135.593 Y131.156 E.02793
G1 X132.301 Y131.16 E.10869
G1 X131.691 Y130.55 E.02848
G1 X131.095 Y131.161 E.02818
G1 X127.814 Y131.165 E.10833
G1 X127.199 Y130.55 E.02872
G1 X126.597 Y131.167 E.02846
G1 X123.327 Y131.171 E.10797
G1 X122.706 Y130.55 E.029
G1 X122.032 Y131.24 E.03185
G1 X121.259 Y131.345 E.02576
G1 X120.23 Y131.633 E.03528
G1 X119.568 Y131.905 E.02363
G1 X118.214 Y130.55 E.06325
G1 X113.7 Y135.079 E.21113
G1 X113.7 Y135.021 E.00192
G1 X115.061 Y136.382 E.06355
G1 X114.783 Y137.08 E.02481
G1 X114.521 Y137.996 E.03146
G1 X114.365 Y138.906 E.03048
G1 X113.7 Y139.571 E.03105
G1 X113.7 Y139.513 E.00192
G1 X114.3 Y140.114 E.02804
G1 X114.3 Y143.464 E.11061
G1 X113.7 Y144.064 E.02802
G1 X113.7 Y144.006 E.00192
G1 X114.3 Y144.606 E.02802
G1 X114.3 Y147.956 E.11061
G1 X113.7 Y148.556 E.02802
G1 X113.7 Y148.498 E.00192
G1 X114.3 Y149.099 E.02804
G1 X114.3 Y149.55 E.01489
G1 X113.7 Y149.55 E.01981
G1 X113.7 Y148.755 E.02625
G1 E-3.5 F3600
;WIPE_START
G1 F7200
G1 X113.7 Y149.55 E-.37763
G1 X114.3 Y149.55 E-.285
G1 X114.3 Y149.099 E-.21423
G1 X113.7 Y148.498 E-.40339
G1 X113.7 Y148.556 E-.02755
G1 X113.986 Y148.27 E-.1922
;WIPE_END
G1 X118.798 Y132.307 F9000
G1 E5 F2400
G1 F1788
G1 X118.11 Y132.703 E.02621
G1 X117.332 Y133.308 E.03254
G1 X116.906 Y133.734 E.01989
G1 X113.721 Y130.55 E.1487
G1 X116.104 Y130.55 E.07868
;LAYER_CHANGE
;Z:7.4
;HEIGHT:0.2
;BEFORE_LAYER_CHANGE
G92 E0
;7.4


G1 E-3.5 F3600
;WIPE_START
G1 F7200
G1 X113.721 Y130.55 E-1.13192
G1 X114.269 Y131.098 E-.36808
;WIPE_END
G1 Z7.4 F9000
;AFTER_LAYER_CHANGE
;7.4
G1 X113.394 Y130.244
G1 E5 F2400
;TYPE:Perimeter
;WIDTH:0.439999
G1 F2077
G1 X150.003 Y130.244 E1.20873
G1 X150.003 Y132.414 E.07165
G1 X150.003 Y149.856 E.57589
G1 X148.79 Y149.856 E.04005
G1 X148.775 Y139.438 E.34397
G1 X148.664 Y138.499 E.03122
G1 X148.369 Y137.314 E.04032
G1 X147.983 Y136.336 E.03471
G1 X147.547 Y135.526 E.03037
G1 X147.026 Y134.768 E.03037
G1 X146.341 Y133.99 E.03423
G1 X145.734 Y133.428 E.02731
G1 X144.743 Y132.715 E.04031
G1 X143.816 Y132.22 E.0347
G1 X142.959 Y131.885 E.03038
G1 X142.071 Y131.644 E.03038
G1 X141.163 Y131.501 E.03035
G1 X140.298 Y131.456 E.0286
G1 X122.693 Y131.467 E.58127
G1 X121.352 Y131.641 E.04465
G1 X120.338 Y131.919 E.03471
G1 X119.463 Y132.277 E.03121
G1 X118.29 Y132.95 E.04465
G1 X117.543 Y133.529 E.03121
G1 X116.593 Y134.492 E.04466
G1 X116.028 Y135.25 E.03121
G1 X115.427 Y136.313 E.04032
G1 X115.035 Y137.288 E.0347
G1 X114.795 Y138.176 E.03037
G1 X114.651 Y139.084 E.03035
G1 X114.606 Y139.949 E.0286
G1 X114.606 Y149.856 E.3271
G1 X113.394 Y149.856 E.04002
G1 X113.394 Y130.304 E.64555
G1 X112.997 Y129.847 F9000
G1 F2077
G1 X150.4 Y129.847 E1.23494
G1 X150.4 Y132.414 E.08476
G1 X150.4 Y150.253 E.58899
G1 X148.394 Y150.253 E.06623
G1 X148.38 Y139.481 E.35566
G1 X148.278 Y138.595 E.02945
G1 X147.984 Y137.409 E.04034
G1 X147.632 Y136.522 E.03151
G1 X147.219 Y135.749 E.02894
G1 X146.724 Y135.026 E.02893
G1 X146.068 Y134.278 E.03285
G1 X145.503 Y133.75 E.02553
G1 X144.445 Y132.997 E.04288
G1 X143.669 Y132.589 E.02895
G1 X142.853 Y132.268 E.02895
G1 X142.007 Y132.036 E.02896
G1 X141.142 Y131.898 E.02892
G1 X140.298 Y131.853 E.02791
G1 X122.693 Y131.864 E.58127
G1 X121.405 Y132.034 E.0429
G1 X120.485 Y132.287 E.0315
G1 X119.659 Y132.622 E.02943
G1 X118.531 Y133.266 E.04289
G1 X117.824 Y133.81 E.02945
G1 X117.392 Y134.242 E.02017
G1 X116.909 Y134.732 E.02272
G1 X116.374 Y135.445 E.02943
G1 X115.739 Y136.579 E.04291
G1 X115.418 Y137.394 E.02892
G1 X115.186 Y138.24 E.02896
G1 X115.048 Y139.106 E.02895
G1 X115.003 Y139.949 E.02787
G1 X115.003 Y150.253 E.34021
G1 X112.997 Y150.253 E.06623
G1 X112.997 Y129.907 E.67177
G1 X112.61 Y129.46 F9000
;TYPE:External perimeter
;WIDTH:0.419999
G1 F1500
G1 X150.787 Y129.46 E1.19701
G1 X150.787 Y132.414 E.09262
G1 X150.787 Y150.64 E.57146
G1 X148.007 Y150.64 E.08716
G1 X147.995 Y139.522 E.3486
G1 X147.903 Y138.688 E.02631
G1 X147.608 Y137.503 E.03829
G1 X147.29 Y136.703 E.02699
G1 X146.898 Y135.966 E.02617
G1 X146.429 Y135.276 E.02616
G1 X145.801 Y134.559 E.02988
G1 X145.277 Y134.064 E.0226
G1 X144.263 Y133.339 E.03908
G1 X143.525 Y132.949 E.02617
G1 X142.75 Y132.641 E.02615
G1 X141.944 Y132.418 E.02622
G1 X141.121 Y132.284 E.02614
G1 X140.298 Y132.24 E.02584
G1 X122.693 Y132.251 E.55199
G1 X121.458 Y132.418 E.03907
G1 X120.629 Y132.647 E.02697
G1 X119.849 Y132.959 E.02634
G1 X118.765 Y133.574 E.03908
G1 X118.098 Y134.084 E.02633
G1 X117.666 Y134.516 E.01916
G1 X117.217 Y134.967 E.01995
G1 X116.711 Y135.636 E.0263
G1 X116.099 Y136.722 E.03909
G1 X115.791 Y137.498 E.02618
G1 X115.568 Y138.303 E.02619
G1 X115.434 Y139.127 E.02618
G1 X115.39 Y139.949 E.02581
G1 X115.39 Y150.64 E.33521
G1 X112.61 Y150.64 E.08716
G1 X112.61 Y129.52 E.6622
G1 E-3.5 F3600
;WIPE_START
G1 F7200
G1 X112.61 Y129.46 E-.0285
G1 X115.708 Y129.46 E-1.4715
;WIPE_END
G1 X114.097 Y133.308 F9000
G1 E5 F2400
;TYPE:Internal infill
;WIDTH:0.44
G1 F2077
G1 X114.097 Y130.947 E.07795
G1 X116.628 Y133.457 E.11769
G1 X117.084 Y132.998 E.02136
G1 X118.084 Y132.26 E.04104
G1 X119.264 Y131.6 E.04464
G1 X118.611 Y130.947 E.03049
G1 X117.832 Y130.947 E.02572
G1 X114.097 Y134.682 E.1744
G1 X114.097 Y135.418 E.0243
G1 X114.763 Y136.084 E.0311
G1 X114.387 Y137.018 E.03324
G1 X114.209 Y137.645 E.02152
G1 X114.547 Y137.904 E.01406
G1 X114.365 Y138.906 E.03362
G1 X113.7 Y139.571 E.03105
G1 X113.7 Y139.513 E.00192
G1 X114.3 Y140.114 E.02804
G1 X114.3 Y143.464 E.11061
G1 X113.7 Y144.064 E.02802
G1 X113.7 Y144.006 E.00192
G1 X114.3 Y144.606 E.02802
G1 X114.3 Y147.956 E.11061
G1 X113.7 Y148.556 E.02802
G1 X113.7 Y148.498 E.00192
G1 X114.3 Y149.099 E.02804
G1 X114.3 Y149.55 E.01489
G1 X113.7 Y149.55 E.01981
G1 X113.7 Y148.755 E.02625
G1 E-3.5 F3600
;WIPE_START
G1 F7200
G1 X113.7 Y149.55 E-.37763
G1 X114.3 Y149.55 E-.285
G1 X114.3 Y149.099 E-.21423
G1 X113.7 Y148.498 E-.40339
G1 X113.7 Y148.556 E-.02755
G1 X113.986 Y148.27 E-.1922
;WIPE_END
G1 X113.7 Y138.012 F9000
G1 E5 F2400
;TYPE:Solid infill
;WIDTH:0.44003
G1 F2077
G1 X113.7 Y130.748 E.23986
;WIDTH:0.474095
G1 X113.717 Y130.666 E.003
;WIDTH:0.508162
G1 X113.734 Y130.584 E.00324
G1 X113.816 Y130.567 E.00324
;WIDTH:0.474095
G1 X113.898 Y130.55 E.003
;WIDTH:0.440028
G1 X121.118 Y130.55 E.2384
G1 X122.062 Y130.55 F9000
;TYPE:Internal infill
;WIDTH:0.44
G1 F2077
G1 X121.571 Y130.55 E.01621
G1 X121.109 Y131.387 E.03157
G1 X122.032 Y131.24 E.03086
G1 X122.706 Y130.55 E.03185
G1 X123.327 Y131.171 E.029
G1 X126.597 Y131.167 E.10797
G1 X127.199 Y130.55 E.02846
G1 X127.814 Y131.165 E.02872
G1 X131.095 Y131.161 E.10833
G1 X131.691 Y130.55 E.02818
G1 X132.301 Y131.16 E.02848
G1 X135.593 Y131.156 E.10869
G1 X136.183 Y130.55 E.02793
G1 X136.788 Y131.154 E.02823
G1 X140.091 Y131.15 E.10906
G1 X140.691 Y130.55 E.02802
G1 X141.341 Y131.215 E.0307
G1 X142.134 Y131.351 E.02656
G1 X142.466 Y131.019 E.0155
G1 X143.169 Y131.214 E.02409
G1 X144.135 Y131.598 E.03432
G1 X144.787 Y130.947 E.03042
G1 X145.565 Y130.947 E.02569
G1 X149.3 Y134.682 E.1744
G1 X149.3 Y135.418 E.0243
G1 X148.637 Y136.082 E.03098
G1 X149.043 Y137.112 E.03655
G1 X149.171 Y137.628 E.01755
G1 X148.844 Y137.955 E.01527
G1 X149.017 Y138.891 E.03143
G1 X149.697 Y139.571 E.03175
G1 X149.697 Y139.513 E.00192
G1 X149.081 Y140.13 E.02879
G1 X149.086 Y143.452 E.10968
G1 X149.697 Y144.064 E.02855
G1 X149.697 Y144.006 E.00192
G1 X149.088 Y144.615 E.02844
G1 X149.093 Y147.952 E.11018
G1 X149.697 Y148.556 E.0282
G1 X149.697 Y148.498 E.00192
G1 X149.095 Y149.101 E.02813
G1 X149.096 Y149.55 E.01482
G1 X149.697 Y149.55 E.01984
G1 X149.697 Y148.755 E.02625
G1 E-3.5 F3600
;WIPE_START
G1 F7200
G1 X149.697 Y149.55 E-.37763
G1 X149.096 Y149.55 E-.28547
G1 X149.095 Y149.101 E-.21328
G1 X149.697 Y148.498 E-.40473
G1 X149.697 Y148.556 E-.02755
G1 X149.412 Y148.271 E-.19134
;WIPE_END
G1 X149.697 Y136.54 F9000
G1 E5 F2400
;TYPE:Solid infill
;WIDTH:0.440028
G1 F2077
G1 X149.697 Y130.748 E.19125
;WIDTH:0.474096
G1 X149.68 Y130.666 E.003
;WIDTH:0.508164
G1 X149.663 Y130.584 E.00324
G1 X149.581 Y130.567 E.00324
;WIDTH:0.474097
G1 X149.499 Y130.55 E.003
;WIDTH:0.440032
G1 X143.496 Y130.55 E.19822
G1 X142.583 Y131.463 F9000
;WIDTH:0.440038
G1 F2077
G1 X143.057 Y131.596 E.01626
G1 X144.023 Y131.981 E.03434
G1 X144.904 Y132.457 E.03307
G1 X145.908 Y133.176 E.04078
G1 X146.72 Y133.937 E.03675
G1 X147.334 Y134.668 E.03152
G1 X147.864 Y135.46 E.03147
G1 X148.26 Y136.209 E.02798
G1 X148.648 Y137.191 E.03487
;WIDTH:0.441824
G1 X148.731 Y137.505 E.01077
G1 E-3.5 F3600
;WIPE_START
G1 F7200
G1 X148.648 Y137.191 E-.15427
G1 X148.26 Y136.209 E-.50154
G1 X147.864 Y135.46 E-.40244
G1 X147.346 Y134.687 E-.44175
;WIPE_END
G1 X149.3 Y133.308 F9000
G1 E5 F2400
;TYPE:Internal infill
;WIDTH:0.44
G1 F2077
G1 X149.3 Y130.947 E.07795
G1 X146.779 Y133.447 E.11723
G1 X146.171 Y132.876 E.02754
G1 X144.896 Y132 E.05108
G1 E-3.5 F3600
;WIPE_START
G1 F7200
G1 X146.171 Y132.876 E-.73479
G1 X146.779 Y133.447 E-.39619
G1 X147.331 Y132.9 E-.36902
;WIPE_END
G1 X114.673 Y137.468 F9000
G1 E5 F2400
;TYPE:Solid infill
;WIDTH:0.438396
G1 F2077
G1 X114.791 Y137.07 E.01365
;WIDTH:0.439506
G1 X115.168 Y136.16 E.03248
;WIDTH:0.42932
G1 X115.764 Y135.107 E.03888
;WIDTH:0.439912
G1 X116.409 Y134.245 E.03554
G1 X117.326 Y133.314 E.04314
G1 X118.3 Y132.594 E.03998
G1 X119.153 Y132.103 E.03249
;WIDTH:0.440038
G1 X119.812 Y131.804 E.0239
G1 X120.291 Y131.616 E.01699
G1 X120.65 Y131.513 E.01233
;LAYER_CHANGE
;Z:7.6
;HEIGHT:0.2
;BEFORE_LAYER_CHANGE
G92 E0
;7.6


G1 E-3.5 F3600
;WIPE_START
G1 F7200
G1 X120.291 Y131.616 E-.1774
G1 X119.812 Y131.804 E-.24442
G1 X119.153 Y132.103 E-.34374
G1 X118.3 Y132.594 E-.4675
G1 X117.848 Y132.928 E-.26694
;WIPE_END
G1 Z7.6 F9000
;AFTER_LAYER_CHANGE
;7.6
G1 X113.394 Y130.244
G1 E5 F2400
;TYPE:Perimeter
;WIDTH:0.439999
G1 X150.003 Y130.244 E1.20873
G1 X150.003 Y132.414 E.07165
G1 X150.003 Y149.856 E.57589
G1 X148.79 Y149.856 E.04005
G1 X148.775 Y139.438 E.34397
G1 X148.664 Y138.499 E.03122
G1 X148.369 Y137.314 E.04032
G1 X147.983 Y136.336 E.03471
G1 X147.547 Y135.526 E.03037
G1 X147.026 Y134.768 E.03037
G1 X146.341 Y133.99 E.03423
G1 X145.734 Y133.428 E.02731
G1 X144.743 Y132.715 E.04031
G1 X143.816 Y132.22 E.0347
G1 X142.956 Y131.884 E.03049
G1 X142.027 Y131.636 E.03175
G1 X141.163 Y131.501 E.02887
G1 X140.298 Y131.456 E.0286
G1 X122.693 Y131.467 E.58127
G1 X121.352 Y131.641 E.04465
G1 X120.335 Y131.92 E.03482
G1 X119.446 Y132.284 E.03172
G1 X118.655 Y132.715 E.02974
G1 X117.543 Y133.529 E.0455
G1 X116.593 Y134.492 E.04466
G1 X116.028 Y135.25 E.03121
G1 X115.427 Y136.313 E.04032
G1 X115.035 Y137.288 E.0347
G1 X114.795 Y138.176 E.03037
G1 X114.651 Y139.084 E.03035
G1 X114.606 Y139.949 E.0286
G1 X114.606 Y149.856 E.3271
G1 X113.394 Y149.856 E.04002
G1 X113.394 Y130.304 E.64555
G1 X112.997 Y129.847 F9000
G1 F2400
G1 X150.4 Y129.847 E1.23494
G1 X150.4 Y132.414 E.08476
G1 X150.4 Y150.253 E.58899
G1 X148.394 Y150.253 E.06623
G1 X148.38 Y139.481 E.35566
G1 X148.278 Y138.595 E.02945
G1 X147.984 Y137.409 E.04034
G1 X147.632 Y136.522 E.03151
G1 X147.219 Y135.749 E.02894
G1 X146.724 Y135.026 E.02893
G1 X146.068 Y134.278 E.03285
G1 X145.503 Y133.75 E.02553
G1 X144.445 Y132.997 E.04288
G1 X143.669 Y132.589 E.02895
G1 X142.851 Y132.267 E.02903
G1 X141.963 Y132.028 E.03036
G1 X141.142 Y131.898 E.02744
G1 X140.298 Y131.853 E.02791
G1 X122.693 Y131.864 E.58127
G1 X121.405 Y132.034 E.0429
G1 X120.483 Y132.288 E.03158
G1 X119.632 Y132.635 E.03034
G1 X118.887 Y133.037 E.02795
G1 X117.824 Y133.81 E.0434
G1 X116.909 Y134.732 E.04289
G1 X116.374 Y135.445 E.02943
G1 X115.739 Y136.579 E.04291
G1 X115.418 Y137.394 E.02892
G1 X115.186 Y138.24 E.02896
G1 X115.048 Y139.106 E.02895
G1 X115.003 Y139.949 E.02787
G1 X115.003 Y150.253 E.34021
G1 X112.997 Y150.253 E.06623
G1 X112.997 Y129.907 E.67177
G1 X112.61 Y129.46 F9000
;TYPE:External perimeter
;WIDTH:0.419999
G1 F1500
G1 X150.787 Y129.46 E1.19701
G1 X150.787 Y132.414 E.09262
G1 X150.787 Y150.64 E.57146
G1 X148.007 Y150.64 E.08716
G1 X147.995 Y139.522 E.3486
G1 X147.903 Y138.688 E.02631
G1 X147.608 Y137.503 E.03829
G1 X147.29 Y136.703 E.02699
G1 X146.898 Y135.966 E.02617
G1 X146.429 Y135.276 E.02616
G1 X145.801 Y134.559 E.02988
G1 X145.277 Y134.064 E.0226
G1 X144.263 Y133.339 E.03908
G1 X143.525 Y132.949 E.02617
G1 X142.749 Y132.64 E.02619
G1 X141.901 Y132.41 E.02755
G1 X141.121 Y132.284 E.02477
G1 X140.298 Y132.24 E.02584
G1 X122.693 Y132.251 E.55199
G1 X121.458 Y132.418 E.03907
G1 X120.628 Y132.647 E.027
G1 X119.814 Y132.977 E.02754
G1 X119.113 Y133.352 E.02493
G1 X118.098 Y134.084 E.03924
G1 X117.217 Y134.967 E.03911
G1 X116.711 Y135.636 E.0263
G1 X116.099 Y136.722 E.03909
G1 X115.791 Y137.498 E.02618
G1 X115.568 Y138.303 E.02619
G1 X115.434 Y139.127 E.02618
G1 X115.39 Y139.949 E.02581
G1 X115.39 Y150.64 E.33521
G1 X112.61 Y150.64 E.08716
G1 X112.61 Y129.52 E.6622
G1 E-3.5 F3600
;WIPE_START
G1 F7200
G1 X112.61 Y129.46 E-.0285
G1 X115.708 Y129.46 E-1.4715
;WIPE_END
G1 X114.447 Y137.933 F9000
G1 E5 F2400
;TYPE:Solid infill
;WIDTH:0.589239
G1 X114.475 Y137.948 E.00144
G1 X114.294 Y138.941 E.04585
;WIDTH:0.571599
G1 X114.251 Y139.889 E.04172
;WIDTH:0.542421
G1 X114.249 Y149.25 E.3888
;WIDTH:0.541595
G1 X114.249 Y149.499 E.01032
G1 X113.751 Y149.499 E.02065
G1 X113.751 Y149.25 E.01032
;WIDTH:0.542421
G1 X113.751 Y139.889 E.3888
;WIDTH:0.542894
G1 X113.751 Y139.858 E.00129
;WIDTH:0.589239
G1 X113.775 Y138.605 E.05693
G1 X114.306 Y138.073 E.03415
G1 X113.523 Y138.153 F9000
M204 S250
;TYPE:Bridge infill
;WIDTH:0.392568
;HEIGHT:0.389872
G1 F1500
G1 X115.24 Y136.436 E.12219
M204 S500
G1 E-3.5 F3600
;WIPE_START
G1 F7200
G1 X113.523 Y138.153 E-1.1534
;WIPE_END
G1 E-.3466 F3600
G1 X119.597 Y132.079 F9000
G1 E5 F2400
M204 S250
G1 F1500
G1 X121.053 Y130.623 E.10362
G1 X121.082 Y130.571 E.003
G1 X120.479 Y130.571 E.03034
G1 X118.762 Y132.288 E.12219
G1 X118.471 Y132.444 E.01662
G1 X117.468 Y133.165 E.06216
G1 X117.315 Y133.295 E.0101
G1 X116.337 Y134.288 E.07014
G1 X115.747 Y135.082 E.04978
G1 X115.46 Y135.591 E.0294
G1 X113.721 Y137.329 E.12372
G1 X113.721 Y136.703 E.0315
G1 X119.853 Y130.571 E.43639
G1 X119.227 Y130.571 E.0315
G1 X113.721 Y136.077 E.39184
G1 X113.721 Y135.451 E.0315
G1 X118.601 Y130.571 E.34729
G1 X117.976 Y130.571 E.03145
G1 X113.721 Y134.825 E.30277
G1 X113.721 Y134.2 E.03145
G1 X117.35 Y130.571 E.25826
G1 X116.724 Y130.571 E.0315
G1 X113.721 Y133.574 E.21371
G1 X113.721 Y132.948 E.0315
G1 X116.098 Y130.571 E.16916
G1 X115.472 Y130.571 E.0315
G1 X113.721 Y132.322 E.12461
G1 X113.721 Y131.696 E.0315
G1 X114.846 Y130.571 E.08006
G1 X114.22 Y130.571 E.0315
G1 X113.523 Y131.268 E.0496
M204 S500
G1 E-3.5 F3600
;WIPE_START
G1 F7200
G1 X114.22 Y130.571 E-.46821
G1 X114.846 Y130.571 E-.29735
G1 X113.753 Y131.664 E-.73444
;WIPE_END
G1 X140.294 Y130.601 F9000
G1 E5 F2400
;TYPE:Solid infill
;WIDTH:0.541997
;HEIGHT:0.2
G1 X140.324 Y130.601 E.00124
;WIDTH:0.574883
G1 X141.379 Y130.617 E.04667
G1 X141.553 Y130.595 E.00776
;WIDTH:0.529922
G1 X141.727 Y130.572 E.00711
;WIDTH:0.484961
G1 X141.901 Y130.55 E.00645
;WIDTH:0.439999
G1 X142.935 Y130.55 E.03414
G1 X142.132 Y131.353 E.03749
G1 X141.934 Y131.318 E.00664
;WIDTH:0.488527
G1 X141.775 Y131.266 E.0062
;WIDTH:0.537054
G1 X141.615 Y131.214 E.00691
;WIDTH:0.585581
G1 X141.456 Y131.161 E.00756
G1 X141.303 Y131.144 E.00695
;WIDTH:0.571391
G1 X140.294 Y131.099 E.04438
;WIDTH:0.547061
G1 X122.698 Y131.108 E.73762
;WIDTH:0.549148
G1 X122.666 Y131.109 E.00135
;WIDTH:0.576437
G1 X122.244 Y131.149 E.0188
;WIDTH:0.603725
G1 X121.272 Y131.261 E.04563
G1 X121.62 Y130.632 E.03352
G1 X122.242 Y130.618 E.02901
;WIDTH:0.575393
G1 X122.698 Y130.603 E.0202
;WIDTH:0.547061
G1 X140.096 Y130.601 E.72932
G1 E-3.5 F3600
;WIPE_START
G1 F7200
G1 X136.938 Y130.601 E-1.5
;WIPE_END
G1 X149.874 Y136.325 F9000
G1 E5 F2400
M204 S250
;TYPE:Bridge infill
;WIDTH:0.400869
;HEIGHT:0.389872
G1 F1500
G1 X148.742 Y137.457 E.084
G1 X148.684 Y137.226 E.0125
G1 X148.586 Y136.976 E.01409
G1 X149.676 Y135.886 E.08089
G1 X149.676 Y135.248 E.03348
G1 X148.405 Y136.519 E.09432
G1 X148.214 Y136.073 E.02546
G1 X149.676 Y134.61 E.10853
G1 X149.676 Y133.973 E.03342
G1 X147.993 Y135.656 E.12489
G1 X147.754 Y135.257 E.02441
G1 X149.676 Y133.335 E.14263
G1 X149.676 Y132.697 E.03348
G1 X147.499 Y134.875 E.16159
G1 X147.228 Y134.508 E.02394
G1 X149.676 Y132.06 E.18166
G1 X149.676 Y131.422 E.03348
G1 X146.937 Y134.161 E.20325
G1 X146.634 Y133.827 E.02366
G1 X149.676 Y130.785 E.22574
G1 X149.676 Y130.571 E.01123
G1 X149.252 Y130.571 E.02225
G1 X146.305 Y133.518 E.21869
G1 X145.977 Y133.209 E.02365
G1 X148.614 Y130.571 E.19572
G1 X147.976 Y130.571 E.03348
G1 X145.611 Y132.936 E.1755
G1 X145.24 Y132.67 E.02395
G1 X147.339 Y130.571 E.15576
G1 X146.701 Y130.571 E.03348
G1 X144.863 Y132.41 E.13643
G1 X144.45 Y132.185 E.02468
G1 X146.063 Y130.571 E.11973
G1 X145.426 Y130.571 E.03342
G1 X144.035 Y131.963 E.10326
G1 X143.578 Y131.781 E.02581
G1 X144.788 Y130.571 E.08979
G1 X144.151 Y130.571 E.03342
G1 X143.122 Y131.6 E.07636
G1 X142.629 Y131.456 E.02695
G1 X143.711 Y130.373 E.08033
M204 S500
G1 E-3.5 F3600
;WIPE_START
G1 F7200
G1 X142.629 Y131.456 E-.72717
G1 X143.122 Y131.6 E-.24396
G1 X143.909 Y130.813 E-.52887
;WIPE_END
G1 X149.697 Y137.101 F9000
G1 E5 F2400
;TYPE:Solid infill
;WIDTH:0.439999
;HEIGHT:0.2
G1 X149.697 Y138.329 E.04055
;WIDTH:0.489331
G1 X149.673 Y138.474 E.00546
;WIDTH:0.538663
G1 X149.648 Y138.619 E.00607
;WIDTH:0.587995
G1 X149.623 Y138.764 E.00667
G1 X149.642 Y139.421 E.02979
;WIDTH:0.550493
G1 X149.646 Y149.249 E.41479
;WIDTH:0.542473
G1 X149.646 Y149.499 E.01038
G1 X149.147 Y149.499 E.02073
G1 X149.147 Y149.249 E.01038
;WIDTH:0.550493
G1 X149.135 Y139.421 E.41479
;WIDTH:0.552303
G1 X149.134 Y139.391 E.00127
;WIDTH:0.587995
G1 X149.08 Y138.796 E.02708
G1 X149.044 Y138.678 E.00559
;WIDTH:0.543694
G1 X149.007 Y138.561 E.00511
;WIDTH:0.499392
G1 X148.971 Y138.443 E.00468
;WIDTH:0.45509
G1 X148.852 Y137.947 E.01748
;WIDTH:0.439999
G1 X149.557 Y137.242 E.03292
G1 X149.292 Y138.08 F9000
;WIDTH:0.456332
G1 F2400
G1 X149.309 Y138.222 E.00492
;WIDTH:0.421959
G1 X149.326 Y138.364 E.00451
;LAYER_CHANGE
;Z:7.8
;HEIGHT:0.2
;BEFORE_LAYER_CHANGE
G92 E0
;7.8


G1 E-3.5 F3600
;WIPE_START
G1 F7200
G1 X149.309 Y138.222 E-.06793
G1 X149.292 Y138.08 E-.06793
;WIPE_END
G1 E-1.36414 F3600
G1 Z7.8 F9000
;AFTER_LAYER_CHANGE
;7.8
G1 X150.003 Y130.244
G1 E5 F2400
;TYPE:Perimeter
;WIDTH:0.439999
G1 X150.003 Y132.414 E.07165
G1 X150.003 Y149.856 E.57589
G1 X148.79 Y149.856 E.04005
G1 X148.775 Y139.438 E.34397
G1 X148.664 Y138.499 E.03122
G1 X148.369 Y137.314 E.04032
G1 X147.983 Y136.336 E.03471
G1 X147.547 Y135.526 E.03037
G1 X147.026 Y134.768 E.03037
G1 X146.341 Y133.99 E.03423
G1 X145.734 Y133.428 E.02731
G1 X144.743 Y132.715 E.04031
G1 X143.816 Y132.22 E.0347
G1 X142.959 Y131.885 E.03038
G1 X142.071 Y131.644 E.03038
G1 X141.163 Y131.501 E.03035
G1 X140.298 Y131.456 E.0286
G1 X122.693 Y131.467 E.58127
G1 X121.352 Y131.641 E.04465
G1 X120.335 Y131.92 E.03482
G1 X119.455 Y132.28 E.03139
G1 X118.655 Y132.715 E.03007
G1 X117.543 Y133.529 E.0455
G1 X116.593 Y134.492 E.04466
G1 X116.028 Y135.25 E.03121
G1 X115.427 Y136.313 E.04032
G1 X115.035 Y137.288 E.0347
G1 X114.795 Y138.176 E.03037
G1 X114.651 Y139.084 E.03035
G1 X114.606 Y139.949 E.0286
G1 X114.606 Y149.856 E.3271
G1 X113.394 Y149.856 E.04002
G1 X113.394 Y130.244 E.64753
G1 X149.943 Y130.244 E1.20675
G1 X150.4 Y129.847 F9000
G1 F2400
G1 X150.4 Y132.414 E.08476
G1 X150.4 Y150.253 E.58899
G1 X148.394 Y150.253 E.06623
G1 X148.38 Y139.481 E.35566
G1 X148.278 Y138.595 E.02945
G1 X147.984 Y137.409 E.04034
G1 X147.632 Y136.522 E.03151
G1 X147.219 Y135.749 E.02894
G1 X146.724 Y135.026 E.02893
G1 X146.068 Y134.278 E.03285
G1 X145.503 Y133.75 E.02553
G1 X144.445 Y132.997 E.04288
G1 X143.669 Y132.589 E.02895
G1 X142.853 Y132.268 E.02895
G1 X142.007 Y132.036 E.02896
G1 X141.142 Y131.898 E.02892
G1 X140.298 Y131.853 E.02791
G1 X122.693 Y131.864 E.58127
G1 X121.405 Y132.034 E.0429
G1 X120.484 Y132.288 E.03154
G1 X119.641 Y132.63 E.03004
G1 X118.887 Y133.037 E.02829
G1 X117.824 Y133.81 E.0434
G1 X116.909 Y134.732 E.04289
G1 X116.374 Y135.445 E.02943
G1 X115.739 Y136.579 E.04291
G1 X115.418 Y137.394 E.02892
G1 X115.186 Y138.24 E.02896
G1 X115.048 Y139.106 E.02895
G1 X115.003 Y139.949 E.02787
G1 X115.003 Y150.253 E.34021
G1 X112.997 Y150.253 E.06623
G1 X112.997 Y129.847 E.67375
G1 X150.34 Y129.847 E1.23296
G1 X150.787 Y129.46 F9000
;TYPE:External perimeter
;WIDTH:0.419999
G1 F1500
G1 X150.787 Y132.414 E.09262
G1 X150.787 Y150.64 E.57146
G1 X148.007 Y150.64 E.08716
G1 X147.995 Y139.522 E.3486
G1 X147.903 Y138.688 E.02631
G1 X147.608 Y137.503 E.03829
G1 X147.29 Y136.703 E.02699
G1 X146.898 Y135.966 E.02617
G1 X146.429 Y135.276 E.02616
G1 X145.801 Y134.559 E.02988
G1 X145.277 Y134.064 E.0226
G1 X144.263 Y133.339 E.03908
G1 X143.525 Y132.949 E.02617
G1 X142.75 Y132.641 E.02615
G1 X141.944 Y132.418 E.02622
G1 X141.121 Y132.284 E.02614
G1 X140.298 Y132.24 E.02584
G1 X122.693 Y132.251 E.55199
G1 X121.458 Y132.418 E.03907
G1 X120.628 Y132.647 E.027
G1 X119.823 Y132.972 E.02722
G1 X119.113 Y133.352 E.02525
G1 X118.098 Y134.084 E.03924
G1 X117.217 Y134.967 E.03911
G1 X116.711 Y135.636 E.0263
G1 X116.099 Y136.722 E.03909
G1 X115.791 Y137.498 E.02618
G1 X115.568 Y138.303 E.02619
G1 X115.434 Y139.127 E.02618
G1 X115.39 Y139.949 E.02581
G1 X115.39 Y150.64 E.33521
G1 X112.61 Y150.64 E.08716
G1 X112.61 Y129.46 E.66408
G1 X150.727 Y129.46 E1.19513
G1 E-3.5 F3600
;WIPE_START
G1 F7200
G1 X150.787 Y129.46 E-.0285
G1 X150.787 Y132.414 E-1.40315
G1 X150.787 Y132.558 E-.06835
;WIPE_END
G1 X113.751 Y140.087 F9000
G1 E5 F2400
;TYPE:Solid infill
;WIDTH:0.542393
G1 X113.751 Y149.25 E.38055
;WIDTH:0.541586
G1 X113.751 Y149.499 E.01032
G1 X114.249 Y149.499 E.02065
G1 X114.249 Y149.25 E.01032
;WIDTH:0.54241
G1 X114.251 Y139.889 E.38879
;WIDTH:0.571587
G1 X114.294 Y138.941 E.04172
;WIDTH:0.586038
G1 X114.312 Y138.775 E.00754
G1 X114.358 Y138.648 E.0061
;WIDTH:0.537359
G1 X114.404 Y138.52 E.00559
;WIDTH:0.488679
G1 X114.449 Y138.393 E.00499
;WIDTH:0.439999
G1 X114.739 Y137.212 E.04015
G1 X115.152 Y136.181 E.03667
G1 X115.759 Y135.104 E.04082
G1 X116.345 Y134.313 E.0325
G1 X116.469 Y134.185 E.00588
G1 X113.7 Y131.416 E.12929
G1 X113.7 Y138.332 E.22835
;WIDTH:0.484863
G1 X113.722 Y138.512 E.00666
;WIDTH:0.529727
G1 X113.745 Y138.692 E.00735
;WIDTH:0.574591
G1 X113.767 Y138.871 E.00797
G1 X113.751 Y139.858 E.04364
;WIDTH:0.542884
G1 X113.751 Y139.889 E.00129
G1 X114.077 Y138.332 F9000
;WIDTH:0.443244
G1 F2400
G1 X114.099 Y138.066 E.00888
G1 X114.15 Y137.875 E.00658
;WIDTH:0.442594
G1 X114.355 Y137.109 E.02635
;WIDTH:0.439999
G1 X114.818 Y135.962 E.04084
G1 X115.413 Y134.909 E.03993
G1 X115.929 Y134.207 E.02877
G1 X114.097 Y132.375 E.08554
G1 X114.097 Y137.075 E.15518
;WIDTH:0.442749
G1 X114.098 Y138.006 E.03095
;WIDTH:0.443244
G1 X114.099 Y138.066 E.002
G1 E-3.5 F3600
;WIPE_START
G1 F7200
G1 X114.098 Y138.006 E-.0285
G1 X114.097 Y137.075 E-.44223
G1 X114.097 Y134.908 E-1.02927
;WIPE_END
G1 X114.494 Y135.728 F9000
G1 E5 F2400
;WIDTH:0.439999
G1 X114.494 Y133.333 E.07908
G1 X115.406 Y134.245 E.04258
G1 X115.068 Y134.714 E.01909
G1 X114.592 Y135.555 E.03191
G1 E-3.5 F3600
;WIPE_START
G1 F7200
G1 X115.068 Y134.714 E-.45902
G1 X115.406 Y134.245 E-.2746
G1 X114.494 Y133.333 E-.61264
G1 X114.494 Y133.657 E-.15374
;WIPE_END
G1 X116.747 Y133.902 F9000
G1 E5 F2400
G1 X113.7 Y130.854 E.1423
G1 X113.606 Y130.426 E.01447
;WIDTH:0.38292
G1 X113.587 Y130.497 E.00208
G1 X113.658 Y130.478 E.00208
G1 X113.647 Y130.437 E.0012
;WIDTH:0.41146
G1 X113.802 Y130.493 E.00505
;WIDTH:0.439999
G1 X113.957 Y130.55 E.00545
G1 X117.026 Y133.619 E.1433
G1 E-3.5 F3600
;WIPE_START
G1 F7200
G1 X114.793 Y131.386 E-1.5
;WIPE_END
G1 X114.659 Y130.69 F9000
G1 E5 F2400
G1 X117.31 Y133.341 E.12378
G1 X118.493 Y132.457 E.04876
G1 X119.327 Y132.003 E.03135
G1 X120.34 Y131.596 E.03605
G1 X121.247 Y131.349 E.03104
G1 X121.684 Y131.29 E.01456
;WIDTH:0.489192
G1 X121.813 Y131.249 E.00502
;WIDTH:0.538385
G1 X121.942 Y131.208 E.00558
;WIDTH:0.587578
G1 X122.071 Y131.166 E.00614
G1 X122.666 Y131.109 E.02707
;WIDTH:0.549138
G1 X122.698 Y131.108 E.00135
;WIDTH:0.547051
G1 X140.295 Y131.099 E.73764
;WIDTH:0.571528
G1 X141.305 Y131.144 E.04444
;WIDTH:0.603773
G1 X142.062 Y131.255 E.03568
G1 X141.99 Y130.984 E.01308
G1 X142.148 Y130.749 E.01321
G1 X142.17 Y130.632 E.00555
G1 X141.379 Y130.617 E.0369
;WIDTH:0.574888
G1 X140.325 Y130.601 E.04663
;WIDTH:0.54199
G1 X140.295 Y130.601 E.00124
;WIDTH:0.547051
G1 X122.698 Y130.603 E.73764
;WIDTH:0.587578
G1 X122.036 Y130.624 E.03
G1 X121.903 Y130.599 E.00613
;WIDTH:0.538385
G1 X121.77 Y130.574 E.00558
;WIDTH:0.489192
G1 X121.637 Y130.55 E.00502
;WIDTH:0.439999
G1 X114.519 Y130.55 E.23502
G1 X115.477 Y130.947 F9000
G1 F2400
G1 X120.224 Y130.947 E.15673
;WIDTH:0.446912
G1 X121.195 Y130.95 E.03262
G1 X121.142 Y130.963 E.00183
;WIDTH:0.445957
G1 X120.192 Y131.228 E.03305
;WIDTH:0.439999
G1 X119.115 Y131.665 E.03838
G1 X118.241 Y132.147 E.03295
G1 X117.331 Y132.801 E.037
G1 X115.618 Y131.087 E.08001
G1 X116.436 Y131.344 F9000
G1 F2400
G1 X118.874 Y131.344 E.0805
G1 X118.009 Y131.825 E.03268
G1 X117.373 Y132.281 E.02584
G1 X116.576 Y131.484 E.03721
G1 X117.403 Y131.7 F9000
;WIDTH:0.45823
G1 F2400
G1 X117.366 Y131.737 E.00181
G1 X117.38 Y131.787 E.00179
G1 X117.43 Y131.8 E.00178
G1 X117.467 Y131.764 E.00178
G1 X117.453 Y131.714 E.00179
G1 E-3.5 F3600
;WIPE_START
G1 F7200
G1 X117.467 Y131.764 E-.02466
G1 X117.43 Y131.8 E-.02452
G1 X117.38 Y131.787 E-.02454
G1 X117.366 Y131.737 E-.02466
G1 X117.403 Y131.7 E-.02485
;WIPE_END
G1 E-1.37677 F3600
G1 X121.195 Y130.95 F9000
G1 E5 F2400
;WIDTH:0.446912
G1 X121.416 Y130.936 E.00744
;WIDTH:0.418181
G1 X121.637 Y130.922 E.00691
G1 E-3.5 F3600
;WIPE_START
G1 F7200
G1 X121.416 Y130.936 E-.10519
G1 X121.195 Y130.95 E-.10519
;WIPE_END
G1 E-1.28962 F3600
G1 X142.542 Y131.057 F9000
G1 E5 F2400
;WIDTH:0.439999
G1 X143.097 Y131.612 E.02591
G1 X143.232 Y131.682 E.00502
;WIDTH:0.41146
G1 X143.367 Y131.753 E.00467
;WIDTH:0.38292
G1 X143.348 Y131.824 E.00208
G1 X143.419 Y131.805 E.00208
G1 X143.408 Y131.764 E.0012
G1 X144.3 Y132.151 F9000
G1 F2400
G1 X144.281 Y132.222 E.00208
G1 X144.352 Y132.203 E.00208
G1 X144.341 Y132.162 E.0012
;WIDTH:0.41146
G1 X144.186 Y132.073 E.00548
;WIDTH:0.439999
G1 X144.03 Y131.984 E.00593
G1 X142.632 Y130.586 E.06528
G1 X143.158 Y130.55 E.01741
G1 X145.467 Y132.859 E.10782
G1 X145.608 Y132.979 E.00611
;WIDTH:0.41146
G1 X145.748 Y133.098 E.00563
;WIDTH:0.38292
G1 X146.689 Y133.994 E.03673
;WIDTH:0.388756
G1 X147.214 Y134.569 E.02239
G1 E-3.5 F3600
;WIPE_START
G1 F7200
G1 X146.689 Y133.994 E-.36984
G1 X145.748 Y133.098 E-.61719
G1 X145.608 Y132.979 E-.08728
G1 X145.467 Y132.859 E-.08795
G1 X144.964 Y132.356 E-.33774
;WIPE_END
G1 X148.629 Y137.144 F9000
G1 E5 F2400
;WIDTH:0.439999
G1 X149.197 Y137.712 E.02652
G1 X149.135 Y139.421 F9000
;WIDTH:0.552294
G1 F2400
G1 X149.134 Y139.391 E.00127
;WIDTH:0.60173
G1 X149.06 Y138.567 E.03844
G1 X148.988 Y138.202 E.01729
G1 X149.156 Y138.269 E.0084
G1 X149.267 Y138.263 E.00517
G1 X149.453 Y138.132 E.01057
G1 X149.617 Y138.084 E.00794
G1 X149.629 Y138.977 E.0415
;WIDTH:0.576106
G1 X149.642 Y139.421 E.01969
;WIDTH:0.550482
G1 X149.646 Y149.249 E.41478
;WIDTH:0.542464
G1 X149.646 Y149.499 E.01038
G1 X149.147 Y149.499 E.02073
G1 X149.147 Y149.249 E.01038
;WIDTH:0.55032
G1 X149.135 Y139.62 E.40625
G1 E-3.5 F3600
;WIPE_START
G1 F7200
G1 X149.139 Y142.778 E-1.5
;WIPE_END
G1 X149.669 Y137.622 F9000
G1 E5 F2400
;WIDTH:0.439999
G1 X148.263 Y136.217 E.06563
G1 X148.175 Y136.061 E.00591
;WIDTH:0.41146
G1 X148.086 Y135.906 E.00548
;WIDTH:0.38292
G1 X148.097 Y135.947 E.0012
G1 X148.026 Y135.966 E.00208
G1 X148.045 Y135.895 E.00208
G1 X147.458 Y134.85 F9000
;WIDTH:0.439999
G1 F2400
G1 X149.697 Y137.089 E.10455
G1 X149.75 Y136.928 E.0056
;WIDTH:0.41146
G1 X149.803 Y136.768 E.00517
;WIDTH:0.38292
G1 X149.784 Y136.839 E.00208
G1 X149.855 Y136.82 E.00208
G1 X149.844 Y136.779 E.0012
;WIDTH:0.439999
G1 X149.697 Y136.528 E.0096
G1 X143.719 Y130.55 E.27913
G1 X144.281 Y130.55 E.01856
G1 X149.697 Y135.966 E.25289
G1 X149.697 Y135.405 E.01852
G1 X144.843 Y130.55 E.22667
G1 X145.404 Y130.55 E.01852
G1 X149.697 Y134.843 E.20045
G1 X149.697 Y134.282 E.01852
G1 X145.966 Y130.55 E.17424
G1 X146.527 Y130.55 E.01852
G1 X149.697 Y133.72 E.14802
G1 X149.697 Y133.159 E.01852
G1 X147.089 Y130.55 E.1218
G1 X147.65 Y130.55 E.01852
G1 X149.697 Y132.597 E.09558
G1 X149.777 Y132.653 E.00322
;WIDTH:0.41146
G1 X149.856 Y132.708 E.00295
;WIDTH:0.38292
G1 X149.837 Y132.779 E.00208
G1 X149.908 Y132.76 E.00208
G1 X149.897 Y132.719 E.0012
G1 E-3.5 F3600
;WIPE_START
G1 F7200
G1 X149.908 Y132.76 E-.02016
G1 X149.837 Y132.779 E-.03491
G1 X149.856 Y132.708 E-.03491
G1 X149.777 Y132.653 E-.04572
G1 X149.697 Y132.597 E-.04638
G1 X147.735 Y130.635 E-1.31792
;WIPE_END
G1 X148.352 Y130.69 F9000
G1 E5 F2400
;WIDTH:0.439999
G1 X149.697 Y132.035 E.0628
G1 X149.697 Y130.55 E.04903
G1 X148.212 Y130.55 E.04903
G1 X149.247 Y130.928 F9000
;WIDTH:0.51602
G1 F2400
G1 X149.205 Y130.97 E.00234
G1 X149.22 Y131.027 E.00232
G1 X149.278 Y131.042 E.00236
G1 X149.319 Y131 E.00231
G1 X149.304 Y130.943 E.00232
;LAYER_CHANGE
;Z:8
;HEIGHT:0.2
;BEFORE_LAYER_CHANGE
G92 E0
;8


G1 E-3.5 F3600
;WIPE_START
G1 F7200
G1 X149.319 Y131 E-.028
G1 X149.278 Y131.042 E-.02788
G1 X149.22 Y131.027 E-.02846
G1 X149.205 Y130.97 E-.028
G1 X149.247 Y130.928 E-.02821
;WIPE_END
G1 E-1.35945 F3600
G1 Z8 F9000
;AFTER_LAYER_CHANGE
;8
G1 X150.003 Y130.244
G1 E5 F2400
;TYPE:Perimeter
;WIDTH:0.439999
G1 X150.003 Y132.414 E.07165
G1 X150.003 Y149.856 E.57589
G1 X148.79 Y149.856 E.04005
G1 X148.775 Y139.438 E.34397
G1 X148.664 Y138.499 E.03122
G1 X148.369 Y137.314 E.04032
G1 X147.983 Y136.336 E.03471
G1 X147.547 Y135.526 E.03037
G1 X147.026 Y134.768 E.03037
G1 X146.341 Y133.99 E.03423
G1 X145.734 Y133.428 E.02731
G1 X144.743 Y132.715 E.04031
G1 X143.816 Y132.22 E.0347
G1 X142.957 Y131.884 E.03045
G1 X142.047 Y131.64 E.03111
G1 X141.163 Y131.501 E.02955
G1 X140.298 Y131.456 E.0286
G1 X122.693 Y131.467 E.58127
G1 X121.352 Y131.641 E.04465
G1 X120.338 Y131.919 E.03471
G1 X119.463 Y132.277 E.03121
G1 X118.29 Y132.95 E.04465
G1 X117.543 Y133.529 E.03121
G1 X116.593 Y134.492 E.04466
G1 X116.028 Y135.25 E.03121
G1 X115.427 Y136.313 E.04032
G1 X115.035 Y137.288 E.0347
G1 X114.795 Y138.176 E.03037
G1 X114.651 Y139.084 E.03035
G1 X114.606 Y139.949 E.0286
G1 X114.606 Y149.856 E.3271
G1 X113.394 Y149.856 E.04002
G1 X113.394 Y130.244 E.64753
G1 X149.943 Y130.244 E1.20675
G1 X150.4 Y129.847 F9000
G1 F2400
G1 X150.4 Y132.414 E.08476
G1 X150.4 Y150.253 E.58899
G1 X148.394 Y150.253 E.06623
G1 X148.38 Y139.481 E.35566
G1 X148.278 Y138.595 E.02945
G1 X147.984 Y137.409 E.04034
G1 X147.632 Y136.522 E.03151
G1 X147.219 Y135.749 E.02894
G1 X146.724 Y135.026 E.02893
G1 X146.068 Y134.278 E.03285
G1 X145.503 Y133.75 E.02553
G1 X144.445 Y132.997 E.04288
G1 X143.669 Y132.589 E.02895
G1 X142.852 Y132.267 E.02899
G1 X141.983 Y132.032 E.02972
G1 X141.142 Y131.898 E.02812
G1 X140.298 Y131.853 E.02791
G1 X122.693 Y131.864 E.58127
G1 X121.405 Y132.034 E.0429
G1 X120.485 Y132.287 E.0315
G1 X119.659 Y132.622 E.02943
G1 X118.531 Y133.266 E.04289
G1 X117.824 Y133.81 E.02945
G1 X117.392 Y134.242 E.02017
G1 X116.909 Y134.732 E.02272
G1 X116.374 Y135.445 E.02943
G1 X115.739 Y136.579 E.04291
G1 X115.418 Y137.394 E.02892
G1 X115.186 Y138.24 E.02896
G1 X115.048 Y139.106 E.02895
G1 X115.003 Y139.949 E.02787
G1 X115.003 Y150.253 E.34021
G1 X112.997 Y150.253 E.06623
G1 X112.997 Y129.847 E.67375
G1 X150.34 Y129.847 E1.23296
G1 X150.787 Y129.46 F9000
;TYPE:External perimeter
;WIDTH:0.419999
G1 F1500
G1 X150.787 Y132.414 E.09262
G1 X150.787 Y150.64 E.57146
G1 X148.007 Y150.64 E.08716
G1 X147.995 Y139.522 E.3486
G1 X147.903 Y138.688 E.02631
G1 X147.608 Y137.503 E.03829
G1 X147.29 Y136.703 E.02699
G1 X146.898 Y135.966 E.02617
G1 X146.429 Y135.276 E.02616
G1 X145.801 Y134.559 E.02988
G1 X145.277 Y134.064 E.0226
G1 X144.263 Y133.339 E.03908
G1 X143.525 Y132.949 E.02617
G1 X142.749 Y132.641 E.02618
G1 X141.921 Y132.414 E.02692
G1 X141.121 Y132.284 E.02541
G1 X140.298 Y132.24 E.02584
G1 X122.693 Y132.251 E.55199
G1 X121.458 Y132.418 E.03907
G1 X120.629 Y132.647 E.02697
G1 X119.849 Y132.959 E.02634
G1 X118.765 Y133.574 E.03908
G1 X118.098 Y134.084 E.02633
G1 X117.666 Y134.516 E.01916
G1 X117.217 Y134.967 E.01995
G1 X116.711 Y135.636 E.0263
G1 X116.099 Y136.722 E.03909
G1 X115.791 Y137.498 E.02618
G1 X115.568 Y138.303 E.02619
G1 X115.434 Y139.127 E.02618
G1 X115.39 Y139.949 E.02581
G1 X115.39 Y150.64 E.33521
G1 X112.61 Y150.64 E.08716
G1 X112.61 Y129.46 E.66408
G1 X150.727 Y129.46 E1.19513
G1 E-3.5 F3600
;WIPE_START
G1 F7200
G1 X150.787 Y129.46 E-.0285
G1 X150.787 Y132.414 E-1.40315
G1 X150.787 Y132.558 E-.06835
;WIPE_END
G1 X140.096 Y130.601 F9000
G1 E5 F2400
;TYPE:Solid infill
;WIDTH:0.552407
G1 X122.541 Y130.606 E.7437
;WIDTH:0.581248
G1 X122.1 Y130.621 E.01975
;WIDTH:0.610088
G1 X121.227 Y130.635 E.04118
G1 X121.294 Y130.702 E.00447
G1 X121.377 Y130.91 E.01056
G1 X121.294 Y131.103 E.00991
G1 X121.093 Y131.304 E.01341
G1 X121.698 Y131.199 E.02896
G1 X122.103 Y131.158 E.0192
;WIDTH:0.58243
G1 X122.507 Y131.117 E.01822
;WIDTH:0.554771
G1 X122.541 Y131.116 E.00145
;WIDTH:0.552407
G1 X140.295 Y131.099 E.75213
;WIDTH:0.571449
G1 X141.304 Y131.144 E.04439
;WIDTH:0.585745
G1 X141.462 Y131.162 E.00718
G1 X141.589 Y131.208 E.0061
;WIDTH:0.537163
G1 X141.716 Y131.254 E.00555
;WIDTH:0.488581
G1 X141.843 Y131.301 E.00502
;WIDTH:0.439999
G1 X142.234 Y131.368 E.0131
G1 X143.034 Y131.588 E.02739
G1 X144.039 Y131.987 E.0357
G1 X144.905 Y132.457 E.03253
G1 X145.985 Y133.246 E.04416
G1 X148.681 Y130.55 E.12589
G1 X141.906 Y130.55 E.22369
;WIDTH:0.484924
G1 X141.73 Y130.572 E.00652
;WIDTH:0.529849
G1 X141.554 Y130.595 E.00719
;WIDTH:0.574774
G1 X141.378 Y130.617 E.00784
G1 X140.325 Y130.601 E.04657
;WIDTH:0.541991
G1 X140.295 Y130.601 E.00124
G1 X141.906 Y130.928 F9000
;WIDTH:0.433851
G1 F2400
G1 X142.095 Y130.944 E.00617
;WIDTH:0.465788
G1 X142.283 Y130.96 E.00663
G1 X142.474 Y131.015 E.00699
;WIDTH:0.460036
G1 X143.139 Y131.205 E.02399
;WIDTH:0.439999
G1 X144.186 Y131.618 E.03716
G1 X145.095 Y132.108 E.0341
G1 X145.951 Y132.718 E.0347
G1 X147.722 Y130.947 E.08269
G1 X143.174 Y130.947 E.15016
;WIDTH:0.461839
G1 X142.344 Y130.958 E.02891
;WIDTH:0.465788
G1 X142.283 Y130.96 E.00215
G1 E-3.5 F3600
;WIPE_START
G1 F7200
G1 X142.344 Y130.958 E-.02899
G1 X143.174 Y130.947 E-.39428
G1 X145.441 Y130.947 E-1.07673
;WIPE_END
G1 X144.521 Y131.344 F9000
G1 E5 F2400
;WIDTH:0.439999
G1 X146.763 Y131.344 E.07402
G1 X145.909 Y132.199 E.0399
G1 X145.284 Y131.76 E.02522
G1 X144.696 Y131.439 E.02212
G1 E-3.5 F3600
;WIPE_START
G1 F7200
G1 X145.284 Y131.76 E-.31821
G1 X145.909 Y132.199 E-.36279
G1 X146.763 Y131.344 E-.57401
G1 X146.247 Y131.344 E-.24499
;WIPE_END
G1 X146.274 Y133.518 F9000
G1 E5 F2400
G1 X149.242 Y130.55 E.13859
G1 X149.858 Y130.419 E.02079
;WIDTH:0.38292
G1 X149.787 Y130.4 E.00208
G1 X149.806 Y130.471 E.00208
G1 X149.847 Y130.46 E.0012
;WIDTH:0.41146
G1 X149.772 Y130.558 E.00378
;WIDTH:0.439999
G1 X149.697 Y130.656 E.00407
G1 X146.564 Y133.79 E.14631
G1 X146.839 Y134.077 E.01312
G1 X149.697 Y131.218 E.13347
G1 X149.697 Y131.779 E.01852
G1 X147.094 Y134.382 E.12154
G1 X147.349 Y134.689 E.01318
G1 X149.697 Y132.341 E.10964
G1 X149.797 Y132.28 E.00387
;WIDTH:0.41146
G1 X149.897 Y132.219 E.00359
;WIDTH:0.38292
G1 X149.856 Y132.23 E.0012
G1 X149.837 Y132.159 E.00208
G1 X149.908 Y132.178 E.00208
;WIDTH:0.439999
G1 X149.697 Y132.903 E.02493
G1 X149.697 Y137.12 E.13923
;WIDTH:0.478672
G1 X149.678 Y137.422 E.01096
;WIDTH:0.517344
G1 X149.659 Y137.724 E.01194
;WIDTH:0.556016
G1 X149.639 Y138.027 E.01296
;WIDTH:0.594688
G1 X149.62 Y138.329 E.01388
;WIDTH:0.609719
G1 X149.627 Y138.91 E.02738
;WIDTH:0.580101
G1 X149.642 Y139.421 E.02283
;WIDTH:0.550483
G1 X149.646 Y149.249 E.41478
;WIDTH:0.542464
G1 X149.646 Y149.499 E.01038
G1 X149.147 Y149.499 E.02073
G1 X149.147 Y149.249 E.01038
;WIDTH:0.550483
G1 X149.135 Y139.421 E.41478
;WIDTH:0.552293
G1 X149.134 Y139.391 E.00127
;WIDTH:0.594688
G1 X149.034 Y138.401 E.04565
G1 X148.942 Y138.112 E.01391
;WIDTH:0.556016
G1 X148.851 Y137.823 E.01293
;WIDTH:0.517344
G1 X148.759 Y137.534 E.01196
;WIDTH:0.478672
G1 X148.667 Y137.246 E.01095
;WIDTH:0.439999
G1 X148.25 Y136.187 E.03758
G1 X147.937 Y135.607 E.02176
G1 X147.576 Y135.024 E.02264
G1 X149.557 Y133.043 E.0925
G1 X149.3 Y133.861 F9000
G1 F2400
G1 X149.3 Y138.146 E.14148
G1 X149.029 Y137.075 E.03648
G1 X148.6 Y135.999 E.03825
G1 X148.089 Y135.073 E.03492
G1 X149.16 Y134.002 E.05001
G1 X148.931 Y134.752 E.02589
;WIDTH:0.383531
G1 X148.928 Y135.822 E.0303
G1 X148.551 Y135.132 E.02227
G1 X148.791 Y134.892 E.00961
G1 E-3.5 F3600
;WIPE_START
G1 F7200
G1 X148.551 Y135.132 E-.16122
G1 X148.928 Y135.822 E-.37348
G1 X148.931 Y134.752 E-.50825
G1 X149.16 Y134.002 E-.37249
G1 X149.034 Y134.128 E-.08456
;WIPE_END
G1 X114.442 Y137.958 F9000
G1 E5 F2400
;WIDTH:0.606034
G1 X114.294 Y138.942 E.04659
;WIDTH:0.571553
G1 X114.249 Y139.952 E.04444
;WIDTH:0.541551
G1 X114.249 Y149.499 E.39583
G1 X113.751 Y149.499 E.02065
G1 X113.751 Y139.952 E.39583
;WIDTH:0.541989
G1 X113.751 Y139.923 E.0012
;WIDTH:0.574912
G1 X113.767 Y138.868 E.04667
;WIDTH:0.606034
G1 X113.783 Y138.088 E.03653
G1 X114.06 Y138.221 E.01439
G1 X114.255 Y138.138 E.00992
G1 X114.299 Y138.096 E.00285
G1 E-3.5 F3600
;WIPE_START
G1 F7200
G1 X114.255 Y138.138 E-.02889
G1 X114.06 Y138.221 E-.10067
G1 X113.783 Y138.088 E-.14596
G1 X113.767 Y138.868 E-.37058
G1 X113.751 Y139.923 E-.50118
G1 X113.751 Y139.952 E-.01377
G1 X113.751 Y140.666 E-.33895
;WIPE_END
G1 X113.792 Y130.642 F9000
G1 E5 F2400
;WIDTH:0.53634
G1 X113.732 Y130.658 E.00255
G1 X113.689 Y130.614 E.00252
G1 X113.704 Y130.554 E.00254
G1 X113.764 Y130.538 E.00255
G1 X113.808 Y130.582 E.00255
;WIDTH:0.439999
G1 X114.426 Y130.55 E.02043
G1 X113.7 Y131.276 E.0339
G1 X113.7 Y131.837 E.01852
G1 X114.987 Y130.55 E.06009
G1 X115.549 Y130.55 E.01856
G1 X113.7 Y132.399 E.08634
G1 X113.7 Y132.961 E.01856
G1 X116.111 Y130.55 E.11258
G1 X116.672 Y130.55 E.01852
G1 X113.7 Y133.522 E.13877
G1 X113.7 Y134.084 E.01856
G1 X117.234 Y130.55 E.16501
G1 X117.795 Y130.55 E.01852
G1 X113.7 Y134.645 E.19121
G1 X113.7 Y135.207 E.01856
G1 X118.357 Y130.55 E.21745
G1 X118.918 Y130.55 E.01852
G1 X113.7 Y135.768 E.24365
G1 X113.7 Y136.33 E.01856
G1 X119.48 Y130.55 E.26989
G1 X120.041 Y130.55 E.01852
G1 X113.7 Y136.891 E.29608
G1 X113.662 Y137.026 E.00463
;WIDTH:0.41146
G1 X113.625 Y137.161 E.00429
;WIDTH:0.38292
G1 X113.554 Y137.142 E.00208
G1 X113.573 Y137.213 E.00208
G1 X113.614 Y137.202 E.0012
;WIDTH:0.439999
G1 X113.7 Y137.453 E.00876
G1 X115.411 Y135.742 E.07989
G1 X115.518 Y135.602 E.00582
;WIDTH:0.41146
G1 X115.624 Y135.461 E.00541
;WIDTH:0.38292
G1 X115.958 Y135.024 E.01555
G1 X115.107 Y136.542 F9000
G1 F2400
G1 X115.036 Y136.523 E.00208
G1 X115.055 Y136.594 E.00208
G1 X115.096 Y136.583 E.0012
;WIDTH:0.41146
G1 X114.988 Y136.708 E.00506
;WIDTH:0.439999
G1 X114.056 Y137.658 E.04394
G1 E-3.5 F3600
;WIPE_START
G1 F7200
G1 X114.988 Y136.708 E-.63215
G1 X115.096 Y136.583 E-.07847
G1 X115.055 Y136.594 E-.02016
G1 X115.036 Y136.523 E-.03491
G1 X115.107 Y136.542 E-.03491
;WIPE_END
G1 E-.6994 F3600
G1 X118.174 Y132.807 F9000
G1 E5 F2400
;WIDTH:0.38292
G1 X118.63 Y132.457 E.01625
;WIDTH:0.41146
G1 X118.77 Y132.35 E.0054
;WIDTH:0.439999
G1 X118.911 Y132.242 E.00586
G1 X120.603 Y130.55 E.07901
G1 X120.812 Y130.902 E.01352
G1 X119.978 Y131.736 E.03894
G1 X119.859 Y131.824 E.00489
;WIDTH:0.41146
G1 X119.739 Y131.912 E.00456
;WIDTH:0.38292
G1 X119.668 Y131.893 E.00208
G1 X119.687 Y131.964 E.00208
G1 X119.728 Y131.953 E.0012
;LAYER_CHANGE
;Z:8.2
;HEIGHT:0.2
;BEFORE_LAYER_CHANGE
G92 E0
;8.2


G1 E-3.5 F3600
;WIPE_START
G1 F7200
G1 X119.687 Y131.964 E-.02016
G1 X119.668 Y131.893 E-.03491
G1 X119.739 Y131.912 E-.03491
G1 X119.859 Y131.824 E-.07068
G1 X119.978 Y131.736 E-.0703
G1 X120.812 Y130.902 E-.56024
G1 X120.603 Y130.55 E-.19445
G1 X119.837 Y131.316 E-.51435
;WIPE_END
G1 Z8.2 F9000
;AFTER_LAYER_CHANGE
;8.2
G1 X113.394 Y130.244
G1 E5 F2400
;TYPE:Perimeter
;WIDTH:0.439999
G1 X150.003 Y130.244 E1.20873
G1 X150.003 Y132.414 E.07165
G1 X150.003 Y149.856 E.57589
G1 X148.79 Y149.856 E.04005
G1 X148.775 Y139.438 E.34397
G1 X148.664 Y138.499 E.03122
G1 X148.369 Y137.314 E.04032
G1 X147.983 Y136.336 E.03471
G1 X147.547 Y135.526 E.03037
G1 X147.026 Y134.768 E.03037
G1 X146.341 Y133.99 E.03423
G1 X145.734 Y133.428 E.02731
G1 X144.743 Y132.715 E.04031
G1 X143.816 Y132.22 E.0347
G1 X142.934 Y131.878 E.03123
G1 X141.593 Y131.558 E.04552
G1 X140.298 Y131.456 E.04289
G1 X122.693 Y131.467 E.58127
G1 X121.352 Y131.641 E.04465
G1 X120.338 Y131.919 E.03471
G1 X119.463 Y132.277 E.03121
G1 X118.29 Y132.95 E.04465
G1 X117.543 Y133.529 E.03121
G1 X116.593 Y134.492 E.04466
G1 X116.041 Y135.228 E.03038
G1 X115.561 Y136.042 E.0312
G1 X115.035 Y137.288 E.04466
G1 X114.795 Y138.176 E.03037
G1 X114.651 Y139.084 E.03035
G1 X114.606 Y139.949 E.0286
G1 X114.606 Y149.856 E.3271
G1 X113.394 Y149.856 E.04002
G1 X113.394 Y130.304 E.64555
G1 X112.997 Y129.847 F9000
G1 F2400
G1 X150.4 Y129.847 E1.23494
G1 X150.4 Y132.414 E.08476
G1 X150.4 Y150.253 E.58899
G1 X148.394 Y150.253 E.06623
G1 X148.38 Y139.481 E.35566
G1 X148.278 Y138.595 E.02945
G1 X147.984 Y137.409 E.04034
G1 X147.632 Y136.522 E.03151
G1 X147.219 Y135.749 E.02894
G1 X146.724 Y135.026 E.02893
G1 X146.068 Y134.278 E.03285
G1 X145.503 Y133.75 E.02553
G1 X144.445 Y132.997 E.04288
G1 X143.669 Y132.589 E.02895
G1 X142.838 Y132.264 E.02946
G1 X141.561 Y131.954 E.04339
G1 X140.298 Y131.853 E.04183
G1 X122.693 Y131.864 E.58127
G1 X121.405 Y132.034 E.0429
G1 X120.485 Y132.287 E.0315
G1 X119.659 Y132.622 E.02943
G1 X118.531 Y133.266 E.04289
G1 X117.824 Y133.81 E.02945
G1 X117.392 Y134.242 E.02017
G1 X116.909 Y134.732 E.02272
G1 X116.381 Y135.432 E.02895
G1 X115.926 Y136.199 E.02944
G1 X115.443 Y137.321 E.04033
G1 X115.186 Y138.24 E.03151
G1 X115.048 Y139.106 E.02895
G1 X115.003 Y139.949 E.02787
G1 X115.003 Y150.253 E.34021
G1 X112.997 Y150.253 E.06623
G1 X112.997 Y129.907 E.67177
G1 X112.61 Y129.46 F9000
;TYPE:External perimeter
;WIDTH:0.419999
G1 F1500
G1 X150.787 Y129.46 E1.19701
G1 X150.787 Y132.414 E.09262
G1 X150.787 Y150.64 E.57146
G1 X148.007 Y150.64 E.08716
G1 X147.995 Y139.522 E.3486
G1 X147.903 Y138.688 E.02631
G1 X147.608 Y137.503 E.03829
G1 X147.29 Y136.703 E.02699
G1 X146.898 Y135.966 E.02617
G1 X146.429 Y135.276 E.02616
G1 X145.801 Y134.559 E.02988
G1 X145.277 Y134.064 E.0226
G1 X144.263 Y133.339 E.03908
G1 X143.525 Y132.949 E.02617
G1 X142.745 Y132.639 E.02632
G1 X141.53 Y132.34 E.03923
G1 X140.298 Y132.24 E.03876
G1 X122.693 Y132.251 E.55199
G1 X121.458 Y132.418 E.03907
G1 X120.629 Y132.647 E.02697
G1 X119.849 Y132.959 E.02634
G1 X118.765 Y133.574 E.03908
G1 X118.098 Y134.084 E.02633
G1 X117.666 Y134.516 E.01916
G1 X117.217 Y134.967 E.01995
G1 X116.713 Y135.632 E.02616
G1 X116.282 Y136.352 E.02631
G1 X115.799 Y137.474 E.0383
G1 X115.568 Y138.303 E.02698
G1 X115.434 Y139.127 E.02618
G1 X115.39 Y139.949 E.02581
G1 X115.39 Y150.64 E.33521
G1 X112.61 Y150.64 E.08716
G1 X112.61 Y129.52 E.6622
G1 E-3.5 F3600
;WIPE_START
G1 F7200
G1 X112.61 Y129.46 E-.0285
G1 X115.708 Y129.46 E-1.4715
;WIPE_END
G1 X113.751 Y139.952 F9000
G1 E5 F2400
;TYPE:Solid infill
;WIDTH:0.541989
G1 X113.751 Y139.923 E.0012
;WIDTH:0.574912
G1 X113.767 Y138.868 E.04667
G1 X113.745 Y138.693 E.0078
;WIDTH:0.529941
G1 X113.722 Y138.518 E.00715
;WIDTH:0.48497
G1 X113.7 Y138.342 E.00652
;WIDTH:0.439999
G1 X113.7 Y131.416 E.22868
G1 X116.476 Y134.192 E.12962
G1 X115.847 Y134.97 E.03303
G1 X115.278 Y135.927 E.03676
G1 X114.792 Y137.061 E.04074
G1 X114.524 Y137.985 E.03177
G1 X114.451 Y138.406 E.01411
;WIDTH:0.488569
G1 X114.404 Y138.533 E.00502
;WIDTH:0.537139
G1 X114.358 Y138.66 E.00555
;WIDTH:0.585709
G1 X114.312 Y138.787 E.0061
G1 X114.294 Y138.942 E.00704
;WIDTH:0.571552
G1 X114.249 Y139.952 E.04444
;WIDTH:0.541551
G1 X114.249 Y149.499 E.39583
G1 X113.751 Y149.499 E.02065
G1 X113.751 Y140.151 E.38758
G1 X114.078 Y138.342 F9000
;WIDTH:0.436675
G1 F2400
G1 X114.095 Y138.14 E.00664
;WIDTH:0.471176
G1 X114.11 Y137.868 E.0097
;WIDTH:0.465774
G1 X114.097 Y136.906 E.03383
;WIDTH:0.439999
G1 X114.097 Y132.375 E.1496
G1 X115.942 Y134.22 E.08615
G1 X115.506 Y134.767 E.0231
G1 X114.949 Y135.7 E.03588
G1 X114.41 Y136.951 E.04498
;WIDTH:0.465168
G1 X114.17 Y137.747 E.02919
G1 E-3.5 F3600
;WIPE_START
G1 F7200
G1 X114.41 Y136.951 E-.39491
G1 X114.949 Y135.7 E-.64703
G1 X115.444 Y134.872 E-.45806
;WIPE_END
G1 X114.494 Y135.74 F9000
G1 E5 F2400
;WIDTH:0.439999
G1 X114.494 Y133.333 E.07947
G1 X115.408 Y134.247 E.04268
G1 X115.165 Y134.563 E.01316
G1 X114.578 Y135.56 E.0382
G1 E-3.5 F3600
;WIPE_START
G1 F7200
G1 X115.165 Y134.563 E-.54956
G1 X115.408 Y134.247 E-.18935
G1 X114.494 Y133.333 E-.61398
G1 X114.494 Y133.643 E-.14711
;WIPE_END
G1 X116.743 Y133.897 F9000
G1 E5 F2400
G1 X113.7 Y130.854 E.14209
G1 X113.606 Y130.426 E.01447
;WIDTH:0.38292
G1 X113.587 Y130.497 E.00208
G1 X113.658 Y130.478 E.00208
G1 X113.647 Y130.437 E.0012
;WIDTH:0.41146
G1 X113.802 Y130.493 E.00505
;WIDTH:0.439999
G1 X113.957 Y130.55 E.00545
G1 X117.024 Y133.616 E.14319
G1 E-3.5 F3600
;WIPE_START
G1 F7200
G1 X114.791 Y131.383 E-1.5
;WIPE_END
G1 X114.659 Y130.69 F9000
G1 E5 F2400
G1 X117.304 Y133.336 E.12353
G1 X118.122 Y132.696 E.03429
G1 X119.307 Y132.014 E.04514
G1 X120.241 Y131.629 E.03336
G1 X121.246 Y131.349 E.03445
G1 X121.647 Y131.292 E.01337
;WIDTH:0.489078
G1 X121.775 Y131.25 E.005
;WIDTH:0.538157
G1 X121.904 Y131.208 E.00559
;WIDTH:0.587236
G1 X122.032 Y131.165 E.00611
G1 X122.541 Y131.116 E.02314
;WIDTH:0.552407
G1 X140.294 Y131.099 E.75209
;WIDTH:0.542319
G1 X140.314 Y131.1 E.00083
;WIDTH:0.567956
G1 X140.967 Y131.138 E.02856
;WIDTH:0.593593
G1 X141.62 Y131.177 E.02995
;WIDTH:0.598795
G1 X142.058 Y131.247 E.0205
G1 X141.977 Y131.068 E.00908
G1 X142.058 Y130.854 E.01058
G1 X142.144 Y130.745 E.00642
G1 X142.166 Y130.629 E.00546
G1 X141.642 Y130.627 E.02422
;WIDTH:0.593593
G1 X140.988 Y130.614 E.02995
;WIDTH:0.567956
G1 X140.333 Y130.601 E.0286
;WIDTH:0.542319
G1 X140.294 Y130.601 E.00162
;WIDTH:0.552407
G1 X122.541 Y130.606 E.75209
;WIDTH:0.587236
G1 X121.995 Y130.624 E.02473
G1 X121.862 Y130.599 E.00613
;WIDTH:0.538157
G1 X121.729 Y130.574 E.00557
;WIDTH:0.489078
G1 X121.596 Y130.55 E.00501
;WIDTH:0.439999
G1 X114.519 Y130.55 E.23366
G1 X115.477 Y130.947 F9000
G1 F2400
G1 X120.094 Y130.947 E.15244
;WIDTH:0.445761
G1 X121.136 Y130.95 E.0349
;WIDTH:0.446772
G1 X121.196 Y130.95 E.00201
G1 X121.138 Y130.964 E.002
;WIDTH:0.445761
G1 X120.135 Y131.247 E.03491
;WIDTH:0.439999
G1 X119.109 Y131.67 E.03664
G1 X117.924 Y132.352 E.04514
G1 X117.334 Y132.804 E.02454
G1 X115.618 Y131.087 E.08015
G1 X116.436 Y131.344 F9000
G1 F2400
G1 X118.879 Y131.344 E.08066
G1 X117.726 Y132.008 E.04393
G1 X117.367 Y132.275 E.01477
G1 X116.576 Y131.484 E.03693
G1 X117.387 Y131.695 F9000
;WIDTH:0.444908
G1 F2400
G1 X117.352 Y131.731 E.00168
G1 X117.365 Y131.779 E.00166
G1 X117.413 Y131.792 E.00166
G1 X117.449 Y131.757 E.00168
G1 X117.436 Y131.708 E.00169
G1 E-3.5 F3600
;WIPE_START
G1 F7200
G1 X117.449 Y131.757 E-.02408
G1 X117.413 Y131.792 E-.02385
G1 X117.365 Y131.779 E-.02362
G1 X117.352 Y131.731 E-.02362
G1 X117.387 Y131.695 E-.02385
;WIPE_END
G1 E-1.38098 F3600
G1 X121.196 Y130.95 F9000
G1 E5 F2400
;WIDTH:0.446772
G1 X121.396 Y130.937 E.00673
;WIDTH:0.419271
G1 X121.596 Y130.923 E.00627
G1 E-3.5 F3600
;WIPE_START
G1 F7200
G1 X121.396 Y130.937 E-.09523
G1 X121.196 Y130.95 E-.0952
;WIPE_END
G1 E-1.30957 F3600
G1 X142.535 Y131.051 F9000
G1 E5 F2400
;WIDTH:0.439999
G1 X143.103 Y131.618 E.0265
G1 X143.238 Y131.688 E.00502
;WIDTH:0.41146
G1 X143.373 Y131.758 E.00466
;WIDTH:0.38292
G1 X143.354 Y131.829 E.00208
G1 X143.425 Y131.81 E.00208
G1 X143.414 Y131.769 E.0012
G1 X144.3 Y132.151 F9000
G1 F2400
G1 X144.281 Y132.222 E.00208
G1 X144.352 Y132.203 E.00208
G1 X144.341 Y132.162 E.0012
;WIDTH:0.41146
G1 X144.186 Y132.073 E.00548
;WIDTH:0.439999
G1 X144.03 Y131.984 E.00593
G1 X142.625 Y130.579 E.0656
G1 X143.158 Y130.55 E.01762
G1 X145.467 Y132.859 E.10782
G1 X145.608 Y132.979 E.00611
;WIDTH:0.41146
G1 X145.748 Y133.098 E.00563
;WIDTH:0.38292
G1 X146.689 Y133.994 E.03673
;WIDTH:0.388756
G1 X147.214 Y134.569 E.02239
G1 E-3.5 F3600
;WIPE_START
G1 F7200
G1 X146.689 Y133.994 E-.36984
G1 X145.748 Y133.098 E-.61719
G1 X145.608 Y132.979 E-.08728
G1 X145.467 Y132.859 E-.08795
G1 X144.964 Y132.356 E-.33774
;WIPE_END
G1 X148.629 Y137.144 F9000
G1 E5 F2400
;WIDTH:0.439999
G1 X149.197 Y137.712 E.02652
G1 X149.135 Y139.421 F9000
;WIDTH:0.552293
G1 F2400
G1 X149.134 Y139.391 E.00127
;WIDTH:0.60173
G1 X149.06 Y138.567 E.03844
G1 X148.988 Y138.202 E.01729
G1 X149.156 Y138.269 E.0084
G1 X149.267 Y138.263 E.00517
G1 X149.453 Y138.132 E.01057
G1 X149.617 Y138.084 E.00794
G1 X149.629 Y138.977 E.0415
;WIDTH:0.576106
G1 X149.642 Y139.421 E.01969
;WIDTH:0.550481
G1 X149.646 Y149.249 E.41478
;WIDTH:0.542464
G1 X149.646 Y149.499 E.01038
G1 X149.147 Y149.499 E.02073
G1 X149.147 Y149.249 E.01038
;WIDTH:0.550319
G1 X149.135 Y139.62 E.40625
G1 E-3.5 F3600
;WIPE_START
G1 F7200
G1 X149.139 Y142.778 E-1.5
;WIPE_END
G1 X149.669 Y137.622 F9000
G1 E5 F2400
;WIDTH:0.439999
G1 X148.263 Y136.217 E.06563
G1 X148.175 Y136.061 E.00591
;WIDTH:0.41146
G1 X148.086 Y135.906 E.00548
;WIDTH:0.38292
G1 X148.097 Y135.947 E.0012
G1 X148.026 Y135.966 E.00208
G1 X148.045 Y135.895 E.00208
G1 X147.458 Y134.85 F9000
;WIDTH:0.439999
G1 F2400
G1 X149.697 Y137.089 E.10455
G1 X149.75 Y136.928 E.0056
;WIDTH:0.41146
G1 X149.803 Y136.768 E.00517
;WIDTH:0.38292
G1 X149.784 Y136.839 E.00208
G1 X149.855 Y136.82 E.00208
G1 X149.844 Y136.779 E.0012
;WIDTH:0.439999
G1 X149.697 Y136.528 E.0096
G1 X143.719 Y130.55 E.27913
G1 X144.281 Y130.55 E.01856
G1 X149.697 Y135.966 E.25289
G1 X149.697 Y135.405 E.01852
G1 X144.843 Y130.55 E.22667
G1 X145.404 Y130.55 E.01852
G1 X149.697 Y134.843 E.20045
G1 X149.697 Y134.282 E.01852
G1 X145.966 Y130.55 E.17424
G1 X146.527 Y130.55 E.01852
G1 X149.697 Y133.72 E.14802
G1 X149.697 Y133.159 E.01852
G1 X147.089 Y130.55 E.1218
G1 X147.65 Y130.55 E.01852
G1 X149.697 Y132.597 E.09558
G1 X149.777 Y132.653 E.00322
;WIDTH:0.41146
G1 X149.856 Y132.708 E.00295
;WIDTH:0.38292
G1 X149.837 Y132.779 E.00208
G1 X149.908 Y132.76 E.00208
G1 X149.897 Y132.719 E.0012
G1 E-3.5 F3600
;WIPE_START
G1 F7200
G1 X149.908 Y132.76 E-.02016
G1 X149.837 Y132.779 E-.03491
G1 X149.856 Y132.708 E-.03491
G1 X149.777 Y132.653 E-.04572
G1 X149.697 Y132.597 E-.04638
G1 X147.735 Y130.635 E-1.31792
;WIPE_END
G1 X148.352 Y130.69 F9000
G1 E5 F2400
;WIDTH:0.439999
G1 X149.697 Y132.035 E.0628
G1 X149.697 Y130.55 E.04903
G1 X148.212 Y130.55 E.04903
G1 X149.247 Y130.928 F9000
;WIDTH:0.516024
G1 F2400
G1 X149.205 Y130.97 E.00234
G1 X149.22 Y131.027 E.00232
G1 X149.278 Y131.042 E.00236
G1 X149.319 Y131 E.00231
G1 X149.304 Y130.943 E.00232
;LAYER_CHANGE
;Z:8.4
;HEIGHT:0.2
;BEFORE_LAYER_CHANGE
G92 E0
;8.4


G1 E-3.5 F3600
;WIPE_START
G1 F7200
G1 X149.319 Y131 E-.028
G1 X149.278 Y131.042 E-.02788
G1 X149.22 Y131.027 E-.02846
G1 X149.205 Y130.97 E-.028
G1 X149.247 Y130.928 E-.02821
;WIPE_END
G1 E-1.35945 F3600
G1 Z8.4 F9000
;AFTER_LAYER_CHANGE
;8.4
G1 X150.003 Y130.244
G1 E5 F2400
;TYPE:Perimeter
;WIDTH:0.439999
G1 X150.003 Y132.414 E.07165
G1 X150.003 Y149.856 E.57589
G1 X148.79 Y149.856 E.04005
G1 X148.775 Y139.438 E.34397
G1 X148.664 Y138.499 E.03122
G1 X148.369 Y137.314 E.04032
G1 X147.983 Y136.336 E.03471
G1 X147.547 Y135.526 E.03037
G1 X147.026 Y134.768 E.03037
G1 X146.341 Y133.99 E.03423
G1 X145.734 Y133.428 E.02731
G1 X144.743 Y132.715 E.04031
G1 X143.816 Y132.22 E.0347
G1 X142.959 Y131.885 E.03038
G1 X142.066 Y131.643 E.03055
G1 X141.163 Y131.501 E.03018
G1 X140.298 Y131.456 E.0286
G1 X122.693 Y131.467 E.58127
G1 X121.352 Y131.641 E.04465
G1 X120.338 Y131.919 E.03471
G1 X119.463 Y132.277 E.03121
G1 X118.29 Y132.95 E.04465
G1 X117.543 Y133.529 E.03121
G1 X116.593 Y134.492 E.04466
G1 X116.028 Y135.25 E.03121
G1 X115.427 Y136.313 E.04032
G1 X115.035 Y137.288 E.0347
G1 X114.795 Y138.176 E.03037
G1 X114.651 Y139.084 E.03035
G1 X114.606 Y139.949 E.0286
G1 X114.606 Y149.856 E.3271
G1 X113.394 Y149.856 E.04002
G1 X113.394 Y130.244 E.64753
G1 X149.943 Y130.244 E1.20675
G1 X150.4 Y129.847 F9000
G1 F2400
G1 X150.4 Y132.414 E.08476
G1 X150.4 Y150.253 E.58899
G1 X148.394 Y150.253 E.06623
G1 X148.38 Y139.481 E.35566
G1 X148.278 Y138.595 E.02945
G1 X147.984 Y137.409 E.04034
G1 X147.632 Y136.522 E.03151
G1 X147.219 Y135.749 E.02894
G1 X146.724 Y135.026 E.02893
G1 X146.068 Y134.278 E.03285
G1 X145.503 Y133.75 E.02553
G1 X144.445 Y132.997 E.04288
G1 X143.669 Y132.589 E.02895
G1 X142.853 Y132.268 E.02895
G1 X142.002 Y132.035 E.02913
G1 X141.142 Y131.898 E.02875
G1 X140.298 Y131.853 E.02791
G1 X122.693 Y131.864 E.58127
G1 X121.405 Y132.034 E.0429
G1 X120.485 Y132.287 E.0315
G1 X119.659 Y132.622 E.02943
G1 X118.531 Y133.266 E.04289
G1 X117.824 Y133.81 E.02945
G1 X117.392 Y134.242 E.02017
G1 X116.909 Y134.732 E.02272
G1 X116.374 Y135.445 E.02943
G1 X115.739 Y136.579 E.04291
G1 X115.418 Y137.394 E.02892
G1 X115.186 Y138.24 E.02896
G1 X115.048 Y139.106 E.02895
G1 X115.003 Y139.949 E.02787
G1 X115.003 Y150.253 E.34021
G1 X112.997 Y150.253 E.06623
G1 X112.997 Y129.847 E.67375
G1 X150.34 Y129.847 E1.23296
G1 X150.787 Y129.46 F9000
;TYPE:External perimeter
;WIDTH:0.419999
G1 F1500
G1 X150.787 Y132.414 E.09262
G1 X150.787 Y150.64 E.57146
G1 X148.007 Y150.64 E.08716
G1 X147.995 Y139.522 E.3486
G1 X147.903 Y138.688 E.02631
G1 X147.608 Y137.503 E.03829
G1 X147.29 Y136.703 E.02699
G1 X146.898 Y135.966 E.02617
G1 X146.429 Y135.276 E.02616
G1 X145.801 Y134.559 E.02988
G1 X145.277 Y134.064 E.0226
G1 X144.263 Y133.339 E.03908
G1 X143.525 Y132.949 E.02617
G1 X142.75 Y132.641 E.02615
G1 X141.94 Y132.417 E.02635
G1 X141.121 Y132.284 E.02602
G1 X140.298 Y132.24 E.02584
G1 X122.693 Y132.251 E.55199
G1 X121.458 Y132.418 E.03907
G1 X120.629 Y132.647 E.02697
G1 X119.849 Y132.959 E.02634
G1 X118.765 Y133.574 E.03908
G1 X118.098 Y134.084 E.02633
G1 X117.666 Y134.516 E.01916
G1 X117.217 Y134.967 E.01995
G1 X116.711 Y135.636 E.0263
G1 X116.099 Y136.722 E.03909
G1 X115.791 Y137.498 E.02618
G1 X115.568 Y138.303 E.02619
G1 X115.434 Y139.127 E.02618
G1 X115.39 Y139.949 E.02581
G1 X115.39 Y150.64 E.33521
G1 X112.61 Y150.64 E.08716
G1 X112.61 Y129.46 E.66408
G1 X150.727 Y129.46 E1.19513
G1 E-3.5 F3600
;WIPE_START
G1 F7200
G1 X150.787 Y129.46 E-.0285
G1 X150.787 Y132.414 E-1.40315
G1 X150.787 Y132.558 E-.06835
;WIPE_END
G1 X149.878 Y149.006 F9000
G1 E5 F2400
;TYPE:Top solid infill
;WIDTH:0.401563
G1 F1800
G1 X149.314 Y149.57 E.02379
G1 X149.076 Y149.57 E.0071
G1 X149.075 Y149.301 E.00802
G1 X149.717 Y148.659 E.02708
G1 X149.717 Y148.152 E.01512
G1 X149.075 Y148.795 E.0271
G1 X149.074 Y148.288 E.01512
G1 X149.717 Y147.645 E.02712
G1 X149.717 Y147.137 E.01515
G1 X149.073 Y147.782 E.02718
G1 X149.072 Y147.276 E.01509
G1 X149.717 Y146.63 E.02722
G1 X149.717 Y146.123 E.01512
G1 X149.071 Y146.769 E.02724
G1 X149.071 Y146.263 E.01509
G1 X149.717 Y145.616 E.02727
G1 X149.717 Y145.109 E.01512
G1 X149.07 Y145.756 E.02729
G1 X149.069 Y145.25 E.01509
G1 X149.717 Y144.602 E.02733
G1 X149.717 Y144.094 E.01515
G1 X149.068 Y144.744 E.02739
G1 X149.067 Y144.237 E.01512
G1 X149.717 Y143.587 E.02741
G1 X149.717 Y143.08 E.01512
G1 X149.066 Y143.731 E.02746
G1 X149.066 Y143.225 E.01509
G1 X149.717 Y142.573 E.02748
G1 X149.717 Y142.066 E.01512
G1 X149.065 Y142.718 E.0275
G1 X149.064 Y142.212 E.01509
G1 X149.717 Y141.558 E.02756
G1 X149.717 Y141.051 E.01512
G1 X149.063 Y141.705 E.02758
G1 X149.062 Y141.199 E.01509
G1 X149.717 Y140.544 E.02762
G1 X149.717 Y140.037 E.01512
G1 X149.061 Y140.693 E.02767
G1 X149.061 Y140.186 E.01512
G1 X149.717 Y139.53 E.02767
G1 X149.717 Y139.022 E.01515
G1 X149.06 Y139.68 E.02773
G1 X149.059 Y139.411 E.00802
G1 X149.034 Y139.199 E.00637
G1 X149.717 Y138.515 E.02883
G1 X149.717 Y138.008 E.01512
G1 X148.98 Y138.746 E.0311
G1 X148.911 Y138.308 E.01322
G1 X149.717 Y137.501 E.03401
G1 X149.717 Y136.994 E.01512
G1 X148.81 Y137.901 E.03825
G1 X148.709 Y137.495 E.01248
G1 X149.717 Y136.486 E.04253
G1 X149.717 Y135.979 E.01512
G1 X148.592 Y137.105 E.04747
G1 X148.448 Y136.741 E.01167
G1 X149.717 Y135.472 E.05352
G1 X149.717 Y134.965 E.01512
G1 X148.305 Y136.377 E.05955
G1 X148.143 Y136.032 E.01137
G1 X149.717 Y134.458 E.06638
G1 X149.717 Y133.95 E.01515
G1 X147.966 Y135.702 E.07387
G1 X147.788 Y135.373 E.01116
G1 X149.717 Y133.443 E.08137
G1 X149.717 Y132.936 E.01512
G1 X147.583 Y135.07 E.09
G1 X147.378 Y134.768 E.01088
G1 X149.717 Y132.429 E.09864
G1 X149.717 Y131.922 E.01512
G1 X147.154 Y134.485 E.10809
G1 X146.923 Y134.209 E.01073
G1 X149.717 Y131.414 E.11785
G1 X149.717 Y130.907 E.01512
G1 X146.689 Y133.936 E.12772
G1 X146.428 Y133.69 E.0107
G1 X149.587 Y130.53 E.13325
G1 X149.08 Y130.53 E.01512
G1 X146.166 Y133.444 E.12289
G1 X145.905 Y133.198 E.0107
G1 X148.573 Y130.53 E.11252
G1 X148.066 Y130.53 E.01512
G1 X145.61 Y132.986 E.10358
G1 X145.314 Y132.774 E.01086
G1 X147.559 Y130.53 E.09466
G1 X147.051 Y130.53 E.01515
G1 X145.019 Y132.562 E.0857
G1 X144.704 Y132.37 E.011
G1 X146.544 Y130.53 E.0776
G1 X146.037 Y130.53 E.01512
G1 X144.375 Y132.192 E.07009
G1 X144.047 Y132.013 E.01114
G1 X145.53 Y130.53 E.06254
G1 X145.023 Y130.53 E.01512
G1 X143.685 Y131.868 E.05643
G1 X143.322 Y131.723 E.01166
G1 X144.515 Y130.53 E.05031
G1 X144.008 Y130.53 E.01512
G1 X142.952 Y131.586 E.04454
G1 X142.555 Y131.476 E.01229
G1 X143.501 Y130.53 E.0399
G1 X142.994 Y130.53 E.01512
G1 X142.15 Y131.374 E.03559
G1 X141.717 Y131.3 E.0131
G1 X142.487 Y130.53 E.03247
G1 X141.98 Y130.53 E.01512
G1 X141.281 Y131.228 E.02946
G1 X140.802 Y131.2 E.01431
G1 X141.472 Y130.53 E.02826
G1 X140.965 Y130.53 E.01512
G1 X140.324 Y131.171 E.02703
G1 X139.817 Y131.171 E.01512
G1 X140.458 Y130.53 E.02703
G1 X139.951 Y130.53 E.01512
G1 X139.309 Y131.171 E.02705
G1 X138.801 Y131.172 E.01515
G1 X139.444 Y130.53 E.0271
G1 X138.936 Y130.53 E.01515
G1 X138.294 Y131.173 E.0271
G1 X137.786 Y131.173 E.01515
G1 X138.429 Y130.53 E.02712
G1 X137.922 Y130.53 E.01512
G1 X137.278 Y131.174 E.02716
G1 X136.77 Y131.174 E.01515
G1 X137.415 Y130.53 E.02718
G1 X136.908 Y130.53 E.01512
G1 X136.262 Y131.175 E.02722
G1 X135.755 Y131.176 E.01512
G1 X136.4 Y130.53 E.02722
G1 X135.893 Y130.53 E.01512
G1 X135.247 Y131.176 E.02724
G1 X134.739 Y131.177 E.01515
G1 X135.386 Y130.53 E.02729
G1 X134.879 Y130.53 E.01512
G1 X134.231 Y131.177 E.02731
G1 X133.723 Y131.178 E.01515
G1 X134.372 Y130.53 E.02735
G1 X133.864 Y130.53 E.01515
G1 X133.215 Y131.179 E.02737
G1 X132.708 Y131.179 E.01512
G1 X133.357 Y130.53 E.02737
G1 X132.85 Y130.53 E.01512
G1 X132.2 Y131.18 E.02741
G1 X131.692 Y131.181 E.01515
G1 X132.343 Y130.53 E.02746
G1 X131.836 Y130.53 E.01512
G1 X131.184 Y131.181 E.02748
G1 X130.676 Y131.182 E.01515
G1 X131.328 Y130.53 E.0275
G1 X130.821 Y130.53 E.01512
G1 X130.169 Y131.182 E.0275
G1 X129.661 Y131.183 E.01515
G1 X130.314 Y130.53 E.02754
G1 X129.807 Y130.53 E.01512
G1 X129.153 Y131.184 E.02758
G1 X128.645 Y131.184 E.01515
G1 X129.3 Y130.53 E.0276
G1 X128.792 Y130.53 E.01515
G1 X128.137 Y131.185 E.02762
G1 X127.629 Y131.186 E.01515
G1 X128.285 Y130.53 E.02767
G1 X127.778 Y130.53 E.01512
G1 X127.122 Y131.186 E.02767
G1 X126.614 Y131.187 E.01515
G1 X127.271 Y130.53 E.02771
G1 X126.764 Y130.53 E.01512
G1 X126.106 Y131.187 E.02773
G1 X125.598 Y131.188 E.01515
G1 X126.256 Y130.53 E.02775
G1 X125.749 Y130.53 E.01512
G1 X125.09 Y131.189 E.02779
G1 X124.583 Y131.189 E.01512
G1 X125.242 Y130.53 E.02779
G1 X124.735 Y130.53 E.01512
G1 X124.075 Y131.19 E.02783
G1 X123.567 Y131.191 E.01515
G1 X124.228 Y130.53 E.02788
G1 X123.72 Y130.53 E.01515
G1 X123.059 Y131.191 E.02788
G1 X122.551 Y131.192 E.01515
G1 X123.213 Y130.53 E.02792
G1 X122.706 Y130.53 E.01512
G1 X121.967 Y131.269 E.03117
G1 X121.38 Y131.349 E.01767
G1 X122.199 Y130.53 E.03454
G1 X121.692 Y130.53 E.01512
G1 X120.699 Y131.523 E.04188
G1 X120.236 Y131.652 E.01433
G1 X119.941 Y131.773 E.00951
G1 X121.184 Y130.53 E.05242
G1 X120.677 Y130.53 E.01512
G1 X118.547 Y132.66 E.08983
G1 E-3.5 F3600
;WIPE_START
G1 F7200
G1 X120.677 Y130.53 E-1.43083
G1 X120.823 Y130.53 E-.06917
;WIPE_END
G1 X114.481 Y149.406 F9000
G1 E5 F2400
G1 F1800
G1 X114.317 Y149.57 E.00692
G1 X113.81 Y149.57 E.01512
G1 X114.32 Y149.06 E.02151
G1 X114.32 Y148.553 E.01512
G1 X113.68 Y149.193 E.02699
G1 X113.68 Y148.686 E.01512
G1 X114.32 Y148.045 E.02701
G1 X114.32 Y147.538 E.01512
G1 X113.68 Y148.178 E.02699
G1 X113.68 Y147.671 E.01512
G1 X114.32 Y147.031 E.02699
G1 X114.32 Y146.524 E.01512
G1 X113.68 Y147.164 E.02699
G1 X113.68 Y146.657 E.01512
G1 X114.32 Y146.017 E.02699
G1 X114.32 Y145.509 E.01515
G1 X113.68 Y146.15 E.02701
G1 X113.68 Y145.642 E.01515
G1 X114.32 Y145.002 E.02699
G1 X114.32 Y144.495 E.01512
G1 X113.68 Y145.135 E.02699
G1 X113.68 Y144.628 E.01512
G1 X114.32 Y143.988 E.02699
G1 X114.32 Y143.481 E.01512
G1 X113.68 Y144.121 E.02699
G1 X113.68 Y143.614 E.01512
G1 X114.32 Y142.973 E.02701
G1 X114.32 Y142.466 E.01512
G1 X113.68 Y143.106 E.02699
G1 X113.68 Y142.599 E.01512
G1 X114.32 Y141.959 E.02699
G1 X114.32 Y141.452 E.01512
G1 X113.68 Y142.092 E.02699
G1 X113.68 Y141.585 E.01512
G1 X114.32 Y140.945 E.02699
G1 X114.32 Y140.437 E.01515
G1 X113.68 Y141.078 E.02701
G1 X113.68 Y140.57 E.01515
G1 X114.321 Y139.929 E.02703
G1 X114.353 Y139.39 E.0161
G1 X113.68 Y140.063 E.02838
G1 X113.68 Y139.556 E.01512
G1 X114.397 Y138.839 E.03024
G1 X114.502 Y138.227 E.01852
G1 X113.68 Y139.049 E.03467
G1 X113.68 Y138.542 E.01512
G1 X114.664 Y137.558 E.0415
G1 X114.761 Y137.208 E.01083
G1 X114.923 Y136.791 E.01334
G1 X113.68 Y138.034 E.05242
G1 X113.68 Y137.527 E.01512
G1 X115.818 Y135.389 E.09017
G1 E-3.5 F3600
;WIPE_START
G1 F7200
G1 X113.68 Y137.527 E-1.4362
G1 X113.68 Y137.661 E-.0638
;WIPE_END
G1 X113.519 Y137.181 F9000
G1 E5 F2400
G1 F1800
G1 X120.17 Y130.53 E.2805
G1 X119.663 Y130.53 E.01512
G1 X113.68 Y136.513 E.25233
G1 X113.68 Y136.006 E.01512
G1 X119.156 Y130.53 E.23094
G1 X118.648 Y130.53 E.01515
G1 X113.68 Y135.498 E.20952
G1 X113.68 Y134.991 E.01512
G1 X118.141 Y130.53 E.18814
G1 X117.634 Y130.53 E.01512
G1 X113.68 Y134.484 E.16675
G1 X113.68 Y133.977 E.01512
G1 X117.127 Y130.53 E.14537
G1 X116.62 Y130.53 E.01512
G1 X113.68 Y133.47 E.12399
G1 X113.68 Y132.962 E.01515
G1 X116.112 Y130.53 E.10257
G1 X115.605 Y130.53 E.01512
G1 X113.68 Y132.455 E.08118
G1 X113.68 Y131.948 E.01512
G1 X115.098 Y130.53 E.0598
G1 X114.591 Y130.53 E.01512
G1 X113.68 Y131.441 E.03842
G1 X113.68 Y130.934 E.01512
G1 X114.244 Y130.369 E.02381
; stop printing object camera_mount_hinge_by_DanielBull.stl id:0 copy 0
G1 E-3.5 F3600
;WIPE_START
G1 F7200;_WIPE
G1 X113.68 Y130.934 E-.3792
G1 X113.68 Y131.441 E-.24083
G1 X114.591 Y130.53 E-.61197
G1 X115.098 Y130.53 E-.24082
G1 X115.058 Y130.57 E-.02718
;WIPE_END
M107
;TYPE:Custom
; Filament-specific end gcode 
;END gcode for filament
G1 Z10.4 F600 ; Move print bed down
G1 X50 Y50 F9000 ; move print head out of the way
G1 Z390 F600 ; Move print bed close to the bottom
M140 S0 ; turn off heatbed
M104 S0 ; turn off temperature
M107 ; turn off fan
M84 X Y E ; disable motors
; objects_info = {"objects":[{"name":"camera_mount_hinge_by_DanielBull.stl id:0 copy 0","polygon":[[131.300,127.250],[132.100,127.250],[132.100,119.250],[133.702,119.259],[134.057,119.464],[134.200,119.850],[134.193,120.857],[133.950,121.250],[133.947,129.250],[150.997,129.250],[150.997,150.850],[147.797,150.850],[147.797,148.797],[146.528,148.791],[146.340,148.704],[146.221,148.534],[146.221,144.766],[146.340,144.596],[146.528,144.509],[147.797,144.503],[147.753,139.139],[147.405,137.555],[146.724,136.083],[146.268,135.411],[145.455,134.505],[144.836,133.979],[143.810,133.324],[142.692,132.843],[141.910,132.625],[140.297,132.450],[122.694,132.461],[121.488,132.625],[120.705,132.843],[119.951,133.143],[118.891,133.742],[117.655,134.792],[116.674,136.083],[115.993,137.555],[115.644,139.139],[115.600,144.500],[116.870,144.509],[117.057,144.596],[117.176,144.766],[117.176,148.534],[117.057,148.704],[116.870,148.791],[115.600,148.800],[115.600,150.850],[112.400,150.850],[112.400,129.250],[129.450,129.250],[129.450,121.250],[129.208,120.857],[129.200,119.850],[129.343,119.464],[129.698,119.259],[131.300,119.250]]}]}
; filament used [mm] = 922.10
; filament used [cm3] = 2.22
; filament used [g] = 2.75
; filament cost = 0.06
; total filament used [g] = 2.75
; total filament cost = 0.06
; total filament used for wipe tower [g] = 0.00
; estimated printing time (normal mode) = 22m 3s
; estimated first layer printing time (normal mode) = 1m 58s

; prusaslicer_config = begin
; arc_fitting = disabled
; autoemit_temperature_commands = 1
; automatic_extrusion_widths = 0
; automatic_infill_combination = 0
; automatic_infill_combination_max_layer_height = 100%
; avoid_crossing_curled_overhangs = 0
; avoid_crossing_perimeters = 0
; avoid_crossing_perimeters_max_detour = 0
; bed_custom_model = 
; bed_custom_texture = 
; bed_shape = 5x5,255x5,255x255,5x255
; bed_temperature = 60
; bed_temperature_extruder = 0
; before_layer_gcode = ;BEFORE_LAYER_CHANGE\nG92 E0\n;{layer_z}\n\n
; between_objects_gcode = 
; binary_gcode = 0
; bottom_fill_pattern = monotonic
; bottom_solid_layers = 4
; bottom_solid_min_thickness = 0
; bridge_acceleration = 250
; bridge_angle = 0
; bridge_fan_speed = 100
; bridge_flow_ratio = 0.95
; bridge_speed = 25
; brim_separation = 0
; brim_type = outer_only
; brim_width = 0
; chamber_minimal_temperature = 0
; chamber_temperature = 0
; color_change_gcode = M600
; colorprint_heights = 
; compatible_printers_condition_cummulative = "printer_model=~/(ENDER|CR|SERMOON).*/ and nozzle_diameter[0]==0.4";printer_notes=~/.*PRINTER_VENDOR_CREALITY.*/
; complete_objects = 0
; cooling = 1
; cooling_perimeter_transition_distance = 0
; cooling_slowdown_logic = uniform_cooling
; cooling_tube_length = 5
; cooling_tube_retraction = 91.5
; custom_parameters_filament = ""
; custom_parameters_print = 
; custom_parameters_printer = 
; default_acceleration = 500
; default_filament_profile = "Generic PLA @CREALITY"
; default_print_profile = "0.16 mm OPTIMAL (0.4 mm nozzle) @CREALITY"
; deretract_speed = 40
; disable_fan_first_layers = 1
; dont_support_bridges = 1
; draft_shield = disabled
; duplicate_distance = 6
; elefant_foot_compensation = 0.1
; enable_dynamic_fan_speeds = 0
; enable_dynamic_overhang_speeds = 0
; end_filament_gcode = "; Filament-specific end gcode \n;END gcode for filament\n"
; end_gcode = {if max_layer_z < max_print_height}G1 Z{z_offset+min(max_layer_z+2, max_print_height)} F600{endif} ; Move print bed down\nG1 X50 Y50 F{travel_speed*60} ; move print head out of the way\n{if max_layer_z < max_print_height-10}G1 Z{z_offset+max_print_height-10} F600{endif} ; Move print bed close to the bottom\nM140 S0 ; turn off heatbed\nM104 S0 ; turn off temperature\nM107 ; turn off fan\nM84 X Y E ; disable motors
; ensure_vertical_shell_thickness = enabled
; external_perimeter_acceleration = 0
; external_perimeter_extrusion_width = 0.42
; external_perimeter_speed = 25
; external_perimeters_first = 0
; extra_loading_move = -2
; extra_perimeters = 0
; extra_perimeters_on_overhangs = 0
; extruder_clearance_height = 25
; extruder_clearance_radius = 55
; extruder_colour = #FCE94F
; extruder_offset = 0x0
; extrusion_axis = E
; extrusion_multiplier = 1
; extrusion_width = 0.44
; fan_always_on = 1
; fan_below_layer_time = 100
; filament_abrasive = 0
; filament_colour = #DDDDDD
; filament_cooling_final_speed = 3.4
; filament_cooling_initial_speed = 2.2
; filament_cooling_moves = 4
; filament_cost = 20
; filament_density = 1.24
; filament_deretract_speed = nil
; filament_diameter = 1.75
; filament_infill_max_crossing_speed = 0
; filament_infill_max_speed = 0
; filament_load_time = 0
; filament_loading_speed = 28
; filament_loading_speed_start = 3
; filament_max_volumetric_speed = 15
; filament_minimal_purge_on_wipe_tower = 15
; filament_multitool_ramming = 0
; filament_multitool_ramming_flow = 10
; filament_multitool_ramming_volume = 10
; filament_notes = ""
; filament_purge_multiplier = 100%
; filament_ramming_parameters = "120 100 6.6 6.8 7.2 7.6 7.9 8.2 8.7 9.4 9.9 10.0| 0.05 6.6 0.45 6.8 0.95 7.8 1.45 8.3 1.95 9.7 2.45 10 2.95 7.6 3.45 7.6 3.95 7.6 4.45 7.6 4.95 7.6"
; filament_retract_before_travel = nil
; filament_retract_before_wipe = nil
; filament_retract_layer_change = nil
; filament_retract_length = nil
; filament_retract_length_toolchange = nil
; filament_retract_lift = nil
; filament_retract_lift_above = nil
; filament_retract_lift_below = nil
; filament_retract_restart_extra = nil
; filament_retract_restart_extra_toolchange = nil
; filament_retract_speed = nil
; filament_seam_gap_distance = nil
; filament_settings_id = "Generic PLA @CREALITY"
; filament_shrinkage_compensation_xy = 0%
; filament_shrinkage_compensation_z = 0%
; filament_soluble = 0
; filament_spool_weight = 0
; filament_stamping_distance = 0
; filament_stamping_loading_speed = 20
; filament_toolchange_delay = 0
; filament_travel_lift_before_obstacle = nil
; filament_travel_max_lift = nil
; filament_travel_ramping_lift = nil
; filament_travel_slope = nil
; filament_type = PLA
; filament_unload_time = 0
; filament_unloading_speed = 90
; filament_unloading_speed_start = 100
; filament_vendor = Generic
; filament_wipe = nil
; fill_angle = 45
; fill_density = 25%
; fill_pattern = grid
; first_layer_acceleration = 0
; first_layer_acceleration_over_raft = 0
; first_layer_bed_temperature = 60
; first_layer_extrusion_width = 0.42
; first_layer_height = 0.2
; first_layer_infill_speed = 0
; first_layer_speed = 20
; first_layer_speed_over_raft = 30
; first_layer_temperature = 210
; full_fan_speed_layer = 0
; fuzzy_skin = none
; fuzzy_skin_point_dist = 0.8
; fuzzy_skin_thickness = 0.3
; gap_fill_enabled = 1
; gap_fill_speed = 30
; gcode_comments = 0
; gcode_flavor = marlin
; gcode_label_objects = octoprint
; gcode_resolution = 0.0125
; gcode_substitutions = 
; high_current_on_filament_swap = 0
; host_type = prusalink
; idle_temperature = 150
; infill_acceleration = 0
; infill_anchor = 600%
; infill_anchor_max = 50
; infill_every_layers = 1
; infill_extruder = 1
; infill_extrusion_width = 0.44
; infill_first = 0
; infill_overlap = 23%
; infill_speed = 50
; interface_shells = 0
; interlocking_beam = 0
; interlocking_beam_layer_count = 2
; interlocking_beam_width = 0.8
; interlocking_boundary_avoidance = 2
; interlocking_depth = 2
; interlocking_orientation = 22.5
; ironing = 0
; ironing_flowrate = 10%
; ironing_spacing = 0.1
; ironing_speed = 20
; ironing_type = top
; layer_gcode = ;AFTER_LAYER_CHANGE\n;{layer_z}
; layer_height = 0.2
; machine_limits_usage = emit_to_gcode
; machine_max_acceleration_e = 5000
; machine_max_acceleration_extruding = 500
; machine_max_acceleration_retracting = 1000
; machine_max_acceleration_travel = 500
; machine_max_acceleration_x = 500
; machine_max_acceleration_y = 500
; machine_max_acceleration_z = 100
; machine_max_feedrate_e = 60
; machine_max_feedrate_x = 500
; machine_max_feedrate_y = 500
; machine_max_feedrate_z = 10
; machine_max_jerk_e = 5
; machine_max_jerk_x = 8
; machine_max_jerk_y = 8
; machine_max_jerk_z = 0.4
; machine_min_extruding_rate = 0
; machine_min_travel_rate = 0
; max_fan_speed = 100
; max_layer_height = 0.32
; max_print_height = 400
; max_print_speed = 100
; max_volumetric_extrusion_rate_slope_negative = 0
; max_volumetric_extrusion_rate_slope_positive = 0
; max_volumetric_speed = 0
; min_bead_width = 85%
; min_fan_speed = 100
; min_feature_size = 25%
; min_layer_height = 0.06
; min_print_speed = 15
; min_skirt_length = 4
; mmu_segmented_region_interlocking_depth = 0
; mmu_segmented_region_max_width = 0
; multimaterial_purging = 140
; notes = 
; nozzle_diameter = 0.4
; nozzle_high_flow = 0
; only_one_perimeter_first_layer = 0
; only_retract_when_crossing_perimeters = 0
; ooze_prevention = 0
; output_filename_format = {input_filename_base}_{print_time}_{digits(layer_height,1,2)}mm_{temperature[0]}C_{filament_type[0]}_{printer_model}.gcode
; over_bridge_speed = 0
; overhang_fan_speed_0 = 0
; overhang_fan_speed_1 = 0
; overhang_fan_speed_2 = 0
; overhang_fan_speed_3 = 0
; overhang_speed_0 = 15
; overhang_speed_1 = 15
; overhang_speed_2 = 20
; overhang_speed_3 = 25
; overhangs = 1
; parking_pos_retraction = 92
; pause_print_gcode = 
; perimeter_acceleration = 0
; perimeter_extruder = 1
; perimeter_extrusion_width = 0.44
; perimeter_generator = arachne
; perimeter_speed = 40
; perimeters = 3
; physical_printer_settings_id = 
; post_process = 
; prefer_clockwise_movements = 0
; print_settings_id = 0.20 mm NORMAL (0.4 mm nozzle) @CREALITY
; printer_model = ENDER6
; printer_notes = Don't remove the following keywords! These keywords are used in the "compatible printer" condition of the print and filament profiles to link the particular print and filament profiles to this printer profile.\nPRINTER_VENDOR_CREALITY\nPRINTER_MODEL_ENDER6\nPRINTER_HAS_BOWDEN\nPRINTER_HAS_HIGHSPEED
; printer_settings_id = Creality Ender-6 (0.4 mm nozzle)
; printer_technology = FFF
; printer_variant = 0.4
; printer_vendor = 
; profile_vendor = Creality
; profile_version = 1.1.0
; raft_contact_distance = 0.1
; raft_expansion = 1.5
; raft_first_layer_density = 90%
; raft_first_layer_expansion = 3
; raft_layers = 0
; remaining_times = 0
; resolution = 0
; retract_before_travel = 2
; retract_before_wipe = 70%
; retract_layer_change = 1
; retract_length = 5
; retract_length_toolchange = 1
; retract_lift = 0
; retract_lift_above = 0.2
; retract_lift_below = 0
; retract_restart_extra = 0
; retract_restart_extra_toolchange = 0
; retract_speed = 60
; scarf_seam_entire_loop = 0
; scarf_seam_length = 20
; scarf_seam_max_segment_length = 1
; scarf_seam_on_inner_perimeters = 0
; scarf_seam_only_on_smooth = 1
; scarf_seam_placement = nowhere
; scarf_seam_start_height = 0%
; seam_gap_distance = 15%
; seam_position = nearest
; silent_mode = 0
; single_extruder_multi_material = 0
; single_extruder_multi_material_priming = 0
; skirt_distance = 3
; skirt_height = 2
; skirts = 1
; slice_closing_radius = 0.049
; slicing_mode = regular
; slowdown_below_layer_time = 20
; small_perimeter_speed = 25
; solid_infill_acceleration = 0
; solid_infill_below_area = 0
; solid_infill_every_layers = 0
; solid_infill_extruder = 1
; solid_infill_extrusion_width = 0.44
; solid_infill_speed = 40
; spiral_vase = 0
; staggered_inner_seams = 0
; standby_temperature_delta = -5
; start_filament_gcode = "; Filament gcode\n"
; start_gcode = G90 ; use absolute coordinates\nM83 ; extruder relative mode\nM104 S{is_nil(idle_temperature[0]) ? 150 : idle_temperature[0]} ; set temporary nozzle temp to prevent oozing during homing\nM140 S{first_layer_bed_temperature[0]} ; set final bed temp\nG4 S30 ; allow partial nozzle warmup\nG28 ; home all axis\nG1 Z50 F240\nG1 X2.0 Y10 F3000\nM104 S{first_layer_temperature[0]} ; set final nozzle temp\nM190 S{first_layer_bed_temperature[0]} ; wait for bed temp to stabilize\nM109 S{first_layer_temperature[0]} ; wait for nozzle temp to stabilize\nG1 Z0.28 F240\nG92 E0\nG1 X2.0 Y140 E10 F1500 ; prime the nozzle\nG1 X2.3 Y140 F5000\nG92 E0\nG1 X2.3 Y10 E10 F1200 ; prime the nozzle\nG92 E0
; support_material = 1
; support_material_angle = 0
; support_material_auto = 1
; support_material_bottom_contact_distance = 0
; support_material_bottom_interface_layers = -1
; support_material_buildplate_only = 1
; support_material_closing_radius = 2
; support_material_contact_distance = 0.15
; support_material_enforce_layers = 0
; support_material_extruder = 0
; support_material_extrusion_width = 0.36
; support_material_interface_contact_loops = 0
; support_material_interface_extruder = 0
; support_material_interface_layers = 2
; support_material_interface_pattern = rectilinear
; support_material_interface_spacing = 0.2
; support_material_interface_speed = 100%
; support_material_pattern = rectilinear
; support_material_spacing = 1
; support_material_speed = 40
; support_material_style = grid
; support_material_synchronize_layers = 0
; support_material_threshold = 40
; support_material_with_sheath = 0
; support_material_xy_spacing = 60%
; support_tree_angle = 40
; support_tree_angle_slow = 25
; support_tree_branch_diameter = 2
; support_tree_branch_diameter_angle = 5
; support_tree_branch_diameter_double_wall = 3
; support_tree_branch_distance = 1
; support_tree_tip_diameter = 0.8
; support_tree_top_rate = 15%
; temperature = 205
; template_custom_gcode = 
; thick_bridges = 1
; thin_walls = 0
; thumbnails = 
; thumbnails_format = PNG
; toolchange_gcode = 
; top_fill_pattern = monotonic
; top_infill_extrusion_width = 0.4
; top_one_perimeter_type = none
; top_solid_infill_acceleration = 0
; top_solid_infill_speed = 30
; top_solid_layers = 5
; top_solid_min_thickness = 0
; travel_acceleration = 0
; travel_lift_before_obstacle = 0
; travel_max_lift = 0
; travel_ramping_lift = 0
; travel_short_distance_acceleration = 0
; travel_slope = 0
; travel_speed = 150
; travel_speed_z = 0
; use_firmware_retraction = 0
; use_relative_e_distances = 1
; use_volumetric_e = 0
; variable_layer_height = 1
; wall_distribution_count = 1
; wall_transition_angle = 10
; wall_transition_filter_deviation = 25%
; wall_transition_length = 100%
; wipe = 1
; wipe_into_infill = 0
; wipe_into_objects = 0
; wipe_tower = 0
; wipe_tower_acceleration = 0
; wipe_tower_bridging = 10
; wipe_tower_brim_width = 2
; wipe_tower_cone_angle = 0
; wipe_tower_extra_flow = 100%
; wipe_tower_extra_spacing = 100%
; wipe_tower_extruder = 0
; wipe_tower_no_sparse_layers = 0
; wipe_tower_width = 60
; wiping_volumes_matrix = 0
; wiping_volumes_use_custom_matrix = 0
; xy_size_compensation = 0
; z_offset = 0
; prusaslicer_config = end
