; generated by PrusaSlicer 2.9.3 on 2025-11-24 at 16:04:30 UTC

; 

; external perimeters extrusion width = 0.42mm
; perimeters extrusion width = 0.44mm
; infill extrusion width = 0.44mm
; solid infill extrusion width = 0.44mm
; top infill extrusion width = 0.40mm
; support material extrusion width = 0.36mm
; first layer extrusion width = 0.42mm

M201 X500 Y500 Z100 E5000 ; sets maximum accelerations, mm/sec^2
M203 X500 Y500 Z10 E60 ; sets maximum feedrates, mm / sec
M204 S500 T1000 ; sets acceleration (S) and retract acceleration (R), mm/sec^2
M205 X8.00 Y8.00 Z0.40 E5.00 ; sets the jerk limits, mm/sec
M205 S0 T0 ; sets the minimum extruding and travel feed rate, mm/sec

; printing object Escuadra soporte motor.stl id:0 copy 0
; stop printing object Escuadra soporte motor.stl id:0 copy 0

;TYPE:Custom
G90 ; use absolute coordinates
M83 ; extruder relative mode
M104 S150 ; set temporary nozzle temp to prevent oozing during homing
M140 S60 ; set final bed temp
G4 S30 ; allow partial nozzle warmup
G28 ; home all axis
G1 Z50 F240
G1 X2.0 Y10 F3000
M104 S210 ; set final nozzle temp
M190 S60 ; wait for bed temp to stabilize
M109 S210 ; wait for nozzle temp to stabilize
G1 Z0.28 F240
G92 E0
G1 X2.0 Y140 E10 F1500 ; prime the nozzle
G1 X2.3 Y140 F5000
G92 E0
G1 X2.3 Y10 E10 F1200 ; prime the nozzle
G92 E0
G21 ; set units to millimeters
G90 ; use absolute coordinates
M83 ; use relative distances for extrusion
; Filament gcode
M107
;LAYER_CHANGE
;Z:0.2
;HEIGHT:0.2
G1 E-5 F3600
G1 Z.2 F9000
G1 X69.925 Y69.101
G1 E5 F2400
M204 S500
;TYPE:Skirt/Brim
;WIDTH:0.42
G1 X72 Y68.434 E.06834
G1 X188 Y68.434 E3.6371
G1 X189.63 Y68.829 E.05259
G1 X190.899 Y69.925 E.05257
G1 X191.566 Y72 E.06834
G1 X191.566 Y188 E3.6371
G1 X191.171 Y189.63 E.05259
G1 X190.075 Y190.899 E.05257
G1 X188 Y191.566 E.06834
G1 X168 Y191.566 E.62709
G1 X166.37 Y191.171 E.05259
G1 X165.479 Y190.521 E.03458
G1 X69.479 Y94.521 E4.2568
G1 X68.605 Y93.09 E.05257
G1 X68.434 Y92 E.03459
G1 X68.434 Y72 E.62709
G1 X68.829 Y70.37 E.05259
G1 X69.885 Y69.146 E.05069
G1 X70.182 Y69.424 F9000
G1 F2400
G1 X70.289 Y69.309 E.00493
G1 X72 Y68.811 E.05587
G1 X188 Y68.811 E3.6371
G1 X189.535 Y69.205 E.04969
G1 X190.691 Y70.289 E.04969
G1 X191.189 Y72 E.05587
G1 X191.189 Y188 E3.6371
G1 X190.795 Y189.535 E.04969
G1 X189.711 Y190.691 E.04969
G1 X188 Y191.189 E.05587
G1 X168 Y191.189 E.62709
G1 X166.465 Y190.795 E.04969
G1 X165.745 Y190.255 E.02822
G1 X69.745 Y94.255 E4.2568
G1 X68.938 Y92.891 E.04969
G1 X68.811 Y92 E.02822
G1 X68.811 Y72 E.62709
G1 X69.205 Y70.465 E.04969
G1 X70.141 Y69.468 E.04288
G1 E-3.5 F3600
;WIPE_START
G1 F7200
G1 X70.182 Y69.424 E-.02857
G1 X70.289 Y69.309 E-.07461
G1 X72 Y68.811 E-.84645
G1 X73.159 Y68.811 E-.55037
;WIPE_END
; printing object Escuadra soporte motor.stl id:0 copy 0
G1 X99.315 Y91.599 F9000
G1 E5 F2400
;TYPE:Perimeter
;WIDTH:0.419999
G1 X99.414 Y91.363 E.00802
G1 X99.657 Y91.11 E.011
G1 X99.954 Y90.969 E.01031
G1 X100.203 Y90.936 E.00788
G1 X168.121 Y90.936 E2.12952
G1 X168.415 Y90.983 E.00934
G1 X168.726 Y91.156 E.01116
G1 X168.947 Y91.424 E.01089
G1 X169.05 Y91.714 E.00965
G1 X169.064 Y92.778 E.03336
G1 X169.064 Y159.797 E2.10133
G1 X168.995 Y160.152 E.01134
G1 X168.848 Y160.398 E.00899
G1 X168.551 Y160.636 E.01193
G1 X168.094 Y160.794 E.01516
G1 X167.801 Y160.786 E.00919
G1 X167.494 Y160.672 E.01027
G1 X167.305 Y160.526 E.00749
G1 X99.474 Y92.695 E3.00773
G1 X99.289 Y92.431 E.01011
G1 X99.203 Y92.124 E.01
G1 X99.221 Y91.822 E.00949
G1 X99.292 Y91.654 E.00572
G1 X99.658 Y91.74 F9000
G1 F2400
G1 X99.797 Y91.485 E.00911
G1 X100.012 Y91.346 E.00803
G1 X100.203 Y91.313 E.00608
G1 X168.121 Y91.313 E2.12952
G1 X168.365 Y91.368 E.00784
G1 X168.579 Y91.546 E.00873
G1 X168.678 Y91.78 E.00797
G1 X168.687 Y92.778 E.03129
G1 X168.687 Y159.797 E2.10133
G1 X168.623 Y160.059 E.00846
G1 X168.426 Y160.273 E.00912
G1 X168.045 Y160.42 E.0128
G1 X167.769 Y160.387 E.00872
G1 X167.572 Y160.259 E.00737
G1 X99.741 Y92.428 E3.00773
G1 X99.597 Y92.183 E.00891
G1 X99.578 Y92.086 E.0031
G1 X99.618 Y91.812 E.00868
G1 X99.629 Y91.793 E.00069
G1 X100.011 Y91.887 F9000
;TYPE:External perimeter
G1 F2400
G1 X100.056 Y91.761 E.0042
G1 X100.203 Y91.69 E.00512
G1 X168.121 Y91.69 E2.12952
G1 X168.258 Y91.749 E.00468
G1 X168.31 Y91.879 E.00439
G1 X168.31 Y159.797 E2.12952
G1 X168.246 Y159.938 E.00486
G1 X167.969 Y160.048 E.00934
G1 X167.838 Y159.992 E.00447
G1 X100.008 Y92.162 E3.00769
G1 X99.953 Y92.048 E.00397
G1 X99.991 Y91.943 E.0035
G1 E-3.5 F3600
;WIPE_START
G1 F7200
G1 X100.011 Y91.887 E-.02825
G1 X100.056 Y91.761 E-.06355
G1 X100.203 Y91.69 E-.07754
G1 X103.004 Y91.69 E-1.33066
;WIPE_END
G1 X89.732 Y84.42 F9000
G1 E5 F2400
;TYPE:Perimeter
G1 X89.639 Y84.535 E.00464
G1 X89.039 Y84.953 E.02293
G1 X88.502 Y85.324 E.02046
G1 X88.195 Y85.463 E.01057
G1 X88.08 Y85.484 E.00367
G1 X86.785 Y85.641 E.0409
G1 X86.43 Y85.616 E.01116
G1 X85.118 Y85.124 E.04393
G1 X84.811 Y84.934 E.01132
G1 X83.881 Y83.892 E.04379
G1 X83.707 Y83.605 E.01052
G1 X83.36 Y82.226 E.04459
G1 X83.339 Y81.886 E.01068
G1 X83.672 Y80.508 E.04445
G1 X83.804 Y80.209 E.01025
G1 X83.881 Y80.108 E.00398
G1 X84.746 Y79.132 E.04089
G1 X84.974 Y78.945 E.00925
G1 X86.337 Y78.413 E.04588
G1 X86.672 Y78.352 E.01068
G1 X88.08 Y78.516 E.04445
G1 X88.305 Y78.572 E.00727
G1 X88.502 Y78.676 E.00698
G1 X89.575 Y79.417 E.04089
G1 X89.8 Y79.636 E.00984
G1 X89.874 Y79.755 E.00439
G1 X90.481 Y80.91 E.04091
G1 X90.585 Y81.27 E.01175
G1 X90.589 Y82.652 E.04333
G1 X90.519 Y83.007 E.01135
G1 X89.874 Y84.245 E.04377
G1 X89.77 Y84.374 E.0052
G1 X89.451 Y84.171 F9000
G1 F2400
G1 X89.361 Y84.273 E.00427
G1 X88.288 Y85.014 E.04089
G1 X88.035 Y85.11 E.00848
G1 X86.74 Y85.267 E.0409
G1 X86.471 Y85.234 E.0085
G1 X85.251 Y84.772 E.0409
G1 X85.029 Y84.618 E.00847
G1 X84.164 Y83.641 E.04091
G1 X84.038 Y83.402 E.00847
G1 X83.726 Y82.135 E.04091
G1 X83.726 Y81.865 E.00847
G1 X84.038 Y80.598 E.04091
G1 X84.164 Y80.359 E.00847
G1 X85.029 Y79.382 E.04091
G1 X85.251 Y79.228 E.00847
G1 X86.471 Y78.766 E.0409
G1 X86.74 Y78.733 E.0085
G1 X88.035 Y78.891 E.0409
G1 X88.288 Y78.986 E.00847
G1 X89.361 Y79.727 E.04089
G1 X89.541 Y79.93 E.00851
G1 X90.147 Y81.085 E.0409
G1 X90.212 Y81.348 E.00849
G1 X90.212 Y82.652 E.04089
G1 X90.147 Y82.915 E.00849
G1 X89.541 Y84.07 E.0409
G1 X89.491 Y84.126 E.00235
G1 X89.168 Y83.923 F9000
;TYPE:External perimeter
G1 F2400
G1 X88.61 Y84.333 E.02171
G1 X88.073 Y84.703 E.02045
G1 X87.989 Y84.735 E.00282
G1 X86.694 Y84.892 E.0409
G1 X86.605 Y84.882 E.00281
G1 X85.385 Y84.419 E.04091
G1 X85.021 Y84.04 E.01648
G1 X84.446 Y83.391 E.02719
G1 X84.404 Y83.312 E.00281
G1 X84.092 Y82.045 E.04091
G1 X84.092 Y81.955 E.00282
G1 X84.404 Y80.688 E.04091
G1 X84.446 Y80.609 E.00281
G1 X85.311 Y79.632 E.04091
G1 X85.385 Y79.581 E.00282
G1 X86.605 Y79.118 E.04091
G1 X86.694 Y79.108 E.00281
G1 X87.989 Y79.265 E.0409
G1 X88.073 Y79.297 E.00282
G1 X89.147 Y80.038 E.04091
G1 X89.207 Y80.105 E.00282
G1 X89.813 Y81.26 E.0409
G1 X89.834 Y82.652 E.04365
G1 X89.212 Y83.884 E.04327
G1 E-3.5 F3600
;WIPE_START
G1 F7200
G1 X89.168 Y83.923 E-.02793
G1 X88.61 Y84.333 E-.32891
G1 X88.073 Y84.703 E-.30976
G1 X87.989 Y84.735 E-.0427
G1 X86.694 Y84.892 E-.61963
G1 X86.605 Y84.882 E-.04254
G1 X86.352 Y84.786 E-.12853
;WIPE_END
G1 X174.35 Y82 F9000
G1 E5 F2400
;TYPE:Perimeter
G1 X174.344 Y81.854 E.00458
G1 X174.672 Y80.508 E.04344
G1 X174.804 Y80.209 E.01025
G1 X174.881 Y80.108 E.00398
G1 X175.746 Y79.132 E.04089
G1 X175.974 Y78.945 E.00925
G1 X177.337 Y78.413 E.04588
G1 X177.672 Y78.352 E.01068
G1 X179.08 Y78.516 E.04445
G1 X179.305 Y78.572 E.00727
G1 X179.502 Y78.676 E.00698
G1 X180.575 Y79.417 E.04089
G1 X180.786 Y79.617 E.00912
G1 X180.874 Y79.755 E.00513
G1 X181.481 Y80.91 E.04091
G1 X181.56 Y81.119 E.00701
G1 X181.589 Y81.348 E.00724
G1 X181.589 Y82.652 E.04089
G1 X181.56 Y82.881 E.00724
G1 X181.481 Y83.09 E.00701
G1 X180.874 Y84.245 E.04091
G1 X180.686 Y84.494 E.00978
G1 X179.502 Y85.324 E.04534
G1 X179.178 Y85.467 E.0111
G1 X179.08 Y85.484 E.00312
G1 X177.785 Y85.641 E.0409
G1 X177.409 Y85.611 E.01183
G1 X176.118 Y85.124 E.04326
G1 X175.815 Y84.938 E.01115
G1 X174.881 Y83.892 E.04397
G1 X174.7 Y83.584 E.0112
G1 X174.36 Y82.226 E.04389
G1 X174.352 Y82.06 E.00521
G1 X174.726 Y82 F9000
G1 F2400
G1 X174.726 Y81.865 E.00423
G1 X175.038 Y80.598 E.04091
G1 X175.164 Y80.359 E.00847
G1 X176.029 Y79.382 E.04091
G1 X176.165 Y79.27 E.00552
G1 X177.471 Y78.766 E.04389
G1 X177.74 Y78.733 E.0085
G1 X179.035 Y78.89 E.0409
G1 X179.288 Y78.986 E.00848
G1 X180.361 Y79.727 E.04089
G1 X180.541 Y79.93 E.00851
G1 X181.147 Y81.085 E.0409
G1 X181.212 Y81.348 E.00849
G1 X181.212 Y82.652 E.04089
G1 X181.147 Y82.915 E.00849
G1 X180.541 Y84.07 E.0409
G1 X180.361 Y84.273 E.00851
G1 X179.288 Y85.014 E.04089
G1 X179.035 Y85.11 E.00848
G1 X177.74 Y85.267 E.0409
G1 X177.471 Y85.234 E.0085
G1 X176.251 Y84.772 E.0409
G1 X176.029 Y84.618 E.00847
G1 X175.164 Y83.641 E.04091
G1 X175.038 Y83.402 E.00847
G1 X174.726 Y82.135 E.04091
G1 X174.726 Y82.06 E.00235
G1 X175.092 Y82 F9000
;TYPE:External perimeter
G1 F2400
G1 X175.092 Y81.955 E.00141
G1 X175.404 Y80.688 E.04091
G1 X175.446 Y80.609 E.00281
G1 X176.356 Y79.595 E.04272
G1 X177.605 Y79.118 E.04192
G1 X177.694 Y79.108 E.00281
G1 X178.989 Y79.265 E.0409
G1 X179.073 Y79.297 E.00282
G1 X180.147 Y80.038 E.04091
G1 X180.207 Y80.105 E.00282
G1 X180.813 Y81.26 E.0409
G1 X180.834 Y81.348 E.00284
G1 X180.834 Y82.652 E.04089
G1 X180.813 Y82.74 E.00284
G1 X180.207 Y83.895 E.0409
G1 X180.147 Y83.962 E.00282
G1 X179.073 Y84.703 E.04091
G1 X178.989 Y84.735 E.00282
G1 X177.694 Y84.892 E.0409
G1 X176.995 Y84.65 E.02319
G1 X176.385 Y84.419 E.02045
G1 X175.446 Y83.391 E.04365
G1 X175.096 Y82.06 E.04315
G1 E-3.5 F3600
;WIPE_START
G1 F7200
G1 X175.092 Y82 E-.02856
G1 X175.092 Y81.955 E-.02138
G1 X175.404 Y80.688 E-.6198
G1 X175.446 Y80.609 E-.0425
G1 X176.356 Y79.595 E-.64717
G1 X176.632 Y79.49 E-.14059
;WIPE_END
G1 X177.94 Y143.447 F9000
G1 E5 F2400
;TYPE:Perimeter
G1 X178.15 Y143.44 E.00659
G1 X179.238 Y143.651 E.03475
G1 X179.578 Y143.792 E.01154
G1 X180.429 Y144.361 E.0321
G1 X180.689 Y144.621 E.01153
G1 X181.258 Y145.472 E.0321
G1 X181.399 Y145.812 E.01154
G1 X181.596 Y146.804 E.03171
G1 X181.614 Y146.988 E.0058
G1 X181.614 Y152.012 E.15752
G1 X181.596 Y152.196 E.0058
G1 X181.399 Y153.188 E.03171
G1 X181.258 Y153.528 E.01154
G1 X180.689 Y154.379 E.0321
G1 X180.429 Y154.639 E.01153
G1 X179.578 Y155.208 E.0321
G1 X179.238 Y155.349 E.01154
G1 X178.246 Y155.546 E.03171
G1 X177.845 Y155.56 E.01258
G1 X176.831 Y155.362 E.03239
G1 X176.513 Y155.262 E.01045
G1 X175.571 Y154.639 E.03541
G1 X175.311 Y154.379 E.01153
G1 X174.742 Y153.528 E.0321
G1 X174.601 Y153.188 E.01154
G1 X174.404 Y152.196 E.03171
G1 X174.386 Y152.012 E.0058
G1 X174.386 Y146.988 E.15752
G1 X174.404 Y146.804 E.0058
G1 X174.601 Y145.812 E.03171
G1 X174.742 Y145.472 E.01154
G1 X175.311 Y144.621 E.0321
G1 X175.571 Y144.361 E.01153
G1 X176.422 Y143.792 E.0321
G1 X176.762 Y143.651 E.01154
G1 X177.754 Y143.454 E.03171
G1 X177.88 Y143.45 E.00395
G1 X177.944 Y143.824 F9000
G1 F2400
G1 X178.172 Y143.824 E.00715
G1 X179.164 Y144.021 E.03171
G1 X179.368 Y144.106 E.00693
G1 X180.22 Y144.674 E.03211
G1 X180.376 Y144.83 E.00692
G1 X180.944 Y145.682 E.03211
G1 X181.029 Y145.886 E.00693
G1 X181.226 Y146.878 E.03171
G1 X181.237 Y152.012 E.16097
G1 X181.029 Y153.114 E.03516
G1 X180.944 Y153.318 E.00693
G1 X180.376 Y154.17 E.03211
G1 X180.22 Y154.326 E.00692
G1 X179.368 Y154.894 E.03211
G1 X179.164 Y154.979 E.00693
G1 X178.172 Y155.176 E.03171
G1 X177.828 Y155.176 E.01079
G1 X176.836 Y154.979 E.03171
G1 X176.632 Y154.894 E.00693
G1 X175.78 Y154.326 E.03211
G1 X175.624 Y154.17 E.00692
G1 X175.056 Y153.318 E.03211
G1 X174.971 Y153.114 E.00693
G1 X174.774 Y152.122 E.03171
G1 X174.763 Y146.988 E.16097
G1 X174.971 Y145.886 E.03516
G1 X175.056 Y145.682 E.00693
G1 X175.624 Y144.83 E.03211
G1 X175.78 Y144.674 E.00692
G1 X176.632 Y144.106 E.03211
G1 X176.836 Y144.021 E.00693
G1 X177.828 Y143.824 E.03171
G1 X177.884 Y143.824 E.00176
G1 X177.947 Y144.194 F9000
;TYPE:External perimeter
G1 F2400
G1 X178.099 Y144.194 E.00477
G1 X179.091 Y144.391 E.03171
G1 X179.159 Y144.419 E.00231
G1 X180.01 Y144.988 E.0321
G1 X180.062 Y145.04 E.00231
G1 X180.631 Y145.891 E.0321
G1 X180.659 Y145.959 E.00231
G1 X180.856 Y146.951 E.03171
G1 X180.86 Y152.012 E.15868
G1 X180.659 Y153.041 E.03287
G1 X180.631 Y153.109 E.00231
G1 X180.062 Y153.96 E.0321
G1 X180.01 Y154.012 E.00231
G1 X179.159 Y154.581 E.0321
G1 X178.099 Y154.806 E.03398
G1 X177.901 Y154.806 E.00621
G1 X176.909 Y154.609 E.03171
G1 X176.841 Y154.581 E.00231
G1 X175.99 Y154.012 E.0321
G1 X175.938 Y153.96 E.00231
G1 X175.369 Y153.109 E.0321
G1 X175.341 Y153.041 E.00231
G1 X175.144 Y152.049 E.03171
G1 X175.14 Y146.988 E.15868
G1 X175.341 Y145.959 E.03287
G1 X175.369 Y145.891 E.00231
G1 X175.938 Y145.04 E.0321
G1 X175.99 Y144.988 E.00231
G1 X176.841 Y144.419 E.0321
G1 X176.909 Y144.391 E.00231
G1 X177.887 Y144.196 E.03127
G1 E-3.5 F3600
;WIPE_START
G1 F7200
G1 X177.947 Y144.194 E-.02852
G1 X178.099 Y144.194 E-.0722
G1 X179.091 Y144.391 E-.4804
G1 X179.159 Y144.419 E-.03493
G1 X180.01 Y144.988 E-.48626
G1 X180.062 Y145.04 E-.03493
G1 X180.486 Y145.675 E-.36276
;WIPE_END
G1 X177.847 Y168.451 F9000
G1 E5 F2400
;TYPE:Perimeter
G1 X178.155 Y168.44 E.00966
G1 X178.911 Y168.586 E.02414
G1 X179.461 Y168.726 E.01779
G1 X179.578 Y168.792 E.00421
G1 X180.429 Y169.361 E.0321
G1 X180.689 Y169.621 E.01153
G1 X181.258 Y170.472 E.0321
G1 X181.399 Y170.812 E.01154
G1 X181.596 Y171.804 E.03171
G1 X181.614 Y171.988 E.0058
G1 X181.614 Y177.012 E.15752
G1 X181.596 Y177.196 E.0058
G1 X181.399 Y178.188 E.03171
G1 X181.258 Y178.528 E.01154
G1 X180.689 Y179.379 E.0321
G1 X180.429 Y179.639 E.01153
G1 X179.578 Y180.208 E.0321
G1 X179.238 Y180.349 E.01154
G1 X178.246 Y180.546 E.03171
G1 X177.754 Y180.546 E.01543
G1 X176.762 Y180.349 E.03171
G1 X176.422 Y180.208 E.01154
G1 X175.571 Y179.639 E.0321
G1 X175.311 Y179.379 E.01153
G1 X174.742 Y178.528 E.0321
G1 X174.601 Y178.188 E.01154
G1 X174.404 Y177.196 E.03171
G1 X174.386 Y177.012 E.0058
G1 X174.386 Y171.988 E.15752
G1 X174.404 Y171.804 E.0058
G1 X174.601 Y170.812 E.03171
G1 X174.742 Y170.472 E.01154
G1 X175.311 Y169.621 E.0321
G1 X175.571 Y169.361 E.01153
G1 X176.422 Y168.792 E.0321
G1 X176.762 Y168.651 E.01154
G1 X177.754 Y168.454 E.03171
G1 X177.787 Y168.453 E.00104
G1 X177.884 Y168.824 F9000
G1 F2400
G1 X178.172 Y168.824 E.00903
G1 X179.164 Y169.021 E.03171
G1 X179.368 Y169.106 E.00693
G1 X180.22 Y169.674 E.03211
G1 X180.376 Y169.83 E.00692
G1 X180.944 Y170.682 E.03211
G1 X181.029 Y170.886 E.00693
G1 X181.237 Y171.988 E.03516
G1 X181.226 Y177.122 E.16097
G1 X181.029 Y178.114 E.03171
G1 X180.944 Y178.318 E.00693
G1 X180.376 Y179.17 E.03211
G1 X180.22 Y179.326 E.00692
G1 X179.368 Y179.894 E.03211
G1 X179.164 Y179.979 E.00693
G1 X178.172 Y180.176 E.03171
G1 X177.828 Y180.176 E.01079
G1 X176.836 Y179.979 E.03171
G1 X176.632 Y179.894 E.00693
G1 X175.78 Y179.326 E.03211
G1 X175.624 Y179.17 E.00692
G1 X175.056 Y178.318 E.03211
G1 X174.971 Y178.114 E.00693
G1 X174.763 Y177.012 E.03516
G1 X174.763 Y171.988 E.15752
G1 X174.971 Y170.886 E.03516
G1 X175.056 Y170.682 E.00693
G1 X175.624 Y169.83 E.03211
G1 X175.78 Y169.674 E.00692
G1 X176.632 Y169.106 E.03211
G1 X176.904 Y169.007 E.00908
G1 X177.824 Y168.825 E.0294
G1 X177.92 Y169.194 F9000
;TYPE:External perimeter
G1 F2400
G1 X178.099 Y169.194 E.00561
G1 X179.091 Y169.391 E.03171
G1 X179.159 Y169.419 E.00231
G1 X180.01 Y169.988 E.0321
G1 X180.062 Y170.04 E.00231
G1 X180.631 Y170.891 E.0321
G1 X180.659 Y170.959 E.00231
G1 X180.86 Y171.988 E.03287
G1 X180.856 Y177.049 E.15868
G1 X180.659 Y178.041 E.03171
G1 X180.631 Y178.109 E.00231
G1 X180.062 Y178.96 E.0321
G1 X180.01 Y179.012 E.00231
G1 X179.159 Y179.581 E.0321
G1 X179.091 Y179.609 E.00231
G1 X178.099 Y179.806 E.03171
G1 X177.901 Y179.806 E.00621
G1 X176.909 Y179.609 E.03171
G1 X176.841 Y179.581 E.00231
G1 X175.99 Y179.012 E.0321
G1 X175.565 Y178.403 E.02328
G1 X175.341 Y178.041 E.01335
G1 X175.14 Y177.012 E.03287
G1 X175.14 Y171.988 E.15752
G1 X175.341 Y170.959 E.03287
G1 X175.369 Y170.891 E.00231
G1 X175.938 Y170.04 E.0321
G1 X175.99 Y169.988 E.00231
G1 X176.841 Y169.419 E.0321
G1 X177.861 Y169.202 E.0327
G1 E-3.5 F3600
;WIPE_START
G1 F7200
G1 X177.92 Y169.194 E-.02828
G1 X178.099 Y169.194 E-.08502
G1 X179.091 Y169.391 E-.4804
G1 X179.159 Y169.419 E-.03493
G1 X180.01 Y169.988 E-.48626
G1 X180.062 Y170.04 E-.03493
G1 X180.472 Y170.653 E-.35018
;WIPE_END
G1 X168.441 Y186.936 F9000
G1 E5 F2400
;TYPE:Perimeter
G1 X73.064 Y91.559 E4.22917
G1 X73.064 Y73.064 E.5799
G1 X186.936 Y73.064 E3.57037
G1 X186.936 Y76.783 E.11661
G1 X186.936 Y186.936 E3.45376
G1 X168.501 Y186.936 E.57802
G1 X168.285 Y187.313 F9000
G1 F2400
G1 X72.687 Y91.715 E4.23897
G1 X72.687 Y72.687 E.59661
G1 X187.313 Y72.687 E3.59401
G1 X187.313 Y76.783 E.12843
G1 X187.313 Y187.313 E3.46558
G1 X168.345 Y187.313 E.59473
G1 X168.128 Y187.69 F9000
;TYPE:External perimeter
G1 F2400
G1 X72.31 Y91.872 E4.24872
G1 X72.31 Y72.31 E.61335
G1 X187.69 Y72.31 E3.61765
G1 X187.69 Y76.783 E.14025
G1 X187.69 Y187.69 E3.47741
G1 X168.188 Y187.69 E.61147
G1 E-3.5 F3600
;WIPE_START
G1 F7200
G1 X168.128 Y187.69 E-.0285
G1 X165.937 Y185.499 E-1.4715
;WIPE_END
G1 X186.051 Y73.185 F9000
G1 E5 F2400
;TYPE:Solid infill
;WIDTH:0.420861
G1 X186.645 Y73.779 E.0264
G1 X186.645 Y74.314 E.01681
G1 X185.686 Y73.355 E.04262
G1 X185.152 Y73.355 E.01678
G1 X186.645 Y74.848 E.06635
G1 X186.645 Y75.383 E.01681
G1 X184.617 Y73.355 E.09013
G1 X184.083 Y73.355 E.01678
G1 X186.645 Y75.917 E.11386
G1 X186.645 Y76.452 E.01681
G1 X183.548 Y73.355 E.13764
G1 X183.014 Y73.355 E.01678
G1 X186.645 Y76.986 E.16137
G1 X186.645 Y77.521 E.01681
G1 X182.479 Y73.355 E.18515
G1 X181.945 Y73.355 E.01678
G1 X186.645 Y78.055 E.20888
G1 X186.645 Y78.59 E.01681
G1 X181.41 Y73.355 E.23266
G1 X180.876 Y73.355 E.01678
G1 X186.645 Y79.124 E.25639
G1 X186.645 Y79.659 E.01681
G1 X180.341 Y73.355 E.28017
G1 X179.807 Y73.355 E.01678
G1 X186.645 Y80.193 E.3039
G1 X186.645 Y80.728 E.01681
G1 X179.272 Y73.355 E.32768
G1 X178.738 Y73.355 E.01678
G1 X186.645 Y81.262 E.35141
G1 X186.645 Y81.797 E.01681
G1 X178.203 Y73.355 E.37519
G1 X177.669 Y73.355 E.01678
G1 X186.645 Y82.331 E.39892
G1 X186.645 Y82.866 E.01681
G1 X177.134 Y73.355 E.4227
G1 X176.6 Y73.355 E.01678
G1 X186.645 Y83.4 E.44643
G1 X186.645 Y83.935 E.01681
G1 X176.065 Y73.355 E.47021
G1 X175.531 Y73.355 E.01678
G1 X186.645 Y84.469 E.49394
G1 X186.645 Y85.004 E.01681
G1 X174.996 Y73.355 E.51772
G1 X174.462 Y73.355 E.01678
G1 X179.408 Y78.3 E.21979
G1 X179.662 Y78.434 E.00902
G1 X180.881 Y79.291 E.04683
G1 X181.017 Y79.44 E.00634
G1 X181.13 Y79.616 E.00657
G1 X181.578 Y80.471 E.03033
G1 X186.645 Y85.538 E.22519
G1 X186.645 Y86.072 E.01678
G1 X181.874 Y81.301 E.21204
G1 X181.879 Y81.84 E.01694
G1 X186.645 Y86.607 E.21184
G1 X186.645 Y87.141 E.01678
G1 X181.879 Y82.375 E.21182
G1 X181.879 Y82.658 E.00889
G1 X181.851 Y82.882 E.00709
G1 X186.645 Y87.676 E.21306
G1 X186.645 Y88.21 E.01678
G1 X181.711 Y83.276 E.21928
G1 X181.527 Y83.627 E.01245
G1 X186.645 Y88.745 E.22746
G1 X186.645 Y89.279 E.01678
G1 X181.343 Y83.977 E.23564
G1 X181.159 Y84.328 E.01245
G1 X186.645 Y89.814 E.24381
G1 X186.645 Y90.348 E.01678
G1 X180.941 Y84.644 E.2535
G1 X180.648 Y84.885 E.01192
G1 X186.645 Y90.883 E.26655
G1 X186.645 Y91.417 E.01678
G1 X180.332 Y85.104 E.28057
G1 X180.016 Y85.322 E.01206
G1 X186.645 Y91.952 E.29463
G1 X186.645 Y92.486 E.01678
G1 X179.699 Y85.54 E.3087
G1 X179.52 Y85.65 E.0066
G1 X179.34 Y85.715 E.00601
G1 X186.645 Y93.021 E.32468
G1 X186.645 Y93.555 E.01678
G1 X178.885 Y85.795 E.34488
G1 X178.411 Y85.855 E.01501
G1 X186.645 Y94.09 E.36597
G1 X186.645 Y94.624 E.01678
G1 X177.936 Y85.915 E.38705
G1 X177.813 Y85.93 E.00389
G1 X177.469 Y85.922 E.01081
G1 X177.387 Y85.9 E.00267
G1 X186.815 Y95.328 E.41901
G1 E-3.5 F3600
;WIPE_START
G1 F7200
G1 X184.582 Y93.095 E-1.5
;WIPE_END
G1 X173.758 Y73.185 F9000
G1 E5 F2400
G1 X178.758 Y78.185 E.22221
G1 X178.149 Y78.111 E.01928
G1 X173.393 Y73.355 E.21137
G1 X172.859 Y73.355 E.01678
G1 X177.574 Y78.07 E.20955
G1 X177.521 Y78.07 E.00167
G1 X177.145 Y78.176 E.01228
G1 X172.324 Y73.355 E.21426
G1 X171.79 Y73.355 E.01678
G1 X176.758 Y78.323 E.22079
G1 X176.37 Y78.47 E.01304
G1 X171.255 Y73.355 E.22733
G1 X170.721 Y73.355 E.01678
G1 X175.985 Y78.618 E.23393
G1 X175.827 Y78.694 E.00551
G1 X175.652 Y78.82 E.00678
G1 X170.186 Y73.355 E.2429
G1 X169.652 Y73.355 E.01678
G1 X175.392 Y79.095 E.2551
G1 X175.141 Y79.378 E.01189
G1 X169.117 Y73.355 E.2677
G1 X168.583 Y73.355 E.01678
G1 X174.89 Y79.661 E.28028
G1 X174.64 Y79.947 E.01194
G1 X168.048 Y73.355 E.29297
G1 X167.514 Y73.355 E.01678
G1 X174.442 Y80.283 E.3079
G1 X174.329 Y80.704 E.0137
G1 X166.979 Y73.355 E.32663
G1 X166.445 Y73.355 E.01678
G1 X174.222 Y81.132 E.34563
G1 X174.114 Y81.559 E.01384
G1 X165.91 Y73.355 E.36461
G1 X165.376 Y73.355 E.01678
G1 X174.044 Y82.023 E.38523
G1 X174.076 Y82.289 E.00842
G1 X174.174 Y82.688 E.01291
G1 X164.841 Y73.355 E.41479
G1 X164.307 Y73.355 E.01678
G1 X174.349 Y83.397 E.4463
G1 X174.482 Y83.815 E.01378
G1 X174.66 Y84.079 E.01001
G1 X175.533 Y85.065 E.04139
G1 X175.765 Y85.267 E.00967
G1 X176.009 Y85.394 E.00864
G1 X176.551 Y85.599 E.01821
G1 X186.645 Y95.693 E.44861
G1 X186.645 Y96.228 E.01681
G1 X163.772 Y73.355 E1.01654
G1 X163.238 Y73.355 E.01678
G1 X186.645 Y96.762 E1.04028
G1 X186.645 Y97.297 E.01681
G1 X162.703 Y73.355 E1.06405
G1 X162.169 Y73.355 E.01678
G1 X186.645 Y97.831 E1.08779
G1 X186.645 Y98.366 E.01681
G1 X161.634 Y73.355 E1.11156
G1 X161.1 Y73.355 E.01678
G1 X186.645 Y98.9 E1.1353
G1 X186.645 Y99.435 E.01681
G1 X160.565 Y73.355 E1.15907
G1 X160.031 Y73.355 E.01678
G1 X186.645 Y99.969 E1.18281
G1 X186.645 Y100.504 E.01681
G1 X159.496 Y73.355 E1.20658
G1 X158.962 Y73.355 E.01678
G1 X186.645 Y101.038 E1.23031
G1 X186.645 Y101.573 E.01681
G1 X158.427 Y73.355 E1.25409
G1 X157.893 Y73.355 E.01678
G1 X186.645 Y102.107 E1.27782
G1 X186.645 Y102.642 E.01681
G1 X157.358 Y73.355 E1.3016
G1 X156.824 Y73.355 E.01678
G1 X186.645 Y103.176 E1.32533
G1 X186.645 Y103.711 E.01681
G1 X156.289 Y73.355 E1.34911
G1 X155.755 Y73.355 E.01678
G1 X186.645 Y104.245 E1.37284
G1 X186.645 Y104.78 E.01681
G1 X155.22 Y73.355 E1.39662
G1 X154.686 Y73.355 E.01678
G1 X186.645 Y105.314 E1.42035
G1 X186.645 Y105.849 E.01681
G1 X154.151 Y73.355 E1.44413
G1 X153.617 Y73.355 E.01678
G1 X186.645 Y106.383 E1.46786
G1 X186.645 Y106.918 E.01681
G1 X153.082 Y73.355 E1.49164
G1 X152.548 Y73.355 E.01678
G1 X186.645 Y107.452 E1.51537
G1 X186.645 Y107.987 E.01681
G1 X152.013 Y73.355 E1.53915
G1 X151.479 Y73.355 E.01678
G1 X186.645 Y108.521 E1.56288
G1 X186.645 Y109.056 E.01681
G1 X169.337 Y91.747 E.76924
G1 X169.309 Y91.544 E.00644
G1 X169.202 Y91.283 E.00886
G1 X169.019 Y91.032 E.00976
G1 X168.888 Y90.912 E.00558
G1 X168.655 Y90.766 E.00864
G1 X168.504 Y90.706 E.00511
G1 X168.241 Y90.651 E.00844
G1 X150.944 Y73.355 E.76871
G1 X150.41 Y73.355 E.01678
G1 X167.704 Y90.649 E.7686
G1 X167.168 Y90.647 E.01684
G1 X149.875 Y73.355 E.76853
G1 X149.341 Y73.355 E.01678
G1 X166.632 Y90.645 E.76844
G1 X166.098 Y90.645 E.01678
G1 X148.807 Y73.355 E.76844
G1 X148.272 Y73.355 E.01681
G1 X165.563 Y90.645 E.76844
G1 X165.029 Y90.645 E.01678
G1 X147.738 Y73.355 E.76844
G1 X147.203 Y73.355 E.01681
G1 X164.494 Y90.645 E.76844
G1 X163.96 Y90.645 E.01678
G1 X146.669 Y73.355 E.76844
G1 X146.134 Y73.355 E.01681
G1 X163.425 Y90.645 E.76844
G1 X162.891 Y90.645 E.01678
G1 X145.6 Y73.355 E.76844
G1 X145.065 Y73.355 E.01681
G1 X162.356 Y90.645 E.76844
G1 X161.822 Y90.645 E.01678
G1 X144.531 Y73.355 E.76844
G1 X143.996 Y73.355 E.01681
G1 X161.287 Y90.645 E.76844
G1 X160.753 Y90.645 E.01678
G1 X143.462 Y73.355 E.76844
G1 X142.927 Y73.355 E.01681
G1 X160.218 Y90.645 E.76844
G1 X159.684 Y90.645 E.01678
G1 X142.393 Y73.355 E.76844
G1 X141.858 Y73.355 E.01681
G1 X159.149 Y90.645 E.76844
G1 X158.615 Y90.645 E.01678
G1 X141.324 Y73.355 E.76844
G1 X140.789 Y73.355 E.01681
G1 X158.08 Y90.645 E.76844
G1 X157.546 Y90.645 E.01678
G1 X140.255 Y73.355 E.76844
G1 X139.72 Y73.355 E.01681
G1 X157.011 Y90.645 E.76844
G1 X156.477 Y90.645 E.01678
G1 X139.186 Y73.355 E.76844
G1 X138.651 Y73.355 E.01681
G1 X155.942 Y90.645 E.76844
G1 X155.408 Y90.645 E.01678
G1 X138.117 Y73.355 E.76844
G1 X137.582 Y73.355 E.01681
G1 X154.873 Y90.645 E.76844
G1 X154.339 Y90.645 E.01678
G1 X137.048 Y73.355 E.76844
G1 X136.513 Y73.355 E.01681
G1 X153.804 Y90.645 E.76844
G1 X153.27 Y90.645 E.01678
G1 X135.979 Y73.355 E.76844
G1 X135.444 Y73.355 E.01681
G1 X152.735 Y90.645 E.76844
G1 X152.201 Y90.645 E.01678
G1 X134.91 Y73.355 E.76844
G1 X134.375 Y73.355 E.01681
G1 X151.666 Y90.645 E.76844
G1 X151.132 Y90.645 E.01678
G1 X133.841 Y73.355 E.76844
G1 X133.306 Y73.355 E.01681
G1 X150.597 Y90.645 E.76844
G1 X150.063 Y90.645 E.01678
G1 X132.772 Y73.355 E.76844
G1 X132.237 Y73.355 E.01681
G1 X149.528 Y90.645 E.76844
G1 X148.994 Y90.645 E.01678
G1 X131.703 Y73.355 E.76844
G1 X131.168 Y73.355 E.01681
G1 X148.459 Y90.645 E.76844
G1 X147.925 Y90.645 E.01678
G1 X130.634 Y73.355 E.76844
G1 X130.099 Y73.355 E.01681
G1 X147.39 Y90.645 E.76844
G1 X146.856 Y90.645 E.01678
G1 X129.565 Y73.355 E.76844
G1 X129.03 Y73.355 E.01681
G1 X146.321 Y90.645 E.76844
G1 X145.787 Y90.645 E.01678
G1 X128.496 Y73.355 E.76844
G1 X127.961 Y73.355 E.01681
G1 X145.252 Y90.645 E.76844
G1 X144.718 Y90.645 E.01678
G1 X127.427 Y73.355 E.76844
G1 X126.892 Y73.355 E.01681
G1 X144.183 Y90.645 E.76844
G1 X143.649 Y90.645 E.01678
G1 X126.358 Y73.355 E.76844
G1 X125.823 Y73.355 E.01681
G1 X143.114 Y90.645 E.76844
G1 X142.58 Y90.645 E.01678
G1 X125.289 Y73.355 E.76844
G1 X124.755 Y73.355 E.01678
G1 X142.045 Y90.645 E.76842
G1 X141.511 Y90.645 E.01678
G1 X124.22 Y73.355 E.76844
G1 X123.686 Y73.355 E.01678
G1 X140.977 Y90.645 E.76844
G1 X140.442 Y90.645 E.01681
G1 X123.151 Y73.355 E.76844
G1 X122.617 Y73.355 E.01678
G1 X139.908 Y90.645 E.76844
G1 X139.373 Y90.645 E.01681
G1 X122.082 Y73.355 E.76844
G1 X121.548 Y73.355 E.01678
G1 X138.839 Y90.645 E.76844
G1 X138.304 Y90.645 E.01681
G1 X121.013 Y73.355 E.76844
G1 X120.479 Y73.355 E.01678
G1 X137.77 Y90.645 E.76844
G1 X137.235 Y90.645 E.01681
G1 X119.944 Y73.355 E.76844
G1 X119.41 Y73.355 E.01678
G1 X136.701 Y90.645 E.76844
G1 X136.166 Y90.645 E.01681
G1 X118.875 Y73.355 E.76844
G1 X118.341 Y73.355 E.01678
G1 X135.632 Y90.645 E.76844
G1 X135.097 Y90.645 E.01681
G1 X117.806 Y73.355 E.76844
G1 X117.272 Y73.355 E.01678
G1 X134.563 Y90.645 E.76844
G1 X134.028 Y90.645 E.01681
G1 X116.737 Y73.355 E.76844
G1 X116.203 Y73.355 E.01678
G1 X133.494 Y90.645 E.76844
G1 X132.959 Y90.645 E.01681
G1 X115.668 Y73.355 E.76844
G1 X115.134 Y73.355 E.01678
G1 X132.425 Y90.645 E.76844
G1 X131.89 Y90.645 E.01681
G1 X114.599 Y73.355 E.76844
G1 X114.065 Y73.355 E.01678
G1 X131.356 Y90.645 E.76844
G1 X130.821 Y90.645 E.01681
G1 X113.53 Y73.355 E.76844
G1 X112.996 Y73.355 E.01678
G1 X130.287 Y90.645 E.76844
G1 X129.752 Y90.645 E.01681
G1 X112.461 Y73.355 E.76844
G1 X111.927 Y73.355 E.01678
G1 X129.218 Y90.645 E.76844
G1 X128.683 Y90.645 E.01681
G1 X111.392 Y73.355 E.76844
G1 X110.858 Y73.355 E.01678
G1 X128.149 Y90.645 E.76844
G1 X127.614 Y90.645 E.01681
G1 X110.323 Y73.355 E.76844
G1 X109.789 Y73.355 E.01678
G1 X127.08 Y90.645 E.76844
G1 X126.545 Y90.645 E.01681
G1 X109.254 Y73.355 E.76844
G1 X108.72 Y73.355 E.01678
G1 X126.011 Y90.645 E.76844
G1 X125.476 Y90.645 E.01681
G1 X108.185 Y73.355 E.76844
G1 X107.651 Y73.355 E.01678
G1 X124.942 Y90.645 E.76844
G1 X124.407 Y90.645 E.01681
G1 X107.116 Y73.355 E.76844
G1 X106.582 Y73.355 E.01678
G1 X123.873 Y90.645 E.76844
G1 X123.338 Y90.645 E.01681
G1 X106.047 Y73.355 E.76844
G1 X105.513 Y73.355 E.01678
G1 X122.804 Y90.645 E.76844
G1 X122.269 Y90.645 E.01681
G1 X104.978 Y73.355 E.76844
G1 X104.444 Y73.355 E.01678
G1 X121.735 Y90.645 E.76844
G1 X121.2 Y90.645 E.01681
G1 X103.909 Y73.355 E.76844
G1 X103.375 Y73.355 E.01678
G1 X120.666 Y90.645 E.76844
G1 X120.131 Y90.645 E.01681
G1 X102.84 Y73.355 E.76844
G1 X102.306 Y73.355 E.01678
G1 X119.597 Y90.645 E.76844
G1 X119.062 Y90.645 E.01681
G1 X101.771 Y73.355 E.76844
G1 X101.237 Y73.355 E.01678
G1 X118.528 Y90.645 E.76844
G1 X117.993 Y90.645 E.01681
G1 X100.702 Y73.355 E.76844
G1 X100.168 Y73.355 E.01678
G1 X117.459 Y90.645 E.76844
G1 X116.924 Y90.645 E.01681
G1 X99.634 Y73.355 E.76842
G1 X99.099 Y73.355 E.01681
G1 X116.39 Y90.645 E.76844
G1 X115.856 Y90.645 E.01678
G1 X98.565 Y73.355 E.76844
G1 X98.03 Y73.355 E.01681
G1 X115.321 Y90.645 E.76844
G1 X114.787 Y90.645 E.01678
G1 X97.496 Y73.355 E.76844
G1 X96.961 Y73.355 E.01681
G1 X114.252 Y90.645 E.76844
G1 X113.718 Y90.645 E.01678
G1 X96.427 Y73.355 E.76844
G1 X95.892 Y73.355 E.01681
G1 X113.183 Y90.645 E.76844
G1 X112.649 Y90.645 E.01678
G1 X95.358 Y73.355 E.76844
G1 X94.823 Y73.355 E.01681
G1 X112.114 Y90.645 E.76844
G1 X111.58 Y90.645 E.01678
G1 X94.289 Y73.355 E.76844
G1 X93.754 Y73.355 E.01681
G1 X111.045 Y90.645 E.76844
G1 X110.511 Y90.645 E.01678
G1 X93.22 Y73.355 E.76844
G1 X92.685 Y73.355 E.01681
G1 X109.976 Y90.645 E.76844
G1 X109.442 Y90.645 E.01678
G1 X92.151 Y73.355 E.76844
G1 X91.616 Y73.355 E.01681
G1 X108.907 Y90.645 E.76844
G1 X108.373 Y90.645 E.01678
G1 X91.082 Y73.355 E.76844
G1 X90.547 Y73.355 E.01681
G1 X107.838 Y90.645 E.76844
G1 X107.304 Y90.645 E.01678
G1 X90.013 Y73.355 E.76844
G1 X89.478 Y73.355 E.01681
G1 X106.769 Y90.645 E.76844
G1 X106.235 Y90.645 E.01678
G1 X88.944 Y73.355 E.76844
G1 X88.409 Y73.355 E.01681
G1 X105.7 Y90.645 E.76844
G1 X105.166 Y90.645 E.01678
G1 X87.875 Y73.355 E.76844
G1 X87.34 Y73.355 E.01681
G1 X104.631 Y90.645 E.76844
G1 X104.097 Y90.645 E.01678
G1 X86.806 Y73.355 E.76844
G1 X86.271 Y73.355 E.01681
G1 X103.562 Y90.645 E.76844
G1 X103.028 Y90.645 E.01678
G1 X85.737 Y73.355 E.76844
G1 X85.202 Y73.355 E.01681
G1 X102.493 Y90.645 E.76844
G1 X101.959 Y90.645 E.01678
G1 X84.668 Y73.355 E.76844
G1 X84.133 Y73.355 E.01681
G1 X101.424 Y90.645 E.76844
G1 X100.89 Y90.645 E.01678
G1 X90.413 Y80.169 E.46561
G1 X90.037 Y79.466 E.02505
G1 X89.904 Y79.313 E.00637
G1 X89.744 Y79.181 E.00652
G1 X88.714 Y78.47 E.03933
G1 X83.599 Y73.355 E.22733
G1 X83.064 Y73.355 E.01681
G1 X87.913 Y78.203 E.21548
G1 X87.305 Y78.13 E.01924
G1 X82.53 Y73.355 E.21222
G1 X81.995 Y73.355 E.01681
G1 X86.711 Y78.07 E.20957
G1 X86.521 Y78.07 E.00597
G1 X86.245 Y78.138 E.00893
G1 X81.461 Y73.355 E.21259
G1 X80.926 Y73.355 E.01681
G1 X85.857 Y78.285 E.21913
G1 X85.469 Y78.432 E.01304
G1 X80.392 Y73.355 E.22564
G1 X79.857 Y73.355 E.01681
G1 X85.082 Y78.579 E.23219
G1 X84.827 Y78.694 E.00879
G1 X84.73 Y78.762 E.00372
G1 X79.323 Y73.355 E.2403
G1 X78.788 Y73.355 E.01681
G1 X84.456 Y79.022 E.25188
G1 X84.205 Y79.305 E.01189
G1 X78.254 Y73.355 E.26446
G1 X77.719 Y73.355 E.01681
G1 X83.954 Y79.589 E.27708
G1 X83.703 Y79.872 E.01189
G1 X77.185 Y73.355 E.28966
G1 X76.65 Y73.355 E.01681
G1 X83.482 Y80.186 E.30361
G1 X83.353 Y80.591 E.01336
G1 X76.116 Y73.355 E.32161
G1 X75.581 Y73.355 E.01681
G1 X83.248 Y81.021 E.34072
G1 X83.143 Y81.45 E.01388
G1 X75.047 Y73.355 E.35979
G1 X74.513 Y73.355 E.01678
G1 X83.051 Y81.893 E.37945
G1 X83.041 Y82.002 E.00344
G1 X83.076 Y82.289 E.00909
G1 X83.13 Y82.506 E.00703
G1 X73.978 Y73.355 E.40672
G1 X73.444 Y73.355 E.01678
G1 X83.536 Y83.447 E.44852
G1 E-3.5 F3600
;WIPE_START
G1 F7200
G1 X81.303 Y81.214 E-1.5
;WIPE_END
G1 X90.602 Y80.893 F9000
G1 E5 F2400
G1 X100.355 Y90.645 E.43343
G1 X99.96 Y90.669 E.01244
G1 X99.873 Y90.697 E.00287
G1 X90.879 Y81.704 E.3997
G1 X90.879 Y82.238 E.01678
G1 X99.505 Y90.864 E.38337
G1 X99.27 Y91.071 E.00984
G1 X99.233 Y91.126 E.00208
G1 X90.868 Y82.762 E.37174
G1 X90.852 Y82.911 E.00471
G1 X90.754 Y83.182 E.00906
G1 X99.041 Y91.469 E.3683
G1 X98.981 Y91.608 E.00476
G1 X98.918 Y91.881 E.0088
G1 X90.448 Y83.411 E.37643
G1 E-3.5 F3600
;WIPE_START
G1 F7200
G1 X92.681 Y85.644 E-1.5
;WIPE_END
G1 X169.185 Y92.129 F9000
G1 E5 F2400
G1 X186.645 Y109.59 E.776
G1 X186.645 Y110.125 E.01681
G1 X169.355 Y92.834 E.76844
G1 X169.355 Y93.368 E.01678
G1 X186.645 Y110.659 E.76844
G1 X186.645 Y111.193 E.01678
G1 X169.355 Y93.903 E.76842
G1 X169.355 Y94.437 E.01678
G1 X186.645 Y111.728 E.76844
G1 X186.645 Y112.262 E.01678
G1 X169.355 Y94.971 E.76844
G1 X169.355 Y95.506 E.01681
G1 X186.645 Y112.797 E.76844
G1 X186.645 Y113.331 E.01678
G1 X169.355 Y96.04 E.76844
G1 X169.355 Y96.575 E.01681
G1 X186.645 Y113.866 E.76844
G1 X186.645 Y114.4 E.01678
G1 X169.355 Y97.109 E.76844
G1 X169.355 Y97.644 E.01681
G1 X186.645 Y114.935 E.76844
G1 X186.645 Y115.469 E.01678
G1 X169.355 Y98.178 E.76844
G1 X169.355 Y98.713 E.01681
G1 X186.645 Y116.004 E.76844
G1 X186.645 Y116.538 E.01678
G1 X169.355 Y99.247 E.76844
G1 X169.355 Y99.782 E.01681
G1 X186.645 Y117.073 E.76844
G1 X186.645 Y117.607 E.01678
G1 X169.355 Y100.316 E.76844
G1 X169.355 Y100.851 E.01681
G1 X186.645 Y118.142 E.76844
G1 X186.645 Y118.676 E.01678
G1 X169.355 Y101.385 E.76844
G1 X169.355 Y101.92 E.01681
G1 X186.645 Y119.211 E.76844
G1 X186.645 Y119.745 E.01678
G1 X169.355 Y102.454 E.76844
G1 X169.355 Y102.989 E.01681
G1 X186.645 Y120.28 E.76844
G1 X186.645 Y120.814 E.01678
G1 X169.355 Y103.523 E.76844
G1 X169.355 Y104.058 E.01681
G1 X186.645 Y121.349 E.76844
G1 X186.645 Y121.883 E.01678
G1 X169.355 Y104.592 E.76844
G1 X169.355 Y105.127 E.01681
G1 X186.645 Y122.418 E.76844
G1 X186.645 Y122.952 E.01678
G1 X169.355 Y105.661 E.76844
G1 X169.355 Y106.196 E.01681
G1 X186.645 Y123.487 E.76844
G1 X186.645 Y124.021 E.01678
G1 X169.355 Y106.73 E.76844
G1 X169.355 Y107.265 E.01681
G1 X186.645 Y124.556 E.76844
G1 X186.645 Y125.09 E.01678
G1 X169.355 Y107.799 E.76844
G1 X169.355 Y108.334 E.01681
G1 X186.645 Y125.625 E.76844
G1 X186.645 Y126.159 E.01678
G1 X169.355 Y108.868 E.76844
G1 X169.355 Y109.403 E.01681
G1 X186.645 Y126.694 E.76844
G1 X186.645 Y127.228 E.01678
G1 X169.355 Y109.937 E.76844
G1 X169.355 Y110.472 E.01681
G1 X186.645 Y127.763 E.76844
G1 X186.645 Y128.297 E.01678
G1 X169.355 Y111.006 E.76844
G1 X169.355 Y111.541 E.01681
G1 X186.645 Y128.832 E.76844
G1 X186.645 Y129.366 E.01678
G1 X169.355 Y112.075 E.76844
G1 X169.355 Y112.61 E.01681
G1 X186.645 Y129.901 E.76844
G1 X186.645 Y130.435 E.01678
G1 X169.355 Y113.144 E.76844
G1 X169.355 Y113.679 E.01681
G1 X186.645 Y130.97 E.76844
G1 X186.645 Y131.504 E.01678
G1 X169.355 Y114.213 E.76844
G1 X169.355 Y114.748 E.01681
G1 X186.645 Y132.039 E.76844
G1 X186.645 Y132.573 E.01678
G1 X169.355 Y115.282 E.76844
G1 X169.355 Y115.817 E.01681
G1 X186.645 Y133.108 E.76844
G1 X186.645 Y133.642 E.01678
G1 X169.355 Y116.351 E.76844
G1 X169.355 Y116.886 E.01681
G1 X186.645 Y134.177 E.76844
G1 X186.645 Y134.711 E.01678
G1 X169.355 Y117.42 E.76844
G1 X169.355 Y117.955 E.01681
G1 X186.645 Y135.246 E.76844
G1 X186.645 Y135.78 E.01678
G1 X169.355 Y118.489 E.76844
G1 X169.355 Y119.023 E.01678
G1 X186.645 Y136.314 E.76844
G1 X186.645 Y136.849 E.01681
G1 X169.355 Y119.558 E.76844
G1 X169.355 Y120.092 E.01678
G1 X186.645 Y137.383 E.76844
G1 X186.645 Y137.918 E.01681
G1 X169.355 Y120.627 E.76844
G1 X169.355 Y121.161 E.01678
G1 X186.645 Y138.452 E.76844
G1 X186.645 Y138.987 E.01681
G1 X169.355 Y121.696 E.76844
G1 X169.355 Y122.23 E.01678
G1 X186.645 Y139.521 E.76844
G1 X186.645 Y140.056 E.01681
G1 X169.355 Y122.765 E.76844
G1 X169.355 Y123.299 E.01678
G1 X186.645 Y140.59 E.76844
G1 X186.645 Y141.125 E.01681
G1 X169.355 Y123.834 E.76844
G1 X169.355 Y124.368 E.01678
G1 X186.645 Y141.659 E.76844
G1 X186.645 Y142.194 E.01681
G1 X169.355 Y124.903 E.76844
G1 X169.355 Y125.437 E.01678
G1 X186.645 Y142.728 E.76844
G1 X186.645 Y143.263 E.01681
G1 X169.355 Y125.972 E.76844
G1 X169.355 Y126.506 E.01678
G1 X186.645 Y143.797 E.76844
G1 X186.645 Y144.332 E.01681
G1 X169.355 Y127.041 E.76844
G1 X169.355 Y127.575 E.01678
G1 X186.645 Y144.866 E.76844
G1 X186.645 Y145.401 E.01681
G1 X169.355 Y128.11 E.76844
G1 X169.355 Y128.644 E.01678
G1 X186.645 Y145.935 E.76844
G1 X186.645 Y146.47 E.01681
G1 X169.355 Y129.179 E.76844
G1 X169.355 Y129.713 E.01678
G1 X186.645 Y147.004 E.76844
G1 X186.645 Y147.539 E.01681
G1 X169.355 Y130.248 E.76844
G1 X169.355 Y130.782 E.01678
G1 X186.645 Y148.073 E.76844
G1 X186.645 Y148.608 E.01681
G1 X169.355 Y131.317 E.76844
G1 X169.355 Y131.851 E.01678
G1 X186.645 Y149.142 E.76844
G1 X186.645 Y149.677 E.01681
G1 X169.355 Y132.386 E.76844
G1 X169.355 Y132.92 E.01678
G1 X186.645 Y150.211 E.76844
G1 X186.645 Y150.746 E.01681
G1 X181.691 Y145.791 E.22019
G1 X181.823 Y146.458 E.02137
G1 X186.645 Y151.28 E.2143
G1 X186.645 Y151.815 E.01681
G1 X181.905 Y147.074 E.21068
G1 X181.905 Y147.608 E.01678
G1 X186.645 Y152.349 E.21068
G1 X186.645 Y152.884 E.01681
G1 X181.905 Y148.143 E.21068
G1 X181.905 Y148.677 E.01678
G1 X186.645 Y153.418 E.21068
G1 X186.645 Y153.953 E.01681
G1 X181.905 Y149.212 E.21068
G1 X181.905 Y149.746 E.01678
G1 X186.645 Y154.487 E.21068
G1 X186.645 Y155.022 E.01681
G1 X181.905 Y150.281 E.21068
G1 X181.905 Y150.815 E.01678
G1 X186.645 Y155.556 E.21068
G1 X186.645 Y156.091 E.01681
G1 X181.905 Y151.35 E.21068
G1 X181.905 Y151.884 E.01678
G1 X186.645 Y156.625 E.21068
G1 X186.645 Y157.16 E.01681
G1 X181.857 Y152.371 E.21282
G1 X181.768 Y152.817 E.01429
G1 X186.645 Y157.694 E.21675
G1 X186.645 Y158.229 E.01681
G1 X181.679 Y153.262 E.22073
G1 X181.612 Y153.48 E.00717
G1 X181.525 Y153.642 E.00578
G1 X186.645 Y158.763 E.22757
G1 X186.645 Y159.298 E.01681
G1 X181.314 Y153.966 E.23695
G1 X181.1 Y154.287 E.01212
G1 X186.645 Y159.832 E.24644
G1 X186.645 Y160.367 E.01681
G1 X180.881 Y154.602 E.25619
G1 X180.771 Y154.734 E.0054
G1 X180.61 Y154.865 E.00652
G1 X186.645 Y160.901 E.26824
G1 X186.645 Y161.435 E.01678
G1 X180.291 Y155.081 E.28239
G1 X179.97 Y155.295 E.01212
G1 X186.645 Y161.97 E.29666
G1 X186.645 Y162.504 E.01678
G1 X179.64 Y155.499 E.31132
G1 X179.438 Y155.597 E.00706
G1 X179.243 Y155.637 E.00626
G1 X186.645 Y163.039 E.32897
G1 X186.645 Y163.573 E.01678
G1 X178.8 Y155.728 E.34866
G1 X178.357 Y155.82 E.01422
G1 X186.645 Y164.108 E.36834
G1 X186.645 Y164.642 E.01678
G1 X177.844 Y155.841 E.39114
G1 X177.704 Y155.832 E.00441
G1 X177.201 Y155.732 E.01612
G1 X186.815 Y165.347 E.4273
G1 E-3.5 F3600
;WIPE_START
G1 F7200
G1 X184.582 Y163.114 E-1.5
;WIPE_END
G1 X179.542 Y143.643 F9000
G1 E5 F2400
G1 X169.355 Y133.455 E.45276
G1 X169.355 Y133.989 E.01678
G1 X178.595 Y143.229 E.41065
G1 X178.296 Y143.168 E.00959
G1 X177.979 Y143.148 E.00998
G1 X169.355 Y134.524 E.38328
G1 X169.355 Y135.058 E.01678
G1 X177.505 Y143.209 E.36223
G1 X177.062 Y143.3 E.01421
G1 X169.355 Y135.593 E.34252
G1 X169.355 Y136.127 E.01678
G1 X176.619 Y143.392 E.32286
G1 X176.562 Y143.403 E.00182
G1 X176.25 Y143.558 E.01095
G1 X169.355 Y136.662 E.30646
G1 X169.355 Y137.196 E.01678
G1 X175.93 Y143.772 E.29223
G1 X175.61 Y143.986 E.0121
G1 X169.355 Y137.731 E.27799
G1 X169.355 Y138.265 E.01678
G1 X175.299 Y144.209 E.26417
G1 X175.229 Y144.266 E.00284
G1 X175.047 Y144.493 E.00914
G1 X169.355 Y138.8 E.25299
G1 X169.355 Y139.334 E.01678
G1 X174.833 Y144.813 E.24348
G1 X174.619 Y145.133 E.0121
G1 X169.355 Y139.869 E.23395
G1 X169.355 Y140.403 E.01678
G1 X174.417 Y145.466 E.22499
G1 X174.318 Y145.75 E.00945
G1 X174.293 Y145.876 E.00404
G1 X169.355 Y140.938 E.21946
G1 X169.355 Y141.472 E.01678
G1 X174.204 Y146.321 E.2155
G1 X174.117 Y146.769 E.01434
G1 X169.355 Y142.007 E.21164
G1 X169.355 Y142.541 E.01678
G1 X174.095 Y147.282 E.21068
G1 X174.095 Y147.817 E.01681
G1 X169.355 Y143.076 E.21068
G1 X169.355 Y143.61 E.01678
G1 X174.095 Y148.351 E.21068
G1 X174.095 Y148.885 E.01678
G1 X169.355 Y144.144 E.21068
G1 X169.355 Y144.679 E.01681
G1 X174.095 Y149.42 E.21068
G1 X174.095 Y149.954 E.01678
G1 X169.355 Y145.213 E.21068
G1 X169.355 Y145.748 E.01681
G1 X174.095 Y150.489 E.21068
G1 X174.095 Y151.023 E.01678
G1 X169.355 Y146.282 E.21068
G1 X169.355 Y146.817 E.01681
G1 X174.095 Y151.558 E.21068
G1 X174.103 Y152.1 E.01703
G1 X169.355 Y147.351 E.21104
G1 X169.355 Y147.886 E.01681
G1 X174.434 Y152.965 E.22573
G1 E-3.5 F3600
;WIPE_START
G1 F7200
G1 X172.201 Y150.732 E-1.5
;WIPE_END
G1 X169.185 Y148.251 F9000
G1 E5 F2400
G1 X174.376 Y153.442 E.2307
G1 X174.498 Y153.685 E.00854
G1 X175.072 Y154.545 E.03249
G1 X175.229 Y154.734 E.00772
G1 X175.406 Y154.878 E.00717
G1 X176.265 Y155.452 E.03247
G1 X176.508 Y155.574 E.00854
G1 X186.645 Y165.711 E.45052
G1 X186.645 Y166.246 E.01681
G1 X169.355 Y148.955 E.76844
G1 X169.355 Y149.489 E.01678
G1 X186.645 Y166.78 E.76844
G1 X186.645 Y167.315 E.01681
G1 X169.355 Y150.024 E.76844
G1 X169.355 Y150.558 E.01678
G1 X186.645 Y167.849 E.76844
G1 X186.645 Y168.384 E.01681
G1 X169.355 Y151.093 E.76844
G1 X169.355 Y151.627 E.01678
G1 X186.645 Y168.918 E.76844
G1 X186.645 Y169.453 E.01681
G1 X169.355 Y152.162 E.76844
G1 X169.355 Y152.696 E.01678
G1 X186.645 Y169.987 E.76844
G1 X186.645 Y170.522 E.01681
G1 X169.355 Y153.231 E.76844
G1 X169.355 Y153.765 E.01678
G1 X186.645 Y171.056 E.76844
G1 X186.645 Y171.591 E.01681
G1 X169.355 Y154.3 E.76844
G1 X169.355 Y154.834 E.01678
G1 X186.645 Y172.125 E.76844
G1 X186.645 Y172.66 E.01681
G1 X169.355 Y155.369 E.76844
G1 X169.355 Y155.903 E.01678
G1 X186.645 Y173.194 E.76844
G1 X186.645 Y173.729 E.01681
G1 X169.355 Y156.438 E.76844
G1 X169.355 Y156.972 E.01678
G1 X186.645 Y174.263 E.76844
G1 X186.645 Y174.798 E.01681
G1 X169.355 Y157.507 E.76844
G1 X169.355 Y158.041 E.01678
G1 X186.645 Y175.332 E.76844
G1 X186.645 Y175.867 E.01681
G1 X181.721 Y170.942 E.21886
G1 X181.853 Y171.609 E.02137
G1 X186.645 Y176.401 E.21297
G1 X186.645 Y176.936 E.01681
G1 X181.905 Y172.195 E.21068
G1 X181.905 Y172.729 E.01678
G1 X186.645 Y177.47 E.21068
G1 X186.645 Y178.005 E.01681
G1 X181.905 Y173.264 E.21068
G1 X181.905 Y173.798 E.01678
G1 X186.645 Y178.539 E.21068
G1 X186.645 Y179.074 E.01681
G1 X181.905 Y174.333 E.21068
G1 X181.905 Y174.867 E.01678
G1 X186.645 Y179.608 E.21068
G1 X186.645 Y180.143 E.01681
G1 X181.905 Y175.402 E.21068
G1 X181.905 Y175.936 E.01678
G1 X186.645 Y180.677 E.21068
G1 X186.645 Y181.212 E.01681
G1 X181.905 Y176.471 E.21068
G1 X181.905 Y177.005 E.01678
G1 X186.645 Y181.746 E.21068
G1 X186.645 Y182.281 E.01681
G1 X181.837 Y177.472 E.2137
G1 X181.748 Y177.918 E.01429
G1 X186.645 Y182.815 E.21764
G1 X186.645 Y183.35 E.01681
G1 X181.65 Y178.354 E.22201
G1 X181.612 Y178.48 E.00414
G1 X181.48 Y178.718 E.00855
G1 X186.645 Y183.884 E.22957
G1 X186.645 Y184.419 E.01681
G1 X181.266 Y179.039 E.23908
G1 X181.052 Y179.359 E.0121
G1 X186.645 Y184.953 E.24859
G1 X186.645 Y185.487 E.01678
G1 X180.827 Y179.669 E.25857
G1 X180.539 Y179.915 E.0119
G1 X186.645 Y186.022 E.27139
G1 X186.645 Y186.556 E.01678
G1 X180.218 Y180.129 E.28563
G1 X179.898 Y180.343 E.0121
G1 X186.2 Y186.645 E.28008
G1 X185.666 Y186.645 E.01678
G1 X179.564 Y180.544 E.27117
G1 X179.3 Y180.632 E.00875
G1 X179.148 Y180.663 E.00488
G1 X185.131 Y186.645 E.26588
G1 X184.597 Y186.645 E.01678
G1 X178.702 Y180.751 E.26197
G1 X178.255 Y180.838 E.01431
G1 X184.062 Y186.645 E.25808
G1 X183.528 Y186.645 E.01678
G1 X177.715 Y180.833 E.25832
G1 X177.05 Y180.702 E.0213
G1 X183.163 Y186.815 E.27168
G1 E-3.5 F3600
;WIPE_START
G1 F7200
G1 X180.93 Y184.582 E-1.5
;WIPE_END
G1 X179.334 Y168.555 F9000
G1 E5 F2400
G1 X169.355 Y158.576 E.4435
G1 X169.355 Y159.11 E.01678
G1 X178.442 Y168.198 E.40388
G1 X178.296 Y168.168 E.00468
G1 X177.862 Y168.152 E.01365
G1 X169.355 Y159.645 E.37808
G1 X169.355 Y159.803 E.00497
G1 X169.305 Y160.13 E.0104
G1 X177.403 Y168.228 E.3599
G1 X176.957 Y168.316 E.01429
G1 X169.136 Y160.495 E.34759
G1 X168.939 Y160.721 E.00942
G1 X168.873 Y160.766 E.00251
G1 X176.526 Y168.419 E.34012
G1 X176.178 Y168.606 E.01242
G1 X168.531 Y160.959 E.33986
G1 X168.227 Y161.066 E.01013
G1 X168.114 Y161.077 E.00357
G1 X175.858 Y168.82 E.34414
G1 X175.537 Y169.034 E.01212
G1 X90.39 Y83.887 E3.78419
G1 X90.206 Y84.238 E.01245
G1 X175.237 Y169.268 E3.77901
G1 X175.176 Y169.321 E.00254
G1 X175.005 Y169.571 E.00952
G1 X90.003 Y84.569 E3.77774
G1 X89.728 Y84.829 E.01189
G1 X174.788 Y169.889 E3.78032
G1 X174.572 Y170.207 E.01208
G1 X89.412 Y85.047 E3.78476
G1 X89.096 Y85.266 E.01208
G1 X174.382 Y170.552 E3.79036
G1 X174.318 Y170.749 E.00651
G1 X174.273 Y170.977 E.0073
G1 X88.78 Y85.484 E3.79956
G1 X88.443 Y85.682 E.01228
G1 X174.184 Y171.422 E3.81056
G1 X174.106 Y171.879 E.01457
G1 X88.005 Y85.778 E3.82658
G1 X87.531 Y85.839 E.01502
G1 X174.095 Y172.403 E3.84716
G1 X174.095 Y172.937 E.01678
G1 X87.057 Y85.899 E3.86823
G1 X86.813 Y85.93 E.00773
G1 X86.549 Y85.925 E.0083
G1 X174.095 Y173.472 E3.89083
G1 X174.095 Y174.006 E.01678
G1 X85.479 Y85.39 E3.93836
G1 E-3.5 F3600
;WIPE_START
G1 F7200
G1 X87.712 Y87.623 E-1.5
;WIPE_END
G1 X73.185 Y73.63 F9000
G1 E5 F2400
G1 X174.095 Y174.541 E4.48476
G1 X174.095 Y175.075 E.01678
G1 X73.355 Y74.334 E4.47721
G1 X73.355 Y74.869 E.01681
G1 X174.095 Y175.61 E4.47721
G1 X174.095 Y176.144 E.01678
G1 X73.355 Y75.403 E4.47721
G1 X73.355 Y75.938 E.01681
G1 X174.095 Y176.679 E4.47721
G1 X174.095 Y177.017 E.01062
G1 X174.117 Y177.235 E.00689
G1 X73.355 Y76.472 E4.47818
G1 X73.355 Y77.007 E.01681
G1 X174.464 Y178.116 E4.49358
G1 E-3.5 F3600
;WIPE_START
G1 F7200
G1 X172.231 Y175.883 E-1.5
;WIPE_END
G1 X182.628 Y186.815 F9000
G1 E5 F2400
G1 X176.265 Y180.452 E.28279
G1 X175.275 Y179.777 E.03766
G1 X175.073 Y179.545 E.00967
G1 X174.528 Y178.715 E.0312
G1 X73.355 Y77.541 E4.49645
G1 X73.355 Y78.076 E.01681
G1 X181.924 Y186.645 E4.82513
G1 X181.39 Y186.645 E.01678
G1 X73.355 Y78.61 E4.8014
G1 X73.355 Y79.145 E.01681
G1 X180.855 Y186.645 E4.77762
G1 X180.321 Y186.645 E.01678
G1 X73.355 Y79.679 E4.75389
G1 X73.355 Y80.214 E.01681
G1 X179.786 Y186.645 E4.73011
G1 X179.252 Y186.645 E.01678
G1 X73.355 Y80.748 E4.70638
G1 X73.355 Y81.283 E.01681
G1 X178.717 Y186.645 E4.6826
G1 X178.183 Y186.645 E.01678
G1 X73.355 Y81.817 E4.65887
G1 X73.355 Y82.352 E.01681
G1 X177.648 Y186.645 E4.63509
G1 X177.114 Y186.645 E.01678
G1 X73.355 Y82.886 E4.61136
G1 X73.355 Y83.421 E.01681
G1 X176.579 Y186.645 E4.58758
G1 X176.045 Y186.645 E.01678
G1 X73.355 Y83.955 E4.56385
G1 X73.355 Y84.49 E.01681
G1 X175.51 Y186.645 E4.54007
G1 X174.976 Y186.645 E.01678
G1 X73.355 Y85.024 E4.51634
G1 X73.355 Y85.559 E.01681
G1 X174.441 Y186.645 E4.49256
G1 X173.907 Y186.645 E.01678
G1 X73.355 Y86.093 E4.46883
G1 X73.355 Y86.628 E.01681
G1 X173.372 Y186.645 E4.44505
G1 X172.838 Y186.645 E.01678
G1 X73.355 Y87.162 E4.42132
G1 X73.355 Y87.697 E.01681
G1 X172.303 Y186.645 E4.39754
G1 X171.769 Y186.645 E.01678
G1 X73.355 Y88.231 E4.37381
G1 X73.355 Y88.766 E.01681
G1 X171.234 Y186.645 E4.35003
G1 X170.7 Y186.645 E.01678
G1 X73.355 Y89.3 E4.3263
G1 X73.355 Y89.835 E.01681
G1 X170.165 Y186.645 E4.30252
G1 X169.631 Y186.645 E.01678
G1 X73.355 Y90.369 E4.27879
G1 X73.355 Y90.904 E.01681
G1 X169.096 Y186.645 E4.25501
G1 X168.562 Y186.645 E.01678
G1 X73.185 Y91.268 E4.23884
M106 S255
;LAYER_CHANGE
;Z:0.4
;HEIGHT:0.2
;BEFORE_LAYER_CHANGE
G92 E0
;0.4


G1 E-3.5 F3600
;WIPE_START
G1 F7200
G1 X75.418 Y93.501 E-1.5
;WIPE_END
G1 Z.4 F9000
;AFTER_LAYER_CHANGE
;0.4
M104 S205 ; set temperature
; stop printing object Escuadra soporte motor.stl id:0 copy 0
G1 X68.434 Y91.268
G1 E5 F2400
;TYPE:Skirt/Brim
;WIDTH:0.42
G1 F4800
G1 X68.434 Y72 E.60413
G1 X68.829 Y70.37 E.05259
G1 X69.925 Y69.101 E.05257
G1 X72 Y68.434 E.06834
G1 X188 Y68.434 E3.6371
G1 X189.63 Y68.829 E.05259
G1 X190.899 Y69.925 E.05257
G1 X191.566 Y72 E.06834
G1 X191.566 Y188 E3.6371
G1 X191.171 Y189.63 E.05259
G1 X190.075 Y190.899 E.05257
G1 X188 Y191.566 E.06834
G1 X168 Y191.566 E.62709
G1 X166.37 Y191.171 E.05259
G1 X165.479 Y190.521 E.03458
G1 X69.479 Y94.521 E4.2568
G1 X68.605 Y93.09 E.05257
G1 X68.434 Y92 E.03459
G1 X68.434 Y91.328 E.02107
G1 X68.811 Y91.328 F9000
G1 F4800
G1 X68.811 Y72 E.60602
G1 X69.205 Y70.465 E.04969
G1 X70.289 Y69.309 E.04969
G1 X72 Y68.811 E.05587
G1 X188 Y68.811 E3.6371
G1 X189.535 Y69.205 E.04969
G1 X190.691 Y70.289 E.04969
G1 X191.189 Y72 E.05587
G1 X191.189 Y188 E3.6371
G1 X190.795 Y189.535 E.04969
G1 X189.711 Y190.691 E.04969
G1 X188 Y191.189 E.05587
G1 X168 Y191.189 E.62709
G1 X166.465 Y190.795 E.04969
G1 X165.745 Y190.255 E.02822
G1 X69.745 Y94.255 E4.2568
G1 X68.938 Y92.891 E.04969
G1 X68.811 Y92 E.02822
G1 X68.811 Y91.388 E.01919
G1 E-3.5 F3600
;WIPE_START
G1 F7200
G1 X68.811 Y91.328 E-.0285
G1 X68.811 Y88.23 E-1.4715
;WIPE_END
; printing object Escuadra soporte motor.stl id:0 copy 0
G1 X99.35 Y91.614 F9000
G1 E5 F2400
;TYPE:Perimeter
;WIDTH:0.439999
G1 F7200
G1 X99.394 Y91.485 E.0045
G1 X99.603 Y91.237 E.01071
G1 X99.905 Y91.063 E.01151
G1 X100.232 Y91.006 E.01096
G1 X168.021 Y91.006 E2.23821
G1 X168.333 Y91.057 E.01044
G1 X168.647 Y91.234 E.0119
G1 X168.871 Y91.505 E.01161
G1 X168.977 Y91.799 E.01032
G1 X168.994 Y92.845 E.03454
G1 X168.994 Y159.768 E2.20961
G1 X168.925 Y160.127 E.01207
G1 X168.773 Y160.386 E.00992
G1 X168.517 Y160.605 E.01112
G1 X168.219 Y160.72 E.01055
G1 X167.84 Y160.723 E.01251
G1 X167.527 Y160.605 E.01104
G1 X167.334 Y160.455 E.00807
G1 X99.545 Y92.666 E3.1653
G1 X99.354 Y92.395 E.01095
G1 X99.265 Y92.08 E.01081
G1 X99.268 Y91.851 E.00756
G1 X99.33 Y91.671 E.00629
G1 X99.711 Y91.764 F9000
G1 F7200
G1 X99.74 Y91.681 E.0029
G1 X99.947 Y91.479 E.00955
G1 X100.232 Y91.403 E.00974
G1 X168.021 Y91.403 E2.23821
G1 X168.274 Y91.461 E.00857
G1 X168.485 Y91.637 E.00907
G1 X168.587 Y91.872 E.00846
G1 X168.597 Y92.845 E.03213
G1 X168.597 Y159.768 E2.20961
G1 X168.533 Y160.031 E.00894
G1 X168.334 Y160.251 E.00979
G1 X168.093 Y160.339 E.00847
G1 X167.814 Y160.305 E.00928
G1 X167.614 Y160.175 E.00788
G1 X99.825 Y92.386 E3.1653
G1 X99.679 Y92.136 E.00956
G1 X99.662 Y91.903 E.00771
G1 X99.691 Y91.821 E.00287
G1 X100.073 Y91.909 F9000
;TYPE:External perimeter
;WIDTH:0.419999
G1 F3600
G1 X100.123 Y91.825 E.00307
G1 X100.232 Y91.79 E.00359
G1 X168.021 Y91.79 E2.12547
G1 X168.158 Y91.848 E.00466
G1 X168.21 Y91.979 E.00442
G1 X168.21 Y159.768 E2.12547
G1 X168.148 Y159.907 E.00477
G1 X167.996 Y159.954 E.00499
G1 X167.888 Y159.901 E.00377
G1 X100.099 Y92.112 E3.00587
G1 X100.048 Y91.961 E.005
G1 E-3.5
;WIPE_START
G1 F7200
G1 X100.073 Y91.909 E-.02741
G1 X100.123 Y91.825 E-.04643
G1 X100.232 Y91.79 E-.05438
G1 X103.12 Y91.79 E-1.37178
;WIPE_END
G1 X89.68 Y84.374 F9000
G1 E5 F2400
;TYPE:Perimeter
;WIDTH:0.439999
G1 F3600
G1 X89.603 Y84.471 E.00409
G1 X88.999 Y84.896 E.02438
G1 X88.482 Y85.252 E.02073
G1 X88.167 Y85.395 E.01142
G1 X88.047 Y85.417 E.00403
G1 X86.801 Y85.569 E.04144
G1 X86.434 Y85.543 E.01215
G1 X85.166 Y85.067 E.04472
G1 X84.849 Y84.871 E.01231
G1 X83.95 Y83.864 E.04457
G1 X83.771 Y83.568 E.01142
G1 X83.433 Y82.233 E.04547
G1 X83.412 Y81.882 E.01161
G1 X83.734 Y80.549 E.04528
G1 X83.87 Y80.24 E.01115
G1 X83.95 Y80.136 E.00433
G1 X84.782 Y79.197 E.04142
G1 X85.017 Y79.004 E.01004
G1 X86.339 Y78.488 E.04686
G1 X86.684 Y78.424 E.01159
G1 X88.047 Y78.583 E.04531
G1 X88.28 Y78.641 E.00793
G1 X88.482 Y78.748 E.00755
G1 X89.515 Y79.461 E.04144
G1 X89.747 Y79.686 E.01067
G1 X89.824 Y79.809 E.00479
G1 X90.407 Y80.92 E.04143
G1 X90.515 Y81.293 E.01282
G1 X90.519 Y82.628 E.04408
G1 X90.447 Y82.994 E.01232
G1 X89.824 Y84.191 E.04455
G1 X89.717 Y84.327 E.00571
G1 X89.381 Y84.109 F9000
G1 F3600
G1 X89.29 Y84.213 E.00456
G1 X88.257 Y84.925 E.04142
G1 X87.999 Y85.023 E.00911
G1 X86.753 Y85.174 E.04144
G1 X86.48 Y85.141 E.00908
G1 X85.306 Y84.696 E.04145
G1 X85.08 Y84.54 E.00907
G1 X84.247 Y83.6 E.04147
G1 X84.119 Y83.356 E.0091
G1 X83.819 Y82.138 E.04142
G1 X83.819 Y81.862 E.00911
G1 X84.119 Y80.644 E.04142
G1 X84.247 Y80.4 E.0091
G1 X85.08 Y79.46 E.04147
G1 X85.306 Y79.304 E.00907
G1 X86.48 Y78.859 E.04145
G1 X86.753 Y78.826 E.00908
G1 X87.999 Y78.977 E.04144
G1 X88.257 Y79.075 E.00911
G1 X89.29 Y79.787 E.04142
G1 X89.472 Y79.994 E.0091
G1 X90.056 Y81.105 E.04144
G1 X90.122 Y81.372 E.00908
G1 X90.122 Y82.628 E.04147
G1 X90.056 Y82.895 E.00908
G1 X89.472 Y84.006 E.04144
G1 X89.421 Y84.064 E.00255
G1 X89.092 Y83.854 F9000
;TYPE:External perimeter
;WIDTH:0.419999
G1 F3600
G1 X88.553 Y84.25 E.02097
G1 X88.037 Y84.607 E.01967
G1 X87.953 Y84.639 E.00282
G1 X86.707 Y84.79 E.03935
G1 X86.617 Y84.779 E.00284
G1 X85.444 Y84.334 E.03934
G1 X85.095 Y83.974 E.01572
G1 X84.537 Y83.344 E.02639
G1 X84.495 Y83.264 E.00283
G1 X84.195 Y82.045 E.03936
G1 X84.195 Y81.955 E.00282
G1 X84.495 Y80.736 E.03936
G1 X84.537 Y80.656 E.00283
G1 X85.369 Y79.717 E.03934
G1 X85.444 Y79.666 E.00284
G1 X86.617 Y79.221 E.03934
G1 X86.707 Y79.21 E.00284
G1 X87.953 Y79.361 E.03935
G1 X88.037 Y79.393 E.00282
G1 X89.07 Y80.106 E.03935
G1 X89.13 Y80.174 E.00284
G1 X89.713 Y81.285 E.03934
G1 X89.734 Y82.628 E.04211
G1 X89.135 Y83.815 E.04169
G1 E-3.5
;WIPE_START
G1 F7200
G1 X89.092 Y83.854 E-.02757
G1 X88.553 Y84.25 E-.3177
G1 X88.037 Y84.607 E-.29804
G1 X87.953 Y84.639 E-.0427
G1 X86.707 Y84.79 E-.59618
G1 X86.617 Y84.779 E-.04307
G1 X86.273 Y84.649 E-.17474
;WIPE_END
G1 X174.423 Y82 F9000
G1 E5 F2400
;TYPE:Perimeter
;WIDTH:0.439999
G1 F3600
G1 X174.433 Y81.767 E.0077
G1 X174.734 Y80.549 E.04142
G1 X174.87 Y80.24 E.01115
G1 X175.782 Y79.197 E.04575
G1 X176.017 Y79.004 E.01004
G1 X177.339 Y78.488 E.04686
G1 X177.684 Y78.424 E.01159
G1 X177.801 Y78.431 E.00387
G1 X179.047 Y78.583 E.04144
G1 X179.28 Y78.641 E.00793
G1 X179.482 Y78.748 E.00755
G1 X180.515 Y79.461 E.04144
G1 X180.734 Y79.668 E.00995
G1 X180.824 Y79.809 E.00552
G1 X181.407 Y80.92 E.04143
G1 X181.49 Y81.136 E.00764
G1 X181.519 Y81.372 E.00785
G1 X181.519 Y82.628 E.04147
G1 X181.49 Y82.864 E.00785
G1 X181.407 Y83.08 E.00764
G1 X180.824 Y84.191 E.04143
G1 X180.629 Y84.447 E.01063
G1 X179.482 Y85.252 E.04627
G1 X179.148 Y85.4 E.01206
G1 X177.801 Y85.569 E.04482
G1 X177.427 Y85.541 E.01238
G1 X176.166 Y85.067 E.04448
G1 X175.855 Y84.877 E.01203
G1 X174.95 Y83.864 E.04485
G1 X174.763 Y83.547 E.01215
G1 X174.417 Y82.15 E.04752
G1 X174.421 Y82.06 E.00297
G1 X174.819 Y82 F9000
G1 F3600
G1 X174.819 Y81.862 E.00456
G1 X175.119 Y80.644 E.04142
G1 X175.247 Y80.4 E.0091
G1 X176.08 Y79.46 E.04147
G1 X176.306 Y79.304 E.00907
G1 X177.48 Y78.859 E.04145
G1 X177.753 Y78.826 E.00908
G1 X178.999 Y78.977 E.04144
G1 X179.257 Y79.075 E.00911
G1 X180.29 Y79.788 E.04144
G1 X180.472 Y79.994 E.00908
G1 X181.056 Y81.105 E.04144
G1 X181.122 Y81.372 E.00908
G1 X181.122 Y82.628 E.04147
G1 X181.056 Y82.895 E.00908
G1 X180.472 Y84.006 E.04144
G1 X180.29 Y84.213 E.0091
G1 X179.257 Y84.925 E.04142
G1 X178.999 Y85.023 E.00911
G1 X177.753 Y85.174 E.04144
G1 X177.48 Y85.141 E.00908
G1 X176.306 Y84.696 E.04145
G1 X176.08 Y84.54 E.00907
G1 X175.247 Y83.6 E.04147
G1 X175.119 Y83.356 E.0091
G1 X174.819 Y82.138 E.04142
G1 X174.819 Y82.06 E.00258
G1 X175.189 Y82 F9000
;TYPE:External perimeter
;WIDTH:0.419999
G1 F3600
G1 X175.195 Y81.955 E.00142
G1 X175.495 Y80.736 E.03936
G1 X175.537 Y80.656 E.00283
G1 X176.369 Y79.717 E.03934
G1 X176.444 Y79.666 E.00284
G1 X177.617 Y79.221 E.03934
G1 X177.707 Y79.21 E.00284
G1 X178.953 Y79.361 E.03935
G1 X179.037 Y79.393 E.00282
G1 X180.07 Y80.106 E.03935
G1 X180.13 Y80.174 E.00284
G1 X180.713 Y81.285 E.03934
G1 X180.734 Y81.372 E.00281
G1 X180.734 Y82.628 E.03938
G1 X180.713 Y82.715 E.00281
G1 X180.13 Y83.826 E.03934
G1 X180.07 Y83.894 E.00284
G1 X179.037 Y84.607 E.03935
G1 X178.953 Y84.639 E.00282
G1 X177.707 Y84.79 E.03935
G1 X176.444 Y84.334 E.0421
G1 X175.537 Y83.344 E.0421
G1 X175.305 Y82.493 E.02766
G1 X175.203 Y82.058 E.01401
G1 E-3.5
;WIPE_START
G1 F7200
G1 X175.189 Y82 E-.02834
G1 X175.195 Y81.955 E-.02156
G1 X175.495 Y80.736 E-.5963
G1 X175.537 Y80.656 E-.04292
G1 X176.369 Y79.717 E-.59592
G1 X176.444 Y79.666 E-.04308
G1 X176.782 Y79.538 E-.17188
;WIPE_END
G1 X177.854 Y143.529 F9000
G1 E5 F2400
;TYPE:Perimeter
;WIDTH:0.439999
G1 F3600
G1 X177.967 Y143.51 E.00378
G1 X178.242 Y143.525 E.00909
G1 X179.205 Y143.716 E.03241
G1 X179.555 Y143.861 E.01251
G1 X180.374 Y144.408 E.03252
G1 X180.642 Y144.676 E.01251
G1 X181.189 Y145.495 E.03252
G1 X181.334 Y145.845 E.01251
G1 X181.525 Y146.808 E.03241
G1 X181.544 Y146.998 E.0063
G1 X181.544 Y152.002 E.16522
G1 X181.334 Y153.155 E.0387
G1 X181.189 Y153.505 E.01251
G1 X180.642 Y154.324 E.03252
G1 X180.374 Y154.592 E.01251
G1 X179.555 Y155.139 E.03252
G1 X179.187 Y155.287 E.0131
G1 X178.12 Y155.479 E.0358
G1 X177.758 Y155.475 E.01195
G1 X176.795 Y155.284 E.03241
G1 X176.445 Y155.139 E.01251
G1 X175.626 Y154.592 E.03252
G1 X175.358 Y154.324 E.01251
G1 X174.811 Y153.505 E.03252
G1 X174.666 Y153.155 E.01251
G1 X174.475 Y152.192 E.03241
G1 X174.456 Y152.002 E.0063
G1 X174.456 Y146.998 E.16522
G1 X174.666 Y145.845 E.0387
G1 X174.811 Y145.495 E.01251
G1 X175.358 Y144.676 E.03252
G1 X175.626 Y144.408 E.01251
G1 X176.445 Y143.861 E.03252
G1 X176.813 Y143.713 E.0131
G1 X177.795 Y143.54 E.03292
G1 X177.893 Y143.924 F9000
G1 F3600
G1 X178.002 Y143.905 E.00365
G1 X179.127 Y144.106 E.03773
G1 X179.335 Y144.191 E.00742
G1 X180.153 Y144.738 E.03249
G1 X180.312 Y144.897 E.00742
G1 X180.859 Y145.715 E.03249
G1 X180.944 Y145.923 E.00742
G1 X181.147 Y146.998 E.03612
G1 X181.147 Y152.002 E.16522
G1 X180.944 Y153.077 E.03612
G1 X180.859 Y153.285 E.00742
G1 X180.312 Y154.103 E.03249
G1 X180.153 Y154.262 E.00742
G1 X179.335 Y154.809 E.03249
G1 X179.117 Y154.896 E.00775
G1 X178.05 Y155.088 E.0358
G1 X177.836 Y155.086 E.00707
G1 X176.873 Y154.894 E.03242
G1 X176.665 Y154.809 E.00742
G1 X175.847 Y154.262 E.03249
G1 X175.688 Y154.103 E.00742
G1 X175.141 Y153.285 E.03249
G1 X175.056 Y153.077 E.00742
G1 X174.853 Y152.002 E.03612
G1 X174.853 Y146.998 E.16522
G1 X175.056 Y145.923 E.03612
G1 X175.141 Y145.715 E.00742
G1 X175.688 Y144.897 E.03249
G1 X175.847 Y144.738 E.00742
G1 X176.665 Y144.191 E.03249
G1 X176.883 Y144.104 E.00775
G1 X177.834 Y143.935 E.03189
G1 X177.931 Y144.309 F9000
;TYPE:External perimeter
;WIDTH:0.419999
G1 F3600
G1 X178.036 Y144.291 E.00334
G1 X179.052 Y144.485 E.03243
G1 X179.938 Y145.06 E.03312
G1 X180.537 Y145.93 E.03312
G1 X180.76 Y146.998 E.03421
G1 X180.76 Y152.002 E.1569
G1 X180.565 Y153.002 E.03194
G1 X179.99 Y153.888 E.03312
G1 X179.12 Y154.487 E.03312
G1 X178.226 Y154.663 E.02857
G1 X177.911 Y154.706 E.00997
G1 X176.948 Y154.515 E.03078
G1 X176.062 Y153.94 E.03312
G1 X175.463 Y153.07 E.03312
G1 X175.24 Y152.002 E.03421
G1 X175.24 Y146.998 E.1569
G1 X175.435 Y145.998 E.03194
G1 X176.01 Y145.112 E.03312
G1 X176.88 Y144.513 E.03312
G1 X176.952 Y144.485 E.00242
G1 X177.872 Y144.32 E.02931
G1 E-3.5
;WIPE_START
G1 F7200
G1 X177.931 Y144.309 E-.02851
G1 X178.036 Y144.291 E-.0506
G1 X179.052 Y144.485 E-.49132
G1 X179.938 Y145.06 E-.50171
G1 X180.449 Y145.802 E-.42786
;WIPE_END
G1 X177.855 Y168.54 F9000
G1 E5 F2400
;TYPE:Perimeter
;WIDTH:0.439999
G1 F3600
G1 X178.13 Y168.509 E.00914
G1 X178.895 Y168.654 E.02571
G1 X179.435 Y168.793 E.01841
G1 X180.374 Y169.408 E.03706
G1 X180.642 Y169.676 E.01251
G1 X181.189 Y170.495 E.03252
G1 X181.334 Y170.845 E.01251
G1 X181.525 Y171.808 E.03241
G1 X181.544 Y171.998 E.0063
G1 X181.544 Y177.002 E.16522
G1 X181.334 Y178.155 E.0387
G1 X181.189 Y178.505 E.01251
G1 X180.642 Y179.324 E.03252
G1 X180.374 Y179.592 E.01251
G1 X179.555 Y180.139 E.03252
G1 X179.187 Y180.287 E.0131
G1 X178.116 Y180.48 E.03593
G1 X177.758 Y180.475 E.01182
G1 X176.795 Y180.284 E.03241
G1 X176.445 Y180.139 E.01251
G1 X175.626 Y179.592 E.03252
G1 X175.358 Y179.324 E.01251
G1 X174.811 Y178.505 E.03252
G1 X174.666 Y178.155 E.01251
G1 X174.475 Y177.192 E.03241
G1 X174.456 Y177.002 E.0063
G1 X174.456 Y171.998 E.16522
G1 X174.666 Y170.845 E.0387
G1 X174.811 Y170.495 E.01251
G1 X175.358 Y169.676 E.03252
G1 X175.626 Y169.408 E.01251
G1 X176.445 Y168.861 E.03252
G1 X176.801 Y168.715 E.0127
G1 X177.635 Y168.565 E.02798
G1 X177.796 Y168.547 E.00535
G1 X177.893 Y168.922 F9000
G1 F3600
G1 X177.95 Y168.912 E.00191
G1 X178.164 Y168.914 E.00707
G1 X179.127 Y169.106 E.03242
G1 X179.335 Y169.191 E.00742
G1 X180.153 Y169.738 E.03249
G1 X180.312 Y169.897 E.00742
G1 X180.859 Y170.715 E.03249
G1 X180.944 Y170.923 E.00742
G1 X181.136 Y171.886 E.03242
G1 X181.147 Y177.002 E.16892
G1 X180.944 Y178.077 E.03612
G1 X180.859 Y178.285 E.00742
G1 X180.312 Y179.103 E.03249
G1 X180.153 Y179.262 E.00742
G1 X179.335 Y179.809 E.03249
G1 X179.117 Y179.896 E.00775
G1 X178.047 Y180.088 E.03589
G1 X177.836 Y180.086 E.00697
G1 X176.873 Y179.894 E.03242
G1 X176.665 Y179.809 E.00742
G1 X175.847 Y179.262 E.03249
G1 X175.688 Y179.103 E.00742
G1 X175.141 Y178.285 E.03249
G1 X175.056 Y178.077 E.00742
G1 X174.853 Y177.002 E.03612
G1 X174.853 Y171.998 E.16522
G1 X175.056 Y170.923 E.03612
G1 X175.141 Y170.715 E.00742
G1 X175.688 Y169.897 E.03249
G1 X175.847 Y169.738 E.00742
G1 X176.665 Y169.191 E.03249
G1 X176.883 Y169.104 E.00775
G1 X177.834 Y168.933 E.0319
G1 X177.932 Y169.315 F9000
;TYPE:External perimeter
;WIDTH:0.419999
G1 F3600
G1 X178.089 Y169.294 E.00497
G1 X179.052 Y169.485 E.03078
G1 X179.938 Y170.06 E.03312
G1 X180.537 Y170.93 E.03312
G1 X180.756 Y171.961 E.03305
G1 X180.76 Y177.002 E.15806
G1 X180.565 Y178.002 E.03194
G1 X179.99 Y178.888 E.03312
G1 X179.12 Y179.487 E.03312
G1 X179.048 Y179.515 E.00242
G1 X177.98 Y179.707 E.03402
G1 X176.948 Y179.515 E.03291
G1 X176.062 Y178.94 E.03312
G1 X175.649 Y178.347 E.02266
G1 X175.435 Y178.002 E.01273
G1 X175.24 Y177.002 E.03194
G1 X175.24 Y171.998 E.1569
G1 X175.435 Y170.998 E.03194
G1 X176.01 Y170.112 E.03312
G1 X176.88 Y169.513 E.03312
G1 X177.774 Y169.337 E.02857
G1 X177.872 Y169.323 E.0031
G1 E-3.5
;WIPE_START
G1 F7200
G1 X177.932 Y169.315 E-.02875
G1 X178.089 Y169.294 E-.07524
G1 X179.052 Y169.485 E-.46634
G1 X179.938 Y170.06 E-.50171
G1 X180.449 Y170.802 E-.42796
;WIPE_END
G1 X168.412 Y187.006 F9000
G1 E5 F2400
;TYPE:Perimeter
;WIDTH:0.439999
G1 F7200
G1 X72.994 Y91.588 E4.4554
G1 X72.994 Y72.994 E.61392
G1 X187.006 Y72.994 E3.76436
G1 X187.006 Y76.784 E.12514
G1 X187.006 Y187.006 E3.63923
G1 X168.472 Y187.006 E.61194
G1 X168.247 Y187.403 F9000
G1 F7200
G1 X72.597 Y91.753 E4.46623
G1 X72.597 Y72.597 E.63248
G1 X187.403 Y72.597 E3.79058
G1 X187.403 Y76.784 E.13824
G1 X187.403 Y187.403 E3.65234
G1 X168.307 Y187.403 E.6305
G1 X168.087 Y187.79 F9000
;TYPE:External perimeter
;WIDTH:0.419999
G1 F3600
G1 X72.21 Y91.913 E4.25134
G1 X72.21 Y72.21 E.61777
G1 X187.79 Y72.21 E3.62392
G1 X187.79 Y76.784 E.14341
G1 X187.79 Y187.79 E3.48051
G1 X168.147 Y187.79 E.61589
G1 E-3.5
;WIPE_START
G1 F7200
G1 X168.087 Y187.79 E-.0285
G1 X165.896 Y185.599 E-1.4715
;WIPE_END
G1 X73.408 Y73.332 F9000
G1 E5 F2400
;TYPE:Solid infill
;WIDTH:0.53634
G1 F7200
G1 X73.364 Y73.289 E.00252
G1 X73.304 Y73.304 E.00254
G1 X73.289 Y73.364 E.00254
G1 X73.332 Y73.408 E.00252
G1 X73.392 Y73.392 E.00255
;WIDTH:0.439999
G1 X74.026 Y73.3 E.02115
G1 X73.3 Y74.026 E.0339
G1 X73.3 Y74.587 E.01852
G1 X74.587 Y73.3 E.06009
G1 X75.149 Y73.3 E.01856
G1 X73.3 Y75.149 E.08634
G1 X73.3 Y75.711 E.01856
G1 X75.711 Y73.3 E.11258
G1 X76.272 Y73.3 E.01852
G1 X73.3 Y76.272 E.13877
G1 X73.3 Y76.834 E.01856
G1 X76.834 Y73.3 E.16501
G1 X77.395 Y73.3 E.01852
G1 X73.3 Y77.395 E.19121
G1 X73.3 Y77.957 E.01856
G1 X77.957 Y73.3 E.21745
G1 X78.518 Y73.3 E.01852
G1 X73.3 Y78.518 E.24365
G1 X73.3 Y79.08 E.01856
G1 X79.08 Y73.3 E.26989
G1 X79.641 Y73.3 E.01852
G1 X73.3 Y79.641 E.29608
G1 X73.3 Y80.203 E.01856
G1 X80.203 Y73.3 E.32232
G1 X80.765 Y73.3 E.01856
G1 X73.3 Y80.765 E.34857
G1 X73.3 Y81.326 E.01852
G1 X81.326 Y73.3 E.37476
G1 X81.888 Y73.3 E.01856
G1 X73.3 Y81.888 E.401
G1 X73.3 Y82.449 E.01852
G1 X82.449 Y73.3 E.4272
G1 X83.011 Y73.3 E.01856
G1 X73.3 Y83.011 E.45344
G1 X73.3 Y83.572 E.01852
G1 X83.572 Y73.3 E.47964
G1 X84.134 Y73.3 E.01856
G1 X73.3 Y84.134 E.50588
G1 X73.3 Y84.695 E.01852
G1 X84.695 Y73.3 E.53207
G1 X85.257 Y73.3 E.01856
G1 X73.3 Y85.257 E.55831
G1 X73.3 Y85.819 E.01856
G1 X85.819 Y73.3 E.58456
G1 X86.38 Y73.3 E.01852
G1 X73.3 Y86.38 E.61075
G1 X73.3 Y86.942 E.01856
G1 X86.942 Y73.3 E.63699
G1 X87.503 Y73.3 E.01852
G1 X73.3 Y87.503 E.66319
G1 X73.3 Y88.065 E.01856
G1 X88.065 Y73.3 E.68943
G1 X88.626 Y73.3 E.01852
G1 X73.3 Y88.626 E.71562
G1 X73.3 Y89.188 E.01856
G1 X89.188 Y73.3 E.74187
G1 X89.749 Y73.3 E.01852
G1 X73.3 Y89.749 E.76806
G1 X73.262 Y89.884 E.00463
;WIDTH:0.41146
G1 X73.225 Y90.019 E.00429
;WIDTH:0.38292
G1 X73.154 Y90 E.00208
G1 X73.173 Y90.071 E.00208
G1 X73.214 Y90.06 E.0012
G1 E-3.5 F3600
;WIPE_START
G1 F7200
G1 X73.173 Y90.071 E-.02016
G1 X73.154 Y90 E-.03491
G1 X73.225 Y90.019 E-.03491
G1 X73.262 Y89.884 E-.06649
G1 X73.3 Y89.749 E-.06662
G1 X75.201 Y87.848 E-1.27691
;WIPE_END
G1 X84.88 Y78.731 F9000
G1 E5 F2400
;WIDTH:0.439999
G1 F7200
G1 X90.311 Y73.3 E.25359
G1 X90.873 Y73.3 E.01856
G1 X85.812 Y78.36 E.23629
G1 X85.692 Y78.446 E.00487
;WIDTH:0.41146
G1 X85.572 Y78.531 E.00451
;WIDTH:0.38292
G1 X85.501 Y78.512 E.00208
G1 X85.52 Y78.583 E.00208
G1 X85.561 Y78.572 E.0012
G1 X86.359 Y78.314 F9000
G1 F7200
G1 X86.318 Y78.325 E.0012
G1 X86.299 Y78.254 E.00208
G1 X86.37 Y78.273 E.00208
;WIDTH:0.41146
G1 X86.488 Y78.2 E.00425
;WIDTH:0.439999
G1 X86.607 Y78.127 E.00461
G1 X91.434 Y73.3 E.22539
G1 X91.996 Y73.3 E.01856
G1 X87.132 Y78.164 E.22712
G1 X87.633 Y78.224 E.01666
G1 X92.557 Y73.3 E.22992
G1 X93.119 Y73.3 E.01856
G1 X88.129 Y78.29 E.233
G1 X88.544 Y78.436 E.01453
G1 X93.68 Y73.3 E.23982
G1 X94.242 Y73.3 E.01856
G1 X88.887 Y78.655 E.25004
G1 X89.219 Y78.885 E.01334
G1 X94.803 Y73.3 E.26076
G1 X95.365 Y73.3 E.01856
G1 X89.551 Y79.114 E.27148
G1 X89.868 Y79.359 E.01323
G1 X95.927 Y73.3 E.28292
G1 X96.488 Y73.3 E.01852
G1 X90.104 Y79.684 E.29809
G1 X90.297 Y80.053 E.01375
G1 X97.05 Y73.3 E.31532
G1 X97.611 Y73.3 E.01852
G1 X90.49 Y80.421 E.3325
G1 X90.683 Y80.79 E.01375
G1 X98.173 Y73.3 E.34973
G1 X98.734 Y73.3 E.01852
G1 X90.812 Y81.222 E.36991
G1 X90.824 Y81.771 E.01813
G1 X99.296 Y73.3 E.39556
G1 X99.857 Y73.3 E.01852
G1 X90.824 Y82.333 E.42178
G1 X90.631 Y83.248 F9000
;WIDTH:0.38292
G1 F7200
G1 X90.59 Y83.259 E.0012
G1 X90.571 Y83.188 E.00208
G1 X90.642 Y83.207 E.00208
;WIDTH:0.41146
G1 X90.712 Y83.072 E.00466
;WIDTH:0.439999
G1 X90.782 Y82.937 E.00502
G1 X100.419 Y73.3 E.44998
G1 E-3.5 F3600
;WIPE_START
G1 F7200
G1 X98.186 Y75.533 E-1.5
;WIPE_END
G1 X84.599 Y78.991 F9000
G1 E5 F2400
;WIDTH:0.422434
G1 F7200
G1 X84.332 Y79.267 E.01212
;WIDTH:0.439999
G1 X73.3 Y90.311 E.5154
G1 X73.3 Y90.873 E.01856
G1 X83.353 Y80.82 E.46941
G1 X83.447 Y80.694 E.00519
;WIDTH:0.41146
G1 X83.541 Y80.569 E.00479
;WIDTH:0.38292
G1 X83.5 Y80.58 E.0012
G1 X83.481 Y80.509 E.00208
G1 X83.552 Y80.528 E.00208
G1 X83.4 Y81.419 F9000
G1 F7200
G1 X83.329 Y81.4 E.00208
G1 X83.348 Y81.471 E.00208
G1 X83.389 Y81.46 E.0012
;WIDTH:0.41146
G1 X83.28 Y81.511 E.00369
;WIDTH:0.439999
G1 X83.171 Y81.563 E.00399
G1 X73.3 Y91.434 E.46091
G1 X73.567 Y91.729 E.01314
G1 X83.12 Y82.176 E.44606
G1 X83.219 Y82.639 E.01563
G1 X73.848 Y92.009 E.43754
G1 X74.129 Y92.29 E.01312
G1 X83.33 Y83.089 E.42963
G1 X83.442 Y83.539 E.01531
G1 X74.409 Y92.571 E.42176
G1 X74.69 Y92.852 E.01312
G1 X83.62 Y83.922 E.41697
G1 X83.87 Y84.234 E.0132
G1 X74.971 Y93.133 E.41552
G1 X75.252 Y93.413 E.0131
G1 X84.133 Y84.531 E.41471
G1 X84.397 Y84.829 E.01314
G1 X75.532 Y93.694 E.41394
G1 X75.813 Y93.975 E.01312
G1 X84.674 Y85.114 E.41375
G1 X85.017 Y85.333 E.01344
G1 X76.094 Y94.256 E.41665
G1 X76.375 Y94.536 E.0131
G1 X85.42 Y85.491 E.42234
G1 X85.827 Y85.645 E.01437
G1 X76.656 Y94.817 E.42825
G1 X76.936 Y95.098 E.0131
G1 X86.234 Y85.8 E.43416
G1 X86.725 Y85.871 E.01638
G1 X77.217 Y95.379 E.44396
G1 X77.498 Y95.66 E.01312
G1 X87.348 Y85.809 E.45995
G1 X87.989 Y85.73 E.02132
G1 X77.779 Y95.94 E.47674
G1 X78.059 Y96.221 E.0131
G1 X89.055 Y85.226 E.51342
G1 X89.336 Y84.992 E.01207
;WIDTH:0.38292
G1 X89.984 Y84.388 E.02504
G1 X90.047 Y84.308 E.00288
;WIDTH:0.41146
G1 X90.15 Y84.167 E.00535
;WIDTH:0.439999
G1 X90.254 Y84.027 E.00576
G1 X100.981 Y73.3 E.50088
G1 X101.542 Y73.3 E.01852
G1 X78.34 Y96.502 E1.08338
G1 X78.621 Y96.783 E.01312
G1 X102.104 Y73.3 E1.0965
G1 X102.665 Y73.3 E.01852
G1 X78.902 Y97.063 E1.10958
G1 X79.183 Y97.344 E.01312
G1 X103.227 Y73.3 E1.1227
G1 X103.788 Y73.3 E.01852
G1 X79.463 Y97.625 E1.13582
G1 X79.744 Y97.906 E.01312
G1 X104.35 Y73.3 E1.14894
G1 X104.911 Y73.3 E.01852
G1 X80.025 Y98.186 E1.16201
G1 X80.306 Y98.467 E.01312
G1 X105.473 Y73.3 E1.17513
G1 X106.035 Y73.3 E.01856
G1 X80.586 Y98.748 E1.18828
G1 X80.867 Y99.029 E.01312
G1 X106.596 Y73.3 E1.20138
G1 X107.158 Y73.3 E.01856
G1 X81.148 Y99.31 E1.2145
G1 X81.429 Y99.59 E.0131
G1 X107.719 Y73.3 E1.22757
G1 X108.281 Y73.3 E.01856
G1 X81.71 Y99.871 E1.24069
G1 X81.99 Y100.152 E.0131
G1 X108.842 Y73.3 E1.25381
G1 X109.404 Y73.3 E.01856
G1 X82.271 Y100.433 E1.26693
G1 X82.552 Y100.713 E.0131
G1 X109.965 Y73.3 E1.28001
G1 X110.527 Y73.3 E.01856
G1 X82.833 Y100.994 E1.29313
G1 X83.113 Y101.275 E.0131
G1 X111.089 Y73.3 E1.30627
G1 X111.65 Y73.3 E.01852
G1 X83.394 Y101.556 E1.31937
G1 X83.675 Y101.837 E.01312
G1 X112.212 Y73.3 E1.33249
G1 X112.773 Y73.3 E.01852
G1 X83.956 Y102.117 E1.34557
G1 X84.237 Y102.398 E.01312
G1 X113.335 Y73.3 E1.35869
G1 X113.896 Y73.3 E.01852
G1 X84.517 Y102.679 E1.37181
G1 X84.798 Y102.96 E.01312
G1 X114.458 Y73.3 E1.38493
G1 X115.019 Y73.3 E.01852
G1 X85.079 Y103.24 E1.398
G1 X85.36 Y103.521 E.01312
G1 X115.581 Y73.3 E1.41112
G1 X116.143 Y73.3 E.01856
G1 X85.64 Y103.802 E1.42427
G1 X85.921 Y104.083 E.01312
G1 X116.704 Y73.3 E1.43736
G1 X117.266 Y73.3 E.01856
G1 X99.774 Y90.791 E.81674
G1 X99.494 Y91.01 E.01174
;WIDTH:0.38292
G1 X99.262 Y91.243 E.0093
;WIDTH:0.41146
G1 X99.152 Y91.383 E.00546
;WIDTH:0.439999
G1 X99.042 Y91.524 E.0059
G1 X86.202 Y104.364 E.59954
G1 X86.483 Y104.644 E.0131
G1 X98.972 Y92.155 E.58315
G1 X99.108 Y92.58 E.01473
G1 X86.763 Y104.925 E.57643
G1 X87.044 Y105.206 E.01312
G1 X99.348 Y92.902 E.57452
G1 X99.629 Y93.183 E.01312
G1 X87.325 Y105.487 E.57452
G1 X87.606 Y105.767 E.0131
G1 X99.91 Y93.464 E.57449
G1 X100.19 Y93.744 E.01307
G1 X87.887 Y106.048 E.57449
G1 X88.167 Y106.329 E.0131
G1 X100.471 Y94.025 E.57452
G1 X100.752 Y94.306 E.01312
G1 X88.448 Y106.61 E.57452
G1 X88.729 Y106.891 E.01312
G1 X101.033 Y94.587 E.57452
G1 X101.314 Y94.868 E.01312
G1 X89.01 Y107.171 E.57449
G1 X89.29 Y107.452 E.0131
G1 X101.594 Y95.148 E.57452
G1 X101.875 Y95.429 E.01312
G1 X89.571 Y107.733 E.57452
G1 X89.852 Y108.014 E.01312
G1 X102.156 Y95.71 E.57452
G1 X102.437 Y95.991 E.01312
G1 X90.133 Y108.294 E.57449
G1 X90.414 Y108.575 E.01312
G1 X102.717 Y96.271 E.57449
G1 X102.998 Y96.552 E.01312
G1 X90.694 Y108.856 E.57452
G1 X90.975 Y109.137 E.01312
G1 X103.279 Y96.833 E.57452
G1 X103.56 Y97.114 E.01312
G1 X91.256 Y109.418 E.57452
G1 X91.537 Y109.698 E.0131
G1 X103.841 Y97.395 E.57449
G1 X104.121 Y97.675 E.01307
G1 X91.817 Y109.979 E.57452
G1 X92.098 Y110.26 E.01312
G1 X104.402 Y97.956 E.57452
G1 X104.683 Y98.237 E.01312
G1 X92.379 Y110.541 E.57452
G1 X92.66 Y110.821 E.0131
G1 X104.964 Y98.518 E.57449
G1 X105.244 Y98.798 E.01307
G1 X92.941 Y111.102 E.57449
G1 X93.221 Y111.383 E.0131
G1 X105.525 Y99.079 E.57452
G1 X105.806 Y99.36 E.01312
G1 X93.502 Y111.664 E.57452
G1 X93.783 Y111.945 E.01312
G1 X106.087 Y99.641 E.57452
G1 X106.367 Y99.922 E.0131
G1 X94.064 Y112.225 E.57447
G1 X94.344 Y112.506 E.0131
G1 X106.648 Y100.202 E.57452
G1 X106.929 Y100.483 E.01312
G1 X94.625 Y112.787 E.57452
G1 X94.906 Y113.068 E.01312
G1 X107.21 Y100.764 E.57452
G1 X107.491 Y101.045 E.01312
G1 X95.187 Y113.348 E.57449
G1 X95.468 Y113.629 E.01312
G1 X107.771 Y101.325 E.57449
G1 X108.052 Y101.606 E.01312
G1 X95.748 Y113.91 E.57452
G1 X96.029 Y114.191 E.01312
G1 X108.333 Y101.887 E.57452
G1 X108.614 Y102.168 E.01312
G1 X96.31 Y114.472 E.57452
G1 X96.591 Y114.752 E.0131
G1 X108.894 Y102.449 E.57447
G1 X109.175 Y102.729 E.0131
G1 X96.871 Y115.033 E.57452
G1 X97.152 Y115.314 E.01312
G1 X109.456 Y103.01 E.57452
G1 X109.737 Y103.291 E.01312
G1 X97.433 Y115.595 E.57452
G1 X97.714 Y115.875 E.0131
G1 X110.018 Y103.572 E.57449
G1 X110.298 Y103.852 E.01307
G1 X97.995 Y116.156 E.57449
G1 X98.275 Y116.437 E.0131
G1 X110.579 Y104.133 E.57452
G1 X110.86 Y104.414 E.01312
G1 X98.556 Y116.718 E.57452
G1 X98.837 Y116.999 E.01312
G1 X111.141 Y104.695 E.57452
G1 X111.421 Y104.976 E.0131
G1 X99.118 Y117.279 E.57447
G1 X99.398 Y117.56 E.0131
G1 X111.702 Y105.256 E.57452
G1 X111.983 Y105.537 E.01312
G1 X99.679 Y117.841 E.57452
G1 X99.96 Y118.122 E.01312
G1 X112.264 Y105.818 E.57452
G1 X112.545 Y106.099 E.01312
G1 X100.241 Y118.402 E.57449
G1 X100.522 Y118.683 E.01312
G1 X112.825 Y106.379 E.57449
G1 X113.106 Y106.66 E.01312
G1 X100.802 Y118.964 E.57452
G1 X101.083 Y119.245 E.01312
G1 X113.387 Y106.941 E.57452
G1 X113.668 Y107.222 E.01312
G1 X101.364 Y119.526 E.57452
G1 X101.645 Y119.806 E.0131
G1 X113.948 Y107.503 E.57447
G1 X114.229 Y107.783 E.0131
G1 X101.925 Y120.087 E.57452
G1 X102.206 Y120.368 E.01312
G1 X114.51 Y108.064 E.57452
G1 X114.791 Y108.345 E.01312
G1 X102.487 Y120.649 E.57452
G1 X102.768 Y120.929 E.0131
G1 X115.072 Y108.626 E.57449
G1 X115.352 Y108.906 E.01307
G1 X103.049 Y121.21 E.57449
G1 X103.329 Y121.491 E.0131
G1 X115.633 Y109.187 E.57452
G1 X115.914 Y109.468 E.01312
G1 X103.61 Y121.772 E.57452
G1 X103.891 Y122.053 E.01312
G1 X116.195 Y109.749 E.57452
G1 X116.475 Y110.03 E.0131
G1 X104.172 Y122.333 E.57447
G1 X104.452 Y122.614 E.0131
G1 X116.756 Y110.31 E.57452
G1 X117.037 Y110.591 E.01312
G1 X104.733 Y122.895 E.57452
G1 X105.014 Y123.176 E.01312
G1 X117.318 Y110.872 E.57452
G1 X117.599 Y111.153 E.01312
G1 X105.295 Y123.456 E.57449
G1 X105.576 Y123.737 E.01312
G1 X117.879 Y111.433 E.57449
G1 X118.16 Y111.714 E.01312
G1 X105.856 Y124.018 E.57452
G1 X106.137 Y124.299 E.01312
G1 X118.441 Y111.995 E.57452
G1 X118.722 Y112.276 E.01312
G1 X106.418 Y124.58 E.57452
G1 X106.699 Y124.86 E.0131
G1 X119.002 Y112.557 E.57447
G1 X119.283 Y112.837 E.0131
G1 X106.979 Y125.141 E.57452
G1 X107.26 Y125.422 E.01312
G1 X119.564 Y113.118 E.57452
G1 X119.845 Y113.399 E.01312
G1 X107.541 Y125.703 E.57452
G1 X107.822 Y125.983 E.0131
G1 X120.126 Y113.68 E.57449
G1 X120.406 Y113.96 E.01307
G1 X108.103 Y126.264 E.57449
G1 X108.383 Y126.545 E.0131
G1 X120.687 Y114.241 E.57452
G1 X120.968 Y114.522 E.01312
G1 X108.664 Y126.826 E.57452
G1 X108.945 Y127.107 E.01312
G1 X121.249 Y114.803 E.57452
G1 X121.529 Y115.084 E.0131
G1 X109.226 Y127.387 E.57447
G1 X109.506 Y127.668 E.0131
G1 X121.81 Y115.364 E.57452
G1 X122.091 Y115.645 E.01312
G1 X109.787 Y127.949 E.57452
G1 X110.068 Y128.23 E.01312
G1 X122.372 Y115.926 E.57452
G1 X122.653 Y116.207 E.01312
G1 X110.349 Y128.51 E.57449
G1 X110.63 Y128.791 E.01312
G1 X122.933 Y116.487 E.57449
G1 X123.214 Y116.768 E.01312
G1 X110.91 Y129.072 E.57452
G1 X111.191 Y129.353 E.01312
G1 X123.495 Y117.049 E.57452
G1 X123.776 Y117.33 E.01312
G1 X111.472 Y129.634 E.57452
G1 X111.753 Y129.914 E.0131
G1 X124.056 Y117.611 E.57447
G1 X124.337 Y117.891 E.0131
G1 X112.033 Y130.195 E.57452
G1 X112.314 Y130.476 E.01312
G1 X124.618 Y118.172 E.57452
G1 X124.899 Y118.453 E.01312
G1 X112.595 Y130.757 E.57452
G1 X112.876 Y131.037 E.0131
G1 X125.18 Y118.734 E.57449
G1 X125.46 Y119.014 E.01307
G1 X113.157 Y131.318 E.57449
G1 X113.437 Y131.599 E.0131
G1 X125.741 Y119.295 E.57452
G1 X126.022 Y119.576 E.01312
G1 X113.718 Y131.88 E.57452
G1 X113.999 Y132.161 E.01312
G1 X126.303 Y119.857 E.57452
G1 X126.583 Y120.138 E.0131
G1 X114.28 Y132.441 E.57447
G1 X114.56 Y132.722 E.0131
G1 X126.864 Y120.418 E.57452
G1 X127.145 Y120.699 E.01312
G1 X114.841 Y133.003 E.57452
G1 X115.122 Y133.284 E.01312
G1 X127.426 Y120.98 E.57452
G1 X127.707 Y121.261 E.01312
G1 X115.403 Y133.564 E.57449
G1 X115.684 Y133.845 E.01312
G1 X127.987 Y121.541 E.57449
G1 X128.268 Y121.822 E.01312
G1 X115.964 Y134.126 E.57452
G1 X116.245 Y134.407 E.01312
G1 X128.549 Y122.103 E.57452
G1 X128.83 Y122.384 E.01312
G1 X116.526 Y134.688 E.57452
G1 X116.807 Y134.968 E.0131
G1 X129.11 Y122.665 E.57447
G1 X129.391 Y122.945 E.0131
G1 X117.087 Y135.249 E.57452
G1 X117.368 Y135.53 E.01312
G1 X129.672 Y123.226 E.57452
G1 X129.953 Y123.507 E.01312
G1 X117.649 Y135.811 E.57452
G1 X117.93 Y136.091 E.0131
G1 X130.234 Y123.788 E.57449
G1 X130.514 Y124.068 E.01307
G1 X118.211 Y136.372 E.57449
G1 X118.491 Y136.653 E.0131
G1 X130.795 Y124.349 E.57452
G1 X131.076 Y124.63 E.01312
G1 X118.772 Y136.934 E.57452
G1 X119.053 Y137.215 E.01312
G1 X131.357 Y124.911 E.57452
G1 X131.637 Y125.192 E.0131
G1 X119.334 Y137.495 E.57447
G1 X119.614 Y137.776 E.0131
G1 X131.918 Y125.472 E.57452
G1 X132.199 Y125.753 E.01312
G1 X119.895 Y138.057 E.57452
G1 X120.176 Y138.338 E.01312
G1 X132.48 Y126.034 E.57452
G1 X132.761 Y126.315 E.01312
G1 X120.457 Y138.618 E.57449
G1 X120.738 Y138.899 E.01312
G1 X133.041 Y126.595 E.57449
G1 X133.322 Y126.876 E.01312
G1 X121.018 Y139.18 E.57452
G1 X121.299 Y139.461 E.01312
G1 X133.603 Y127.157 E.57452
G1 X133.884 Y127.438 E.01312
G1 X121.58 Y139.742 E.57452
G1 X121.861 Y140.022 E.0131
G1 X134.164 Y127.719 E.57447
G1 X134.445 Y127.999 E.0131
G1 X122.141 Y140.303 E.57452
G1 X122.422 Y140.584 E.01312
G1 X134.726 Y128.28 E.57452
G1 X135.007 Y128.561 E.01312
G1 X122.703 Y140.865 E.57452
G1 X122.984 Y141.145 E.0131
G1 X135.288 Y128.842 E.57449
G1 X135.568 Y129.122 E.01307
G1 X123.265 Y141.426 E.57449
G1 X123.545 Y141.707 E.0131
G1 X135.849 Y129.403 E.57452
G1 X136.13 Y129.684 E.01312
G1 X123.826 Y141.988 E.57452
G1 X124.107 Y142.269 E.01312
G1 X136.411 Y129.965 E.57452
G1 X136.691 Y130.246 E.0131
G1 X124.388 Y142.549 E.57447
G1 X124.668 Y142.83 E.0131
G1 X136.972 Y130.526 E.57452
G1 X137.253 Y130.807 E.01312
G1 X124.949 Y143.111 E.57452
G1 X125.23 Y143.392 E.01312
G1 X137.534 Y131.088 E.57452
G1 X137.815 Y131.369 E.01312
G1 X125.511 Y143.672 E.57449
G1 X125.792 Y143.953 E.01312
G1 X138.095 Y131.649 E.57449
G1 X138.376 Y131.93 E.01312
G1 X126.072 Y144.234 E.57452
G1 X126.353 Y144.515 E.01312
G1 X138.657 Y132.211 E.57452
G1 X138.938 Y132.492 E.01312
G1 X126.634 Y144.796 E.57452
G1 X126.915 Y145.076 E.0131
G1 X139.218 Y132.773 E.57447
G1 X139.499 Y133.053 E.0131
G1 X127.195 Y145.357 E.57452
G1 X127.476 Y145.638 E.01312
G1 X139.78 Y133.334 E.57452
G1 X140.061 Y133.615 E.01312
G1 X127.757 Y145.919 E.57452
G1 X128.038 Y146.199 E.0131
G1 X140.342 Y133.896 E.57449
G1 X140.622 Y134.176 E.01307
G1 X128.319 Y146.48 E.57449
G1 X128.599 Y146.761 E.0131
G1 X140.903 Y134.457 E.57452
G1 X141.184 Y134.738 E.01312
G1 X128.88 Y147.042 E.57452
G1 X129.161 Y147.323 E.01312
G1 X141.465 Y135.019 E.57452
G1 X141.745 Y135.3 E.0131
G1 X129.442 Y147.603 E.57447
G1 X129.722 Y147.884 E.0131
G1 X142.026 Y135.58 E.57452
G1 X142.307 Y135.861 E.01312
G1 X130.003 Y148.165 E.57452
G1 X130.284 Y148.446 E.01312
G1 X142.588 Y136.142 E.57452
G1 X142.869 Y136.423 E.01312
G1 X130.565 Y148.726 E.57449
G1 X130.846 Y149.007 E.01312
G1 X143.149 Y136.703 E.57449
G1 X143.43 Y136.984 E.01312
G1 X131.126 Y149.288 E.57452
G1 X131.407 Y149.569 E.01312
G1 X143.711 Y137.265 E.57452
G1 X143.992 Y137.546 E.01312
G1 X131.688 Y149.85 E.57452
G1 X131.969 Y150.13 E.0131
G1 X144.272 Y137.827 E.57447
G1 X144.553 Y138.107 E.0131
G1 X132.249 Y150.411 E.57452
G1 X132.53 Y150.692 E.01312
G1 X144.834 Y138.388 E.57452
G1 X145.115 Y138.669 E.01312
G1 X132.811 Y150.973 E.57452
G1 X133.092 Y151.253 E.0131
G1 X145.396 Y138.95 E.57449
G1 X145.676 Y139.23 E.01307
G1 X133.373 Y151.534 E.57449
G1 X133.653 Y151.815 E.0131
G1 X145.957 Y139.511 E.57452
G1 X146.238 Y139.792 E.01312
G1 X133.934 Y152.096 E.57452
G1 X134.215 Y152.377 E.01312
G1 X146.519 Y140.073 E.57452
G1 X146.799 Y140.353 E.01307
G1 X134.496 Y152.657 E.57449
G1 X134.776 Y152.938 E.0131
G1 X147.08 Y140.634 E.57452
G1 X147.361 Y140.915 E.01312
G1 X135.057 Y153.219 E.57452
G1 X135.338 Y153.5 E.01312
G1 X147.642 Y141.196 E.57452
G1 X147.923 Y141.477 E.01312
G1 X135.619 Y153.78 E.57449
G1 X135.9 Y154.061 E.01312
G1 X148.203 Y141.757 E.57449
G1 X148.484 Y142.038 E.01312
G1 X136.18 Y154.342 E.57452
G1 X136.461 Y154.623 E.01312
G1 X148.765 Y142.319 E.57452
G1 X149.046 Y142.6 E.01312
G1 X136.742 Y154.904 E.57452
G1 X137.023 Y155.184 E.0131
G1 X149.326 Y142.88 E.57449
G1 X149.607 Y143.161 E.01312
G1 X137.303 Y155.465 E.57452
G1 X137.584 Y155.746 E.01312
G1 X149.888 Y143.442 E.57452
G1 X150.169 Y143.723 E.01312
G1 X137.865 Y156.027 E.57452
G1 X138.146 Y156.307 E.0131
G1 X150.45 Y144.004 E.57449
G1 X150.73 Y144.284 E.01307
G1 X138.427 Y156.588 E.57449
G1 X138.707 Y156.869 E.0131
G1 X151.011 Y144.565 E.57452
G1 X151.292 Y144.846 E.01312
G1 X138.988 Y157.15 E.57452
G1 X139.269 Y157.43 E.0131
G1 X151.573 Y145.127 E.57449
G1 X151.853 Y145.407 E.01307
G1 X139.55 Y157.711 E.57449
G1 X139.83 Y157.992 E.0131
G1 X152.134 Y145.688 E.57452
G1 X152.415 Y145.969 E.01312
G1 X140.111 Y158.273 E.57452
G1 X140.392 Y158.554 E.01312
G1 X152.696 Y146.25 E.57452
G1 X152.977 Y146.531 E.01312
G1 X140.673 Y158.834 E.57449
G1 X140.954 Y159.115 E.01312
G1 X153.257 Y146.811 E.57449
G1 X153.538 Y147.092 E.01312
G1 X141.234 Y159.396 E.57452
G1 X141.515 Y159.677 E.01312
G1 X153.819 Y147.373 E.57452
G1 X154.1 Y147.654 E.01312
G1 X141.796 Y159.957 E.57449
G1 X142.077 Y160.238 E.01312
G1 X154.38 Y147.934 E.57449
G1 X154.661 Y148.215 E.01312
G1 X142.357 Y160.519 E.57452
G1 X142.638 Y160.8 E.01312
G1 X154.942 Y148.496 E.57452
G1 X155.223 Y148.777 E.01312
G1 X142.919 Y161.081 E.57452
G1 X143.2 Y161.361 E.0131
G1 X155.504 Y149.058 E.57449
G1 X155.784 Y149.338 E.01307
G1 X143.481 Y161.642 E.57449
G1 X143.761 Y161.923 E.0131
G1 X156.065 Y149.619 E.57452
G1 X156.346 Y149.9 E.01312
G1 X144.042 Y162.204 E.57452
G1 X144.323 Y162.484 E.0131
G1 X156.627 Y150.181 E.57449
G1 X156.907 Y150.461 E.01307
G1 X144.604 Y162.765 E.57449
G1 X144.884 Y163.046 E.0131
G1 X157.188 Y150.742 E.57452
G1 X157.469 Y151.023 E.01312
G1 X145.165 Y163.327 E.57452
G1 X145.446 Y163.608 E.01312
G1 X157.75 Y151.304 E.57452
G1 X158.031 Y151.585 E.01312
G1 X145.727 Y163.888 E.57449
G1 X146.008 Y164.169 E.01312
G1 X158.311 Y151.865 E.57449
G1 X158.592 Y152.146 E.01312
G1 X146.288 Y164.45 E.57452
G1 X146.569 Y164.731 E.01312
G1 X158.873 Y152.427 E.57452
G1 X159.154 Y152.708 E.01312
G1 X146.85 Y165.011 E.57449
G1 X147.131 Y165.292 E.01312
G1 X159.434 Y152.988 E.57449
G1 X159.715 Y153.269 E.01312
G1 X147.411 Y165.573 E.57452
G1 X147.692 Y165.854 E.01312
G1 X159.996 Y153.55 E.57452
G1 X160.277 Y153.831 E.01312
G1 X147.973 Y166.135 E.57452
G1 X148.254 Y166.415 E.0131
G1 X160.558 Y154.112 E.57449
G1 X160.838 Y154.392 E.01307
G1 X148.534 Y166.696 E.57452
G1 X148.815 Y166.977 E.01312
G1 X161.119 Y154.673 E.57452
G1 X161.4 Y154.954 E.01312
G1 X149.096 Y167.258 E.57452
G1 X149.377 Y167.538 E.0131
G1 X161.681 Y155.235 E.57449
G1 X161.961 Y155.515 E.01307
G1 X149.658 Y167.819 E.57449
G1 X149.938 Y168.1 E.0131
G1 X162.242 Y155.796 E.57452
G1 X162.523 Y156.077 E.01312
G1 X150.219 Y168.381 E.57452
G1 X150.5 Y168.662 E.01312
G1 X162.804 Y156.358 E.57452
G1 X163.085 Y156.639 E.01312
G1 X150.781 Y168.942 E.57449
G1 X151.061 Y169.223 E.0131
G1 X163.365 Y156.919 E.57452
G1 X163.646 Y157.2 E.01312
G1 X151.342 Y169.504 E.57452
G1 X151.623 Y169.785 E.01312
G1 X163.927 Y157.481 E.57452
G1 X164.208 Y157.762 E.01312
G1 X151.904 Y170.065 E.57449
G1 X152.185 Y170.346 E.01312
G1 X164.488 Y158.042 E.57449
G1 X164.769 Y158.323 E.01312
G1 X152.465 Y170.627 E.57452
G1 X152.746 Y170.908 E.01312
G1 X165.05 Y158.604 E.57452
G1 X165.331 Y158.885 E.01312
G1 X153.027 Y171.189 E.57452
G1 X153.308 Y171.469 E.0131
G1 X165.611 Y159.166 E.57447
G1 X165.892 Y159.446 E.0131
G1 X153.588 Y171.75 E.57452
G1 X153.869 Y172.031 E.01312
G1 X166.173 Y159.727 E.57452
G1 X166.454 Y160.008 E.01312
G1 X154.15 Y172.312 E.57452
G1 X154.431 Y172.592 E.0131
G1 X166.735 Y160.289 E.57449
G1 X167.015 Y160.569 E.01307
G1 X154.712 Y172.873 E.57449
G1 X154.992 Y173.154 E.0131
G1 X167.316 Y160.83 E.57545
G1 X167.706 Y161.002 E.01407
G1 X155.273 Y173.435 E.58054
G1 X155.554 Y173.716 E.01312
G1 X168.249 Y161.02 E.5928
G1 E-3.5 F3600
;WIPE_START
G1 F7200
G1 X166.016 Y163.253 E-1.5
;WIPE_END
G1 X100.427 Y90.7 F9000
G1 E5 F2400
G1 F7200
G1 X117.827 Y73.3 E.81247
G1 X118.389 Y73.3 E.01856
G1 X100.989 Y90.7 E.81247
G1 X101.55 Y90.7 E.01852
G1 X118.95 Y73.3 E.81247
G1 X119.512 Y73.3 E.01856
G1 X102.112 Y90.7 E.81247
G1 X102.673 Y90.7 E.01852
G1 X120.073 Y73.3 E.81247
G1 X120.635 Y73.3 E.01856
G1 X103.235 Y90.7 E.81247
G1 X103.796 Y90.7 E.01852
G1 X121.197 Y73.3 E.81249
G1 X121.758 Y73.3 E.01852
G1 X104.358 Y90.7 E.81247
G1 X104.919 Y90.7 E.01852
G1 X122.32 Y73.3 E.81249
G1 X122.881 Y73.3 E.01852
G1 X105.481 Y90.7 E.81247
G1 X106.043 Y90.7 E.01856
G1 X123.443 Y73.3 E.81247
G1 X124.004 Y73.3 E.01852
G1 X106.604 Y90.7 E.81247
G1 X107.166 Y90.7 E.01856
G1 X124.566 Y73.3 E.81247
G1 X125.127 Y73.3 E.01852
G1 X107.727 Y90.7 E.81247
G1 X108.289 Y90.7 E.01856
G1 X125.689 Y73.3 E.81247
G1 X126.251 Y73.3 E.01856
G1 X108.85 Y90.7 E.81249
G1 X109.412 Y90.7 E.01856
G1 X126.812 Y73.3 E.81247
G1 X127.374 Y73.3 E.01856
G1 X109.973 Y90.7 E.81249
G1 X110.535 Y90.7 E.01856
G1 X127.935 Y73.3 E.81247
G1 X128.497 Y73.3 E.01856
G1 X111.097 Y90.7 E.81247
G1 X111.658 Y90.7 E.01852
G1 X129.058 Y73.3 E.81247
G1 X129.62 Y73.3 E.01856
G1 X112.22 Y90.7 E.81247
G1 X112.781 Y90.7 E.01852
G1 X130.181 Y73.3 E.81247
G1 X130.743 Y73.3 E.01856
G1 X113.343 Y90.7 E.81247
G1 X113.904 Y90.7 E.01852
G1 X131.305 Y73.3 E.81249
G1 X131.866 Y73.3 E.01852
G1 X114.466 Y90.7 E.81247
G1 X115.027 Y90.7 E.01852
G1 X132.428 Y73.3 E.81249
G1 X132.989 Y73.3 E.01852
G1 X115.589 Y90.7 E.81247
G1 X116.151 Y90.7 E.01856
G1 X133.551 Y73.3 E.81247
G1 X134.112 Y73.3 E.01852
G1 X116.712 Y90.7 E.81247
G1 X117.274 Y90.7 E.01856
G1 X134.674 Y73.3 E.81247
G1 X135.235 Y73.3 E.01852
G1 X117.835 Y90.7 E.81247
G1 X118.397 Y90.7 E.01856
G1 X135.797 Y73.3 E.81247
G1 X136.358 Y73.3 E.01852
G1 X118.958 Y90.7 E.81247
G1 X119.52 Y90.7 E.01856
G1 X136.92 Y73.3 E.81247
G1 X137.482 Y73.3 E.01856
G1 X120.081 Y90.7 E.81249
G1 X120.643 Y90.7 E.01856
G1 X138.043 Y73.3 E.81247
G1 X138.605 Y73.3 E.01856
G1 X121.205 Y90.7 E.81247
G1 X121.766 Y90.7 E.01852
G1 X139.166 Y73.3 E.81247
G1 X139.728 Y73.3 E.01856
G1 X122.328 Y90.7 E.81247
G1 X122.889 Y90.7 E.01852
G1 X140.289 Y73.3 E.81247
G1 X140.851 Y73.3 E.01856
G1 X123.451 Y90.7 E.81247
G1 X124.012 Y90.7 E.01852
G1 X141.412 Y73.3 E.81247
G1 X141.974 Y73.3 E.01856
G1 X124.574 Y90.7 E.81247
G1 X125.135 Y90.7 E.01852
G1 X142.536 Y73.3 E.81249
G1 X143.097 Y73.3 E.01852
G1 X125.697 Y90.7 E.81247
G1 X126.259 Y90.7 E.01856
G1 X143.659 Y73.3 E.81247
G1 X144.22 Y73.3 E.01852
G1 X126.82 Y90.7 E.81247
G1 X127.382 Y90.7 E.01856
G1 X144.782 Y73.3 E.81247
G1 X145.343 Y73.3 E.01852
G1 X127.943 Y90.7 E.81247
G1 X128.505 Y90.7 E.01856
G1 X145.905 Y73.3 E.81247
G1 X146.466 Y73.3 E.01852
G1 X129.066 Y90.7 E.81247
G1 X129.628 Y90.7 E.01856
G1 X147.028 Y73.3 E.81247
G1 X147.59 Y73.3 E.01856
G1 X130.189 Y90.7 E.81249
G1 X130.751 Y90.7 E.01856
G1 X148.151 Y73.3 E.81247
G1 X148.713 Y73.3 E.01856
G1 X131.313 Y90.7 E.81247
G1 X131.874 Y90.7 E.01852
G1 X149.274 Y73.3 E.81247
G1 X149.836 Y73.3 E.01856
G1 X132.436 Y90.7 E.81247
G1 X132.997 Y90.7 E.01852
G1 X150.397 Y73.3 E.81247
G1 X150.959 Y73.3 E.01856
G1 X133.559 Y90.7 E.81247
G1 X134.12 Y90.7 E.01852
G1 X151.52 Y73.3 E.81247
G1 X152.082 Y73.3 E.01856
G1 X134.682 Y90.7 E.81247
G1 X135.243 Y90.7 E.01852
G1 X152.644 Y73.3 E.81249
G1 X153.205 Y73.3 E.01852
G1 X135.805 Y90.7 E.81247
G1 X136.367 Y90.7 E.01856
G1 X153.767 Y73.3 E.81247
G1 X154.328 Y73.3 E.01852
G1 X136.928 Y90.7 E.81247
G1 X137.49 Y90.7 E.01856
G1 X154.89 Y73.3 E.81247
G1 X155.451 Y73.3 E.01852
G1 X138.051 Y90.7 E.81247
G1 X138.613 Y90.7 E.01856
G1 X156.013 Y73.3 E.81247
G1 X156.574 Y73.3 E.01852
G1 X139.174 Y90.7 E.81247
G1 X139.736 Y90.7 E.01856
G1 X157.136 Y73.3 E.81247
G1 X157.698 Y73.3 E.01856
G1 X140.297 Y90.7 E.81249
G1 X140.859 Y90.7 E.01856
G1 X158.259 Y73.3 E.81247
G1 X158.821 Y73.3 E.01856
G1 X141.42 Y90.7 E.81249
G1 X141.982 Y90.7 E.01856
G1 X159.382 Y73.3 E.81247
G1 X159.944 Y73.3 E.01856
G1 X142.544 Y90.7 E.81247
G1 X143.105 Y90.7 E.01852
G1 X160.505 Y73.3 E.81247
G1 X161.067 Y73.3 E.01856
G1 X143.667 Y90.7 E.81247
G1 X144.228 Y90.7 E.01852
G1 X161.628 Y73.3 E.81247
G1 X162.19 Y73.3 E.01856
G1 X144.79 Y90.7 E.81247
G1 X145.351 Y90.7 E.01852
G1 X162.752 Y73.3 E.81249
G1 X163.313 Y73.3 E.01852
G1 X145.913 Y90.7 E.81247
G1 X146.474 Y90.7 E.01852
G1 X163.875 Y73.3 E.81249
G1 X164.436 Y73.3 E.01852
G1 X147.036 Y90.7 E.81247
G1 X147.598 Y90.7 E.01856
G1 X164.998 Y73.3 E.81247
G1 X165.559 Y73.3 E.01852
G1 X148.159 Y90.7 E.81247
G1 X148.721 Y90.7 E.01856
G1 X166.121 Y73.3 E.81247
G1 X166.682 Y73.3 E.01852
G1 X149.282 Y90.7 E.81247
G1 X149.844 Y90.7 E.01856
G1 X167.244 Y73.3 E.81247
G1 X167.806 Y73.3 E.01856
G1 X150.405 Y90.7 E.81249
G1 X150.967 Y90.7 E.01856
G1 X168.367 Y73.3 E.81247
G1 X168.929 Y73.3 E.01856
G1 X151.528 Y90.7 E.81249
G1 X152.09 Y90.7 E.01856
G1 X169.49 Y73.3 E.81247
G1 X170.052 Y73.3 E.01856
G1 X152.652 Y90.7 E.81247
G1 X153.213 Y90.7 E.01852
G1 X170.613 Y73.3 E.81247
G1 X171.175 Y73.3 E.01856
G1 X153.775 Y90.7 E.81247
G1 X154.336 Y90.7 E.01852
G1 X171.736 Y73.3 E.81247
G1 X172.298 Y73.3 E.01856
G1 X154.898 Y90.7 E.81247
G1 X155.459 Y90.7 E.01852
G1 X172.86 Y73.3 E.81249
G1 X173.421 Y73.3 E.01852
G1 X156.021 Y90.7 E.81247
G1 X156.582 Y90.7 E.01852
G1 X173.983 Y73.3 E.81249
G1 X174.544 Y73.3 E.01852
G1 X157.144 Y90.7 E.81247
G1 X157.706 Y90.7 E.01856
G1 X175.106 Y73.3 E.81247
G1 X175.667 Y73.3 E.01852
G1 X158.267 Y90.7 E.81247
G1 X158.829 Y90.7 E.01856
G1 X176.229 Y73.3 E.81247
G1 X176.79 Y73.3 E.01852
G1 X159.39 Y90.7 E.81247
G1 X159.952 Y90.7 E.01856
G1 X177.352 Y73.3 E.81247
G1 X177.914 Y73.3 E.01856
G1 X160.513 Y90.7 E.81249
G1 X161.075 Y90.7 E.01856
G1 X178.475 Y73.3 E.81247
G1 X179.037 Y73.3 E.01856
G1 X161.636 Y90.7 E.81249
G1 X162.198 Y90.7 E.01856
G1 X179.598 Y73.3 E.81247
G1 X180.16 Y73.3 E.01856
G1 X162.76 Y90.7 E.81247
G1 X163.632 Y90.846 F9000
;WIDTH:0.38292
G1 F7200
G1 X163.591 Y90.857 E.0012
G1 X163.572 Y90.786 E.00208
G1 X163.643 Y90.805 E.00208
;WIDTH:0.41146
G1 X163.482 Y90.753 E.00518
;WIDTH:0.439999
G1 X163.321 Y90.7 E.0056
G1 X180.721 Y73.3 E.81247
G1 X181.283 Y73.3 E.01856
G1 X175.798 Y78.785 E.25611
G1 X176.516 Y78.589 E.02457
;WIDTH:0.38292
G1 X176.475 Y78.6 E.0012
G1 X176.456 Y78.529 E.00208
G1 X176.527 Y78.548 E.00208
;WIDTH:0.41146
G1 X176.647 Y78.463 E.00451
;WIDTH:0.439999
G1 X176.767 Y78.378 E.00486
G1 X181.844 Y73.3 E.23709
G1 X182.406 Y73.3 E.01856
G1 X177.579 Y78.127 E.22539
G1 X177.46 Y78.203 E.00466
;WIDTH:0.41146
G1 X177.342 Y78.278 E.00428
;WIDTH:0.38292
G1 X177.271 Y78.259 E.00208
G1 X177.29 Y78.33 E.00208
G1 X177.331 Y78.319 E.0012
;WIDTH:0.439999
G1 X178.107 Y78.161 E.02615
G1 X182.968 Y73.3 E.22698
G1 X183.529 Y73.3 E.01852
G1 X178.608 Y78.221 E.22978
G1 X179.107 Y78.284 E.01661
G1 X184.091 Y73.3 E.23272
G1 X184.652 Y73.3 E.01852
G1 X179.526 Y78.426 E.23935
G1 X179.87 Y78.644 E.01345
G1 X185.214 Y73.3 E.24953
G1 X185.775 Y73.3 E.01852
G1 X180.202 Y78.873 E.26022
G1 X180.534 Y79.102 E.01332
G1 X186.337 Y73.3 E.27094
G1 X186.832 Y73.198 E.01669
;WIDTH:0.38292
G1 X186.761 Y73.179 E.00208
G1 X186.78 Y73.25 E.00208
G1 X186.821 Y73.239 E.0012
;WIDTH:0.41146
G1 X186.761 Y73.368 E.00436
;WIDTH:0.439999
G1 X186.7 Y73.498 E.00474
G1 X180.853 Y79.346 E.27304
G1 X181.094 Y79.666 E.01323
G1 X186.7 Y74.06 E.26176
G1 X186.7 Y74.621 E.01852
G1 X181.287 Y80.034 E.25275
G1 X181.481 Y80.402 E.01374
G1 X186.7 Y75.183 E.24369
G1 X186.7 Y75.744 E.01852
G1 X181.674 Y80.771 E.2347
G1 X181.804 Y81.202 E.01486
G1 X186.7 Y76.306 E.22861
G1 X186.7 Y76.868 E.01856
G1 X181.824 Y81.743 E.22765
G1 X181.824 Y82.305 E.01856
G1 X186.7 Y77.429 E.22768
G1 X186.7 Y77.991 E.01856
G1 X181.792 Y82.899 E.22917
G1 X181.719 Y83.054 E.00566
;WIDTH:0.41146
G1 X181.646 Y83.21 E.00528
;WIDTH:0.38292
G1 X181.605 Y83.221 E.0012
G1 X181.585 Y83.15 E.00209
G1 X181.657 Y83.169 E.00211
G1 E-3.5 F3600
;WIPE_START
G1 F7200
G1 X181.585 Y83.15 E-.03537
G1 X181.605 Y83.221 E-.03504
G1 X181.646 Y83.21 E-.02016
G1 X181.719 Y83.054 E-.08181
G1 X181.792 Y82.899 E-.08138
G1 X183.647 Y81.044 E-1.24624
;WIPE_END
G1 X180.235 Y85.064 F9000
G1 E5 F2400
G1 F7200
G1 X180.641 Y84.726 E.01494
G1 X181.077 Y84.245 E.01835
;WIDTH:0.41146
G1 X181.183 Y84.104 E.00541
;WIDTH:0.439999
G1 X181.288 Y83.964 E.00578
G1 X186.7 Y78.552 E.2527
G1 E-3.5 F3600
;WIPE_START
G1 F7200
G1 X184.467 Y80.785 E-1.5
;WIPE_END
G1 X175.282 Y79.301 F9000
G1 E5 F2400
G1 F7200
G1 X163.883 Y90.7 E.53226
G1 X164.444 Y90.7 E.01852
G1 X174.362 Y80.782 E.46311
G1 X174.441 Y80.641 E.00534
;WIDTH:0.41146
G1 X174.52 Y80.501 E.00493
;WIDTH:0.38292
G1 X174.689 Y80.246 E.00865
G1 X174.182 Y81.524 F9000
;WIDTH:0.439999
G1 F7200
G1 X165.006 Y90.7 E.42846
G1 X165.567 Y90.7 E.01852
G1 X174.112 Y82.155 E.399
G1 X174.213 Y82.616 E.01558
G1 X166.129 Y90.7 E.37747
G1 X166.69 Y90.7 E.01852
G1 X174.324 Y83.066 E.35646
G1 X174.435 Y83.517 E.01534
G1 X167.252 Y90.7 E.3354
G1 X167.814 Y90.7 E.01856
G1 X174.61 Y83.903 E.31735
G1 X174.856 Y84.219 E.01322
G1 X168.333 Y90.743 E.3046
G1 X168.725 Y90.912 E.01409
G1 X175.12 Y84.517 E.2986
G1 X175.384 Y84.814 E.01312
G1 X169.013 Y91.185 E.29748
G1 X169.217 Y91.543 E.0136
G1 X175.66 Y85.1 E.30085
G1 X175.998 Y85.324 E.01339
G1 X169.3 Y92.022 E.31275
G1 X169.3 Y92.583 E.01852
G1 X176.4 Y85.483 E.33152
G1 X176.807 Y85.638 E.01438
G1 X169.3 Y93.145 E.35053
G1 X169.3 Y93.706 E.01852
G1 X177.214 Y85.792 E.36953
G1 X177.697 Y85.871 E.01616
G1 X169.3 Y94.268 E.39208
G1 X169.3 Y94.829 E.01852
G1 X178.401 Y85.737 E.42475
;WIDTH:0.41146
G1 X178.484 Y85.663 E.00341
;WIDTH:0.38292
G1 X178.443 Y85.674 E.0012
G1 X178.424 Y85.603 E.00208
G1 X178.495 Y85.622 E.00208
;WIDTH:0.439999
G1 X179.28 Y85.574 E.02597
;WIDTH:0.38292
G1 X179.209 Y85.555 E.00208
G1 X179.228 Y85.626 E.00208
G1 X179.269 Y85.615 E.0012
;WIDTH:0.41146
G1 X179.115 Y85.673 E.00504
;WIDTH:0.439999
G1 X178.96 Y85.73 E.00545
G1 X169.3 Y95.391 E.45108
G1 X169.225 Y96.222 F9000
;WIDTH:0.38292
G1 F7200
G1 X169.154 Y96.203 E.00208
G1 X169.173 Y96.274 E.00208
G1 X169.214 Y96.263 E.0012
;WIDTH:0.41146
G1 X169.257 Y96.108 E.00493
;WIDTH:0.439999
G1 X169.3 Y95.952 E.00534
G1 X179.954 Y85.298 E.49747
G1 E-3.5 F3600
;WIPE_START
G1 F7200
G1 X177.721 Y87.531 E-1.5
;WIPE_END
G1 X186.7 Y79.114 F9000
G1 E5 F2400
G1 F7200
G1 X169.236 Y96.585 E.81562
;WIDTH:0.41146
G1 X169.171 Y96.655 E.00293
;WIDTH:0.38292
G1 X169.1 Y96.636 E.00208
G1 X169.119 Y96.707 E.00208
G1 X169.16 Y96.696 E.0012
;WIDTH:0.439999
G1 X169.3 Y97.076 E.01337
G1 X186.7 Y79.675 E.81249
G1 X186.7 Y80.237 E.01856
G1 X169.3 Y97.637 E.81247
G1 X169.3 Y98.199 E.01856
G1 X186.7 Y80.798 E.81249
G1 X186.7 Y81.36 E.01856
G1 X169.3 Y98.76 E.81247
G1 X169.3 Y99.322 E.01856
G1 X186.7 Y81.922 E.81247
G1 X186.7 Y82.483 E.01852
G1 X169.3 Y99.883 E.81247
G1 X169.3 Y100.445 E.01856
G1 X186.7 Y83.045 E.81247
G1 X186.7 Y83.606 E.01852
G1 X169.3 Y101.006 E.81247
G1 X169.3 Y101.568 E.01856
G1 X186.7 Y84.168 E.81247
G1 X186.7 Y84.729 E.01852
G1 X169.3 Y102.129 E.81247
G1 X169.3 Y102.691 E.01856
G1 X186.7 Y85.291 E.81247
G1 X186.7 Y85.852 E.01852
G1 X169.3 Y103.253 E.81249
G1 X169.3 Y103.814 E.01852
G1 X186.7 Y86.414 E.81247
G1 X186.7 Y86.976 E.01856
G1 X169.3 Y104.376 E.81247
G1 X169.3 Y104.937 E.01852
G1 X186.7 Y87.537 E.81247
G1 X186.7 Y88.099 E.01856
G1 X169.3 Y105.499 E.81247
G1 X169.3 Y106.06 E.01852
G1 X186.7 Y88.66 E.81247
G1 X186.7 Y89.222 E.01856
G1 X169.3 Y106.622 E.81247
G1 X169.3 Y107.183 E.01852
G1 X186.7 Y89.783 E.81247
G1 X186.7 Y90.345 E.01856
G1 X169.3 Y107.745 E.81247
G1 X169.3 Y108.307 E.01856
G1 X186.7 Y90.906 E.81249
G1 X186.7 Y91.468 E.01856
G1 X169.3 Y108.868 E.81247
G1 X169.3 Y109.43 E.01856
G1 X186.7 Y92.03 E.81247
G1 X186.7 Y92.591 E.01852
G1 X169.3 Y109.991 E.81247
G1 X169.3 Y110.553 E.01856
G1 X186.7 Y93.153 E.81247
G1 X186.7 Y93.714 E.01852
G1 X169.3 Y111.114 E.81247
G1 X169.3 Y111.676 E.01856
G1 X186.7 Y94.276 E.81247
G1 X186.7 Y94.837 E.01852
G1 X169.3 Y112.237 E.81247
G1 X169.3 Y112.799 E.01856
G1 X186.7 Y95.399 E.81247
G1 X186.7 Y95.96 E.01852
G1 X169.3 Y113.361 E.81249
G1 X169.3 Y113.922 E.01852
G1 X186.7 Y96.522 E.81247
G1 X186.7 Y97.084 E.01856
G1 X169.3 Y114.484 E.81247
G1 X169.3 Y115.045 E.01852
G1 X186.7 Y97.645 E.81247
G1 X186.7 Y98.207 E.01856
G1 X169.3 Y115.607 E.81247
G1 X169.3 Y116.168 E.01852
G1 X186.7 Y98.768 E.81247
G1 X186.7 Y99.33 E.01856
G1 X169.3 Y116.73 E.81247
G1 X169.3 Y117.291 E.01852
G1 X186.7 Y99.891 E.81247
G1 X186.7 Y100.453 E.01856
G1 X169.3 Y117.853 E.81247
G1 X169.3 Y118.415 E.01856
G1 X186.7 Y101.014 E.81249
G1 X186.7 Y101.576 E.01856
G1 X169.3 Y118.976 E.81247
G1 X169.3 Y119.538 E.01856
G1 X186.7 Y102.138 E.81247
G1 X186.7 Y102.699 E.01852
G1 X169.3 Y120.099 E.81247
G1 X169.3 Y120.661 E.01856
G1 X186.7 Y103.261 E.81247
G1 X186.7 Y103.822 E.01852
G1 X169.3 Y121.222 E.81247
G1 X169.3 Y121.784 E.01856
G1 X186.7 Y104.384 E.81247
G1 X186.7 Y104.945 E.01852
G1 X169.3 Y122.345 E.81247
G1 X169.3 Y122.907 E.01856
G1 X186.7 Y105.507 E.81247
G1 X186.7 Y106.068 E.01852
G1 X169.3 Y123.469 E.81249
G1 X169.3 Y124.03 E.01852
G1 X186.7 Y106.63 E.81247
G1 X186.7 Y107.191 E.01852
G1 X169.3 Y124.592 E.81249
G1 X169.3 Y125.153 E.01852
G1 X186.7 Y107.753 E.81247
G1 X186.7 Y108.315 E.01856
G1 X169.3 Y125.715 E.81247
G1 X169.3 Y126.276 E.01852
G1 X186.7 Y108.876 E.81247
G1 X186.7 Y109.438 E.01856
G1 X169.3 Y126.838 E.81247
G1 X169.3 Y127.399 E.01852
G1 X186.7 Y109.999 E.81247
G1 X186.7 Y110.561 E.01856
G1 X169.3 Y127.961 E.81247
G1 X169.3 Y128.523 E.01856
G1 X186.7 Y111.122 E.81249
G1 X186.7 Y111.684 E.01856
G1 X169.3 Y129.084 E.81247
G1 X169.3 Y129.646 E.01856
G1 X186.7 Y112.245 E.81249
G1 X186.7 Y112.807 E.01856
G1 X169.3 Y130.207 E.81247
G1 X169.3 Y130.769 E.01856
G1 X186.7 Y113.369 E.81247
G1 X186.7 Y113.93 E.01852
G1 X169.3 Y131.33 E.81247
G1 X169.3 Y131.892 E.01856
G1 X186.7 Y114.492 E.81247
G1 X186.7 Y115.053 E.01852
G1 X169.3 Y132.453 E.81247
G1 X169.3 Y133.015 E.01856
G1 X186.7 Y115.615 E.81247
G1 X186.7 Y116.176 E.01852
G1 X169.3 Y133.577 E.81249
G1 X169.3 Y134.138 E.01852
G1 X186.7 Y116.738 E.81247
G1 X186.7 Y117.299 E.01852
G1 X169.3 Y134.7 E.81249
G1 X169.3 Y135.261 E.01852
G1 X186.7 Y117.861 E.81247
G1 X186.7 Y118.423 E.01856
G1 X169.3 Y135.823 E.81247
G1 X169.3 Y136.384 E.01852
G1 X186.7 Y118.984 E.81247
G1 X186.7 Y119.546 E.01856
G1 X169.3 Y136.946 E.81247
G1 X169.3 Y137.507 E.01852
G1 X186.7 Y120.107 E.81247
G1 X186.7 Y120.669 E.01856
G1 X169.3 Y138.069 E.81247
G1 X169.3 Y138.631 E.01856
G1 X186.7 Y121.23 E.81249
G1 X186.7 Y121.792 E.01856
G1 X169.3 Y139.192 E.81247
G1 X169.3 Y139.754 E.01856
G1 X186.7 Y122.353 E.81249
G1 X186.7 Y122.915 E.01856
G1 X169.3 Y140.315 E.81247
G1 X169.3 Y140.877 E.01856
G1 X186.7 Y123.477 E.81247
G1 X186.7 Y124.038 E.01852
G1 X169.3 Y141.438 E.81247
G1 X169.3 Y142 E.01856
G1 X186.7 Y124.6 E.81247
G1 X186.7 Y125.161 E.01852
G1 X169.3 Y142.561 E.81247
G1 X169.3 Y143.123 E.01856
G1 X186.7 Y125.723 E.81247
G1 X186.7 Y126.284 E.01852
G1 X169.3 Y143.685 E.81249
G1 X169.3 Y144.246 E.01852
G1 X186.7 Y126.846 E.81247
G1 X186.7 Y127.407 E.01852
G1 X169.3 Y144.808 E.81249
G1 X169.3 Y145.369 E.01852
G1 X186.7 Y127.969 E.81247
G1 X186.7 Y128.531 E.01856
G1 X169.3 Y145.931 E.81247
G1 X169.3 Y146.492 E.01852
G1 X186.7 Y129.092 E.81247
G1 X186.7 Y129.654 E.01856
G1 X169.3 Y147.054 E.81247
G1 X169.3 Y147.615 E.01852
G1 X186.7 Y130.215 E.81247
G1 X186.7 Y130.777 E.01856
G1 X169.3 Y148.177 E.81247
G1 X169.3 Y148.739 E.01856
G1 X186.7 Y131.338 E.81249
G1 X186.7 Y131.9 E.01856
G1 X169.3 Y149.3 E.81247
G1 X169.214 Y150.172 F9000
;WIDTH:0.38292
G1 F7200
G1 X169.173 Y150.183 E.0012
G1 X169.154 Y150.112 E.00208
G1 X169.225 Y150.131 E.00208
;WIDTH:0.41146
G1 X169.262 Y149.997 E.00426
;WIDTH:0.439999
G1 X169.3 Y149.862 E.00463
G1 X186.7 Y132.461 E.81249
G1 X186.7 Y133.023 E.01856
G1 X175.797 Y143.927 E.50912
G1 X175.516 Y144.163 E.01212
;WIDTH:0.38292
G1 X175.113 Y144.566 E.01611
;WIDTH:0.41146
G1 X174.995 Y144.706 E.00561
;WIDTH:0.439999
G1 X174.877 Y144.847 E.00607
G1 X169.3 Y150.423 E.26039
G1 X169.3 Y150.985 E.01856
G1 X174.333 Y145.951 E.23503
G1 X174.396 Y146.047 E.00379
;WIDTH:0.41146
G1 X174.459 Y146.143 E.00352
;WIDTH:0.38292
G1 X174.526 Y145.821 E.0093
G1 X174.495 Y145.671 E.00433
G1 X174.194 Y146.652 F9000
;WIDTH:0.439999
G1 F7200
G1 X169.3 Y151.546 E.22852
G1 X169.3 Y152.108 E.01856
G1 X174.15 Y147.258 E.22646
G1 X174.15 Y147.819 E.01852
G1 X169.3 Y152.669 E.22646
G1 X169.3 Y153.231 E.01856
G1 X174.15 Y148.381 E.22646
G1 X174.15 Y148.942 E.01852
G1 X169.3 Y153.793 E.22649
G1 X169.3 Y154.354 E.01852
G1 X174.15 Y149.504 E.22646
G1 X174.15 Y150.065 E.01852
G1 X169.3 Y154.916 E.22649
G1 X169.3 Y155.477 E.01852
G1 X174.15 Y150.627 E.22646
G1 X174.15 Y151.189 E.01856
G1 X169.3 Y156.039 E.22646
G1 X169.3 Y156.6 E.01852
G1 X174.15 Y151.75 E.22646
G1 X174.181 Y152.281 E.01756
G1 X169.3 Y157.162 E.22791
G1 X169.3 Y157.723 E.01852
G1 X174.274 Y152.749 E.23225
G1 X174.367 Y153.218 E.01579
G1 X169.3 Y158.285 E.2366
G1 X169.3 Y158.846 E.01852
G1 X174.527 Y153.62 E.24404
G1 X174.748 Y153.96 E.01339
G1 X169.3 Y159.408 E.25439
G1 X168.53 Y160.843 F9000
;WIDTH:0.38292
G1 F7200
G1 X168.808 Y160.623 E.01002
G1 X169.097 Y160.272 E.01285
;WIDTH:0.41146
G1 X169.188 Y160.131 E.00514
;WIDTH:0.439999
G1 X169.279 Y159.991 E.00551
G1 X174.972 Y154.297 E.26585
G1 X175.209 Y154.622 E.01328
G1 X155.835 Y173.996 E.90464
G1 X156.115 Y174.277 E.0131
G1 X175.51 Y154.882 E.90562
G1 X175.847 Y155.107 E.01338
G1 X156.396 Y174.558 E.90823
G1 X156.677 Y174.839 E.01312
G1 X176.184 Y155.332 E.91085
G1 X176.55 Y155.528 E.01371
G1 X156.958 Y175.119 E.91479
G1 X157.239 Y175.4 E.01312
G1 X177.002 Y155.637 E.9228
G1 X177.47 Y155.73 E.01575
G1 X157.519 Y175.681 E.93158
G1 X157.8 Y175.962 E.01312
G1 X177.962 Y155.8 E.94143
G1 X178.625 Y155.699 E.02214
G1 X158.081 Y176.243 E.95927
G1 X158.362 Y176.523 E.0131
G1 X179.322 Y155.564 E.97867
G1 E-3.5 F3600
;WIPE_START
G1 F7200
G1 X177.089 Y157.797 E-1.5
;WIPE_END
G1 X176.646 Y143.584 F9000
G1 E5 F2400
;WIDTH:0.38292
G1 F7200
G1 X176.605 Y143.595 E.0012
G1 X176.586 Y143.523 E.00211
G1 X176.657 Y143.542 E.00208
;WIDTH:0.41146
G1 X176.777 Y143.465 E.00437
;WIDTH:0.439999
G1 X176.897 Y143.388 E.00471
G1 X186.7 Y133.585 E.45774
G1 X186.7 Y134.146 E.01852
G1 X177.578 Y143.268 E.42594
G1 X177.531 Y143.354 E.00324
;WIDTH:0.41146
G1 X177.484 Y143.439 E.00298
;WIDTH:0.38292
G1 X177.413 Y143.42 E.00208
G1 X177.432 Y143.491 E.00208
G1 X177.473 Y143.48 E.0012
;WIDTH:0.439999
G1 X178.19 Y143.218 E.0252
G1 X186.7 Y134.708 E.39736
G1 X186.7 Y135.269 E.01852
G1 X178.669 Y143.301 E.37502
G1 X179.134 Y143.397 E.01568
G1 X186.7 Y135.831 E.35328
G1 X186.7 Y136.392 E.01852
G1 X179.565 Y143.528 E.33318
G1 X179.918 Y143.736 E.01353
G1 X186.7 Y136.954 E.31667
G1 X186.7 Y137.515 E.01852
G1 X180.255 Y143.961 E.30096
G1 X180.588 Y144.189 E.01332
G1 X186.7 Y138.077 E.28539
G1 X186.7 Y138.639 E.01856
G1 X180.868 Y144.471 E.27232
G1 X181.095 Y144.805 E.01333
G1 X186.7 Y139.2 E.26172
G1 X186.7 Y139.762 E.01856
G1 X181.32 Y145.141 E.25119
G1 X181.533 Y145.491 E.01353
G1 X186.7 Y140.323 E.24129
G1 X186.7 Y140.885 E.01856
G1 X181.661 Y145.924 E.23529
G1 X181.754 Y146.392 E.01575
G1 X186.7 Y141.446 E.23095
G1 X186.7 Y142.008 E.01856
G1 X181.838 Y146.87 E.22702
G1 X181.85 Y147.42 E.01816
G1 X186.7 Y142.569 E.22649
G1 X186.7 Y143.131 E.01856
G1 X181.85 Y147.981 E.22646
G1 X181.85 Y148.543 E.01856
G1 X186.7 Y143.693 E.22646
G1 X186.7 Y144.254 E.01852
G1 X181.85 Y149.104 E.22646
G1 X181.85 Y149.666 E.01856
G1 X186.7 Y144.816 E.22646
G1 X186.7 Y145.377 E.01852
G1 X181.85 Y150.227 E.22646
G1 X181.85 Y150.789 E.01856
G1 X186.7 Y145.939 E.22646
G1 X186.7 Y146.5 E.01852
G1 X181.85 Y151.35 E.22646
G1 X181.85 Y151.912 E.01856
G1 X186.7 Y147.062 E.22646
G1 X186.7 Y147.623 E.01852
G1 X181.764 Y152.56 E.2305
G1 X181.47 Y153.536 F9000
;WIDTH:0.38292
G1 F7200
G1 X181.399 Y153.517 E.00208
G1 X181.418 Y153.588 E.00208
G1 X181.459 Y153.577 E.0012
;WIDTH:0.41146
G1 X181.539 Y153.422 E.00535
;WIDTH:0.439999
G1 X181.618 Y153.267 E.00574
G1 X186.7 Y148.185 E.2373
G1 X186.7 Y148.747 E.01856
G1 X158.642 Y176.804 E1.3101
G1 X158.923 Y177.085 E.01312
G1 X186.7 Y149.308 E1.297
G1 X186.7 Y149.87 E.01856
G1 X159.204 Y177.366 E1.28388
G1 X159.485 Y177.646 E.0131
G1 X186.7 Y150.431 E1.27076
G1 X186.7 Y150.993 E.01856
G1 X159.766 Y177.927 E1.25764
G1 X160.046 Y178.208 E.0131
G1 X186.7 Y151.554 E1.24457
G1 X186.7 Y152.116 E.01856
G1 X160.327 Y178.489 E1.23145
G1 X160.608 Y178.77 E.01312
G1 X186.7 Y152.677 E1.21835
G1 X186.7 Y153.239 E.01856
G1 X160.889 Y179.05 E1.2052
G1 X161.169 Y179.331 E.0131
G1 X186.7 Y153.801 E1.19211
G1 X186.7 Y154.362 E.01852
G1 X161.45 Y179.612 E1.17901
G1 X161.731 Y179.893 E.01312
G1 X186.7 Y154.924 E1.16589
G1 X186.7 Y155.485 E.01852
G1 X162.012 Y180.173 E1.15277
G1 X162.293 Y180.454 E.01312
G1 X186.7 Y156.047 E1.13965
G1 X186.7 Y156.608 E.01852
G1 X162.573 Y180.735 E1.12657
G1 X162.854 Y181.016 E.01312
G1 X186.7 Y157.17 E1.11345
G1 X186.7 Y157.731 E.01852
G1 X163.135 Y181.297 E1.10035
G1 E-3.5 F3600
;WIPE_START
G1 F7200
G1 X165.368 Y179.064 E-1.5
;WIPE_END
G1 X174.603 Y170.546 F9000
G1 E5 F2400
;WIDTH:0.38292
G1 F7200
G1 X174.654 Y170.428 E.00363
G1 X174.66 Y170.27 E.00447
G1 X175.215 Y169.586 E.0249
G1 X175.536 Y169.264 E.01285
G1 X176.229 Y168.696 E.02533
;WIDTH:0.41146
G1 X176.369 Y168.59 E.00538
;WIDTH:0.439999
G1 X176.509 Y168.484 E.0058
G1 X186.7 Y158.293 E.47585
G1 X186.7 Y158.855 E.01856
G1 X177.225 Y168.33 E.44242
G1 X177.906 Y168.21 E.02283
G1 X186.7 Y159.416 E.41062
G1 X186.7 Y159.978 E.01856
G1 X178.426 Y168.251 E.38632
G1 X178.892 Y168.347 E.01571
G1 X186.7 Y160.539 E.36458
G1 X186.7 Y161.101 E.01856
G1 X179.358 Y168.443 E.34282
G1 X179.743 Y168.619 E.01398
G1 X186.7 Y161.662 E.32485
G1 X186.7 Y162.224 E.01856
G1 X180.08 Y168.844 E.30911
G1 X180.417 Y169.069 E.01338
G1 X186.7 Y162.785 E.2934
G1 X186.7 Y163.347 E.01856
G1 X180.736 Y169.311 E.27848
G1 X180.979 Y169.63 E.01324
G1 X186.7 Y163.908 E.26716
G1 X186.7 Y164.47 E.01856
G1 X181.204 Y169.967 E.25665
G1 X181.429 Y170.303 E.01335
G1 X186.7 Y165.032 E.24612
G1 X186.7 Y165.593 E.01852
G1 X181.605 Y170.689 E.23793
G1 X181.706 Y171.149 E.01555
G1 X186.7 Y166.155 E.23319
G1 X186.7 Y166.716 E.01852
G1 X181.799 Y171.617 E.22884
G1 X181.85 Y172.128 E.01696
G1 X186.7 Y167.278 E.22646
G1 X186.7 Y167.839 E.01852
G1 X181.85 Y172.69 E.22649
G1 X181.85 Y173.251 E.01852
G1 X186.7 Y168.401 E.22646
G1 X186.7 Y168.962 E.01852
G1 X181.85 Y173.813 E.22649
G1 X181.85 Y174.374 E.01852
G1 X186.7 Y169.524 E.22646
G1 X186.7 Y170.086 E.01856
G1 X181.85 Y174.936 E.22646
G1 X181.85 Y175.497 E.01852
G1 X186.7 Y170.647 E.22646
G1 X186.7 Y171.209 E.01856
G1 X181.85 Y176.059 E.22646
G1 X181.85 Y176.62 E.01852
G1 X186.7 Y171.77 E.22646
G1 X186.7 Y172.332 E.01856
G1 X181.833 Y177.199 E.22726
G1 X181.577 Y178.207 F9000
;WIDTH:0.38292
G1 F7200
G1 X181.536 Y178.218 E.0012
G1 X181.517 Y178.147 E.00208
G1 X181.588 Y178.166 E.00208
;WIDTH:0.41146
G1 X181.642 Y178.031 E.00446
;WIDTH:0.439999
G1 X181.697 Y177.896 E.00481
G1 X186.7 Y172.893 E.23361
G1 X186.7 Y173.455 E.01856
G1 X181.369 Y178.786 E.24892
G1 X181.254 Y178.926 E.00598
;WIDTH:0.41146
G1 X181.138 Y179.067 E.0056
;WIDTH:0.38292
G1 X180.51 Y179.765 E.02654
G1 X180.117 Y180.088 E.01438
G1 E-3.5 F3600
;WIPE_START
G1 F7200
G1 X180.51 Y179.765 E-.24163
G1 X181.138 Y179.067 E-.44599
G1 X181.254 Y178.926 E-.08673
G1 X181.369 Y178.786 E-.08606
G1 X182.321 Y177.834 E-.63959
;WIPE_END
G1 X174.442 Y170.551 F9000
G1 E5 F2400
;WIDTH:0.439999
G1 F7200
G1 X163.416 Y181.577 E.51484
G1 X163.696 Y181.858 E.0131
G1 X174.266 Y171.288 E.49355
G1 X174.153 Y171.963 E.0226
G1 X163.977 Y182.139 E.47515
G1 X164.258 Y182.42 E.01312
G1 X174.15 Y172.528 E.46189
G1 X174.15 Y173.089 E.01852
G1 X164.539 Y182.7 E.44877
G1 X164.82 Y182.981 E.01312
G1 X174.15 Y173.651 E.43565
G1 X174.15 Y174.212 E.01852
G1 X165.1 Y183.262 E.42258
G1 X165.381 Y183.543 E.01312
G1 X174.15 Y174.774 E.40945
G1 X174.15 Y175.335 E.01852
G1 X165.662 Y183.824 E.39636
G1 X165.943 Y184.104 E.0131
G1 X174.15 Y175.897 E.38321
G1 X174.15 Y176.458 E.01852
G1 X166.223 Y184.385 E.37014
G1 X166.504 Y184.666 E.01312
G1 X174.151 Y177.019 E.35706
G1 X174.225 Y177.506 E.01626
G1 X166.785 Y184.947 E.34742
G1 X167.066 Y185.227 E.0131
G1 X174.319 Y177.975 E.33864
G1 X174.435 Y178.42 E.01518
G1 X167.347 Y185.508 E.33096
G1 X167.627 Y185.789 E.0131
G1 X174.636 Y178.78 E.32727
G1 X174.859 Y179.119 E.0134
G1 X167.908 Y186.07 E.32457
G1 X168.189 Y186.351 E.01312
G1 X175.081 Y179.459 E.32181
G1 X175.343 Y179.758 E.01313
G1 X168.47 Y186.631 E.32092
G1 X168.962 Y186.7 E.0164
G1 X175.677 Y179.985 E.31355
G1 X176.011 Y180.213 E.01335
G1 X169.524 Y186.7 E.3029
G1 X170.086 Y186.7 E.01856
G1 X176.351 Y180.435 E.29253
G1 X176.759 Y180.588 E.01439
G1 X170.647 Y186.7 E.28539
G1 X171.209 Y186.7 E.01856
G1 X177.227 Y180.681 E.28102
G1 X177.696 Y180.775 E.01579
G1 X171.77 Y186.7 E.27668
G1 X172.332 Y186.7 E.01856
G1 X178.352 Y180.686 E.28095
;WIDTH:0.41146
G1 X178.435 Y180.61 E.00345
;WIDTH:0.38292
G1 X178.394 Y180.621 E.0012
G1 X178.375 Y180.55 E.00208
G1 X178.446 Y180.569 E.00208
G1 X179.273 Y180.481 F9000
G1 F7200
G1 X179.202 Y180.462 E.00208
G1 X179.221 Y180.533 E.00208
G1 X179.262 Y180.522 E.0012
;WIDTH:0.41146
G1 X179.108 Y180.581 E.00505
;WIDTH:0.439999
G1 X178.954 Y180.64 E.00545
G1 X172.893 Y186.7 E.28299
G1 X173.766 Y186.846 F9000
;WIDTH:0.38292
G1 F7200
G1 X173.725 Y186.857 E.0012
G1 X173.706 Y186.786 E.00208
G1 X173.777 Y186.805 E.00208
;WIDTH:0.41146
G1 X173.616 Y186.753 E.00518
;WIDTH:0.439999
G1 X173.455 Y186.7 E.0056
G1 X179.836 Y180.319 E.29795
G1 E-3.5 F3600
;WIPE_START
G1 F7200
G1 X177.603 Y182.552 E-1.5
;WIPE_END
G1 X174.016 Y186.7 F9000
G1 E5 F2400
G1 F7200
G1 X186.7 Y174.016 E.59226
G1 X186.7 Y174.578 E.01856
G1 X174.578 Y186.7 E.56602
G1 X175.14 Y186.7 E.01856
G1 X186.7 Y175.14 E.53978
G1 X186.7 Y175.701 E.01852
G1 X175.701 Y186.7 E.51358
G1 X176.263 Y186.7 E.01856
G1 X186.7 Y176.263 E.48734
G1 X186.7 Y176.824 E.01852
G1 X176.824 Y186.7 E.46114
G1 X177.386 Y186.7 E.01856
G1 X186.7 Y177.386 E.4349
G1 X186.7 Y177.947 E.01852
G1 X177.947 Y186.7 E.40871
G1 X178.509 Y186.7 E.01856
G1 X186.7 Y178.509 E.38247
G1 X186.7 Y179.07 E.01852
G1 X179.07 Y186.7 E.35627
G1 X179.632 Y186.7 E.01856
G1 X186.7 Y179.632 E.33003
G1 X186.7 Y180.194 E.01856
G1 X180.194 Y186.7 E.30379
G1 X180.755 Y186.7 E.01852
G1 X186.7 Y180.755 E.27759
G1 X186.7 Y181.317 E.01856
G1 X181.317 Y186.7 E.25135
G1 X181.878 Y186.7 E.01852
G1 X186.7 Y181.878 E.22516
G1 X186.7 Y182.44 E.01856
G1 X182.44 Y186.7 E.19891
G1 X183.001 Y186.7 E.01852
G1 X186.7 Y183.001 E.17272
G1 X186.7 Y183.563 E.01856
G1 X183.563 Y186.7 E.14648
G1 X184.124 Y186.7 E.01852
G1 X186.7 Y184.124 E.12028
G1 X186.911 Y184.523 E.0149
;WIDTH:0.38292
G1 X186.84 Y184.504 E.00208
G1 X186.859 Y184.575 E.00208
G1 X186.9 Y184.564 E.0012
;WIDTH:0.41146
G1 X186.8 Y184.625 E.00359
;WIDTH:0.439999
G1 X186.7 Y184.686 E.00387
G1 X184.686 Y186.7 E.09404
G1 X184.625 Y186.8 E.00387
;WIDTH:0.41146
G1 X184.564 Y186.9 E.00359
;WIDTH:0.38292
G1 X184.523 Y186.911 E.0012
G1 X184.504 Y186.84 E.00208
G1 X184.575 Y186.859 E.00208
G1 E-3.5 F3600
;WIPE_START
G1 F7200
G1 X184.504 Y186.84 E-.03491
G1 X184.523 Y186.911 E-.03491
G1 X184.564 Y186.9 E-.02016
G1 X184.625 Y186.8 E-.05564
G1 X184.686 Y186.7 E-.05564
G1 X186.619 Y184.767 E-1.29874
;WIPE_END
G1 X186.56 Y185.388 F9000
G1 E5 F2400
;WIDTH:0.439999
G1 F7200
G1 X185.248 Y186.7 E.06126
G1 X186.7 Y186.7 E.04794
G1 X186.7 Y185.248 E.04794
G1 X186.329 Y186.26 F9000
;WIDTH:0.496708
G1 F7200
G1 X186.289 Y186.22 E.00213
G1 X186.235 Y186.235 E.00211
G1 X186.22 Y186.289 E.00211
G1 X186.26 Y186.329 E.00213
G1 X186.315 Y186.315 E.00214
;LAYER_CHANGE
;Z:0.6
;HEIGHT:0.2
;BEFORE_LAYER_CHANGE
G92 E0
;0.6


G1 E-3.5 F3600
;WIPE_START
G1 F7200
G1 X186.26 Y186.329 E-.02696
G1 X186.22 Y186.289 E-.02687
G1 X186.235 Y186.235 E-.02662
G1 X186.289 Y186.22 E-.02662
G1 X186.329 Y186.26 E-.02687
;WIPE_END
G1 E-1.36606 F3600
G1 Z.6 F9000
;AFTER_LAYER_CHANGE
;0.6
G1 X168.388 Y160.655
G1 E5 F2400
;TYPE:Perimeter
;WIDTH:0.439999
G1 F7200
G1 X168.219 Y160.72 E.00598
G1 X167.84 Y160.723 E.01251
G1 X167.527 Y160.605 E.01104
G1 X167.334 Y160.455 E.00807
G1 X99.545 Y92.666 E3.1653
G1 X99.354 Y92.395 E.01095
G1 X99.265 Y92.08 E.01081
G1 X99.268 Y91.851 E.00756
G1 X99.394 Y91.485 E.01278
G1 X99.603 Y91.237 E.01071
G1 X99.905 Y91.063 E.01151
G1 X100.232 Y91.006 E.01096
G1 X168.021 Y91.006 E2.23821
G1 X168.333 Y91.057 E.01044
G1 X168.647 Y91.234 E.0119
G1 X168.871 Y91.505 E.01161
G1 X168.977 Y91.799 E.01032
G1 X168.994 Y92.845 E.03454
G1 X168.994 Y159.768 E2.20961
G1 X168.925 Y160.127 E.01207
G1 X168.773 Y160.386 E.00992
G1 X168.517 Y160.605 E.01112
G1 X168.444 Y160.633 E.00258
G1 X168.235 Y160.287 F9000
G1 F7200
G1 X168.093 Y160.339 E.00499
G1 X167.814 Y160.305 E.00928
G1 X167.614 Y160.175 E.00788
G1 X99.825 Y92.386 E3.1653
G1 X99.679 Y92.136 E.00956
G1 X99.662 Y91.903 E.00771
G1 X99.74 Y91.681 E.00777
G1 X99.947 Y91.479 E.00955
G1 X100.232 Y91.403 E.00974
G1 X168.021 Y91.403 E2.23821
G1 X168.274 Y91.461 E.00857
G1 X168.485 Y91.637 E.00907
G1 X168.587 Y91.872 E.00846
G1 X168.597 Y92.845 E.03213
G1 X168.597 Y159.768 E2.20961
G1 X168.533 Y160.031 E.00894
G1 X168.334 Y160.251 E.00979
G1 X168.292 Y160.266 E.00147
G1 X168.086 Y159.927 F9000
;TYPE:External perimeter
;WIDTH:0.419999
G1 F3600
G1 X167.996 Y159.954 E.00295
G1 X167.888 Y159.901 E.00377
G1 X100.099 Y92.112 E3.00587
G1 X100.046 Y91.954 E.00523
G1 X100.123 Y91.825 E.00471
G1 X100.232 Y91.79 E.00359
G1 X168.021 Y91.79 E2.12547
G1 X168.158 Y91.848 E.00466
G1 X168.21 Y91.979 E.00442
G1 X168.21 Y159.768 E2.12547
G1 X168.148 Y159.907 E.00477
G1 X168.143 Y159.909 E.00017
G1 E-3.5
;WIPE_START
G1 F7200
G1 X168.086 Y159.927 E-.02839
G1 X167.996 Y159.954 E-.04463
G1 X167.888 Y159.901 E-.05714
G1 X165.849 Y157.862 E-1.36984
;WIPE_END
G1 X89.68 Y84.374 F9000
G1 E5 F2400
;TYPE:Perimeter
;WIDTH:0.439999
G1 F3600
G1 X89.603 Y84.471 E.00409
G1 X88.999 Y84.896 E.02438
G1 X88.482 Y85.252 E.02073
G1 X88.167 Y85.395 E.01142
G1 X88.047 Y85.417 E.00403
G1 X86.801 Y85.569 E.04144
G1 X86.434 Y85.543 E.01215
G1 X85.166 Y85.067 E.04472
G1 X84.849 Y84.871 E.01231
G1 X83.95 Y83.864 E.04457
G1 X83.771 Y83.568 E.01142
G1 X83.433 Y82.233 E.04547
G1 X83.412 Y81.882 E.01161
G1 X83.734 Y80.549 E.04528
G1 X83.87 Y80.24 E.01115
G1 X83.95 Y80.136 E.00433
G1 X84.782 Y79.197 E.04142
G1 X85.017 Y79.004 E.01004
G1 X86.339 Y78.488 E.04686
G1 X86.684 Y78.424 E.01159
G1 X88.047 Y78.583 E.04531
G1 X88.28 Y78.641 E.00793
G1 X88.482 Y78.748 E.00755
G1 X89.515 Y79.461 E.04144
G1 X89.747 Y79.686 E.01067
G1 X89.824 Y79.809 E.00479
G1 X90.407 Y80.92 E.04143
G1 X90.515 Y81.293 E.01282
G1 X90.519 Y82.628 E.04408
G1 X90.447 Y82.994 E.01232
G1 X89.824 Y84.191 E.04455
G1 X89.717 Y84.327 E.00571
G1 X89.381 Y84.109 F9000
G1 F3600
G1 X89.29 Y84.213 E.00456
G1 X88.257 Y84.925 E.04142
G1 X87.999 Y85.023 E.00911
G1 X86.753 Y85.174 E.04144
G1 X86.48 Y85.141 E.00908
G1 X85.306 Y84.696 E.04145
G1 X85.08 Y84.54 E.00907
G1 X84.247 Y83.6 E.04147
G1 X84.119 Y83.356 E.0091
G1 X83.819 Y82.138 E.04142
G1 X83.819 Y81.862 E.00911
G1 X84.119 Y80.644 E.04142
G1 X84.247 Y80.4 E.0091
G1 X85.08 Y79.46 E.04147
G1 X85.306 Y79.304 E.00907
G1 X86.48 Y78.859 E.04145
G1 X86.753 Y78.826 E.00908
G1 X87.999 Y78.977 E.04144
G1 X88.257 Y79.075 E.00911
G1 X89.29 Y79.787 E.04142
G1 X89.472 Y79.994 E.0091
G1 X90.056 Y81.105 E.04144
G1 X90.122 Y81.372 E.00908
G1 X90.122 Y82.628 E.04147
G1 X90.056 Y82.895 E.00908
G1 X89.472 Y84.006 E.04144
G1 X89.421 Y84.064 E.00255
G1 X89.092 Y83.854 F9000
;TYPE:External perimeter
;WIDTH:0.419999
G1 F3600
G1 X88.553 Y84.25 E.02097
G1 X88.037 Y84.607 E.01967
G1 X87.953 Y84.639 E.00282
G1 X86.707 Y84.79 E.03935
G1 X86.617 Y84.779 E.00284
G1 X85.444 Y84.334 E.03934
G1 X85.095 Y83.974 E.01572
G1 X84.537 Y83.344 E.02639
G1 X84.495 Y83.264 E.00283
G1 X84.195 Y82.045 E.03936
G1 X84.195 Y81.955 E.00282
G1 X84.495 Y80.736 E.03936
G1 X84.537 Y80.656 E.00283
G1 X85.369 Y79.717 E.03934
G1 X85.444 Y79.666 E.00284
G1 X86.617 Y79.221 E.03934
G1 X86.707 Y79.21 E.00284
G1 X87.953 Y79.361 E.03935
G1 X88.037 Y79.393 E.00282
G1 X89.07 Y80.106 E.03935
G1 X89.13 Y80.174 E.00284
G1 X89.713 Y81.285 E.03934
G1 X89.734 Y82.628 E.04211
G1 X89.135 Y83.815 E.04169
G1 E-3.5
;WIPE_START
G1 F7200
G1 X89.092 Y83.854 E-.02757
G1 X88.553 Y84.25 E-.3177
G1 X88.037 Y84.607 E-.29804
G1 X87.953 Y84.639 E-.0427
G1 X86.707 Y84.79 E-.59618
G1 X86.617 Y84.779 E-.04307
G1 X86.273 Y84.649 E-.17474
;WIPE_END
G1 X174.423 Y82 F9000
G1 E5 F2400
;TYPE:Perimeter
;WIDTH:0.439999
G1 F3600
G1 X174.433 Y81.767 E.0077
G1 X174.734 Y80.549 E.04142
G1 X174.87 Y80.24 E.01115
G1 X175.782 Y79.197 E.04575
G1 X176.017 Y79.004 E.01004
G1 X177.339 Y78.488 E.04686
G1 X177.684 Y78.424 E.01159
G1 X177.801 Y78.431 E.00387
G1 X179.047 Y78.583 E.04144
G1 X179.28 Y78.641 E.00793
G1 X179.482 Y78.748 E.00755
G1 X180.515 Y79.461 E.04144
G1 X180.734 Y79.668 E.00995
G1 X180.824 Y79.809 E.00552
G1 X181.407 Y80.92 E.04143
G1 X181.49 Y81.136 E.00764
G1 X181.519 Y81.372 E.00785
G1 X181.519 Y82.628 E.04147
G1 X181.49 Y82.864 E.00785
G1 X181.407 Y83.08 E.00764
G1 X180.824 Y84.191 E.04143
G1 X180.629 Y84.447 E.01063
G1 X179.482 Y85.252 E.04627
G1 X179.148 Y85.4 E.01206
G1 X177.801 Y85.569 E.04482
G1 X177.427 Y85.541 E.01238
G1 X176.166 Y85.067 E.04448
G1 X175.855 Y84.877 E.01203
G1 X174.95 Y83.864 E.04485
G1 X174.763 Y83.547 E.01215
G1 X174.417 Y82.15 E.04752
G1 X174.421 Y82.06 E.00297
G1 X174.819 Y82 F9000
G1 F3600
G1 X174.819 Y81.862 E.00456
G1 X175.119 Y80.644 E.04142
G1 X175.247 Y80.4 E.0091
G1 X176.08 Y79.46 E.04147
G1 X176.306 Y79.304 E.00907
G1 X177.48 Y78.859 E.04145
G1 X177.753 Y78.826 E.00908
G1 X178.999 Y78.977 E.04144
G1 X179.257 Y79.075 E.00911
G1 X180.29 Y79.788 E.04144
G1 X180.472 Y79.994 E.00908
G1 X181.056 Y81.105 E.04144
G1 X181.122 Y81.372 E.00908
G1 X181.122 Y82.628 E.04147
G1 X181.056 Y82.895 E.00908
G1 X180.472 Y84.006 E.04144
G1 X180.29 Y84.213 E.0091
G1 X179.257 Y84.925 E.04142
G1 X178.999 Y85.023 E.00911
G1 X177.753 Y85.174 E.04144
G1 X177.48 Y85.141 E.00908
G1 X176.306 Y84.696 E.04145
G1 X176.08 Y84.54 E.00907
G1 X175.247 Y83.6 E.04147
G1 X175.119 Y83.356 E.0091
G1 X174.819 Y82.138 E.04142
G1 X174.819 Y82.06 E.00258
G1 X175.189 Y82 F9000
;TYPE:External perimeter
;WIDTH:0.419999
G1 F3600
G1 X175.195 Y81.955 E.00142
G1 X175.495 Y80.736 E.03936
G1 X175.537 Y80.656 E.00283
G1 X176.369 Y79.717 E.03934
G1 X176.444 Y79.666 E.00284
G1 X177.617 Y79.221 E.03934
G1 X177.707 Y79.21 E.00284
G1 X178.953 Y79.361 E.03935
G1 X179.037 Y79.393 E.00282
G1 X180.07 Y80.106 E.03935
G1 X180.13 Y80.174 E.00284
G1 X180.713 Y81.285 E.03934
G1 X180.734 Y81.372 E.00281
G1 X180.734 Y82.628 E.03938
G1 X180.713 Y82.715 E.00281
G1 X180.13 Y83.826 E.03934
G1 X180.07 Y83.894 E.00284
G1 X179.037 Y84.607 E.03935
G1 X178.953 Y84.639 E.00282
G1 X177.707 Y84.79 E.03935
G1 X176.444 Y84.334 E.0421
G1 X175.537 Y83.344 E.0421
G1 X175.305 Y82.493 E.02766
G1 X175.203 Y82.058 E.01401
G1 E-3.5
;WIPE_START
G1 F7200
G1 X175.189 Y82 E-.02834
G1 X175.195 Y81.955 E-.02156
G1 X175.495 Y80.736 E-.5963
G1 X175.537 Y80.656 E-.04292
G1 X176.369 Y79.717 E-.59592
G1 X176.444 Y79.666 E-.04308
G1 X176.782 Y79.538 E-.17188
;WIPE_END
G1 X177.854 Y143.526 F9000
G1 E5 F2400
;TYPE:Perimeter
;WIDTH:0.439999
G1 F3600
G1 X177.88 Y143.521 E.00087
G1 X178.242 Y143.525 E.01195
G1 X179.205 Y143.716 E.03241
G1 X179.555 Y143.861 E.01251
G1 X180.374 Y144.408 E.03252
G1 X180.642 Y144.676 E.01251
G1 X181.189 Y145.495 E.03252
G1 X181.334 Y145.845 E.01251
G1 X181.525 Y146.808 E.03241
G1 X181.544 Y146.998 E.0063
G1 X181.544 Y152.002 E.16522
G1 X181.334 Y153.155 E.0387
G1 X181.189 Y153.505 E.01251
G1 X180.642 Y154.324 E.03252
G1 X180.374 Y154.592 E.01251
G1 X179.555 Y155.139 E.03252
G1 X179.187 Y155.287 E.0131
G1 X178.12 Y155.479 E.0358
G1 X177.758 Y155.475 E.01195
G1 X176.795 Y155.284 E.03241
G1 X176.445 Y155.139 E.01251
G1 X175.626 Y154.592 E.03252
G1 X175.358 Y154.324 E.01251
G1 X174.811 Y153.505 E.03252
G1 X174.666 Y153.155 E.01251
G1 X174.475 Y152.192 E.03241
G1 X174.456 Y152.002 E.0063
G1 X174.456 Y146.998 E.16522
G1 X174.666 Y145.845 E.0387
G1 X174.811 Y145.495 E.01251
G1 X175.358 Y144.676 E.03252
G1 X175.626 Y144.408 E.01251
G1 X176.445 Y143.861 E.03252
G1 X176.813 Y143.713 E.0131
G1 X177.795 Y143.536 E.03295
G1 X177.893 Y143.922 F9000
G1 F3600
G1 X177.95 Y143.912 E.00191
G1 X178.164 Y143.914 E.00707
G1 X179.127 Y144.106 E.03242
G1 X179.335 Y144.191 E.00742
G1 X180.153 Y144.738 E.03249
G1 X180.312 Y144.897 E.00742
G1 X180.859 Y145.715 E.03249
G1 X180.944 Y145.923 E.00742
G1 X181.147 Y146.998 E.03612
G1 X181.147 Y152.002 E.16522
G1 X180.944 Y153.077 E.03612
G1 X180.859 Y153.285 E.00742
G1 X180.312 Y154.103 E.03249
G1 X180.153 Y154.262 E.00742
G1 X179.335 Y154.809 E.03249
G1 X179.117 Y154.896 E.00775
G1 X178.05 Y155.088 E.0358
G1 X177.836 Y155.086 E.00707
G1 X176.873 Y154.894 E.03242
G1 X176.665 Y154.809 E.00742
G1 X175.847 Y154.262 E.03249
G1 X175.688 Y154.103 E.00742
G1 X175.141 Y153.285 E.03249
G1 X175.056 Y153.077 E.00742
G1 X174.864 Y152.114 E.03242
G1 X174.853 Y146.998 E.16892
G1 X175.056 Y145.923 E.03612
G1 X175.141 Y145.715 E.00742
G1 X175.688 Y144.897 E.03249
G1 X175.847 Y144.738 E.00742
G1 X176.665 Y144.191 E.03249
G1 X176.883 Y144.104 E.00775
G1 X177.834 Y143.933 E.0319
G1 X177.931 Y144.309 F9000
;TYPE:External perimeter
;WIDTH:0.419999
G1 F3600
G1 X178.019 Y144.293 E.0028
G1 X179.052 Y144.485 E.03294
G1 X179.938 Y145.06 E.03312
G1 X180.537 Y145.93 E.03312
G1 X180.565 Y145.998 E.00231
G1 X180.76 Y146.998 E.03194
G1 X180.76 Y152.002 E.1569
G1 X180.565 Y153.002 E.03194
G1 X179.99 Y153.888 E.03312
G1 X179.12 Y154.487 E.03312
G1 X178.226 Y154.663 E.02857
G1 X177.911 Y154.706 E.00997
G1 X176.948 Y154.515 E.03078
G1 X176.062 Y153.94 E.03312
G1 X175.463 Y153.07 E.03312
G1 X175.244 Y152.039 E.03305
G1 X175.24 Y146.998 E.15806
G1 X175.435 Y145.998 E.03194
G1 X176.01 Y145.112 E.03312
G1 X176.88 Y144.513 E.03312
G1 X176.952 Y144.485 E.00242
G1 X177.872 Y144.319 E.02931
G1 E-3.5
;WIPE_START
G1 F7200
G1 X177.931 Y144.309 E-.02842
G1 X178.019 Y144.293 E-.04249
G1 X179.052 Y144.485 E-.49908
G1 X179.938 Y145.06 E-.50171
G1 X180.449 Y145.803 E-.4283
;WIPE_END
G1 X177.855 Y168.54 F9000
G1 E5 F2400
;TYPE:Perimeter
;WIDTH:0.439999
G1 F3600
G1 X178.13 Y168.509 E.00914
G1 X178.895 Y168.654 E.02571
G1 X179.435 Y168.793 E.01841
G1 X180.374 Y169.408 E.03706
G1 X180.642 Y169.676 E.01251
G1 X181.189 Y170.495 E.03252
G1 X181.334 Y170.845 E.01251
G1 X181.525 Y171.808 E.03241
G1 X181.544 Y171.998 E.0063
G1 X181.544 Y177.002 E.16522
G1 X181.334 Y178.155 E.0387
G1 X181.189 Y178.505 E.01251
G1 X180.642 Y179.324 E.03252
G1 X180.374 Y179.592 E.01251
G1 X179.555 Y180.139 E.03252
G1 X179.187 Y180.287 E.0131
G1 X178.116 Y180.48 E.03593
G1 X177.758 Y180.475 E.01182
G1 X176.795 Y180.284 E.03241
G1 X176.445 Y180.139 E.01251
G1 X175.626 Y179.592 E.03252
G1 X175.358 Y179.324 E.01251
G1 X174.811 Y178.505 E.03252
G1 X174.666 Y178.155 E.01251
G1 X174.475 Y177.192 E.03241
G1 X174.456 Y177.002 E.0063
G1 X174.456 Y171.998 E.16522
G1 X174.666 Y170.845 E.0387
G1 X174.811 Y170.495 E.01251
G1 X175.358 Y169.676 E.03252
G1 X175.626 Y169.408 E.01251
G1 X176.445 Y168.861 E.03252
G1 X176.801 Y168.715 E.0127
G1 X177.635 Y168.565 E.02798
G1 X177.796 Y168.547 E.00535
G1 X177.893 Y168.922 F9000
G1 F3600
G1 X177.95 Y168.912 E.00191
G1 X178.164 Y168.914 E.00707
G1 X179.127 Y169.106 E.03242
G1 X179.335 Y169.191 E.00742
G1 X180.153 Y169.738 E.03249
G1 X180.312 Y169.897 E.00742
G1 X180.859 Y170.715 E.03249
G1 X180.944 Y170.923 E.00742
G1 X181.136 Y171.886 E.03242
G1 X181.147 Y177.002 E.16892
G1 X180.944 Y178.077 E.03612
G1 X180.859 Y178.285 E.00742
G1 X180.312 Y179.103 E.03249
G1 X180.153 Y179.262 E.00742
G1 X179.335 Y179.809 E.03249
G1 X179.117 Y179.896 E.00775
G1 X178.047 Y180.088 E.03589
G1 X177.836 Y180.086 E.00697
G1 X176.873 Y179.894 E.03242
G1 X176.665 Y179.809 E.00742
G1 X175.847 Y179.262 E.03249
G1 X175.688 Y179.103 E.00742
G1 X175.141 Y178.285 E.03249
G1 X175.056 Y178.077 E.00742
G1 X174.853 Y177.002 E.03612
G1 X174.853 Y171.998 E.16522
G1 X175.056 Y170.923 E.03612
G1 X175.141 Y170.715 E.00742
G1 X175.688 Y169.897 E.03249
G1 X175.847 Y169.738 E.00742
G1 X176.665 Y169.191 E.03249
G1 X176.883 Y169.104 E.00775
G1 X177.834 Y168.933 E.0319
G1 X177.932 Y169.315 F9000
;TYPE:External perimeter
;WIDTH:0.419999
G1 F3600
G1 X178.089 Y169.294 E.00497
G1 X179.052 Y169.485 E.03078
G1 X179.938 Y170.06 E.03312
G1 X180.537 Y170.93 E.03312
G1 X180.756 Y171.961 E.03305
G1 X180.76 Y177.002 E.15806
G1 X180.565 Y178.002 E.03194
G1 X179.99 Y178.888 E.03312
G1 X179.12 Y179.487 E.03312
G1 X179.048 Y179.515 E.00242
G1 X177.98 Y179.707 E.03402
G1 X176.948 Y179.515 E.03291
G1 X176.062 Y178.94 E.03312
G1 X175.649 Y178.347 E.02266
G1 X175.435 Y178.002 E.01273
G1 X175.24 Y177.002 E.03194
G1 X175.24 Y171.998 E.1569
G1 X175.435 Y170.998 E.03194
G1 X176.01 Y170.112 E.03312
G1 X176.88 Y169.513 E.03312
G1 X177.774 Y169.337 E.02857
G1 X177.872 Y169.323 E.0031
G1 E-3.5
;WIPE_START
G1 F7200
G1 X177.932 Y169.315 E-.02875
G1 X178.089 Y169.294 E-.07524
G1 X179.052 Y169.485 E-.46634
G1 X179.938 Y170.06 E-.50171
G1 X180.449 Y170.802 E-.42796
;WIPE_END
G1 X168.412 Y187.006 F9000
G1 E5 F2400
;TYPE:Perimeter
;WIDTH:0.439999
G1 F7200
G1 X72.994 Y91.588 E4.4554
G1 X72.994 Y72.994 E.61392
G1 X187.006 Y72.994 E3.76436
G1 X187.006 Y76.784 E.12514
G1 X187.006 Y187.006 E3.63923
G1 X168.472 Y187.006 E.61194
G1 X168.247 Y187.403 F9000
G1 F7200
G1 X72.597 Y91.753 E4.46623
G1 X72.597 Y72.597 E.63248
G1 X187.403 Y72.597 E3.79058
G1 X187.403 Y76.784 E.13824
G1 X187.403 Y187.403 E3.65234
G1 X168.307 Y187.403 E.6305
G1 X168.087 Y187.79 F9000
;TYPE:External perimeter
;WIDTH:0.419999
G1 F3600
G1 X72.21 Y91.913 E4.25134
G1 X72.21 Y72.21 E.61777
G1 X187.79 Y72.21 E3.62392
G1 X187.79 Y76.784 E.14341
G1 X187.79 Y187.79 E3.48051
G1 X168.147 Y187.79 E.61589
G1 X168.497 Y186.799 F9000
;TYPE:Solid infill
;WIDTH:0.38292
G1 F7200
G1 X73.201 Y91.503 E3.81007
;WIDTH:0.41146
G1 X73.25 Y91.342 E.00516
;WIDTH:0.439999
G1 X73.3 Y91.181 E.00557
G1 X168.819 Y186.7 E4.46011
G1 X169.381 Y186.7 E.01856
G1 X73.3 Y90.619 E4.48635
G1 X73.3 Y90.058 E.01852
G1 X169.942 Y186.7 E4.51255
G1 X170.504 Y186.7 E.01856
G1 X73.3 Y89.496 E4.53879
G1 X73.3 Y88.935 E.01852
G1 X171.065 Y186.7 E4.56498
G1 X171.627 Y186.7 E.01856
G1 X73.3 Y88.373 E4.59123
G1 X73.3 Y87.811 E.01856
G1 X172.189 Y186.7 E4.61747
G1 X172.75 Y186.7 E.01852
G1 X73.3 Y87.25 E4.64366
G1 X73.3 Y86.688 E.01856
G1 X173.312 Y186.7 E4.6699
G1 X173.873 Y186.7 E.01852
G1 X73.3 Y86.127 E4.6961
G1 X73.3 Y85.565 E.01856
G1 X174.435 Y186.7 E4.72234
G1 X174.996 Y186.7 E.01852
G1 X73.3 Y85.004 E4.74854
G1 X73.3 Y84.442 E.01856
G1 X175.558 Y186.7 E4.77478
G1 X176.119 Y186.7 E.01852
G1 X73.3 Y83.881 E4.80097
G1 X73.3 Y83.319 E.01856
G1 X176.681 Y186.7 E4.82722
G1 X177.243 Y186.7 E.01856
G1 X73.3 Y82.757 E4.85346
G1 X73.3 Y82.196 E.01852
G1 X177.804 Y186.7 E4.87965
G1 X178.366 Y186.7 E.01856
G1 X73.3 Y81.634 E4.90589
G1 X73.3 Y81.073 E.01852
G1 X178.927 Y186.7 E4.93209
G1 X179.489 Y186.7 E.01856
G1 X73.3 Y80.511 E4.95833
G1 X73.3 Y79.95 E.01852
G1 X180.05 Y186.7 E4.98453
G1 X180.612 Y186.7 E.01856
G1 X73.3 Y79.388 E5.01077
G1 X73.3 Y78.827 E.01852
G1 X181.173 Y186.7 E5.03696
G1 X182.046 Y186.786 F9000
;WIDTH:0.38292
G1 F7200
G1 X182.057 Y186.827 E.0012
G1 X181.986 Y186.846 E.00208
G1 X182.005 Y186.775 E.00208
;WIDTH:0.41146
G1 X181.87 Y186.738 E.00429
;WIDTH:0.439999
G1 X181.735 Y186.7 E.00463
G1 X73.3 Y78.265 E5.0632
G1 X73.3 Y77.703 E.01856
G1 X182.297 Y186.7 E5.08945
G1 X182.858 Y186.7 E.01852
G1 X176.618 Y180.478 E.29095
;WIDTH:0.41146
G1 X176.493 Y180.37 E.00506
;WIDTH:0.38292
G1 X176.504 Y180.412 E.00123
G1 X176.433 Y180.431 E.00208
G1 X176.452 Y180.359 E.00211
G1 X177.444 Y180.725 F9000
;WIDTH:0.439999
G1 F7200
G1 X183.42 Y186.7 E.27902
G1 X183.981 Y186.7 E.01852
G1 X178.071 Y180.79 E.27596
G1 X178.554 Y180.712 E.01615
G1 X184.543 Y186.7 E.27962
G1 X185.104 Y186.7 E.01852
G1 X179.03 Y180.626 E.28362
G1 X179.484 Y180.518 E.01541
G1 X185.666 Y186.7 E.28866
G1 X186.227 Y186.7 E.01852
G1 X179.842 Y180.315 E.29814
G1 X180.179 Y180.09 E.01338
G1 X186.7 Y186.611 E.30449
G1 X186.758 Y186.699 E.00348
;WIDTH:0.41146
G1 X186.816 Y186.786 E.0032
;WIDTH:0.38292
G1 X186.797 Y186.857 E.00208
G1 X186.868 Y186.838 E.00208
G1 X186.857 Y186.797 E.0012
;WIDTH:0.439999
G1 X186.7 Y186.05 E.0252
G1 X180.515 Y179.865 E.2888
G1 X180.811 Y179.6 E.01312
G1 X186.7 Y185.488 E.27495
G1 X186.7 Y184.927 E.01852
G1 X181.045 Y179.271 E.26407
G1 X181.27 Y178.935 E.01335
G1 X186.7 Y184.365 E.25355
G1 X186.7 Y183.803 E.01856
G1 X181.488 Y178.592 E.24334
G1 X181.64 Y178.182 E.01444
G1 X186.7 Y183.242 E.23627
G1 X186.7 Y182.68 E.01856
G1 X181.733 Y177.714 E.2319
G1 X181.826 Y177.245 E.01579
G1 X186.7 Y182.119 E.22758
G1 X186.7 Y181.557 E.01856
G1 X181.85 Y176.707 E.22646
G1 X181.85 Y176.145 E.01856
G1 X186.7 Y180.996 E.22649
G1 X186.7 Y180.434 E.01856
G1 X181.85 Y175.584 E.22646
G1 X181.85 Y175.022 E.01856
G1 X186.7 Y179.873 E.22649
G1 X186.7 Y179.311 E.01856
G1 X181.85 Y174.461 E.22646
G1 X181.85 Y173.899 E.01856
G1 X186.7 Y178.749 E.22646
G1 X186.7 Y178.188 E.01852
G1 X181.85 Y173.338 E.22646
G1 X181.85 Y172.776 E.01856
G1 X186.7 Y177.626 E.22646
G1 X186.7 Y177.065 E.01852
G1 X181.85 Y172.215 E.22646
G1 X181.796 Y171.599 E.02042
G1 X186.7 Y176.503 E.22898
G1 X186.7 Y175.942 E.01852
G1 X181.656 Y170.898 E.23552
G1 X181.57 Y170.758 E.00542
;WIDTH:0.41146
G1 X181.484 Y170.619 E.00501
;WIDTH:0.38292
G1 X181.466 Y170.708 E.00257
G1 X181.037 Y169.717 F9000
;WIDTH:0.439999
G1 F7200
G1 X186.7 Y175.38 E.26442
G1 E-3.5 F3600
;WIPE_START
G1 F7200
G1 X184.467 Y173.147 E-1.5
;WIPE_END
G1 X174.543 Y178.277 F9000
G1 E5 F2400
;WIDTH:0.38292
G1 F7200
G1 X174.538 Y178.487 E.00594
;WIDTH:0.41146
G1 X174.451 Y178.347 E.00505
;WIDTH:0.439999
G1 X174.365 Y178.207 E.00542
G1 X73.3 Y77.142 E4.71907
G1 X73.3 Y76.58 E.01856
G1 X174.225 Y177.506 E4.71256
G1 X174.15 Y176.869 E.02118
G1 X73.3 Y76.019 E4.70903
G1 X73.3 Y75.457 E.01856
G1 X174.15 Y176.307 E4.70903
G1 X174.15 Y175.746 E.01852
G1 X73.3 Y74.896 E4.70903
G1 X73.3 Y74.334 E.01856
G1 X174.15 Y175.184 E4.70903
G1 X174.255 Y174.301 F9000
;WIDTH:0.38292
G1 F7200
G1 X174.236 Y174.372 E.00208
G1 X174.307 Y174.353 E.00208
G1 X174.296 Y174.312 E.0012
;WIDTH:0.41146
G1 X174.223 Y174.467 E.00525
;WIDTH:0.439999
G1 X174.15 Y174.623 E.00569
G1 X73.3 Y73.773 E4.70903
G1 X73.162 Y73.132 E.02165
;WIDTH:0.38292
G1 X73.143 Y73.203 E.00208
G1 X73.214 Y73.184 E.00208
G1 X73.203 Y73.143 E.0012
;WIDTH:0.41146
G1 X73.296 Y73.221 E.00372
;WIDTH:0.439999
G1 X83.379 Y83.29 E.47048
G1 X83.455 Y83.41 E.00469
;WIDTH:0.41146
G1 X83.532 Y83.53 E.00437
;WIDTH:0.38292
G1 X83.513 Y83.601 E.00208
G1 X83.584 Y83.582 E.00208
G1 X83.573 Y83.541 E.0012
G1 X83.196 Y82.545 F9000
;WIDTH:0.439999
G1 F7200
G1 X73.95 Y73.3 E.4317
G1 X74.512 Y73.3 E.01856
G1 X83.108 Y81.896 E.40138
G1 X83.204 Y81.43 E.01571
G1 X75.073 Y73.3 E.37964
G1 X75.635 Y73.3 E.01856
G1 X83.314 Y80.979 E.35856
G1 X83.424 Y80.528 E.01533
G1 X76.197 Y73.3 E.33748
G1 X76.758 Y73.3 E.01852
G1 X83.588 Y80.129 E.31889
G1 X83.83 Y79.811 E.01319
G1 X77.32 Y73.3 E.304
G1 X77.881 Y73.3 E.01852
G1 X84.094 Y79.513 E.29011
G1 X84.358 Y79.215 E.01314
G1 X78.443 Y73.3 E.27619
G1 X79.004 Y73.3 E.01852
G1 X84.627 Y78.923 E.26256
G1 X84.959 Y78.693 E.01334
G1 X79.566 Y73.3 E.25182
G1 X80.127 Y73.3 E.01852
G1 X85.36 Y78.532 E.24432
G1 X85.767 Y78.378 E.01437
G1 X80.689 Y73.3 E.23711
G1 X81.251 Y73.3 E.01856
G1 X86.174 Y78.223 E.22987
G1 X86.639 Y78.127 E.01568
G1 X81.812 Y73.3 E.22539
G1 X82.374 Y73.3 E.01856
G1 X87.252 Y78.178 E.22777
G1 X88.161 Y78.363 F9000
;WIDTH:0.38292
G1 F7200
G1 X88.142 Y78.434 E.00208
G1 X88.213 Y78.415 E.00208
G1 X88.202 Y78.374 E.0012
;WIDTH:0.41146
G1 X88.046 Y78.315 E.00511
;WIDTH:0.439999
G1 X87.891 Y78.256 E.00548
G1 X82.935 Y73.3 E.23141
G1 X83.497 Y73.3 E.01856
G1 X88.775 Y78.578 E.24645
G1 X88.916 Y78.695 E.00605
;WIDTH:0.41146
G1 X89.056 Y78.813 E.00561
;WIDTH:0.38292
G1 X89.899 Y79.555 E.03175
G1 X90.14 Y79.872 E.01126
G1 E-3.5 F3600
;WIPE_START
G1 F7200
G1 X89.899 Y79.555 E-.18915
G1 X89.056 Y78.813 E-.53344
G1 X88.916 Y78.695 E-.08697
G1 X88.775 Y78.578 E-.08703
G1 X87.877 Y77.68 E-.60341
;WIPE_END
G1 X85.386 Y85.366 F9000
G1 E5 F2400
G1 F7200
G1 X85.367 Y85.437 E.00208
G1 X85.438 Y85.418 E.00208
G1 X85.427 Y85.377 E.0012
;WIDTH:0.41146
G1 X85.552 Y85.483 E.00502
;WIDTH:0.439999
G1 X85.677 Y85.589 E.00541
G1 X174.15 Y174.061 E4.13109
G1 X174.15 Y173.5 E.01852
G1 X86.517 Y85.867 E4.09189
G1 X86.392 Y85.77 E.00522
;WIDTH:0.41146
G1 X86.267 Y85.673 E.00485
;WIDTH:0.38292
G1 X86.278 Y85.714 E.0012
G1 X86.207 Y85.733 E.00208
G1 X86.226 Y85.662 E.00208
G1 X87.057 Y85.845 F9000
;WIDTH:0.439999
G1 F7200
G1 X174.15 Y172.938 E4.06667
G1 X174.35 Y172.487 E.01629
;WIDTH:0.38292
G1 X174.361 Y172.528 E.0012
G1 X174.29 Y172.547 E.00208
G1 X174.309 Y172.476 E.00208
;WIDTH:0.41146
G1 X174.229 Y172.426 E.00289
;WIDTH:0.439999
G1 X174.15 Y172.377 E.00307
G1 X87.557 Y85.783 E4.04335
G1 X88.056 Y85.721 E.0166
G1 X174.166 Y171.831 E4.02077
G1 X174.253 Y171.356 E.01594
G1 X88.493 Y85.596 E4.00443
G1 X88.835 Y85.377 E.01341
G1 X174.346 Y170.888 E3.9928
G1 X174.482 Y170.462 E.01476
G1 X89.168 Y85.148 E3.9836
G1 X89.501 Y84.92 E.01332
G1 X174.703 Y170.122 E3.97837
G1 X174.925 Y169.782 E.01341
G1 X89.82 Y84.677 E3.97385
G1 X90.073 Y84.369 E.01316
G1 X175.152 Y169.447 E3.97261
G1 X175.436 Y169.17 E.0131
G1 X90.267 Y84.001 E3.97683
G1 X90.461 Y83.633 E.01374
G1 X98.97 Y92.143 E.39734
G1 X99.051 Y92.283 E.00534
;WIDTH:0.41146
G1 X99.132 Y92.423 E.00496
;WIDTH:0.38292
G1 X99.427 Y92.79 E.01331
G1 X167.21 Y160.573 E2.71006
G1 X167.579 Y160.873 E.01344
;WIDTH:0.439999
G1 X167.859 Y161.032 E.01063
G1 X175.771 Y168.944 E.36944
G1 X176.108 Y168.719 E.01338
G1 X168.379 Y160.99 E.36089
G1 X168.757 Y160.806 E.01388
G1 X176.46 Y168.509 E.35968
G1 X176.899 Y168.387 E.01504
G1 X169.04 Y160.528 E.36696
G1 X169.232 Y160.159 E.01373
G1 X177.377 Y168.303 E.38029
G1 X177.854 Y168.219 E.01599
G1 X169.3 Y159.665 E.39942
G1 X169.3 Y159.103 E.01856
G1 X178.454 Y168.257 E.42743
G1 X179.431 Y168.522 F9000
;WIDTH:0.38292
G1 F7200
G1 X179.412 Y168.593 E.00208
G1 X179.483 Y168.574 E.00208
G1 X179.472 Y168.533 E.0012
;WIDTH:0.41146
G1 X179.316 Y168.468 E.00518
;WIDTH:0.439999
G1 X179.161 Y168.402 E.00556
G1 X169.3 Y158.542 E.46042
G1 X169.173 Y157.658 F9000
;WIDTH:0.38292
G1 F7200
G1 X169.153 Y157.729 E.00209
G1 X169.225 Y157.71 E.00211
G1 X169.214 Y157.669 E.0012
;WIDTH:0.41146
G1 X169.257 Y157.825 E.00496
;WIDTH:0.439999
G1 X169.3 Y157.98 E.00531
G1 X180.333 Y169.013 E.51517
G1 X180.474 Y169.133 E.00611
;WIDTH:0.41146
G1 X180.614 Y169.252 E.00563
;WIDTH:0.38292
G1 X180.797 Y169.436 E.00734
G1 E-3.5 F3600
;WIPE_START
G1 F7200
G1 X180.614 Y169.252 E-.12327
G1 X180.474 Y169.133 E-.08728
G1 X180.333 Y169.013 E-.08795
G1 X178.544 Y167.224 E-1.2015
;WIPE_END
G1 X186.7 Y174.819 F9000
G1 E5 F2400
;WIDTH:0.439999
G1 F7200
G1 X169.3 Y157.418 E.81249
G1 X169.3 Y156.857 E.01852
G1 X186.7 Y174.257 E.81247
G1 X186.7 Y173.695 E.01856
G1 X169.3 Y156.295 E.81247
G1 X169.3 Y155.734 E.01852
G1 X186.7 Y173.134 E.81247
G1 X186.7 Y172.572 E.01856
G1 X169.3 Y155.172 E.81247
G1 X169.3 Y154.611 E.01852
G1 X186.7 Y172.011 E.81247
G1 X186.7 Y171.449 E.01856
G1 X169.3 Y154.049 E.81247
G1 X169.3 Y153.488 E.01852
G1 X186.7 Y170.888 E.81247
G1 X186.7 Y170.326 E.01856
G1 X169.3 Y152.926 E.81247
G1 X169.3 Y152.364 E.01856
G1 X186.7 Y169.765 E.81249
G1 X186.7 Y169.203 E.01856
G1 X169.3 Y151.803 E.81247
G1 X169.3 Y151.241 E.01856
G1 X186.7 Y168.641 E.81247
G1 X186.7 Y168.08 E.01852
G1 X169.3 Y150.68 E.81247
G1 X169.3 Y150.118 E.01856
G1 X186.7 Y167.518 E.81247
G1 X186.7 Y166.957 E.01852
G1 X169.3 Y149.557 E.81247
G1 X169.3 Y148.995 E.01856
G1 X186.7 Y166.395 E.81247
G1 X186.773 Y166.24 E.00566
;WIDTH:0.41146
G1 X186.846 Y166.084 E.00528
;WIDTH:0.38292
G1 X186.857 Y166.125 E.0012
G1 X186.786 Y166.145 E.00209
G1 X186.805 Y166.073 E.00211
G1 E-3.5 F3600
;WIPE_START
G1 F7200
G1 X186.786 Y166.145 E-.03537
G1 X186.857 Y166.125 E-.03504
G1 X186.846 Y166.084 E-.02016
G1 X186.773 Y166.24 E-.08181
G1 X186.7 Y166.395 E-.08138
G1 X184.845 Y164.54 E-1.24624
;WIPE_END
G1 X174.588 Y153.722 F9000
G1 E5 F2400
;WIDTH:0.439999
G1 F7200
G1 X169.3 Y148.434 E.24691
G1 X169.3 Y147.872 E.01856
G1 X174.298 Y152.87 E.23337
G1 X174.367 Y152.99 E.00457
;WIDTH:0.41146
G1 X174.437 Y153.11 E.00426
;WIDTH:0.38292
G1 X174.418 Y153.181 E.00208
G1 X174.489 Y153.162 E.00208
G1 X174.478 Y153.121 E.0012
G1 X174.818 Y154.002 F9000
G1 F7200
G1 X175.177 Y154.439 E.01599
G1 X175.509 Y154.771 E.01327
G1 X175.948 Y155.132 E.01607
;WIDTH:0.41146
G1 X176.088 Y155.247 E.00555
;WIDTH:0.439999
G1 X176.228 Y155.362 E.00598
G1 X186.7 Y165.834 E.48897
G1 X186.7 Y165.272 E.01856
G1 X177.08 Y155.652 E.44919
G1 X176.955 Y155.562 E.00509
;WIDTH:0.41146
G1 X176.83 Y155.472 E.00472
;WIDTH:0.38292
G1 X176.841 Y155.513 E.0012
G1 X176.769 Y155.532 E.00211
G1 X176.789 Y155.461 E.00209
G1 X177.772 Y155.783 F9000
;WIDTH:0.439999
G1 F7200
G1 X186.7 Y164.711 E.41688
G1 X186.7 Y164.149 E.01856
G1 X178.307 Y155.756 E.3919
G1 X178.783 Y155.67 E.01597
G1 X186.7 Y163.587 E.36967
G1 X186.7 Y163.026 E.01852
G1 X179.258 Y155.584 E.34749
G1 X179.664 Y155.428 E.01436
G1 X186.7 Y162.464 E.32854
G1 X186.7 Y161.903 E.01852
G1 X180.004 Y155.207 E.31266
G1 X180.341 Y154.982 E.01338
G1 X186.7 Y161.341 E.29692
G1 X186.7 Y160.78 E.01852
G1 X180.667 Y154.746 E.28172
G1 X180.928 Y154.446 E.01313
G1 X186.7 Y160.218 E.26951
G1 X186.7 Y159.657 E.01852
G1 X181.153 Y154.109 E.25903
G1 X181.378 Y153.773 E.01335
G1 X186.7 Y159.095 E.2485
G1 X186.7 Y158.534 E.01852
G1 X181.575 Y153.409 E.2393
G1 X181.685 Y152.957 E.01536
G1 X186.7 Y157.972 E.23417
G1 X186.7 Y157.41 E.01856
G1 X181.778 Y152.488 E.22983
G1 X181.85 Y151.999 E.01632
G1 X186.7 Y156.849 E.22646
G1 X186.7 Y156.287 E.01856
G1 X181.85 Y151.437 E.22646
G1 X181.85 Y150.876 E.01852
G1 X186.7 Y155.726 E.22646
G1 X186.7 Y155.164 E.01856
G1 X181.85 Y150.314 E.22646
G1 X181.85 Y149.752 E.01856
G1 X186.7 Y154.603 E.22649
G1 X186.7 Y154.041 E.01856
G1 X181.85 Y149.191 E.22646
G1 X181.85 Y148.629 E.01856
G1 X186.7 Y153.48 E.22649
G1 X186.7 Y152.918 E.01856
G1 X181.85 Y148.068 E.22646
G1 X181.85 Y147.506 E.01856
G1 X186.7 Y152.356 E.22646
G1 X186.7 Y151.795 E.01852
G1 X181.845 Y146.939 E.22672
G1 X181.729 Y146.262 E.02268
G1 X186.7 Y151.233 E.23211
G1 E-3.5 F3600
;WIPE_START
G1 F7200
G1 X184.467 Y149 E-1.5
;WIPE_END
G1 X174.165 Y152.175 F9000
G1 E5 F2400
G1 F7200
G1 X169.3 Y147.31 E.22716
G1 X169.3 Y146.749 E.01852
G1 X174.15 Y151.599 E.22646
G1 X174.15 Y151.037 E.01856
G1 X169.3 Y146.187 E.22646
G1 X169.3 Y145.626 E.01852
G1 X174.15 Y150.476 E.22646
G1 X174.15 Y149.914 E.01856
G1 X169.3 Y145.064 E.22646
G1 X169.3 Y144.503 E.01852
G1 X174.15 Y149.353 E.22646
G1 X174.15 Y148.791 E.01856
G1 X169.3 Y143.941 E.22646
G1 X169.3 Y143.38 E.01852
G1 X174.15 Y148.23 E.22646
G1 X174.15 Y147.668 E.01856
G1 X169.3 Y142.818 E.22646
G1 X169.3 Y142.256 E.01856
G1 X174.15 Y147.107 E.22649
G1 X174.204 Y146.599 E.01687
G1 X169.3 Y141.695 E.22898
G1 X169.3 Y141.133 E.01856
G1 X174.297 Y146.131 E.23335
G1 X174.4 Y145.672 E.01553
G1 X169.3 Y140.572 E.23814
G1 X169.3 Y140.01 E.01856
G1 X174.58 Y145.29 E.24654
G1 X174.805 Y144.954 E.01335
G1 X169.3 Y139.449 E.25705
G1 X169.3 Y138.887 E.01856
G1 X175.03 Y144.617 E.26755
G1 X175.275 Y144.301 E.0132
G1 X169.3 Y138.326 E.27899
G1 X169.3 Y137.764 E.01856
G1 X175.596 Y144.06 E.29398
G1 X175.933 Y143.835 E.01338
G1 X169.3 Y137.202 E.30972
G1 X169.3 Y136.641 E.01852
G1 X176.27 Y143.611 E.32545
G1 X176.662 Y143.442 E.01409
G1 X169.3 Y136.079 E.34378
G1 X169.3 Y135.518 E.01852
G1 X177.129 Y143.347 E.36556
G1 X177.607 Y143.263 E.01602
G1 X169.3 Y134.956 E.38788
G1 X169.3 Y134.395 E.01852
G1 X178.119 Y143.214 E.41179
G1 X178.793 Y143.326 E.02256
G1 X169.3 Y133.833 E.44326
G1 X169.3 Y133.272 E.01852
G1 X179.548 Y143.52 E.47851
G1 X179.829 Y143.734 E.01166
;WIDTH:0.38292
G1 X180.468 Y144.258 E.02336
G1 X180.791 Y144.581 E.01291
G1 X181.332 Y145.239 E.02408
G1 X181.326 Y145.297 E.00165
G1 X181.423 Y145.655 E.01049
;WIDTH:0.41146
G1 X181.486 Y145.588 E.00282
;WIDTH:0.439999
G1 X181.548 Y145.52 E.00304
G1 X186.7 Y150.672 E.24056
G1 X186.773 Y150.516 E.00569
;WIDTH:0.41146
G1 X186.846 Y150.361 E.00525
;WIDTH:0.38292
G1 X186.857 Y150.402 E.0012
G1 X186.786 Y150.421 E.00208
G1 X186.805 Y150.35 E.00208
;WIDTH:0.439999
G1 X186.7 Y150.11 E.00865
G1 X169.3 Y132.71 E.81247
G1 X169.3 Y132.148 E.01856
G1 X186.7 Y149.549 E.81249
G1 X186.7 Y148.987 E.01856
G1 X169.3 Y131.587 E.81247
G1 X169.3 Y131.025 E.01856
G1 X186.7 Y148.426 E.81249
G1 X186.7 Y147.864 E.01856
G1 X169.3 Y130.464 E.81247
G1 X169.3 Y129.902 E.01856
G1 X186.7 Y147.302 E.81247
G1 X186.7 Y146.741 E.01852
G1 X169.3 Y129.341 E.81247
G1 X169.3 Y128.779 E.01856
G1 X186.7 Y146.179 E.81247
G1 X186.7 Y145.618 E.01852
G1 X169.3 Y128.218 E.81247
G1 X169.3 Y127.656 E.01856
G1 X186.7 Y145.056 E.81247
G1 X186.7 Y144.495 E.01852
G1 X169.3 Y127.094 E.81249
G1 X169.3 Y126.533 E.01852
G1 X186.7 Y143.933 E.81247
G1 X186.7 Y143.372 E.01852
G1 X169.3 Y125.971 E.81249
G1 X169.3 Y125.41 E.01852
G1 X186.7 Y142.81 E.81247
G1 X186.7 Y142.248 E.01856
G1 X169.3 Y124.848 E.81247
G1 X169.3 Y124.287 E.01852
G1 X186.7 Y141.687 E.81247
G1 X186.7 Y141.125 E.01856
G1 X169.3 Y123.725 E.81247
G1 X169.3 Y123.164 E.01852
G1 X186.7 Y140.564 E.81247
G1 X186.7 Y140.002 E.01856
G1 X169.3 Y122.602 E.81247
G1 X169.3 Y122.04 E.01856
G1 X186.7 Y139.441 E.81249
G1 X186.7 Y138.879 E.01856
G1 X169.3 Y121.479 E.81247
G1 X169.3 Y120.917 E.01856
G1 X186.7 Y138.318 E.81249
G1 X186.7 Y137.756 E.01856
G1 X169.3 Y120.356 E.81247
G1 X169.3 Y119.794 E.01856
G1 X186.7 Y137.194 E.81247
G1 X186.7 Y136.633 E.01852
G1 X169.3 Y119.233 E.81247
G1 X169.3 Y118.671 E.01856
G1 X186.7 Y136.071 E.81247
G1 X186.7 Y135.51 E.01852
G1 X169.3 Y118.11 E.81247
G1 X169.3 Y117.548 E.01856
G1 X186.7 Y134.948 E.81247
G1 X186.7 Y134.387 E.01852
G1 X169.3 Y116.986 E.81249
G1 X169.3 Y116.425 E.01852
G1 X186.7 Y133.825 E.81247
G1 X186.7 Y133.264 E.01852
G1 X169.3 Y115.863 E.81249
G1 X169.3 Y115.302 E.01852
G1 X186.7 Y132.702 E.81247
G1 X186.7 Y132.14 E.01856
G1 X169.3 Y114.74 E.81247
G1 X169.3 Y114.179 E.01852
G1 X186.7 Y131.579 E.81247
G1 X186.7 Y131.017 E.01856
G1 X169.3 Y113.617 E.81247
G1 X169.3 Y113.056 E.01852
G1 X186.7 Y130.456 E.81247
G1 X186.7 Y129.894 E.01856
G1 X169.3 Y112.494 E.81247
G1 X169.3 Y111.932 E.01856
G1 X186.7 Y129.333 E.81249
G1 X186.7 Y128.771 E.01856
G1 X169.3 Y111.371 E.81247
G1 X169.3 Y110.809 E.01856
G1 X186.7 Y128.21 E.81249
G1 X186.7 Y127.648 E.01856
G1 X169.3 Y110.248 E.81247
G1 X169.3 Y109.686 E.01856
G1 X186.7 Y127.086 E.81247
G1 X186.7 Y126.525 E.01852
G1 X169.3 Y109.125 E.81247
G1 X169.3 Y108.563 E.01856
G1 X186.7 Y125.963 E.81247
G1 X186.7 Y125.402 E.01852
G1 X169.3 Y108.002 E.81247
G1 X169.3 Y107.44 E.01856
G1 X186.7 Y124.84 E.81247
G1 X186.7 Y124.279 E.01852
G1 X169.3 Y106.878 E.81249
G1 X169.3 Y106.317 E.01852
G1 X186.7 Y123.717 E.81247
G1 X186.7 Y123.156 E.01852
G1 X169.3 Y105.755 E.81249
G1 X169.3 Y105.194 E.01852
G1 X186.7 Y122.594 E.81247
G1 X186.7 Y122.032 E.01856
G1 X169.3 Y104.632 E.81247
G1 X169.3 Y104.071 E.01852
G1 X186.7 Y121.471 E.81247
G1 X186.7 Y120.909 E.01856
G1 X169.3 Y103.509 E.81247
G1 X169.3 Y102.948 E.01852
G1 X186.7 Y120.348 E.81247
G1 X186.7 Y119.786 E.01856
G1 X169.3 Y102.386 E.81247
G1 X169.3 Y101.825 E.01852
G1 X186.7 Y119.225 E.81247
G1 X186.7 Y118.663 E.01856
G1 X169.3 Y101.263 E.81247
G1 X169.3 Y100.701 E.01856
G1 X186.7 Y118.102 E.81249
G1 X186.7 Y117.54 E.01856
G1 X169.3 Y100.14 E.81247
G1 X169.3 Y99.578 E.01856
G1 X186.7 Y116.978 E.81247
G1 X186.7 Y116.417 E.01852
G1 X169.3 Y99.017 E.81247
G1 X169.3 Y98.455 E.01856
G1 X186.7 Y115.855 E.81247
G1 X186.7 Y115.294 E.01852
G1 X169.3 Y97.894 E.81247
G1 X169.3 Y97.332 E.01856
G1 X186.7 Y114.732 E.81247
G1 X186.7 Y114.171 E.01852
G1 X169.3 Y96.771 E.81247
G1 X169.3 Y96.209 E.01856
G1 X186.7 Y113.609 E.81247
G1 X186.7 Y113.048 E.01852
G1 X169.3 Y95.647 E.81249
G1 X169.3 Y95.086 E.01852
G1 X186.7 Y112.486 E.81247
G1 X186.7 Y111.924 E.01856
G1 X169.3 Y94.524 E.81247
G1 X169.3 Y93.963 E.01852
G1 X186.7 Y111.363 E.81247
G1 X186.7 Y110.801 E.01856
G1 X169.3 Y93.401 E.81247
G1 X169.3 Y92.84 E.01852
G1 X186.7 Y110.24 E.81247
G1 X186.7 Y109.678 E.01856
G1 X169.3 Y92.278 E.81247
G1 X169.258 Y91.675 E.01996
G1 X186.7 Y109.117 E.81443
G1 X186.779 Y109.172 E.00318
;WIDTH:0.41146
G1 X186.859 Y109.228 E.00299
;WIDTH:0.38292
G1 X186.84 Y109.299 E.00208
G1 X186.911 Y109.28 E.00208
G1 X186.9 Y109.239 E.0012
G1 E-3.5 F3600
;WIPE_START
G1 F7200
G1 X186.911 Y109.28 E-.02016
G1 X186.84 Y109.299 E-.03491
G1 X186.859 Y109.228 E-.03491
G1 X186.779 Y109.172 E-.04638
G1 X186.7 Y109.117 E-.04572
G1 X184.738 Y107.155 E-1.31792
;WIPE_END
G1 X99.01 Y91.621 F9000
G1 E5 F2400
;WIDTH:0.439999
G1 F7200
G1 X90.655 Y83.266 E.39012
G1 X90.801 Y82.851 E.01453
G1 X99.194 Y91.244 E.3919
G1 X99.468 Y90.956 E.01312
G1 X90.824 Y82.312 E.40362
G1 X90.824 Y81.751 E.01852
G1 X99.843 Y90.769 E.4211
G1 X100.335 Y90.7 E.0164
G1 X90.808 Y81.172 E.44487
G1 X90.723 Y81.033 E.00538
;WIDTH:0.41146
G1 X90.639 Y80.894 E.00498
;WIDTH:0.38292
G1 X90.617 Y81.056 E.00462
G1 X90.35 Y80.153 F9000
;WIDTH:0.439999
G1 F7200
G1 X100.897 Y90.7 E.49248
G1 X101.052 Y90.743 E.00531
;WIDTH:0.41146
G1 X101.208 Y90.786 E.00496
;WIDTH:0.38292
G1 X101.219 Y90.827 E.0012
G1 X101.148 Y90.846 E.00208
G1 X101.167 Y90.775 E.00208
;WIDTH:0.439999
G1 X101.458 Y90.7 E.00992
G1 X84.058 Y73.3 E.81247
G1 X84.62 Y73.3 E.01856
G1 X102.02 Y90.7 E.81247
G1 X102.582 Y90.7 E.01856
G1 X85.181 Y73.3 E.81249
G1 X85.743 Y73.3 E.01856
G1 X103.143 Y90.7 E.81247
G1 X103.705 Y90.7 E.01856
G1 X86.305 Y73.3 E.81247
G1 X86.866 Y73.3 E.01852
G1 X104.266 Y90.7 E.81247
G1 X104.828 Y90.7 E.01856
G1 X87.428 Y73.3 E.81247
G1 X87.989 Y73.3 E.01852
G1 X105.389 Y90.7 E.81247
G1 X105.951 Y90.7 E.01856
G1 X88.551 Y73.3 E.81247
G1 X89.112 Y73.3 E.01852
G1 X106.512 Y90.7 E.81247
G1 X107.074 Y90.7 E.01856
G1 X89.674 Y73.3 E.81247
G1 X90.235 Y73.3 E.01852
G1 X107.636 Y90.7 E.81249
G1 X108.197 Y90.7 E.01852
G1 X90.797 Y73.3 E.81247
G1 X91.359 Y73.3 E.01856
G1 X108.759 Y90.7 E.81247
G1 X109.32 Y90.7 E.01852
G1 X91.92 Y73.3 E.81247
G1 X92.482 Y73.3 E.01856
G1 X109.882 Y90.7 E.81247
G1 X110.443 Y90.7 E.01852
G1 X93.043 Y73.3 E.81247
G1 X93.605 Y73.3 E.01856
G1 X111.005 Y90.7 E.81247
G1 X111.566 Y90.7 E.01852
G1 X94.166 Y73.3 E.81247
G1 X94.728 Y73.3 E.01856
G1 X112.128 Y90.7 E.81247
G1 X112.69 Y90.7 E.01856
G1 X95.289 Y73.3 E.81249
G1 X95.851 Y73.3 E.01856
G1 X113.251 Y90.7 E.81247
G1 X113.813 Y90.7 E.01856
G1 X96.413 Y73.3 E.81247
G1 X96.974 Y73.3 E.01852
G1 X114.374 Y90.7 E.81247
G1 X114.936 Y90.7 E.01856
G1 X97.536 Y73.3 E.81247
G1 X98.097 Y73.3 E.01852
G1 X115.497 Y90.7 E.81247
G1 X116.059 Y90.7 E.01856
G1 X98.659 Y73.3 E.81247
G1 X99.22 Y73.3 E.01852
G1 X116.62 Y90.7 E.81247
G1 X117.182 Y90.7 E.01856
G1 X99.782 Y73.3 E.81247
G1 X100.343 Y73.3 E.01852
G1 X117.744 Y90.7 E.81249
G1 X118.305 Y90.7 E.01852
G1 X100.905 Y73.3 E.81247
G1 X101.467 Y73.3 E.01856
G1 X118.867 Y90.7 E.81247
G1 X119.428 Y90.7 E.01852
G1 X102.028 Y73.3 E.81247
G1 X102.59 Y73.3 E.01856
G1 X119.99 Y90.7 E.81247
G1 X120.551 Y90.7 E.01852
G1 X103.151 Y73.3 E.81247
G1 X103.713 Y73.3 E.01856
G1 X121.113 Y90.7 E.81247
G1 X121.674 Y90.7 E.01852
G1 X104.274 Y73.3 E.81247
G1 X104.836 Y73.3 E.01856
G1 X122.236 Y90.7 E.81247
G1 X122.798 Y90.7 E.01856
G1 X105.397 Y73.3 E.81249
G1 X105.959 Y73.3 E.01856
G1 X123.359 Y90.7 E.81247
G1 X123.921 Y90.7 E.01856
G1 X106.52 Y73.3 E.81249
G1 X107.082 Y73.3 E.01856
G1 X124.482 Y90.7 E.81247
G1 X125.044 Y90.7 E.01856
G1 X107.644 Y73.3 E.81247
G1 X108.205 Y73.3 E.01852
G1 X125.605 Y90.7 E.81247
G1 X126.167 Y90.7 E.01856
G1 X108.767 Y73.3 E.81247
G1 X109.328 Y73.3 E.01852
G1 X126.728 Y90.7 E.81247
G1 X127.29 Y90.7 E.01856
G1 X109.89 Y73.3 E.81247
G1 X110.451 Y73.3 E.01852
G1 X127.852 Y90.7 E.81249
G1 X128.413 Y90.7 E.01852
G1 X111.013 Y73.3 E.81247
G1 X111.574 Y73.3 E.01852
G1 X128.975 Y90.7 E.81249
G1 X129.536 Y90.7 E.01852
G1 X112.136 Y73.3 E.81247
G1 X112.698 Y73.3 E.01856
G1 X130.098 Y90.7 E.81247
G1 X130.659 Y90.7 E.01852
G1 X113.259 Y73.3 E.81247
G1 X113.821 Y73.3 E.01856
G1 X131.221 Y90.7 E.81247
G1 X131.782 Y90.7 E.01852
G1 X114.382 Y73.3 E.81247
G1 X114.944 Y73.3 E.01856
G1 X132.344 Y90.7 E.81247
G1 X132.906 Y90.7 E.01856
G1 X115.505 Y73.3 E.81249
G1 X116.067 Y73.3 E.01856
G1 X133.467 Y90.7 E.81247
G1 X134.029 Y90.7 E.01856
G1 X116.628 Y73.3 E.81249
G1 X117.19 Y73.3 E.01856
G1 X134.59 Y90.7 E.81247
G1 X135.152 Y90.7 E.01856
G1 X117.752 Y73.3 E.81247
G1 X118.313 Y73.3 E.01852
G1 X135.713 Y90.7 E.81247
G1 X136.275 Y90.7 E.01856
G1 X118.875 Y73.3 E.81247
G1 X119.436 Y73.3 E.01852
G1 X136.836 Y90.7 E.81247
G1 X137.398 Y90.7 E.01856
G1 X119.998 Y73.3 E.81247
G1 X120.559 Y73.3 E.01852
G1 X137.96 Y90.7 E.81249
G1 X138.521 Y90.7 E.01852
G1 X121.121 Y73.3 E.81247
G1 X121.682 Y73.3 E.01852
G1 X139.083 Y90.7 E.81249
G1 X139.644 Y90.7 E.01852
G1 X122.244 Y73.3 E.81247
G1 X122.806 Y73.3 E.01856
G1 X140.206 Y90.7 E.81247
G1 X140.767 Y90.7 E.01852
G1 X123.367 Y73.3 E.81247
G1 X123.929 Y73.3 E.01856
G1 X141.329 Y90.7 E.81247
G1 X141.89 Y90.7 E.01852
G1 X124.49 Y73.3 E.81247
G1 X125.052 Y73.3 E.01856
G1 X142.452 Y90.7 E.81247
G1 X143.014 Y90.7 E.01856
G1 X125.613 Y73.3 E.81249
G1 X126.175 Y73.3 E.01856
G1 X143.575 Y90.7 E.81247
G1 X144.137 Y90.7 E.01856
G1 X126.736 Y73.3 E.81249
G1 X127.298 Y73.3 E.01856
G1 X144.698 Y90.7 E.81247
G1 X145.26 Y90.7 E.01856
G1 X127.86 Y73.3 E.81247
G1 X128.421 Y73.3 E.01852
G1 X145.821 Y90.7 E.81247
G1 X146.383 Y90.7 E.01856
G1 X128.983 Y73.3 E.81247
G1 X129.544 Y73.3 E.01852
G1 X146.944 Y90.7 E.81247
G1 X147.506 Y90.7 E.01856
G1 X130.106 Y73.3 E.81247
G1 X130.667 Y73.3 E.01852
G1 X148.068 Y90.7 E.81249
G1 X148.629 Y90.7 E.01852
G1 X131.229 Y73.3 E.81247
G1 X131.79 Y73.3 E.01852
G1 X149.191 Y90.7 E.81249
G1 X149.752 Y90.7 E.01852
G1 X132.352 Y73.3 E.81247
G1 X132.914 Y73.3 E.01856
G1 X150.314 Y90.7 E.81247
G1 X150.875 Y90.7 E.01852
G1 X133.475 Y73.3 E.81247
G1 X134.037 Y73.3 E.01856
G1 X151.437 Y90.7 E.81247
G1 X151.998 Y90.7 E.01852
G1 X134.598 Y73.3 E.81247
G1 X135.16 Y73.3 E.01856
G1 X152.56 Y90.7 E.81247
G1 X153.122 Y90.7 E.01856
G1 X135.721 Y73.3 E.81249
G1 X136.283 Y73.3 E.01856
G1 X153.683 Y90.7 E.81247
G1 X154.245 Y90.7 E.01856
G1 X136.844 Y73.3 E.81249
G1 X137.406 Y73.3 E.01856
G1 X154.806 Y90.7 E.81247
G1 X155.368 Y90.7 E.01856
G1 X137.968 Y73.3 E.81247
G1 X138.529 Y73.3 E.01852
G1 X155.929 Y90.7 E.81247
G1 X156.491 Y90.7 E.01856
G1 X139.091 Y73.3 E.81247
G1 X139.652 Y73.3 E.01852
G1 X157.052 Y90.7 E.81247
G1 X157.614 Y90.7 E.01856
G1 X140.214 Y73.3 E.81247
G1 X140.775 Y73.3 E.01852
G1 X158.176 Y90.7 E.81249
G1 X158.737 Y90.7 E.01852
G1 X141.337 Y73.3 E.81247
G1 X141.898 Y73.3 E.01852
G1 X159.299 Y90.7 E.81249
G1 X159.86 Y90.7 E.01852
G1 X142.46 Y73.3 E.81247
G1 X143.022 Y73.3 E.01856
G1 X160.422 Y90.7 E.81247
G1 X160.983 Y90.7 E.01852
G1 X143.583 Y73.3 E.81247
G1 X144.145 Y73.3 E.01856
G1 X161.545 Y90.7 E.81247
G1 X162.106 Y90.7 E.01852
G1 X144.706 Y73.3 E.81247
G1 X145.268 Y73.3 E.01856
G1 X162.668 Y90.7 E.81247
G1 X163.229 Y90.7 E.01852
G1 X145.829 Y73.3 E.81247
G1 X146.391 Y73.3 E.01856
G1 X163.791 Y90.7 E.81247
G1 X164.353 Y90.7 E.01856
G1 X146.952 Y73.3 E.81249
G1 X147.514 Y73.3 E.01856
G1 X164.914 Y90.7 E.81247
G1 X165.476 Y90.7 E.01856
G1 X148.076 Y73.3 E.81247
G1 X148.637 Y73.3 E.01852
G1 X166.037 Y90.7 E.81247
G1 X166.599 Y90.7 E.01856
G1 X149.199 Y73.3 E.81247
G1 X149.76 Y73.3 E.01852
G1 X167.16 Y90.7 E.81247
G1 X167.722 Y90.7 E.01856
G1 X150.322 Y73.3 E.81247
G1 X150.883 Y73.3 E.01852
G1 X168.323 Y90.739 E.81431
G1 X168.463 Y90.832 E.00555
;WIDTH:0.41146
G1 X168.603 Y90.925 E.00515
;WIDTH:0.38292
G1 X168.862 Y91.147 E.00964
G1 X169.077 Y91.394 E.00926
G1 E-3.5 F3600
;WIPE_START
G1 F7200
G1 X168.862 Y91.147 E-.15555
G1 X168.603 Y90.925 E-.16203
G1 X168.463 Y90.832 E-.07984
G1 X168.323 Y90.739 E-.07984
G1 X166.8 Y89.217 E-1.02274
;WIPE_END
G1 X186.846 Y108.806 F9000
G1 E5 F2400
G1 F7200
G1 X186.857 Y108.847 E.0012
G1 X186.786 Y108.866 E.00208
G1 X186.805 Y108.795 E.00208
;WIDTH:0.41146
G1 X186.753 Y108.675 E.00401
;WIDTH:0.439999
G1 X186.7 Y108.555 E.00433
G1 X151.445 Y73.3 E1.64618
G1 X152.006 Y73.3 E.01852
G1 X186.7 Y107.994 E1.61998
G1 X186.7 Y107.432 E.01856
G1 X152.568 Y73.3 E1.59374
G1 X153.13 Y73.3 E.01856
G1 X186.7 Y106.87 E1.5675
G1 X186.7 Y106.309 E.01852
G1 X153.691 Y73.3 E1.5413
G1 X154.253 Y73.3 E.01856
G1 X186.7 Y105.747 E1.51506
G1 X186.7 Y105.186 E.01852
G1 X154.814 Y73.3 E1.48887
G1 X155.376 Y73.3 E.01856
G1 X186.7 Y104.624 E1.46263
G1 X186.7 Y104.063 E.01852
G1 X155.937 Y73.3 E1.43643
G1 X156.499 Y73.3 E.01856
G1 X186.7 Y103.501 E1.41019
G1 X186.7 Y102.94 E.01852
G1 X157.06 Y73.3 E1.38399
G1 X157.622 Y73.3 E.01856
G1 X186.7 Y102.378 E1.35775
G1 X186.7 Y101.816 E.01856
G1 X158.184 Y73.3 E1.33151
G1 X158.745 Y73.3 E.01852
G1 X186.7 Y101.255 E1.30532
G1 X186.7 Y100.693 E.01856
G1 X159.307 Y73.3 E1.27907
G1 X159.868 Y73.3 E.01852
G1 X186.7 Y100.132 E1.25288
G1 X186.7 Y99.57 E.01856
G1 X160.43 Y73.3 E1.22664
G1 X160.991 Y73.3 E.01852
G1 X186.7 Y99.009 E1.20044
G1 X186.7 Y98.447 E.01856
G1 X161.553 Y73.3 E1.1742
G1 X162.114 Y73.3 E.01852
G1 X186.7 Y97.886 E1.14801
G1 X186.7 Y97.324 E.01856
G1 X162.676 Y73.3 E1.12176
G1 X163.237 Y73.3 E.01852
G1 X186.7 Y96.763 E1.09557
G1 X186.9 Y96.323 E.01596
;WIDTH:0.38292
G1 X186.911 Y96.364 E.0012
G1 X186.84 Y96.383 E.00208
G1 X186.859 Y96.312 E.00208
;WIDTH:0.41146
G1 X186.779 Y96.257 E.00298
;WIDTH:0.439999
G1 X186.7 Y96.201 E.0032
G1 X163.799 Y73.3 E1.06933
G1 X164.361 Y73.3 E.01856
G1 X174.388 Y83.328 E.46822
G1 X174.471 Y83.468 E.00537
;WIDTH:0.41146
G1 X174.554 Y83.609 E.00501
;WIDTH:0.38292
G1 X174.936 Y84.085 E.01725
G1 X174.422 Y82.684 F9000
G1 F7200
G1 X174.433 Y82.725 E.0012
G1 X174.362 Y82.744 E.00208
G1 X174.381 Y82.673 E.00208
;WIDTH:0.41146
G1 X174.293 Y82.628 E.00303
;WIDTH:0.439999
G1 X174.205 Y82.583 E.00326
G1 X164.922 Y73.3 E.43346
G1 X165.484 Y73.3 E.01856
G1 X174.109 Y81.925 E.40273
G1 X174.199 Y81.454 E.01583
G1 X166.045 Y73.3 E.38074
G1 X166.607 Y73.3 E.01856
G1 X174.309 Y81.002 E.35963
G1 X174.419 Y80.55 E.01536
G1 X167.168 Y73.3 E.33855
G1 X167.73 Y73.3 E.01856
G1 X174.576 Y80.146 E.31966
G1 X174.817 Y79.826 E.01323
G1 X168.291 Y73.3 E.30472
G1 X168.853 Y73.3 E.01856
G1 X175.081 Y79.528 E.29081
G1 X175.345 Y79.23 E.01314
G1 X169.415 Y73.3 E.27689
G1 X169.976 Y73.3 E.01852
G1 X175.613 Y78.937 E.26321
G1 X175.94 Y78.702 E.0133
G1 X170.538 Y73.3 E.25224
G1 X171.099 Y73.3 E.01852
G1 X176.339 Y78.54 E.24467
G1 X176.746 Y78.385 E.01438
G1 X171.661 Y73.3 E.23744
G1 X172.222 Y73.3 E.01852
G1 X177.153 Y78.231 E.23025
G1 X177.611 Y78.127 E.01551
G1 X172.784 Y73.3 E.22539
G1 X173.345 Y73.3 E.01852
G1 X178.283 Y78.243 E.23069
;WIDTH:0.41146
G1 X178.345 Y78.311 E.00282
;WIDTH:0.38292
G1 X178.326 Y78.383 E.00211
G1 X178.398 Y78.364 E.00211
G1 X178.387 Y78.322 E.00123
;WIDTH:0.439999
G1 X179.129 Y78.355 E.02452
;WIDTH:0.38292
G1 X179.11 Y78.426 E.00208
G1 X179.181 Y78.407 E.00208
G1 X179.17 Y78.366 E.0012
;WIDTH:0.41146
G1 X179.014 Y78.309 E.00509
;WIDTH:0.439999
G1 X178.859 Y78.252 E.00545
G1 X173.907 Y73.3 E.23123
G1 E-3.5 F3600
;WIPE_START
G1 F7200
G1 X176.14 Y75.533 E-1.5
;WIPE_END
G1 X176.34 Y85.344 F9000
G1 E5 F2400
;WIDTH:0.38292
G1 F7200
G1 X176.321 Y85.415 E.00208
G1 X176.392 Y85.396 E.00208
G1 X176.381 Y85.355 E.0012
;WIDTH:0.41146
G1 X176.507 Y85.463 E.00509
;WIDTH:0.439999
G1 X186.7 Y95.639 E.47555
G1 X186.753 Y95.759 E.00433
;WIDTH:0.41146
G1 X186.805 Y95.879 E.00401
;WIDTH:0.38292
G1 X186.786 Y95.95 E.00208
G1 X186.857 Y95.931 E.00208
G1 X186.846 Y95.89 E.0012
G1 X186.7 Y95.078 F9000
;WIDTH:0.439999
G1 F7200
G1 X177.489 Y85.867 E.43009
G1 X177.363 Y85.77 E.00525
;WIDTH:0.41146
G1 X177.238 Y85.673 E.00485
;WIDTH:0.38292
G1 X177.249 Y85.714 E.0012
G1 X177.178 Y85.733 E.00208
G1 X177.197 Y85.662 E.00208
G1 X178.031 Y85.848 F9000
;WIDTH:0.439999
G1 F7200
G1 X186.7 Y94.516 E.40476
G1 X186.7 Y93.955 E.01852
G1 X178.53 Y85.785 E.38149
G1 X179.029 Y85.722 E.01661
G1 X186.7 Y93.393 E.35819
G1 X186.7 Y92.832 E.01852
G1 X179.474 Y85.605 E.33743
G1 X179.82 Y85.39 E.01345
G1 X186.7 Y92.27 E.32125
G1 X186.7 Y91.709 E.01852
G1 X180.153 Y85.161 E.30573
G1 X180.485 Y84.932 E.01332
G1 X186.7 Y91.147 E.2902
G1 X186.7 Y90.585 E.01856
G1 X180.809 Y84.694 E.27507
G1 X181.062 Y84.385 E.01319
G1 X186.7 Y90.024 E.26328
G1 X186.7 Y89.462 E.01856
G1 X181.259 Y84.021 E.25406
G1 X181.452 Y83.652 E.01375
G1 X186.7 Y88.901 E.24507
G1 X186.7 Y88.339 E.01856
G1 X181.645 Y83.284 E.23604
G1 X181.795 Y82.873 E.01445
G1 X186.7 Y87.778 E.22903
G1 X186.7 Y87.216 E.01856
G1 X181.824 Y82.34 E.22768
G1 X181.824 Y81.779 E.01852
G1 X186.7 Y86.655 E.22768
G1 X186.7 Y86.093 E.01856
G1 X181.803 Y81.196 E.22866
G1 X181.733 Y81.042 E.00559
;WIDTH:0.41146
G1 X181.663 Y80.888 E.00518
;WIDTH:0.38292
G1 X181.674 Y80.929 E.0012
G1 X181.603 Y80.948 E.00208
G1 X181.622 Y80.877 E.00208
;WIDTH:0.439999
G1 X181.381 Y80.212 E.02335
G1 X186.7 Y85.531 E.24836
G1 X186.779 Y85.587 E.0032
;WIDTH:0.41146
G1 X186.859 Y85.643 E.00299
;WIDTH:0.38292
G1 X186.84 Y85.714 E.00208
G1 X186.911 Y85.695 E.00208
G1 X186.9 Y85.654 E.0012
G1 E-3.5 F3600
;WIPE_START
G1 F7200
G1 X186.911 Y85.695 E-.02016
G1 X186.84 Y85.714 E-.03491
G1 X186.859 Y85.643 E-.03491
G1 X186.779 Y85.587 E-.04638
G1 X186.7 Y85.531 E-.046
G1 X184.738 Y83.569 E-1.31764
;WIPE_END
G1 X181.171 Y79.931 F9000
G1 E5 F2400
G1 F7200
G1 X180.875 Y79.543 E.0138
G1 X179.965 Y78.75 E.03412
;WIDTH:0.41146
G1 X179.825 Y78.633 E.00559
;WIDTH:0.439999
G1 X179.684 Y78.516 E.00605
G1 X174.469 Y73.3 E.24353
G1 X175.03 Y73.3 E.01852
G1 X186.7 Y84.97 E.54491
G1 X186.753 Y85.09 E.00433
;WIDTH:0.41146
G1 X186.805 Y85.21 E.00401
;WIDTH:0.38292
G1 X186.786 Y85.281 E.00208
G1 X186.857 Y85.262 E.00208
G1 X186.846 Y85.221 E.0012
G1 X186.7 Y84.408 F9000
;WIDTH:0.439999
G1 F7200
G1 X175.592 Y73.3 E.51867
G1 X176.153 Y73.3 E.01852
G1 X186.7 Y83.847 E.49248
G1 X186.7 Y83.285 E.01856
G1 X176.715 Y73.3 E.46623
G1 X177.276 Y73.3 E.01852
G1 X186.7 Y82.724 E.44004
G1 X186.7 Y82.162 E.01856
G1 X177.838 Y73.3 E.4138
G1 X178.399 Y73.3 E.01852
G1 X186.7 Y81.601 E.3876
G1 X186.7 Y81.039 E.01856
G1 X178.961 Y73.3 E.36136
G1 X179.523 Y73.3 E.01856
G1 X186.7 Y80.477 E.33512
G1 X186.7 Y79.916 E.01852
G1 X180.084 Y73.3 E.30892
G1 X180.646 Y73.3 E.01856
G1 X186.7 Y79.354 E.28268
G1 X186.7 Y78.793 E.01852
G1 X181.207 Y73.3 E.25649
G1 X181.769 Y73.3 E.01856
G1 X186.7 Y78.231 E.23025
G1 X186.7 Y77.67 E.01852
G1 X182.33 Y73.3 E.20405
G1 X182.892 Y73.3 E.01856
G1 X186.7 Y77.108 E.17781
G1 X186.7 Y76.547 E.01852
G1 X183.453 Y73.3 E.15161
G1 X184.015 Y73.3 E.01856
G1 X186.7 Y75.985 E.12537
G1 X186.859 Y75.535 E.01576
;WIDTH:0.38292
G1 X186.84 Y75.606 E.00208
G1 X186.911 Y75.587 E.00208
G1 X186.9 Y75.546 E.0012
;WIDTH:0.41146
G1 X186.8 Y75.485 E.00359
;WIDTH:0.439999
G1 X186.7 Y75.423 E.00388
G1 X184.577 Y73.3 E.09913
G1 X184.515 Y73.2 E.00388
;WIDTH:0.41146
G1 X184.454 Y73.1 E.00359
;WIDTH:0.38292
G1 X184.465 Y73.141 E.0012
G1 X184.394 Y73.16 E.00208
G1 X184.413 Y73.089 E.00208
;WIDTH:0.439999
G1 X185.138 Y73.3 E.02493
G1 X186.7 Y73.3 E.05157
G1 X186.7 Y74.862 E.05157
G1 X185.279 Y73.44 E.06637
G1 X186.226 Y73.695 F9000
;WIDTH:0.560814
G1 F7200
G1 X186.18 Y73.741 E.0028
G1 X186.197 Y73.803 E.00277
G1 X186.259 Y73.82 E.00277
G1 X186.305 Y73.774 E.0028
G1 X186.288 Y73.712 E.00277
;LAYER_CHANGE
;Z:0.8
;HEIGHT:0.2
;BEFORE_LAYER_CHANGE
G92 E0
;0.8


G1 E-3.5 F3600
;WIPE_START
G1 F7200
G1 X186.305 Y73.774 E-.03054
G1 X186.259 Y73.82 E-.0309
G1 X186.197 Y73.803 E-.03054
G1 X186.18 Y73.741 E-.03054
G1 X186.226 Y73.695 E-.0309
;WIPE_END
G1 E-1.34658 F3600
G1 Z.8 F9000
;AFTER_LAYER_CHANGE
;0.8
G1 X168.702 Y91.3
G1 E5 F2400
;TYPE:Perimeter
;WIDTH:0.439999
G1 F7200
G1 X168.871 Y91.505 E.00877
G1 X168.977 Y91.799 E.01032
G1 X168.994 Y92.845 E.03454
G1 X168.994 Y159.768 E2.20961
G1 X168.925 Y160.127 E.01207
G1 X168.773 Y160.386 E.00992
G1 X168.517 Y160.605 E.01112
G1 X168.219 Y160.72 E.01055
G1 X167.84 Y160.723 E.01251
G1 X167.527 Y160.605 E.01104
G1 X167.334 Y160.455 E.00807
G1 X99.545 Y92.666 E3.1653
G1 X99.354 Y92.395 E.01095
G1 X99.265 Y92.08 E.01081
G1 X99.268 Y91.851 E.00756
G1 X99.394 Y91.485 E.01278
G1 X99.603 Y91.237 E.01071
G1 X99.905 Y91.063 E.01151
G1 X100.232 Y91.006 E.01096
G1 X168.021 Y91.006 E2.23821
G1 X168.333 Y91.057 E.01044
G1 X168.647 Y91.234 E.0119
G1 X168.663 Y91.254 E.00085
G1 X168.418 Y91.581 F9000
G1 F7200
G1 X168.485 Y91.637 E.00288
G1 X168.587 Y91.872 E.00846
G1 X168.597 Y92.845 E.03213
G1 X168.597 Y159.768 E2.20961
G1 X168.533 Y160.031 E.00894
G1 X168.334 Y160.251 E.00979
G1 X168.093 Y160.339 E.00847
G1 X167.814 Y160.305 E.00928
G1 X167.614 Y160.175 E.00788
G1 X99.825 Y92.386 E3.1653
G1 X99.679 Y92.136 E.00956
G1 X99.662 Y91.903 E.00771
G1 X99.74 Y91.681 E.00777
G1 X99.947 Y91.479 E.00955
G1 X100.232 Y91.403 E.00974
G1 X168.021 Y91.403 E2.23821
G1 X168.274 Y91.461 E.00857
G1 X168.372 Y91.543 E.00422
G1 X168.148 Y91.844 F9000
;TYPE:External perimeter
;WIDTH:0.419999
G1 F3600
G1 X168.158 Y91.848 E.00034
G1 X168.21 Y91.979 E.00442
G1 X168.21 Y159.768 E2.12547
G1 X168.148 Y159.907 E.00477
G1 X167.996 Y159.954 E.00499
G1 X167.888 Y159.901 E.00377
G1 X100.099 Y92.112 E3.00587
G1 X100.046 Y91.954 E.00523
G1 X100.123 Y91.825 E.00471
G1 X100.232 Y91.79 E.00359
G1 X168.021 Y91.79 E2.12547
G1 X168.093 Y91.821 E.00246
G1 E-3.5
;WIPE_START
G1 F7200
G1 X168.148 Y91.844 E-.02832
G1 X168.158 Y91.848 E-.00512
G1 X168.21 Y91.979 E-.06695
G1 X168.21 Y94.926 E-1.39961
;WIPE_END
G1 X90.474 Y82.856 F9000
G1 E5 F2400
;TYPE:Perimeter
;WIDTH:0.439999
G1 F3600
G1 X90.447 Y82.994 E.00464
G1 X89.824 Y84.191 E.04455
G1 X89.603 Y84.471 E.01178
G1 X88.999 Y84.896 E.02438
G1 X88.482 Y85.252 E.02073
G1 X88.167 Y85.395 E.01142
G1 X88.047 Y85.417 E.00403
G1 X86.801 Y85.569 E.04144
G1 X86.434 Y85.543 E.01215
G1 X85.166 Y85.067 E.04472
G1 X84.849 Y84.871 E.01231
G1 X83.95 Y83.864 E.04457
G1 X83.771 Y83.568 E.01142
G1 X83.433 Y82.233 E.04547
G1 X83.412 Y81.882 E.01161
G1 X83.734 Y80.549 E.04528
G1 X83.87 Y80.24 E.01115
G1 X83.95 Y80.136 E.00433
G1 X84.782 Y79.197 E.04142
G1 X85.017 Y79.004 E.01004
G1 X86.339 Y78.488 E.04686
G1 X86.684 Y78.424 E.01159
G1 X88.047 Y78.583 E.04531
G1 X88.28 Y78.641 E.00793
G1 X88.482 Y78.748 E.00755
G1 X89.515 Y79.461 E.04144
G1 X89.747 Y79.686 E.01067
G1 X89.824 Y79.809 E.00479
G1 X90.407 Y80.92 E.04143
G1 X90.515 Y81.293 E.01282
G1 X90.519 Y82.628 E.04408
G1 X90.485 Y82.797 E.00569
G1 X90.089 Y82.761 F9000
G1 F3600
G1 X90.056 Y82.895 E.00456
G1 X89.472 Y84.006 E.04144
G1 X89.29 Y84.213 E.0091
G1 X88.257 Y84.925 E.04142
G1 X87.999 Y85.023 E.00911
G1 X86.753 Y85.174 E.04144
G1 X86.48 Y85.141 E.00908
G1 X85.306 Y84.696 E.04145
G1 X85.08 Y84.54 E.00907
G1 X84.247 Y83.6 E.04147
G1 X84.119 Y83.356 E.0091
G1 X83.819 Y82.138 E.04142
G1 X83.819 Y81.862 E.00911
G1 X84.119 Y80.644 E.04142
G1 X84.247 Y80.4 E.0091
G1 X85.08 Y79.46 E.04147
G1 X85.306 Y79.304 E.00907
G1 X86.48 Y78.859 E.04145
G1 X86.753 Y78.826 E.00908
G1 X87.999 Y78.977 E.04144
G1 X88.257 Y79.075 E.00911
G1 X89.29 Y79.787 E.04142
G1 X89.472 Y79.994 E.0091
G1 X90.056 Y81.105 E.04144
G1 X90.122 Y81.372 E.00908
G1 X90.122 Y82.628 E.04147
G1 X90.103 Y82.703 E.00255
G1 X89.713 Y82.67 F9000
;TYPE:External perimeter
;WIDTH:0.419999
G1 F3600
G1 X89.13 Y83.826 E.04059
G1 X88.553 Y84.25 E.02245
G1 X88.037 Y84.607 E.01967
G1 X87.953 Y84.639 E.00282
G1 X86.707 Y84.79 E.03935
G1 X86.617 Y84.779 E.00284
G1 X85.444 Y84.334 E.03934
G1 X85.095 Y83.974 E.01572
G1 X84.537 Y83.344 E.02639
G1 X84.495 Y83.264 E.00283
G1 X84.195 Y82.045 E.03936
G1 X84.195 Y81.955 E.00282
G1 X84.495 Y80.736 E.03936
G1 X84.537 Y80.656 E.00283
G1 X85.369 Y79.717 E.03934
G1 X85.444 Y79.666 E.00284
G1 X86.617 Y79.221 E.03934
G1 X86.707 Y79.21 E.00284
G1 X87.953 Y79.361 E.03935
G1 X88.037 Y79.393 E.00282
G1 X89.07 Y80.106 E.03935
G1 X89.13 Y80.174 E.00284
G1 X89.713 Y81.285 E.03934
G1 X89.734 Y82.615 E.04171
G1 E-3.5
;WIPE_START
G1 F7200
G1 X89.713 Y82.67 E-.02796
G1 X89.13 Y83.826 E-.61498
G1 X88.553 Y84.25 E-.34012
G1 X88.037 Y84.607 E-.29804
G1 X87.953 Y84.639 E-.0427
G1 X87.585 Y84.684 E-.1762
;WIPE_END
G1 X174.423 Y82 F9000
G1 E5 F2400
;TYPE:Perimeter
;WIDTH:0.439999
G1 F3600
G1 X174.433 Y81.767 E.0077
G1 X174.734 Y80.549 E.04142
G1 X174.87 Y80.24 E.01115
G1 X174.95 Y80.136 E.00433
G1 X175.782 Y79.197 E.04142
G1 X176.017 Y79.004 E.01004
G1 X176.166 Y78.933 E.00545
G1 X177.339 Y78.488 E.04142
G1 X177.684 Y78.424 E.01159
G1 X179.047 Y78.583 E.04531
G1 X179.28 Y78.641 E.00793
G1 X179.482 Y78.748 E.00755
G1 X180.515 Y79.461 E.04144
G1 X180.734 Y79.668 E.00995
G1 X180.824 Y79.809 E.00552
G1 X181.407 Y80.92 E.04143
G1 X181.49 Y81.136 E.00764
G1 X181.519 Y81.372 E.00785
G1 X181.519 Y82.628 E.04147
G1 X181.49 Y82.864 E.00785
G1 X181.407 Y83.08 E.00764
G1 X180.824 Y84.191 E.04143
G1 X180.629 Y84.447 E.01063
G1 X179.482 Y85.252 E.04627
G1 X179.148 Y85.4 E.01206
G1 X179.047 Y85.417 E.00338
G1 X177.801 Y85.569 E.04144
G1 X177.427 Y85.541 E.01238
G1 X176.166 Y85.067 E.04448
G1 X175.855 Y84.877 E.01203
G1 X174.95 Y83.864 E.04485
G1 X174.763 Y83.547 E.01215
G1 X174.417 Y82.15 E.04752
G1 X174.421 Y82.06 E.00297
G1 X174.819 Y82 F9000
G1 F3600
G1 X174.819 Y81.862 E.00456
G1 X175.119 Y80.644 E.04142
G1 X175.247 Y80.4 E.0091
G1 X176.08 Y79.46 E.04147
G1 X176.306 Y79.304 E.00907
G1 X177.48 Y78.859 E.04145
G1 X177.753 Y78.826 E.00908
G1 X178.999 Y78.977 E.04144
G1 X179.257 Y79.075 E.00911
G1 X180.29 Y79.788 E.04144
G1 X180.472 Y79.994 E.00908
G1 X181.056 Y81.105 E.04144
G1 X181.122 Y81.372 E.00908
G1 X181.122 Y82.628 E.04147
G1 X181.056 Y82.895 E.00908
G1 X180.472 Y84.006 E.04144
G1 X180.29 Y84.213 E.0091
G1 X179.257 Y84.925 E.04142
G1 X178.999 Y85.023 E.00911
G1 X177.753 Y85.174 E.04144
G1 X177.48 Y85.141 E.00908
G1 X176.306 Y84.696 E.04145
G1 X176.08 Y84.54 E.00907
G1 X175.247 Y83.6 E.04147
G1 X175.119 Y83.356 E.0091
G1 X174.819 Y82.138 E.04142
G1 X174.819 Y82.06 E.00258
G1 X175.189 Y82 F9000
;TYPE:External perimeter
;WIDTH:0.419999
G1 F3600
G1 X175.495 Y80.736 E.04078
G1 X175.537 Y80.656 E.00283
G1 X176.369 Y79.717 E.03934
G1 X176.444 Y79.666 E.00284
G1 X177.617 Y79.221 E.03934
G1 X177.707 Y79.21 E.00284
G1 X178.953 Y79.361 E.03935
G1 X179.037 Y79.393 E.00282
G1 X180.07 Y80.106 E.03935
G1 X180.13 Y80.174 E.00284
G1 X180.713 Y81.285 E.03934
G1 X180.734 Y81.372 E.00281
G1 X180.734 Y82.628 E.03938
G1 X180.713 Y82.715 E.00281
G1 X180.13 Y83.826 E.03934
G1 X180.07 Y83.894 E.00284
G1 X179.037 Y84.607 E.03935
G1 X178.953 Y84.639 E.00282
G1 X177.707 Y84.79 E.03935
G1 X177.03 Y84.557 E.02245
G1 X176.444 Y84.334 E.01966
G1 X175.537 Y83.344 E.0421
G1 X175.204 Y82.058 E.04165
G1 E-3.5
;WIPE_START
G1 F7200
G1 X175.189 Y82 E-.02846
G1 X175.495 Y80.736 E-.61774
G1 X175.537 Y80.656 E-.04292
G1 X176.369 Y79.717 E-.59592
G1 X176.444 Y79.666 E-.04308
G1 X176.782 Y79.538 E-.17188
;WIPE_END
G1 X177.854 Y143.526 F9000
G1 E5 F2400
;TYPE:Perimeter
;WIDTH:0.439999
G1 F3600
G1 X177.88 Y143.521 E.00087
G1 X178.242 Y143.525 E.01195
G1 X179.205 Y143.716 E.03241
G1 X179.555 Y143.861 E.01251
G1 X180.374 Y144.408 E.03252
G1 X180.642 Y144.676 E.01251
G1 X181.189 Y145.495 E.03252
G1 X181.334 Y145.845 E.01251
G1 X181.525 Y146.808 E.03241
G1 X181.544 Y146.998 E.0063
G1 X181.544 Y152.002 E.16522
G1 X181.334 Y153.155 E.0387
G1 X181.189 Y153.505 E.01251
G1 X180.642 Y154.324 E.03252
G1 X180.374 Y154.592 E.01251
G1 X179.555 Y155.139 E.03252
G1 X179.187 Y155.287 E.0131
G1 X178.12 Y155.479 E.0358
G1 X177.758 Y155.475 E.01195
G1 X176.795 Y155.284 E.03241
G1 X176.445 Y155.139 E.01251
G1 X175.626 Y154.592 E.03252
G1 X175.358 Y154.324 E.01251
G1 X174.811 Y153.505 E.03252
G1 X174.666 Y153.155 E.01251
G1 X174.475 Y152.192 E.03241
G1 X174.456 Y152.002 E.0063
G1 X174.456 Y146.998 E.16522
G1 X174.666 Y145.845 E.0387
G1 X174.811 Y145.495 E.01251
G1 X175.358 Y144.676 E.03252
G1 X175.626 Y144.408 E.01251
G1 X176.445 Y143.861 E.03252
G1 X176.813 Y143.713 E.0131
G1 X177.795 Y143.536 E.03295
G1 X177.893 Y143.922 F9000
G1 F3600
G1 X177.95 Y143.912 E.00191
G1 X178.164 Y143.914 E.00707
G1 X179.127 Y144.106 E.03242
G1 X179.335 Y144.191 E.00742
G1 X180.153 Y144.738 E.03249
G1 X180.312 Y144.897 E.00742
G1 X180.859 Y145.715 E.03249
G1 X180.944 Y145.923 E.00742
G1 X181.147 Y146.998 E.03612
G1 X181.147 Y152.002 E.16522
G1 X180.944 Y153.077 E.03612
G1 X180.859 Y153.285 E.00742
G1 X180.312 Y154.103 E.03249
G1 X180.153 Y154.262 E.00742
G1 X179.335 Y154.809 E.03249
G1 X179.117 Y154.896 E.00775
G1 X178.05 Y155.088 E.0358
G1 X177.836 Y155.086 E.00707
G1 X176.873 Y154.894 E.03242
G1 X176.665 Y154.809 E.00742
G1 X175.847 Y154.262 E.03249
G1 X175.688 Y154.103 E.00742
G1 X175.141 Y153.285 E.03249
G1 X175.056 Y153.077 E.00742
G1 X174.853 Y152.002 E.03612
G1 X174.853 Y146.998 E.16522
G1 X175.056 Y145.923 E.03612
G1 X175.141 Y145.715 E.00742
G1 X175.688 Y144.897 E.03249
G1 X175.847 Y144.738 E.00742
G1 X176.665 Y144.191 E.03249
G1 X176.883 Y144.104 E.00775
G1 X177.834 Y143.933 E.0319
G1 X177.931 Y144.309 F9000
;TYPE:External perimeter
;WIDTH:0.419999
G1 F3600
G1 X178.019 Y144.293 E.0028
G1 X179.052 Y144.485 E.03294
G1 X179.938 Y145.06 E.03312
G1 X180.537 Y145.93 E.03312
G1 X180.76 Y146.998 E.03421
G1 X180.76 Y152.002 E.1569
G1 X180.565 Y153.002 E.03194
G1 X179.99 Y153.888 E.03312
G1 X179.12 Y154.487 E.03312
G1 X178.226 Y154.663 E.02857
G1 X177.911 Y154.706 E.00997
G1 X176.948 Y154.515 E.03078
G1 X176.062 Y153.94 E.03312
G1 X175.463 Y153.07 E.03312
G1 X175.24 Y152.002 E.03421
G1 X175.24 Y146.998 E.1569
G1 X175.435 Y145.998 E.03194
G1 X176.01 Y145.112 E.03312
G1 X176.88 Y144.513 E.03312
G1 X176.952 Y144.485 E.00242
G1 X177.872 Y144.319 E.02931
G1 E-3.5
;WIPE_START
G1 F7200
G1 X177.931 Y144.309 E-.02842
G1 X178.019 Y144.293 E-.04249
G1 X179.052 Y144.485 E-.49908
G1 X179.938 Y145.06 E-.50171
G1 X180.449 Y145.803 E-.4283
;WIPE_END
G1 X177.855 Y168.54 F9000
G1 E5 F2400
;TYPE:Perimeter
;WIDTH:0.439999
G1 F3600
G1 X178.13 Y168.509 E.00914
G1 X178.895 Y168.654 E.02571
G1 X179.435 Y168.793 E.01841
G1 X180.374 Y169.408 E.03706
G1 X180.642 Y169.676 E.01251
G1 X181.189 Y170.495 E.03252
G1 X181.334 Y170.845 E.01251
G1 X181.525 Y171.808 E.03241
G1 X181.544 Y171.998 E.0063
G1 X181.544 Y177.002 E.16522
G1 X181.334 Y178.155 E.0387
G1 X181.189 Y178.505 E.01251
G1 X180.642 Y179.324 E.03252
G1 X180.374 Y179.592 E.01251
G1 X179.555 Y180.139 E.03252
G1 X179.187 Y180.287 E.0131
G1 X178.116 Y180.48 E.03593
G1 X177.758 Y180.475 E.01182
G1 X176.795 Y180.284 E.03241
G1 X176.445 Y180.139 E.01251
G1 X175.626 Y179.592 E.03252
G1 X175.358 Y179.324 E.01251
G1 X174.811 Y178.505 E.03252
G1 X174.666 Y178.155 E.01251
G1 X174.475 Y177.192 E.03241
G1 X174.456 Y177.002 E.0063
G1 X174.456 Y171.998 E.16522
G1 X174.666 Y170.845 E.0387
G1 X174.811 Y170.495 E.01251
G1 X175.358 Y169.676 E.03252
G1 X175.626 Y169.408 E.01251
G1 X176.445 Y168.861 E.03252
G1 X176.801 Y168.715 E.0127
G1 X177.635 Y168.565 E.02798
G1 X177.796 Y168.547 E.00535
G1 X177.893 Y168.922 F9000
G1 F3600
G1 X177.95 Y168.912 E.00191
G1 X178.164 Y168.914 E.00707
G1 X179.127 Y169.106 E.03242
G1 X179.335 Y169.191 E.00742
G1 X180.153 Y169.738 E.03249
G1 X180.312 Y169.897 E.00742
G1 X180.859 Y170.715 E.03249
G1 X180.944 Y170.923 E.00742
G1 X181.136 Y171.886 E.03242
G1 X181.147 Y177.002 E.16892
G1 X180.944 Y178.077 E.03612
G1 X180.859 Y178.285 E.00742
G1 X180.312 Y179.103 E.03249
G1 X180.153 Y179.262 E.00742
G1 X179.335 Y179.809 E.03249
G1 X179.117 Y179.896 E.00775
G1 X178.047 Y180.088 E.03589
G1 X177.836 Y180.086 E.00697
G1 X176.873 Y179.894 E.03242
G1 X176.665 Y179.809 E.00742
G1 X175.847 Y179.262 E.03249
G1 X175.688 Y179.103 E.00742
G1 X175.141 Y178.285 E.03249
G1 X175.056 Y178.077 E.00742
G1 X174.853 Y177.002 E.03612
G1 X174.853 Y171.998 E.16522
G1 X175.056 Y170.923 E.03612
G1 X175.141 Y170.715 E.00742
G1 X175.688 Y169.897 E.03249
G1 X175.847 Y169.738 E.00742
G1 X176.665 Y169.191 E.03249
G1 X176.883 Y169.104 E.00775
G1 X177.834 Y168.933 E.0319
G1 X177.932 Y169.315 F9000
;TYPE:External perimeter
;WIDTH:0.419999
G1 F3600
G1 X178.089 Y169.294 E.00497
G1 X179.052 Y169.485 E.03078
G1 X179.938 Y170.06 E.03312
G1 X180.537 Y170.93 E.03312
G1 X180.756 Y171.961 E.03305
G1 X180.76 Y177.002 E.15806
G1 X180.565 Y178.002 E.03194
G1 X179.99 Y178.888 E.03312
G1 X179.12 Y179.487 E.03312
G1 X179.048 Y179.515 E.00242
G1 X177.98 Y179.707 E.03402
G1 X176.948 Y179.515 E.03291
G1 X176.062 Y178.94 E.03312
G1 X175.649 Y178.347 E.02266
G1 X175.435 Y178.002 E.01273
G1 X175.24 Y177.002 E.03194
G1 X175.24 Y171.998 E.1569
G1 X175.435 Y170.998 E.03194
G1 X176.01 Y170.112 E.03312
G1 X176.88 Y169.513 E.03312
G1 X177.774 Y169.337 E.02857
G1 X177.872 Y169.323 E.0031
G1 E-3.5
;WIPE_START
G1 F7200
G1 X177.932 Y169.315 E-.02875
G1 X178.089 Y169.294 E-.07524
G1 X179.052 Y169.485 E-.46634
G1 X179.938 Y170.06 E-.50171
G1 X180.449 Y170.802 E-.42796
;WIPE_END
G1 X168.412 Y187.006 F9000
G1 E5 F2400
;TYPE:Perimeter
;WIDTH:0.439999
G1 F7200
G1 X72.994 Y91.588 E4.4554
G1 X72.994 Y72.994 E.61392
G1 X187.006 Y72.994 E3.76436
G1 X187.006 Y76.784 E.12514
G1 X187.006 Y187.006 E3.63923
G1 X168.472 Y187.006 E.61194
G1 X168.247 Y187.403 F9000
G1 F7200
G1 X72.597 Y91.753 E4.46623
G1 X72.597 Y72.597 E.63248
G1 X187.403 Y72.597 E3.79058
G1 X187.403 Y76.784 E.13824
G1 X187.403 Y187.403 E3.65234
G1 X168.307 Y187.403 E.6305
G1 X168.087 Y187.79 F9000
;TYPE:External perimeter
;WIDTH:0.419999
G1 F3600
G1 X72.21 Y91.913 E4.25134
G1 X72.21 Y72.21 E.61777
G1 X187.79 Y72.21 E3.62392
G1 X187.79 Y76.784 E.14341
G1 X187.79 Y187.79 E3.48051
G1 X168.147 Y187.79 E.61589
G1 E-3.5
;WIPE_START
G1 F7200
G1 X168.087 Y187.79 E-.0285
G1 X165.896 Y185.599 E-1.4715
;WIPE_END
G1 X73.408 Y73.332 F9000
G1 E5 F2400
;TYPE:Solid infill
;WIDTH:0.53634
G1 F7200
G1 X73.364 Y73.289 E.00252
G1 X73.304 Y73.304 E.00254
G1 X73.289 Y73.364 E.00254
G1 X73.332 Y73.408 E.00252
G1 X73.392 Y73.392 E.00255
;WIDTH:0.439999
G1 X74.026 Y73.3 E.02115
G1 X73.3 Y74.026 E.0339
G1 X73.3 Y74.587 E.01852
G1 X74.587 Y73.3 E.06009
G1 X75.149 Y73.3 E.01856
G1 X73.3 Y75.149 E.08634
G1 X73.3 Y75.711 E.01856
G1 X75.711 Y73.3 E.11258
G1 X76.272 Y73.3 E.01852
G1 X73.3 Y76.272 E.13877
G1 X73.3 Y76.834 E.01856
G1 X76.834 Y73.3 E.16501
G1 X77.395 Y73.3 E.01852
G1 X73.3 Y77.395 E.19121
G1 X73.3 Y77.957 E.01856
G1 X77.957 Y73.3 E.21745
G1 X78.518 Y73.3 E.01852
G1 X73.3 Y78.518 E.24365
G1 X73.3 Y79.08 E.01856
G1 X79.08 Y73.3 E.26989
G1 X79.641 Y73.3 E.01852
G1 X73.3 Y79.641 E.29608
G1 X73.3 Y80.203 E.01856
G1 X80.203 Y73.3 E.32232
G1 X80.765 Y73.3 E.01856
G1 X73.3 Y80.765 E.34857
G1 X73.3 Y81.326 E.01852
G1 X81.326 Y73.3 E.37476
G1 X81.888 Y73.3 E.01856
G1 X73.3 Y81.888 E.401
G1 X73.3 Y82.449 E.01852
G1 X82.449 Y73.3 E.4272
G1 X83.011 Y73.3 E.01856
G1 X73.3 Y83.011 E.45344
G1 X73.3 Y83.572 E.01852
G1 X83.572 Y73.3 E.47964
G1 X84.134 Y73.3 E.01856
G1 X73.3 Y84.134 E.50588
G1 X73.3 Y84.695 E.01852
G1 X84.695 Y73.3 E.53207
G1 X85.257 Y73.3 E.01856
G1 X73.3 Y85.257 E.55831
G1 X73.3 Y85.819 E.01856
G1 X85.819 Y73.3 E.58456
G1 X86.38 Y73.3 E.01852
G1 X73.3 Y86.38 E.61075
G1 X73.3 Y86.942 E.01856
G1 X86.942 Y73.3 E.63699
G1 X87.503 Y73.3 E.01852
G1 X73.3 Y87.503 E.66319
G1 X73.3 Y88.065 E.01856
G1 X88.065 Y73.3 E.68943
G1 X88.626 Y73.3 E.01852
G1 X73.3 Y88.626 E.71562
G1 X73.3 Y89.188 E.01856
G1 X89.188 Y73.3 E.74187
G1 X89.749 Y73.3 E.01852
G1 X73.3 Y89.749 E.76806
G1 X73.262 Y89.884 E.00463
;WIDTH:0.41146
G1 X73.225 Y90.019 E.00429
;WIDTH:0.38292
G1 X73.154 Y90 E.00208
G1 X73.173 Y90.071 E.00208
G1 X73.214 Y90.06 E.0012
G1 E-3.5 F3600
;WIPE_START
G1 F7200
G1 X73.173 Y90.071 E-.02016
G1 X73.154 Y90 E-.03491
G1 X73.225 Y90.019 E-.03491
G1 X73.262 Y89.884 E-.06649
G1 X73.3 Y89.749 E-.06662
G1 X75.201 Y87.848 E-1.27691
;WIPE_END
G1 X84.88 Y78.731 F9000
G1 E5 F2400
;WIDTH:0.439999
G1 F7200
G1 X90.311 Y73.3 E.25359
G1 X90.873 Y73.3 E.01856
G1 X85.812 Y78.36 E.23629
G1 X85.692 Y78.446 E.00487
;WIDTH:0.41146
G1 X85.572 Y78.531 E.00451
;WIDTH:0.38292
G1 X85.501 Y78.512 E.00208
G1 X85.52 Y78.583 E.00208
G1 X85.561 Y78.572 E.0012
G1 X86.359 Y78.314 F9000
G1 F7200
G1 X86.318 Y78.325 E.0012
G1 X86.299 Y78.254 E.00208
G1 X86.37 Y78.273 E.00208
;WIDTH:0.41146
G1 X86.488 Y78.2 E.00425
;WIDTH:0.439999
G1 X86.607 Y78.127 E.00461
G1 X91.434 Y73.3 E.22539
G1 X91.996 Y73.3 E.01856
G1 X87.132 Y78.164 E.22712
G1 X87.633 Y78.224 E.01666
G1 X92.557 Y73.3 E.22992
G1 X93.119 Y73.3 E.01856
G1 X88.129 Y78.29 E.233
G1 X88.544 Y78.436 E.01453
G1 X93.68 Y73.3 E.23982
G1 X94.242 Y73.3 E.01856
G1 X88.887 Y78.655 E.25004
G1 X89.219 Y78.885 E.01334
G1 X94.803 Y73.3 E.26076
G1 X95.365 Y73.3 E.01856
G1 X89.551 Y79.114 E.27148
G1 X89.868 Y79.359 E.01323
G1 X95.927 Y73.3 E.28292
G1 X96.488 Y73.3 E.01852
G1 X90.104 Y79.684 E.29809
G1 X90.297 Y80.053 E.01375
G1 X97.05 Y73.3 E.31532
G1 X97.611 Y73.3 E.01852
G1 X90.49 Y80.421 E.3325
G1 X90.683 Y80.79 E.01375
G1 X98.173 Y73.3 E.34973
G1 X98.734 Y73.3 E.01852
G1 X90.812 Y81.222 E.36991
G1 X90.824 Y81.771 E.01813
G1 X99.296 Y73.3 E.39556
G1 X99.857 Y73.3 E.01852
G1 X90.824 Y82.333 E.42178
G1 X90.631 Y83.248 F9000
;WIDTH:0.38292
G1 F7200
G1 X90.59 Y83.259 E.0012
G1 X90.571 Y83.188 E.00208
G1 X90.642 Y83.207 E.00208
;WIDTH:0.41146
G1 X90.712 Y83.072 E.00466
;WIDTH:0.439999
G1 X90.782 Y82.937 E.00502
G1 X100.419 Y73.3 E.44998
G1 E-3.5 F3600
;WIPE_START
G1 F7200
G1 X98.186 Y75.533 E-1.5
;WIPE_END
G1 X84.599 Y78.991 F9000
G1 E5 F2400
;WIDTH:0.422432
G1 F7200
G1 X84.332 Y79.267 E.01212
;WIDTH:0.439999
G1 X73.3 Y90.311 E.5154
G1 X73.3 Y90.873 E.01856
G1 X83.353 Y80.82 E.46941
G1 X83.447 Y80.694 E.00519
;WIDTH:0.41146
G1 X83.541 Y80.569 E.00479
;WIDTH:0.38292
G1 X83.5 Y80.58 E.0012
G1 X83.481 Y80.509 E.00208
G1 X83.552 Y80.528 E.00208
G1 X83.4 Y81.419 F9000
G1 F7200
G1 X83.329 Y81.4 E.00208
G1 X83.348 Y81.471 E.00208
G1 X83.389 Y81.46 E.0012
;WIDTH:0.41146
G1 X83.28 Y81.511 E.00369
;WIDTH:0.439999
G1 X83.171 Y81.563 E.00399
G1 X73.3 Y91.434 E.46091
G1 X73.567 Y91.729 E.01314
G1 X83.12 Y82.176 E.44606
G1 X83.219 Y82.639 E.01563
G1 X73.848 Y92.009 E.43754
G1 X74.129 Y92.29 E.01312
G1 X83.33 Y83.089 E.42963
G1 X83.442 Y83.539 E.01531
G1 X74.409 Y92.571 E.42176
G1 X74.69 Y92.852 E.01312
G1 X83.62 Y83.922 E.41697
G1 X83.87 Y84.234 E.0132
G1 X74.971 Y93.133 E.41552
G1 X75.252 Y93.413 E.0131
G1 X84.133 Y84.531 E.41471
G1 X84.397 Y84.829 E.01314
G1 X75.532 Y93.694 E.41394
G1 X75.813 Y93.975 E.01312
G1 X84.674 Y85.114 E.41375
G1 X85.017 Y85.333 E.01344
G1 X76.094 Y94.256 E.41665
G1 X76.375 Y94.536 E.0131
G1 X85.42 Y85.491 E.42234
G1 X85.827 Y85.645 E.01437
G1 X76.656 Y94.817 E.42825
G1 X76.936 Y95.098 E.0131
G1 X86.234 Y85.8 E.43416
G1 X86.725 Y85.871 E.01638
G1 X77.217 Y95.379 E.44396
G1 X77.498 Y95.66 E.01312
G1 X87.348 Y85.809 E.45995
G1 X87.989 Y85.73 E.02132
G1 X77.779 Y95.94 E.47674
G1 X78.059 Y96.221 E.0131
G1 X89.055 Y85.226 E.51342
G1 X89.336 Y84.992 E.01207
;WIDTH:0.38292
G1 X89.984 Y84.388 E.02504
G1 X90.047 Y84.308 E.00288
;WIDTH:0.41146
G1 X90.15 Y84.167 E.00535
;WIDTH:0.439999
G1 X90.254 Y84.027 E.00576
G1 X100.981 Y73.3 E.50088
G1 X101.542 Y73.3 E.01852
G1 X78.34 Y96.502 E1.08338
G1 X78.621 Y96.783 E.01312
G1 X102.104 Y73.3 E1.0965
G1 X102.665 Y73.3 E.01852
G1 X78.902 Y97.063 E1.10958
G1 X79.183 Y97.344 E.01312
G1 X103.227 Y73.3 E1.1227
G1 X103.788 Y73.3 E.01852
G1 X79.463 Y97.625 E1.13582
G1 X79.744 Y97.906 E.01312
G1 X104.35 Y73.3 E1.14894
G1 X104.911 Y73.3 E.01852
G1 X80.025 Y98.186 E1.16201
G1 X80.306 Y98.467 E.01312
G1 X105.473 Y73.3 E1.17513
G1 X106.035 Y73.3 E.01856
G1 X80.586 Y98.748 E1.18828
G1 X80.867 Y99.029 E.01312
G1 X106.596 Y73.3 E1.20138
G1 X107.158 Y73.3 E.01856
G1 X81.148 Y99.31 E1.2145
G1 X81.429 Y99.59 E.0131
G1 X107.719 Y73.3 E1.22757
G1 X108.281 Y73.3 E.01856
G1 X81.71 Y99.871 E1.24069
G1 X81.99 Y100.152 E.0131
G1 X108.842 Y73.3 E1.25381
G1 X109.404 Y73.3 E.01856
G1 X82.271 Y100.433 E1.26693
G1 X82.552 Y100.713 E.0131
G1 X109.965 Y73.3 E1.28001
G1 X110.527 Y73.3 E.01856
G1 X82.833 Y100.994 E1.29313
G1 X83.113 Y101.275 E.0131
G1 X111.089 Y73.3 E1.30627
G1 X111.65 Y73.3 E.01852
G1 X83.394 Y101.556 E1.31937
G1 X83.675 Y101.837 E.01312
G1 X112.212 Y73.3 E1.33249
G1 X112.773 Y73.3 E.01852
G1 X83.956 Y102.117 E1.34557
G1 X84.237 Y102.398 E.01312
G1 X113.335 Y73.3 E1.35869
G1 X113.896 Y73.3 E.01852
G1 X84.517 Y102.679 E1.37181
G1 X84.798 Y102.96 E.01312
G1 X114.458 Y73.3 E1.38493
G1 X115.019 Y73.3 E.01852
G1 X85.079 Y103.24 E1.398
G1 X85.36 Y103.521 E.01312
G1 X115.581 Y73.3 E1.41112
G1 X116.143 Y73.3 E.01856
G1 X85.64 Y103.802 E1.42427
G1 X85.921 Y104.083 E.01312
G1 X116.704 Y73.3 E1.43736
G1 X117.266 Y73.3 E.01856
G1 X99.774 Y90.791 E.81674
G1 X99.494 Y91.01 E.01174
;WIDTH:0.38292
G1 X99.262 Y91.243 E.0093
;WIDTH:0.41146
G1 X99.152 Y91.383 E.00546
;WIDTH:0.439999
G1 X99.042 Y91.524 E.0059
G1 X86.202 Y104.364 E.59954
G1 X86.483 Y104.644 E.0131
G1 X98.972 Y92.155 E.58315
G1 X99.108 Y92.58 E.01473
G1 X86.763 Y104.925 E.57643
G1 X87.044 Y105.206 E.01312
G1 X99.348 Y92.902 E.57452
G1 X99.629 Y93.183 E.01312
G1 X87.325 Y105.487 E.57452
G1 X87.606 Y105.767 E.0131
G1 X99.91 Y93.464 E.57449
G1 X100.19 Y93.744 E.01307
G1 X87.887 Y106.048 E.57449
G1 X88.167 Y106.329 E.0131
G1 X100.471 Y94.025 E.57452
G1 X100.752 Y94.306 E.01312
G1 X88.448 Y106.61 E.57452
G1 X88.729 Y106.891 E.01312
G1 X101.033 Y94.587 E.57452
G1 X101.314 Y94.868 E.01312
G1 X89.01 Y107.171 E.57449
G1 X89.29 Y107.452 E.0131
G1 X101.594 Y95.148 E.57452
G1 X101.875 Y95.429 E.01312
G1 X89.571 Y107.733 E.57452
G1 X89.852 Y108.014 E.01312
G1 X102.156 Y95.71 E.57452
G1 X102.437 Y95.991 E.01312
G1 X90.133 Y108.294 E.57449
G1 X90.414 Y108.575 E.01312
G1 X102.717 Y96.271 E.57449
G1 X102.998 Y96.552 E.01312
G1 X90.694 Y108.856 E.57452
G1 X90.975 Y109.137 E.01312
G1 X103.279 Y96.833 E.57452
G1 X103.56 Y97.114 E.01312
G1 X91.256 Y109.418 E.57452
G1 X91.537 Y109.698 E.0131
G1 X103.841 Y97.395 E.57449
G1 X104.121 Y97.675 E.01307
G1 X91.817 Y109.979 E.57452
G1 X92.098 Y110.26 E.01312
G1 X104.402 Y97.956 E.57452
G1 X104.683 Y98.237 E.01312
G1 X92.379 Y110.541 E.57452
G1 X92.66 Y110.821 E.0131
G1 X104.964 Y98.518 E.57449
G1 X105.244 Y98.798 E.01307
G1 X92.941 Y111.102 E.57449
G1 X93.221 Y111.383 E.0131
G1 X105.525 Y99.079 E.57452
G1 X105.806 Y99.36 E.01312
G1 X93.502 Y111.664 E.57452
G1 X93.783 Y111.945 E.01312
G1 X106.087 Y99.641 E.57452
G1 X106.367 Y99.922 E.0131
G1 X94.064 Y112.225 E.57447
G1 X94.344 Y112.506 E.0131
G1 X106.648 Y100.202 E.57452
G1 X106.929 Y100.483 E.01312
G1 X94.625 Y112.787 E.57452
G1 X94.906 Y113.068 E.01312
G1 X107.21 Y100.764 E.57452
G1 X107.491 Y101.045 E.01312
G1 X95.187 Y113.348 E.57449
G1 X95.468 Y113.629 E.01312
G1 X107.771 Y101.325 E.57449
G1 X108.052 Y101.606 E.01312
G1 X95.748 Y113.91 E.57452
G1 X96.029 Y114.191 E.01312
G1 X108.333 Y101.887 E.57452
G1 X108.614 Y102.168 E.01312
G1 X96.31 Y114.472 E.57452
G1 X96.591 Y114.752 E.0131
G1 X108.894 Y102.449 E.57447
G1 X109.175 Y102.729 E.0131
G1 X96.871 Y115.033 E.57452
G1 X97.152 Y115.314 E.01312
G1 X109.456 Y103.01 E.57452
G1 X109.737 Y103.291 E.01312
G1 X97.433 Y115.595 E.57452
G1 X97.714 Y115.875 E.0131
G1 X110.018 Y103.572 E.57449
G1 X110.298 Y103.852 E.01307
G1 X97.995 Y116.156 E.57449
G1 X98.275 Y116.437 E.0131
G1 X110.579 Y104.133 E.57452
G1 X110.86 Y104.414 E.01312
G1 X98.556 Y116.718 E.57452
G1 X98.837 Y116.999 E.01312
G1 X111.141 Y104.695 E.57452
G1 X111.421 Y104.976 E.0131
G1 X99.118 Y117.279 E.57447
G1 X99.398 Y117.56 E.0131
G1 X111.702 Y105.256 E.57452
G1 X111.983 Y105.537 E.01312
G1 X99.679 Y117.841 E.57452
G1 X99.96 Y118.122 E.01312
G1 X112.264 Y105.818 E.57452
G1 X112.545 Y106.099 E.01312
G1 X100.241 Y118.402 E.57449
G1 X100.522 Y118.683 E.01312
G1 X112.825 Y106.379 E.57449
G1 X113.106 Y106.66 E.01312
G1 X100.802 Y118.964 E.57452
G1 X101.083 Y119.245 E.01312
G1 X113.387 Y106.941 E.57452
G1 X113.668 Y107.222 E.01312
G1 X101.364 Y119.526 E.57452
G1 X101.645 Y119.806 E.0131
G1 X113.948 Y107.503 E.57447
G1 X114.229 Y107.783 E.0131
G1 X101.925 Y120.087 E.57452
G1 X102.206 Y120.368 E.01312
G1 X114.51 Y108.064 E.57452
G1 X114.791 Y108.345 E.01312
G1 X102.487 Y120.649 E.57452
G1 X102.768 Y120.929 E.0131
G1 X115.072 Y108.626 E.57449
G1 X115.352 Y108.906 E.01307
G1 X103.049 Y121.21 E.57449
G1 X103.329 Y121.491 E.0131
G1 X115.633 Y109.187 E.57452
G1 X115.914 Y109.468 E.01312
G1 X103.61 Y121.772 E.57452
G1 X103.891 Y122.053 E.01312
G1 X116.195 Y109.749 E.57452
G1 X116.475 Y110.03 E.0131
G1 X104.172 Y122.333 E.57447
G1 X104.452 Y122.614 E.0131
G1 X116.756 Y110.31 E.57452
G1 X117.037 Y110.591 E.01312
G1 X104.733 Y122.895 E.57452
G1 X105.014 Y123.176 E.01312
G1 X117.318 Y110.872 E.57452
G1 X117.599 Y111.153 E.01312
G1 X105.295 Y123.456 E.57449
G1 X105.576 Y123.737 E.01312
G1 X117.879 Y111.433 E.57449
G1 X118.16 Y111.714 E.01312
G1 X105.856 Y124.018 E.57452
G1 X106.137 Y124.299 E.01312
G1 X118.441 Y111.995 E.57452
G1 X118.722 Y112.276 E.01312
G1 X106.418 Y124.58 E.57452
G1 X106.699 Y124.86 E.0131
G1 X119.002 Y112.557 E.57447
G1 X119.283 Y112.837 E.0131
G1 X106.979 Y125.141 E.57452
G1 X107.26 Y125.422 E.01312
G1 X119.564 Y113.118 E.57452
G1 X119.845 Y113.399 E.01312
G1 X107.541 Y125.703 E.57452
G1 X107.822 Y125.983 E.0131
G1 X120.126 Y113.68 E.57449
G1 X120.406 Y113.96 E.01307
G1 X108.103 Y126.264 E.57449
G1 X108.383 Y126.545 E.0131
G1 X120.687 Y114.241 E.57452
G1 X120.968 Y114.522 E.01312
G1 X108.664 Y126.826 E.57452
G1 X108.945 Y127.107 E.01312
G1 X121.249 Y114.803 E.57452
G1 X121.529 Y115.084 E.0131
G1 X109.226 Y127.387 E.57447
G1 X109.506 Y127.668 E.0131
G1 X121.81 Y115.364 E.57452
G1 X122.091 Y115.645 E.01312
G1 X109.787 Y127.949 E.57452
G1 X110.068 Y128.23 E.01312
G1 X122.372 Y115.926 E.57452
G1 X122.653 Y116.207 E.01312
G1 X110.349 Y128.51 E.57449
G1 X110.63 Y128.791 E.01312
G1 X122.933 Y116.487 E.57449
G1 X123.214 Y116.768 E.01312
G1 X110.91 Y129.072 E.57452
G1 X111.191 Y129.353 E.01312
G1 X123.495 Y117.049 E.57452
G1 X123.776 Y117.33 E.01312
G1 X111.472 Y129.634 E.57452
G1 X111.753 Y129.914 E.0131
G1 X124.056 Y117.611 E.57447
G1 X124.337 Y117.891 E.0131
G1 X112.033 Y130.195 E.57452
G1 X112.314 Y130.476 E.01312
G1 X124.618 Y118.172 E.57452
G1 X124.899 Y118.453 E.01312
G1 X112.595 Y130.757 E.57452
G1 X112.876 Y131.037 E.0131
G1 X125.18 Y118.734 E.57449
G1 X125.46 Y119.014 E.01307
G1 X113.157 Y131.318 E.57449
G1 X113.437 Y131.599 E.0131
G1 X125.741 Y119.295 E.57452
G1 X126.022 Y119.576 E.01312
G1 X113.718 Y131.88 E.57452
G1 X113.999 Y132.161 E.01312
G1 X126.303 Y119.857 E.57452
G1 X126.583 Y120.138 E.0131
G1 X114.28 Y132.441 E.57447
G1 X114.56 Y132.722 E.0131
G1 X126.864 Y120.418 E.57452
G1 X127.145 Y120.699 E.01312
G1 X114.841 Y133.003 E.57452
G1 X115.122 Y133.284 E.01312
G1 X127.426 Y120.98 E.57452
G1 X127.707 Y121.261 E.01312
G1 X115.403 Y133.564 E.57449
G1 X115.684 Y133.845 E.01312
G1 X127.987 Y121.541 E.57449
G1 X128.268 Y121.822 E.01312
G1 X115.964 Y134.126 E.57452
G1 X116.245 Y134.407 E.01312
G1 X128.549 Y122.103 E.57452
G1 X128.83 Y122.384 E.01312
G1 X116.526 Y134.688 E.57452
G1 X116.807 Y134.968 E.0131
G1 X129.11 Y122.665 E.57447
G1 X129.391 Y122.945 E.0131
G1 X117.087 Y135.249 E.57452
G1 X117.368 Y135.53 E.01312
G1 X129.672 Y123.226 E.57452
G1 X129.953 Y123.507 E.01312
G1 X117.649 Y135.811 E.57452
G1 X117.93 Y136.091 E.0131
G1 X130.234 Y123.788 E.57449
G1 X130.514 Y124.068 E.01307
G1 X118.211 Y136.372 E.57449
G1 X118.491 Y136.653 E.0131
G1 X130.795 Y124.349 E.57452
G1 X131.076 Y124.63 E.01312
G1 X118.772 Y136.934 E.57452
G1 X119.053 Y137.215 E.01312
G1 X131.357 Y124.911 E.57452
G1 X131.637 Y125.192 E.0131
G1 X119.334 Y137.495 E.57447
G1 X119.614 Y137.776 E.0131
G1 X131.918 Y125.472 E.57452
G1 X132.199 Y125.753 E.01312
G1 X119.895 Y138.057 E.57452
G1 X120.176 Y138.338 E.01312
G1 X132.48 Y126.034 E.57452
G1 X132.761 Y126.315 E.01312
G1 X120.457 Y138.618 E.57449
G1 X120.738 Y138.899 E.01312
G1 X133.041 Y126.595 E.57449
G1 X133.322 Y126.876 E.01312
G1 X121.018 Y139.18 E.57452
G1 X121.299 Y139.461 E.01312
G1 X133.603 Y127.157 E.57452
G1 X133.884 Y127.438 E.01312
G1 X121.58 Y139.742 E.57452
G1 X121.861 Y140.022 E.0131
G1 X134.164 Y127.719 E.57447
G1 X134.445 Y127.999 E.0131
G1 X122.141 Y140.303 E.57452
G1 X122.422 Y140.584 E.01312
G1 X134.726 Y128.28 E.57452
G1 X135.007 Y128.561 E.01312
G1 X122.703 Y140.865 E.57452
G1 X122.984 Y141.145 E.0131
G1 X135.288 Y128.842 E.57449
G1 X135.568 Y129.122 E.01307
G1 X123.265 Y141.426 E.57449
G1 X123.545 Y141.707 E.0131
G1 X135.849 Y129.403 E.57452
G1 X136.13 Y129.684 E.01312
G1 X123.826 Y141.988 E.57452
G1 X124.107 Y142.269 E.01312
G1 X136.411 Y129.965 E.57452
G1 X136.691 Y130.246 E.0131
G1 X124.388 Y142.549 E.57447
G1 X124.668 Y142.83 E.0131
G1 X136.972 Y130.526 E.57452
G1 X137.253 Y130.807 E.01312
G1 X124.949 Y143.111 E.57452
G1 X125.23 Y143.392 E.01312
G1 X137.534 Y131.088 E.57452
G1 X137.815 Y131.369 E.01312
G1 X125.511 Y143.672 E.57449
G1 X125.792 Y143.953 E.01312
G1 X138.095 Y131.649 E.57449
G1 X138.376 Y131.93 E.01312
G1 X126.072 Y144.234 E.57452
G1 X126.353 Y144.515 E.01312
G1 X138.657 Y132.211 E.57452
G1 X138.938 Y132.492 E.01312
G1 X126.634 Y144.796 E.57452
G1 X126.915 Y145.076 E.0131
G1 X139.218 Y132.773 E.57447
G1 X139.499 Y133.053 E.0131
G1 X127.195 Y145.357 E.57452
G1 X127.476 Y145.638 E.01312
G1 X139.78 Y133.334 E.57452
G1 X140.061 Y133.615 E.01312
G1 X127.757 Y145.919 E.57452
G1 X128.038 Y146.199 E.0131
G1 X140.342 Y133.896 E.57449
G1 X140.622 Y134.176 E.01307
G1 X128.319 Y146.48 E.57449
G1 X128.599 Y146.761 E.0131
G1 X140.903 Y134.457 E.57452
G1 X141.184 Y134.738 E.01312
G1 X128.88 Y147.042 E.57452
G1 X129.161 Y147.323 E.01312
G1 X141.465 Y135.019 E.57452
G1 X141.745 Y135.3 E.0131
G1 X129.442 Y147.603 E.57447
G1 X129.722 Y147.884 E.0131
G1 X142.026 Y135.58 E.57452
G1 X142.307 Y135.861 E.01312
G1 X130.003 Y148.165 E.57452
G1 X130.284 Y148.446 E.01312
G1 X142.588 Y136.142 E.57452
G1 X142.869 Y136.423 E.01312
G1 X130.565 Y148.726 E.57449
G1 X130.846 Y149.007 E.01312
G1 X143.149 Y136.703 E.57449
G1 X143.43 Y136.984 E.01312
G1 X131.126 Y149.288 E.57452
G1 X131.407 Y149.569 E.01312
G1 X143.711 Y137.265 E.57452
G1 X143.992 Y137.546 E.01312
G1 X131.688 Y149.85 E.57452
G1 X131.969 Y150.13 E.0131
G1 X144.272 Y137.827 E.57447
G1 X144.553 Y138.107 E.0131
G1 X132.249 Y150.411 E.57452
G1 X132.53 Y150.692 E.01312
G1 X144.834 Y138.388 E.57452
G1 X145.115 Y138.669 E.01312
G1 X132.811 Y150.973 E.57452
G1 X133.092 Y151.253 E.0131
G1 X145.396 Y138.95 E.57449
G1 X145.676 Y139.23 E.01307
G1 X133.373 Y151.534 E.57449
G1 X133.653 Y151.815 E.0131
G1 X145.957 Y139.511 E.57452
G1 X146.238 Y139.792 E.01312
G1 X133.934 Y152.096 E.57452
G1 X134.215 Y152.377 E.01312
G1 X146.519 Y140.073 E.57452
G1 X146.799 Y140.353 E.01307
G1 X134.496 Y152.657 E.57449
G1 X134.776 Y152.938 E.0131
G1 X147.08 Y140.634 E.57452
G1 X147.361 Y140.915 E.01312
G1 X135.057 Y153.219 E.57452
G1 X135.338 Y153.5 E.01312
G1 X147.642 Y141.196 E.57452
G1 X147.923 Y141.477 E.01312
G1 X135.619 Y153.78 E.57449
G1 X135.9 Y154.061 E.01312
G1 X148.203 Y141.757 E.57449
G1 X148.484 Y142.038 E.01312
G1 X136.18 Y154.342 E.57452
G1 X136.461 Y154.623 E.01312
G1 X148.765 Y142.319 E.57452
G1 X149.046 Y142.6 E.01312
G1 X136.742 Y154.904 E.57452
G1 X137.023 Y155.184 E.0131
G1 X149.326 Y142.88 E.57449
G1 X149.607 Y143.161 E.01312
G1 X137.303 Y155.465 E.57452
G1 X137.584 Y155.746 E.01312
G1 X149.888 Y143.442 E.57452
G1 X150.169 Y143.723 E.01312
G1 X137.865 Y156.027 E.57452
G1 X138.146 Y156.307 E.0131
G1 X150.45 Y144.004 E.57449
G1 X150.73 Y144.284 E.01307
G1 X138.427 Y156.588 E.57449
G1 X138.707 Y156.869 E.0131
G1 X151.011 Y144.565 E.57452
G1 X151.292 Y144.846 E.01312
G1 X138.988 Y157.15 E.57452
G1 X139.269 Y157.43 E.0131
G1 X151.573 Y145.127 E.57449
G1 X151.853 Y145.407 E.01307
G1 X139.55 Y157.711 E.57449
G1 X139.83 Y157.992 E.0131
G1 X152.134 Y145.688 E.57452
G1 X152.415 Y145.969 E.01312
G1 X140.111 Y158.273 E.57452
G1 X140.392 Y158.554 E.01312
G1 X152.696 Y146.25 E.57452
G1 X152.977 Y146.531 E.01312
G1 X140.673 Y158.834 E.57449
G1 X140.954 Y159.115 E.01312
G1 X153.257 Y146.811 E.57449
G1 X153.538 Y147.092 E.01312
G1 X141.234 Y159.396 E.57452
G1 X141.515 Y159.677 E.01312
G1 X153.819 Y147.373 E.57452
G1 X154.1 Y147.654 E.01312
G1 X141.796 Y159.957 E.57449
G1 X142.077 Y160.238 E.01312
G1 X154.38 Y147.934 E.57449
G1 X154.661 Y148.215 E.01312
G1 X142.357 Y160.519 E.57452
G1 X142.638 Y160.8 E.01312
G1 X154.942 Y148.496 E.57452
G1 X155.223 Y148.777 E.01312
G1 X142.919 Y161.081 E.57452
G1 X143.2 Y161.361 E.0131
G1 X155.504 Y149.058 E.57449
G1 X155.784 Y149.338 E.01307
G1 X143.481 Y161.642 E.57449
G1 X143.761 Y161.923 E.0131
G1 X156.065 Y149.619 E.57452
G1 X156.346 Y149.9 E.01312
G1 X144.042 Y162.204 E.57452
G1 X144.323 Y162.484 E.0131
G1 X156.627 Y150.181 E.57449
G1 X156.907 Y150.461 E.01307
G1 X144.604 Y162.765 E.57449
G1 X144.884 Y163.046 E.0131
G1 X157.188 Y150.742 E.57452
G1 X157.469 Y151.023 E.01312
G1 X145.165 Y163.327 E.57452
G1 X145.446 Y163.608 E.01312
G1 X157.75 Y151.304 E.57452
G1 X158.031 Y151.585 E.01312
G1 X145.727 Y163.888 E.57449
G1 X146.007 Y164.169 E.0131
G1 X158.311 Y151.865 E.57452
G1 X158.592 Y152.146 E.01312
G1 X146.288 Y164.45 E.57452
G1 X146.569 Y164.731 E.01312
G1 X158.873 Y152.427 E.57452
G1 X159.154 Y152.708 E.01312
G1 X146.85 Y165.011 E.57449
G1 X147.131 Y165.292 E.01312
G1 X159.434 Y152.988 E.57449
G1 X159.715 Y153.269 E.01312
G1 X147.411 Y165.573 E.57452
G1 X147.692 Y165.854 E.01312
G1 X159.996 Y153.55 E.57452
G1 X160.277 Y153.831 E.01312
G1 X147.973 Y166.135 E.57452
G1 X148.254 Y166.415 E.0131
G1 X160.558 Y154.112 E.57449
G1 X160.838 Y154.392 E.01307
G1 X148.534 Y166.696 E.57452
G1 X148.815 Y166.977 E.01312
G1 X161.119 Y154.673 E.57452
G1 X161.4 Y154.954 E.01312
G1 X149.096 Y167.258 E.57452
G1 X149.377 Y167.538 E.0131
G1 X161.681 Y155.235 E.57449
G1 X161.961 Y155.515 E.01307
G1 X149.658 Y167.819 E.57449
G1 X149.938 Y168.1 E.0131
G1 X162.242 Y155.796 E.57452
G1 X162.523 Y156.077 E.01312
G1 X150.219 Y168.381 E.57452
G1 X150.5 Y168.662 E.01312
G1 X162.804 Y156.358 E.57452
G1 X163.085 Y156.639 E.01312
G1 X150.781 Y168.942 E.57449
G1 X151.061 Y169.223 E.0131
G1 X163.365 Y156.919 E.57452
G1 X163.646 Y157.2 E.01312
G1 X151.342 Y169.504 E.57452
G1 X151.623 Y169.785 E.01312
G1 X163.927 Y157.481 E.57452
G1 X164.208 Y157.762 E.01312
G1 X151.904 Y170.065 E.57449
G1 X152.185 Y170.346 E.01312
G1 X164.488 Y158.042 E.57449
G1 X164.769 Y158.323 E.01312
G1 X152.465 Y170.627 E.57452
G1 X152.746 Y170.908 E.01312
G1 X165.05 Y158.604 E.57452
G1 X165.331 Y158.885 E.01312
G1 X153.027 Y171.189 E.57452
G1 X153.308 Y171.469 E.0131
G1 X165.611 Y159.166 E.57447
G1 X165.892 Y159.446 E.0131
G1 X153.588 Y171.75 E.57452
G1 X153.869 Y172.031 E.01312
G1 X166.173 Y159.727 E.57452
G1 X166.454 Y160.008 E.01312
G1 X154.15 Y172.312 E.57452
G1 X154.431 Y172.592 E.0131
G1 X166.735 Y160.289 E.57449
G1 X167.015 Y160.569 E.01307
G1 X154.712 Y172.873 E.57449
G1 X154.992 Y173.154 E.0131
G1 X167.316 Y160.83 E.57545
G1 X167.709 Y160.999 E.01412
G1 X155.273 Y173.435 E.58068
G1 X155.554 Y173.716 E.01312
G1 X168.245 Y161.024 E.59261
G1 E-3.5 F3600
;WIPE_START
G1 F7200
G1 X166.012 Y163.257 E-1.5
;WIPE_END
G1 X100.427 Y90.7 F9000
G1 E5 F2400
G1 F7200
G1 X117.827 Y73.3 E.81247
G1 X118.389 Y73.3 E.01856
G1 X100.989 Y90.7 E.81247
G1 X101.55 Y90.7 E.01852
G1 X118.95 Y73.3 E.81247
G1 X119.512 Y73.3 E.01856
G1 X102.112 Y90.7 E.81247
G1 X102.673 Y90.7 E.01852
G1 X120.073 Y73.3 E.81247
G1 X120.635 Y73.3 E.01856
G1 X103.235 Y90.7 E.81247
G1 X103.796 Y90.7 E.01852
G1 X121.197 Y73.3 E.81249
G1 X121.758 Y73.3 E.01852
G1 X104.358 Y90.7 E.81247
G1 X104.919 Y90.7 E.01852
G1 X122.32 Y73.3 E.81249
G1 X122.881 Y73.3 E.01852
G1 X105.481 Y90.7 E.81247
G1 X106.043 Y90.7 E.01856
G1 X123.443 Y73.3 E.81247
G1 X124.004 Y73.3 E.01852
G1 X106.604 Y90.7 E.81247
G1 X107.166 Y90.7 E.01856
G1 X124.566 Y73.3 E.81247
G1 X125.127 Y73.3 E.01852
G1 X107.727 Y90.7 E.81247
G1 X108.289 Y90.7 E.01856
G1 X125.689 Y73.3 E.81247
G1 X126.251 Y73.3 E.01856
G1 X108.85 Y90.7 E.81249
G1 X109.412 Y90.7 E.01856
G1 X126.812 Y73.3 E.81247
G1 X127.374 Y73.3 E.01856
G1 X109.973 Y90.7 E.81249
G1 X110.535 Y90.7 E.01856
G1 X127.935 Y73.3 E.81247
G1 X128.497 Y73.3 E.01856
G1 X111.097 Y90.7 E.81247
G1 X111.658 Y90.7 E.01852
G1 X129.058 Y73.3 E.81247
G1 X129.62 Y73.3 E.01856
G1 X112.22 Y90.7 E.81247
G1 X112.781 Y90.7 E.01852
G1 X130.181 Y73.3 E.81247
G1 X130.743 Y73.3 E.01856
G1 X113.343 Y90.7 E.81247
G1 X113.904 Y90.7 E.01852
G1 X131.305 Y73.3 E.81249
G1 X131.866 Y73.3 E.01852
G1 X114.466 Y90.7 E.81247
G1 X115.027 Y90.7 E.01852
G1 X132.428 Y73.3 E.81249
G1 X132.989 Y73.3 E.01852
G1 X115.589 Y90.7 E.81247
G1 X116.151 Y90.7 E.01856
G1 X133.551 Y73.3 E.81247
G1 X134.112 Y73.3 E.01852
G1 X116.712 Y90.7 E.81247
G1 X117.274 Y90.7 E.01856
G1 X134.674 Y73.3 E.81247
G1 X135.235 Y73.3 E.01852
G1 X117.835 Y90.7 E.81247
G1 X118.397 Y90.7 E.01856
G1 X135.797 Y73.3 E.81247
G1 X136.358 Y73.3 E.01852
G1 X118.958 Y90.7 E.81247
G1 X119.52 Y90.7 E.01856
G1 X136.92 Y73.3 E.81247
G1 X137.482 Y73.3 E.01856
G1 X120.081 Y90.7 E.81249
G1 X120.643 Y90.7 E.01856
G1 X138.043 Y73.3 E.81247
G1 X138.605 Y73.3 E.01856
G1 X121.205 Y90.7 E.81247
G1 X121.766 Y90.7 E.01852
G1 X139.166 Y73.3 E.81247
G1 X139.728 Y73.3 E.01856
G1 X122.328 Y90.7 E.81247
G1 X122.889 Y90.7 E.01852
G1 X140.289 Y73.3 E.81247
G1 X140.851 Y73.3 E.01856
G1 X123.451 Y90.7 E.81247
G1 X124.012 Y90.7 E.01852
G1 X141.412 Y73.3 E.81247
G1 X141.974 Y73.3 E.01856
G1 X124.574 Y90.7 E.81247
G1 X125.135 Y90.7 E.01852
G1 X142.536 Y73.3 E.81249
G1 X143.097 Y73.3 E.01852
G1 X125.697 Y90.7 E.81247
G1 X126.259 Y90.7 E.01856
G1 X143.659 Y73.3 E.81247
G1 X144.22 Y73.3 E.01852
G1 X126.82 Y90.7 E.81247
G1 X127.382 Y90.7 E.01856
G1 X144.782 Y73.3 E.81247
G1 X145.343 Y73.3 E.01852
G1 X127.943 Y90.7 E.81247
G1 X128.505 Y90.7 E.01856
G1 X145.905 Y73.3 E.81247
G1 X146.466 Y73.3 E.01852
G1 X129.066 Y90.7 E.81247
G1 X129.628 Y90.7 E.01856
G1 X147.028 Y73.3 E.81247
G1 X147.59 Y73.3 E.01856
G1 X130.189 Y90.7 E.81249
G1 X130.751 Y90.7 E.01856
G1 X148.151 Y73.3 E.81247
G1 X148.713 Y73.3 E.01856
G1 X131.313 Y90.7 E.81247
G1 X131.874 Y90.7 E.01852
G1 X149.274 Y73.3 E.81247
G1 X149.836 Y73.3 E.01856
G1 X132.436 Y90.7 E.81247
G1 X132.997 Y90.7 E.01852
G1 X150.397 Y73.3 E.81247
G1 X150.959 Y73.3 E.01856
G1 X133.559 Y90.7 E.81247
G1 X134.12 Y90.7 E.01852
G1 X151.52 Y73.3 E.81247
G1 X152.082 Y73.3 E.01856
G1 X134.682 Y90.7 E.81247
G1 X135.243 Y90.7 E.01852
G1 X152.644 Y73.3 E.81249
G1 X153.205 Y73.3 E.01852
G1 X135.805 Y90.7 E.81247
G1 X136.366 Y90.7 E.01852
G1 X153.767 Y73.3 E.81249
G1 X154.328 Y73.3 E.01852
G1 X136.928 Y90.7 E.81247
G1 X137.49 Y90.7 E.01856
G1 X154.89 Y73.3 E.81247
G1 X155.451 Y73.3 E.01852
G1 X138.051 Y90.7 E.81247
G1 X138.613 Y90.7 E.01856
G1 X156.013 Y73.3 E.81247
G1 X156.574 Y73.3 E.01852
G1 X139.174 Y90.7 E.81247
G1 X139.736 Y90.7 E.01856
G1 X157.136 Y73.3 E.81247
G1 X157.698 Y73.3 E.01856
G1 X140.297 Y90.7 E.81249
G1 X140.859 Y90.7 E.01856
G1 X158.259 Y73.3 E.81247
G1 X158.821 Y73.3 E.01856
G1 X141.42 Y90.7 E.81249
G1 X141.982 Y90.7 E.01856
G1 X159.382 Y73.3 E.81247
G1 X159.944 Y73.3 E.01856
G1 X142.544 Y90.7 E.81247
G1 X143.105 Y90.7 E.01852
G1 X160.505 Y73.3 E.81247
G1 X161.067 Y73.3 E.01856
G1 X143.667 Y90.7 E.81247
G1 X144.228 Y90.7 E.01852
G1 X161.628 Y73.3 E.81247
G1 X162.19 Y73.3 E.01856
G1 X144.79 Y90.7 E.81247
G1 X145.351 Y90.7 E.01852
G1 X162.752 Y73.3 E.81249
G1 X163.313 Y73.3 E.01852
G1 X145.913 Y90.7 E.81247
G1 X146.474 Y90.7 E.01852
G1 X163.875 Y73.3 E.81249
G1 X164.436 Y73.3 E.01852
G1 X147.036 Y90.7 E.81247
G1 X147.598 Y90.7 E.01856
G1 X164.998 Y73.3 E.81247
G1 X165.559 Y73.3 E.01852
G1 X148.159 Y90.7 E.81247
G1 X148.721 Y90.7 E.01856
G1 X166.121 Y73.3 E.81247
G1 X166.682 Y73.3 E.01852
G1 X149.282 Y90.7 E.81247
G1 X149.844 Y90.7 E.01856
G1 X167.244 Y73.3 E.81247
G1 X167.806 Y73.3 E.01856
G1 X150.405 Y90.7 E.81249
G1 X150.967 Y90.7 E.01856
G1 X168.367 Y73.3 E.81247
G1 X168.929 Y73.3 E.01856
G1 X151.528 Y90.7 E.81249
G1 X152.09 Y90.7 E.01856
G1 X169.49 Y73.3 E.81247
G1 X170.052 Y73.3 E.01856
G1 X152.652 Y90.7 E.81247
G1 X153.213 Y90.7 E.01852
G1 X170.613 Y73.3 E.81247
G1 X171.175 Y73.3 E.01856
G1 X153.775 Y90.7 E.81247
G1 X154.336 Y90.7 E.01852
G1 X171.736 Y73.3 E.81247
G1 X172.298 Y73.3 E.01856
G1 X154.898 Y90.7 E.81247
G1 X155.459 Y90.7 E.01852
G1 X172.86 Y73.3 E.81249
G1 X173.421 Y73.3 E.01852
G1 X156.021 Y90.7 E.81247
G1 X156.582 Y90.7 E.01852
G1 X173.983 Y73.3 E.81249
G1 X174.544 Y73.3 E.01852
G1 X157.144 Y90.7 E.81247
G1 X157.706 Y90.7 E.01856
G1 X175.106 Y73.3 E.81247
G1 X175.667 Y73.3 E.01852
G1 X158.267 Y90.7 E.81247
G1 X158.829 Y90.7 E.01856
G1 X176.229 Y73.3 E.81247
G1 X176.79 Y73.3 E.01852
G1 X159.39 Y90.7 E.81247
G1 X159.952 Y90.7 E.01856
G1 X177.352 Y73.3 E.81247
G1 X177.914 Y73.3 E.01856
G1 X160.513 Y90.7 E.81249
G1 X161.075 Y90.7 E.01856
G1 X178.475 Y73.3 E.81247
G1 X179.037 Y73.3 E.01856
G1 X161.636 Y90.7 E.81249
G1 X162.198 Y90.7 E.01856
G1 X179.598 Y73.3 E.81247
G1 X180.16 Y73.3 E.01856
G1 X162.76 Y90.7 E.81247
G1 X163.632 Y90.847 F9000
;WIDTH:0.38292
G1 F7200
G1 X163.591 Y90.858 E.0012
G1 X163.572 Y90.786 E.00211
G1 X163.643 Y90.806 E.00209
;WIDTH:0.41146
G1 X163.482 Y90.753 E.00519
;WIDTH:0.439999
G1 X163.321 Y90.7 E.0056
G1 X180.721 Y73.3 E.81247
G1 X181.283 Y73.3 E.01856
G1 X175.798 Y78.785 E.25611
G1 X176.516 Y78.589 E.02457
;WIDTH:0.38292
G1 X176.475 Y78.6 E.0012
G1 X176.456 Y78.529 E.00208
G1 X176.527 Y78.548 E.00208
;WIDTH:0.41146
G1 X176.647 Y78.463 E.00451
;WIDTH:0.439999
G1 X176.767 Y78.378 E.00486
G1 X181.844 Y73.3 E.23709
G1 X182.406 Y73.3 E.01856
G1 X177.579 Y78.127 E.22539
G1 X177.46 Y78.203 E.00466
;WIDTH:0.41146
G1 X177.342 Y78.278 E.00428
;WIDTH:0.38292
G1 X177.271 Y78.259 E.00208
G1 X177.29 Y78.33 E.00208
G1 X177.331 Y78.319 E.0012
;WIDTH:0.439999
G1 X178.107 Y78.161 E.02615
G1 X182.968 Y73.3 E.22698
G1 X183.529 Y73.3 E.01852
G1 X178.608 Y78.221 E.22978
G1 X179.107 Y78.284 E.01661
G1 X184.091 Y73.3 E.23272
G1 X184.652 Y73.3 E.01852
G1 X179.526 Y78.426 E.23935
G1 X179.87 Y78.644 E.01345
G1 X185.214 Y73.3 E.24953
G1 X185.775 Y73.3 E.01852
G1 X180.202 Y78.873 E.26022
G1 X180.534 Y79.102 E.01332
G1 X186.337 Y73.3 E.27094
G1 X186.832 Y73.198 E.01669
;WIDTH:0.38292
G1 X186.761 Y73.179 E.00208
G1 X186.78 Y73.25 E.00208
G1 X186.821 Y73.239 E.0012
;WIDTH:0.41146
G1 X186.761 Y73.368 E.00436
;WIDTH:0.439999
G1 X186.7 Y73.498 E.00474
G1 X180.853 Y79.346 E.27304
G1 X181.094 Y79.666 E.01323
G1 X186.7 Y74.06 E.26176
G1 X186.7 Y74.621 E.01852
G1 X181.287 Y80.034 E.25275
G1 X181.481 Y80.402 E.01374
G1 X186.7 Y75.183 E.24369
G1 X186.7 Y75.744 E.01852
G1 X181.674 Y80.771 E.2347
G1 X181.804 Y81.202 E.01486
G1 X186.7 Y76.306 E.22861
G1 X186.7 Y76.868 E.01856
G1 X181.824 Y81.743 E.22765
G1 X181.824 Y82.305 E.01856
G1 X186.7 Y77.429 E.22768
G1 X186.7 Y77.991 E.01856
G1 X181.792 Y82.899 E.22917
G1 X181.719 Y83.054 E.00566
;WIDTH:0.41146
G1 X181.646 Y83.21 E.00528
;WIDTH:0.38292
G1 X181.605 Y83.221 E.0012
G1 X181.585 Y83.15 E.00209
G1 X181.657 Y83.169 E.00211
G1 E-3.5 F3600
;WIPE_START
G1 F7200
G1 X181.585 Y83.15 E-.03537
G1 X181.605 Y83.221 E-.03504
G1 X181.646 Y83.21 E-.02016
G1 X181.719 Y83.054 E-.08181
G1 X181.792 Y82.899 E-.08138
G1 X183.647 Y81.044 E-1.24624
;WIPE_END
G1 X180.235 Y85.064 F9000
G1 E5 F2400
G1 F7200
G1 X180.641 Y84.726 E.01494
G1 X181.077 Y84.245 E.01835
;WIDTH:0.41146
G1 X181.183 Y84.104 E.00541
;WIDTH:0.439999
G1 X181.288 Y83.964 E.00578
G1 X186.7 Y78.552 E.2527
G1 E-3.5 F3600
;WIPE_START
G1 F7200
G1 X184.467 Y80.785 E-1.5
;WIPE_END
G1 X175.282 Y79.301 F9000
G1 E5 F2400
G1 F7200
G1 X163.883 Y90.7 E.53226
G1 X164.444 Y90.7 E.01852
G1 X174.362 Y80.782 E.46311
G1 X174.441 Y80.641 E.00534
;WIDTH:0.41146
G1 X174.52 Y80.501 E.00493
;WIDTH:0.38292
G1 X174.689 Y80.246 E.00865
G1 X174.182 Y81.524 F9000
;WIDTH:0.439999
G1 F7200
G1 X165.006 Y90.7 E.42846
G1 X165.567 Y90.7 E.01852
G1 X174.112 Y82.155 E.399
G1 X174.213 Y82.616 E.01558
G1 X166.129 Y90.7 E.37747
G1 X166.69 Y90.7 E.01852
G1 X174.324 Y83.066 E.35646
G1 X174.435 Y83.517 E.01534
G1 X167.25 Y90.702 E.33549
G1 X167.809 Y90.705 E.01846
G1 X174.61 Y83.903 E.31759
G1 X174.856 Y84.219 E.01322
G1 X168.331 Y90.745 E.3047
G1 X168.725 Y90.912 E.01413
G1 X175.12 Y84.517 E.2986
G1 X175.384 Y84.814 E.01312
G1 X169.013 Y91.185 E.29748
G1 X169.217 Y91.543 E.0136
G1 X175.66 Y85.1 E.30085
G1 X175.998 Y85.324 E.01339
G1 X169.3 Y92.022 E.31275
G1 X169.3 Y92.583 E.01852
G1 X176.4 Y85.483 E.33152
G1 X176.807 Y85.638 E.01438
G1 X169.3 Y93.145 E.35053
G1 X169.3 Y93.706 E.01852
G1 X177.214 Y85.792 E.36953
G1 X177.697 Y85.871 E.01616
G1 X169.3 Y94.268 E.39208
G1 X169.3 Y94.829 E.01852
G1 X178.318 Y85.812 E.42106
G1 X178.96 Y85.73 E.02137
G1 X169.3 Y95.391 E.45108
G1 X169.214 Y96.263 F9000
;WIDTH:0.38292
G1 F7200
G1 X169.173 Y96.274 E.0012
G1 X169.154 Y96.203 E.00208
G1 X169.225 Y96.222 E.00208
;WIDTH:0.41146
G1 X169.262 Y96.087 E.00429
;WIDTH:0.439999
G1 X169.3 Y95.952 E.00463
G1 X179.954 Y85.298 E.49747
G1 E-3.5 F3600
;WIPE_START
G1 F7200
G1 X177.721 Y87.531 E-1.5
;WIPE_END
G1 X186.7 Y79.114 F9000
G1 E5 F2400
G1 F7200
G1 X169.3 Y96.514 E.81247
G1 X169.3 Y97.076 E.01856
G1 X186.7 Y79.675 E.81249
G1 X186.7 Y80.237 E.01856
G1 X169.3 Y97.637 E.81247
G1 X169.3 Y98.199 E.01856
G1 X186.7 Y80.798 E.81249
G1 X186.7 Y81.36 E.01856
G1 X169.3 Y98.76 E.81247
G1 X169.3 Y99.322 E.01856
G1 X186.7 Y81.922 E.81247
G1 X186.7 Y82.483 E.01852
G1 X169.3 Y99.883 E.81247
G1 X169.3 Y100.445 E.01856
G1 X186.7 Y83.045 E.81247
G1 X186.7 Y83.606 E.01852
G1 X169.3 Y101.006 E.81247
G1 X169.3 Y101.568 E.01856
G1 X186.7 Y84.168 E.81247
G1 X186.7 Y84.729 E.01852
G1 X169.3 Y102.129 E.81247
G1 X169.3 Y102.691 E.01856
G1 X186.7 Y85.291 E.81247
G1 X186.7 Y85.852 E.01852
G1 X169.3 Y103.253 E.81249
G1 X169.3 Y103.814 E.01852
G1 X186.7 Y86.414 E.81247
G1 X186.7 Y86.976 E.01856
G1 X169.3 Y104.376 E.81247
G1 X169.3 Y104.937 E.01852
G1 X186.7 Y87.537 E.81247
G1 X186.7 Y88.099 E.01856
G1 X169.3 Y105.499 E.81247
G1 X169.3 Y106.06 E.01852
G1 X186.7 Y88.66 E.81247
G1 X186.7 Y89.222 E.01856
G1 X169.3 Y106.622 E.81247
G1 X169.3 Y107.183 E.01852
G1 X186.7 Y89.783 E.81247
G1 X186.7 Y90.345 E.01856
G1 X169.3 Y107.745 E.81247
G1 X169.3 Y108.307 E.01856
G1 X186.7 Y90.906 E.81249
G1 X186.7 Y91.468 E.01856
G1 X169.3 Y108.868 E.81247
G1 X169.3 Y109.43 E.01856
G1 X186.7 Y92.03 E.81247
G1 X186.7 Y92.591 E.01852
G1 X169.3 Y109.991 E.81247
G1 X169.3 Y110.553 E.01856
G1 X186.7 Y93.153 E.81247
G1 X186.7 Y93.714 E.01852
G1 X169.3 Y111.114 E.81247
G1 X169.3 Y111.676 E.01856
G1 X186.7 Y94.276 E.81247
G1 X186.7 Y94.837 E.01852
G1 X169.3 Y112.237 E.81247
G1 X169.3 Y112.799 E.01856
G1 X186.7 Y95.399 E.81247
G1 X186.7 Y95.96 E.01852
G1 X169.3 Y113.361 E.81249
G1 X169.3 Y113.922 E.01852
G1 X186.7 Y96.522 E.81247
G1 X186.7 Y97.084 E.01856
G1 X169.3 Y114.484 E.81247
G1 X169.3 Y115.045 E.01852
G1 X186.7 Y97.645 E.81247
G1 X186.7 Y98.207 E.01856
G1 X169.3 Y115.607 E.81247
G1 X169.3 Y116.168 E.01852
G1 X186.7 Y98.768 E.81247
G1 X186.7 Y99.33 E.01856
G1 X169.3 Y116.73 E.81247
G1 X169.3 Y117.291 E.01852
G1 X186.7 Y99.891 E.81247
G1 X186.7 Y100.453 E.01856
G1 X169.3 Y117.853 E.81247
G1 X169.3 Y118.415 E.01856
G1 X186.7 Y101.014 E.81249
G1 X186.7 Y101.576 E.01856
G1 X169.3 Y118.976 E.81247
G1 X169.3 Y119.538 E.01856
G1 X186.7 Y102.138 E.81247
G1 X186.7 Y102.699 E.01852
G1 X169.3 Y120.099 E.81247
G1 X169.3 Y120.661 E.01856
G1 X186.7 Y103.261 E.81247
G1 X186.7 Y103.822 E.01852
G1 X169.3 Y121.222 E.81247
G1 X169.3 Y121.784 E.01856
G1 X186.7 Y104.384 E.81247
G1 X186.7 Y104.945 E.01852
G1 X169.3 Y122.345 E.81247
G1 X169.3 Y122.907 E.01856
G1 X186.7 Y105.507 E.81247
G1 X186.7 Y106.068 E.01852
G1 X169.3 Y123.469 E.81249
G1 X169.3 Y124.03 E.01852
G1 X186.7 Y106.63 E.81247
G1 X186.7 Y107.191 E.01852
G1 X169.3 Y124.592 E.81249
G1 X169.3 Y125.153 E.01852
G1 X186.7 Y107.753 E.81247
G1 X186.7 Y108.315 E.01856
G1 X169.3 Y125.715 E.81247
G1 X169.3 Y126.276 E.01852
G1 X186.7 Y108.876 E.81247
G1 X186.7 Y109.438 E.01856
G1 X169.3 Y126.838 E.81247
G1 X169.3 Y127.399 E.01852
G1 X186.7 Y109.999 E.81247
G1 X186.7 Y110.561 E.01856
G1 X169.3 Y127.961 E.81247
G1 X169.3 Y128.523 E.01856
G1 X186.7 Y111.122 E.81249
G1 X186.7 Y111.684 E.01856
G1 X169.3 Y129.084 E.81247
G1 X169.3 Y129.646 E.01856
G1 X186.7 Y112.245 E.81249
G1 X186.7 Y112.807 E.01856
G1 X169.3 Y130.207 E.81247
G1 X169.3 Y130.769 E.01856
G1 X186.7 Y113.369 E.81247
G1 X186.7 Y113.93 E.01852
G1 X169.3 Y131.33 E.81247
G1 X169.3 Y131.892 E.01856
G1 X186.7 Y114.492 E.81247
G1 X186.7 Y115.053 E.01852
G1 X169.3 Y132.453 E.81247
G1 X169.3 Y133.015 E.01856
G1 X186.7 Y115.615 E.81247
G1 X186.7 Y116.176 E.01852
G1 X169.3 Y133.577 E.81249
G1 X169.3 Y134.138 E.01852
G1 X186.7 Y116.738 E.81247
G1 X186.7 Y117.299 E.01852
G1 X169.3 Y134.7 E.81249
G1 X169.3 Y135.261 E.01852
G1 X186.7 Y117.861 E.81247
G1 X186.7 Y118.423 E.01856
G1 X169.3 Y135.823 E.81247
G1 X169.3 Y136.384 E.01852
G1 X186.7 Y118.984 E.81247
G1 X186.7 Y119.546 E.01856
G1 X169.3 Y136.946 E.81247
G1 X169.3 Y137.507 E.01852
G1 X186.7 Y120.107 E.81247
G1 X186.7 Y120.669 E.01856
G1 X169.3 Y138.069 E.81247
G1 X169.3 Y138.631 E.01856
G1 X186.7 Y121.23 E.81249
G1 X186.7 Y121.792 E.01856
G1 X169.3 Y139.192 E.81247
G1 X169.3 Y139.754 E.01856
G1 X186.7 Y122.353 E.81249
G1 X186.7 Y122.915 E.01856
G1 X169.3 Y140.315 E.81247
G1 X169.3 Y140.877 E.01856
G1 X186.7 Y123.477 E.81247
G1 X186.7 Y124.038 E.01852
G1 X169.3 Y141.438 E.81247
G1 X169.3 Y142 E.01856
G1 X186.7 Y124.6 E.81247
G1 X186.7 Y125.161 E.01852
G1 X169.3 Y142.561 E.81247
G1 X169.3 Y143.123 E.01856
G1 X186.7 Y125.723 E.81247
G1 X186.7 Y126.284 E.01852
G1 X169.3 Y143.685 E.81249
G1 X169.3 Y144.246 E.01852
G1 X186.7 Y126.846 E.81247
G1 X186.7 Y127.407 E.01852
G1 X169.3 Y144.808 E.81249
G1 X169.3 Y145.369 E.01852
G1 X186.7 Y127.969 E.81247
G1 X186.7 Y128.531 E.01856
G1 X169.3 Y145.931 E.81247
G1 X169.3 Y146.492 E.01852
G1 X186.7 Y129.092 E.81247
G1 X186.7 Y129.654 E.01856
G1 X169.3 Y147.054 E.81247
G1 X169.3 Y147.615 E.01852
G1 X186.7 Y130.215 E.81247
G1 X186.7 Y130.777 E.01856
G1 X169.3 Y148.177 E.81247
G1 X169.3 Y148.739 E.01856
G1 X186.7 Y131.338 E.81249
G1 X186.7 Y131.9 E.01856
G1 X169.3 Y149.3 E.81247
G1 X169.214 Y150.172 F9000
;WIDTH:0.38292
G1 F7200
G1 X169.173 Y150.183 E.0012
G1 X169.154 Y150.112 E.00208
G1 X169.225 Y150.131 E.00208
;WIDTH:0.41146
G1 X169.262 Y149.997 E.00426
;WIDTH:0.439999
G1 X169.3 Y149.862 E.00463
G1 X186.7 Y132.461 E.81249
G1 X186.7 Y133.023 E.01856
G1 X175.796 Y143.927 E.50915
G1 X175.516 Y144.163 E.01209
;WIDTH:0.38292
G1 X175.113 Y144.566 E.01611
;WIDTH:0.41146
G1 X174.995 Y144.706 E.00561
;WIDTH:0.439999
G1 X174.877 Y144.847 E.00607
G1 X169.3 Y150.423 E.26039
G1 X169.3 Y150.985 E.01856
G1 X174.333 Y145.951 E.23503
G1 X174.396 Y146.047 E.00379
;WIDTH:0.41146
G1 X174.459 Y146.143 E.00352
;WIDTH:0.38292
G1 X174.526 Y145.821 E.0093
G1 X174.495 Y145.671 E.00433
G1 X174.194 Y146.652 F9000
;WIDTH:0.439999
G1 F7200
G1 X169.3 Y151.546 E.22852
G1 X169.3 Y152.108 E.01856
G1 X174.15 Y147.258 E.22646
G1 X174.15 Y147.819 E.01852
G1 X169.3 Y152.669 E.22646
G1 X169.3 Y153.231 E.01856
G1 X174.15 Y148.381 E.22646
G1 X174.15 Y148.942 E.01852
G1 X169.3 Y153.793 E.22649
G1 X169.3 Y154.354 E.01852
G1 X174.15 Y149.504 E.22646
G1 X174.15 Y150.065 E.01852
G1 X169.3 Y154.916 E.22649
G1 X169.3 Y155.477 E.01852
G1 X174.15 Y150.627 E.22646
G1 X174.15 Y151.189 E.01856
G1 X169.3 Y156.039 E.22646
G1 X169.3 Y156.6 E.01852
G1 X174.15 Y151.75 E.22646
G1 X174.181 Y152.281 E.01756
G1 X169.3 Y157.162 E.22791
G1 X169.3 Y157.723 E.01852
G1 X174.274 Y152.749 E.23225
G1 X174.367 Y153.218 E.01579
G1 X169.3 Y158.285 E.2366
G1 X169.3 Y158.846 E.01852
G1 X174.527 Y153.62 E.24404
G1 X174.748 Y153.96 E.01339
G1 X169.3 Y159.408 E.25439
G1 X168.526 Y160.855 F9000
;WIDTH:0.38292
G1 F7200
G1 X168.993 Y160.424 E.01797
G1 X169.096 Y160.272 E.00519
;WIDTH:0.41146
G1 X169.188 Y160.131 E.00516
;WIDTH:0.439999
G1 X169.279 Y159.991 E.00551
G1 X174.972 Y154.297 E.26585
G1 X175.209 Y154.622 E.01328
G1 X155.835 Y173.996 E.90464
G1 X156.115 Y174.277 E.0131
G1 X175.51 Y154.882 E.90562
G1 X175.847 Y155.107 E.01338
G1 X156.396 Y174.558 E.90823
G1 X156.677 Y174.839 E.01312
G1 X176.184 Y155.332 E.91085
G1 X176.55 Y155.528 E.01371
G1 X156.958 Y175.119 E.91479
G1 X157.239 Y175.4 E.01312
G1 X177.002 Y155.637 E.9228
G1 X177.47 Y155.73 E.01575
G1 X157.519 Y175.681 E.93158
G1 X157.8 Y175.962 E.01312
G1 X177.962 Y155.8 E.94143
G1 X178.625 Y155.699 E.02214
G1 X158.081 Y176.243 E.95927
G1 X158.362 Y176.523 E.0131
G1 X179.322 Y155.564 E.97867
G1 E-3.5 F3600
;WIPE_START
G1 F7200
G1 X177.089 Y157.797 E-1.5
;WIPE_END
G1 X176.646 Y143.584 F9000
G1 E5 F2400
;WIDTH:0.38292
G1 F7200
G1 X176.605 Y143.595 E.0012
G1 X176.586 Y143.523 E.00211
G1 X176.657 Y143.542 E.00208
;WIDTH:0.41146
G1 X176.777 Y143.465 E.00437
;WIDTH:0.439999
G1 X176.897 Y143.388 E.00471
G1 X186.7 Y133.585 E.45774
G1 X186.7 Y134.146 E.01852
G1 X177.578 Y143.268 E.42594
G1 X177.531 Y143.354 E.00324
;WIDTH:0.41146
G1 X177.484 Y143.439 E.00298
;WIDTH:0.38292
G1 X177.413 Y143.42 E.00208
G1 X177.432 Y143.491 E.00208
G1 X177.473 Y143.48 E.0012
;WIDTH:0.439999
G1 X178.19 Y143.218 E.0252
G1 X186.7 Y134.708 E.39736
G1 X186.7 Y135.269 E.01852
G1 X178.669 Y143.301 E.37502
G1 X179.134 Y143.397 E.01568
G1 X186.7 Y135.831 E.35328
G1 X186.7 Y136.392 E.01852
G1 X179.565 Y143.528 E.33318
G1 X179.918 Y143.736 E.01353
G1 X186.7 Y136.954 E.31667
G1 X186.7 Y137.515 E.01852
G1 X180.255 Y143.961 E.30096
G1 X180.588 Y144.189 E.01332
G1 X186.7 Y138.077 E.28539
G1 X186.7 Y138.639 E.01856
G1 X180.868 Y144.471 E.27232
G1 X181.095 Y144.805 E.01333
G1 X186.7 Y139.2 E.26172
G1 X186.7 Y139.762 E.01856
G1 X181.32 Y145.141 E.25119
G1 X181.533 Y145.491 E.01353
G1 X186.7 Y140.323 E.24129
G1 X186.7 Y140.885 E.01856
G1 X181.661 Y145.924 E.23529
G1 X181.754 Y146.392 E.01575
G1 X186.7 Y141.446 E.23095
G1 X186.7 Y142.008 E.01856
G1 X181.838 Y146.87 E.22702
G1 X181.85 Y147.42 E.01816
G1 X186.7 Y142.569 E.22649
G1 X186.7 Y143.131 E.01856
G1 X181.85 Y147.981 E.22646
G1 X181.85 Y148.543 E.01856
G1 X186.7 Y143.693 E.22646
G1 X186.7 Y144.254 E.01852
G1 X181.85 Y149.104 E.22646
G1 X181.85 Y149.666 E.01856
G1 X186.7 Y144.816 E.22646
G1 X186.7 Y145.377 E.01852
G1 X181.85 Y150.227 E.22646
G1 X181.85 Y150.789 E.01856
G1 X186.7 Y145.939 E.22646
G1 X186.7 Y146.5 E.01852
G1 X181.85 Y151.35 E.22646
G1 X181.85 Y151.912 E.01856
G1 X186.7 Y147.062 E.22646
G1 X186.7 Y147.623 E.01852
G1 X181.764 Y152.56 E.2305
G1 X181.47 Y153.536 F9000
;WIDTH:0.38292
G1 F7200
G1 X181.399 Y153.517 E.00208
G1 X181.418 Y153.588 E.00208
G1 X181.459 Y153.577 E.0012
;WIDTH:0.41146
G1 X181.539 Y153.422 E.00535
;WIDTH:0.439999
G1 X181.618 Y153.267 E.00574
G1 X186.7 Y148.185 E.2373
G1 X186.7 Y148.747 E.01856
G1 X158.642 Y176.804 E1.3101
G1 X158.923 Y177.085 E.01312
G1 X186.7 Y149.308 E1.297
G1 X186.7 Y149.87 E.01856
G1 X159.204 Y177.366 E1.28388
G1 X159.485 Y177.646 E.0131
G1 X186.7 Y150.431 E1.27076
G1 X186.7 Y150.993 E.01856
G1 X159.766 Y177.927 E1.25764
G1 X160.046 Y178.208 E.0131
G1 X186.7 Y151.554 E1.24457
G1 X186.7 Y152.116 E.01856
G1 X160.327 Y178.489 E1.23145
G1 X160.608 Y178.77 E.01312
G1 X186.7 Y152.677 E1.21835
G1 X186.7 Y153.239 E.01856
G1 X160.889 Y179.05 E1.2052
G1 X161.169 Y179.331 E.0131
G1 X186.7 Y153.801 E1.19211
G1 X186.7 Y154.362 E.01852
G1 X161.45 Y179.612 E1.17901
G1 X161.731 Y179.893 E.01312
G1 X186.7 Y154.924 E1.16589
G1 X186.7 Y155.485 E.01852
G1 X162.012 Y180.173 E1.15277
G1 X162.293 Y180.454 E.01312
G1 X186.7 Y156.047 E1.13965
G1 X186.7 Y156.608 E.01852
G1 X162.573 Y180.735 E1.12657
G1 X162.854 Y181.016 E.01312
G1 X186.7 Y157.17 E1.11345
G1 X186.7 Y157.731 E.01852
G1 X163.135 Y181.297 E1.10035
G1 E-3.5 F3600
;WIPE_START
G1 F7200
G1 X165.368 Y179.064 E-1.5
;WIPE_END
G1 X174.603 Y170.546 F9000
G1 E5 F2400
;WIDTH:0.38292
G1 F7200
G1 X174.654 Y170.428 E.00363
G1 X174.66 Y170.27 E.00447
G1 X175.215 Y169.586 E.0249
G1 X175.536 Y169.264 E.01285
G1 X176.229 Y168.696 E.02533
;WIDTH:0.41146
G1 X176.369 Y168.59 E.00538
;WIDTH:0.439999
G1 X176.509 Y168.484 E.0058
G1 X186.7 Y158.293 E.47585
G1 X186.7 Y158.854 E.01852
G1 X177.225 Y168.33 E.44244
G1 X177.906 Y168.21 E.02283
G1 X186.7 Y159.416 E.41062
G1 X186.7 Y159.978 E.01856
G1 X178.426 Y168.251 E.38632
G1 X178.892 Y168.347 E.01571
G1 X186.7 Y160.539 E.36458
G1 X186.7 Y161.101 E.01856
G1 X179.358 Y168.443 E.34282
G1 X179.743 Y168.619 E.01398
G1 X186.7 Y161.662 E.32485
G1 X186.7 Y162.224 E.01856
G1 X180.08 Y168.844 E.30911
G1 X180.417 Y169.069 E.01338
G1 X186.7 Y162.785 E.2934
G1 X186.7 Y163.347 E.01856
G1 X180.736 Y169.311 E.27848
G1 X180.979 Y169.63 E.01324
G1 X186.7 Y163.908 E.26716
G1 X186.7 Y164.47 E.01856
G1 X181.204 Y169.967 E.25665
G1 X181.429 Y170.303 E.01335
G1 X186.7 Y165.032 E.24612
G1 X186.7 Y165.593 E.01852
G1 X181.605 Y170.689 E.23793
G1 X181.706 Y171.149 E.01555
G1 X186.7 Y166.155 E.23319
G1 X186.7 Y166.716 E.01852
G1 X181.799 Y171.617 E.22884
G1 X181.85 Y172.128 E.01696
G1 X186.7 Y167.278 E.22646
G1 X186.7 Y167.839 E.01852
G1 X181.85 Y172.69 E.22649
G1 X181.85 Y173.251 E.01852
G1 X186.7 Y168.401 E.22646
G1 X186.7 Y168.962 E.01852
G1 X181.85 Y173.813 E.22649
G1 X181.85 Y174.374 E.01852
G1 X186.7 Y169.524 E.22646
G1 X186.7 Y170.086 E.01856
G1 X181.85 Y174.936 E.22646
G1 X181.85 Y175.497 E.01852
G1 X186.7 Y170.647 E.22646
G1 X186.7 Y171.209 E.01856
G1 X181.85 Y176.059 E.22646
G1 X181.85 Y176.62 E.01852
G1 X186.7 Y171.77 E.22646
G1 X186.7 Y172.332 E.01856
G1 X181.833 Y177.199 E.22726
G1 X181.577 Y178.207 F9000
;WIDTH:0.38292
G1 F7200
G1 X181.536 Y178.218 E.0012
G1 X181.517 Y178.147 E.00208
G1 X181.588 Y178.166 E.00208
;WIDTH:0.41146
G1 X181.642 Y178.031 E.00446
;WIDTH:0.439999
G1 X181.697 Y177.896 E.00481
G1 X186.7 Y172.893 E.23361
G1 X186.7 Y173.455 E.01856
G1 X181.369 Y178.786 E.24892
G1 X181.254 Y178.926 E.00598
;WIDTH:0.41146
G1 X181.138 Y179.067 E.0056
;WIDTH:0.38292
G1 X180.51 Y179.765 E.02654
G1 X180.117 Y180.088 E.01438
G1 E-3.5 F3600
;WIPE_START
G1 F7200
G1 X180.51 Y179.765 E-.24163
G1 X181.138 Y179.067 E-.44599
G1 X181.254 Y178.926 E-.08673
G1 X181.369 Y178.786 E-.08606
G1 X182.321 Y177.834 E-.63959
;WIPE_END
G1 X174.442 Y170.551 F9000
G1 E5 F2400
;WIDTH:0.439999
G1 F7200
G1 X163.416 Y181.577 E.51484
G1 X163.696 Y181.858 E.0131
G1 X174.266 Y171.288 E.49355
G1 X174.153 Y171.963 E.0226
G1 X163.977 Y182.139 E.47515
G1 X164.258 Y182.42 E.01312
G1 X174.15 Y172.528 E.46189
G1 X174.15 Y173.089 E.01852
G1 X164.539 Y182.7 E.44877
G1 X164.82 Y182.981 E.01312
G1 X174.15 Y173.651 E.43565
G1 X174.15 Y174.212 E.01852
G1 X165.1 Y183.262 E.42258
G1 X165.381 Y183.543 E.01312
G1 X174.15 Y174.774 E.40945
G1 X174.15 Y175.335 E.01852
G1 X165.662 Y183.824 E.39636
G1 X165.943 Y184.104 E.0131
G1 X174.15 Y175.897 E.38321
G1 X174.15 Y176.458 E.01852
G1 X166.223 Y184.385 E.37014
G1 X166.504 Y184.666 E.01312
G1 X174.151 Y177.019 E.35706
G1 X174.225 Y177.506 E.01626
G1 X166.785 Y184.947 E.34742
G1 X167.066 Y185.227 E.0131
G1 X174.319 Y177.975 E.33864
G1 X174.435 Y178.42 E.01518
G1 X167.347 Y185.508 E.33096
G1 X167.627 Y185.789 E.0131
G1 X174.636 Y178.78 E.32727
G1 X174.859 Y179.119 E.0134
G1 X167.908 Y186.07 E.32457
G1 X168.189 Y186.351 E.01312
G1 X175.081 Y179.459 E.32181
G1 X175.343 Y179.758 E.01313
G1 X168.47 Y186.631 E.32092
G1 X168.962 Y186.7 E.0164
G1 X175.677 Y179.985 E.31355
G1 X176.011 Y180.213 E.01335
G1 X169.524 Y186.7 E.3029
G1 X170.086 Y186.7 E.01856
G1 X176.351 Y180.435 E.29253
G1 X176.759 Y180.588 E.01439
G1 X170.647 Y186.7 E.28539
G1 X171.209 Y186.7 E.01856
G1 X177.227 Y180.681 E.28102
G1 X177.696 Y180.775 E.01579
G1 X171.77 Y186.7 E.27668
G1 X172.332 Y186.7 E.01856
G1 X178.352 Y180.686 E.28095
;WIDTH:0.41146
G1 X178.435 Y180.61 E.00345
;WIDTH:0.38292
G1 X178.394 Y180.621 E.0012
G1 X178.375 Y180.55 E.00208
G1 X178.446 Y180.569 E.00208
;WIDTH:0.439999
G1 X178.954 Y180.64 E.01694
G1 X172.893 Y186.7 E.28299
G1 X173.766 Y186.846 F9000
;WIDTH:0.38292
G1 F7200
G1 X173.725 Y186.857 E.0012
G1 X173.706 Y186.786 E.00208
G1 X173.777 Y186.805 E.00208
;WIDTH:0.41146
G1 X173.616 Y186.753 E.00518
;WIDTH:0.439999
G1 X173.455 Y186.7 E.0056
G1 X179.836 Y180.319 E.29795
G1 E-3.5 F3600
;WIPE_START
G1 F7200
G1 X177.603 Y182.552 E-1.5
;WIPE_END
G1 X174.016 Y186.7 F9000
G1 E5 F2400
G1 F7200
G1 X186.7 Y174.016 E.59226
G1 X186.7 Y174.578 E.01856
G1 X174.578 Y186.7 E.56602
G1 X175.14 Y186.7 E.01856
G1 X186.7 Y175.14 E.53978
G1 X186.7 Y175.701 E.01852
G1 X175.701 Y186.7 E.51358
G1 X176.263 Y186.7 E.01856
G1 X186.7 Y176.263 E.48734
G1 X186.7 Y176.824 E.01852
G1 X176.824 Y186.7 E.46114
G1 X177.386 Y186.7 E.01856
G1 X186.7 Y177.386 E.4349
G1 X186.7 Y177.947 E.01852
G1 X177.947 Y186.7 E.40871
G1 X178.509 Y186.7 E.01856
G1 X186.7 Y178.509 E.38247
G1 X186.7 Y179.07 E.01852
G1 X179.07 Y186.7 E.35627
G1 X179.632 Y186.7 E.01856
G1 X186.7 Y179.632 E.33003
G1 X186.7 Y180.194 E.01856
G1 X180.194 Y186.7 E.30379
G1 X180.755 Y186.7 E.01852
G1 X186.7 Y180.755 E.27759
G1 X186.7 Y181.317 E.01856
G1 X181.317 Y186.7 E.25135
G1 X181.878 Y186.7 E.01852
G1 X186.7 Y181.878 E.22516
G1 X186.7 Y182.44 E.01856
G1 X182.44 Y186.7 E.19891
G1 X183.001 Y186.7 E.01852
G1 X186.7 Y183.001 E.17272
G1 X186.7 Y183.563 E.01856
G1 X183.563 Y186.7 E.14648
G1 X184.124 Y186.7 E.01852
G1 X186.7 Y184.124 E.12028
G1 X186.911 Y184.523 E.0149
;WIDTH:0.38292
G1 X186.84 Y184.504 E.00208
G1 X186.859 Y184.575 E.00208
G1 X186.9 Y184.564 E.0012
;WIDTH:0.41146
G1 X186.8 Y184.625 E.00359
;WIDTH:0.439999
G1 X186.7 Y184.686 E.00387
G1 X184.686 Y186.7 E.09404
G1 X184.625 Y186.8 E.00387
;WIDTH:0.41146
G1 X184.564 Y186.9 E.00359
;WIDTH:0.38292
G1 X184.523 Y186.911 E.0012
G1 X184.504 Y186.84 E.00208
G1 X184.575 Y186.859 E.00208
G1 E-3.5 F3600
;WIPE_START
G1 F7200
G1 X184.504 Y186.84 E-.03491
G1 X184.523 Y186.911 E-.03491
G1 X184.564 Y186.9 E-.02016
G1 X184.625 Y186.8 E-.05564
G1 X184.686 Y186.7 E-.05564
G1 X186.619 Y184.767 E-1.29874
;WIPE_END
G1 X186.56 Y185.388 F9000
G1 E5 F2400
;WIDTH:0.439999
G1 F7200
G1 X185.248 Y186.7 E.06126
G1 X186.7 Y186.7 E.04794
G1 X186.7 Y185.248 E.04794
G1 X186.329 Y186.26 F9000
;WIDTH:0.496712
G1 F7200
G1 X186.289 Y186.22 E.00213
G1 X186.235 Y186.235 E.00211
G1 X186.22 Y186.289 E.00211
G1 X186.26 Y186.329 E.00213
G1 X186.315 Y186.315 E.00214
;LAYER_CHANGE
;Z:1
;HEIGHT:0.2
;BEFORE_LAYER_CHANGE
G92 E0
;1


G1 E-3.5 F3600
;WIPE_START
G1 F7200
G1 X186.26 Y186.329 E-.02696
G1 X186.22 Y186.289 E-.02687
G1 X186.235 Y186.235 E-.02662
G1 X186.289 Y186.22 E-.02662
G1 X186.329 Y186.26 E-.02687
;WIPE_END
G1 E-1.36606 F3600
G1 Z1 F9000
;AFTER_LAYER_CHANGE
;1
G1 X168.388 Y160.655
G1 E5 F2400
;TYPE:Perimeter
;WIDTH:0.439999
G1 F7200
G1 X168.219 Y160.72 E.00598
G1 X167.84 Y160.723 E.01251
G1 X167.527 Y160.605 E.01104
G1 X167.334 Y160.455 E.00807
G1 X99.545 Y92.666 E3.1653
G1 X99.354 Y92.395 E.01095
G1 X99.265 Y92.08 E.01081
G1 X99.268 Y91.851 E.00756
G1 X99.394 Y91.485 E.01278
G1 X99.603 Y91.237 E.01071
G1 X99.905 Y91.063 E.01151
G1 X100.232 Y91.006 E.01096
G1 X168.021 Y91.006 E2.23821
G1 X168.333 Y91.057 E.01044
G1 X168.647 Y91.234 E.0119
G1 X168.871 Y91.505 E.01161
G1 X168.977 Y91.799 E.01032
G1 X168.994 Y92.845 E.03454
G1 X168.994 Y159.768 E2.20961
G1 X168.925 Y160.127 E.01207
G1 X168.773 Y160.386 E.00992
G1 X168.517 Y160.605 E.01112
G1 X168.444 Y160.633 E.00258
G1 X168.235 Y160.287 F9000
G1 F7200
G1 X168.093 Y160.339 E.00499
G1 X167.814 Y160.305 E.00928
G1 X167.614 Y160.175 E.00788
G1 X99.825 Y92.386 E3.1653
G1 X99.679 Y92.136 E.00956
G1 X99.662 Y91.903 E.00771
G1 X99.74 Y91.681 E.00777
G1 X99.947 Y91.479 E.00955
G1 X100.232 Y91.403 E.00974
G1 X168.021 Y91.403 E2.23821
G1 X168.274 Y91.461 E.00857
G1 X168.485 Y91.637 E.00907
G1 X168.587 Y91.872 E.00846
G1 X168.597 Y92.845 E.03213
G1 X168.597 Y159.768 E2.20961
G1 X168.533 Y160.031 E.00894
G1 X168.334 Y160.251 E.00979
G1 X168.292 Y160.266 E.00147
G1 X168.086 Y159.927 F9000
;TYPE:External perimeter
;WIDTH:0.419999
G1 F3600
G1 X167.996 Y159.954 E.00295
G1 X167.888 Y159.901 E.00377
G1 X100.099 Y92.112 E3.00587
G1 X100.046 Y91.954 E.00523
G1 X100.123 Y91.825 E.00471
G1 X100.232 Y91.79 E.00359
G1 X168.021 Y91.79 E2.12547
G1 X168.158 Y91.848 E.00466
G1 X168.21 Y91.979 E.00442
G1 X168.21 Y159.768 E2.12547
G1 X168.148 Y159.907 E.00477
G1 X168.143 Y159.909 E.00017
G1 E-3.5
;WIPE_START
G1 F7200
G1 X168.086 Y159.927 E-.02839
G1 X167.996 Y159.954 E-.04463
G1 X167.888 Y159.901 E-.05714
G1 X165.849 Y157.862 E-1.36984
;WIPE_END
G1 X89.68 Y84.374 F9000
G1 E5 F2400
;TYPE:Perimeter
;WIDTH:0.439999
G1 F3600
G1 X89.603 Y84.471 E.00409
G1 X88.999 Y84.896 E.02438
G1 X88.482 Y85.252 E.02073
G1 X88.167 Y85.395 E.01142
G1 X88.047 Y85.417 E.00403
G1 X86.801 Y85.569 E.04144
G1 X86.434 Y85.543 E.01215
G1 X85.166 Y85.067 E.04472
G1 X84.849 Y84.871 E.01231
G1 X83.95 Y83.864 E.04457
G1 X83.771 Y83.568 E.01142
G1 X83.433 Y82.233 E.04547
G1 X83.412 Y81.882 E.01161
G1 X83.734 Y80.549 E.04528
G1 X83.87 Y80.24 E.01115
G1 X83.95 Y80.136 E.00433
G1 X84.782 Y79.197 E.04142
G1 X85.017 Y79.004 E.01004
G1 X86.339 Y78.488 E.04686
G1 X86.684 Y78.424 E.01159
G1 X88.047 Y78.583 E.04531
G1 X88.28 Y78.641 E.00793
G1 X88.482 Y78.748 E.00755
G1 X89.515 Y79.461 E.04144
G1 X89.747 Y79.686 E.01067
G1 X89.824 Y79.809 E.00479
G1 X90.407 Y80.92 E.04143
G1 X90.515 Y81.293 E.01282
G1 X90.519 Y82.628 E.04408
G1 X90.447 Y82.994 E.01232
G1 X89.824 Y84.191 E.04455
G1 X89.717 Y84.327 E.00571
G1 X89.381 Y84.109 F9000
G1 F3600
G1 X89.29 Y84.213 E.00456
G1 X88.257 Y84.925 E.04142
G1 X87.999 Y85.023 E.00911
G1 X86.753 Y85.174 E.04144
G1 X86.48 Y85.141 E.00908
G1 X85.306 Y84.696 E.04145
G1 X85.08 Y84.54 E.00907
G1 X84.247 Y83.6 E.04147
G1 X84.119 Y83.356 E.0091
G1 X83.819 Y82.138 E.04142
G1 X83.819 Y81.862 E.00911
G1 X84.119 Y80.644 E.04142
G1 X84.247 Y80.4 E.0091
G1 X85.08 Y79.46 E.04147
G1 X85.306 Y79.304 E.00907
G1 X86.48 Y78.859 E.04145
G1 X86.753 Y78.826 E.00908
G1 X87.999 Y78.977 E.04144
G1 X88.257 Y79.075 E.00911
G1 X89.29 Y79.787 E.04142
G1 X89.472 Y79.994 E.0091
G1 X90.056 Y81.105 E.04144
G1 X90.122 Y81.372 E.00908
G1 X90.122 Y82.628 E.04147
G1 X90.056 Y82.895 E.00908
G1 X89.472 Y84.006 E.04144
G1 X89.421 Y84.064 E.00255
G1 X89.092 Y83.854 F9000
;TYPE:External perimeter
;WIDTH:0.419999
G1 F3600
G1 X88.553 Y84.25 E.02097
G1 X88.037 Y84.607 E.01967
G1 X87.953 Y84.639 E.00282
G1 X86.707 Y84.79 E.03935
G1 X86.617 Y84.779 E.00284
G1 X85.444 Y84.334 E.03934
G1 X85.095 Y83.974 E.01572
G1 X84.537 Y83.344 E.02639
G1 X84.495 Y83.264 E.00283
G1 X84.195 Y82.045 E.03936
G1 X84.195 Y81.955 E.00282
G1 X84.495 Y80.736 E.03936
G1 X84.537 Y80.656 E.00283
G1 X85.369 Y79.717 E.03934
G1 X85.444 Y79.666 E.00284
G1 X86.617 Y79.221 E.03934
G1 X86.707 Y79.21 E.00284
G1 X87.953 Y79.361 E.03935
G1 X88.037 Y79.393 E.00282
G1 X89.07 Y80.106 E.03935
G1 X89.13 Y80.174 E.00284
G1 X89.713 Y81.285 E.03934
G1 X89.734 Y82.628 E.04211
G1 X89.135 Y83.815 E.04169
G1 E-3.5
;WIPE_START
G1 F7200
G1 X89.092 Y83.854 E-.02757
G1 X88.553 Y84.25 E-.3177
G1 X88.037 Y84.607 E-.29804
G1 X87.953 Y84.639 E-.0427
G1 X86.707 Y84.79 E-.59618
G1 X86.617 Y84.779 E-.04307
G1 X86.273 Y84.649 E-.17474
;WIPE_END
G1 X174.423 Y82 F9000
G1 E5 F2400
;TYPE:Perimeter
;WIDTH:0.439999
G1 F3600
G1 X174.433 Y81.767 E.0077
G1 X174.734 Y80.549 E.04142
G1 X174.87 Y80.24 E.01115
G1 X175.782 Y79.197 E.04575
G1 X176.017 Y79.004 E.01004
G1 X177.339 Y78.488 E.04686
G1 X177.684 Y78.424 E.01159
G1 X177.801 Y78.431 E.00387
G1 X179.047 Y78.583 E.04144
G1 X179.28 Y78.641 E.00793
G1 X179.482 Y78.748 E.00755
G1 X180.515 Y79.461 E.04144
G1 X180.734 Y79.668 E.00995
G1 X180.824 Y79.809 E.00552
G1 X181.407 Y80.92 E.04143
G1 X181.49 Y81.136 E.00764
G1 X181.519 Y81.372 E.00785
G1 X181.519 Y82.628 E.04147
G1 X181.49 Y82.864 E.00785
G1 X181.407 Y83.08 E.00764
G1 X180.824 Y84.191 E.04143
G1 X180.629 Y84.447 E.01063
G1 X179.482 Y85.252 E.04627
G1 X179.148 Y85.4 E.01206
G1 X177.801 Y85.569 E.04482
G1 X177.427 Y85.541 E.01238
G1 X176.166 Y85.067 E.04448
G1 X175.855 Y84.877 E.01203
G1 X174.95 Y83.864 E.04485
G1 X174.763 Y83.547 E.01215
G1 X174.417 Y82.15 E.04752
G1 X174.421 Y82.06 E.00297
G1 X174.819 Y82 F9000
G1 F3600
G1 X174.819 Y81.862 E.00456
G1 X175.119 Y80.644 E.04142
G1 X175.247 Y80.4 E.0091
G1 X176.08 Y79.46 E.04147
G1 X176.306 Y79.304 E.00907
G1 X177.48 Y78.859 E.04145
G1 X177.753 Y78.826 E.00908
G1 X178.999 Y78.977 E.04144
G1 X179.257 Y79.075 E.00911
G1 X180.29 Y79.788 E.04144
G1 X180.472 Y79.994 E.00908
G1 X181.056 Y81.105 E.04144
G1 X181.122 Y81.372 E.00908
G1 X181.122 Y82.628 E.04147
G1 X181.056 Y82.895 E.00908
G1 X180.472 Y84.006 E.04144
G1 X180.29 Y84.213 E.0091
G1 X179.257 Y84.925 E.04142
G1 X178.999 Y85.023 E.00911
G1 X177.753 Y85.174 E.04144
G1 X177.48 Y85.141 E.00908
G1 X176.306 Y84.696 E.04145
G1 X176.08 Y84.54 E.00907
G1 X175.247 Y83.6 E.04147
G1 X175.119 Y83.356 E.0091
G1 X174.819 Y82.138 E.04142
G1 X174.819 Y82.06 E.00258
G1 X175.189 Y82 F9000
;TYPE:External perimeter
;WIDTH:0.419999
G1 F3600
G1 X175.195 Y81.955 E.00142
G1 X175.495 Y80.736 E.03936
G1 X175.537 Y80.656 E.00283
G1 X176.369 Y79.717 E.03934
G1 X176.444 Y79.666 E.00284
G1 X177.617 Y79.221 E.03934
G1 X177.707 Y79.21 E.00284
G1 X178.953 Y79.361 E.03935
G1 X179.037 Y79.393 E.00282
G1 X180.07 Y80.106 E.03935
G1 X180.13 Y80.174 E.00284
G1 X180.713 Y81.285 E.03934
G1 X180.734 Y81.372 E.00281
G1 X180.734 Y82.628 E.03938
G1 X180.713 Y82.715 E.00281
G1 X180.13 Y83.826 E.03934
G1 X180.07 Y83.894 E.00284
G1 X179.037 Y84.607 E.03935
G1 X178.953 Y84.639 E.00282
G1 X177.707 Y84.79 E.03935
G1 X176.444 Y84.334 E.0421
G1 X175.537 Y83.344 E.0421
G1 X175.305 Y82.493 E.02766
G1 X175.203 Y82.058 E.01401
G1 E-3.5
;WIPE_START
G1 F7200
G1 X175.189 Y82 E-.02834
G1 X175.195 Y81.955 E-.02156
G1 X175.495 Y80.736 E-.5963
G1 X175.537 Y80.656 E-.04292
G1 X176.369 Y79.717 E-.59592
G1 X176.444 Y79.666 E-.04308
G1 X176.782 Y79.538 E-.17188
;WIPE_END
G1 X177.854 Y143.526 F9000
G1 E5 F2400
;TYPE:Perimeter
;WIDTH:0.439999
G1 F3600
G1 X177.88 Y143.521 E.00087
G1 X178.242 Y143.525 E.01195
G1 X179.205 Y143.716 E.03241
G1 X179.555 Y143.861 E.01251
G1 X180.374 Y144.408 E.03252
G1 X180.642 Y144.676 E.01251
G1 X181.189 Y145.495 E.03252
G1 X181.334 Y145.845 E.01251
G1 X181.525 Y146.808 E.03241
G1 X181.544 Y146.998 E.0063
G1 X181.544 Y152.002 E.16522
G1 X181.334 Y153.155 E.0387
G1 X181.189 Y153.505 E.01251
G1 X180.642 Y154.324 E.03252
G1 X180.374 Y154.592 E.01251
G1 X179.555 Y155.139 E.03252
G1 X179.187 Y155.287 E.0131
G1 X178.12 Y155.479 E.0358
G1 X177.758 Y155.475 E.01195
G1 X176.795 Y155.284 E.03241
G1 X176.445 Y155.139 E.01251
G1 X175.626 Y154.592 E.03252
G1 X175.358 Y154.324 E.01251
G1 X174.811 Y153.505 E.03252
G1 X174.666 Y153.155 E.01251
G1 X174.475 Y152.192 E.03241
G1 X174.456 Y152.002 E.0063
G1 X174.456 Y146.998 E.16522
G1 X174.666 Y145.845 E.0387
G1 X174.811 Y145.495 E.01251
G1 X175.358 Y144.676 E.03252
G1 X175.626 Y144.408 E.01251
G1 X176.445 Y143.861 E.03252
G1 X176.813 Y143.713 E.0131
G1 X177.795 Y143.536 E.03295
G1 X177.893 Y143.922 F9000
G1 F3600
G1 X177.95 Y143.912 E.00191
G1 X178.164 Y143.914 E.00707
G1 X179.127 Y144.106 E.03242
G1 X179.335 Y144.191 E.00742
G1 X180.153 Y144.738 E.03249
G1 X180.312 Y144.897 E.00742
G1 X180.859 Y145.715 E.03249
G1 X180.944 Y145.923 E.00742
G1 X181.147 Y146.998 E.03612
G1 X181.147 Y152.002 E.16522
G1 X180.944 Y153.077 E.03612
G1 X180.859 Y153.285 E.00742
G1 X180.312 Y154.103 E.03249
G1 X180.153 Y154.262 E.00742
G1 X179.335 Y154.809 E.03249
G1 X179.117 Y154.896 E.00775
G1 X178.05 Y155.088 E.0358
G1 X177.836 Y155.086 E.00707
G1 X176.873 Y154.894 E.03242
G1 X176.665 Y154.809 E.00742
G1 X175.847 Y154.262 E.03249
G1 X175.688 Y154.103 E.00742
G1 X175.141 Y153.285 E.03249
G1 X175.056 Y153.077 E.00742
G1 X174.864 Y152.114 E.03242
G1 X174.853 Y146.998 E.16892
G1 X175.056 Y145.923 E.03612
G1 X175.141 Y145.715 E.00742
G1 X175.688 Y144.897 E.03249
G1 X175.847 Y144.738 E.00742
G1 X176.665 Y144.191 E.03249
G1 X176.883 Y144.104 E.00775
G1 X177.834 Y143.933 E.0319
G1 X177.931 Y144.309 F9000
;TYPE:External perimeter
;WIDTH:0.419999
G1 F3600
G1 X178.019 Y144.293 E.0028
G1 X179.052 Y144.485 E.03294
G1 X179.938 Y145.06 E.03312
G1 X180.537 Y145.93 E.03312
G1 X180.565 Y145.998 E.00231
G1 X180.76 Y146.998 E.03194
G1 X180.76 Y152.002 E.1569
G1 X180.565 Y153.002 E.03194
G1 X179.99 Y153.888 E.03312
G1 X179.12 Y154.487 E.03312
G1 X178.226 Y154.663 E.02857
G1 X177.911 Y154.706 E.00997
G1 X176.948 Y154.515 E.03078
G1 X176.062 Y153.94 E.03312
G1 X175.463 Y153.07 E.03312
G1 X175.244 Y152.039 E.03305
G1 X175.24 Y146.998 E.15806
G1 X175.435 Y145.998 E.03194
G1 X176.01 Y145.112 E.03312
G1 X176.88 Y144.513 E.03312
G1 X176.952 Y144.485 E.00242
G1 X177.872 Y144.319 E.02931
G1 E-3.5
;WIPE_START
G1 F7200
G1 X177.931 Y144.309 E-.02842
G1 X178.019 Y144.293 E-.04249
G1 X179.052 Y144.485 E-.49908
G1 X179.938 Y145.06 E-.50171
G1 X180.449 Y145.803 E-.4283
;WIPE_END
G1 X177.855 Y168.54 F9000
G1 E5 F2400
;TYPE:Perimeter
;WIDTH:0.439999
G1 F3600
G1 X178.13 Y168.509 E.00914
G1 X178.895 Y168.654 E.02571
G1 X179.435 Y168.793 E.01841
G1 X180.374 Y169.408 E.03706
G1 X180.642 Y169.676 E.01251
G1 X181.189 Y170.495 E.03252
G1 X181.334 Y170.845 E.01251
G1 X181.525 Y171.808 E.03241
G1 X181.544 Y171.998 E.0063
G1 X181.544 Y177.002 E.16522
G1 X181.334 Y178.155 E.0387
G1 X181.189 Y178.505 E.01251
G1 X180.642 Y179.324 E.03252
G1 X180.374 Y179.592 E.01251
G1 X179.555 Y180.139 E.03252
G1 X179.187 Y180.287 E.0131
G1 X178.116 Y180.48 E.03593
G1 X177.758 Y180.475 E.01182
G1 X176.795 Y180.284 E.03241
G1 X176.445 Y180.139 E.01251
G1 X175.626 Y179.592 E.03252
G1 X175.358 Y179.324 E.01251
G1 X174.811 Y178.505 E.03252
G1 X174.666 Y178.155 E.01251
G1 X174.475 Y177.192 E.03241
G1 X174.456 Y177.002 E.0063
G1 X174.456 Y171.998 E.16522
G1 X174.666 Y170.845 E.0387
G1 X174.811 Y170.495 E.01251
G1 X175.358 Y169.676 E.03252
G1 X175.626 Y169.408 E.01251
G1 X176.445 Y168.861 E.03252
G1 X176.801 Y168.715 E.0127
G1 X177.635 Y168.565 E.02798
G1 X177.796 Y168.547 E.00535
G1 X177.893 Y168.922 F9000
G1 F3600
G1 X177.95 Y168.912 E.00191
G1 X178.164 Y168.914 E.00707
G1 X179.127 Y169.106 E.03242
G1 X179.335 Y169.191 E.00742
G1 X180.153 Y169.738 E.03249
G1 X180.312 Y169.897 E.00742
G1 X180.859 Y170.715 E.03249
G1 X180.944 Y170.923 E.00742
G1 X181.136 Y171.886 E.03242
G1 X181.147 Y177.002 E.16892
G1 X180.944 Y178.077 E.03612
G1 X180.859 Y178.285 E.00742
G1 X180.312 Y179.103 E.03249
G1 X180.153 Y179.262 E.00742
G1 X179.335 Y179.809 E.03249
G1 X179.117 Y179.896 E.00775
G1 X178.047 Y180.088 E.03589
G1 X177.836 Y180.086 E.00697
G1 X176.873 Y179.894 E.03242
G1 X176.665 Y179.809 E.00742
G1 X175.847 Y179.262 E.03249
G1 X175.688 Y179.103 E.00742
G1 X175.141 Y178.285 E.03249
G1 X175.056 Y178.077 E.00742
G1 X174.853 Y177.002 E.03612
G1 X174.853 Y171.998 E.16522
G1 X175.056 Y170.923 E.03612
G1 X175.141 Y170.715 E.00742
G1 X175.688 Y169.897 E.03249
G1 X175.847 Y169.738 E.00742
G1 X176.665 Y169.191 E.03249
G1 X176.883 Y169.104 E.00775
G1 X177.834 Y168.933 E.0319
G1 X177.932 Y169.315 F9000
;TYPE:External perimeter
;WIDTH:0.419999
G1 F3600
G1 X178.089 Y169.294 E.00497
G1 X179.052 Y169.485 E.03078
G1 X179.938 Y170.06 E.03312
G1 X180.537 Y170.93 E.03312
G1 X180.756 Y171.961 E.03305
G1 X180.76 Y177.002 E.15806
G1 X180.565 Y178.002 E.03194
G1 X179.99 Y178.888 E.03312
G1 X179.12 Y179.487 E.03312
G1 X179.048 Y179.515 E.00242
G1 X177.98 Y179.707 E.03402
G1 X176.948 Y179.515 E.03291
G1 X176.062 Y178.94 E.03312
G1 X175.649 Y178.347 E.02266
G1 X175.435 Y178.002 E.01273
G1 X175.24 Y177.002 E.03194
G1 X175.24 Y171.998 E.1569
G1 X175.435 Y170.998 E.03194
G1 X176.01 Y170.112 E.03312
G1 X176.88 Y169.513 E.03312
G1 X177.774 Y169.337 E.02857
G1 X177.872 Y169.323 E.0031
G1 E-3.5
;WIPE_START
G1 F7200
G1 X177.932 Y169.315 E-.02875
G1 X178.089 Y169.294 E-.07524
G1 X179.052 Y169.485 E-.46634
G1 X179.938 Y170.06 E-.50171
G1 X180.449 Y170.802 E-.42796
;WIPE_END
G1 X168.412 Y187.006 F9000
G1 E5 F2400
;TYPE:Perimeter
;WIDTH:0.439999
G1 F7200
G1 X72.994 Y91.588 E4.4554
G1 X72.994 Y72.994 E.61392
G1 X187.006 Y72.994 E3.76436
G1 X187.006 Y76.784 E.12514
G1 X187.006 Y187.006 E3.63923
G1 X168.472 Y187.006 E.61194
G1 X168.247 Y187.403 F9000
G1 F7200
G1 X72.597 Y91.753 E4.46623
G1 X72.597 Y72.597 E.63248
G1 X187.403 Y72.597 E3.79058
G1 X187.403 Y76.784 E.13824
G1 X187.403 Y187.403 E3.65234
G1 X168.307 Y187.403 E.6305
G1 X168.087 Y187.79 F9000
;TYPE:External perimeter
;WIDTH:0.419999
G1 F3600
G1 X72.21 Y91.913 E4.25134
G1 X72.21 Y72.21 E.61777
G1 X187.79 Y72.21 E3.62392
G1 X187.79 Y76.784 E.14341
G1 X187.79 Y187.79 E3.48051
G1 X168.147 Y187.79 E.61589
G1 E-3.5
;WIPE_START
G1 F7200
G1 X168.087 Y187.79 E-.0285
G1 X165.896 Y185.599 E-1.4715
;WIPE_END
G1 X156.672 Y174.833 F9000
G1 E5 F2400
;TYPE:Internal infill
;WIDTH:0.44
G1 F7200
G1 X158.356 Y176.518 E.07866
G1 X179.305 Y155.569 E.97818
G1 X178.232 Y155.769 E.03604
G1 X186.7 Y164.238 E.39542
G1 X186.7 Y163.149 E.03596
G1 X180.627 Y169.221 E.28355
G1 X179.719 Y168.603 E.03626
G1 X179.414 Y168.454 E.01121
G1 X178.256 Y168.216 E.03903
G1 X177.936 Y168.205 E.01057
G1 X176.739 Y168.415 E.04013
G1 X176.167 Y168.679 E.0208
G1 X168.457 Y160.969 E.36001
G1 X167.998 Y161.046 E.01537
G1 X167.559 Y160.96 E.01477
G1 X167.288 Y160.816 E.01013
G1 X166.916 Y160.47 E.01677
G1 X154.612 Y172.774 E.57452
G1 X150.869 Y169.03 E.1748
G1 X163.173 Y156.727 E.57449
G1 X159.429 Y152.983 E.17482
G1 X147.125 Y165.287 E.57452
G1 X143.381 Y161.543 E.17482
G1 X155.685 Y149.239 E.57452
G1 X151.941 Y145.496 E.1748
G1 X139.638 Y157.799 E.57447
G1 X135.894 Y154.056 E.1748
G1 X148.198 Y141.752 E.57452
G1 X144.454 Y138.008 E.17482
G1 X132.15 Y150.312 E.57452
G1 X128.407 Y146.568 E.1748
G1 X140.71 Y134.264 E.57449
G1 X139.026 Y132.58 E.07863
G1 E-3.5 F3600
;WIPE_START
G1 F7200
G1 X140.71 Y134.264 E-1.13123
G1 X140.161 Y134.813 E-.36877
;WIPE_END
G1 X131.164 Y124.718 F9000
G1 E5 F2400
G1 F7200
G1 X129.479 Y123.033 E.07868
G1 X117.175 Y135.337 E.57452
G1 X120.919 Y139.081 E.17482
G1 X133.223 Y126.777 E.57452
G1 X136.967 Y130.521 E.17482
G1 X124.663 Y142.825 E.57452
G1 X126.348 Y144.509 E.07866
G1 E-3.5 F3600
;WIPE_START
G1 F7200
G1 X124.663 Y142.825 E-1.13157
G1 X125.211 Y142.277 E-.36843
;WIPE_END
G1 X111.747 Y129.909 F9000
G1 E5 F2400
G1 F7200
G1 X113.432 Y131.593 E.07866
G1 X125.736 Y119.29 E.57449
G1 X121.992 Y115.546 E.17482
G1 X109.688 Y127.85 E.57452
G1 X105.944 Y124.106 E.17482
G1 X118.248 Y111.802 E.57452
G1 X114.504 Y108.059 E.1748
G1 X102.201 Y120.362 E.57447
G1 X98.457 Y116.619 E.1748
G1 X110.761 Y104.315 E.57452
G1 X107.017 Y100.571 E.17482
G1 X94.713 Y112.875 E.57452
G1 X90.97 Y109.131 E.1748
G1 X103.273 Y96.827 E.57449
G1 X101.589 Y95.143 E.07863
G1 E-3.5 F3600
;WIPE_START
G1 F7200
G1 X103.273 Y96.827 E-1.13123
G1 X102.724 Y97.376 E-.36877
;WIPE_END
G1 X104.296 Y90.7 F9000
G1 E5 F2400
G1 F7200
G1 X101.913 Y90.7 E.07868
G1 X119.313 Y73.3 E.81247
G1 X118.224 Y73.3 E.03596
G1 X135.625 Y90.7 E.81249
G1 X139.35 Y90.7 E.12299
G1 X156.75 Y73.3 E.81247
G1 X155.661 Y73.3 E.03596
G1 X186.7 Y104.339 E1.44932
G1 X186.7 Y103.25 E.03596
G1 X169.3 Y120.65 E.81247
G1 X169.3 Y124.375 E.12299
G1 X186.7 Y141.776 E.81249
G1 X186.7 Y140.687 E.03596
G1 X181.627 Y145.76 E.23688
G1 X181.85 Y146.993 E.04137
G1 X181.85 Y148.121 E.03724
G1 E-3.5 F3600
;WIPE_START
G1 F7200
G1 X181.85 Y146.993 E-.5358
G1 X181.627 Y145.76 E-.59518
G1 X182.176 Y145.211 E-.36902
;WIPE_END
G1 X174.955 Y144.73 F9000
G1 E5 F2400
G1 F7200
G1 X175.269 Y144.305 E.01745
G1 X176.316 Y143.584 E.04197
G1 X186.7 Y133.199 E.48489
G1 X186.7 Y134.288 E.03596
G1 X169.3 Y116.888 E.81247
G1 X169.3 Y113.162 E.12302
G1 X186.7 Y95.762 E.81247
G1 X186.7 Y96.851 E.03596
G1 X163.149 Y73.3 E1.09968
G1 X164.238 Y73.3 E.03596
G1 X146.838 Y90.7 E.81247
G1 X143.112 Y90.7 E.12302
G1 X125.712 Y73.3 E.81247
G1 X126.801 Y73.3 E.03596
G1 X109.401 Y90.7 E.81247
G1 X105.675 Y90.7 E.12302
G1 X88.275 Y73.3 E.81247
G1 X89.364 Y73.3 E.03596
G1 X73.3 Y89.364 E.75008
G1 X73.3 Y88.275 E.03596
G1 X171.725 Y186.7 E4.59581
G1 X170.636 Y186.7 E.03596
G1 X176.75 Y180.587 E.28546
G1 X177.73 Y180.781 E.03298
G1 X178.164 Y180.781 E.01433
G1 X179.498 Y180.514 E.04492
G1 X180.126 Y180.126 E.02437
G1 X186.7 Y186.7 E.30696
G1 X185.611 Y186.7 E.03596
G1 X186.7 Y185.611 E.05085
G1 X186.7 Y183.229 E.07865
G1 E-3.5 F3600
;WIPE_START
G1 F7200
G1 X186.7 Y185.611 E-1.13145
G1 X186.151 Y186.16 E-.36855
;WIPE_END
G1 X169.3 Y155.704 F9000
G1 E5 F2400
G1 F7200
G1 X169.3 Y158.087 E.07868
G1 X174.334 Y153.053 E.23506
G1 X174.169 Y152.22 E.02804
G1 X174.15 Y151.688 E.01758
G1 X169.3 Y146.838 E.22646
G1 X169.3 Y143.112 E.12302
G1 X186.7 Y125.712 E.81247
G1 X186.7 Y126.801 E.03596
G1 X169.3 Y109.401 E.81247
G1 X169.3 Y105.675 E.12302
G1 X186.7 Y88.275 E.81247
G1 X186.7 Y89.364 E.03596
G1 X181.292 Y83.956 E.25252
G1 X181.787 Y82.938 E.03737
G1 X181.824 Y81.366 E.05192
G1 X181.681 Y80.784 E.01979
G1 X181.093 Y79.663 E.0418
G1 X180.746 Y79.254 E.01771
G1 X186.7 Y73.3 E.27801
G1 X186.7 Y74.389 E.03596
G1 X185.611 Y73.3 E.05085
G1 X183.229 Y73.3 E.07865
G1 E-3.5 F3600
;WIPE_START
G1 F7200
G1 X185.611 Y73.3 E-1.13145
G1 X186.16 Y73.849 E-.36855
;WIPE_END
G1 X163.192 Y90.7 F9000
G1 E5 F2400
G1 F7200
G1 X165.574 Y90.7 E.07865
G1 X148.174 Y73.3 E.81247
G1 X149.263 Y73.3 E.03596
G1 X131.863 Y90.7 E.81247
G1 X128.137 Y90.7 E.12302
G1 X110.737 Y73.3 E.81247
G1 X111.826 Y73.3 E.03596
G1 X83.482 Y101.644 E1.32348
G1 X87.226 Y105.388 E.17482
G1 X99.53 Y93.084 E.57452
G1 X99.186 Y92.714 E.01668
G1 X98.986 Y92.266 E.0162
G1 X98.954 Y92.019 E.00822
G1 X99.034 Y91.547 E.01581
G1 X90.687 Y83.2 E.38975
G1 X90.824 Y82.633 E.01926
G1 X90.806 Y81.154 E.04884
G1 X90.679 Y80.781 E.01301
G1 X90.229 Y79.922 E.03202
G1 X96.851 Y73.3 E.3092
G1 X95.762 Y73.3 E.03596
G1 X113.162 Y90.7 E.81247
G1 X116.888 Y90.7 E.12302
G1 X134.288 Y73.3 E.81247
G1 X133.199 Y73.3 E.03596
G1 X150.599 Y90.7 E.81247
G1 X154.325 Y90.7 E.12302
G1 X171.725 Y73.3 E.81247
G1 X170.636 Y73.3 E.03596
G1 X176.007 Y78.67 E.25077
G1 X175.556 Y78.991 E.01828
G1 X174.536 Y80.206 E.05238
G1 X174.114 Y81.804 E.05457
G1 X174.136 Y82.302 E.01646
G1 X174.532 Y83.787 E.05074
G1 X175.291 Y84.709 E.03943
G1 X168.924 Y91.076 E.2973
G1 X169.138 Y91.355 E.01161
G1 X169.251 Y91.626 E.00969
G1 X169.3 Y91.971 E.01151
G1 X169.3 Y94.426 E.08106
G1 X186.7 Y111.826 E.81247
G1 X186.7 Y110.737 E.03596
G1 X169.3 Y128.137 E.81247
G1 X169.3 Y131.863 E.12302
G1 X186.7 Y149.263 E.81247
G1 X186.7 Y148.174 E.03596
G1 X181.623 Y153.251 E.23706
G1 X181.85 Y151.9 E.04523
G1 X186.7 Y156.75 E.22646
G1 X186.7 Y155.661 E.03596
G1 X162.1 Y180.262 E1.14868
G1 X165.844 Y184.005 E.1748
G1 X174.15 Y175.699 E.38784
G1 X174.15 Y174.15 E.05114
G1 X85.534 Y85.534 E4.13779
G1 X84.887 Y85.264 E.02315
G1 X75.995 Y94.156 E.4152
G1 X79.738 Y97.9 E.1748
G1 X104.339 Y73.3 E1.14868
G1 X103.25 Y73.3 E.03596
G1 X120.65 Y90.7 E.81247
G1 X124.375 Y90.7 E.12299
G1 X141.776 Y73.3 E.81249
G1 X140.687 Y73.3 E.03596
G1 X158.087 Y90.7 E.81247
G1 X161.813 Y90.7 E.12302
G1 X179.213 Y73.3 E.81247
G1 X178.124 Y73.3 E.03596
G1 X186.7 Y81.876 E.40044
G1 X186.7 Y80.787 E.03596
G1 X169.3 Y98.188 E.81249
G1 X169.3 Y101.913 E.12299
G1 X186.7 Y119.313 E.81247
G1 X186.7 Y118.224 E.03596
G1 X169.3 Y135.625 E.81249
G1 X169.3 Y139.35 E.12299
G1 X174.844 Y144.895 E.25889
G1 X174.536 Y145.364 E.01853
G1 X169.3 Y150.599 E.24446
G1 X169.3 Y154.325 E.12302
G1 X186.7 Y171.725 E.81247
G1 X186.7 Y170.636 E.03596
G1 X181.85 Y175.486 E.22646
G1 X181.85 Y174.363 E.03708
G1 X186.7 Y179.213 E.22646
G1 X186.7 Y178.124 E.03596
G1 X178.124 Y186.7 E.40044
G1 X179.213 Y186.7 E.03596
G1 X73.3 Y80.787 E4.94545
G1 X73.3 Y81.876 E.03596
G1 X81.876 Y73.3 E.40044
G1 X80.787 Y73.3 E.03596
G1 X85.838 Y78.351 E.23585
G1 X85.053 Y78.648 E.02771
G1 X84.694 Y78.858 E.01373
G1 X83.536 Y80.206 E.05867
G1 X83.099 Y82.002 E.06103
G1 X83.408 Y83.408 E.04753
G1 X73.3 Y73.3 E.47198
G1 X74.389 Y73.3 E.03596
G1 X73.3 Y74.389 E.05085
G1 X73.3 Y76.771 E.07865
;LAYER_CHANGE
;Z:1.2
;HEIGHT:0.2
;BEFORE_LAYER_CHANGE
G92 E0
;1.2


G1 E-3.5 F3600
;WIPE_START
G1 F7200
G1 X73.3 Y74.389 E-1.13145
G1 X73.849 Y73.84 E-.36855
;WIPE_END
G1 Z1.2 F9000
;AFTER_LAYER_CHANGE
;1.2
G1 X99.35 Y91.614
G1 E5 F2400
;TYPE:Perimeter
;WIDTH:0.439999
G1 F7200
G1 X99.394 Y91.485 E.0045
G1 X99.603 Y91.237 E.01071
G1 X99.905 Y91.063 E.01151
G1 X100.232 Y91.006 E.01096
G1 X168.021 Y91.006 E2.23821
G1 X168.333 Y91.057 E.01044
G1 X168.647 Y91.234 E.0119
G1 X168.871 Y91.505 E.01161
G1 X168.977 Y91.799 E.01032
G1 X168.994 Y92.845 E.03454
G1 X168.994 Y159.768 E2.20961
G1 X168.925 Y160.127 E.01207
G1 X168.773 Y160.386 E.00992
G1 X168.517 Y160.605 E.01112
G1 X168.219 Y160.72 E.01055
G1 X167.84 Y160.723 E.01251
G1 X167.527 Y160.605 E.01104
G1 X167.334 Y160.455 E.00807
G1 X99.545 Y92.666 E3.1653
G1 X99.354 Y92.395 E.01095
G1 X99.265 Y92.08 E.01081
G1 X99.268 Y91.851 E.00756
G1 X99.33 Y91.671 E.00629
G1 X99.711 Y91.764 F9000
G1 F7200
G1 X99.74 Y91.681 E.0029
G1 X99.947 Y91.479 E.00955
G1 X100.232 Y91.403 E.00974
G1 X168.021 Y91.403 E2.23821
G1 X168.274 Y91.461 E.00857
G1 X168.485 Y91.637 E.00907
G1 X168.587 Y91.872 E.00846
G1 X168.597 Y92.845 E.03213
G1 X168.597 Y159.768 E2.20961
G1 X168.533 Y160.031 E.00894
G1 X168.334 Y160.251 E.00979
G1 X168.093 Y160.339 E.00847
G1 X167.814 Y160.305 E.00928
G1 X167.614 Y160.175 E.00788
G1 X99.825 Y92.386 E3.1653
G1 X99.679 Y92.136 E.00956
G1 X99.662 Y91.903 E.00771
G1 X99.691 Y91.821 E.00287
G1 X100.073 Y91.909 F9000
;TYPE:External perimeter
;WIDTH:0.419999
G1 F3600
G1 X100.123 Y91.825 E.00307
G1 X100.232 Y91.79 E.00359
G1 X168.021 Y91.79 E2.12547
G1 X168.158 Y91.848 E.00466
G1 X168.21 Y91.979 E.00442
G1 X168.21 Y159.768 E2.12547
G1 X168.148 Y159.907 E.00477
G1 X167.996 Y159.954 E.00499
G1 X167.888 Y159.901 E.00377
G1 X100.099 Y92.112 E3.00587
G1 X100.048 Y91.961 E.005
G1 E-3.5
;WIPE_START
G1 F7200
G1 X100.073 Y91.909 E-.02741
G1 X100.123 Y91.825 E-.04643
G1 X100.232 Y91.79 E-.05438
G1 X103.12 Y91.79 E-1.37178
;WIPE_END
G1 X89.68 Y84.374 F9000
G1 E5 F2400
;TYPE:Perimeter
;WIDTH:0.439999
G1 F3600
G1 X89.603 Y84.471 E.00409
G1 X88.999 Y84.896 E.02438
G1 X88.482 Y85.252 E.02073
G1 X88.167 Y85.395 E.01142
G1 X88.047 Y85.417 E.00403
G1 X86.801 Y85.569 E.04144
G1 X86.434 Y85.543 E.01215
G1 X85.166 Y85.067 E.04472
G1 X84.849 Y84.871 E.01231
G1 X83.95 Y83.864 E.04457
G1 X83.771 Y83.568 E.01142
G1 X83.433 Y82.233 E.04547
G1 X83.412 Y81.882 E.01161
G1 X83.734 Y80.549 E.04528
G1 X83.87 Y80.24 E.01115
G1 X83.95 Y80.136 E.00433
G1 X84.782 Y79.197 E.04142
G1 X85.017 Y79.004 E.01004
G1 X86.339 Y78.488 E.04686
G1 X86.684 Y78.424 E.01159
G1 X88.047 Y78.583 E.04531
G1 X88.28 Y78.641 E.00793
G1 X88.482 Y78.748 E.00755
G1 X89.515 Y79.461 E.04144
G1 X89.747 Y79.686 E.01067
G1 X89.824 Y79.809 E.00479
G1 X90.407 Y80.92 E.04143
G1 X90.515 Y81.293 E.01282
G1 X90.519 Y82.628 E.04408
G1 X90.447 Y82.994 E.01232
G1 X89.824 Y84.191 E.04455
G1 X89.717 Y84.327 E.00571
G1 X89.381 Y84.109 F9000
G1 F3600
G1 X89.29 Y84.213 E.00456
G1 X88.257 Y84.925 E.04142
G1 X87.999 Y85.023 E.00911
G1 X86.753 Y85.174 E.04144
G1 X86.48 Y85.141 E.00908
G1 X85.306 Y84.696 E.04145
G1 X85.08 Y84.54 E.00907
G1 X84.247 Y83.6 E.04147
G1 X84.119 Y83.356 E.0091
G1 X83.819 Y82.138 E.04142
G1 X83.819 Y81.862 E.00911
G1 X84.119 Y80.644 E.04142
G1 X84.247 Y80.4 E.0091
G1 X85.08 Y79.46 E.04147
G1 X85.306 Y79.304 E.00907
G1 X86.48 Y78.859 E.04145
G1 X86.753 Y78.826 E.00908
G1 X87.999 Y78.977 E.04144
G1 X88.257 Y79.075 E.00911
G1 X89.29 Y79.787 E.04142
G1 X89.472 Y79.994 E.0091
G1 X90.056 Y81.105 E.04144
G1 X90.122 Y81.372 E.00908
G1 X90.122 Y82.628 E.04147
G1 X90.056 Y82.895 E.00908
G1 X89.472 Y84.006 E.04144
G1 X89.421 Y84.064 E.00255
G1 X89.092 Y83.854 F9000
;TYPE:External perimeter
;WIDTH:0.419999
G1 F3600
G1 X88.553 Y84.25 E.02097
G1 X88.037 Y84.607 E.01967
G1 X87.953 Y84.639 E.00282
G1 X86.707 Y84.79 E.03935
G1 X86.617 Y84.779 E.00284
G1 X85.444 Y84.334 E.03934
G1 X85.095 Y83.974 E.01572
G1 X84.537 Y83.344 E.02639
G1 X84.495 Y83.264 E.00283
G1 X84.195 Y82.045 E.03936
G1 X84.195 Y81.955 E.00282
G1 X84.495 Y80.736 E.03936
G1 X84.537 Y80.656 E.00283
G1 X85.369 Y79.717 E.03934
G1 X85.444 Y79.666 E.00284
G1 X86.617 Y79.221 E.03934
G1 X86.707 Y79.21 E.00284
G1 X87.953 Y79.361 E.03935
G1 X88.037 Y79.393 E.00282
G1 X89.07 Y80.106 E.03935
G1 X89.13 Y80.174 E.00284
G1 X89.713 Y81.285 E.03934
G1 X89.734 Y82.628 E.04211
G1 X89.135 Y83.815 E.04169
G1 E-3.5
;WIPE_START
G1 F7200
G1 X89.092 Y83.854 E-.02757
G1 X88.553 Y84.25 E-.3177
G1 X88.037 Y84.607 E-.29804
G1 X87.953 Y84.639 E-.0427
G1 X86.707 Y84.79 E-.59618
G1 X86.617 Y84.779 E-.04307
G1 X86.273 Y84.649 E-.17474
;WIPE_END
G1 X174.423 Y82 F9000
G1 E5 F2400
;TYPE:Perimeter
;WIDTH:0.439999
G1 F3600
G1 X174.433 Y81.767 E.0077
G1 X174.734 Y80.549 E.04142
G1 X174.87 Y80.24 E.01115
G1 X175.782 Y79.197 E.04575
G1 X176.017 Y79.004 E.01004
G1 X177.339 Y78.488 E.04686
G1 X177.684 Y78.424 E.01159
G1 X177.801 Y78.431 E.00387
G1 X179.047 Y78.583 E.04144
G1 X179.28 Y78.641 E.00793
G1 X179.482 Y78.748 E.00755
G1 X180.515 Y79.461 E.04144
G1 X180.734 Y79.668 E.00995
G1 X180.824 Y79.809 E.00552
G1 X181.407 Y80.92 E.04143
G1 X181.49 Y81.136 E.00764
G1 X181.519 Y81.372 E.00785
G1 X181.519 Y82.628 E.04147
G1 X181.49 Y82.864 E.00785
G1 X181.407 Y83.08 E.00764
G1 X180.824 Y84.191 E.04143
G1 X180.629 Y84.447 E.01063
G1 X179.482 Y85.252 E.04627
G1 X179.148 Y85.4 E.01206
G1 X177.801 Y85.569 E.04482
G1 X177.427 Y85.541 E.01238
G1 X176.166 Y85.067 E.04448
G1 X175.855 Y84.877 E.01203
G1 X174.95 Y83.864 E.04485
G1 X174.763 Y83.547 E.01215
G1 X174.417 Y82.15 E.04752
G1 X174.421 Y82.06 E.00297
G1 X174.819 Y82 F9000
G1 F3600
G1 X174.819 Y81.862 E.00456
G1 X175.119 Y80.644 E.04142
G1 X175.247 Y80.4 E.0091
G1 X176.08 Y79.46 E.04147
G1 X176.306 Y79.304 E.00907
G1 X177.48 Y78.859 E.04145
G1 X177.753 Y78.826 E.00908
G1 X178.999 Y78.977 E.04144
G1 X179.257 Y79.075 E.00911
G1 X180.29 Y79.788 E.04144
G1 X180.472 Y79.994 E.00908
G1 X181.056 Y81.105 E.04144
G1 X181.122 Y81.372 E.00908
G1 X181.122 Y82.628 E.04147
G1 X181.056 Y82.895 E.00908
G1 X180.472 Y84.006 E.04144
G1 X180.29 Y84.213 E.0091
G1 X179.257 Y84.925 E.04142
G1 X178.999 Y85.023 E.00911
G1 X177.753 Y85.174 E.04144
G1 X177.48 Y85.141 E.00908
G1 X176.306 Y84.696 E.04145
G1 X176.08 Y84.54 E.00907
G1 X175.247 Y83.6 E.04147
G1 X175.119 Y83.356 E.0091
G1 X174.819 Y82.138 E.04142
G1 X174.819 Y82.06 E.00258
G1 X175.189 Y82 F9000
;TYPE:External perimeter
;WIDTH:0.419999
G1 F3600
G1 X175.195 Y81.955 E.00142
G1 X175.495 Y80.736 E.03936
G1 X175.537 Y80.656 E.00283
G1 X176.369 Y79.717 E.03934
G1 X176.444 Y79.666 E.00284
G1 X177.617 Y79.221 E.03934
G1 X177.707 Y79.21 E.00284
G1 X178.953 Y79.361 E.03935
G1 X179.037 Y79.393 E.00282
G1 X180.07 Y80.106 E.03935
G1 X180.13 Y80.174 E.00284
G1 X180.713 Y81.285 E.03934
G1 X180.734 Y81.372 E.00281
G1 X180.734 Y82.628 E.03938
G1 X180.713 Y82.715 E.00281
G1 X180.13 Y83.826 E.03934
G1 X180.07 Y83.894 E.00284
G1 X179.037 Y84.607 E.03935
G1 X178.953 Y84.639 E.00282
G1 X177.707 Y84.79 E.03935
G1 X176.444 Y84.334 E.0421
G1 X175.537 Y83.344 E.0421
G1 X175.305 Y82.493 E.02766
G1 X175.203 Y82.058 E.01401
G1 E-3.5
;WIPE_START
G1 F7200
G1 X175.189 Y82 E-.02834
G1 X175.195 Y81.955 E-.02156
G1 X175.495 Y80.736 E-.5963
G1 X175.537 Y80.656 E-.04292
G1 X176.369 Y79.717 E-.59592
G1 X176.444 Y79.666 E-.04308
G1 X176.782 Y79.538 E-.17188
;WIPE_END
G1 X177.854 Y143.529 F9000
G1 E5 F2400
;TYPE:Perimeter
;WIDTH:0.439999
G1 F3600
G1 X177.967 Y143.51 E.00378
G1 X178.242 Y143.525 E.00909
G1 X179.205 Y143.716 E.03241
G1 X179.555 Y143.861 E.01251
G1 X180.374 Y144.408 E.03252
G1 X180.642 Y144.676 E.01251
G1 X181.189 Y145.495 E.03252
G1 X181.334 Y145.845 E.01251
G1 X181.525 Y146.808 E.03241
G1 X181.544 Y146.998 E.0063
G1 X181.544 Y152.002 E.16522
G1 X181.334 Y153.155 E.0387
G1 X181.189 Y153.505 E.01251
G1 X180.642 Y154.324 E.03252
G1 X180.374 Y154.592 E.01251
G1 X179.555 Y155.139 E.03252
G1 X179.187 Y155.287 E.0131
G1 X178.12 Y155.479 E.0358
G1 X177.758 Y155.475 E.01195
G1 X176.795 Y155.284 E.03241
G1 X176.445 Y155.139 E.01251
G1 X175.626 Y154.592 E.03252
G1 X175.358 Y154.324 E.01251
G1 X174.811 Y153.505 E.03252
G1 X174.666 Y153.155 E.01251
G1 X174.475 Y152.192 E.03241
G1 X174.456 Y152.002 E.0063
G1 X174.456 Y146.998 E.16522
G1 X174.666 Y145.845 E.0387
G1 X174.811 Y145.495 E.01251
G1 X175.358 Y144.676 E.03252
G1 X175.626 Y144.408 E.01251
G1 X176.445 Y143.861 E.03252
G1 X176.813 Y143.713 E.0131
G1 X177.795 Y143.54 E.03292
G1 X177.893 Y143.924 F9000
G1 F3600
G1 X178.002 Y143.905 E.00365
G1 X179.127 Y144.106 E.03773
G1 X179.335 Y144.191 E.00742
G1 X180.153 Y144.738 E.03249
G1 X180.312 Y144.897 E.00742
G1 X180.859 Y145.715 E.03249
G1 X180.944 Y145.923 E.00742
G1 X181.147 Y146.998 E.03612
G1 X181.147 Y152.002 E.16522
G1 X180.944 Y153.077 E.03612
G1 X180.859 Y153.285 E.00742
G1 X180.312 Y154.103 E.03249
G1 X180.153 Y154.262 E.00742
G1 X179.335 Y154.809 E.03249
G1 X179.117 Y154.896 E.00775
G1 X178.05 Y155.088 E.0358
G1 X177.836 Y155.086 E.00707
G1 X176.873 Y154.894 E.03242
G1 X176.665 Y154.809 E.00742
G1 X175.847 Y154.262 E.03249
G1 X175.688 Y154.103 E.00742
G1 X175.141 Y153.285 E.03249
G1 X175.056 Y153.077 E.00742
G1 X174.853 Y152.002 E.03612
G1 X174.853 Y146.998 E.16522
G1 X175.056 Y145.923 E.03612
G1 X175.141 Y145.715 E.00742
G1 X175.688 Y144.897 E.03249
G1 X175.847 Y144.738 E.00742
G1 X176.665 Y144.191 E.03249
G1 X176.883 Y144.104 E.00775
G1 X177.834 Y143.935 E.03189
G1 X177.931 Y144.309 F9000
;TYPE:External perimeter
;WIDTH:0.419999
G1 F3600
G1 X178.036 Y144.291 E.00334
G1 X179.052 Y144.485 E.03243
G1 X179.938 Y145.06 E.03312
G1 X180.537 Y145.93 E.03312
G1 X180.76 Y146.998 E.03421
G1 X180.76 Y152.002 E.1569
G1 X180.565 Y153.002 E.03194
G1 X179.99 Y153.888 E.03312
G1 X179.12 Y154.487 E.03312
G1 X178.226 Y154.663 E.02857
G1 X177.911 Y154.706 E.00997
G1 X176.948 Y154.515 E.03078
G1 X176.062 Y153.94 E.03312
G1 X175.463 Y153.07 E.03312
G1 X175.24 Y152.002 E.03421
G1 X175.24 Y146.998 E.1569
G1 X175.435 Y145.998 E.03194
G1 X176.01 Y145.112 E.03312
G1 X176.88 Y144.513 E.03312
G1 X176.952 Y144.485 E.00242
G1 X177.872 Y144.32 E.02931
G1 E-3.5
;WIPE_START
G1 F7200
G1 X177.931 Y144.309 E-.02851
G1 X178.036 Y144.291 E-.0506
G1 X179.052 Y144.485 E-.49132
G1 X179.938 Y145.06 E-.50171
G1 X180.449 Y145.802 E-.42786
;WIPE_END
G1 X177.855 Y168.54 F9000
G1 E5 F2400
;TYPE:Perimeter
;WIDTH:0.439999
G1 F3600
G1 X178.13 Y168.509 E.00914
G1 X178.895 Y168.654 E.02571
G1 X179.435 Y168.793 E.01841
G1 X180.374 Y169.408 E.03706
G1 X180.642 Y169.676 E.01251
G1 X181.189 Y170.495 E.03252
G1 X181.334 Y170.845 E.01251
G1 X181.525 Y171.808 E.03241
G1 X181.544 Y171.998 E.0063
G1 X181.544 Y177.002 E.16522
G1 X181.334 Y178.155 E.0387
G1 X181.189 Y178.505 E.01251
G1 X180.642 Y179.324 E.03252
G1 X180.374 Y179.592 E.01251
G1 X179.555 Y180.139 E.03252
G1 X179.187 Y180.287 E.0131
G1 X178.116 Y180.48 E.03593
G1 X177.758 Y180.475 E.01182
G1 X176.795 Y180.284 E.03241
G1 X176.445 Y180.139 E.01251
G1 X175.626 Y179.592 E.03252
G1 X175.358 Y179.324 E.01251
G1 X174.811 Y178.505 E.03252
G1 X174.666 Y178.155 E.01251
G1 X174.475 Y177.192 E.03241
G1 X174.456 Y177.002 E.0063
G1 X174.456 Y171.998 E.16522
G1 X174.666 Y170.845 E.0387
G1 X174.811 Y170.495 E.01251
G1 X175.358 Y169.676 E.03252
G1 X175.626 Y169.408 E.01251
G1 X176.445 Y168.861 E.03252
G1 X176.801 Y168.715 E.0127
G1 X177.635 Y168.565 E.02798
G1 X177.796 Y168.547 E.00535
G1 X177.893 Y168.922 F9000
G1 F3600
G1 X177.95 Y168.912 E.00191
G1 X178.164 Y168.914 E.00707
G1 X179.127 Y169.106 E.03242
G1 X179.335 Y169.191 E.00742
G1 X180.153 Y169.738 E.03249
G1 X180.312 Y169.897 E.00742
G1 X180.859 Y170.715 E.03249
G1 X180.944 Y170.923 E.00742
G1 X181.136 Y171.886 E.03242
G1 X181.147 Y177.002 E.16892
G1 X180.944 Y178.077 E.03612
G1 X180.859 Y178.285 E.00742
G1 X180.312 Y179.103 E.03249
G1 X180.153 Y179.262 E.00742
G1 X179.335 Y179.809 E.03249
G1 X179.117 Y179.896 E.00775
G1 X178.047 Y180.088 E.03589
G1 X177.836 Y180.086 E.00697
G1 X176.873 Y179.894 E.03242
G1 X176.665 Y179.809 E.00742
G1 X175.847 Y179.262 E.03249
G1 X175.688 Y179.103 E.00742
G1 X175.141 Y178.285 E.03249
G1 X175.056 Y178.077 E.00742
G1 X174.853 Y177.002 E.03612
G1 X174.853 Y171.998 E.16522
G1 X175.056 Y170.923 E.03612
G1 X175.141 Y170.715 E.00742
G1 X175.688 Y169.897 E.03249
G1 X175.847 Y169.738 E.00742
G1 X176.665 Y169.191 E.03249
G1 X176.883 Y169.104 E.00775
G1 X177.834 Y168.933 E.0319
G1 X177.932 Y169.315 F9000
;TYPE:External perimeter
;WIDTH:0.419999
G1 F3600
G1 X178.089 Y169.294 E.00497
G1 X179.052 Y169.485 E.03078
G1 X179.938 Y170.06 E.03312
G1 X180.537 Y170.93 E.03312
G1 X180.756 Y171.961 E.03305
G1 X180.76 Y177.002 E.15806
G1 X180.565 Y178.002 E.03194
G1 X179.99 Y178.888 E.03312
G1 X179.12 Y179.487 E.03312
G1 X179.048 Y179.515 E.00242
G1 X177.98 Y179.707 E.03402
G1 X176.948 Y179.515 E.03291
G1 X176.062 Y178.94 E.03312
G1 X175.649 Y178.347 E.02266
G1 X175.435 Y178.002 E.01273
G1 X175.24 Y177.002 E.03194
G1 X175.24 Y171.998 E.1569
G1 X175.435 Y170.998 E.03194
G1 X176.01 Y170.112 E.03312
G1 X176.88 Y169.513 E.03312
G1 X177.774 Y169.337 E.02857
G1 X177.872 Y169.323 E.0031
G1 E-3.5
;WIPE_START
G1 F7200
G1 X177.932 Y169.315 E-.02875
G1 X178.089 Y169.294 E-.07524
G1 X179.052 Y169.485 E-.46634
G1 X179.938 Y170.06 E-.50171
G1 X180.449 Y170.802 E-.42796
;WIPE_END
G1 X168.412 Y187.006 F9000
G1 E5 F2400
;TYPE:Perimeter
;WIDTH:0.439999
G1 F7200
G1 X72.994 Y91.588 E4.4554
G1 X72.994 Y72.994 E.61392
G1 X187.006 Y72.994 E3.76436
G1 X187.006 Y76.784 E.12514
G1 X187.006 Y187.006 E3.63923
G1 X168.472 Y187.006 E.61194
G1 X168.247 Y187.403 F9000
G1 F7200
G1 X72.597 Y91.753 E4.46623
G1 X72.597 Y72.597 E.63248
G1 X187.403 Y72.597 E3.79058
G1 X187.403 Y76.784 E.13824
G1 X187.403 Y187.403 E3.65234
G1 X168.307 Y187.403 E.6305
G1 X168.087 Y187.79 F9000
;TYPE:External perimeter
;WIDTH:0.419999
G1 F3600
G1 X72.21 Y91.913 E4.25134
G1 X72.21 Y72.21 E.61777
G1 X187.79 Y72.21 E3.62392
G1 X187.79 Y76.784 E.14341
G1 X187.79 Y187.79 E3.48051
G1 X168.147 Y187.79 E.61589
G1 E-3.5
;WIPE_START
G1 F7200
G1 X168.087 Y187.79 E-.0285
G1 X165.896 Y185.599 E-1.4715
;WIPE_END
G1 X156.672 Y174.833 F9000
G1 E5 F2400
;TYPE:Internal infill
;WIDTH:0.44
G1 F7200
G1 X158.356 Y176.518 E.07866
G1 X179.305 Y155.569 E.97818
G1 X178.232 Y155.769 E.03604
G1 X186.7 Y164.238 E.39542
G1 X186.7 Y163.149 E.03596
G1 X180.627 Y169.221 E.28355
G1 X179.719 Y168.603 E.03626
G1 X179.414 Y168.454 E.01121
G1 X178.256 Y168.216 E.03903
G1 X177.936 Y168.205 E.01057
G1 X176.739 Y168.415 E.04013
G1 X176.167 Y168.679 E.0208
G1 X168.457 Y160.969 E.36001
G1 X167.998 Y161.046 E.01537
G1 X167.559 Y160.96 E.01477
G1 X167.288 Y160.816 E.01013
G1 X166.916 Y160.47 E.01677
G1 X154.612 Y172.774 E.57452
G1 X152.928 Y171.089 E.07866
G1 E-3.5 F3600
;WIPE_START
G1 F7200
G1 X154.612 Y172.774 E-1.13157
G1 X155.16 Y172.226 E-.36843
;WIPE_END
G1 X145.066 Y163.228 F9000
G1 E5 F2400
G1 F7200
G1 X143.381 Y161.543 E.07868
G1 X155.685 Y149.239 E.57452
G1 X151.941 Y145.496 E.1748
G1 X139.638 Y157.799 E.57447
G1 X135.894 Y154.056 E.1748
G1 X148.198 Y141.752 E.57452
G1 X144.454 Y138.008 E.17482
G1 X132.15 Y150.312 E.57452
G1 X130.466 Y148.627 E.07866
G1 E-3.5 F3600
;WIPE_START
G1 F7200
G1 X132.15 Y150.312 E-1.13157
G1 X132.698 Y149.764 E-.36843
;WIPE_END
G1 X119.235 Y137.396 F9000
G1 E5 F2400
G1 F7200
G1 X120.919 Y139.081 E.07866
G1 X133.223 Y126.777 E.57452
G1 X129.479 Y123.033 E.17482
G1 X117.175 Y135.337 E.57452
G1 X113.432 Y131.593 E.1748
G1 X125.736 Y119.29 E.57449
G1 X121.992 Y115.546 E.17482
G1 X109.688 Y127.85 E.57452
G1 X111.373 Y129.534 E.07866
G1 E-3.5 F3600
;WIPE_START
G1 F7200
G1 X109.688 Y127.85 E-1.13157
G1 X110.236 Y127.302 E-.36843
;WIPE_END
G1 X96.772 Y114.934 F9000
G1 E5 F2400
G1 F7200
G1 X98.457 Y116.619 E.07868
G1 X110.761 Y104.315 E.57452
G1 X114.504 Y108.059 E.1748
G1 X102.201 Y120.362 E.57447
G1 X105.944 Y124.106 E.1748
G1 X118.248 Y111.802 E.57452
G1 X119.933 Y113.487 E.07868
G1 E-3.5 F3600
;WIPE_START
G1 F7200
G1 X118.248 Y111.802 E-1.1319
G1 X117.7 Y112.35 E-.3681
;WIPE_END
G1 X108.702 Y102.256 F9000
G1 E5 F2400
G1 F7200
G1 X107.017 Y100.571 E.07868
G1 X94.713 Y112.875 E.57452
G1 X90.97 Y109.131 E.1748
G1 X103.273 Y96.827 E.57449
G1 X101.589 Y95.143 E.07863
G1 E-3.5 F3600
;WIPE_START
G1 F7200
G1 X103.273 Y96.827 E-1.13123
G1 X102.724 Y97.376 E-.36877
;WIPE_END
G1 X104.296 Y90.7 F9000
G1 E5 F2400
G1 F7200
G1 X101.913 Y90.7 E.07868
G1 X119.313 Y73.3 E.81247
G1 X118.224 Y73.3 E.03596
G1 X135.625 Y90.7 E.81249
G1 X139.35 Y90.7 E.12299
G1 X156.75 Y73.3 E.81247
G1 X155.661 Y73.3 E.03596
G1 X186.7 Y104.339 E1.44932
G1 X186.7 Y103.25 E.03596
G1 X169.3 Y120.65 E.81247
G1 X169.3 Y124.375 E.12299
G1 X186.7 Y141.776 E.81249
G1 X186.7 Y140.687 E.03596
G1 X181.627 Y145.76 E.23688
G1 X181.85 Y146.993 E.04137
G1 X181.85 Y148.121 E.03724
G1 E-3.5 F3600
;WIPE_START
G1 F7200
G1 X181.85 Y146.993 E-.5358
G1 X181.627 Y145.76 E-.59518
G1 X182.176 Y145.211 E-.36902
;WIPE_END
G1 X174.955 Y144.73 F9000
G1 E5 F2400
G1 F7200
G1 X175.269 Y144.305 E.01745
G1 X176.316 Y143.584 E.04197
G1 X186.7 Y133.199 E.48489
G1 X186.7 Y134.288 E.03596
G1 X169.3 Y116.888 E.81247
G1 X169.3 Y113.162 E.12302
G1 X186.7 Y95.762 E.81247
G1 X186.7 Y96.851 E.03596
G1 X163.149 Y73.3 E1.09968
G1 X164.238 Y73.3 E.03596
G1 X146.838 Y90.7 E.81247
G1 X143.112 Y90.7 E.12302
G1 X125.712 Y73.3 E.81247
G1 X126.801 Y73.3 E.03596
G1 X109.401 Y90.7 E.81247
G1 X105.675 Y90.7 E.12302
G1 X88.275 Y73.3 E.81247
G1 X89.364 Y73.3 E.03596
G1 X73.3 Y89.364 E.75008
G1 X73.3 Y88.275 E.03596
G1 X171.725 Y186.7 E4.59581
G1 X170.636 Y186.7 E.03596
G1 X176.75 Y180.587 E.28546
G1 X177.73 Y180.781 E.03298
G1 X178.164 Y180.781 E.01433
G1 X179.498 Y180.514 E.04492
G1 X180.126 Y180.126 E.02437
G1 X186.7 Y186.7 E.30696
G1 X185.611 Y186.7 E.03596
G1 X186.7 Y185.611 E.05085
G1 X186.7 Y183.229 E.07865
G1 E-3.5 F3600
;WIPE_START
G1 F7200
G1 X186.7 Y185.611 E-1.13145
G1 X186.151 Y186.16 E-.36855
;WIPE_END
G1 X135.282 Y128.836 F9000
G1 E5 F2400
G1 F7200
G1 X136.967 Y130.521 E.07868
G1 X124.663 Y142.825 E.57452
G1 X128.407 Y146.568 E.1748
G1 X140.71 Y134.264 E.57449
G1 X142.395 Y135.949 E.07868
G1 E-3.5 F3600
;WIPE_START
G1 F7200
G1 X140.71 Y134.264 E-1.1319
G1 X140.162 Y134.812 E-.3681
;WIPE_END
G1 X157.744 Y151.298 F9000
G1 E5 F2400
G1 F7200
G1 X159.429 Y152.983 E.07868
G1 X147.125 Y165.287 E.57452
G1 X150.869 Y169.03 E.1748
G1 X163.173 Y156.727 E.57449
G1 X164.857 Y158.411 E.07863
G1 E-3.5 F3600
;WIPE_START
G1 F7200
G1 X163.173 Y156.727 E-1.13123
G1 X162.624 Y157.276 E-.36877
;WIPE_END
G1 X169.3 Y155.704 F9000
G1 E5 F2400
G1 F7200
G1 X169.3 Y158.087 E.07868
G1 X174.334 Y153.053 E.23506
G1 X174.169 Y152.22 E.02804
G1 X174.15 Y151.688 E.01758
G1 X169.3 Y146.838 E.22646
G1 X169.3 Y143.112 E.12302
G1 X186.7 Y125.712 E.81247
G1 X186.7 Y126.801 E.03596
G1 X169.3 Y109.401 E.81247
G1 X169.3 Y105.675 E.12302
G1 X186.7 Y88.275 E.81247
G1 X186.7 Y89.364 E.03596
G1 X181.292 Y83.956 E.25252
G1 X181.787 Y82.938 E.03737
G1 X181.824 Y81.366 E.05192
G1 X181.681 Y80.784 E.01979
G1 X181.093 Y79.663 E.0418
G1 X180.746 Y79.254 E.01771
G1 X186.7 Y73.3 E.27801
G1 X186.7 Y74.389 E.03596
G1 X185.611 Y73.3 E.05085
G1 X183.229 Y73.3 E.07865
G1 E-3.5 F3600
;WIPE_START
G1 F7200
G1 X185.611 Y73.3 E-1.13145
G1 X186.16 Y73.849 E-.36855
;WIPE_END
G1 X163.192 Y90.7 F9000
G1 E5 F2400
G1 F7200
G1 X165.574 Y90.7 E.07865
G1 X148.174 Y73.3 E.81247
G1 X149.263 Y73.3 E.03596
G1 X131.863 Y90.7 E.81247
G1 X128.137 Y90.7 E.12302
G1 X110.737 Y73.3 E.81247
G1 X111.826 Y73.3 E.03596
G1 X83.482 Y101.644 E1.32348
G1 X87.226 Y105.388 E.17482
G1 X99.53 Y93.084 E.57452
G1 X99.186 Y92.714 E.01668
G1 X98.986 Y92.266 E.0162
G1 X98.954 Y92.019 E.00822
G1 X99.034 Y91.547 E.01581
G1 X90.687 Y83.2 E.38975
G1 X90.824 Y82.633 E.01926
G1 X90.806 Y81.154 E.04884
G1 X90.679 Y80.781 E.01301
G1 X90.229 Y79.922 E.03202
G1 X96.851 Y73.3 E.3092
G1 X95.762 Y73.3 E.03596
G1 X113.162 Y90.7 E.81247
G1 X116.888 Y90.7 E.12302
G1 X134.288 Y73.3 E.81247
G1 X133.199 Y73.3 E.03596
G1 X150.599 Y90.7 E.81247
G1 X154.325 Y90.7 E.12302
G1 X171.725 Y73.3 E.81247
G1 X170.636 Y73.3 E.03596
G1 X176.007 Y78.67 E.25077
G1 X175.556 Y78.991 E.01828
G1 X174.536 Y80.206 E.05238
G1 X174.114 Y81.804 E.05457
G1 X174.136 Y82.302 E.01646
G1 X174.532 Y83.787 E.05074
G1 X175.291 Y84.709 E.03943
G1 X168.924 Y91.076 E.2973
G1 X169.138 Y91.355 E.01161
G1 X169.251 Y91.626 E.00969
G1 X169.3 Y91.971 E.01151
G1 X169.3 Y94.426 E.08106
G1 X186.7 Y111.826 E.81247
G1 X186.7 Y110.737 E.03596
G1 X169.3 Y128.137 E.81247
G1 X169.3 Y131.863 E.12302
G1 X186.7 Y149.263 E.81247
G1 X186.7 Y148.174 E.03596
G1 X181.623 Y153.251 E.23706
G1 X181.85 Y151.9 E.04523
G1 X186.7 Y156.75 E.22646
G1 X186.7 Y155.661 E.03596
G1 X162.1 Y180.262 E1.14868
G1 X165.844 Y184.005 E.1748
G1 X174.15 Y175.699 E.38784
G1 X174.15 Y174.15 E.05114
G1 X85.534 Y85.534 E4.13779
G1 X84.887 Y85.264 E.02315
G1 X75.995 Y94.156 E.4152
G1 X79.738 Y97.9 E.1748
G1 X104.339 Y73.3 E1.14868
G1 X103.25 Y73.3 E.03596
G1 X120.65 Y90.7 E.81247
G1 X124.375 Y90.7 E.12299
G1 X141.776 Y73.3 E.81249
G1 X140.687 Y73.3 E.03596
G1 X158.087 Y90.7 E.81247
G1 X161.813 Y90.7 E.12302
G1 X179.213 Y73.3 E.81247
G1 X178.124 Y73.3 E.03596
G1 X186.7 Y81.876 E.40044
G1 X186.7 Y80.787 E.03596
G1 X169.3 Y98.188 E.81249
G1 X169.3 Y101.913 E.12299
G1 X186.7 Y119.313 E.81247
G1 X186.7 Y118.224 E.03596
G1 X169.3 Y135.625 E.81249
G1 X169.3 Y139.35 E.12299
G1 X174.844 Y144.895 E.25889
G1 X174.536 Y145.364 E.01853
G1 X169.3 Y150.599 E.24446
G1 X169.3 Y154.325 E.12302
G1 X186.7 Y171.725 E.81247
G1 X186.7 Y170.636 E.03596
G1 X181.85 Y175.486 E.22646
G1 X181.85 Y174.363 E.03708
G1 X186.7 Y179.213 E.22646
G1 X186.7 Y178.124 E.03596
G1 X178.124 Y186.7 E.40044
G1 X179.213 Y186.7 E.03596
G1 X73.3 Y80.787 E4.94545
G1 X73.3 Y81.876 E.03596
G1 X81.876 Y73.3 E.40044
G1 X80.787 Y73.3 E.03596
G1 X85.838 Y78.351 E.23585
G1 X85.053 Y78.648 E.02771
G1 X84.694 Y78.858 E.01373
G1 X83.536 Y80.206 E.05867
G1 X83.099 Y82.002 E.06103
G1 X83.408 Y83.408 E.04753
G1 X73.3 Y73.3 E.47198
G1 X74.389 Y73.3 E.03596
G1 X73.3 Y74.389 E.05085
G1 X73.3 Y76.771 E.07865
;LAYER_CHANGE
;Z:1.4
;HEIGHT:0.2
;BEFORE_LAYER_CHANGE
G92 E0
;1.4


G1 E-3.5 F3600
;WIPE_START
G1 F7200
G1 X73.3 Y74.389 E-1.13145
G1 X73.849 Y73.84 E-.36855
;WIPE_END
G1 Z1.4 F9000
;AFTER_LAYER_CHANGE
;1.4
G1 X99.35 Y91.614
G1 E5 F2400
;TYPE:Perimeter
;WIDTH:0.439999
G1 F7200
G1 X99.394 Y91.485 E.0045
G1 X99.603 Y91.237 E.01071
G1 X99.905 Y91.063 E.01151
G1 X100.232 Y91.006 E.01096
G1 X168.021 Y91.006 E2.23821
G1 X168.333 Y91.057 E.01044
G1 X168.647 Y91.234 E.0119
G1 X168.871 Y91.505 E.01161
G1 X168.977 Y91.799 E.01032
G1 X168.994 Y92.845 E.03454
G1 X168.994 Y159.768 E2.20961
G1 X168.925 Y160.127 E.01207
G1 X168.773 Y160.386 E.00992
G1 X168.517 Y160.605 E.01112
G1 X168.219 Y160.72 E.01055
G1 X167.84 Y160.723 E.01251
G1 X167.527 Y160.605 E.01104
G1 X167.334 Y160.455 E.00807
G1 X99.545 Y92.666 E3.1653
G1 X99.354 Y92.395 E.01095
G1 X99.265 Y92.08 E.01081
G1 X99.268 Y91.851 E.00756
G1 X99.33 Y91.671 E.00629
G1 X99.711 Y91.764 F9000
G1 F7200
G1 X99.74 Y91.681 E.0029
G1 X99.947 Y91.479 E.00955
G1 X100.232 Y91.403 E.00974
G1 X168.021 Y91.403 E2.23821
G1 X168.274 Y91.461 E.00857
G1 X168.485 Y91.637 E.00907
G1 X168.587 Y91.872 E.00846
G1 X168.597 Y92.845 E.03213
G1 X168.597 Y159.768 E2.20961
G1 X168.533 Y160.031 E.00894
G1 X168.334 Y160.251 E.00979
G1 X168.093 Y160.339 E.00847
G1 X167.814 Y160.305 E.00928
G1 X167.614 Y160.175 E.00788
G1 X99.825 Y92.386 E3.1653
G1 X99.679 Y92.136 E.00956
G1 X99.662 Y91.903 E.00771
G1 X99.691 Y91.821 E.00287
G1 X100.073 Y91.909 F9000
;TYPE:External perimeter
;WIDTH:0.419999
G1 F3600
G1 X100.123 Y91.825 E.00307
G1 X100.232 Y91.79 E.00359
G1 X168.021 Y91.79 E2.12547
G1 X168.158 Y91.848 E.00466
G1 X168.21 Y91.979 E.00442
G1 X168.21 Y159.768 E2.12547
G1 X168.148 Y159.907 E.00477
G1 X167.996 Y159.954 E.00499
G1 X167.888 Y159.901 E.00377
G1 X100.099 Y92.112 E3.00587
G1 X100.048 Y91.961 E.005
G1 E-3.5
;WIPE_START
G1 F7200
G1 X100.073 Y91.909 E-.02741
G1 X100.123 Y91.825 E-.04643
G1 X100.232 Y91.79 E-.05438
G1 X103.12 Y91.79 E-1.37178
;WIPE_END
G1 X89.68 Y84.374 F9000
G1 E5 F2400
;TYPE:Perimeter
;WIDTH:0.439999
G1 F3600
G1 X89.603 Y84.471 E.00409
G1 X88.999 Y84.896 E.02438
G1 X88.482 Y85.252 E.02073
G1 X88.167 Y85.395 E.01142
G1 X88.047 Y85.417 E.00403
G1 X86.801 Y85.569 E.04144
G1 X86.434 Y85.543 E.01215
G1 X85.166 Y85.067 E.04472
G1 X84.849 Y84.871 E.01231
G1 X83.95 Y83.864 E.04457
G1 X83.771 Y83.568 E.01142
G1 X83.433 Y82.233 E.04547
G1 X83.412 Y81.882 E.01161
G1 X83.734 Y80.549 E.04528
G1 X83.87 Y80.24 E.01115
G1 X83.95 Y80.136 E.00433
G1 X84.782 Y79.197 E.04142
G1 X85.017 Y79.004 E.01004
G1 X86.339 Y78.488 E.04686
G1 X86.684 Y78.424 E.01159
G1 X88.047 Y78.583 E.04531
G1 X88.28 Y78.641 E.00793
G1 X88.482 Y78.748 E.00755
G1 X89.515 Y79.461 E.04144
G1 X89.747 Y79.686 E.01067
G1 X89.824 Y79.809 E.00479
G1 X90.407 Y80.92 E.04143
G1 X90.515 Y81.293 E.01282
G1 X90.519 Y82.628 E.04408
G1 X90.447 Y82.994 E.01232
G1 X89.824 Y84.191 E.04455
G1 X89.717 Y84.327 E.00571
G1 X89.381 Y84.109 F9000
G1 F3600
G1 X89.29 Y84.213 E.00456
G1 X88.257 Y84.925 E.04142
G1 X87.999 Y85.023 E.00911
G1 X86.753 Y85.174 E.04144
G1 X86.48 Y85.141 E.00908
G1 X85.306 Y84.696 E.04145
G1 X85.08 Y84.54 E.00907
G1 X84.247 Y83.6 E.04147
G1 X84.119 Y83.356 E.0091
G1 X83.819 Y82.138 E.04142
G1 X83.819 Y81.862 E.00911
G1 X84.119 Y80.644 E.04142
G1 X84.247 Y80.4 E.0091
G1 X85.08 Y79.46 E.04147
G1 X85.306 Y79.304 E.00907
G1 X86.48 Y78.859 E.04145
G1 X86.753 Y78.826 E.00908
G1 X87.999 Y78.977 E.04144
G1 X88.257 Y79.075 E.00911
G1 X89.29 Y79.787 E.04142
G1 X89.472 Y79.994 E.0091
G1 X90.056 Y81.105 E.04144
G1 X90.122 Y81.372 E.00908
G1 X90.122 Y82.628 E.04147
G1 X90.056 Y82.895 E.00908
G1 X89.472 Y84.006 E.04144
G1 X89.421 Y84.064 E.00255
G1 X89.092 Y83.854 F9000
;TYPE:External perimeter
;WIDTH:0.419999
G1 F3600
G1 X88.553 Y84.25 E.02097
G1 X88.037 Y84.607 E.01967
G1 X87.953 Y84.639 E.00282
G1 X86.707 Y84.79 E.03935
G1 X86.617 Y84.779 E.00284
G1 X85.444 Y84.334 E.03934
G1 X85.095 Y83.974 E.01572
G1 X84.537 Y83.344 E.02639
G1 X84.495 Y83.264 E.00283
G1 X84.195 Y82.045 E.03936
G1 X84.195 Y81.955 E.00282
G1 X84.495 Y80.736 E.03936
G1 X84.537 Y80.656 E.00283
G1 X85.369 Y79.717 E.03934
G1 X85.444 Y79.666 E.00284
G1 X86.617 Y79.221 E.03934
G1 X86.707 Y79.21 E.00284
G1 X87.953 Y79.361 E.03935
G1 X88.037 Y79.393 E.00282
G1 X89.07 Y80.106 E.03935
G1 X89.13 Y80.174 E.00284
G1 X89.713 Y81.285 E.03934
G1 X89.734 Y82.628 E.04211
G1 X89.135 Y83.815 E.04169
G1 E-3.5
;WIPE_START
G1 F7200
G1 X89.092 Y83.854 E-.02757
G1 X88.553 Y84.25 E-.3177
G1 X88.037 Y84.607 E-.29804
G1 X87.953 Y84.639 E-.0427
G1 X86.707 Y84.79 E-.59618
G1 X86.617 Y84.779 E-.04307
G1 X86.273 Y84.649 E-.17474
;WIPE_END
G1 X174.423 Y82 F9000
G1 E5 F2400
;TYPE:Perimeter
;WIDTH:0.439999
G1 F3600
G1 X174.433 Y81.767 E.0077
G1 X174.734 Y80.549 E.04142
G1 X174.87 Y80.24 E.01115
G1 X174.95 Y80.136 E.00433
G1 X175.782 Y79.197 E.04142
G1 X176.017 Y79.004 E.01004
G1 X176.166 Y78.933 E.00545
G1 X177.339 Y78.488 E.04142
G1 X177.684 Y78.424 E.01159
G1 X179.047 Y78.583 E.04531
G1 X179.28 Y78.641 E.00793
G1 X179.482 Y78.748 E.00755
G1 X180.515 Y79.461 E.04144
G1 X180.734 Y79.668 E.00995
G1 X180.824 Y79.809 E.00552
G1 X181.407 Y80.92 E.04143
G1 X181.49 Y81.136 E.00764
G1 X181.519 Y81.372 E.00785
G1 X181.519 Y82.628 E.04147
G1 X181.49 Y82.864 E.00785
G1 X181.407 Y83.08 E.00764
G1 X180.824 Y84.191 E.04143
G1 X180.629 Y84.447 E.01063
G1 X179.482 Y85.252 E.04627
G1 X179.148 Y85.4 E.01206
G1 X179.047 Y85.417 E.00338
G1 X177.801 Y85.569 E.04144
G1 X177.427 Y85.541 E.01238
G1 X176.166 Y85.067 E.04448
G1 X175.855 Y84.877 E.01203
G1 X174.95 Y83.864 E.04485
G1 X174.763 Y83.547 E.01215
G1 X174.417 Y82.15 E.04752
G1 X174.421 Y82.06 E.00297
G1 X174.819 Y82 F9000
G1 F3600
G1 X174.819 Y81.862 E.00456
G1 X175.119 Y80.644 E.04142
G1 X175.247 Y80.4 E.0091
G1 X176.08 Y79.46 E.04147
G1 X176.306 Y79.304 E.00907
G1 X177.48 Y78.859 E.04145
G1 X177.753 Y78.826 E.00908
G1 X178.999 Y78.977 E.04144
G1 X179.257 Y79.075 E.00911
G1 X180.29 Y79.788 E.04144
G1 X180.472 Y79.994 E.00908
G1 X181.056 Y81.105 E.04144
G1 X181.122 Y81.372 E.00908
G1 X181.122 Y82.628 E.04147
G1 X181.056 Y82.895 E.00908
G1 X180.472 Y84.006 E.04144
G1 X180.29 Y84.213 E.0091
G1 X179.257 Y84.925 E.04142
G1 X178.999 Y85.023 E.00911
G1 X177.753 Y85.174 E.04144
G1 X177.48 Y85.141 E.00908
G1 X176.306 Y84.696 E.04145
G1 X176.08 Y84.54 E.00907
G1 X175.247 Y83.6 E.04147
G1 X175.119 Y83.356 E.0091
G1 X174.819 Y82.138 E.04142
G1 X174.819 Y82.06 E.00258
G1 X175.189 Y82 F9000
;TYPE:External perimeter
;WIDTH:0.419999
G1 F3600
G1 X175.495 Y80.736 E.04078
G1 X175.537 Y80.656 E.00283
G1 X176.369 Y79.717 E.03934
G1 X176.444 Y79.666 E.00284
G1 X177.617 Y79.221 E.03934
G1 X177.707 Y79.21 E.00284
G1 X178.953 Y79.361 E.03935
G1 X179.037 Y79.393 E.00282
G1 X180.07 Y80.106 E.03935
G1 X180.13 Y80.174 E.00284
G1 X180.713 Y81.285 E.03934
G1 X180.734 Y81.372 E.00281
G1 X180.734 Y82.628 E.03938
G1 X180.713 Y82.715 E.00281
G1 X180.13 Y83.826 E.03934
G1 X180.07 Y83.894 E.00284
G1 X179.037 Y84.607 E.03935
G1 X178.953 Y84.639 E.00282
G1 X177.707 Y84.79 E.03935
G1 X177.03 Y84.557 E.02245
G1 X176.444 Y84.334 E.01966
G1 X175.537 Y83.344 E.0421
G1 X175.204 Y82.058 E.04165
G1 E-3.5
;WIPE_START
G1 F7200
G1 X175.189 Y82 E-.02846
G1 X175.495 Y80.736 E-.61774
G1 X175.537 Y80.656 E-.04292
G1 X176.369 Y79.717 E-.59592
G1 X176.444 Y79.666 E-.04308
G1 X176.782 Y79.538 E-.17188
;WIPE_END
G1 X177.854 Y143.526 F9000
G1 E5 F2400
;TYPE:Perimeter
;WIDTH:0.439999
G1 F3600
G1 X177.88 Y143.521 E.00087
G1 X178.242 Y143.525 E.01195
G1 X179.205 Y143.716 E.03241
G1 X179.555 Y143.861 E.01251
G1 X180.374 Y144.408 E.03252
G1 X180.642 Y144.676 E.01251
G1 X181.189 Y145.495 E.03252
G1 X181.334 Y145.845 E.01251
G1 X181.525 Y146.808 E.03241
G1 X181.544 Y146.998 E.0063
G1 X181.544 Y152.002 E.16522
G1 X181.334 Y153.155 E.0387
G1 X181.189 Y153.505 E.01251
G1 X180.642 Y154.324 E.03252
G1 X180.374 Y154.592 E.01251
G1 X179.555 Y155.139 E.03252
G1 X179.187 Y155.287 E.0131
G1 X178.12 Y155.479 E.0358
G1 X177.758 Y155.475 E.01195
G1 X176.795 Y155.284 E.03241
G1 X176.445 Y155.139 E.01251
G1 X175.626 Y154.592 E.03252
G1 X175.358 Y154.324 E.01251
G1 X174.811 Y153.505 E.03252
G1 X174.666 Y153.155 E.01251
G1 X174.475 Y152.192 E.03241
G1 X174.456 Y152.002 E.0063
G1 X174.456 Y146.998 E.16522
G1 X174.666 Y145.845 E.0387
G1 X174.811 Y145.495 E.01251
G1 X175.358 Y144.676 E.03252
G1 X175.626 Y144.408 E.01251
G1 X176.445 Y143.861 E.03252
G1 X176.813 Y143.713 E.0131
G1 X177.795 Y143.536 E.03295
G1 X177.893 Y143.922 F9000
G1 F3600
G1 X177.95 Y143.912 E.00191
G1 X178.164 Y143.914 E.00707
G1 X179.127 Y144.106 E.03242
G1 X179.335 Y144.191 E.00742
G1 X180.153 Y144.738 E.03249
G1 X180.312 Y144.897 E.00742
G1 X180.859 Y145.715 E.03249
G1 X180.944 Y145.923 E.00742
G1 X181.147 Y146.998 E.03612
G1 X181.147 Y152.002 E.16522
G1 X180.944 Y153.077 E.03612
G1 X180.859 Y153.285 E.00742
G1 X180.312 Y154.103 E.03249
G1 X180.153 Y154.262 E.00742
G1 X179.335 Y154.809 E.03249
G1 X179.117 Y154.896 E.00775
G1 X178.05 Y155.088 E.0358
G1 X177.836 Y155.086 E.00707
G1 X176.873 Y154.894 E.03242
G1 X176.665 Y154.809 E.00742
G1 X175.847 Y154.262 E.03249
G1 X175.688 Y154.103 E.00742
G1 X175.141 Y153.285 E.03249
G1 X175.056 Y153.077 E.00742
G1 X174.853 Y152.002 E.03612
G1 X174.853 Y146.998 E.16522
G1 X175.056 Y145.923 E.03612
G1 X175.141 Y145.715 E.00742
G1 X175.688 Y144.897 E.03249
G1 X175.847 Y144.738 E.00742
G1 X176.665 Y144.191 E.03249
G1 X176.883 Y144.104 E.00775
G1 X177.834 Y143.933 E.0319
G1 X177.931 Y144.309 F9000
;TYPE:External perimeter
;WIDTH:0.419999
G1 F3600
G1 X178.019 Y144.293 E.0028
G1 X179.052 Y144.485 E.03294
G1 X179.938 Y145.06 E.03312
G1 X180.537 Y145.93 E.03312
G1 X180.76 Y146.998 E.03421
G1 X180.76 Y152.002 E.1569
G1 X180.565 Y153.002 E.03194
G1 X179.99 Y153.888 E.03312
G1 X179.12 Y154.487 E.03312
G1 X178.226 Y154.663 E.02857
G1 X177.911 Y154.706 E.00997
G1 X176.948 Y154.515 E.03078
G1 X176.062 Y153.94 E.03312
G1 X175.463 Y153.07 E.03312
G1 X175.24 Y152.002 E.03421
G1 X175.24 Y146.998 E.1569
G1 X175.435 Y145.998 E.03194
G1 X176.01 Y145.112 E.03312
G1 X176.88 Y144.513 E.03312
G1 X176.952 Y144.485 E.00242
G1 X177.872 Y144.319 E.02931
G1 E-3.5
;WIPE_START
G1 F7200
G1 X177.931 Y144.309 E-.02842
G1 X178.019 Y144.293 E-.04249
G1 X179.052 Y144.485 E-.49908
G1 X179.938 Y145.06 E-.50171
G1 X180.449 Y145.803 E-.4283
;WIPE_END
G1 X177.855 Y168.54 F9000
G1 E5 F2400
;TYPE:Perimeter
;WIDTH:0.439999
G1 F3600
G1 X178.13 Y168.509 E.00914
G1 X178.895 Y168.654 E.02571
G1 X179.435 Y168.793 E.01841
G1 X180.374 Y169.408 E.03706
G1 X180.642 Y169.676 E.01251
G1 X181.189 Y170.495 E.03252
G1 X181.334 Y170.845 E.01251
G1 X181.525 Y171.808 E.03241
G1 X181.544 Y171.998 E.0063
G1 X181.544 Y177.002 E.16522
G1 X181.334 Y178.155 E.0387
G1 X181.189 Y178.505 E.01251
G1 X180.642 Y179.324 E.03252
G1 X180.374 Y179.592 E.01251
G1 X179.555 Y180.139 E.03252
G1 X179.187 Y180.287 E.0131
G1 X178.116 Y180.48 E.03593
G1 X177.758 Y180.475 E.01182
G1 X176.795 Y180.284 E.03241
G1 X176.445 Y180.139 E.01251
G1 X175.626 Y179.592 E.03252
G1 X175.358 Y179.324 E.01251
G1 X174.811 Y178.505 E.03252
G1 X174.666 Y178.155 E.01251
G1 X174.475 Y177.192 E.03241
G1 X174.456 Y177.002 E.0063
G1 X174.456 Y171.998 E.16522
G1 X174.666 Y170.845 E.0387
G1 X174.811 Y170.495 E.01251
G1 X175.358 Y169.676 E.03252
G1 X175.626 Y169.408 E.01251
G1 X176.445 Y168.861 E.03252
G1 X176.801 Y168.715 E.0127
G1 X177.635 Y168.565 E.02798
G1 X177.796 Y168.547 E.00535
G1 X177.893 Y168.922 F9000
G1 F3600
G1 X177.95 Y168.912 E.00191
G1 X178.164 Y168.914 E.00707
G1 X179.127 Y169.106 E.03242
G1 X179.335 Y169.191 E.00742
G1 X180.153 Y169.738 E.03249
G1 X180.312 Y169.897 E.00742
G1 X180.859 Y170.715 E.03249
G1 X180.944 Y170.923 E.00742
G1 X181.136 Y171.886 E.03242
G1 X181.147 Y177.002 E.16892
G1 X180.944 Y178.077 E.03612
G1 X180.859 Y178.285 E.00742
G1 X180.312 Y179.103 E.03249
G1 X180.153 Y179.262 E.00742
G1 X179.335 Y179.809 E.03249
G1 X179.117 Y179.896 E.00775
G1 X178.047 Y180.088 E.03589
G1 X177.836 Y180.086 E.00697
G1 X176.873 Y179.894 E.03242
G1 X176.665 Y179.809 E.00742
G1 X175.847 Y179.262 E.03249
G1 X175.688 Y179.103 E.00742
G1 X175.141 Y178.285 E.03249
G1 X175.056 Y178.077 E.00742
G1 X174.853 Y177.002 E.03612
G1 X174.853 Y171.998 E.16522
G1 X175.056 Y170.923 E.03612
G1 X175.141 Y170.715 E.00742
G1 X175.688 Y169.897 E.03249
G1 X175.847 Y169.738 E.00742
G1 X176.665 Y169.191 E.03249
G1 X176.883 Y169.104 E.00775
G1 X177.834 Y168.933 E.0319
G1 X177.932 Y169.315 F9000
;TYPE:External perimeter
;WIDTH:0.419999
G1 F3600
G1 X178.089 Y169.294 E.00497
G1 X179.052 Y169.485 E.03078
G1 X179.938 Y170.06 E.03312
G1 X180.537 Y170.93 E.03312
G1 X180.756 Y171.961 E.03305
G1 X180.76 Y177.002 E.15806
G1 X180.565 Y178.002 E.03194
G1 X179.99 Y178.888 E.03312
G1 X179.12 Y179.487 E.03312
G1 X179.048 Y179.515 E.00242
G1 X177.98 Y179.707 E.03402
G1 X176.948 Y179.515 E.03291
G1 X176.062 Y178.94 E.03312
G1 X175.649 Y178.347 E.02266
G1 X175.435 Y178.002 E.01273
G1 X175.24 Y177.002 E.03194
G1 X175.24 Y171.998 E.1569
G1 X175.435 Y170.998 E.03194
G1 X176.01 Y170.112 E.03312
G1 X176.88 Y169.513 E.03312
G1 X177.774 Y169.337 E.02857
G1 X177.872 Y169.323 E.0031
G1 E-3.5
;WIPE_START
G1 F7200
G1 X177.932 Y169.315 E-.02875
G1 X178.089 Y169.294 E-.07524
G1 X179.052 Y169.485 E-.46634
G1 X179.938 Y170.06 E-.50171
G1 X180.449 Y170.802 E-.42796
;WIPE_END
G1 X168.412 Y187.006 F9000
G1 E5 F2400
;TYPE:Perimeter
;WIDTH:0.439999
G1 F7200
G1 X72.994 Y91.588 E4.4554
G1 X72.994 Y72.994 E.61392
G1 X187.006 Y72.994 E3.76436
G1 X187.006 Y76.784 E.12514
G1 X187.006 Y187.006 E3.63923
G1 X168.472 Y187.006 E.61194
G1 X168.247 Y187.403 F9000
G1 F7200
G1 X72.597 Y91.753 E4.46623
G1 X72.597 Y72.597 E.63248
G1 X187.403 Y72.597 E3.79058
G1 X187.403 Y76.784 E.13824
G1 X187.403 Y187.403 E3.65234
G1 X168.307 Y187.403 E.6305
G1 X168.087 Y187.79 F9000
;TYPE:External perimeter
;WIDTH:0.419999
G1 F3600
G1 X72.21 Y91.913 E4.25134
G1 X72.21 Y72.21 E.61777
G1 X187.79 Y72.21 E3.62392
G1 X187.79 Y76.784 E.14341
G1 X187.79 Y187.79 E3.48051
G1 X168.147 Y187.79 E.61589
G1 E-3.5
;WIPE_START
G1 F7200
G1 X168.087 Y187.79 E-.0285
G1 X165.896 Y185.599 E-1.4715
;WIPE_END
G1 X160.041 Y178.203 F9000
G1 E5 F2400
;TYPE:Internal infill
;WIDTH:0.44
G1 F7200
G1 X158.356 Y176.518 E.07868
G1 X179.305 Y155.569 E.97818
G1 X178.232 Y155.769 E.03604
G1 X186.7 Y164.238 E.39542
G1 X186.7 Y163.149 E.03596
G1 X180.627 Y169.221 E.28355
G1 X179.719 Y168.603 E.03626
G1 X179.414 Y168.454 E.01121
G1 X178.256 Y168.216 E.03903
G1 X177.936 Y168.205 E.01057
G1 X176.739 Y168.415 E.04013
G1 X176.167 Y168.679 E.0208
G1 X168.451 Y160.964 E.36026
G1 X168.085 Y161.045 E.01238
G1 X167.561 Y160.961 E.01752
G1 X167.288 Y160.816 E.01021
G1 X166.916 Y160.47 E.01677
G1 X154.612 Y172.774 E.57452
G1 X152.928 Y171.089 E.07866
G1 E-3.5 F3600
;WIPE_START
G1 F7200
G1 X154.612 Y172.774 E-1.13157
G1 X155.16 Y172.226 E-.36843
;WIPE_END
G1 X145.066 Y163.228 F9000
G1 E5 F2400
G1 F7200
G1 X143.381 Y161.543 E.07868
G1 X155.685 Y149.239 E.57452
G1 X151.941 Y145.496 E.1748
G1 X139.638 Y157.799 E.57447
G1 X135.894 Y154.056 E.1748
G1 X148.198 Y141.752 E.57452
G1 X144.454 Y138.008 E.17482
G1 X132.15 Y150.312 E.57452
G1 X130.466 Y148.627 E.07866
G1 E-3.5 F3600
;WIPE_START
G1 F7200
G1 X132.15 Y150.312 E-1.13157
G1 X132.698 Y149.764 E-.36843
;WIPE_END
G1 X142.395 Y135.949 F9000
G1 E5 F2400
G1 F7200
G1 X140.71 Y134.264 E.07868
G1 X128.407 Y146.568 E.57449
G1 X124.663 Y142.825 E.1748
G1 X136.967 Y130.521 E.57452
G1 X133.223 Y126.777 E.17482
G1 X120.919 Y139.081 E.57452
G1 X117.175 Y135.337 E.17482
G1 X129.479 Y123.033 E.57452
G1 X125.736 Y119.29 E.17477
G1 X113.432 Y131.593 E.57449
G1 X109.688 Y127.85 E.1748
G1 X121.992 Y115.546 E.57452
G1 X118.248 Y111.802 E.17482
G1 X105.944 Y124.106 E.57452
G1 X102.201 Y120.362 E.1748
G1 X114.504 Y108.059 E.57447
G1 X110.761 Y104.315 E.1748
G1 X98.457 Y116.619 E.57452
G1 X94.713 Y112.875 E.17482
G1 X107.017 Y100.571 E.57452
G1 X103.273 Y96.827 E.17482
G1 X90.97 Y109.131 E.57449
G1 X87.226 Y105.388 E.1748
G1 X99.53 Y93.084 E.57452
G1 X99.186 Y92.714 E.01668
G1 X98.986 Y92.266 E.0162
G1 X98.954 Y92.019 E.00822
G1 X99.034 Y91.547 E.01581
G1 X90.687 Y83.2 E.38975
G1 X90.824 Y82.633 E.01926
G1 X90.806 Y81.154 E.04884
G1 X90.679 Y80.781 E.01301
G1 X90.229 Y79.922 E.03202
G1 X96.851 Y73.3 E.3092
G1 X95.762 Y73.3 E.03596
G1 X113.162 Y90.7 E.81247
G1 X116.888 Y90.7 E.12302
G1 X134.288 Y73.3 E.81247
G1 X133.199 Y73.3 E.03596
G1 X150.599 Y90.7 E.81247
G1 X154.325 Y90.7 E.12302
G1 X171.725 Y73.3 E.81247
G1 X170.636 Y73.3 E.03596
G1 X176.007 Y78.67 E.25077
G1 X175.556 Y78.991 E.01828
G1 X174.536 Y80.206 E.05238
G1 X174.114 Y81.804 E.05457
G1 X174.136 Y82.302 E.01646
G1 X174.532 Y83.787 E.05074
G1 X175.291 Y84.709 E.03943
G1 X168.924 Y91.076 E.2973
G1 X169.138 Y91.355 E.01161
G1 X169.251 Y91.626 E.00969
G1 X169.3 Y91.971 E.01151
G1 X169.3 Y94.426 E.08106
G1 X186.7 Y111.826 E.81247
G1 X186.7 Y110.737 E.03596
G1 X169.3 Y128.137 E.81247
G1 X169.3 Y131.863 E.12302
G1 X186.7 Y149.263 E.81247
G1 X186.7 Y148.174 E.03596
G1 X181.623 Y153.251 E.23706
G1 X181.85 Y151.9 E.04523
G1 X186.7 Y156.75 E.22646
G1 X186.7 Y155.661 E.03596
G1 X162.1 Y180.262 E1.14868
G1 X165.844 Y184.005 E.1748
G1 X174.15 Y175.699 E.38784
G1 X174.15 Y174.15 E.05114
G1 X85.534 Y85.534 E4.13779
G1 X84.887 Y85.264 E.02315
G1 X75.995 Y94.156 E.4152
G1 X74.31 Y92.472 E.07866
G1 E-3.5 F3600
;WIPE_START
G1 F7200
G1 X75.995 Y94.156 E-1.13157
G1 X76.543 Y93.608 E-.36843
;WIPE_END
G1 X73.3 Y76.771 F9000
G1 E5 F2400
G1 F7200
G1 X73.3 Y74.389 E.07865
G1 X74.389 Y73.3 E.05085
G1 X73.3 Y73.3 E.03596
G1 X83.408 Y83.408 E.47198
G1 X83.099 Y82.002 E.04753
G1 X83.536 Y80.206 E.06103
G1 X84.694 Y78.858 E.05867
G1 X85.053 Y78.648 E.01373
G1 X85.838 Y78.351 E.02771
G1 X80.787 Y73.3 E.23585
G1 X81.876 Y73.3 E.03596
G1 X73.3 Y81.876 E.40044
G1 X73.3 Y80.787 E.03596
G1 X179.213 Y186.7 E4.94545
G1 X178.124 Y186.7 E.03596
G1 X186.7 Y178.124 E.40044
G1 X186.7 Y179.213 E.03596
G1 X181.85 Y174.363 E.22646
G1 X181.85 Y175.486 E.03708
G1 X186.7 Y170.636 E.22646
G1 X186.7 Y171.725 E.03596
G1 X169.3 Y154.325 E.81247
G1 X169.3 Y150.599 E.12302
G1 X174.536 Y145.364 E.24446
G1 X174.844 Y144.895 E.01853
G1 X169.3 Y139.35 E.25889
G1 X169.3 Y135.625 E.12299
G1 X186.7 Y118.224 E.81249
G1 X186.7 Y119.313 E.03596
G1 X169.3 Y101.913 E.81247
G1 X169.3 Y98.188 E.12299
G1 X186.7 Y80.787 E.81249
G1 X186.7 Y81.876 E.03596
G1 X178.124 Y73.3 E.40044
G1 X179.213 Y73.3 E.03596
G1 X161.813 Y90.7 E.81247
G1 X158.087 Y90.7 E.12302
G1 X140.687 Y73.3 E.81247
G1 X141.776 Y73.3 E.03596
G1 X124.375 Y90.7 E.81249
G1 X120.65 Y90.7 E.12299
G1 X103.25 Y73.3 E.81247
G1 X104.339 Y73.3 E.03596
G1 X79.738 Y97.9 E1.14868
G1 X83.482 Y101.644 E.17482
G1 X111.826 Y73.3 E1.32348
G1 X110.737 Y73.3 E.03596
G1 X128.137 Y90.7 E.81247
G1 X131.863 Y90.7 E.12302
G1 X149.263 Y73.3 E.81247
G1 X148.174 Y73.3 E.03596
G1 X165.574 Y90.7 E.81247
G1 X163.192 Y90.7 E.07865
G1 E-3.5 F3600
;WIPE_START
G1 F7200
G1 X165.574 Y90.7 E-1.13145
G1 X165.025 Y90.151 E-.36855
;WIPE_END
G1 X183.229 Y73.3 F9000
G1 E5 F2400
G1 F7200
G1 X185.611 Y73.3 E.07865
G1 X186.7 Y74.389 E.05085
G1 X186.7 Y73.3 E.03596
G1 X180.746 Y79.254 E.27801
G1 X181.093 Y79.663 E.01771
G1 X181.681 Y80.784 E.0418
G1 X181.824 Y81.366 E.01979
G1 X181.787 Y82.938 E.05192
G1 X181.292 Y83.956 E.03737
G1 X186.7 Y89.364 E.25252
G1 X186.7 Y88.275 E.03596
G1 X169.3 Y105.675 E.81247
G1 X169.3 Y109.401 E.12302
G1 X186.7 Y126.801 E.81247
G1 X186.7 Y125.712 E.03596
G1 X169.3 Y143.112 E.81247
G1 X169.3 Y146.838 E.12302
G1 X174.15 Y151.688 E.22646
G1 X174.169 Y152.22 E.01758
G1 X174.334 Y153.053 E.02804
G1 X169.3 Y158.087 E.23506
G1 X169.3 Y155.704 E.07868
G1 E-3.5 F3600
;WIPE_START
G1 F7200
G1 X169.3 Y158.087 E-1.13192
G1 X169.848 Y157.539 E-.36808
;WIPE_END
G1 X164.857 Y158.411 F9000
G1 E5 F2400
G1 F7200
G1 X163.173 Y156.727 E.07863
G1 X150.869 Y169.03 E.57449
G1 X147.125 Y165.287 E.1748
G1 X159.429 Y152.983 E.57452
G1 X157.744 Y151.298 E.07868
G1 E-3.5 F3600
;WIPE_START
G1 F7200
G1 X159.429 Y152.983 E-1.1319
G1 X158.881 Y153.531 E-.3681
;WIPE_END
G1 X186.7 Y183.229 F9000
G1 E5 F2400
G1 F7200
G1 X186.7 Y185.611 E.07865
G1 X185.611 Y186.7 E.05085
G1 X186.7 Y186.7 E.03596
G1 X180.126 Y180.126 E.30696
G1 X179.498 Y180.514 E.02437
G1 X178.164 Y180.781 E.04492
G1 X177.73 Y180.781 E.01433
G1 X176.75 Y180.587 E.03298
G1 X170.636 Y186.7 E.28546
G1 X171.725 Y186.7 E.03596
G1 X73.3 Y88.275 E4.59581
G1 X73.3 Y89.364 E.03596
G1 X89.364 Y73.3 E.75008
G1 X88.275 Y73.3 E.03596
G1 X105.675 Y90.7 E.81247
G1 X109.401 Y90.7 E.12302
G1 X126.801 Y73.3 E.81247
G1 X125.712 Y73.3 E.03596
G1 X143.112 Y90.7 E.81247
G1 X146.838 Y90.7 E.12302
G1 X164.238 Y73.3 E.81247
G1 X163.149 Y73.3 E.03596
G1 X186.7 Y96.851 E1.09968
G1 X186.7 Y95.762 E.03596
G1 X169.3 Y113.162 E.81247
G1 X169.3 Y116.888 E.12302
G1 X186.7 Y134.288 E.81247
G1 X186.7 Y133.199 E.03596
G1 X176.316 Y143.584 E.48489
G1 X175.269 Y144.305 E.04197
G1 X174.955 Y144.73 E.01745
G1 E-3.5 F3600
;WIPE_START
G1 F7200
G1 X175.269 Y144.305 E-.251
G1 X176.316 Y143.584 E-.60384
G1 X177.276 Y142.624 E-.64516
;WIPE_END
G1 X181.85 Y148.121 F9000
G1 E5 F2400
G1 F7200
G1 X181.85 Y146.993 E.03724
G1 X181.627 Y145.76 E.04137
G1 X186.7 Y140.687 E.23688
G1 X186.7 Y141.776 E.03596
G1 X169.3 Y124.375 E.81249
G1 X169.3 Y120.65 E.12299
G1 X186.7 Y103.25 E.81247
G1 X186.7 Y104.339 E.03596
G1 X155.661 Y73.3 E1.44932
G1 X156.75 Y73.3 E.03596
G1 X139.35 Y90.7 E.81247
G1 X135.625 Y90.7 E.12299
G1 X118.224 Y73.3 E.81249
G1 X119.313 Y73.3 E.03596
G1 X101.913 Y90.7 E.81247
G1 X104.296 Y90.7 E.07868
;LAYER_CHANGE
;Z:1.6
;HEIGHT:0.2
;BEFORE_LAYER_CHANGE
G92 E0
;1.6


G1 E-3.5 F3600
;WIPE_START
G1 F7200
G1 X101.913 Y90.7 E-1.13193
G1 X102.461 Y90.152 E-.36807
;WIPE_END
G1 Z1.6 F9000
;AFTER_LAYER_CHANGE
;1.6
G1 X99.35 Y91.614
G1 E5 F2400
;TYPE:Perimeter
;WIDTH:0.439999
G1 F7200
G1 X99.394 Y91.485 E.0045
G1 X99.603 Y91.237 E.01071
G1 X99.905 Y91.063 E.01151
G1 X100.232 Y91.006 E.01096
G1 X168.021 Y91.006 E2.23821
G1 X168.333 Y91.057 E.01044
G1 X168.647 Y91.234 E.0119
G1 X168.871 Y91.505 E.01161
G1 X168.977 Y91.799 E.01032
G1 X168.994 Y92.845 E.03454
G1 X168.994 Y159.768 E2.20961
G1 X168.925 Y160.127 E.01207
G1 X168.773 Y160.386 E.00992
G1 X168.517 Y160.605 E.01112
G1 X168.219 Y160.72 E.01055
G1 X167.84 Y160.723 E.01251
G1 X167.527 Y160.605 E.01104
G1 X167.334 Y160.455 E.00807
G1 X99.545 Y92.666 E3.1653
G1 X99.354 Y92.395 E.01095
G1 X99.265 Y92.08 E.01081
G1 X99.268 Y91.851 E.00756
G1 X99.33 Y91.671 E.00629
G1 X99.711 Y91.764 F9000
G1 F7200
G1 X99.74 Y91.681 E.0029
G1 X99.947 Y91.479 E.00955
G1 X100.232 Y91.403 E.00974
G1 X168.021 Y91.403 E2.23821
G1 X168.274 Y91.461 E.00857
G1 X168.485 Y91.637 E.00907
G1 X168.587 Y91.872 E.00846
G1 X168.597 Y92.845 E.03213
G1 X168.597 Y159.768 E2.20961
G1 X168.533 Y160.031 E.00894
G1 X168.334 Y160.251 E.00979
G1 X168.093 Y160.339 E.00847
G1 X167.814 Y160.305 E.00928
G1 X167.614 Y160.175 E.00788
G1 X99.825 Y92.386 E3.1653
G1 X99.679 Y92.136 E.00956
G1 X99.662 Y91.903 E.00771
G1 X99.691 Y91.821 E.00287
G1 X100.073 Y91.909 F9000
;TYPE:External perimeter
;WIDTH:0.419999
G1 F3600
G1 X100.123 Y91.825 E.00307
G1 X100.232 Y91.79 E.00359
G1 X168.021 Y91.79 E2.12547
G1 X168.158 Y91.848 E.00466
G1 X168.21 Y91.979 E.00442
G1 X168.21 Y159.768 E2.12547
G1 X168.148 Y159.907 E.00477
G1 X167.996 Y159.954 E.00499
G1 X167.888 Y159.901 E.00377
G1 X100.099 Y92.112 E3.00587
G1 X100.048 Y91.961 E.005
G1 E-3.5
;WIPE_START
G1 F7200
G1 X100.073 Y91.909 E-.02741
G1 X100.123 Y91.825 E-.04643
G1 X100.232 Y91.79 E-.05438
G1 X103.12 Y91.79 E-1.37178
;WIPE_END
G1 X89.68 Y84.374 F9000
G1 E5 F2400
;TYPE:Perimeter
;WIDTH:0.439999
G1 F3600
G1 X89.603 Y84.471 E.00409
G1 X88.999 Y84.896 E.02438
G1 X88.482 Y85.252 E.02073
G1 X88.167 Y85.395 E.01142
G1 X88.047 Y85.417 E.00403
G1 X86.801 Y85.569 E.04144
G1 X86.434 Y85.543 E.01215
G1 X85.166 Y85.067 E.04472
G1 X84.849 Y84.871 E.01231
G1 X83.95 Y83.864 E.04457
G1 X83.771 Y83.568 E.01142
G1 X83.433 Y82.233 E.04547
G1 X83.412 Y81.882 E.01161
G1 X83.734 Y80.549 E.04528
G1 X83.87 Y80.24 E.01115
G1 X83.95 Y80.136 E.00433
G1 X84.782 Y79.197 E.04142
G1 X85.017 Y79.004 E.01004
G1 X86.339 Y78.488 E.04686
G1 X86.684 Y78.424 E.01159
G1 X88.047 Y78.583 E.04531
G1 X88.28 Y78.641 E.00793
G1 X88.482 Y78.748 E.00755
G1 X89.515 Y79.461 E.04144
G1 X89.747 Y79.686 E.01067
G1 X89.824 Y79.809 E.00479
G1 X90.407 Y80.92 E.04143
G1 X90.515 Y81.293 E.01282
G1 X90.519 Y82.628 E.04408
G1 X90.447 Y82.994 E.01232
G1 X89.824 Y84.191 E.04455
G1 X89.717 Y84.327 E.00571
G1 X89.381 Y84.109 F9000
G1 F3600
G1 X89.29 Y84.213 E.00456
G1 X88.257 Y84.925 E.04142
G1 X87.999 Y85.023 E.00911
G1 X86.753 Y85.174 E.04144
G1 X86.48 Y85.141 E.00908
G1 X85.306 Y84.696 E.04145
G1 X85.08 Y84.54 E.00907
G1 X84.247 Y83.6 E.04147
G1 X84.119 Y83.356 E.0091
G1 X83.819 Y82.138 E.04142
G1 X83.819 Y81.862 E.00911
G1 X84.119 Y80.644 E.04142
G1 X84.247 Y80.4 E.0091
G1 X85.08 Y79.46 E.04147
G1 X85.306 Y79.304 E.00907
G1 X86.48 Y78.859 E.04145
G1 X86.753 Y78.826 E.00908
G1 X87.999 Y78.977 E.04144
G1 X88.257 Y79.075 E.00911
G1 X89.29 Y79.787 E.04142
G1 X89.472 Y79.994 E.0091
G1 X90.056 Y81.105 E.04144
G1 X90.122 Y81.372 E.00908
G1 X90.122 Y82.628 E.04147
G1 X90.056 Y82.895 E.00908
G1 X89.472 Y84.006 E.04144
G1 X89.421 Y84.064 E.00255
G1 X89.092 Y83.854 F9000
;TYPE:External perimeter
;WIDTH:0.419999
G1 F3600
G1 X88.553 Y84.25 E.02097
G1 X88.037 Y84.607 E.01967
G1 X87.953 Y84.639 E.00282
G1 X86.707 Y84.79 E.03935
G1 X86.617 Y84.779 E.00284
G1 X85.444 Y84.334 E.03934
G1 X85.095 Y83.974 E.01572
G1 X84.537 Y83.344 E.02639
G1 X84.495 Y83.264 E.00283
G1 X84.195 Y82.045 E.03936
G1 X84.195 Y81.955 E.00282
G1 X84.495 Y80.736 E.03936
G1 X84.537 Y80.656 E.00283
G1 X85.369 Y79.717 E.03934
G1 X85.444 Y79.666 E.00284
G1 X86.617 Y79.221 E.03934
G1 X86.707 Y79.21 E.00284
G1 X87.953 Y79.361 E.03935
G1 X88.037 Y79.393 E.00282
G1 X89.07 Y80.106 E.03935
G1 X89.13 Y80.174 E.00284
G1 X89.713 Y81.285 E.03934
G1 X89.734 Y82.628 E.04211
G1 X89.135 Y83.815 E.04169
G1 E-3.5
;WIPE_START
G1 F7200
G1 X89.092 Y83.854 E-.02757
G1 X88.553 Y84.25 E-.3177
G1 X88.037 Y84.607 E-.29804
G1 X87.953 Y84.639 E-.0427
G1 X86.707 Y84.79 E-.59618
G1 X86.617 Y84.779 E-.04307
G1 X86.273 Y84.649 E-.17474
;WIPE_END
G1 X174.423 Y82 F9000
G1 E5 F2400
;TYPE:Perimeter
;WIDTH:0.439999
G1 F3600
G1 X174.433 Y81.767 E.0077
G1 X174.734 Y80.549 E.04142
G1 X174.87 Y80.24 E.01115
G1 X175.782 Y79.197 E.04575
G1 X176.017 Y79.004 E.01004
G1 X177.339 Y78.488 E.04686
G1 X177.684 Y78.424 E.01159
G1 X177.801 Y78.431 E.00387
G1 X179.047 Y78.583 E.04144
G1 X179.28 Y78.641 E.00793
G1 X179.482 Y78.748 E.00755
G1 X180.515 Y79.461 E.04144
G1 X180.734 Y79.668 E.00995
G1 X180.824 Y79.809 E.00552
G1 X181.407 Y80.92 E.04143
G1 X181.49 Y81.136 E.00764
G1 X181.519 Y81.372 E.00785
G1 X181.519 Y82.628 E.04147
G1 X181.49 Y82.864 E.00785
G1 X181.407 Y83.08 E.00764
G1 X180.824 Y84.191 E.04143
G1 X180.629 Y84.447 E.01063
G1 X179.482 Y85.252 E.04627
G1 X179.148 Y85.4 E.01206
G1 X177.801 Y85.569 E.04482
G1 X177.427 Y85.541 E.01238
G1 X176.166 Y85.067 E.04448
G1 X175.855 Y84.877 E.01203
G1 X174.95 Y83.864 E.04485
G1 X174.763 Y83.547 E.01215
G1 X174.417 Y82.15 E.04752
G1 X174.421 Y82.06 E.00297
G1 X174.819 Y82 F9000
G1 F3600
G1 X174.819 Y81.862 E.00456
G1 X175.119 Y80.644 E.04142
G1 X175.247 Y80.4 E.0091
G1 X176.08 Y79.46 E.04147
G1 X176.306 Y79.304 E.00907
G1 X177.48 Y78.859 E.04145
G1 X177.753 Y78.826 E.00908
G1 X178.999 Y78.977 E.04144
G1 X179.257 Y79.075 E.00911
G1 X180.29 Y79.788 E.04144
G1 X180.472 Y79.994 E.00908
G1 X181.056 Y81.105 E.04144
G1 X181.122 Y81.372 E.00908
G1 X181.122 Y82.628 E.04147
G1 X181.056 Y82.895 E.00908
G1 X180.472 Y84.006 E.04144
G1 X180.29 Y84.213 E.0091
G1 X179.257 Y84.925 E.04142
G1 X178.999 Y85.023 E.00911
G1 X177.753 Y85.174 E.04144
G1 X177.48 Y85.141 E.00908
G1 X176.306 Y84.696 E.04145
G1 X176.08 Y84.54 E.00907
G1 X175.247 Y83.6 E.04147
G1 X175.119 Y83.356 E.0091
G1 X174.819 Y82.138 E.04142
G1 X174.819 Y82.06 E.00258
G1 X175.189 Y82 F9000
;TYPE:External perimeter
;WIDTH:0.419999
G1 F3600
G1 X175.195 Y81.955 E.00142
G1 X175.495 Y80.736 E.03936
G1 X175.537 Y80.656 E.00283
G1 X176.369 Y79.717 E.03934
G1 X176.444 Y79.666 E.00284
G1 X177.617 Y79.221 E.03934
G1 X177.707 Y79.21 E.00284
G1 X178.953 Y79.361 E.03935
G1 X179.037 Y79.393 E.00282
G1 X180.07 Y80.106 E.03935
G1 X180.13 Y80.174 E.00284
G1 X180.713 Y81.285 E.03934
G1 X180.734 Y81.372 E.00281
G1 X180.734 Y82.628 E.03938
G1 X180.713 Y82.715 E.00281
G1 X180.13 Y83.826 E.03934
G1 X180.07 Y83.894 E.00284
G1 X179.037 Y84.607 E.03935
G1 X178.953 Y84.639 E.00282
G1 X177.707 Y84.79 E.03935
G1 X176.444 Y84.334 E.0421
G1 X175.537 Y83.344 E.0421
G1 X175.305 Y82.493 E.02766
G1 X175.203 Y82.058 E.01401
G1 E-3.5
;WIPE_START
G1 F7200
G1 X175.189 Y82 E-.02834
G1 X175.195 Y81.955 E-.02156
G1 X175.495 Y80.736 E-.5963
G1 X175.537 Y80.656 E-.04292
G1 X176.369 Y79.717 E-.59592
G1 X176.444 Y79.666 E-.04308
G1 X176.782 Y79.538 E-.17188
;WIPE_END
G1 X177.854 Y143.526 F9000
G1 E5 F2400
;TYPE:Perimeter
;WIDTH:0.439999
G1 F3600
G1 X177.88 Y143.521 E.00087
G1 X178.242 Y143.525 E.01195
G1 X179.205 Y143.716 E.03241
G1 X179.555 Y143.861 E.01251
G1 X180.374 Y144.408 E.03252
G1 X180.642 Y144.676 E.01251
G1 X181.189 Y145.495 E.03252
G1 X181.334 Y145.845 E.01251
G1 X181.525 Y146.808 E.03241
G1 X181.544 Y146.998 E.0063
G1 X181.544 Y152.002 E.16522
G1 X181.334 Y153.155 E.0387
G1 X181.189 Y153.505 E.01251
G1 X180.642 Y154.324 E.03252
G1 X180.374 Y154.592 E.01251
G1 X179.555 Y155.139 E.03252
G1 X179.187 Y155.287 E.0131
G1 X178.12 Y155.479 E.0358
G1 X177.758 Y155.475 E.01195
G1 X176.795 Y155.284 E.03241
G1 X176.445 Y155.139 E.01251
G1 X175.626 Y154.592 E.03252
G1 X175.358 Y154.324 E.01251
G1 X174.811 Y153.505 E.03252
G1 X174.666 Y153.155 E.01251
G1 X174.475 Y152.192 E.03241
G1 X174.456 Y152.002 E.0063
G1 X174.456 Y146.998 E.16522
G1 X174.666 Y145.845 E.0387
G1 X174.811 Y145.495 E.01251
G1 X175.358 Y144.676 E.03252
G1 X175.626 Y144.408 E.01251
G1 X176.445 Y143.861 E.03252
G1 X176.813 Y143.713 E.0131
G1 X177.795 Y143.536 E.03295
G1 X177.893 Y143.922 F9000
G1 F3600
G1 X177.95 Y143.912 E.00191
G1 X178.164 Y143.914 E.00707
G1 X179.127 Y144.106 E.03242
G1 X179.335 Y144.191 E.00742
G1 X180.153 Y144.738 E.03249
G1 X180.312 Y144.897 E.00742
G1 X180.859 Y145.715 E.03249
G1 X180.944 Y145.923 E.00742
G1 X181.147 Y146.998 E.03612
G1 X181.147 Y152.002 E.16522
G1 X180.944 Y153.077 E.03612
G1 X180.859 Y153.285 E.00742
G1 X180.312 Y154.103 E.03249
G1 X180.153 Y154.262 E.00742
G1 X179.335 Y154.809 E.03249
G1 X179.117 Y154.896 E.00775
G1 X178.05 Y155.088 E.0358
G1 X177.836 Y155.086 E.00707
G1 X176.873 Y154.894 E.03242
G1 X176.665 Y154.809 E.00742
G1 X175.847 Y154.262 E.03249
G1 X175.688 Y154.103 E.00742
G1 X175.141 Y153.285 E.03249
G1 X175.056 Y153.077 E.00742
G1 X174.864 Y152.114 E.03242
G1 X174.853 Y146.998 E.16892
G1 X175.056 Y145.923 E.03612
G1 X175.141 Y145.715 E.00742
G1 X175.688 Y144.897 E.03249
G1 X175.847 Y144.738 E.00742
G1 X176.665 Y144.191 E.03249
G1 X176.883 Y144.104 E.00775
G1 X177.834 Y143.933 E.0319
G1 X177.931 Y144.309 F9000
;TYPE:External perimeter
;WIDTH:0.419999
G1 F3600
G1 X178.019 Y144.293 E.0028
G1 X179.052 Y144.485 E.03294
G1 X179.938 Y145.06 E.03312
G1 X180.537 Y145.93 E.03312
G1 X180.565 Y145.998 E.00231
G1 X180.76 Y146.998 E.03194
G1 X180.76 Y152.002 E.1569
G1 X180.565 Y153.002 E.03194
G1 X179.99 Y153.888 E.03312
G1 X179.12 Y154.487 E.03312
G1 X178.226 Y154.663 E.02857
G1 X177.911 Y154.706 E.00997
G1 X176.948 Y154.515 E.03078
G1 X176.062 Y153.94 E.03312
G1 X175.463 Y153.07 E.03312
G1 X175.244 Y152.039 E.03305
G1 X175.24 Y146.998 E.15806
G1 X175.435 Y145.998 E.03194
G1 X176.01 Y145.112 E.03312
G1 X176.88 Y144.513 E.03312
G1 X176.952 Y144.485 E.00242
G1 X177.872 Y144.319 E.02931
G1 E-3.5
;WIPE_START
G1 F7200
G1 X177.931 Y144.309 E-.02842
G1 X178.019 Y144.293 E-.04249
G1 X179.052 Y144.485 E-.49908
G1 X179.938 Y145.06 E-.50171
G1 X180.449 Y145.803 E-.4283
;WIPE_END
G1 X177.855 Y168.54 F9000
G1 E5 F2400
;TYPE:Perimeter
;WIDTH:0.439999
G1 F3600
G1 X178.13 Y168.509 E.00914
G1 X178.895 Y168.654 E.02571
G1 X179.435 Y168.793 E.01841
G1 X180.374 Y169.408 E.03706
G1 X180.642 Y169.676 E.01251
G1 X181.189 Y170.495 E.03252
G1 X181.334 Y170.845 E.01251
G1 X181.525 Y171.808 E.03241
G1 X181.544 Y171.998 E.0063
G1 X181.544 Y177.002 E.16522
G1 X181.334 Y178.155 E.0387
G1 X181.189 Y178.505 E.01251
G1 X180.642 Y179.324 E.03252
G1 X180.374 Y179.592 E.01251
G1 X179.555 Y180.139 E.03252
G1 X179.187 Y180.287 E.0131
G1 X178.116 Y180.48 E.03593
G1 X177.758 Y180.475 E.01182
G1 X176.795 Y180.284 E.03241
G1 X176.445 Y180.139 E.01251
G1 X175.626 Y179.592 E.03252
G1 X175.358 Y179.324 E.01251
G1 X174.811 Y178.505 E.03252
G1 X174.666 Y178.155 E.01251
G1 X174.475 Y177.192 E.03241
G1 X174.456 Y177.002 E.0063
G1 X174.456 Y171.998 E.16522
G1 X174.666 Y170.845 E.0387
G1 X174.811 Y170.495 E.01251
G1 X175.358 Y169.676 E.03252
G1 X175.626 Y169.408 E.01251
G1 X176.445 Y168.861 E.03252
G1 X176.801 Y168.715 E.0127
G1 X177.635 Y168.565 E.02798
G1 X177.796 Y168.547 E.00535
G1 X177.893 Y168.922 F9000
G1 F3600
G1 X177.95 Y168.912 E.00191
G1 X178.164 Y168.914 E.00707
G1 X179.127 Y169.106 E.03242
G1 X179.335 Y169.191 E.00742
G1 X180.153 Y169.738 E.03249
G1 X180.312 Y169.897 E.00742
G1 X180.859 Y170.715 E.03249
G1 X180.944 Y170.923 E.00742
G1 X181.136 Y171.886 E.03242
G1 X181.147 Y177.002 E.16892
G1 X180.944 Y178.077 E.03612
G1 X180.859 Y178.285 E.00742
G1 X180.312 Y179.103 E.03249
G1 X180.153 Y179.262 E.00742
G1 X179.335 Y179.809 E.03249
G1 X179.117 Y179.896 E.00775
G1 X178.047 Y180.088 E.03589
G1 X177.836 Y180.086 E.00697
G1 X176.873 Y179.894 E.03242
G1 X176.665 Y179.809 E.00742
G1 X175.847 Y179.262 E.03249
G1 X175.688 Y179.103 E.00742
G1 X175.141 Y178.285 E.03249
G1 X175.056 Y178.077 E.00742
G1 X174.853 Y177.002 E.03612
G1 X174.853 Y171.998 E.16522
G1 X175.056 Y170.923 E.03612
G1 X175.141 Y170.715 E.00742
G1 X175.688 Y169.897 E.03249
G1 X175.847 Y169.738 E.00742
G1 X176.665 Y169.191 E.03249
G1 X176.883 Y169.104 E.00775
G1 X177.834 Y168.933 E.0319
G1 X177.932 Y169.315 F9000
;TYPE:External perimeter
;WIDTH:0.419999
G1 F3600
G1 X178.089 Y169.294 E.00497
G1 X179.052 Y169.485 E.03078
G1 X179.938 Y170.06 E.03312
G1 X180.537 Y170.93 E.03312
G1 X180.756 Y171.961 E.03305
G1 X180.76 Y177.002 E.15806
G1 X180.565 Y178.002 E.03194
G1 X179.99 Y178.888 E.03312
G1 X179.12 Y179.487 E.03312
G1 X179.048 Y179.515 E.00242
G1 X177.98 Y179.707 E.03402
G1 X176.948 Y179.515 E.03291
G1 X176.062 Y178.94 E.03312
G1 X175.649 Y178.347 E.02266
G1 X175.435 Y178.002 E.01273
G1 X175.24 Y177.002 E.03194
G1 X175.24 Y171.998 E.1569
G1 X175.435 Y170.998 E.03194
G1 X176.01 Y170.112 E.03312
G1 X176.88 Y169.513 E.03312
G1 X177.774 Y169.337 E.02857
G1 X177.872 Y169.323 E.0031
G1 E-3.5
;WIPE_START
G1 F7200
G1 X177.932 Y169.315 E-.02875
G1 X178.089 Y169.294 E-.07524
G1 X179.052 Y169.485 E-.46634
G1 X179.938 Y170.06 E-.50171
G1 X180.449 Y170.802 E-.42796
;WIPE_END
G1 X168.412 Y187.006 F9000
G1 E5 F2400
;TYPE:Perimeter
;WIDTH:0.439999
G1 F7200
G1 X72.994 Y91.588 E4.4554
G1 X72.994 Y72.994 E.61392
G1 X187.006 Y72.994 E3.76436
G1 X187.006 Y76.784 E.12514
G1 X187.006 Y187.006 E3.63923
G1 X168.472 Y187.006 E.61194
G1 X168.247 Y187.403 F9000
G1 F7200
G1 X72.597 Y91.753 E4.46623
G1 X72.597 Y72.597 E.63248
G1 X187.403 Y72.597 E3.79058
G1 X187.403 Y76.784 E.13824
G1 X187.403 Y187.403 E3.65234
G1 X168.307 Y187.403 E.6305
G1 X168.087 Y187.79 F9000
;TYPE:External perimeter
;WIDTH:0.419999
G1 F3600
G1 X72.21 Y91.913 E4.25134
G1 X72.21 Y72.21 E.61777
G1 X187.79 Y72.21 E3.62392
G1 X187.79 Y76.784 E.14341
G1 X187.79 Y187.79 E3.48051
G1 X168.147 Y187.79 E.61589
G1 E-3.5
;WIPE_START
G1 F7200
G1 X168.087 Y187.79 E-.0285
G1 X165.896 Y185.599 E-1.4715
;WIPE_END
G1 X156.672 Y174.833 F9000
G1 E5 F2400
;TYPE:Internal infill
;WIDTH:0.44
G1 F7200
G1 X158.356 Y176.518 E.07866
G1 X179.305 Y155.569 E.97818
G1 X178.232 Y155.769 E.03604
G1 X186.7 Y164.238 E.39542
G1 X186.7 Y163.149 E.03596
G1 X180.627 Y169.221 E.28355
G1 X179.719 Y168.603 E.03626
G1 X179.414 Y168.454 E.01121
G1 X178.256 Y168.216 E.03903
G1 X177.936 Y168.205 E.01057
G1 X176.739 Y168.415 E.04013
G1 X176.167 Y168.679 E.0208
G1 X168.457 Y160.969 E.36001
G1 X167.998 Y161.046 E.01537
G1 X167.559 Y160.96 E.01477
G1 X167.288 Y160.816 E.01013
G1 X166.916 Y160.47 E.01677
G1 X154.612 Y172.774 E.57452
G1 X152.928 Y171.089 E.07866
G1 E-3.5 F3600
;WIPE_START
G1 F7200
G1 X154.612 Y172.774 E-1.13157
G1 X155.16 Y172.226 E-.36843
;WIPE_END
G1 X145.066 Y163.228 F9000
G1 E5 F2400
G1 F7200
G1 X143.381 Y161.543 E.07868
G1 X155.685 Y149.239 E.57452
G1 X151.941 Y145.496 E.1748
G1 X139.638 Y157.799 E.57447
G1 X135.894 Y154.056 E.1748
G1 X148.198 Y141.752 E.57452
G1 X144.454 Y138.008 E.17482
G1 X132.15 Y150.312 E.57452
G1 X130.466 Y148.627 E.07866
G1 E-3.5 F3600
;WIPE_START
G1 F7200
G1 X132.15 Y150.312 E-1.13157
G1 X132.698 Y149.764 E-.36843
;WIPE_END
G1 X119.235 Y137.396 F9000
G1 E5 F2400
G1 F7200
G1 X120.919 Y139.081 E.07866
G1 X133.223 Y126.777 E.57452
G1 X129.479 Y123.033 E.17482
G1 X117.175 Y135.337 E.57452
G1 X113.432 Y131.593 E.1748
G1 X125.736 Y119.29 E.57449
G1 X121.992 Y115.546 E.17482
G1 X109.688 Y127.85 E.57452
G1 X111.373 Y129.534 E.07866
G1 E-3.5 F3600
;WIPE_START
G1 F7200
G1 X109.688 Y127.85 E-1.13157
G1 X110.236 Y127.302 E-.36843
;WIPE_END
G1 X96.772 Y114.934 F9000
G1 E5 F2400
G1 F7200
G1 X98.457 Y116.619 E.07868
G1 X110.761 Y104.315 E.57452
G1 X114.504 Y108.059 E.1748
G1 X102.201 Y120.362 E.57447
G1 X105.944 Y124.106 E.1748
G1 X118.248 Y111.802 E.57452
G1 X119.933 Y113.487 E.07868
G1 E-3.5 F3600
;WIPE_START
G1 F7200
G1 X118.248 Y111.802 E-1.1319
G1 X117.7 Y112.35 E-.3681
;WIPE_END
G1 X108.702 Y102.256 F9000
G1 E5 F2400
G1 F7200
G1 X107.017 Y100.571 E.07868
G1 X94.713 Y112.875 E.57452
G1 X90.97 Y109.131 E.1748
G1 X103.273 Y96.827 E.57449
G1 X101.589 Y95.143 E.07863
G1 E-3.5 F3600
;WIPE_START
G1 F7200
G1 X103.273 Y96.827 E-1.13123
G1 X102.724 Y97.376 E-.36877
;WIPE_END
G1 X104.296 Y90.7 F9000
G1 E5 F2400
G1 F7200
G1 X101.913 Y90.7 E.07868
G1 X119.313 Y73.3 E.81247
G1 X118.224 Y73.3 E.03596
G1 X135.625 Y90.7 E.81249
G1 X139.35 Y90.7 E.12299
G1 X156.75 Y73.3 E.81247
G1 X155.661 Y73.3 E.03596
G1 X186.7 Y104.339 E1.44932
G1 X186.7 Y103.25 E.03596
G1 X169.3 Y120.65 E.81247
G1 X169.3 Y124.375 E.12299
G1 X186.7 Y141.776 E.81249
G1 X186.7 Y140.687 E.03596
G1 X181.627 Y145.76 E.23688
G1 X181.85 Y146.993 E.04137
G1 X181.85 Y148.121 E.03724
G1 E-3.5 F3600
;WIPE_START
G1 F7200
G1 X181.85 Y146.993 E-.5358
G1 X181.627 Y145.76 E-.59518
G1 X182.176 Y145.211 E-.36902
;WIPE_END
G1 X174.955 Y144.73 F9000
G1 E5 F2400
G1 F7200
G1 X175.269 Y144.305 E.01745
G1 X176.316 Y143.584 E.04197
G1 X186.7 Y133.199 E.48489
G1 X186.7 Y134.288 E.03596
G1 X169.3 Y116.888 E.81247
G1 X169.3 Y113.162 E.12302
G1 X186.7 Y95.762 E.81247
G1 X186.7 Y96.851 E.03596
G1 X163.149 Y73.3 E1.09968
G1 X164.238 Y73.3 E.03596
G1 X146.838 Y90.7 E.81247
G1 X143.112 Y90.7 E.12302
G1 X125.712 Y73.3 E.81247
G1 X126.801 Y73.3 E.03596
G1 X109.401 Y90.7 E.81247
G1 X105.675 Y90.7 E.12302
G1 X88.275 Y73.3 E.81247
G1 X89.364 Y73.3 E.03596
G1 X73.3 Y89.364 E.75008
G1 X73.3 Y88.275 E.03596
G1 X171.725 Y186.7 E4.59581
G1 X170.636 Y186.7 E.03596
G1 X176.75 Y180.587 E.28546
G1 X177.73 Y180.781 E.03298
G1 X178.164 Y180.781 E.01433
G1 X179.498 Y180.514 E.04492
G1 X180.126 Y180.126 E.02437
G1 X186.7 Y186.7 E.30696
G1 X185.611 Y186.7 E.03596
G1 X186.7 Y185.611 E.05085
G1 X186.7 Y183.229 E.07865
G1 E-3.5 F3600
;WIPE_START
G1 F7200
G1 X186.7 Y185.611 E-1.13145
G1 X186.151 Y186.16 E-.36855
;WIPE_END
G1 X135.282 Y128.836 F9000
G1 E5 F2400
G1 F7200
G1 X136.967 Y130.521 E.07868
G1 X124.663 Y142.825 E.57452
G1 X128.407 Y146.568 E.1748
G1 X140.71 Y134.264 E.57449
G1 X142.395 Y135.949 E.07868
G1 E-3.5 F3600
;WIPE_START
G1 F7200
G1 X140.71 Y134.264 E-1.1319
G1 X140.162 Y134.812 E-.3681
;WIPE_END
G1 X157.744 Y151.298 F9000
G1 E5 F2400
G1 F7200
G1 X159.429 Y152.983 E.07868
G1 X147.125 Y165.287 E.57452
G1 X150.869 Y169.03 E.1748
G1 X163.173 Y156.727 E.57449
G1 X164.857 Y158.411 E.07863
G1 E-3.5 F3600
;WIPE_START
G1 F7200
G1 X163.173 Y156.727 E-1.13123
G1 X162.624 Y157.276 E-.36877
;WIPE_END
G1 X169.3 Y155.704 F9000
G1 E5 F2400
G1 F7200
G1 X169.3 Y158.087 E.07868
G1 X174.334 Y153.053 E.23506
G1 X174.169 Y152.22 E.02804
G1 X174.15 Y151.688 E.01758
G1 X169.3 Y146.838 E.22646
G1 X169.3 Y143.112 E.12302
G1 X186.7 Y125.712 E.81247
G1 X186.7 Y126.801 E.03596
G1 X169.3 Y109.401 E.81247
G1 X169.3 Y105.675 E.12302
G1 X186.7 Y88.275 E.81247
G1 X186.7 Y89.364 E.03596
G1 X181.292 Y83.956 E.25252
G1 X181.787 Y82.938 E.03737
G1 X181.824 Y81.366 E.05192
G1 X181.681 Y80.784 E.01979
G1 X181.093 Y79.663 E.0418
G1 X180.746 Y79.254 E.01771
G1 X186.7 Y73.3 E.27801
G1 X186.7 Y74.389 E.03596
G1 X185.611 Y73.3 E.05085
G1 X183.229 Y73.3 E.07865
G1 E-3.5 F3600
;WIPE_START
G1 F7200
G1 X185.611 Y73.3 E-1.13145
G1 X186.16 Y73.849 E-.36855
;WIPE_END
G1 X163.192 Y90.7 F9000
G1 E5 F2400
G1 F7200
G1 X165.574 Y90.7 E.07865
G1 X148.174 Y73.3 E.81247
G1 X149.263 Y73.3 E.03596
G1 X131.863 Y90.7 E.81247
G1 X128.137 Y90.7 E.12302
G1 X110.737 Y73.3 E.81247
G1 X111.826 Y73.3 E.03596
G1 X83.482 Y101.644 E1.32348
G1 X87.226 Y105.388 E.17482
G1 X99.53 Y93.084 E.57452
G1 X99.186 Y92.714 E.01668
G1 X98.986 Y92.266 E.0162
G1 X98.954 Y92.019 E.00822
G1 X99.034 Y91.547 E.01581
G1 X90.687 Y83.2 E.38975
G1 X90.824 Y82.633 E.01926
G1 X90.806 Y81.154 E.04884
G1 X90.679 Y80.781 E.01301
G1 X90.229 Y79.922 E.03202
G1 X96.851 Y73.3 E.3092
G1 X95.762 Y73.3 E.03596
G1 X113.162 Y90.7 E.81247
G1 X116.888 Y90.7 E.12302
G1 X134.288 Y73.3 E.81247
G1 X133.199 Y73.3 E.03596
G1 X150.599 Y90.7 E.81247
G1 X154.325 Y90.7 E.12302
G1 X171.725 Y73.3 E.81247
G1 X170.636 Y73.3 E.03596
G1 X176.007 Y78.67 E.25077
G1 X175.556 Y78.991 E.01828
G1 X174.536 Y80.206 E.05238
G1 X174.114 Y81.804 E.05457
G1 X174.136 Y82.302 E.01646
G1 X174.532 Y83.787 E.05074
G1 X175.291 Y84.709 E.03943
G1 X168.924 Y91.076 E.2973
G1 X169.138 Y91.355 E.01161
G1 X169.251 Y91.626 E.00969
G1 X169.3 Y91.971 E.01151
G1 X169.3 Y94.426 E.08106
G1 X186.7 Y111.826 E.81247
G1 X186.7 Y110.737 E.03596
G1 X169.3 Y128.137 E.81247
G1 X169.3 Y131.863 E.12302
G1 X186.7 Y149.263 E.81247
G1 X186.7 Y148.174 E.03596
G1 X181.623 Y153.251 E.23706
G1 X181.85 Y151.9 E.04523
G1 X186.7 Y156.75 E.22646
G1 X186.7 Y155.661 E.03596
G1 X162.1 Y180.262 E1.14868
G1 X165.844 Y184.005 E.1748
G1 X174.15 Y175.699 E.38784
G1 X174.15 Y174.15 E.05114
G1 X85.534 Y85.534 E4.13779
G1 X84.887 Y85.264 E.02315
G1 X75.995 Y94.156 E.4152
G1 X79.738 Y97.9 E.1748
G1 X104.339 Y73.3 E1.14868
G1 X103.25 Y73.3 E.03596
G1 X120.65 Y90.7 E.81247
G1 X124.375 Y90.7 E.12299
G1 X141.776 Y73.3 E.81249
G1 X140.687 Y73.3 E.03596
G1 X158.087 Y90.7 E.81247
G1 X161.813 Y90.7 E.12302
G1 X179.213 Y73.3 E.81247
G1 X178.124 Y73.3 E.03596
G1 X186.7 Y81.876 E.40044
G1 X186.7 Y80.787 E.03596
G1 X169.3 Y98.188 E.81249
G1 X169.3 Y101.913 E.12299
G1 X186.7 Y119.313 E.81247
G1 X186.7 Y118.224 E.03596
G1 X169.3 Y135.625 E.81249
G1 X169.3 Y139.35 E.12299
G1 X174.844 Y144.895 E.25889
G1 X174.536 Y145.364 E.01853
G1 X169.3 Y150.599 E.24446
G1 X169.3 Y154.325 E.12302
G1 X186.7 Y171.725 E.81247
G1 X186.7 Y170.636 E.03596
G1 X181.85 Y175.486 E.22646
G1 X181.85 Y174.363 E.03708
G1 X186.7 Y179.213 E.22646
G1 X186.7 Y178.124 E.03596
G1 X178.124 Y186.7 E.40044
G1 X179.213 Y186.7 E.03596
G1 X73.3 Y80.787 E4.94545
G1 X73.3 Y81.876 E.03596
G1 X81.876 Y73.3 E.40044
G1 X80.787 Y73.3 E.03596
G1 X85.838 Y78.351 E.23585
G1 X85.053 Y78.648 E.02771
G1 X84.694 Y78.858 E.01373
G1 X83.536 Y80.206 E.05867
G1 X83.099 Y82.002 E.06103
G1 X83.408 Y83.408 E.04753
G1 X73.3 Y73.3 E.47198
G1 X74.389 Y73.3 E.03596
G1 X73.3 Y74.389 E.05085
G1 X73.3 Y76.771 E.07865
;LAYER_CHANGE
;Z:1.8
;HEIGHT:0.2
;BEFORE_LAYER_CHANGE
G92 E0
;1.8


G1 E-3.5 F3600
;WIPE_START
G1 F7200
G1 X73.3 Y74.389 E-1.13145
G1 X73.849 Y73.84 E-.36855
;WIPE_END
G1 Z1.8 F9000
;AFTER_LAYER_CHANGE
;1.8
G1 X99.35 Y91.614
G1 E5 F2400
;TYPE:Perimeter
;WIDTH:0.439999
G1 F7200
G1 X99.394 Y91.485 E.0045
G1 X99.603 Y91.237 E.01071
G1 X99.905 Y91.063 E.01151
G1 X100.232 Y91.006 E.01096
G1 X168.021 Y91.006 E2.23821
G1 X168.333 Y91.057 E.01044
G1 X168.647 Y91.234 E.0119
G1 X168.871 Y91.505 E.01161
G1 X168.977 Y91.799 E.01032
G1 X168.994 Y92.845 E.03454
G1 X168.994 Y159.768 E2.20961
G1 X168.925 Y160.127 E.01207
G1 X168.773 Y160.386 E.00992
G1 X168.517 Y160.605 E.01112
G1 X168.219 Y160.72 E.01055
G1 X167.84 Y160.723 E.01251
G1 X167.527 Y160.605 E.01104
G1 X167.334 Y160.455 E.00807
G1 X99.545 Y92.666 E3.1653
G1 X99.354 Y92.395 E.01095
G1 X99.265 Y92.08 E.01081
G1 X99.268 Y91.851 E.00756
G1 X99.33 Y91.671 E.00629
G1 X99.711 Y91.764 F9000
G1 F7200
G1 X99.74 Y91.681 E.0029
G1 X99.947 Y91.479 E.00955
G1 X100.232 Y91.403 E.00974
G1 X168.021 Y91.403 E2.23821
G1 X168.274 Y91.461 E.00857
G1 X168.485 Y91.637 E.00907
G1 X168.587 Y91.872 E.00846
G1 X168.597 Y92.845 E.03213
G1 X168.597 Y159.768 E2.20961
G1 X168.533 Y160.031 E.00894
G1 X168.334 Y160.251 E.00979
G1 X168.093 Y160.339 E.00847
G1 X167.814 Y160.305 E.00928
G1 X167.614 Y160.175 E.00788
G1 X99.825 Y92.386 E3.1653
G1 X99.679 Y92.136 E.00956
G1 X99.662 Y91.903 E.00771
G1 X99.691 Y91.821 E.00287
G1 X100.073 Y91.909 F9000
;TYPE:External perimeter
;WIDTH:0.419999
G1 F3600
G1 X100.123 Y91.825 E.00307
G1 X100.232 Y91.79 E.00359
G1 X168.021 Y91.79 E2.12547
G1 X168.158 Y91.848 E.00466
G1 X168.21 Y91.979 E.00442
G1 X168.21 Y159.768 E2.12547
G1 X168.148 Y159.907 E.00477
G1 X167.996 Y159.954 E.00499
G1 X167.888 Y159.901 E.00377
G1 X100.099 Y92.112 E3.00587
G1 X100.048 Y91.961 E.005
G1 E-3.5
;WIPE_START
G1 F7200
G1 X100.073 Y91.909 E-.02741
G1 X100.123 Y91.825 E-.04643
G1 X100.232 Y91.79 E-.05438
G1 X103.12 Y91.79 E-1.37178
;WIPE_END
G1 X89.68 Y84.374 F9000
G1 E5 F2400
;TYPE:Perimeter
;WIDTH:0.439999
G1 F3600
G1 X89.603 Y84.471 E.00409
G1 X88.999 Y84.896 E.02438
G1 X88.482 Y85.252 E.02073
G1 X88.167 Y85.395 E.01142
G1 X88.047 Y85.417 E.00403
G1 X86.801 Y85.569 E.04144
G1 X86.434 Y85.543 E.01215
G1 X85.166 Y85.067 E.04472
G1 X84.849 Y84.871 E.01231
G1 X83.95 Y83.864 E.04457
G1 X83.771 Y83.568 E.01142
G1 X83.433 Y82.233 E.04547
G1 X83.412 Y81.882 E.01161
G1 X83.734 Y80.549 E.04528
G1 X83.87 Y80.24 E.01115
G1 X83.95 Y80.136 E.00433
G1 X84.782 Y79.197 E.04142
G1 X85.017 Y79.004 E.01004
G1 X86.339 Y78.488 E.04686
G1 X86.684 Y78.424 E.01159
G1 X88.047 Y78.583 E.04531
G1 X88.28 Y78.641 E.00793
G1 X88.482 Y78.748 E.00755
G1 X89.515 Y79.461 E.04144
G1 X89.747 Y79.686 E.01067
G1 X89.824 Y79.809 E.00479
G1 X90.407 Y80.92 E.04143
G1 X90.515 Y81.293 E.01282
G1 X90.519 Y82.628 E.04408
G1 X90.447 Y82.994 E.01232
G1 X89.824 Y84.191 E.04455
G1 X89.717 Y84.327 E.00571
G1 X89.381 Y84.109 F9000
G1 F3600
G1 X89.29 Y84.213 E.00456
G1 X88.257 Y84.925 E.04142
G1 X87.999 Y85.023 E.00911
G1 X86.753 Y85.174 E.04144
G1 X86.48 Y85.141 E.00908
G1 X85.306 Y84.696 E.04145
G1 X85.08 Y84.54 E.00907
G1 X84.247 Y83.6 E.04147
G1 X84.119 Y83.356 E.0091
G1 X83.819 Y82.138 E.04142
G1 X83.819 Y81.862 E.00911
G1 X84.119 Y80.644 E.04142
G1 X84.247 Y80.4 E.0091
G1 X85.08 Y79.46 E.04147
G1 X85.306 Y79.304 E.00907
G1 X86.48 Y78.859 E.04145
G1 X86.753 Y78.826 E.00908
G1 X87.999 Y78.977 E.04144
G1 X88.257 Y79.075 E.00911
G1 X89.29 Y79.787 E.04142
G1 X89.472 Y79.994 E.0091
G1 X90.056 Y81.105 E.04144
G1 X90.122 Y81.372 E.00908
G1 X90.122 Y82.628 E.04147
G1 X90.056 Y82.895 E.00908
G1 X89.472 Y84.006 E.04144
G1 X89.421 Y84.064 E.00255
G1 X89.092 Y83.854 F9000
;TYPE:External perimeter
;WIDTH:0.419999
G1 F3600
G1 X88.553 Y84.25 E.02097
G1 X88.037 Y84.607 E.01967
G1 X87.953 Y84.639 E.00282
G1 X86.707 Y84.79 E.03935
G1 X86.617 Y84.779 E.00284
G1 X85.444 Y84.334 E.03934
G1 X85.095 Y83.974 E.01572
G1 X84.537 Y83.344 E.02639
G1 X84.495 Y83.264 E.00283
G1 X84.195 Y82.045 E.03936
G1 X84.195 Y81.955 E.00282
G1 X84.495 Y80.736 E.03936
G1 X84.537 Y80.656 E.00283
G1 X85.369 Y79.717 E.03934
G1 X85.444 Y79.666 E.00284
G1 X86.617 Y79.221 E.03934
G1 X86.707 Y79.21 E.00284
G1 X87.953 Y79.361 E.03935
G1 X88.037 Y79.393 E.00282
G1 X89.07 Y80.106 E.03935
G1 X89.13 Y80.174 E.00284
G1 X89.713 Y81.285 E.03934
G1 X89.734 Y82.628 E.04211
G1 X89.135 Y83.815 E.04169
G1 E-3.5
;WIPE_START
G1 F7200
G1 X89.092 Y83.854 E-.02757
G1 X88.553 Y84.25 E-.3177
G1 X88.037 Y84.607 E-.29804
G1 X87.953 Y84.639 E-.0427
G1 X86.707 Y84.79 E-.59618
G1 X86.617 Y84.779 E-.04307
G1 X86.273 Y84.649 E-.17474
;WIPE_END
G1 X174.423 Y82 F9000
G1 E5 F2400
;TYPE:Perimeter
;WIDTH:0.439999
G1 F3600
G1 X174.433 Y81.767 E.0077
G1 X174.734 Y80.549 E.04142
G1 X174.87 Y80.24 E.01115
G1 X175.782 Y79.197 E.04575
G1 X176.017 Y79.004 E.01004
G1 X177.339 Y78.488 E.04686
G1 X177.684 Y78.424 E.01159
G1 X177.801 Y78.431 E.00387
G1 X179.047 Y78.583 E.04144
G1 X179.28 Y78.641 E.00793
G1 X179.482 Y78.748 E.00755
G1 X180.515 Y79.461 E.04144
G1 X180.734 Y79.668 E.00995
G1 X180.824 Y79.809 E.00552
G1 X181.407 Y80.92 E.04143
G1 X181.49 Y81.136 E.00764
G1 X181.519 Y81.372 E.00785
G1 X181.519 Y82.628 E.04147
G1 X181.49 Y82.864 E.00785
G1 X181.407 Y83.08 E.00764
G1 X180.824 Y84.191 E.04143
G1 X180.629 Y84.447 E.01063
G1 X179.482 Y85.252 E.04627
G1 X179.148 Y85.4 E.01206
G1 X177.801 Y85.569 E.04482
G1 X177.427 Y85.541 E.01238
G1 X176.166 Y85.067 E.04448
G1 X175.855 Y84.877 E.01203
G1 X174.95 Y83.864 E.04485
G1 X174.763 Y83.547 E.01215
G1 X174.417 Y82.15 E.04752
G1 X174.421 Y82.06 E.00297
G1 X174.819 Y82 F9000
G1 F3600
G1 X174.819 Y81.862 E.00456
G1 X175.119 Y80.644 E.04142
G1 X175.247 Y80.4 E.0091
G1 X176.08 Y79.46 E.04147
G1 X176.306 Y79.304 E.00907
G1 X177.48 Y78.859 E.04145
G1 X177.753 Y78.826 E.00908
G1 X178.999 Y78.977 E.04144
G1 X179.257 Y79.075 E.00911
G1 X180.29 Y79.788 E.04144
G1 X180.472 Y79.994 E.00908
G1 X181.056 Y81.105 E.04144
G1 X181.122 Y81.372 E.00908
G1 X181.122 Y82.628 E.04147
G1 X181.056 Y82.895 E.00908
G1 X180.472 Y84.006 E.04144
G1 X180.29 Y84.213 E.0091
G1 X179.257 Y84.925 E.04142
G1 X178.999 Y85.023 E.00911
G1 X177.753 Y85.174 E.04144
G1 X177.48 Y85.141 E.00908
G1 X176.306 Y84.696 E.04145
G1 X176.08 Y84.54 E.00907
G1 X175.247 Y83.6 E.04147
G1 X175.119 Y83.356 E.0091
G1 X174.819 Y82.138 E.04142
G1 X174.819 Y82.06 E.00258
G1 X175.189 Y82 F9000
;TYPE:External perimeter
;WIDTH:0.419999
G1 F3600
G1 X175.195 Y81.955 E.00142
G1 X175.495 Y80.736 E.03936
G1 X175.537 Y80.656 E.00283
G1 X176.369 Y79.717 E.03934
G1 X176.444 Y79.666 E.00284
G1 X177.617 Y79.221 E.03934
G1 X177.707 Y79.21 E.00284
G1 X178.953 Y79.361 E.03935
G1 X179.037 Y79.393 E.00282
G1 X180.07 Y80.106 E.03935
G1 X180.13 Y80.174 E.00284
G1 X180.713 Y81.285 E.03934
G1 X180.734 Y81.372 E.00281
G1 X180.734 Y82.628 E.03938
G1 X180.713 Y82.715 E.00281
G1 X180.13 Y83.826 E.03934
G1 X180.07 Y83.894 E.00284
G1 X179.037 Y84.607 E.03935
G1 X178.953 Y84.639 E.00282
G1 X177.707 Y84.79 E.03935
G1 X176.444 Y84.334 E.0421
G1 X175.537 Y83.344 E.0421
G1 X175.305 Y82.493 E.02766
G1 X175.203 Y82.058 E.01401
G1 E-3.5
;WIPE_START
G1 F7200
G1 X175.189 Y82 E-.02834
G1 X175.195 Y81.955 E-.02156
G1 X175.495 Y80.736 E-.5963
G1 X175.537 Y80.656 E-.04292
G1 X176.369 Y79.717 E-.59592
G1 X176.444 Y79.666 E-.04308
G1 X176.782 Y79.538 E-.17188
;WIPE_END
G1 X177.854 Y143.529 F9000
G1 E5 F2400
;TYPE:Perimeter
;WIDTH:0.439999
G1 F3600
G1 X177.967 Y143.51 E.00378
G1 X178.242 Y143.525 E.00909
G1 X179.205 Y143.716 E.03241
G1 X179.555 Y143.861 E.01251
G1 X180.374 Y144.408 E.03252
G1 X180.642 Y144.676 E.01251
G1 X181.189 Y145.495 E.03252
G1 X181.334 Y145.845 E.01251
G1 X181.525 Y146.808 E.03241
G1 X181.544 Y146.998 E.0063
G1 X181.544 Y152.002 E.16522
G1 X181.334 Y153.155 E.0387
G1 X181.189 Y153.505 E.01251
G1 X180.642 Y154.324 E.03252
G1 X180.374 Y154.592 E.01251
G1 X179.555 Y155.139 E.03252
G1 X179.187 Y155.287 E.0131
G1 X178.12 Y155.479 E.0358
G1 X177.758 Y155.475 E.01195
G1 X176.795 Y155.284 E.03241
G1 X176.445 Y155.139 E.01251
G1 X175.626 Y154.592 E.03252
G1 X175.358 Y154.324 E.01251
G1 X174.811 Y153.505 E.03252
G1 X174.666 Y153.155 E.01251
G1 X174.475 Y152.192 E.03241
G1 X174.456 Y152.002 E.0063
G1 X174.456 Y146.998 E.16522
G1 X174.666 Y145.845 E.0387
G1 X174.811 Y145.495 E.01251
G1 X175.358 Y144.676 E.03252
G1 X175.626 Y144.408 E.01251
G1 X176.445 Y143.861 E.03252
G1 X176.813 Y143.713 E.0131
G1 X177.795 Y143.54 E.03292
G1 X177.893 Y143.924 F9000
G1 F3600
G1 X178.002 Y143.905 E.00365
G1 X179.127 Y144.106 E.03773
G1 X179.335 Y144.191 E.00742
G1 X180.153 Y144.738 E.03249
G1 X180.312 Y144.897 E.00742
G1 X180.859 Y145.715 E.03249
G1 X180.944 Y145.923 E.00742
G1 X181.147 Y146.998 E.03612
G1 X181.147 Y152.002 E.16522
G1 X180.944 Y153.077 E.03612
G1 X180.859 Y153.285 E.00742
G1 X180.312 Y154.103 E.03249
G1 X180.153 Y154.262 E.00742
G1 X179.335 Y154.809 E.03249
G1 X179.117 Y154.896 E.00775
G1 X178.05 Y155.088 E.0358
G1 X177.836 Y155.086 E.00707
G1 X176.873 Y154.894 E.03242
G1 X176.665 Y154.809 E.00742
G1 X175.847 Y154.262 E.03249
G1 X175.688 Y154.103 E.00742
G1 X175.141 Y153.285 E.03249
G1 X175.056 Y153.077 E.00742
G1 X174.853 Y152.002 E.03612
G1 X174.853 Y146.998 E.16522
G1 X175.056 Y145.923 E.03612
G1 X175.141 Y145.715 E.00742
G1 X175.688 Y144.897 E.03249
G1 X175.847 Y144.738 E.00742
G1 X176.665 Y144.191 E.03249
G1 X176.883 Y144.104 E.00775
G1 X177.834 Y143.935 E.03189
G1 X177.931 Y144.309 F9000
;TYPE:External perimeter
;WIDTH:0.419999
G1 F3600
G1 X178.036 Y144.291 E.00334
G1 X179.052 Y144.485 E.03243
G1 X179.938 Y145.06 E.03312
G1 X180.537 Y145.93 E.03312
G1 X180.76 Y146.998 E.03421
G1 X180.76 Y152.002 E.1569
G1 X180.565 Y153.002 E.03194
G1 X179.99 Y153.888 E.03312
G1 X179.12 Y154.487 E.03312
G1 X178.226 Y154.663 E.02857
G1 X177.911 Y154.706 E.00997
G1 X176.948 Y154.515 E.03078
G1 X176.062 Y153.94 E.03312
G1 X175.463 Y153.07 E.03312
G1 X175.24 Y152.002 E.03421
G1 X175.24 Y146.998 E.1569
G1 X175.435 Y145.998 E.03194
G1 X176.01 Y145.112 E.03312
G1 X176.88 Y144.513 E.03312
G1 X176.952 Y144.485 E.00242
G1 X177.872 Y144.32 E.02931
G1 E-3.5
;WIPE_START
G1 F7200
G1 X177.931 Y144.309 E-.02851
G1 X178.036 Y144.291 E-.0506
G1 X179.052 Y144.485 E-.49132
G1 X179.938 Y145.06 E-.50171
G1 X180.449 Y145.802 E-.42786
;WIPE_END
G1 X177.855 Y168.54 F9000
G1 E5 F2400
;TYPE:Perimeter
;WIDTH:0.439999
G1 F3600
G1 X178.13 Y168.509 E.00914
G1 X178.895 Y168.654 E.02571
G1 X179.435 Y168.793 E.01841
G1 X180.374 Y169.408 E.03706
G1 X180.642 Y169.676 E.01251
G1 X181.189 Y170.495 E.03252
G1 X181.334 Y170.845 E.01251
G1 X181.525 Y171.808 E.03241
G1 X181.544 Y171.998 E.0063
G1 X181.544 Y177.002 E.16522
G1 X181.334 Y178.155 E.0387
G1 X181.189 Y178.505 E.01251
G1 X180.642 Y179.324 E.03252
G1 X180.374 Y179.592 E.01251
G1 X179.555 Y180.139 E.03252
G1 X179.187 Y180.287 E.0131
G1 X178.116 Y180.48 E.03593
G1 X177.758 Y180.475 E.01182
G1 X176.795 Y180.284 E.03241
G1 X176.445 Y180.139 E.01251
G1 X175.626 Y179.592 E.03252
G1 X175.358 Y179.324 E.01251
G1 X174.811 Y178.505 E.03252
G1 X174.666 Y178.155 E.01251
G1 X174.475 Y177.192 E.03241
G1 X174.456 Y177.002 E.0063
G1 X174.456 Y171.998 E.16522
G1 X174.666 Y170.845 E.0387
G1 X174.811 Y170.495 E.01251
G1 X175.358 Y169.676 E.03252
G1 X175.626 Y169.408 E.01251
G1 X176.445 Y168.861 E.03252
G1 X176.801 Y168.715 E.0127
G1 X177.635 Y168.565 E.02798
G1 X177.796 Y168.547 E.00535
G1 X177.893 Y168.922 F9000
G1 F3600
G1 X177.95 Y168.912 E.00191
G1 X178.164 Y168.914 E.00707
G1 X179.127 Y169.106 E.03242
G1 X179.335 Y169.191 E.00742
G1 X180.153 Y169.738 E.03249
G1 X180.312 Y169.897 E.00742
G1 X180.859 Y170.715 E.03249
G1 X180.944 Y170.923 E.00742
G1 X181.136 Y171.886 E.03242
G1 X181.147 Y177.002 E.16892
G1 X180.944 Y178.077 E.03612
G1 X180.859 Y178.285 E.00742
G1 X180.312 Y179.103 E.03249
G1 X180.153 Y179.262 E.00742
G1 X179.335 Y179.809 E.03249
G1 X179.117 Y179.896 E.00775
G1 X178.047 Y180.088 E.03589
G1 X177.836 Y180.086 E.00697
G1 X176.873 Y179.894 E.03242
G1 X176.665 Y179.809 E.00742
G1 X175.847 Y179.262 E.03249
G1 X175.688 Y179.103 E.00742
G1 X175.141 Y178.285 E.03249
G1 X175.056 Y178.077 E.00742
G1 X174.853 Y177.002 E.03612
G1 X174.853 Y171.998 E.16522
G1 X175.056 Y170.923 E.03612
G1 X175.141 Y170.715 E.00742
G1 X175.688 Y169.897 E.03249
G1 X175.847 Y169.738 E.00742
G1 X176.665 Y169.191 E.03249
G1 X176.883 Y169.104 E.00775
G1 X177.834 Y168.933 E.0319
G1 X177.932 Y169.315 F9000
;TYPE:External perimeter
;WIDTH:0.419999
G1 F3600
G1 X178.089 Y169.294 E.00497
G1 X179.052 Y169.485 E.03078
G1 X179.938 Y170.06 E.03312
G1 X180.537 Y170.93 E.03312
G1 X180.756 Y171.961 E.03305
G1 X180.76 Y177.002 E.15806
G1 X180.565 Y178.002 E.03194
G1 X179.99 Y178.888 E.03312
G1 X179.12 Y179.487 E.03312
G1 X179.048 Y179.515 E.00242
G1 X177.98 Y179.707 E.03402
G1 X176.948 Y179.515 E.03291
G1 X176.062 Y178.94 E.03312
G1 X175.649 Y178.347 E.02266
G1 X175.435 Y178.002 E.01273
G1 X175.24 Y177.002 E.03194
G1 X175.24 Y171.998 E.1569
G1 X175.435 Y170.998 E.03194
G1 X176.01 Y170.112 E.03312
G1 X176.88 Y169.513 E.03312
G1 X177.774 Y169.337 E.02857
G1 X177.872 Y169.323 E.0031
G1 E-3.5
;WIPE_START
G1 F7200
G1 X177.932 Y169.315 E-.02875
G1 X178.089 Y169.294 E-.07524
G1 X179.052 Y169.485 E-.46634
G1 X179.938 Y170.06 E-.50171
G1 X180.449 Y170.802 E-.42796
;WIPE_END
G1 X168.412 Y187.006 F9000
G1 E5 F2400
;TYPE:Perimeter
;WIDTH:0.439999
G1 F7200
G1 X72.994 Y91.588 E4.4554
G1 X72.994 Y72.994 E.61392
G1 X187.006 Y72.994 E3.76436
G1 X187.006 Y76.784 E.12514
G1 X187.006 Y187.006 E3.63923
G1 X168.472 Y187.006 E.61194
G1 X168.247 Y187.403 F9000
G1 F7200
G1 X72.597 Y91.753 E4.46623
G1 X72.597 Y72.597 E.63248
G1 X187.403 Y72.597 E3.79058
G1 X187.403 Y76.784 E.13824
G1 X187.403 Y187.403 E3.65234
G1 X168.307 Y187.403 E.6305
G1 X168.087 Y187.79 F9000
;TYPE:External perimeter
;WIDTH:0.419999
G1 F3600
G1 X72.21 Y91.913 E4.25134
G1 X72.21 Y72.21 E.61777
G1 X187.79 Y72.21 E3.62392
G1 X187.79 Y76.784 E.14341
G1 X187.79 Y187.79 E3.48051
G1 X168.147 Y187.79 E.61589
G1 E-3.5
;WIPE_START
G1 F7200
G1 X168.087 Y187.79 E-.0285
G1 X165.896 Y185.599 E-1.4715
;WIPE_END
G1 X156.672 Y174.833 F9000
G1 E5 F2400
;TYPE:Internal infill
;WIDTH:0.44
G1 F7200
G1 X158.356 Y176.518 E.07866
G1 X179.305 Y155.569 E.97818
G1 X178.232 Y155.769 E.03604
G1 X186.7 Y164.238 E.39542
G1 X186.7 Y163.149 E.03596
G1 X180.627 Y169.221 E.28355
G1 X179.719 Y168.603 E.03626
G1 X179.414 Y168.454 E.01121
G1 X178.256 Y168.216 E.03903
G1 X177.936 Y168.205 E.01057
G1 X176.739 Y168.415 E.04013
G1 X176.167 Y168.679 E.0208
G1 X168.457 Y160.969 E.36001
G1 X167.998 Y161.046 E.01537
G1 X167.559 Y160.96 E.01477
G1 X167.288 Y160.816 E.01013
G1 X166.916 Y160.47 E.01677
G1 X154.612 Y172.774 E.57452
G1 X152.928 Y171.089 E.07866
G1 E-3.5 F3600
;WIPE_START
G1 F7200
G1 X154.612 Y172.774 E-1.13157
G1 X155.16 Y172.226 E-.36843
;WIPE_END
G1 X145.066 Y163.228 F9000
G1 E5 F2400
G1 F7200
G1 X143.381 Y161.543 E.07868
G1 X155.685 Y149.239 E.57452
G1 X151.941 Y145.496 E.1748
G1 X139.638 Y157.799 E.57447
G1 X135.894 Y154.056 E.1748
G1 X148.198 Y141.752 E.57452
G1 X144.454 Y138.008 E.17482
G1 X132.15 Y150.312 E.57452
G1 X130.466 Y148.627 E.07866
G1 E-3.5 F3600
;WIPE_START
G1 F7200
G1 X132.15 Y150.312 E-1.13157
G1 X132.698 Y149.764 E-.36843
;WIPE_END
G1 X119.235 Y137.396 F9000
G1 E5 F2400
G1 F7200
G1 X120.919 Y139.081 E.07866
G1 X133.223 Y126.777 E.57452
G1 X129.479 Y123.033 E.17482
G1 X117.175 Y135.337 E.57452
G1 X113.432 Y131.593 E.1748
G1 X125.736 Y119.29 E.57449
G1 X121.992 Y115.546 E.17482
G1 X109.688 Y127.85 E.57452
G1 X111.373 Y129.534 E.07866
G1 E-3.5 F3600
;WIPE_START
G1 F7200
G1 X109.688 Y127.85 E-1.13157
G1 X110.236 Y127.302 E-.36843
;WIPE_END
G1 X96.772 Y114.934 F9000
G1 E5 F2400
G1 F7200
G1 X98.457 Y116.619 E.07868
G1 X110.761 Y104.315 E.57452
G1 X114.504 Y108.059 E.1748
G1 X102.201 Y120.362 E.57447
G1 X105.944 Y124.106 E.1748
G1 X118.248 Y111.802 E.57452
G1 X119.933 Y113.487 E.07868
G1 E-3.5 F3600
;WIPE_START
G1 F7200
G1 X118.248 Y111.802 E-1.1319
G1 X117.7 Y112.35 E-.3681
;WIPE_END
G1 X108.702 Y102.256 F9000
G1 E5 F2400
G1 F7200
G1 X107.017 Y100.571 E.07868
G1 X94.713 Y112.875 E.57452
G1 X90.97 Y109.131 E.1748
G1 X103.273 Y96.827 E.57449
G1 X101.589 Y95.143 E.07863
G1 E-3.5 F3600
;WIPE_START
G1 F7200
G1 X103.273 Y96.827 E-1.13123
G1 X102.724 Y97.376 E-.36877
;WIPE_END
G1 X104.296 Y90.7 F9000
G1 E5 F2400
G1 F7200
G1 X101.913 Y90.7 E.07868
G1 X119.313 Y73.3 E.81247
G1 X118.224 Y73.3 E.03596
G1 X135.625 Y90.7 E.81249
G1 X139.35 Y90.7 E.12299
G1 X156.75 Y73.3 E.81247
G1 X155.661 Y73.3 E.03596
G1 X186.7 Y104.339 E1.44932
G1 X186.7 Y103.25 E.03596
G1 X169.3 Y120.65 E.81247
G1 X169.3 Y124.375 E.12299
G1 X186.7 Y141.776 E.81249
G1 X186.7 Y140.687 E.03596
G1 X181.627 Y145.76 E.23688
G1 X181.85 Y146.993 E.04137
G1 X181.85 Y148.121 E.03724
G1 E-3.5 F3600
;WIPE_START
G1 F7200
G1 X181.85 Y146.993 E-.5358
G1 X181.627 Y145.76 E-.59518
G1 X182.176 Y145.211 E-.36902
;WIPE_END
G1 X174.955 Y144.73 F9000
G1 E5 F2400
G1 F7200
G1 X175.269 Y144.305 E.01745
G1 X176.316 Y143.584 E.04197
G1 X186.7 Y133.199 E.48489
G1 X186.7 Y134.288 E.03596
G1 X169.3 Y116.888 E.81247
G1 X169.3 Y113.162 E.12302
G1 X186.7 Y95.762 E.81247
G1 X186.7 Y96.851 E.03596
G1 X163.149 Y73.3 E1.09968
G1 X164.238 Y73.3 E.03596
G1 X146.838 Y90.7 E.81247
G1 X143.112 Y90.7 E.12302
G1 X125.712 Y73.3 E.81247
G1 X126.801 Y73.3 E.03596
G1 X109.401 Y90.7 E.81247
G1 X105.675 Y90.7 E.12302
G1 X88.275 Y73.3 E.81247
G1 X89.364 Y73.3 E.03596
G1 X73.3 Y89.364 E.75008
G1 X73.3 Y88.275 E.03596
G1 X171.725 Y186.7 E4.59581
G1 X170.636 Y186.7 E.03596
G1 X176.75 Y180.587 E.28546
G1 X177.73 Y180.781 E.03298
G1 X178.164 Y180.781 E.01433
G1 X179.498 Y180.514 E.04492
G1 X180.126 Y180.126 E.02437
G1 X186.7 Y186.7 E.30696
G1 X185.611 Y186.7 E.03596
G1 X186.7 Y185.611 E.05085
G1 X186.7 Y183.229 E.07865
G1 E-3.5 F3600
;WIPE_START
G1 F7200
G1 X186.7 Y185.611 E-1.13145
G1 X186.151 Y186.16 E-.36855
;WIPE_END
G1 X135.282 Y128.836 F9000
G1 E5 F2400
G1 F7200
G1 X136.967 Y130.521 E.07868
G1 X124.663 Y142.825 E.57452
G1 X128.407 Y146.568 E.1748
G1 X140.71 Y134.264 E.57449
G1 X142.395 Y135.949 E.07868
G1 E-3.5 F3600
;WIPE_START
G1 F7200
G1 X140.71 Y134.264 E-1.1319
G1 X140.162 Y134.812 E-.3681
;WIPE_END
G1 X157.744 Y151.298 F9000
G1 E5 F2400
G1 F7200
G1 X159.429 Y152.983 E.07868
G1 X147.125 Y165.287 E.57452
G1 X150.869 Y169.03 E.1748
G1 X163.173 Y156.727 E.57449
G1 X164.857 Y158.411 E.07863
G1 E-3.5 F3600
;WIPE_START
G1 F7200
G1 X163.173 Y156.727 E-1.13123
G1 X162.624 Y157.276 E-.36877
;WIPE_END
G1 X169.3 Y155.704 F9000
G1 E5 F2400
G1 F7200
G1 X169.3 Y158.087 E.07868
G1 X174.334 Y153.053 E.23506
G1 X174.169 Y152.22 E.02804
G1 X174.15 Y151.688 E.01758
G1 X169.3 Y146.838 E.22646
G1 X169.3 Y143.112 E.12302
G1 X186.7 Y125.712 E.81247
G1 X186.7 Y126.801 E.03596
G1 X169.3 Y109.401 E.81247
G1 X169.3 Y105.675 E.12302
G1 X186.7 Y88.275 E.81247
G1 X186.7 Y89.364 E.03596
G1 X181.292 Y83.956 E.25252
G1 X181.787 Y82.938 E.03737
G1 X181.824 Y81.366 E.05192
G1 X181.681 Y80.784 E.01979
G1 X181.093 Y79.663 E.0418
G1 X180.746 Y79.254 E.01771
G1 X186.7 Y73.3 E.27801
G1 X186.7 Y74.389 E.03596
G1 X185.611 Y73.3 E.05085
G1 X183.229 Y73.3 E.07865
G1 E-3.5 F3600
;WIPE_START
G1 F7200
G1 X185.611 Y73.3 E-1.13145
G1 X186.16 Y73.849 E-.36855
;WIPE_END
G1 X163.192 Y90.7 F9000
G1 E5 F2400
G1 F7200
G1 X165.574 Y90.7 E.07865
G1 X148.174 Y73.3 E.81247
G1 X149.263 Y73.3 E.03596
G1 X131.863 Y90.7 E.81247
G1 X128.137 Y90.7 E.12302
G1 X110.737 Y73.3 E.81247
G1 X111.826 Y73.3 E.03596
G1 X83.482 Y101.644 E1.32348
G1 X87.226 Y105.388 E.17482
G1 X99.53 Y93.084 E.57452
G1 X99.186 Y92.714 E.01668
G1 X98.986 Y92.266 E.0162
G1 X98.954 Y92.019 E.00822
G1 X99.034 Y91.547 E.01581
G1 X90.687 Y83.2 E.38975
G1 X90.824 Y82.633 E.01926
G1 X90.806 Y81.154 E.04884
G1 X90.679 Y80.781 E.01301
G1 X90.229 Y79.922 E.03202
G1 X96.851 Y73.3 E.3092
G1 X95.762 Y73.3 E.03596
G1 X113.162 Y90.7 E.81247
G1 X116.888 Y90.7 E.12302
G1 X134.288 Y73.3 E.81247
G1 X133.199 Y73.3 E.03596
G1 X150.599 Y90.7 E.81247
G1 X154.325 Y90.7 E.12302
G1 X171.725 Y73.3 E.81247
G1 X170.636 Y73.3 E.03596
G1 X176.007 Y78.67 E.25077
G1 X175.556 Y78.991 E.01828
G1 X174.536 Y80.206 E.05238
G1 X174.114 Y81.804 E.05457
G1 X174.136 Y82.302 E.01646
G1 X174.532 Y83.787 E.05074
G1 X175.291 Y84.709 E.03943
G1 X168.924 Y91.076 E.2973
G1 X169.138 Y91.355 E.01161
G1 X169.251 Y91.626 E.00969
G1 X169.3 Y91.971 E.01151
G1 X169.3 Y94.426 E.08106
G1 X186.7 Y111.826 E.81247
G1 X186.7 Y110.737 E.03596
G1 X169.3 Y128.137 E.81247
G1 X169.3 Y131.863 E.12302
G1 X186.7 Y149.263 E.81247
G1 X186.7 Y148.174 E.03596
G1 X181.623 Y153.251 E.23706
G1 X181.85 Y151.9 E.04523
G1 X186.7 Y156.75 E.22646
G1 X186.7 Y155.661 E.03596
G1 X162.1 Y180.262 E1.14868
G1 X165.844 Y184.005 E.1748
G1 X174.15 Y175.699 E.38784
G1 X174.15 Y174.15 E.05114
G1 X85.534 Y85.534 E4.13779
G1 X84.887 Y85.264 E.02315
G1 X75.995 Y94.156 E.4152
G1 X79.738 Y97.9 E.1748
G1 X104.339 Y73.3 E1.14868
G1 X103.25 Y73.3 E.03596
G1 X120.65 Y90.7 E.81247
G1 X124.375 Y90.7 E.12299
G1 X141.776 Y73.3 E.81249
G1 X140.687 Y73.3 E.03596
G1 X158.087 Y90.7 E.81247
G1 X161.813 Y90.7 E.12302
G1 X179.213 Y73.3 E.81247
G1 X178.124 Y73.3 E.03596
G1 X186.7 Y81.876 E.40044
G1 X186.7 Y80.787 E.03596
G1 X169.3 Y98.188 E.81249
G1 X169.3 Y101.913 E.12299
G1 X186.7 Y119.313 E.81247
G1 X186.7 Y118.224 E.03596
G1 X169.3 Y135.625 E.81249
G1 X169.3 Y139.35 E.12299
G1 X174.844 Y144.895 E.25889
G1 X174.536 Y145.364 E.01853
G1 X169.3 Y150.599 E.24446
G1 X169.3 Y154.325 E.12302
G1 X186.7 Y171.725 E.81247
G1 X186.7 Y170.636 E.03596
G1 X181.85 Y175.486 E.22646
G1 X181.85 Y174.363 E.03708
G1 X186.7 Y179.213 E.22646
G1 X186.7 Y178.124 E.03596
G1 X178.124 Y186.7 E.40044
G1 X179.213 Y186.7 E.03596
G1 X73.3 Y80.787 E4.94545
G1 X73.3 Y81.876 E.03596
G1 X81.876 Y73.3 E.40044
G1 X80.787 Y73.3 E.03596
G1 X85.838 Y78.351 E.23585
G1 X85.053 Y78.648 E.02771
G1 X84.694 Y78.858 E.01373
G1 X83.536 Y80.206 E.05867
G1 X83.099 Y82.002 E.06103
G1 X83.408 Y83.408 E.04753
G1 X73.3 Y73.3 E.47198
G1 X74.389 Y73.3 E.03596
G1 X73.3 Y74.389 E.05085
G1 X73.3 Y76.771 E.07865
;LAYER_CHANGE
;Z:2
;HEIGHT:0.2
;BEFORE_LAYER_CHANGE
G92 E0
;2


G1 E-3.5 F3600
;WIPE_START
G1 F7200
G1 X73.3 Y74.389 E-1.13145
G1 X73.849 Y73.84 E-.36855
;WIPE_END
G1 Z2 F9000
;AFTER_LAYER_CHANGE
;2
G1 X99.35 Y91.614
G1 E5 F2400
;TYPE:Perimeter
;WIDTH:0.439999
G1 F7200
G1 X99.394 Y91.485 E.0045
G1 X99.603 Y91.237 E.01071
G1 X99.905 Y91.063 E.01151
G1 X100.232 Y91.006 E.01096
G1 X168.021 Y91.006 E2.23821
G1 X168.333 Y91.057 E.01044
G1 X168.647 Y91.234 E.0119
G1 X168.871 Y91.505 E.01161
G1 X168.977 Y91.799 E.01032
G1 X168.994 Y92.845 E.03454
G1 X168.994 Y159.768 E2.20961
G1 X168.925 Y160.127 E.01207
G1 X168.773 Y160.386 E.00992
G1 X168.517 Y160.605 E.01112
G1 X168.219 Y160.72 E.01055
G1 X167.84 Y160.723 E.01251
G1 X167.527 Y160.605 E.01104
G1 X167.334 Y160.455 E.00807
G1 X99.545 Y92.666 E3.1653
G1 X99.354 Y92.395 E.01095
G1 X99.265 Y92.08 E.01081
G1 X99.268 Y91.851 E.00756
G1 X99.33 Y91.671 E.00629
G1 X99.711 Y91.764 F9000
G1 F7200
G1 X99.74 Y91.681 E.0029
G1 X99.947 Y91.479 E.00955
G1 X100.232 Y91.403 E.00974
G1 X168.021 Y91.403 E2.23821
G1 X168.274 Y91.461 E.00857
G1 X168.485 Y91.637 E.00907
G1 X168.587 Y91.872 E.00846
G1 X168.597 Y92.845 E.03213
G1 X168.597 Y159.768 E2.20961
G1 X168.533 Y160.031 E.00894
G1 X168.334 Y160.251 E.00979
G1 X168.093 Y160.339 E.00847
G1 X167.814 Y160.305 E.00928
G1 X167.614 Y160.175 E.00788
G1 X99.825 Y92.386 E3.1653
G1 X99.679 Y92.136 E.00956
G1 X99.662 Y91.903 E.00771
G1 X99.691 Y91.821 E.00287
G1 X100.073 Y91.909 F9000
;TYPE:External perimeter
;WIDTH:0.419999
G1 F3600
G1 X100.123 Y91.825 E.00307
G1 X100.232 Y91.79 E.00359
G1 X168.021 Y91.79 E2.12547
G1 X168.158 Y91.848 E.00466
G1 X168.21 Y91.979 E.00442
G1 X168.21 Y159.768 E2.12547
G1 X168.148 Y159.907 E.00477
G1 X167.996 Y159.954 E.00499
G1 X167.888 Y159.901 E.00377
G1 X100.099 Y92.112 E3.00587
G1 X100.048 Y91.961 E.005
G1 E-3.5
;WIPE_START
G1 F7200
G1 X100.073 Y91.909 E-.02741
G1 X100.123 Y91.825 E-.04643
G1 X100.232 Y91.79 E-.05438
G1 X103.12 Y91.79 E-1.37178
;WIPE_END
G1 X89.68 Y84.374 F9000
G1 E5 F2400
;TYPE:Perimeter
;WIDTH:0.439999
G1 F3600
G1 X89.603 Y84.471 E.00409
G1 X88.999 Y84.896 E.02438
G1 X88.482 Y85.252 E.02073
G1 X88.167 Y85.395 E.01142
G1 X88.047 Y85.417 E.00403
G1 X86.801 Y85.569 E.04144
G1 X86.434 Y85.543 E.01215
G1 X85.166 Y85.067 E.04472
G1 X84.849 Y84.871 E.01231
G1 X83.95 Y83.864 E.04457
G1 X83.771 Y83.568 E.01142
G1 X83.433 Y82.233 E.04547
G1 X83.412 Y81.882 E.01161
G1 X83.734 Y80.549 E.04528
G1 X83.87 Y80.24 E.01115
G1 X83.95 Y80.136 E.00433
G1 X84.782 Y79.197 E.04142
G1 X85.017 Y79.004 E.01004
G1 X86.339 Y78.488 E.04686
G1 X86.684 Y78.424 E.01159
G1 X88.047 Y78.583 E.04531
G1 X88.28 Y78.641 E.00793
G1 X88.482 Y78.748 E.00755
G1 X89.515 Y79.461 E.04144
G1 X89.747 Y79.686 E.01067
G1 X89.824 Y79.809 E.00479
G1 X90.407 Y80.92 E.04143
G1 X90.515 Y81.293 E.01282
G1 X90.519 Y82.628 E.04408
G1 X90.447 Y82.994 E.01232
G1 X89.824 Y84.191 E.04455
G1 X89.717 Y84.327 E.00571
G1 X89.381 Y84.109 F9000
G1 F3600
G1 X89.29 Y84.213 E.00456
G1 X88.257 Y84.925 E.04142
G1 X87.999 Y85.023 E.00911
G1 X86.753 Y85.174 E.04144
G1 X86.48 Y85.141 E.00908
G1 X85.306 Y84.696 E.04145
G1 X85.08 Y84.54 E.00907
G1 X84.247 Y83.6 E.04147
G1 X84.119 Y83.356 E.0091
G1 X83.819 Y82.138 E.04142
G1 X83.819 Y81.862 E.00911
G1 X84.119 Y80.644 E.04142
G1 X84.247 Y80.4 E.0091
G1 X85.08 Y79.46 E.04147
G1 X85.306 Y79.304 E.00907
G1 X86.48 Y78.859 E.04145
G1 X86.753 Y78.826 E.00908
G1 X87.999 Y78.977 E.04144
G1 X88.257 Y79.075 E.00911
G1 X89.29 Y79.787 E.04142
G1 X89.472 Y79.994 E.0091
G1 X90.056 Y81.105 E.04144
G1 X90.122 Y81.372 E.00908
G1 X90.122 Y82.628 E.04147
G1 X90.056 Y82.895 E.00908
G1 X89.472 Y84.006 E.04144
G1 X89.421 Y84.064 E.00255
G1 X89.092 Y83.854 F9000
;TYPE:External perimeter
;WIDTH:0.419999
G1 F3600
G1 X88.553 Y84.25 E.02097
G1 X88.037 Y84.607 E.01967
G1 X87.953 Y84.639 E.00282
G1 X86.707 Y84.79 E.03935
G1 X86.617 Y84.779 E.00284
G1 X85.444 Y84.334 E.03934
G1 X85.095 Y83.974 E.01572
G1 X84.537 Y83.344 E.02639
G1 X84.495 Y83.264 E.00283
G1 X84.195 Y82.045 E.03936
G1 X84.195 Y81.955 E.00282
G1 X84.495 Y80.736 E.03936
G1 X84.537 Y80.656 E.00283
G1 X85.369 Y79.717 E.03934
G1 X85.444 Y79.666 E.00284
G1 X86.617 Y79.221 E.03934
G1 X86.707 Y79.21 E.00284
G1 X87.953 Y79.361 E.03935
G1 X88.037 Y79.393 E.00282
G1 X89.07 Y80.106 E.03935
G1 X89.13 Y80.174 E.00284
G1 X89.713 Y81.285 E.03934
G1 X89.734 Y82.628 E.04211
G1 X89.135 Y83.815 E.04169
G1 E-3.5
;WIPE_START
G1 F7200
G1 X89.092 Y83.854 E-.02757
G1 X88.553 Y84.25 E-.3177
G1 X88.037 Y84.607 E-.29804
G1 X87.953 Y84.639 E-.0427
G1 X86.707 Y84.79 E-.59618
G1 X86.617 Y84.779 E-.04307
G1 X86.273 Y84.649 E-.17474
;WIPE_END
G1 X174.423 Y82 F9000
G1 E5 F2400
;TYPE:Perimeter
;WIDTH:0.439999
G1 F3600
G1 X174.433 Y81.767 E.0077
G1 X174.734 Y80.549 E.04142
G1 X174.87 Y80.24 E.01115
G1 X174.95 Y80.136 E.00433
G1 X175.782 Y79.197 E.04142
G1 X176.017 Y79.004 E.01004
G1 X176.166 Y78.933 E.00545
G1 X177.339 Y78.488 E.04142
G1 X177.684 Y78.424 E.01159
G1 X179.047 Y78.583 E.04531
G1 X179.28 Y78.641 E.00793
G1 X179.482 Y78.748 E.00755
G1 X180.515 Y79.461 E.04144
G1 X180.734 Y79.668 E.00995
G1 X180.824 Y79.809 E.00552
G1 X181.407 Y80.92 E.04143
G1 X181.49 Y81.136 E.00764
G1 X181.519 Y81.372 E.00785
G1 X181.519 Y82.628 E.04147
G1 X181.49 Y82.864 E.00785
G1 X181.407 Y83.08 E.00764
G1 X180.824 Y84.191 E.04143
G1 X180.629 Y84.447 E.01063
G1 X179.482 Y85.252 E.04627
G1 X179.148 Y85.4 E.01206
G1 X179.047 Y85.417 E.00338
G1 X177.801 Y85.569 E.04144
G1 X177.427 Y85.541 E.01238
G1 X176.166 Y85.067 E.04448
G1 X175.855 Y84.877 E.01203
G1 X174.95 Y83.864 E.04485
G1 X174.763 Y83.547 E.01215
G1 X174.417 Y82.15 E.04752
G1 X174.421 Y82.06 E.00297
G1 X174.819 Y82 F9000
G1 F3600
G1 X174.819 Y81.862 E.00456
G1 X175.119 Y80.644 E.04142
G1 X175.247 Y80.4 E.0091
G1 X176.08 Y79.46 E.04147
G1 X176.306 Y79.304 E.00907
G1 X177.48 Y78.859 E.04145
G1 X177.753 Y78.826 E.00908
G1 X178.999 Y78.977 E.04144
G1 X179.257 Y79.075 E.00911
G1 X180.29 Y79.788 E.04144
G1 X180.472 Y79.994 E.00908
G1 X181.056 Y81.105 E.04144
G1 X181.122 Y81.372 E.00908
G1 X181.122 Y82.628 E.04147
G1 X181.056 Y82.895 E.00908
G1 X180.472 Y84.006 E.04144
G1 X180.29 Y84.213 E.0091
G1 X179.257 Y84.925 E.04142
G1 X178.999 Y85.023 E.00911
G1 X177.753 Y85.174 E.04144
G1 X177.48 Y85.141 E.00908
G1 X176.306 Y84.696 E.04145
G1 X176.08 Y84.54 E.00907
G1 X175.247 Y83.6 E.04147
G1 X175.119 Y83.356 E.0091
G1 X174.819 Y82.138 E.04142
G1 X174.819 Y82.06 E.00258
G1 X175.189 Y82 F9000
;TYPE:External perimeter
;WIDTH:0.419999
G1 F3600
G1 X175.495 Y80.736 E.04078
G1 X175.537 Y80.656 E.00283
G1 X176.369 Y79.717 E.03934
G1 X176.444 Y79.666 E.00284
G1 X177.617 Y79.221 E.03934
G1 X177.707 Y79.21 E.00284
G1 X178.953 Y79.361 E.03935
G1 X179.037 Y79.393 E.00282
G1 X180.07 Y80.106 E.03935
G1 X180.13 Y80.174 E.00284
G1 X180.713 Y81.285 E.03934
G1 X180.734 Y81.372 E.00281
G1 X180.734 Y82.628 E.03938
G1 X180.713 Y82.715 E.00281
G1 X180.13 Y83.826 E.03934
G1 X180.07 Y83.894 E.00284
G1 X179.037 Y84.607 E.03935
G1 X178.953 Y84.639 E.00282
G1 X177.707 Y84.79 E.03935
G1 X177.03 Y84.557 E.02245
G1 X176.444 Y84.334 E.01966
G1 X175.537 Y83.344 E.0421
G1 X175.204 Y82.058 E.04165
G1 E-3.5
;WIPE_START
G1 F7200
G1 X175.189 Y82 E-.02846
G1 X175.495 Y80.736 E-.61774
G1 X175.537 Y80.656 E-.04292
G1 X176.369 Y79.717 E-.59592
G1 X176.444 Y79.666 E-.04308
G1 X176.782 Y79.538 E-.17188
;WIPE_END
G1 X177.854 Y143.526 F9000
G1 E5 F2400
;TYPE:Perimeter
;WIDTH:0.439999
G1 F3600
G1 X177.88 Y143.521 E.00087
G1 X178.242 Y143.525 E.01195
G1 X179.205 Y143.716 E.03241
G1 X179.555 Y143.861 E.01251
G1 X180.374 Y144.408 E.03252
G1 X180.642 Y144.676 E.01251
G1 X181.189 Y145.495 E.03252
G1 X181.334 Y145.845 E.01251
G1 X181.525 Y146.808 E.03241
G1 X181.544 Y146.998 E.0063
G1 X181.544 Y152.002 E.16522
G1 X181.334 Y153.155 E.0387
G1 X181.189 Y153.505 E.01251
G1 X180.642 Y154.324 E.03252
G1 X180.374 Y154.592 E.01251
G1 X179.555 Y155.139 E.03252
G1 X179.187 Y155.287 E.0131
G1 X178.12 Y155.479 E.0358
G1 X177.758 Y155.475 E.01195
G1 X176.795 Y155.284 E.03241
G1 X176.445 Y155.139 E.01251
G1 X175.626 Y154.592 E.03252
G1 X175.358 Y154.324 E.01251
G1 X174.811 Y153.505 E.03252
G1 X174.666 Y153.155 E.01251
G1 X174.475 Y152.192 E.03241
G1 X174.456 Y152.002 E.0063
G1 X174.456 Y146.998 E.16522
G1 X174.666 Y145.845 E.0387
G1 X174.811 Y145.495 E.01251
G1 X175.358 Y144.676 E.03252
G1 X175.626 Y144.408 E.01251
G1 X176.445 Y143.861 E.03252
G1 X176.813 Y143.713 E.0131
G1 X177.795 Y143.536 E.03295
G1 X177.893 Y143.922 F9000
G1 F3600
G1 X177.95 Y143.912 E.00191
G1 X178.164 Y143.914 E.00707
G1 X179.127 Y144.106 E.03242
G1 X179.335 Y144.191 E.00742
G1 X180.153 Y144.738 E.03249
G1 X180.312 Y144.897 E.00742
G1 X180.859 Y145.715 E.03249
G1 X180.944 Y145.923 E.00742
G1 X181.147 Y146.998 E.03612
G1 X181.147 Y152.002 E.16522
G1 X180.944 Y153.077 E.03612
G1 X180.859 Y153.285 E.00742
G1 X180.312 Y154.103 E.03249
G1 X180.153 Y154.262 E.00742
G1 X179.335 Y154.809 E.03249
G1 X179.117 Y154.896 E.00775
G1 X178.05 Y155.088 E.0358
G1 X177.836 Y155.086 E.00707
G1 X176.873 Y154.894 E.03242
G1 X176.665 Y154.809 E.00742
G1 X175.847 Y154.262 E.03249
G1 X175.688 Y154.103 E.00742
G1 X175.141 Y153.285 E.03249
G1 X175.056 Y153.077 E.00742
G1 X174.853 Y152.002 E.03612
G1 X174.853 Y146.998 E.16522
G1 X175.056 Y145.923 E.03612
G1 X175.141 Y145.715 E.00742
G1 X175.688 Y144.897 E.03249
G1 X175.847 Y144.738 E.00742
G1 X176.665 Y144.191 E.03249
G1 X176.883 Y144.104 E.00775
G1 X177.834 Y143.933 E.0319
G1 X177.931 Y144.309 F9000
;TYPE:External perimeter
;WIDTH:0.419999
G1 F3600
G1 X178.019 Y144.293 E.0028
G1 X179.052 Y144.485 E.03294
G1 X179.938 Y145.06 E.03312
G1 X180.537 Y145.93 E.03312
G1 X180.76 Y146.998 E.03421
G1 X180.76 Y152.002 E.1569
G1 X180.565 Y153.002 E.03194
G1 X179.99 Y153.888 E.03312
G1 X179.12 Y154.487 E.03312
G1 X178.226 Y154.663 E.02857
G1 X177.911 Y154.706 E.00997
G1 X176.948 Y154.515 E.03078
G1 X176.062 Y153.94 E.03312
G1 X175.463 Y153.07 E.03312
G1 X175.24 Y152.002 E.03421
G1 X175.24 Y146.998 E.1569
G1 X175.435 Y145.998 E.03194
G1 X176.01 Y145.112 E.03312
G1 X176.88 Y144.513 E.03312
G1 X176.952 Y144.485 E.00242
G1 X177.872 Y144.319 E.02931
G1 E-3.5
;WIPE_START
G1 F7200
G1 X177.931 Y144.309 E-.02842
G1 X178.019 Y144.293 E-.04249
G1 X179.052 Y144.485 E-.49908
G1 X179.938 Y145.06 E-.50171
G1 X180.449 Y145.803 E-.4283
;WIPE_END
G1 X177.855 Y168.54 F9000
G1 E5 F2400
;TYPE:Perimeter
;WIDTH:0.439999
G1 F3600
G1 X178.13 Y168.509 E.00914
G1 X178.895 Y168.654 E.02571
G1 X179.435 Y168.793 E.01841
G1 X180.374 Y169.408 E.03706
G1 X180.642 Y169.676 E.01251
G1 X181.189 Y170.495 E.03252
G1 X181.334 Y170.845 E.01251
G1 X181.525 Y171.808 E.03241
G1 X181.544 Y171.998 E.0063
G1 X181.544 Y177.002 E.16522
G1 X181.334 Y178.155 E.0387
G1 X181.189 Y178.505 E.01251
G1 X180.642 Y179.324 E.03252
G1 X180.374 Y179.592 E.01251
G1 X179.555 Y180.139 E.03252
G1 X179.187 Y180.287 E.0131
G1 X178.116 Y180.48 E.03593
G1 X177.758 Y180.475 E.01182
G1 X176.795 Y180.284 E.03241
G1 X176.445 Y180.139 E.01251
G1 X175.626 Y179.592 E.03252
G1 X175.358 Y179.324 E.01251
G1 X174.811 Y178.505 E.03252
G1 X174.666 Y178.155 E.01251
G1 X174.475 Y177.192 E.03241
G1 X174.456 Y177.002 E.0063
G1 X174.456 Y171.998 E.16522
G1 X174.666 Y170.845 E.0387
G1 X174.811 Y170.495 E.01251
G1 X175.358 Y169.676 E.03252
G1 X175.626 Y169.408 E.01251
G1 X176.445 Y168.861 E.03252
G1 X176.801 Y168.715 E.0127
G1 X177.635 Y168.565 E.02798
G1 X177.796 Y168.547 E.00535
G1 X177.893 Y168.922 F9000
G1 F3600
G1 X177.95 Y168.912 E.00191
G1 X178.164 Y168.914 E.00707
G1 X179.127 Y169.106 E.03242
G1 X179.335 Y169.191 E.00742
G1 X180.153 Y169.738 E.03249
G1 X180.312 Y169.897 E.00742
G1 X180.859 Y170.715 E.03249
G1 X180.944 Y170.923 E.00742
G1 X181.136 Y171.886 E.03242
G1 X181.147 Y177.002 E.16892
G1 X180.944 Y178.077 E.03612
G1 X180.859 Y178.285 E.00742
G1 X180.312 Y179.103 E.03249
G1 X180.153 Y179.262 E.00742
G1 X179.335 Y179.809 E.03249
G1 X179.117 Y179.896 E.00775
G1 X178.047 Y180.088 E.03589
G1 X177.836 Y180.086 E.00697
G1 X176.873 Y179.894 E.03242
G1 X176.665 Y179.809 E.00742
G1 X175.847 Y179.262 E.03249
G1 X175.688 Y179.103 E.00742
G1 X175.141 Y178.285 E.03249
G1 X175.056 Y178.077 E.00742
G1 X174.853 Y177.002 E.03612
G1 X174.853 Y171.998 E.16522
G1 X175.056 Y170.923 E.03612
G1 X175.141 Y170.715 E.00742
G1 X175.688 Y169.897 E.03249
G1 X175.847 Y169.738 E.00742
G1 X176.665 Y169.191 E.03249
G1 X176.883 Y169.104 E.00775
G1 X177.834 Y168.933 E.0319
G1 X177.932 Y169.315 F9000
;TYPE:External perimeter
;WIDTH:0.419999
G1 F3600
G1 X178.089 Y169.294 E.00497
G1 X179.052 Y169.485 E.03078
G1 X179.938 Y170.06 E.03312
G1 X180.537 Y170.93 E.03312
G1 X180.756 Y171.961 E.03305
G1 X180.76 Y177.002 E.15806
G1 X180.565 Y178.002 E.03194
G1 X179.99 Y178.888 E.03312
G1 X179.12 Y179.487 E.03312
G1 X179.048 Y179.515 E.00242
G1 X177.98 Y179.707 E.03402
G1 X176.948 Y179.515 E.03291
G1 X176.062 Y178.94 E.03312
G1 X175.649 Y178.347 E.02266
G1 X175.435 Y178.002 E.01273
G1 X175.24 Y177.002 E.03194
G1 X175.24 Y171.998 E.1569
G1 X175.435 Y170.998 E.03194
G1 X176.01 Y170.112 E.03312
G1 X176.88 Y169.513 E.03312
G1 X177.774 Y169.337 E.02857
G1 X177.872 Y169.323 E.0031
G1 E-3.5
;WIPE_START
G1 F7200
G1 X177.932 Y169.315 E-.02875
G1 X178.089 Y169.294 E-.07524
G1 X179.052 Y169.485 E-.46634
G1 X179.938 Y170.06 E-.50171
G1 X180.449 Y170.802 E-.42796
;WIPE_END
G1 X168.412 Y187.006 F9000
G1 E5 F2400
;TYPE:Perimeter
;WIDTH:0.439999
G1 F7200
G1 X72.994 Y91.588 E4.4554
G1 X72.994 Y72.994 E.61392
G1 X187.006 Y72.994 E3.76436
G1 X187.006 Y76.784 E.12514
G1 X187.006 Y187.006 E3.63923
G1 X168.472 Y187.006 E.61194
G1 X168.247 Y187.403 F9000
G1 F7200
G1 X72.597 Y91.753 E4.46623
G1 X72.597 Y72.597 E.63248
G1 X187.403 Y72.597 E3.79058
G1 X187.403 Y76.784 E.13824
G1 X187.403 Y187.403 E3.65234
G1 X168.307 Y187.403 E.6305
G1 X168.087 Y187.79 F9000
;TYPE:External perimeter
;WIDTH:0.419999
G1 F3600
G1 X72.21 Y91.913 E4.25134
G1 X72.21 Y72.21 E.61777
G1 X187.79 Y72.21 E3.62392
G1 X187.79 Y76.784 E.14341
G1 X187.79 Y187.79 E3.48051
G1 X168.147 Y187.79 E.61589
G1 E-3.5
;WIPE_START
G1 F7200
G1 X168.087 Y187.79 E-.0285
G1 X165.896 Y185.599 E-1.4715
;WIPE_END
G1 X160.041 Y178.203 F9000
G1 E5 F2400
;TYPE:Internal infill
;WIDTH:0.44
G1 F7200
G1 X158.356 Y176.518 E.07868
G1 X179.305 Y155.569 E.97818
G1 X178.232 Y155.769 E.03604
G1 X186.7 Y164.238 E.39542
G1 X186.7 Y163.149 E.03596
G1 X180.627 Y169.221 E.28355
G1 X179.719 Y168.603 E.03626
G1 X179.414 Y168.454 E.01121
G1 X178.256 Y168.216 E.03903
G1 X177.936 Y168.205 E.01057
G1 X176.739 Y168.415 E.04013
G1 X176.167 Y168.679 E.0208
G1 X168.451 Y160.964 E.36026
G1 X168.085 Y161.045 E.01238
G1 X167.561 Y160.961 E.01752
G1 X167.288 Y160.816 E.01021
G1 X166.916 Y160.47 E.01677
G1 X154.612 Y172.774 E.57452
G1 X152.928 Y171.089 E.07866
G1 E-3.5 F3600
;WIPE_START
G1 F7200
G1 X154.612 Y172.774 E-1.13157
G1 X155.16 Y172.226 E-.36843
;WIPE_END
G1 X134.209 Y152.371 F9000
G1 E5 F2400
G1 F7200
G1 X135.894 Y154.056 E.07868
G1 X148.198 Y141.752 E.57452
G1 X144.454 Y138.008 E.17482
G1 X132.15 Y150.312 E.57452
G1 X130.466 Y148.627 E.07866
G1 E-3.5 F3600
;WIPE_START
G1 F7200
G1 X132.15 Y150.312 E-1.13157
G1 X132.698 Y149.764 E-.36843
;WIPE_END
G1 X122.604 Y140.765 F9000
G1 E5 F2400
G1 F7200
G1 X120.919 Y139.081 E.07866
G1 X133.223 Y126.777 E.57452
G1 X129.479 Y123.033 E.17482
G1 X117.175 Y135.337 E.57452
G1 X115.491 Y133.652 E.07866
G1 E-3.5 F3600
;WIPE_START
G1 F7200
G1 X117.175 Y135.337 E-1.13157
G1 X117.723 Y134.789 E-.36843
;WIPE_END
G1 X107.629 Y125.791 F9000
G1 E5 F2400
G1 F7200
G1 X105.944 Y124.106 E.07868
G1 X118.248 Y111.802 E.57452
G1 X114.504 Y108.059 E.1748
G1 X102.201 Y120.362 E.57447
G1 X98.457 Y116.619 E.1748
G1 X110.761 Y104.315 E.57452
G1 X109.076 Y102.63 E.07868
G1 E-3.5 F3600
;WIPE_START
G1 F7200
G1 X110.761 Y104.315 E-1.1319
G1 X110.213 Y104.863 E-.3681
;WIPE_END
G1 X104.296 Y90.7 F9000
G1 E5 F2400
G1 F7200
G1 X101.913 Y90.7 E.07868
G1 X119.313 Y73.3 E.81247
G1 X118.224 Y73.3 E.03596
G1 X135.625 Y90.7 E.81249
G1 X139.35 Y90.7 E.12299
G1 X156.75 Y73.3 E.81247
G1 X155.661 Y73.3 E.03596
G1 X186.7 Y104.339 E1.44932
G1 X186.7 Y103.25 E.03596
G1 X169.3 Y120.65 E.81247
G1 X169.3 Y124.375 E.12299
G1 X186.7 Y141.776 E.81249
G1 X186.7 Y140.687 E.03596
G1 X181.627 Y145.76 E.23688
G1 X181.85 Y146.993 E.04137
G1 X181.85 Y148.121 E.03724
G1 E-3.5 F3600
;WIPE_START
G1 F7200
G1 X181.85 Y146.993 E-.5358
G1 X181.627 Y145.76 E-.59518
G1 X182.176 Y145.211 E-.36902
;WIPE_END
G1 X174.955 Y144.73 F9000
G1 E5 F2400
G1 F7200
G1 X175.269 Y144.305 E.01745
G1 X176.316 Y143.584 E.04197
G1 X186.7 Y133.199 E.48489
G1 X186.7 Y134.288 E.03596
G1 X169.3 Y116.888 E.81247
G1 X169.3 Y113.162 E.12302
G1 X186.7 Y95.762 E.81247
G1 X186.7 Y96.851 E.03596
G1 X163.149 Y73.3 E1.09968
G1 X164.238 Y73.3 E.03596
G1 X146.838 Y90.7 E.81247
G1 X143.112 Y90.7 E.12302
G1 X125.712 Y73.3 E.81247
G1 X126.801 Y73.3 E.03596
G1 X109.401 Y90.7 E.81247
G1 X105.675 Y90.7 E.12302
G1 X88.275 Y73.3 E.81247
G1 X89.364 Y73.3 E.03596
G1 X73.3 Y89.364 E.75008
G1 X73.3 Y88.275 E.03596
G1 X171.725 Y186.7 E4.59581
G1 X170.636 Y186.7 E.03596
G1 X176.75 Y180.587 E.28546
G1 X177.73 Y180.781 E.03298
G1 X178.164 Y180.781 E.01433
G1 X179.498 Y180.514 E.04492
G1 X180.126 Y180.126 E.02437
G1 X186.7 Y186.7 E.30696
G1 X185.611 Y186.7 E.03596
G1 X186.7 Y185.611 E.05085
G1 X186.7 Y183.229 E.07865
G1 E-3.5 F3600
;WIPE_START
G1 F7200
G1 X186.7 Y185.611 E-1.13145
G1 X186.151 Y186.16 E-.36855
;WIPE_END
G1 X89.285 Y107.447 F9000
G1 E5 F2400
G1 F7200
G1 X90.97 Y109.131 E.07866
G1 X103.273 Y96.827 E.57449
G1 X107.017 Y100.571 E.17482
G1 X94.713 Y112.875 E.57452
G1 X93.029 Y111.19 E.07866
G1 E-3.5 F3600
;WIPE_START
G1 F7200
G1 X94.713 Y112.875 E-1.13157
G1 X95.261 Y112.327 E-.36843
;WIPE_END
G1 X120.307 Y113.861 F9000
G1 E5 F2400
G1 F7200
G1 X121.992 Y115.546 E.07868
G1 X109.688 Y127.85 E.57452
G1 X113.432 Y131.593 E.1748
G1 X125.736 Y119.29 E.57449
G1 X127.42 Y120.974 E.07863
G1 E-3.5 F3600
;WIPE_START
G1 F7200
G1 X125.736 Y119.29 E-1.13123
G1 X125.187 Y119.839 E-.36877
;WIPE_END
G1 X135.282 Y128.836 F9000
G1 E5 F2400
G1 F7200
G1 X136.967 Y130.521 E.07868
G1 X124.663 Y142.825 E.57452
G1 X128.407 Y146.568 E.1748
G1 X140.71 Y134.264 E.57449
G1 X142.395 Y135.949 E.07868
G1 E-3.5 F3600
;WIPE_START
G1 F7200
G1 X140.71 Y134.264 E-1.1319
G1 X140.162 Y134.812 E-.3681
;WIPE_END
G1 X153.626 Y147.18 F9000
G1 E5 F2400
G1 F7200
G1 X151.941 Y145.496 E.07866
G1 X139.638 Y157.799 E.57447
G1 X143.381 Y161.543 E.1748
G1 X155.685 Y149.239 E.57452
G1 X159.429 Y152.983 E.17482
G1 X147.125 Y165.287 E.57452
G1 X150.869 Y169.03 E.1748
G1 X163.173 Y156.727 E.57449
G1 X164.857 Y158.411 E.07863
G1 E-3.5 F3600
;WIPE_START
G1 F7200
G1 X163.173 Y156.727 E-1.13123
G1 X162.624 Y157.276 E-.36877
;WIPE_END
G1 X169.3 Y155.704 F9000
G1 E5 F2400
G1 F7200
G1 X169.3 Y158.087 E.07868
G1 X174.334 Y153.053 E.23506
G1 X174.169 Y152.22 E.02804
G1 X174.15 Y151.688 E.01758
G1 X169.3 Y146.838 E.22646
G1 X169.3 Y143.112 E.12302
G1 X186.7 Y125.712 E.81247
G1 X186.7 Y126.801 E.03596
G1 X169.3 Y109.401 E.81247
G1 X169.3 Y105.675 E.12302
G1 X186.7 Y88.275 E.81247
G1 X186.7 Y89.364 E.03596
G1 X181.292 Y83.956 E.25252
G1 X181.787 Y82.938 E.03737
G1 X181.824 Y81.366 E.05192
G1 X181.681 Y80.784 E.01979
G1 X181.093 Y79.663 E.0418
G1 X180.746 Y79.254 E.01771
G1 X186.7 Y73.3 E.27801
G1 X186.7 Y74.389 E.03596
G1 X185.611 Y73.3 E.05085
G1 X183.229 Y73.3 E.07865
G1 E-3.5 F3600
;WIPE_START
G1 F7200
G1 X185.611 Y73.3 E-1.13145
G1 X186.16 Y73.849 E-.36855
;WIPE_END
G1 X163.192 Y90.7 F9000
G1 E5 F2400
G1 F7200
G1 X165.574 Y90.7 E.07865
G1 X148.174 Y73.3 E.81247
G1 X149.263 Y73.3 E.03596
G1 X131.863 Y90.7 E.81247
G1 X128.137 Y90.7 E.12302
G1 X110.737 Y73.3 E.81247
G1 X111.826 Y73.3 E.03596
G1 X83.482 Y101.644 E1.32348
G1 X87.226 Y105.388 E.17482
G1 X99.53 Y93.084 E.57452
G1 X99.186 Y92.714 E.01668
G1 X98.986 Y92.266 E.0162
G1 X98.954 Y92.019 E.00822
G1 X99.034 Y91.547 E.01581
G1 X90.687 Y83.2 E.38975
G1 X90.824 Y82.633 E.01926
G1 X90.806 Y81.154 E.04884
G1 X90.679 Y80.781 E.01301
G1 X90.229 Y79.922 E.03202
G1 X96.851 Y73.3 E.3092
G1 X95.762 Y73.3 E.03596
G1 X113.162 Y90.7 E.81247
G1 X116.888 Y90.7 E.12302
G1 X134.288 Y73.3 E.81247
G1 X133.199 Y73.3 E.03596
G1 X150.599 Y90.7 E.81247
G1 X154.325 Y90.7 E.12302
G1 X171.725 Y73.3 E.81247
G1 X170.636 Y73.3 E.03596
G1 X176.007 Y78.67 E.25077
G1 X175.556 Y78.991 E.01828
G1 X174.536 Y80.206 E.05238
G1 X174.114 Y81.804 E.05457
G1 X174.136 Y82.302 E.01646
G1 X174.532 Y83.787 E.05074
G1 X175.291 Y84.709 E.03943
G1 X168.924 Y91.076 E.2973
G1 X169.138 Y91.355 E.01161
G1 X169.251 Y91.626 E.00969
G1 X169.3 Y91.971 E.01151
G1 X169.3 Y94.426 E.08106
G1 X186.7 Y111.826 E.81247
G1 X186.7 Y110.737 E.03596
G1 X169.3 Y128.137 E.81247
G1 X169.3 Y131.863 E.12302
G1 X186.7 Y149.263 E.81247
G1 X186.7 Y148.174 E.03596
G1 X181.623 Y153.251 E.23706
G1 X181.85 Y151.9 E.04523
G1 X186.7 Y156.75 E.22646
G1 X186.7 Y155.661 E.03596
G1 X162.1 Y180.262 E1.14868
G1 X165.844 Y184.005 E.1748
G1 X174.15 Y175.699 E.38784
G1 X174.15 Y174.15 E.05114
G1 X85.534 Y85.534 E4.13779
G1 X84.887 Y85.264 E.02315
G1 X75.995 Y94.156 E.4152
G1 X79.738 Y97.9 E.1748
G1 X104.339 Y73.3 E1.14868
G1 X103.25 Y73.3 E.03596
G1 X120.65 Y90.7 E.81247
G1 X124.375 Y90.7 E.12299
G1 X141.776 Y73.3 E.81249
G1 X140.687 Y73.3 E.03596
G1 X158.087 Y90.7 E.81247
G1 X161.813 Y90.7 E.12302
G1 X179.213 Y73.3 E.81247
G1 X178.124 Y73.3 E.03596
G1 X186.7 Y81.876 E.40044
G1 X186.7 Y80.787 E.03596
G1 X169.3 Y98.188 E.81249
G1 X169.3 Y101.913 E.12299
G1 X186.7 Y119.313 E.81247
G1 X186.7 Y118.224 E.03596
G1 X169.3 Y135.625 E.81249
G1 X169.3 Y139.35 E.12299
G1 X174.844 Y144.895 E.25889
G1 X174.536 Y145.364 E.01853
G1 X169.3 Y150.599 E.24446
G1 X169.3 Y154.325 E.12302
G1 X186.7 Y171.725 E.81247
G1 X186.7 Y170.636 E.03596
G1 X181.85 Y175.486 E.22646
G1 X181.85 Y174.363 E.03708
G1 X186.7 Y179.213 E.22646
G1 X186.7 Y178.124 E.03596
G1 X178.124 Y186.7 E.40044
G1 X179.213 Y186.7 E.03596
G1 X73.3 Y80.787 E4.94545
G1 X73.3 Y81.876 E.03596
G1 X81.876 Y73.3 E.40044
G1 X80.787 Y73.3 E.03596
G1 X85.838 Y78.351 E.23585
G1 X85.053 Y78.648 E.02771
G1 X84.694 Y78.858 E.01373
G1 X83.536 Y80.206 E.05867
G1 X83.099 Y82.002 E.06103
G1 X83.408 Y83.408 E.04753
G1 X73.3 Y73.3 E.47198
G1 X74.389 Y73.3 E.03596
G1 X73.3 Y74.389 E.05085
G1 X73.3 Y76.771 E.07865
;LAYER_CHANGE
;Z:2.2
;HEIGHT:0.2
;BEFORE_LAYER_CHANGE
G92 E0
;2.2


G1 E-3.5 F3600
;WIPE_START
G1 F7200
G1 X73.3 Y74.389 E-1.13145
G1 X73.849 Y73.84 E-.36855
;WIPE_END
G1 Z2.2 F9000
;AFTER_LAYER_CHANGE
;2.2
G1 X99.35 Y91.614
G1 E5 F2400
;TYPE:Perimeter
;WIDTH:0.439999
G1 F7200
G1 X99.394 Y91.485 E.0045
G1 X99.603 Y91.237 E.01071
G1 X99.905 Y91.063 E.01151
G1 X100.232 Y91.006 E.01096
G1 X168.021 Y91.006 E2.23821
G1 X168.333 Y91.057 E.01044
G1 X168.647 Y91.234 E.0119
G1 X168.871 Y91.505 E.01161
G1 X168.977 Y91.799 E.01032
G1 X168.994 Y92.845 E.03454
G1 X168.994 Y159.768 E2.20961
G1 X168.925 Y160.127 E.01207
G1 X168.773 Y160.386 E.00992
G1 X168.517 Y160.605 E.01112
G1 X168.219 Y160.72 E.01055
G1 X167.84 Y160.723 E.01251
G1 X167.527 Y160.605 E.01104
G1 X167.334 Y160.455 E.00807
G1 X99.545 Y92.666 E3.1653
G1 X99.354 Y92.395 E.01095
G1 X99.265 Y92.08 E.01081
G1 X99.268 Y91.851 E.00756
G1 X99.33 Y91.671 E.00629
G1 X99.711 Y91.764 F9000
G1 F7200
G1 X99.74 Y91.681 E.0029
G1 X99.947 Y91.479 E.00955
G1 X100.232 Y91.403 E.00974
G1 X168.021 Y91.403 E2.23821
G1 X168.274 Y91.461 E.00857
G1 X168.485 Y91.637 E.00907
G1 X168.587 Y91.872 E.00846
G1 X168.597 Y92.845 E.03213
G1 X168.597 Y159.768 E2.20961
G1 X168.533 Y160.031 E.00894
G1 X168.334 Y160.251 E.00979
G1 X168.093 Y160.339 E.00847
G1 X167.814 Y160.305 E.00928
G1 X167.614 Y160.175 E.00788
G1 X99.825 Y92.386 E3.1653
G1 X99.679 Y92.136 E.00956
G1 X99.662 Y91.903 E.00771
G1 X99.691 Y91.821 E.00287
G1 X100.073 Y91.909 F9000
;TYPE:External perimeter
;WIDTH:0.419999
G1 F3600
G1 X100.123 Y91.825 E.00307
G1 X100.232 Y91.79 E.00359
G1 X168.021 Y91.79 E2.12547
G1 X168.158 Y91.848 E.00466
G1 X168.21 Y91.979 E.00442
G1 X168.21 Y159.768 E2.12547
G1 X168.148 Y159.907 E.00477
G1 X167.996 Y159.954 E.00499
G1 X167.888 Y159.901 E.00377
G1 X100.099 Y92.112 E3.00587
G1 X100.048 Y91.961 E.005
G1 E-3.5
;WIPE_START
G1 F7200
G1 X100.073 Y91.909 E-.02741
G1 X100.123 Y91.825 E-.04643
G1 X100.232 Y91.79 E-.05438
G1 X103.12 Y91.79 E-1.37178
;WIPE_END
G1 X89.68 Y84.374 F9000
G1 E5 F2400
;TYPE:Perimeter
;WIDTH:0.439999
G1 F3600
G1 X89.603 Y84.471 E.00409
G1 X88.999 Y84.896 E.02438
G1 X88.482 Y85.252 E.02073
G1 X88.167 Y85.395 E.01142
G1 X88.047 Y85.417 E.00403
G1 X86.801 Y85.569 E.04144
G1 X86.434 Y85.543 E.01215
G1 X85.166 Y85.067 E.04472
G1 X84.849 Y84.871 E.01231
G1 X83.95 Y83.864 E.04457
G1 X83.771 Y83.568 E.01142
G1 X83.433 Y82.233 E.04547
G1 X83.412 Y81.882 E.01161
G1 X83.734 Y80.549 E.04528
G1 X83.87 Y80.24 E.01115
G1 X83.95 Y80.136 E.00433
G1 X84.782 Y79.197 E.04142
G1 X85.017 Y79.004 E.01004
G1 X86.339 Y78.488 E.04686
G1 X86.684 Y78.424 E.01159
G1 X88.047 Y78.583 E.04531
G1 X88.28 Y78.641 E.00793
G1 X88.482 Y78.748 E.00755
G1 X89.515 Y79.461 E.04144
G1 X89.747 Y79.686 E.01067
G1 X89.824 Y79.809 E.00479
G1 X90.407 Y80.92 E.04143
G1 X90.515 Y81.293 E.01282
G1 X90.519 Y82.628 E.04408
G1 X90.447 Y82.994 E.01232
G1 X89.824 Y84.191 E.04455
G1 X89.717 Y84.327 E.00571
G1 X89.381 Y84.109 F9000
G1 F3600
G1 X89.29 Y84.213 E.00456
G1 X88.257 Y84.925 E.04142
G1 X87.999 Y85.023 E.00911
G1 X86.753 Y85.174 E.04144
G1 X86.48 Y85.141 E.00908
G1 X85.306 Y84.696 E.04145
G1 X85.08 Y84.54 E.00907
G1 X84.247 Y83.6 E.04147
G1 X84.119 Y83.356 E.0091
G1 X83.819 Y82.138 E.04142
G1 X83.819 Y81.862 E.00911
G1 X84.119 Y80.644 E.04142
G1 X84.247 Y80.4 E.0091
G1 X85.08 Y79.46 E.04147
G1 X85.306 Y79.304 E.00907
G1 X86.48 Y78.859 E.04145
G1 X86.753 Y78.826 E.00908
G1 X87.999 Y78.977 E.04144
G1 X88.257 Y79.075 E.00911
G1 X89.29 Y79.787 E.04142
G1 X89.472 Y79.994 E.0091
G1 X90.056 Y81.105 E.04144
G1 X90.122 Y81.372 E.00908
G1 X90.122 Y82.628 E.04147
G1 X90.056 Y82.895 E.00908
G1 X89.472 Y84.006 E.04144
G1 X89.421 Y84.064 E.00255
G1 X89.092 Y83.854 F9000
;TYPE:External perimeter
;WIDTH:0.419999
G1 F3600
G1 X88.553 Y84.25 E.02097
G1 X88.037 Y84.607 E.01967
G1 X87.953 Y84.639 E.00282
G1 X86.707 Y84.79 E.03935
G1 X86.617 Y84.779 E.00284
G1 X85.444 Y84.334 E.03934
G1 X85.095 Y83.974 E.01572
G1 X84.537 Y83.344 E.02639
G1 X84.495 Y83.264 E.00283
G1 X84.195 Y82.045 E.03936
G1 X84.195 Y81.955 E.00282
G1 X84.495 Y80.736 E.03936
G1 X84.537 Y80.656 E.00283
G1 X85.369 Y79.717 E.03934
G1 X85.444 Y79.666 E.00284
G1 X86.617 Y79.221 E.03934
G1 X86.707 Y79.21 E.00284
G1 X87.953 Y79.361 E.03935
G1 X88.037 Y79.393 E.00282
G1 X89.07 Y80.106 E.03935
G1 X89.13 Y80.174 E.00284
G1 X89.713 Y81.285 E.03934
G1 X89.734 Y82.628 E.04211
G1 X89.135 Y83.815 E.04169
G1 E-3.5
;WIPE_START
G1 F7200
G1 X89.092 Y83.854 E-.02757
G1 X88.553 Y84.25 E-.3177
G1 X88.037 Y84.607 E-.29804
G1 X87.953 Y84.639 E-.0427
G1 X86.707 Y84.79 E-.59618
G1 X86.617 Y84.779 E-.04307
G1 X86.273 Y84.649 E-.17474
;WIPE_END
G1 X174.423 Y82 F9000
G1 E5 F2400
;TYPE:Perimeter
;WIDTH:0.439999
G1 F3600
G1 X174.433 Y81.767 E.0077
G1 X174.734 Y80.549 E.04142
G1 X174.87 Y80.24 E.01115
G1 X175.782 Y79.197 E.04575
G1 X176.017 Y79.004 E.01004
G1 X177.339 Y78.488 E.04686
G1 X177.684 Y78.424 E.01159
G1 X177.801 Y78.431 E.00387
G1 X179.047 Y78.583 E.04144
G1 X179.28 Y78.641 E.00793
G1 X179.482 Y78.748 E.00755
G1 X180.515 Y79.461 E.04144
G1 X180.734 Y79.668 E.00995
G1 X180.824 Y79.809 E.00552
G1 X181.407 Y80.92 E.04143
G1 X181.49 Y81.136 E.00764
G1 X181.519 Y81.372 E.00785
G1 X181.519 Y82.628 E.04147
G1 X181.49 Y82.864 E.00785
G1 X181.407 Y83.08 E.00764
G1 X180.824 Y84.191 E.04143
G1 X180.629 Y84.447 E.01063
G1 X179.482 Y85.252 E.04627
G1 X179.148 Y85.4 E.01206
G1 X177.801 Y85.569 E.04482
G1 X177.427 Y85.541 E.01238
G1 X176.166 Y85.067 E.04448
G1 X175.855 Y84.877 E.01203
G1 X174.95 Y83.864 E.04485
G1 X174.763 Y83.547 E.01215
G1 X174.417 Y82.15 E.04752
G1 X174.421 Y82.06 E.00297
G1 X174.819 Y82 F9000
G1 F3600
G1 X174.819 Y81.862 E.00456
G1 X175.119 Y80.644 E.04142
G1 X175.247 Y80.4 E.0091
G1 X176.08 Y79.46 E.04147
G1 X176.306 Y79.304 E.00907
G1 X177.48 Y78.859 E.04145
G1 X177.753 Y78.826 E.00908
G1 X178.999 Y78.977 E.04144
G1 X179.257 Y79.075 E.00911
G1 X180.29 Y79.788 E.04144
G1 X180.472 Y79.994 E.00908
G1 X181.056 Y81.105 E.04144
G1 X181.122 Y81.372 E.00908
G1 X181.122 Y82.628 E.04147
G1 X181.056 Y82.895 E.00908
G1 X180.472 Y84.006 E.04144
G1 X180.29 Y84.213 E.0091
G1 X179.257 Y84.925 E.04142
G1 X178.999 Y85.023 E.00911
G1 X177.753 Y85.174 E.04144
G1 X177.48 Y85.141 E.00908
G1 X176.306 Y84.696 E.04145
G1 X176.08 Y84.54 E.00907
G1 X175.247 Y83.6 E.04147
G1 X175.119 Y83.356 E.0091
G1 X174.819 Y82.138 E.04142
G1 X174.819 Y82.06 E.00258
G1 X175.189 Y82 F9000
;TYPE:External perimeter
;WIDTH:0.419999
G1 F3600
G1 X175.195 Y81.955 E.00142
G1 X175.495 Y80.736 E.03936
G1 X175.537 Y80.656 E.00283
G1 X176.369 Y79.717 E.03934
G1 X176.444 Y79.666 E.00284
G1 X177.617 Y79.221 E.03934
G1 X177.707 Y79.21 E.00284
G1 X178.953 Y79.361 E.03935
G1 X179.037 Y79.393 E.00282
G1 X180.07 Y80.106 E.03935
G1 X180.13 Y80.174 E.00284
G1 X180.713 Y81.285 E.03934
G1 X180.734 Y81.372 E.00281
G1 X180.734 Y82.628 E.03938
G1 X180.713 Y82.715 E.00281
G1 X180.13 Y83.826 E.03934
G1 X180.07 Y83.894 E.00284
G1 X179.037 Y84.607 E.03935
G1 X178.953 Y84.639 E.00282
G1 X177.707 Y84.79 E.03935
G1 X176.444 Y84.334 E.0421
G1 X175.537 Y83.344 E.0421
G1 X175.305 Y82.493 E.02766
G1 X175.203 Y82.058 E.01401
G1 E-3.5
;WIPE_START
G1 F7200
G1 X175.189 Y82 E-.02834
G1 X175.195 Y81.955 E-.02156
G1 X175.495 Y80.736 E-.5963
G1 X175.537 Y80.656 E-.04292
G1 X176.369 Y79.717 E-.59592
G1 X176.444 Y79.666 E-.04308
G1 X176.782 Y79.538 E-.17188
;WIPE_END
G1 X177.854 Y143.526 F9000
G1 E5 F2400
;TYPE:Perimeter
;WIDTH:0.439999
G1 F3600
G1 X177.88 Y143.521 E.00087
G1 X178.242 Y143.525 E.01195
G1 X179.205 Y143.716 E.03241
G1 X179.555 Y143.861 E.01251
G1 X180.374 Y144.408 E.03252
G1 X180.642 Y144.676 E.01251
G1 X181.189 Y145.495 E.03252
G1 X181.334 Y145.845 E.01251
G1 X181.525 Y146.808 E.03241
G1 X181.544 Y146.998 E.0063
G1 X181.544 Y152.002 E.16522
G1 X181.334 Y153.155 E.0387
G1 X181.189 Y153.505 E.01251
G1 X180.642 Y154.324 E.03252
G1 X180.374 Y154.592 E.01251
G1 X179.555 Y155.139 E.03252
G1 X179.187 Y155.287 E.0131
G1 X178.12 Y155.479 E.0358
G1 X177.758 Y155.475 E.01195
G1 X176.795 Y155.284 E.03241
G1 X176.445 Y155.139 E.01251
G1 X175.626 Y154.592 E.03252
G1 X175.358 Y154.324 E.01251
G1 X174.811 Y153.505 E.03252
G1 X174.666 Y153.155 E.01251
G1 X174.475 Y152.192 E.03241
G1 X174.456 Y152.002 E.0063
G1 X174.456 Y146.998 E.16522
G1 X174.666 Y145.845 E.0387
G1 X174.811 Y145.495 E.01251
G1 X175.358 Y144.676 E.03252
G1 X175.626 Y144.408 E.01251
G1 X176.445 Y143.861 E.03252
G1 X176.813 Y143.713 E.0131
G1 X177.795 Y143.536 E.03295
G1 X177.893 Y143.922 F9000
G1 F3600
G1 X177.95 Y143.912 E.00191
G1 X178.164 Y143.914 E.00707
G1 X179.127 Y144.106 E.03242
G1 X179.335 Y144.191 E.00742
G1 X180.153 Y144.738 E.03249
G1 X180.312 Y144.897 E.00742
G1 X180.859 Y145.715 E.03249
G1 X180.944 Y145.923 E.00742
G1 X181.147 Y146.998 E.03612
G1 X181.147 Y152.002 E.16522
G1 X180.944 Y153.077 E.03612
G1 X180.859 Y153.285 E.00742
G1 X180.312 Y154.103 E.03249
G1 X180.153 Y154.262 E.00742
G1 X179.335 Y154.809 E.03249
G1 X179.117 Y154.896 E.00775
G1 X178.05 Y155.088 E.0358
G1 X177.836 Y155.086 E.00707
G1 X176.873 Y154.894 E.03242
G1 X176.665 Y154.809 E.00742
G1 X175.847 Y154.262 E.03249
G1 X175.688 Y154.103 E.00742
G1 X175.141 Y153.285 E.03249
G1 X175.056 Y153.077 E.00742
G1 X174.864 Y152.114 E.03242
G1 X174.853 Y146.998 E.16892
G1 X175.056 Y145.923 E.03612
G1 X175.141 Y145.715 E.00742
G1 X175.688 Y144.897 E.03249
G1 X175.847 Y144.738 E.00742
G1 X176.665 Y144.191 E.03249
G1 X176.883 Y144.104 E.00775
G1 X177.834 Y143.933 E.0319
G1 X177.931 Y144.309 F9000
;TYPE:External perimeter
;WIDTH:0.419999
G1 F3600
G1 X178.019 Y144.293 E.0028
G1 X179.052 Y144.485 E.03294
G1 X179.938 Y145.06 E.03312
G1 X180.537 Y145.93 E.03312
G1 X180.565 Y145.998 E.00231
G1 X180.76 Y146.998 E.03194
G1 X180.76 Y152.002 E.1569
G1 X180.565 Y153.002 E.03194
G1 X179.99 Y153.888 E.03312
G1 X179.12 Y154.487 E.03312
G1 X178.226 Y154.663 E.02857
G1 X177.911 Y154.706 E.00997
G1 X176.948 Y154.515 E.03078
G1 X176.062 Y153.94 E.03312
G1 X175.463 Y153.07 E.03312
G1 X175.244 Y152.039 E.03305
G1 X175.24 Y146.998 E.15806
G1 X175.435 Y145.998 E.03194
G1 X176.01 Y145.112 E.03312
G1 X176.88 Y144.513 E.03312
G1 X176.952 Y144.485 E.00242
G1 X177.872 Y144.319 E.02931
G1 E-3.5
;WIPE_START
G1 F7200
G1 X177.931 Y144.309 E-.02842
G1 X178.019 Y144.293 E-.04249
G1 X179.052 Y144.485 E-.49908
G1 X179.938 Y145.06 E-.50171
G1 X180.449 Y145.803 E-.4283
;WIPE_END
G1 X177.855 Y168.54 F9000
G1 E5 F2400
;TYPE:Perimeter
;WIDTH:0.439999
G1 F3600
G1 X178.13 Y168.509 E.00914
G1 X178.895 Y168.654 E.02571
G1 X179.435 Y168.793 E.01841
G1 X180.374 Y169.408 E.03706
G1 X180.642 Y169.676 E.01251
G1 X181.189 Y170.495 E.03252
G1 X181.334 Y170.845 E.01251
G1 X181.525 Y171.808 E.03241
G1 X181.544 Y171.998 E.0063
G1 X181.544 Y177.002 E.16522
G1 X181.334 Y178.155 E.0387
G1 X181.189 Y178.505 E.01251
G1 X180.642 Y179.324 E.03252
G1 X180.374 Y179.592 E.01251
G1 X179.555 Y180.139 E.03252
G1 X179.187 Y180.287 E.0131
G1 X178.116 Y180.48 E.03593
G1 X177.758 Y180.475 E.01182
G1 X176.795 Y180.284 E.03241
G1 X176.445 Y180.139 E.01251
G1 X175.626 Y179.592 E.03252
G1 X175.358 Y179.324 E.01251
G1 X174.811 Y178.505 E.03252
G1 X174.666 Y178.155 E.01251
G1 X174.475 Y177.192 E.03241
G1 X174.456 Y177.002 E.0063
G1 X174.456 Y171.998 E.16522
G1 X174.666 Y170.845 E.0387
G1 X174.811 Y170.495 E.01251
G1 X175.358 Y169.676 E.03252
G1 X175.626 Y169.408 E.01251
G1 X176.445 Y168.861 E.03252
G1 X176.801 Y168.715 E.0127
G1 X177.635 Y168.565 E.02798
G1 X177.796 Y168.547 E.00535
G1 X177.893 Y168.922 F9000
G1 F3600
G1 X177.95 Y168.912 E.00191
G1 X178.164 Y168.914 E.00707
G1 X179.127 Y169.106 E.03242
G1 X179.335 Y169.191 E.00742
G1 X180.153 Y169.738 E.03249
G1 X180.312 Y169.897 E.00742
G1 X180.859 Y170.715 E.03249
G1 X180.944 Y170.923 E.00742
G1 X181.136 Y171.886 E.03242
G1 X181.147 Y177.002 E.16892
G1 X180.944 Y178.077 E.03612
G1 X180.859 Y178.285 E.00742
G1 X180.312 Y179.103 E.03249
G1 X180.153 Y179.262 E.00742
G1 X179.335 Y179.809 E.03249
G1 X179.117 Y179.896 E.00775
G1 X178.047 Y180.088 E.03589
G1 X177.836 Y180.086 E.00697
G1 X176.873 Y179.894 E.03242
G1 X176.665 Y179.809 E.00742
G1 X175.847 Y179.262 E.03249
G1 X175.688 Y179.103 E.00742
G1 X175.141 Y178.285 E.03249
G1 X175.056 Y178.077 E.00742
G1 X174.853 Y177.002 E.03612
G1 X174.853 Y171.998 E.16522
G1 X175.056 Y170.923 E.03612
G1 X175.141 Y170.715 E.00742
G1 X175.688 Y169.897 E.03249
G1 X175.847 Y169.738 E.00742
G1 X176.665 Y169.191 E.03249
G1 X176.883 Y169.104 E.00775
G1 X177.834 Y168.933 E.0319
G1 X177.932 Y169.315 F9000
;TYPE:External perimeter
;WIDTH:0.419999
G1 F3600
G1 X178.089 Y169.294 E.00497
G1 X179.052 Y169.485 E.03078
G1 X179.938 Y170.06 E.03312
G1 X180.537 Y170.93 E.03312
G1 X180.756 Y171.961 E.03305
G1 X180.76 Y177.002 E.15806
G1 X180.565 Y178.002 E.03194
G1 X179.99 Y178.888 E.03312
G1 X179.12 Y179.487 E.03312
G1 X179.048 Y179.515 E.00242
G1 X177.98 Y179.707 E.03402
G1 X176.948 Y179.515 E.03291
G1 X176.062 Y178.94 E.03312
G1 X175.649 Y178.347 E.02266
G1 X175.435 Y178.002 E.01273
G1 X175.24 Y177.002 E.03194
G1 X175.24 Y171.998 E.1569
G1 X175.435 Y170.998 E.03194
G1 X176.01 Y170.112 E.03312
G1 X176.88 Y169.513 E.03312
G1 X177.774 Y169.337 E.02857
G1 X177.872 Y169.323 E.0031
G1 E-3.5
;WIPE_START
G1 F7200
G1 X177.932 Y169.315 E-.02875
G1 X178.089 Y169.294 E-.07524
G1 X179.052 Y169.485 E-.46634
G1 X179.938 Y170.06 E-.50171
G1 X180.449 Y170.802 E-.42796
;WIPE_END
G1 X168.412 Y187.006 F9000
G1 E5 F2400
;TYPE:Perimeter
;WIDTH:0.439999
G1 F7200
G1 X72.994 Y91.588 E4.4554
G1 X72.994 Y72.994 E.61392
G1 X187.006 Y72.994 E3.76436
G1 X187.006 Y76.784 E.12514
G1 X187.006 Y187.006 E3.63923
G1 X168.472 Y187.006 E.61194
G1 X168.247 Y187.403 F9000
G1 F7200
G1 X72.597 Y91.753 E4.46623
G1 X72.597 Y72.597 E.63248
G1 X187.403 Y72.597 E3.79058
G1 X187.403 Y76.784 E.13824
G1 X187.403 Y187.403 E3.65234
G1 X168.307 Y187.403 E.6305
G1 X168.087 Y187.79 F9000
;TYPE:External perimeter
;WIDTH:0.419999
G1 F3600
G1 X72.21 Y91.913 E4.25134
G1 X72.21 Y72.21 E.61777
G1 X187.79 Y72.21 E3.62392
G1 X187.79 Y76.784 E.14341
G1 X187.79 Y187.79 E3.48051
G1 X168.147 Y187.79 E.61589
G1 E-3.5
;WIPE_START
G1 F7200
G1 X168.087 Y187.79 E-.0285
G1 X165.896 Y185.599 E-1.4715
;WIPE_END
G1 X156.672 Y174.833 F9000
G1 E5 F2400
;TYPE:Internal infill
;WIDTH:0.44
G1 F7200
G1 X158.356 Y176.518 E.07866
G1 X179.305 Y155.569 E.97818
G1 X178.232 Y155.769 E.03604
G1 X186.7 Y164.238 E.39542
G1 X186.7 Y163.149 E.03596
G1 X180.627 Y169.221 E.28355
G1 X179.719 Y168.603 E.03626
G1 X179.414 Y168.454 E.01121
G1 X178.256 Y168.216 E.03903
G1 X177.936 Y168.205 E.01057
G1 X176.739 Y168.415 E.04013
G1 X176.167 Y168.679 E.0208
G1 X168.457 Y160.969 E.36001
G1 X167.998 Y161.046 E.01537
G1 X167.559 Y160.96 E.01477
G1 X167.288 Y160.816 E.01013
G1 X166.916 Y160.47 E.01677
G1 X154.612 Y172.774 E.57452
G1 X152.928 Y171.089 E.07866
G1 E-3.5 F3600
;WIPE_START
G1 F7200
G1 X154.612 Y172.774 E-1.13157
G1 X155.16 Y172.226 E-.36843
;WIPE_END
G1 X145.066 Y163.228 F9000
G1 E5 F2400
G1 F7200
G1 X143.381 Y161.543 E.07868
G1 X155.685 Y149.239 E.57452
G1 X151.941 Y145.496 E.1748
G1 X139.638 Y157.799 E.57447
G1 X135.894 Y154.056 E.1748
G1 X148.198 Y141.752 E.57452
G1 X144.454 Y138.008 E.17482
G1 X132.15 Y150.312 E.57452
G1 X130.466 Y148.627 E.07866
G1 E-3.5 F3600
;WIPE_START
G1 F7200
G1 X132.15 Y150.312 E-1.13157
G1 X132.698 Y149.764 E-.36843
;WIPE_END
G1 X119.235 Y137.396 F9000
G1 E5 F2400
G1 F7200
G1 X120.919 Y139.081 E.07866
G1 X133.223 Y126.777 E.57452
G1 X129.479 Y123.033 E.17482
G1 X117.175 Y135.337 E.57452
G1 X113.432 Y131.593 E.1748
G1 X125.736 Y119.29 E.57449
G1 X121.992 Y115.546 E.17482
G1 X109.688 Y127.85 E.57452
G1 X111.373 Y129.534 E.07866
G1 E-3.5 F3600
;WIPE_START
G1 F7200
G1 X109.688 Y127.85 E-1.13157
G1 X110.236 Y127.302 E-.36843
;WIPE_END
G1 X96.772 Y114.934 F9000
G1 E5 F2400
G1 F7200
G1 X98.457 Y116.619 E.07868
G1 X110.761 Y104.315 E.57452
G1 X114.504 Y108.059 E.1748
G1 X102.201 Y120.362 E.57447
G1 X105.944 Y124.106 E.1748
G1 X118.248 Y111.802 E.57452
G1 X119.933 Y113.487 E.07868
G1 E-3.5 F3600
;WIPE_START
G1 F7200
G1 X118.248 Y111.802 E-1.1319
G1 X117.7 Y112.35 E-.3681
;WIPE_END
G1 X108.702 Y102.256 F9000
G1 E5 F2400
G1 F7200
G1 X107.017 Y100.571 E.07868
G1 X94.713 Y112.875 E.57452
G1 X90.97 Y109.131 E.1748
G1 X103.273 Y96.827 E.57449
G1 X101.589 Y95.143 E.07863
G1 E-3.5 F3600
;WIPE_START
G1 F7200
G1 X103.273 Y96.827 E-1.13123
G1 X102.724 Y97.376 E-.36877
;WIPE_END
G1 X104.296 Y90.7 F9000
G1 E5 F2400
G1 F7200
G1 X101.913 Y90.7 E.07868
G1 X119.313 Y73.3 E.81247
G1 X118.224 Y73.3 E.03596
G1 X135.625 Y90.7 E.81249
G1 X139.35 Y90.7 E.12299
G1 X156.75 Y73.3 E.81247
G1 X155.661 Y73.3 E.03596
G1 X186.7 Y104.339 E1.44932
G1 X186.7 Y103.25 E.03596
G1 X169.3 Y120.65 E.81247
G1 X169.3 Y124.375 E.12299
G1 X186.7 Y141.776 E.81249
G1 X186.7 Y140.687 E.03596
G1 X181.627 Y145.76 E.23688
G1 X181.85 Y146.993 E.04137
G1 X181.85 Y148.121 E.03724
G1 E-3.5 F3600
;WIPE_START
G1 F7200
G1 X181.85 Y146.993 E-.5358
G1 X181.627 Y145.76 E-.59518
G1 X182.176 Y145.211 E-.36902
;WIPE_END
G1 X174.955 Y144.73 F9000
G1 E5 F2400
G1 F7200
G1 X175.269 Y144.305 E.01745
G1 X176.316 Y143.584 E.04197
G1 X186.7 Y133.199 E.48489
G1 X186.7 Y134.288 E.03596
G1 X169.3 Y116.888 E.81247
G1 X169.3 Y113.162 E.12302
G1 X186.7 Y95.762 E.81247
G1 X186.7 Y96.851 E.03596
G1 X163.149 Y73.3 E1.09968
G1 X164.238 Y73.3 E.03596
G1 X146.838 Y90.7 E.81247
G1 X143.112 Y90.7 E.12302
G1 X125.712 Y73.3 E.81247
G1 X126.801 Y73.3 E.03596
G1 X109.401 Y90.7 E.81247
G1 X105.675 Y90.7 E.12302
G1 X88.275 Y73.3 E.81247
G1 X89.364 Y73.3 E.03596
G1 X73.3 Y89.364 E.75008
G1 X73.3 Y88.275 E.03596
G1 X171.725 Y186.7 E4.59581
G1 X170.636 Y186.7 E.03596
G1 X176.75 Y180.587 E.28546
G1 X177.73 Y180.781 E.03298
G1 X178.164 Y180.781 E.01433
G1 X179.498 Y180.514 E.04492
G1 X180.126 Y180.126 E.02437
G1 X186.7 Y186.7 E.30696
G1 X185.611 Y186.7 E.03596
G1 X186.7 Y185.611 E.05085
G1 X186.7 Y183.229 E.07865
G1 E-3.5 F3600
;WIPE_START
G1 F7200
G1 X186.7 Y185.611 E-1.13145
G1 X186.151 Y186.16 E-.36855
;WIPE_END
G1 X135.282 Y128.836 F9000
G1 E5 F2400
G1 F7200
G1 X136.967 Y130.521 E.07868
G1 X124.663 Y142.825 E.57452
G1 X128.407 Y146.568 E.1748
G1 X140.71 Y134.264 E.57449
G1 X142.395 Y135.949 E.07868
G1 E-3.5 F3600
;WIPE_START
G1 F7200
G1 X140.71 Y134.264 E-1.1319
G1 X140.162 Y134.812 E-.3681
;WIPE_END
G1 X157.744 Y151.298 F9000
G1 E5 F2400
G1 F7200
G1 X159.429 Y152.983 E.07868
G1 X147.125 Y165.287 E.57452
G1 X150.869 Y169.03 E.1748
G1 X163.173 Y156.727 E.57449
G1 X164.857 Y158.411 E.07863
G1 E-3.5 F3600
;WIPE_START
G1 F7200
G1 X163.173 Y156.727 E-1.13123
G1 X162.624 Y157.276 E-.36877
;WIPE_END
G1 X169.3 Y155.704 F9000
G1 E5 F2400
G1 F7200
G1 X169.3 Y158.087 E.07868
G1 X174.334 Y153.053 E.23506
G1 X174.169 Y152.22 E.02804
G1 X174.15 Y151.688 E.01758
G1 X169.3 Y146.838 E.22646
G1 X169.3 Y143.112 E.12302
G1 X186.7 Y125.712 E.81247
G1 X186.7 Y126.801 E.03596
G1 X169.3 Y109.401 E.81247
G1 X169.3 Y105.675 E.12302
G1 X186.7 Y88.275 E.81247
G1 X186.7 Y89.364 E.03596
G1 X181.292 Y83.956 E.25252
G1 X181.787 Y82.938 E.03737
G1 X181.824 Y81.366 E.05192
G1 X181.681 Y80.784 E.01979
G1 X181.093 Y79.663 E.0418
G1 X180.746 Y79.254 E.01771
G1 X186.7 Y73.3 E.27801
G1 X186.7 Y74.389 E.03596
G1 X185.611 Y73.3 E.05085
G1 X183.229 Y73.3 E.07865
G1 E-3.5 F3600
;WIPE_START
G1 F7200
G1 X185.611 Y73.3 E-1.13145
G1 X186.16 Y73.849 E-.36855
;WIPE_END
G1 X163.192 Y90.7 F9000
G1 E5 F2400
G1 F7200
G1 X165.574 Y90.7 E.07865
G1 X148.174 Y73.3 E.81247
G1 X149.263 Y73.3 E.03596
G1 X131.863 Y90.7 E.81247
G1 X128.137 Y90.7 E.12302
G1 X110.737 Y73.3 E.81247
G1 X111.826 Y73.3 E.03596
G1 X83.482 Y101.644 E1.32348
G1 X87.226 Y105.388 E.17482
G1 X99.53 Y93.084 E.57452
G1 X99.186 Y92.714 E.01668
G1 X98.986 Y92.266 E.0162
G1 X98.954 Y92.019 E.00822
G1 X99.034 Y91.547 E.01581
G1 X90.687 Y83.2 E.38975
G1 X90.824 Y82.633 E.01926
G1 X90.806 Y81.154 E.04884
G1 X90.679 Y80.781 E.01301
G1 X90.229 Y79.922 E.03202
G1 X96.851 Y73.3 E.3092
G1 X95.762 Y73.3 E.03596
G1 X113.162 Y90.7 E.81247
G1 X116.888 Y90.7 E.12302
G1 X134.288 Y73.3 E.81247
G1 X133.199 Y73.3 E.03596
G1 X150.599 Y90.7 E.81247
G1 X154.325 Y90.7 E.12302
G1 X171.725 Y73.3 E.81247
G1 X170.636 Y73.3 E.03596
G1 X176.007 Y78.67 E.25077
G1 X175.556 Y78.991 E.01828
G1 X174.536 Y80.206 E.05238
G1 X174.114 Y81.804 E.05457
G1 X174.136 Y82.302 E.01646
G1 X174.532 Y83.787 E.05074
G1 X175.291 Y84.709 E.03943
G1 X168.924 Y91.076 E.2973
G1 X169.138 Y91.355 E.01161
G1 X169.251 Y91.626 E.00969
G1 X169.3 Y91.971 E.01151
G1 X169.3 Y94.426 E.08106
G1 X186.7 Y111.826 E.81247
G1 X186.7 Y110.737 E.03596
G1 X169.3 Y128.137 E.81247
G1 X169.3 Y131.863 E.12302
G1 X186.7 Y149.263 E.81247
G1 X186.7 Y148.174 E.03596
G1 X181.623 Y153.251 E.23706
G1 X181.85 Y151.9 E.04523
G1 X186.7 Y156.75 E.22646
G1 X186.7 Y155.661 E.03596
G1 X162.1 Y180.262 E1.14868
G1 X165.844 Y184.005 E.1748
G1 X174.15 Y175.699 E.38784
G1 X174.15 Y174.15 E.05114
G1 X85.534 Y85.534 E4.13779
G1 X84.887 Y85.264 E.02315
G1 X75.995 Y94.156 E.4152
G1 X79.738 Y97.9 E.1748
G1 X104.339 Y73.3 E1.14868
G1 X103.25 Y73.3 E.03596
G1 X120.65 Y90.7 E.81247
G1 X124.375 Y90.7 E.12299
G1 X141.776 Y73.3 E.81249
G1 X140.687 Y73.3 E.03596
G1 X158.087 Y90.7 E.81247
G1 X161.813 Y90.7 E.12302
G1 X179.213 Y73.3 E.81247
G1 X178.124 Y73.3 E.03596
G1 X186.7 Y81.876 E.40044
G1 X186.7 Y80.787 E.03596
G1 X169.3 Y98.188 E.81249
G1 X169.3 Y101.913 E.12299
G1 X186.7 Y119.313 E.81247
G1 X186.7 Y118.224 E.03596
G1 X169.3 Y135.625 E.81249
G1 X169.3 Y139.35 E.12299
G1 X174.844 Y144.895 E.25889
G1 X174.536 Y145.364 E.01853
G1 X169.3 Y150.599 E.24446
G1 X169.3 Y154.325 E.12302
G1 X186.7 Y171.725 E.81247
G1 X186.7 Y170.636 E.03596
G1 X181.85 Y175.486 E.22646
G1 X181.85 Y174.363 E.03708
G1 X186.7 Y179.213 E.22646
G1 X186.7 Y178.124 E.03596
G1 X178.124 Y186.7 E.40044
G1 X179.213 Y186.7 E.03596
G1 X73.3 Y80.787 E4.94545
G1 X73.3 Y81.876 E.03596
G1 X81.876 Y73.3 E.40044
G1 X80.787 Y73.3 E.03596
G1 X85.838 Y78.351 E.23585
G1 X85.053 Y78.648 E.02771
G1 X84.694 Y78.858 E.01373
G1 X83.536 Y80.206 E.05867
G1 X83.099 Y82.002 E.06103
G1 X83.408 Y83.408 E.04753
G1 X73.3 Y73.3 E.47198
G1 X74.389 Y73.3 E.03596
G1 X73.3 Y74.389 E.05085
G1 X73.3 Y76.771 E.07865
;LAYER_CHANGE
;Z:2.4
;HEIGHT:0.2
;BEFORE_LAYER_CHANGE
G92 E0
;2.4


G1 E-3.5 F3600
;WIPE_START
G1 F7200
G1 X73.3 Y74.389 E-1.13145
G1 X73.849 Y73.84 E-.36855
;WIPE_END
G1 Z2.4 F9000
;AFTER_LAYER_CHANGE
;2.4
G1 X99.35 Y91.614
G1 E5 F2400
;TYPE:Perimeter
;WIDTH:0.439999
G1 F7200
G1 X99.394 Y91.485 E.0045
G1 X99.603 Y91.237 E.01071
G1 X99.905 Y91.063 E.01151
G1 X100.232 Y91.006 E.01096
G1 X168.021 Y91.006 E2.23821
G1 X168.333 Y91.057 E.01044
G1 X168.647 Y91.234 E.0119
G1 X168.871 Y91.505 E.01161
G1 X168.977 Y91.799 E.01032
G1 X168.994 Y92.845 E.03454
G1 X168.994 Y159.768 E2.20961
G1 X168.925 Y160.127 E.01207
G1 X168.773 Y160.386 E.00992
G1 X168.517 Y160.605 E.01112
G1 X168.219 Y160.72 E.01055
G1 X167.84 Y160.723 E.01251
G1 X167.527 Y160.605 E.01104
G1 X167.334 Y160.455 E.00807
G1 X99.545 Y92.666 E3.1653
G1 X99.354 Y92.395 E.01095
G1 X99.265 Y92.08 E.01081
G1 X99.268 Y91.851 E.00756
G1 X99.33 Y91.671 E.00629
G1 X99.711 Y91.764 F9000
G1 F7200
G1 X99.74 Y91.681 E.0029
G1 X99.947 Y91.479 E.00955
G1 X100.232 Y91.403 E.00974
G1 X168.021 Y91.403 E2.23821
G1 X168.274 Y91.461 E.00857
G1 X168.485 Y91.637 E.00907
G1 X168.587 Y91.872 E.00846
G1 X168.597 Y92.845 E.03213
G1 X168.597 Y159.768 E2.20961
G1 X168.533 Y160.031 E.00894
G1 X168.334 Y160.251 E.00979
G1 X168.093 Y160.339 E.00847
G1 X167.814 Y160.305 E.00928
G1 X167.614 Y160.175 E.00788
G1 X99.825 Y92.386 E3.1653
G1 X99.679 Y92.136 E.00956
G1 X99.662 Y91.903 E.00771
G1 X99.691 Y91.821 E.00287
G1 X100.073 Y91.909 F9000
;TYPE:External perimeter
;WIDTH:0.419999
G1 F3600
G1 X100.123 Y91.825 E.00307
G1 X100.232 Y91.79 E.00359
G1 X168.021 Y91.79 E2.12547
G1 X168.158 Y91.848 E.00466
G1 X168.21 Y91.979 E.00442
G1 X168.21 Y159.768 E2.12547
G1 X168.148 Y159.907 E.00477
G1 X167.996 Y159.954 E.00499
G1 X167.888 Y159.901 E.00377
G1 X100.099 Y92.112 E3.00587
G1 X100.048 Y91.961 E.005
G1 E-3.5
;WIPE_START
G1 F7200
G1 X100.073 Y91.909 E-.02741
G1 X100.123 Y91.825 E-.04643
G1 X100.232 Y91.79 E-.05438
G1 X103.12 Y91.79 E-1.37178
;WIPE_END
G1 X89.68 Y84.374 F9000
G1 E5 F2400
;TYPE:Perimeter
;WIDTH:0.439999
G1 F3600
G1 X89.603 Y84.471 E.00409
G1 X88.999 Y84.896 E.02438
G1 X88.482 Y85.252 E.02073
G1 X88.167 Y85.395 E.01142
G1 X88.047 Y85.417 E.00403
G1 X86.801 Y85.569 E.04144
G1 X86.434 Y85.543 E.01215
G1 X85.166 Y85.067 E.04472
G1 X84.849 Y84.871 E.01231
G1 X83.95 Y83.864 E.04457
G1 X83.771 Y83.568 E.01142
G1 X83.433 Y82.233 E.04547
G1 X83.412 Y81.882 E.01161
G1 X83.734 Y80.549 E.04528
G1 X83.87 Y80.24 E.01115
G1 X83.95 Y80.136 E.00433
G1 X84.782 Y79.197 E.04142
G1 X85.017 Y79.004 E.01004
G1 X86.339 Y78.488 E.04686
G1 X86.684 Y78.424 E.01159
G1 X88.047 Y78.583 E.04531
G1 X88.28 Y78.641 E.00793
G1 X88.482 Y78.748 E.00755
G1 X89.515 Y79.461 E.04144
G1 X89.747 Y79.686 E.01067
G1 X89.824 Y79.809 E.00479
G1 X90.407 Y80.92 E.04143
G1 X90.515 Y81.293 E.01282
G1 X90.519 Y82.628 E.04408
G1 X90.447 Y82.994 E.01232
G1 X89.824 Y84.191 E.04455
G1 X89.717 Y84.327 E.00571
G1 X89.381 Y84.109 F9000
G1 F3600
G1 X89.29 Y84.213 E.00456
G1 X88.257 Y84.925 E.04142
G1 X87.999 Y85.023 E.00911
G1 X86.753 Y85.174 E.04144
G1 X86.48 Y85.141 E.00908
G1 X85.306 Y84.696 E.04145
G1 X85.08 Y84.54 E.00907
G1 X84.247 Y83.6 E.04147
G1 X84.119 Y83.356 E.0091
G1 X83.819 Y82.138 E.04142
G1 X83.819 Y81.862 E.00911
G1 X84.119 Y80.644 E.04142
G1 X84.247 Y80.4 E.0091
G1 X85.08 Y79.46 E.04147
G1 X85.306 Y79.304 E.00907
G1 X86.48 Y78.859 E.04145
G1 X86.753 Y78.826 E.00908
G1 X87.999 Y78.977 E.04144
G1 X88.257 Y79.075 E.00911
G1 X89.29 Y79.787 E.04142
G1 X89.472 Y79.994 E.0091
G1 X90.056 Y81.105 E.04144
G1 X90.122 Y81.372 E.00908
G1 X90.122 Y82.628 E.04147
G1 X90.056 Y82.895 E.00908
G1 X89.472 Y84.006 E.04144
G1 X89.421 Y84.064 E.00255
G1 X89.092 Y83.854 F9000
;TYPE:External perimeter
;WIDTH:0.419999
G1 F3600
G1 X88.553 Y84.25 E.02097
G1 X88.037 Y84.607 E.01967
G1 X87.953 Y84.639 E.00282
G1 X86.707 Y84.79 E.03935
G1 X86.617 Y84.779 E.00284
G1 X85.444 Y84.334 E.03934
G1 X85.095 Y83.974 E.01572
G1 X84.537 Y83.344 E.02639
G1 X84.495 Y83.264 E.00283
G1 X84.195 Y82.045 E.03936
G1 X84.195 Y81.955 E.00282
G1 X84.495 Y80.736 E.03936
G1 X84.537 Y80.656 E.00283
G1 X85.369 Y79.717 E.03934
G1 X85.444 Y79.666 E.00284
G1 X86.617 Y79.221 E.03934
G1 X86.707 Y79.21 E.00284
G1 X87.953 Y79.361 E.03935
G1 X88.037 Y79.393 E.00282
G1 X89.07 Y80.106 E.03935
G1 X89.13 Y80.174 E.00284
G1 X89.713 Y81.285 E.03934
G1 X89.734 Y82.628 E.04211
G1 X89.135 Y83.815 E.04169
G1 E-3.5
;WIPE_START
G1 F7200
G1 X89.092 Y83.854 E-.02757
G1 X88.553 Y84.25 E-.3177
G1 X88.037 Y84.607 E-.29804
G1 X87.953 Y84.639 E-.0427
G1 X86.707 Y84.79 E-.59618
G1 X86.617 Y84.779 E-.04307
G1 X86.273 Y84.649 E-.17474
;WIPE_END
G1 X174.423 Y82 F9000
G1 E5 F2400
;TYPE:Perimeter
;WIDTH:0.439999
G1 F3600
G1 X174.433 Y81.767 E.0077
G1 X174.734 Y80.549 E.04142
G1 X174.87 Y80.24 E.01115
G1 X175.782 Y79.197 E.04575
G1 X176.017 Y79.004 E.01004
G1 X177.339 Y78.488 E.04686
G1 X177.684 Y78.424 E.01159
G1 X177.801 Y78.431 E.00387
G1 X179.047 Y78.583 E.04144
G1 X179.28 Y78.641 E.00793
G1 X179.482 Y78.748 E.00755
G1 X180.515 Y79.461 E.04144
G1 X180.734 Y79.668 E.00995
G1 X180.824 Y79.809 E.00552
G1 X181.407 Y80.92 E.04143
G1 X181.49 Y81.136 E.00764
G1 X181.519 Y81.372 E.00785
G1 X181.519 Y82.628 E.04147
G1 X181.49 Y82.864 E.00785
G1 X181.407 Y83.08 E.00764
G1 X180.824 Y84.191 E.04143
G1 X180.629 Y84.447 E.01063
G1 X179.482 Y85.252 E.04627
G1 X179.148 Y85.4 E.01206
G1 X177.801 Y85.569 E.04482
G1 X177.427 Y85.541 E.01238
G1 X176.166 Y85.067 E.04448
G1 X175.855 Y84.877 E.01203
G1 X174.95 Y83.864 E.04485
G1 X174.763 Y83.547 E.01215
G1 X174.417 Y82.15 E.04752
G1 X174.421 Y82.06 E.00297
G1 X174.819 Y82 F9000
G1 F3600
G1 X174.819 Y81.862 E.00456
G1 X175.119 Y80.644 E.04142
G1 X175.247 Y80.4 E.0091
G1 X176.08 Y79.46 E.04147
G1 X176.306 Y79.304 E.00907
G1 X177.48 Y78.859 E.04145
G1 X177.753 Y78.826 E.00908
G1 X178.999 Y78.977 E.04144
G1 X179.257 Y79.075 E.00911
G1 X180.29 Y79.788 E.04144
G1 X180.472 Y79.994 E.00908
G1 X181.056 Y81.105 E.04144
G1 X181.122 Y81.372 E.00908
G1 X181.122 Y82.628 E.04147
G1 X181.056 Y82.895 E.00908
G1 X180.472 Y84.006 E.04144
G1 X180.29 Y84.213 E.0091
G1 X179.257 Y84.925 E.04142
G1 X178.999 Y85.023 E.00911
G1 X177.753 Y85.174 E.04144
G1 X177.48 Y85.141 E.00908
G1 X176.306 Y84.696 E.04145
G1 X176.08 Y84.54 E.00907
G1 X175.247 Y83.6 E.04147
G1 X175.119 Y83.356 E.0091
G1 X174.819 Y82.138 E.04142
G1 X174.819 Y82.06 E.00258
G1 X175.189 Y82 F9000
;TYPE:External perimeter
;WIDTH:0.419999
G1 F3600
G1 X175.195 Y81.955 E.00142
G1 X175.495 Y80.736 E.03936
G1 X175.537 Y80.656 E.00283
G1 X176.369 Y79.717 E.03934
G1 X176.444 Y79.666 E.00284
G1 X177.617 Y79.221 E.03934
G1 X177.707 Y79.21 E.00284
G1 X178.953 Y79.361 E.03935
G1 X179.037 Y79.393 E.00282
G1 X180.07 Y80.106 E.03935
G1 X180.13 Y80.174 E.00284
G1 X180.713 Y81.285 E.03934
G1 X180.734 Y81.372 E.00281
G1 X180.734 Y82.628 E.03938
G1 X180.713 Y82.715 E.00281
G1 X180.13 Y83.826 E.03934
G1 X180.07 Y83.894 E.00284
G1 X179.037 Y84.607 E.03935
G1 X178.953 Y84.639 E.00282
G1 X177.707 Y84.79 E.03935
G1 X176.444 Y84.334 E.0421
G1 X175.537 Y83.344 E.0421
G1 X175.305 Y82.493 E.02766
G1 X175.203 Y82.058 E.01401
G1 E-3.5
;WIPE_START
G1 F7200
G1 X175.189 Y82 E-.02834
G1 X175.195 Y81.955 E-.02156
G1 X175.495 Y80.736 E-.5963
G1 X175.537 Y80.656 E-.04292
G1 X176.369 Y79.717 E-.59592
G1 X176.444 Y79.666 E-.04308
G1 X176.782 Y79.538 E-.17188
;WIPE_END
G1 X177.854 Y143.526 F9000
G1 E5 F2400
;TYPE:Perimeter
;WIDTH:0.439999
G1 F3600
G1 X177.88 Y143.521 E.00087
G1 X178.242 Y143.525 E.01195
G1 X179.205 Y143.716 E.03241
G1 X179.555 Y143.861 E.01251
G1 X180.374 Y144.408 E.03252
G1 X180.642 Y144.676 E.01251
G1 X181.189 Y145.495 E.03252
G1 X181.334 Y145.845 E.01251
G1 X181.525 Y146.808 E.03241
G1 X181.544 Y146.998 E.0063
G1 X181.544 Y152.002 E.16522
G1 X181.334 Y153.155 E.0387
G1 X181.189 Y153.505 E.01251
G1 X180.642 Y154.324 E.03252
G1 X180.374 Y154.592 E.01251
G1 X179.555 Y155.139 E.03252
G1 X179.187 Y155.287 E.0131
G1 X178.12 Y155.479 E.0358
G1 X177.758 Y155.475 E.01195
G1 X176.795 Y155.284 E.03241
G1 X176.445 Y155.139 E.01251
G1 X175.626 Y154.592 E.03252
G1 X175.358 Y154.324 E.01251
G1 X174.811 Y153.505 E.03252
G1 X174.666 Y153.155 E.01251
G1 X174.475 Y152.192 E.03241
G1 X174.456 Y152.002 E.0063
G1 X174.456 Y146.998 E.16522
G1 X174.666 Y145.845 E.0387
G1 X174.811 Y145.495 E.01251
G1 X175.358 Y144.676 E.03252
G1 X175.626 Y144.408 E.01251
G1 X176.445 Y143.861 E.03252
G1 X176.813 Y143.713 E.0131
G1 X177.795 Y143.536 E.03295
G1 X177.893 Y143.922 F9000
G1 F3600
G1 X177.95 Y143.912 E.00191
G1 X178.164 Y143.914 E.00707
G1 X179.127 Y144.106 E.03242
G1 X179.335 Y144.191 E.00742
G1 X180.153 Y144.738 E.03249
G1 X180.312 Y144.897 E.00742
G1 X180.859 Y145.715 E.03249
G1 X180.944 Y145.923 E.00742
G1 X181.147 Y146.998 E.03612
G1 X181.147 Y152.002 E.16522
G1 X180.944 Y153.077 E.03612
G1 X180.859 Y153.285 E.00742
G1 X180.312 Y154.103 E.03249
G1 X180.153 Y154.262 E.00742
G1 X179.335 Y154.809 E.03249
G1 X179.117 Y154.896 E.00775
G1 X178.05 Y155.088 E.0358
G1 X177.836 Y155.086 E.00707
G1 X176.873 Y154.894 E.03242
G1 X176.665 Y154.809 E.00742
G1 X175.847 Y154.262 E.03249
G1 X175.688 Y154.103 E.00742
G1 X175.141 Y153.285 E.03249
G1 X175.056 Y153.077 E.00742
G1 X174.864 Y152.114 E.03242
G1 X174.853 Y146.998 E.16892
G1 X175.056 Y145.923 E.03612
G1 X175.141 Y145.715 E.00742
G1 X175.688 Y144.897 E.03249
G1 X175.847 Y144.738 E.00742
G1 X176.665 Y144.191 E.03249
G1 X176.883 Y144.104 E.00775
G1 X177.834 Y143.933 E.0319
G1 X177.931 Y144.309 F9000
;TYPE:External perimeter
;WIDTH:0.419999
G1 F3600
G1 X178.019 Y144.293 E.0028
G1 X179.052 Y144.485 E.03294
G1 X179.938 Y145.06 E.03312
G1 X180.537 Y145.93 E.03312
G1 X180.565 Y145.998 E.00231
G1 X180.76 Y146.998 E.03194
G1 X180.76 Y152.002 E.1569
G1 X180.565 Y153.002 E.03194
G1 X179.99 Y153.888 E.03312
G1 X179.12 Y154.487 E.03312
G1 X178.226 Y154.663 E.02857
G1 X177.911 Y154.706 E.00997
G1 X176.948 Y154.515 E.03078
G1 X176.062 Y153.94 E.03312
G1 X175.463 Y153.07 E.03312
G1 X175.244 Y152.039 E.03305
G1 X175.24 Y146.998 E.15806
G1 X175.435 Y145.998 E.03194
G1 X176.01 Y145.112 E.03312
G1 X176.88 Y144.513 E.03312
G1 X176.952 Y144.485 E.00242
G1 X177.872 Y144.319 E.02931
G1 E-3.5
;WIPE_START
G1 F7200
G1 X177.931 Y144.309 E-.02842
G1 X178.019 Y144.293 E-.04249
G1 X179.052 Y144.485 E-.49908
G1 X179.938 Y145.06 E-.50171
G1 X180.449 Y145.803 E-.4283
;WIPE_END
G1 X177.855 Y168.54 F9000
G1 E5 F2400
;TYPE:Perimeter
;WIDTH:0.439999
G1 F3600
G1 X178.13 Y168.509 E.00914
G1 X178.895 Y168.654 E.02571
G1 X179.435 Y168.793 E.01841
G1 X180.374 Y169.408 E.03706
G1 X180.642 Y169.676 E.01251
G1 X181.189 Y170.495 E.03252
G1 X181.334 Y170.845 E.01251
G1 X181.525 Y171.808 E.03241
G1 X181.544 Y171.998 E.0063
G1 X181.544 Y177.002 E.16522
G1 X181.334 Y178.155 E.0387
G1 X181.189 Y178.505 E.01251
G1 X180.642 Y179.324 E.03252
G1 X180.374 Y179.592 E.01251
G1 X179.555 Y180.139 E.03252
G1 X179.187 Y180.287 E.0131
G1 X178.116 Y180.48 E.03593
G1 X177.758 Y180.475 E.01182
G1 X176.795 Y180.284 E.03241
G1 X176.445 Y180.139 E.01251
G1 X175.626 Y179.592 E.03252
G1 X175.358 Y179.324 E.01251
G1 X174.811 Y178.505 E.03252
G1 X174.666 Y178.155 E.01251
G1 X174.475 Y177.192 E.03241
G1 X174.456 Y177.002 E.0063
G1 X174.456 Y171.998 E.16522
G1 X174.666 Y170.845 E.0387
G1 X174.811 Y170.495 E.01251
G1 X175.358 Y169.676 E.03252
G1 X175.626 Y169.408 E.01251
G1 X176.445 Y168.861 E.03252
G1 X176.801 Y168.715 E.0127
G1 X177.635 Y168.565 E.02798
G1 X177.796 Y168.547 E.00535
G1 X177.893 Y168.922 F9000
G1 F3600
G1 X177.95 Y168.912 E.00191
G1 X178.164 Y168.914 E.00707
G1 X179.127 Y169.106 E.03242
G1 X179.335 Y169.191 E.00742
G1 X180.153 Y169.738 E.03249
G1 X180.312 Y169.897 E.00742
G1 X180.859 Y170.715 E.03249
G1 X180.944 Y170.923 E.00742
G1 X181.136 Y171.886 E.03242
G1 X181.147 Y177.002 E.16892
G1 X180.944 Y178.077 E.03612
G1 X180.859 Y178.285 E.00742
G1 X180.312 Y179.103 E.03249
G1 X180.153 Y179.262 E.00742
G1 X179.335 Y179.809 E.03249
G1 X179.117 Y179.896 E.00775
G1 X178.047 Y180.088 E.03589
G1 X177.836 Y180.086 E.00697
G1 X176.873 Y179.894 E.03242
G1 X176.665 Y179.809 E.00742
G1 X175.847 Y179.262 E.03249
G1 X175.688 Y179.103 E.00742
G1 X175.141 Y178.285 E.03249
G1 X175.056 Y178.077 E.00742
G1 X174.853 Y177.002 E.03612
G1 X174.853 Y171.998 E.16522
G1 X175.056 Y170.923 E.03612
G1 X175.141 Y170.715 E.00742
G1 X175.688 Y169.897 E.03249
G1 X175.847 Y169.738 E.00742
G1 X176.665 Y169.191 E.03249
G1 X176.883 Y169.104 E.00775
G1 X177.834 Y168.933 E.0319
G1 X177.932 Y169.315 F9000
;TYPE:External perimeter
;WIDTH:0.419999
G1 F3600
G1 X178.089 Y169.294 E.00497
G1 X179.052 Y169.485 E.03078
G1 X179.938 Y170.06 E.03312
G1 X180.537 Y170.93 E.03312
G1 X180.756 Y171.961 E.03305
G1 X180.76 Y177.002 E.15806
G1 X180.565 Y178.002 E.03194
G1 X179.99 Y178.888 E.03312
G1 X179.12 Y179.487 E.03312
G1 X179.048 Y179.515 E.00242
G1 X177.98 Y179.707 E.03402
G1 X176.948 Y179.515 E.03291
G1 X176.062 Y178.94 E.03312
G1 X175.649 Y178.347 E.02266
G1 X175.435 Y178.002 E.01273
G1 X175.24 Y177.002 E.03194
G1 X175.24 Y171.998 E.1569
G1 X175.435 Y170.998 E.03194
G1 X176.01 Y170.112 E.03312
G1 X176.88 Y169.513 E.03312
G1 X177.774 Y169.337 E.02857
G1 X177.872 Y169.323 E.0031
G1 E-3.5
;WIPE_START
G1 F7200
G1 X177.932 Y169.315 E-.02875
G1 X178.089 Y169.294 E-.07524
G1 X179.052 Y169.485 E-.46634
G1 X179.938 Y170.06 E-.50171
G1 X180.449 Y170.802 E-.42796
;WIPE_END
G1 X168.412 Y187.006 F9000
G1 E5 F2400
;TYPE:Perimeter
;WIDTH:0.439999
G1 F7200
G1 X72.994 Y91.588 E4.4554
G1 X72.994 Y72.994 E.61392
G1 X187.006 Y72.994 E3.76436
G1 X187.006 Y76.784 E.12514
G1 X187.006 Y187.006 E3.63923
G1 X168.472 Y187.006 E.61194
G1 X168.247 Y187.403 F9000
G1 F7200
G1 X72.597 Y91.753 E4.46623
G1 X72.597 Y72.597 E.63248
G1 X187.403 Y72.597 E3.79058
G1 X187.403 Y76.784 E.13824
G1 X187.403 Y187.403 E3.65234
G1 X168.307 Y187.403 E.6305
G1 X168.087 Y187.79 F9000
;TYPE:External perimeter
;WIDTH:0.419999
G1 F3600
G1 X72.21 Y91.913 E4.25134
G1 X72.21 Y72.21 E.61777
G1 X187.79 Y72.21 E3.62392
G1 X187.79 Y76.784 E.14341
G1 X187.79 Y187.79 E3.48051
G1 X168.147 Y187.79 E.61589
G1 E-3.5
;WIPE_START
G1 F7200
G1 X168.087 Y187.79 E-.0285
G1 X165.896 Y185.599 E-1.4715
;WIPE_END
G1 X156.672 Y174.833 F9000
G1 E5 F2400
;TYPE:Internal infill
;WIDTH:0.44
G1 F7200
G1 X158.356 Y176.518 E.07866
G1 X179.305 Y155.569 E.97818
G1 X178.232 Y155.769 E.03604
G1 X186.7 Y164.238 E.39542
G1 X186.7 Y163.149 E.03596
G1 X180.627 Y169.221 E.28355
G1 X179.719 Y168.603 E.03626
G1 X179.414 Y168.454 E.01121
G1 X178.256 Y168.216 E.03903
G1 X177.936 Y168.205 E.01057
G1 X176.739 Y168.415 E.04013
G1 X176.167 Y168.679 E.0208
G1 X168.457 Y160.969 E.36001
G1 X167.998 Y161.046 E.01537
G1 X167.559 Y160.96 E.01477
G1 X167.288 Y160.816 E.01013
G1 X166.916 Y160.47 E.01677
G1 X154.612 Y172.774 E.57452
G1 X152.928 Y171.089 E.07866
G1 E-3.5 F3600
;WIPE_START
G1 F7200
G1 X154.612 Y172.774 E-1.13157
G1 X155.16 Y172.226 E-.36843
;WIPE_END
G1 X145.066 Y163.228 F9000
G1 E5 F2400
G1 F7200
G1 X143.381 Y161.543 E.07868
G1 X155.685 Y149.239 E.57452
G1 X151.941 Y145.496 E.1748
G1 X139.638 Y157.799 E.57447
G1 X135.894 Y154.056 E.1748
G1 X148.198 Y141.752 E.57452
G1 X144.454 Y138.008 E.17482
G1 X132.15 Y150.312 E.57452
G1 X130.466 Y148.627 E.07866
G1 E-3.5 F3600
;WIPE_START
G1 F7200
G1 X132.15 Y150.312 E-1.13157
G1 X132.698 Y149.764 E-.36843
;WIPE_END
G1 X119.235 Y137.396 F9000
G1 E5 F2400
G1 F7200
G1 X120.919 Y139.081 E.07866
G1 X133.223 Y126.777 E.57452
G1 X129.479 Y123.033 E.17482
G1 X117.175 Y135.337 E.57452
G1 X113.432 Y131.593 E.1748
G1 X125.736 Y119.29 E.57449
G1 X121.992 Y115.546 E.17482
G1 X109.688 Y127.85 E.57452
G1 X111.373 Y129.534 E.07866
G1 E-3.5 F3600
;WIPE_START
G1 F7200
G1 X109.688 Y127.85 E-1.13157
G1 X110.236 Y127.302 E-.36843
;WIPE_END
G1 X96.772 Y114.934 F9000
G1 E5 F2400
G1 F7200
G1 X98.457 Y116.619 E.07868
G1 X110.761 Y104.315 E.57452
G1 X114.504 Y108.059 E.1748
G1 X102.201 Y120.362 E.57447
G1 X105.944 Y124.106 E.1748
G1 X118.248 Y111.802 E.57452
G1 X119.933 Y113.487 E.07868
G1 E-3.5 F3600
;WIPE_START
G1 F7200
G1 X118.248 Y111.802 E-1.1319
G1 X117.7 Y112.35 E-.3681
;WIPE_END
G1 X108.702 Y102.256 F9000
G1 E5 F2400
G1 F7200
G1 X107.017 Y100.571 E.07868
G1 X94.713 Y112.875 E.57452
G1 X90.97 Y109.131 E.1748
G1 X103.273 Y96.827 E.57449
G1 X101.589 Y95.143 E.07863
G1 E-3.5 F3600
;WIPE_START
G1 F7200
G1 X103.273 Y96.827 E-1.13123
G1 X102.724 Y97.376 E-.36877
;WIPE_END
G1 X104.296 Y90.7 F9000
G1 E5 F2400
G1 F7200
G1 X101.913 Y90.7 E.07868
G1 X119.313 Y73.3 E.81247
G1 X118.224 Y73.3 E.03596
G1 X135.625 Y90.7 E.81249
G1 X139.35 Y90.7 E.12299
G1 X156.75 Y73.3 E.81247
G1 X155.661 Y73.3 E.03596
G1 X186.7 Y104.339 E1.44932
G1 X186.7 Y103.25 E.03596
G1 X169.3 Y120.65 E.81247
G1 X169.3 Y124.375 E.12299
G1 X186.7 Y141.776 E.81249
G1 X186.7 Y140.687 E.03596
G1 X181.627 Y145.76 E.23688
G1 X181.85 Y146.993 E.04137
G1 X181.85 Y148.121 E.03724
G1 E-3.5 F3600
;WIPE_START
G1 F7200
G1 X181.85 Y146.993 E-.5358
G1 X181.627 Y145.76 E-.59518
G1 X182.176 Y145.211 E-.36902
;WIPE_END
G1 X174.955 Y144.73 F9000
G1 E5 F2400
G1 F7200
G1 X175.269 Y144.305 E.01745
G1 X176.316 Y143.584 E.04197
G1 X186.7 Y133.199 E.48489
G1 X186.7 Y134.288 E.03596
G1 X169.3 Y116.888 E.81247
G1 X169.3 Y113.162 E.12302
G1 X186.7 Y95.762 E.81247
G1 X186.7 Y96.851 E.03596
G1 X163.149 Y73.3 E1.09968
G1 X164.238 Y73.3 E.03596
G1 X146.838 Y90.7 E.81247
G1 X143.112 Y90.7 E.12302
G1 X125.712 Y73.3 E.81247
G1 X126.801 Y73.3 E.03596
G1 X109.401 Y90.7 E.81247
G1 X105.675 Y90.7 E.12302
G1 X88.275 Y73.3 E.81247
G1 X89.364 Y73.3 E.03596
G1 X73.3 Y89.364 E.75008
G1 X73.3 Y88.275 E.03596
G1 X171.725 Y186.7 E4.59581
G1 X170.636 Y186.7 E.03596
G1 X176.75 Y180.587 E.28546
G1 X177.73 Y180.781 E.03298
G1 X178.164 Y180.781 E.01433
G1 X179.498 Y180.514 E.04492
G1 X180.126 Y180.126 E.02437
G1 X186.7 Y186.7 E.30696
G1 X185.611 Y186.7 E.03596
G1 X186.7 Y185.611 E.05085
G1 X186.7 Y183.229 E.07865
G1 E-3.5 F3600
;WIPE_START
G1 F7200
G1 X186.7 Y185.611 E-1.13145
G1 X186.151 Y186.16 E-.36855
;WIPE_END
G1 X135.282 Y128.836 F9000
G1 E5 F2400
G1 F7200
G1 X136.967 Y130.521 E.07868
G1 X124.663 Y142.825 E.57452
G1 X128.407 Y146.568 E.1748
G1 X140.71 Y134.264 E.57449
G1 X142.395 Y135.949 E.07868
G1 E-3.5 F3600
;WIPE_START
G1 F7200
G1 X140.71 Y134.264 E-1.1319
G1 X140.162 Y134.812 E-.3681
;WIPE_END
G1 X157.744 Y151.298 F9000
G1 E5 F2400
G1 F7200
G1 X159.429 Y152.983 E.07868
G1 X147.125 Y165.287 E.57452
G1 X150.869 Y169.03 E.1748
G1 X163.173 Y156.727 E.57449
G1 X164.857 Y158.411 E.07863
G1 E-3.5 F3600
;WIPE_START
G1 F7200
G1 X163.173 Y156.727 E-1.13123
G1 X162.624 Y157.276 E-.36877
;WIPE_END
G1 X169.3 Y155.704 F9000
G1 E5 F2400
G1 F7200
G1 X169.3 Y158.087 E.07868
G1 X174.334 Y153.053 E.23506
G1 X174.169 Y152.22 E.02804
G1 X174.15 Y151.688 E.01758
G1 X169.3 Y146.838 E.22646
G1 X169.3 Y143.112 E.12302
G1 X186.7 Y125.712 E.81247
G1 X186.7 Y126.801 E.03596
G1 X169.3 Y109.401 E.81247
G1 X169.3 Y105.675 E.12302
G1 X186.7 Y88.275 E.81247
G1 X186.7 Y89.364 E.03596
G1 X181.292 Y83.956 E.25252
G1 X181.787 Y82.938 E.03737
G1 X181.824 Y81.366 E.05192
G1 X181.681 Y80.784 E.01979
G1 X181.093 Y79.663 E.0418
G1 X180.746 Y79.254 E.01771
G1 X186.7 Y73.3 E.27801
G1 X186.7 Y74.389 E.03596
G1 X185.611 Y73.3 E.05085
G1 X183.229 Y73.3 E.07865
G1 E-3.5 F3600
;WIPE_START
G1 F7200
G1 X185.611 Y73.3 E-1.13145
G1 X186.16 Y73.849 E-.36855
;WIPE_END
G1 X163.192 Y90.7 F9000
G1 E5 F2400
G1 F7200
G1 X165.574 Y90.7 E.07865
G1 X148.174 Y73.3 E.81247
G1 X149.263 Y73.3 E.03596
G1 X131.863 Y90.7 E.81247
G1 X128.137 Y90.7 E.12302
G1 X110.737 Y73.3 E.81247
G1 X111.826 Y73.3 E.03596
G1 X83.482 Y101.644 E1.32348
G1 X87.226 Y105.388 E.17482
G1 X99.53 Y93.084 E.57452
G1 X99.186 Y92.714 E.01668
G1 X98.986 Y92.266 E.0162
G1 X98.954 Y92.019 E.00822
G1 X99.034 Y91.547 E.01581
G1 X90.687 Y83.2 E.38975
G1 X90.824 Y82.633 E.01926
G1 X90.806 Y81.154 E.04884
G1 X90.679 Y80.781 E.01301
G1 X90.229 Y79.922 E.03202
G1 X96.851 Y73.3 E.3092
G1 X95.762 Y73.3 E.03596
G1 X113.162 Y90.7 E.81247
G1 X116.888 Y90.7 E.12302
G1 X134.288 Y73.3 E.81247
G1 X133.199 Y73.3 E.03596
G1 X150.599 Y90.7 E.81247
G1 X154.325 Y90.7 E.12302
G1 X171.725 Y73.3 E.81247
G1 X170.636 Y73.3 E.03596
G1 X176.007 Y78.67 E.25077
G1 X175.556 Y78.991 E.01828
G1 X174.536 Y80.206 E.05238
G1 X174.114 Y81.804 E.05457
G1 X174.136 Y82.302 E.01646
G1 X174.532 Y83.787 E.05074
G1 X175.291 Y84.709 E.03943
G1 X168.924 Y91.076 E.2973
G1 X169.138 Y91.355 E.01161
G1 X169.251 Y91.626 E.00969
G1 X169.3 Y91.971 E.01151
G1 X169.3 Y94.426 E.08106
G1 X186.7 Y111.826 E.81247
G1 X186.7 Y110.737 E.03596
G1 X169.3 Y128.137 E.81247
G1 X169.3 Y131.863 E.12302
G1 X186.7 Y149.263 E.81247
G1 X186.7 Y148.174 E.03596
G1 X181.623 Y153.251 E.23706
G1 X181.85 Y151.9 E.04523
G1 X186.7 Y156.75 E.22646
G1 X186.7 Y155.661 E.03596
G1 X162.1 Y180.262 E1.14868
G1 X165.844 Y184.005 E.1748
G1 X174.15 Y175.699 E.38784
G1 X174.15 Y174.15 E.05114
G1 X85.534 Y85.534 E4.13779
G1 X84.887 Y85.264 E.02315
G1 X75.995 Y94.156 E.4152
G1 X79.738 Y97.9 E.1748
G1 X104.339 Y73.3 E1.14868
G1 X103.25 Y73.3 E.03596
G1 X120.65 Y90.7 E.81247
G1 X124.375 Y90.7 E.12299
G1 X141.776 Y73.3 E.81249
G1 X140.687 Y73.3 E.03596
G1 X158.087 Y90.7 E.81247
G1 X161.813 Y90.7 E.12302
G1 X179.213 Y73.3 E.81247
G1 X178.124 Y73.3 E.03596
G1 X186.7 Y81.876 E.40044
G1 X186.7 Y80.787 E.03596
G1 X169.3 Y98.188 E.81249
G1 X169.3 Y101.913 E.12299
G1 X186.7 Y119.313 E.81247
G1 X186.7 Y118.224 E.03596
G1 X169.3 Y135.625 E.81249
G1 X169.3 Y139.35 E.12299
G1 X174.844 Y144.895 E.25889
G1 X174.536 Y145.364 E.01853
G1 X169.3 Y150.599 E.24446
G1 X169.3 Y154.325 E.12302
G1 X186.7 Y171.725 E.81247
G1 X186.7 Y170.636 E.03596
G1 X181.85 Y175.486 E.22646
G1 X181.85 Y174.363 E.03708
G1 X186.7 Y179.213 E.22646
G1 X186.7 Y178.124 E.03596
G1 X178.124 Y186.7 E.40044
G1 X179.213 Y186.7 E.03596
G1 X73.3 Y80.787 E4.94545
G1 X73.3 Y81.876 E.03596
G1 X81.876 Y73.3 E.40044
G1 X80.787 Y73.3 E.03596
G1 X85.838 Y78.351 E.23585
G1 X85.053 Y78.648 E.02771
G1 X84.694 Y78.858 E.01373
G1 X83.536 Y80.206 E.05867
G1 X83.099 Y82.002 E.06103
G1 X83.408 Y83.408 E.04753
G1 X73.3 Y73.3 E.47198
G1 X74.389 Y73.3 E.03596
G1 X73.3 Y74.389 E.05085
G1 X73.3 Y76.771 E.07865
;LAYER_CHANGE
;Z:2.6
;HEIGHT:0.2
;BEFORE_LAYER_CHANGE
G92 E0
;2.6


G1 E-3.5 F3600
;WIPE_START
G1 F7200
G1 X73.3 Y74.389 E-1.13145
G1 X73.849 Y73.84 E-.36855
;WIPE_END
G1 Z2.6 F9000
;AFTER_LAYER_CHANGE
;2.6
G1 X99.35 Y91.614
G1 E5 F2400
;TYPE:Perimeter
;WIDTH:0.439999
G1 F7200
G1 X99.394 Y91.485 E.0045
G1 X99.603 Y91.237 E.01071
G1 X99.905 Y91.063 E.01151
G1 X100.232 Y91.006 E.01096
G1 X168.021 Y91.006 E2.23821
G1 X168.333 Y91.057 E.01044
G1 X168.647 Y91.234 E.0119
G1 X168.871 Y91.505 E.01161
G1 X168.977 Y91.799 E.01032
G1 X168.994 Y92.845 E.03454
G1 X168.994 Y159.768 E2.20961
G1 X168.925 Y160.127 E.01207
G1 X168.773 Y160.386 E.00992
G1 X168.517 Y160.605 E.01112
G1 X168.219 Y160.72 E.01055
G1 X167.84 Y160.723 E.01251
G1 X167.527 Y160.605 E.01104
G1 X167.334 Y160.455 E.00807
G1 X99.545 Y92.666 E3.1653
G1 X99.354 Y92.395 E.01095
G1 X99.265 Y92.08 E.01081
G1 X99.268 Y91.851 E.00756
G1 X99.33 Y91.671 E.00629
G1 X99.711 Y91.764 F9000
G1 F7200
G1 X99.74 Y91.681 E.0029
G1 X99.947 Y91.479 E.00955
G1 X100.232 Y91.403 E.00974
G1 X168.021 Y91.403 E2.23821
G1 X168.274 Y91.461 E.00857
G1 X168.485 Y91.637 E.00907
G1 X168.587 Y91.872 E.00846
G1 X168.597 Y92.845 E.03213
G1 X168.597 Y159.768 E2.20961
G1 X168.533 Y160.031 E.00894
G1 X168.334 Y160.251 E.00979
G1 X168.093 Y160.339 E.00847
G1 X167.814 Y160.305 E.00928
G1 X167.614 Y160.175 E.00788
G1 X99.825 Y92.386 E3.1653
G1 X99.679 Y92.136 E.00956
G1 X99.662 Y91.903 E.00771
G1 X99.691 Y91.821 E.00287
G1 X100.073 Y91.909 F9000
;TYPE:External perimeter
;WIDTH:0.419999
G1 F3600
G1 X100.123 Y91.825 E.00307
G1 X100.232 Y91.79 E.00359
G1 X168.021 Y91.79 E2.12547
G1 X168.158 Y91.848 E.00466
G1 X168.21 Y91.979 E.00442
G1 X168.21 Y159.768 E2.12547
G1 X168.148 Y159.907 E.00477
G1 X167.996 Y159.954 E.00499
G1 X167.888 Y159.901 E.00377
G1 X100.099 Y92.112 E3.00587
G1 X100.048 Y91.961 E.005
G1 E-3.5
;WIPE_START
G1 F7200
G1 X100.073 Y91.909 E-.02741
G1 X100.123 Y91.825 E-.04643
G1 X100.232 Y91.79 E-.05438
G1 X103.12 Y91.79 E-1.37178
;WIPE_END
G1 X89.68 Y84.374 F9000
G1 E5 F2400
;TYPE:Perimeter
;WIDTH:0.439999
G1 F3600
G1 X89.603 Y84.471 E.00409
G1 X88.999 Y84.896 E.02438
G1 X88.482 Y85.252 E.02073
G1 X88.167 Y85.395 E.01142
G1 X88.047 Y85.417 E.00403
G1 X86.801 Y85.569 E.04144
G1 X86.434 Y85.543 E.01215
G1 X85.166 Y85.067 E.04472
G1 X84.849 Y84.871 E.01231
G1 X83.95 Y83.864 E.04457
G1 X83.771 Y83.568 E.01142
G1 X83.433 Y82.233 E.04547
G1 X83.412 Y81.882 E.01161
G1 X83.734 Y80.549 E.04528
G1 X83.87 Y80.24 E.01115
G1 X83.95 Y80.136 E.00433
G1 X84.782 Y79.197 E.04142
G1 X85.017 Y79.004 E.01004
G1 X86.339 Y78.488 E.04686
G1 X86.684 Y78.424 E.01159
G1 X88.047 Y78.583 E.04531
G1 X88.28 Y78.641 E.00793
G1 X88.482 Y78.748 E.00755
G1 X89.515 Y79.461 E.04144
G1 X89.747 Y79.686 E.01067
G1 X89.824 Y79.809 E.00479
G1 X90.407 Y80.92 E.04143
G1 X90.515 Y81.293 E.01282
G1 X90.519 Y82.628 E.04408
G1 X90.447 Y82.994 E.01232
G1 X89.824 Y84.191 E.04455
G1 X89.717 Y84.327 E.00571
G1 X89.381 Y84.109 F9000
G1 F3600
G1 X89.29 Y84.213 E.00456
G1 X88.257 Y84.925 E.04142
G1 X87.999 Y85.023 E.00911
G1 X86.753 Y85.174 E.04144
G1 X86.48 Y85.141 E.00908
G1 X85.306 Y84.696 E.04145
G1 X85.08 Y84.54 E.00907
G1 X84.247 Y83.6 E.04147
G1 X84.119 Y83.356 E.0091
G1 X83.819 Y82.138 E.04142
G1 X83.819 Y81.862 E.00911
G1 X84.119 Y80.644 E.04142
G1 X84.247 Y80.4 E.0091
G1 X85.08 Y79.46 E.04147
G1 X85.306 Y79.304 E.00907
G1 X86.48 Y78.859 E.04145
G1 X86.753 Y78.826 E.00908
G1 X87.999 Y78.977 E.04144
G1 X88.257 Y79.075 E.00911
G1 X89.29 Y79.787 E.04142
G1 X89.472 Y79.994 E.0091
G1 X90.056 Y81.105 E.04144
G1 X90.122 Y81.372 E.00908
G1 X90.122 Y82.628 E.04147
G1 X90.056 Y82.895 E.00908
G1 X89.472 Y84.006 E.04144
G1 X89.421 Y84.064 E.00255
G1 X89.092 Y83.854 F9000
;TYPE:External perimeter
;WIDTH:0.419999
G1 F3600
G1 X88.553 Y84.25 E.02097
G1 X88.037 Y84.607 E.01967
G1 X87.953 Y84.639 E.00282
G1 X86.707 Y84.79 E.03935
G1 X86.617 Y84.779 E.00284
G1 X85.444 Y84.334 E.03934
G1 X85.095 Y83.974 E.01572
G1 X84.537 Y83.344 E.02639
G1 X84.495 Y83.264 E.00283
G1 X84.195 Y82.045 E.03936
G1 X84.195 Y81.955 E.00282
G1 X84.495 Y80.736 E.03936
G1 X84.537 Y80.656 E.00283
G1 X85.369 Y79.717 E.03934
G1 X85.444 Y79.666 E.00284
G1 X86.617 Y79.221 E.03934
G1 X86.707 Y79.21 E.00284
G1 X87.953 Y79.361 E.03935
G1 X88.037 Y79.393 E.00282
G1 X89.07 Y80.106 E.03935
G1 X89.13 Y80.174 E.00284
G1 X89.713 Y81.285 E.03934
G1 X89.734 Y82.628 E.04211
G1 X89.135 Y83.815 E.04169
G1 E-3.5
;WIPE_START
G1 F7200
G1 X89.092 Y83.854 E-.02757
G1 X88.553 Y84.25 E-.3177
G1 X88.037 Y84.607 E-.29804
G1 X87.953 Y84.639 E-.0427
G1 X86.707 Y84.79 E-.59618
G1 X86.617 Y84.779 E-.04307
G1 X86.273 Y84.649 E-.17474
;WIPE_END
G1 X174.423 Y82 F9000
G1 E5 F2400
;TYPE:Perimeter
;WIDTH:0.439999
G1 F3600
G1 X174.433 Y81.767 E.0077
G1 X174.734 Y80.549 E.04142
G1 X174.87 Y80.24 E.01115
G1 X175.782 Y79.197 E.04575
G1 X176.017 Y79.004 E.01004
G1 X177.339 Y78.488 E.04686
G1 X177.684 Y78.424 E.01159
G1 X177.801 Y78.431 E.00387
G1 X179.047 Y78.583 E.04144
G1 X179.28 Y78.641 E.00793
G1 X179.482 Y78.748 E.00755
G1 X180.515 Y79.461 E.04144
G1 X180.734 Y79.668 E.00995
G1 X180.824 Y79.809 E.00552
G1 X181.407 Y80.92 E.04143
G1 X181.49 Y81.136 E.00764
G1 X181.519 Y81.372 E.00785
G1 X181.519 Y82.628 E.04147
G1 X181.49 Y82.864 E.00785
G1 X181.407 Y83.08 E.00764
G1 X180.824 Y84.191 E.04143
G1 X180.629 Y84.447 E.01063
G1 X179.482 Y85.252 E.04627
G1 X179.148 Y85.4 E.01206
G1 X177.801 Y85.569 E.04482
G1 X177.427 Y85.541 E.01238
G1 X176.166 Y85.067 E.04448
G1 X175.855 Y84.877 E.01203
G1 X174.95 Y83.864 E.04485
G1 X174.763 Y83.547 E.01215
G1 X174.417 Y82.15 E.04752
G1 X174.421 Y82.06 E.00297
G1 X174.819 Y82 F9000
G1 F3600
G1 X174.819 Y81.862 E.00456
G1 X175.119 Y80.644 E.04142
G1 X175.247 Y80.4 E.0091
G1 X176.08 Y79.46 E.04147
G1 X176.306 Y79.304 E.00907
G1 X177.48 Y78.859 E.04145
G1 X177.753 Y78.826 E.00908
G1 X178.999 Y78.977 E.04144
G1 X179.257 Y79.075 E.00911
G1 X180.29 Y79.788 E.04144
G1 X180.472 Y79.994 E.00908
G1 X181.056 Y81.105 E.04144
G1 X181.122 Y81.372 E.00908
G1 X181.122 Y82.628 E.04147
G1 X181.056 Y82.895 E.00908
G1 X180.472 Y84.006 E.04144
G1 X180.29 Y84.213 E.0091
G1 X179.257 Y84.925 E.04142
G1 X178.999 Y85.023 E.00911
G1 X177.753 Y85.174 E.04144
G1 X177.48 Y85.141 E.00908
G1 X176.306 Y84.696 E.04145
G1 X176.08 Y84.54 E.00907
G1 X175.247 Y83.6 E.04147
G1 X175.119 Y83.356 E.0091
G1 X174.819 Y82.138 E.04142
G1 X174.819 Y82.06 E.00258
G1 X175.189 Y82 F9000
;TYPE:External perimeter
;WIDTH:0.419999
G1 F3600
G1 X175.195 Y81.955 E.00142
G1 X175.495 Y80.736 E.03936
G1 X175.537 Y80.656 E.00283
G1 X176.369 Y79.717 E.03934
G1 X176.444 Y79.666 E.00284
G1 X177.617 Y79.221 E.03934
G1 X177.707 Y79.21 E.00284
G1 X178.953 Y79.361 E.03935
G1 X179.037 Y79.393 E.00282
G1 X180.07 Y80.106 E.03935
G1 X180.13 Y80.174 E.00284
G1 X180.713 Y81.285 E.03934
G1 X180.734 Y81.372 E.00281
G1 X180.734 Y82.628 E.03938
G1 X180.713 Y82.715 E.00281
G1 X180.13 Y83.826 E.03934
G1 X180.07 Y83.894 E.00284
G1 X179.037 Y84.607 E.03935
G1 X178.953 Y84.639 E.00282
G1 X177.707 Y84.79 E.03935
G1 X176.444 Y84.334 E.0421
G1 X175.537 Y83.344 E.0421
G1 X175.305 Y82.493 E.02766
G1 X175.203 Y82.058 E.01401
G1 E-3.5
;WIPE_START
G1 F7200
G1 X175.189 Y82 E-.02834
G1 X175.195 Y81.955 E-.02156
G1 X175.495 Y80.736 E-.5963
G1 X175.537 Y80.656 E-.04292
G1 X176.369 Y79.717 E-.59592
G1 X176.444 Y79.666 E-.04308
G1 X176.782 Y79.538 E-.17188
;WIPE_END
G1 X177.854 Y143.526 F9000
G1 E5 F2400
;TYPE:Perimeter
;WIDTH:0.439999
G1 F3600
G1 X177.88 Y143.521 E.00087
G1 X178.242 Y143.525 E.01195
G1 X179.205 Y143.716 E.03241
G1 X179.555 Y143.861 E.01251
G1 X180.374 Y144.408 E.03252
G1 X180.642 Y144.676 E.01251
G1 X181.189 Y145.495 E.03252
G1 X181.334 Y145.845 E.01251
G1 X181.525 Y146.808 E.03241
G1 X181.544 Y146.998 E.0063
G1 X181.544 Y152.002 E.16522
G1 X181.334 Y153.155 E.0387
G1 X181.189 Y153.505 E.01251
G1 X180.642 Y154.324 E.03252
G1 X180.374 Y154.592 E.01251
G1 X179.555 Y155.139 E.03252
G1 X179.187 Y155.287 E.0131
G1 X178.12 Y155.479 E.0358
G1 X177.758 Y155.475 E.01195
G1 X176.795 Y155.284 E.03241
G1 X176.445 Y155.139 E.01251
G1 X175.626 Y154.592 E.03252
G1 X175.358 Y154.324 E.01251
G1 X174.811 Y153.505 E.03252
G1 X174.666 Y153.155 E.01251
G1 X174.475 Y152.192 E.03241
G1 X174.456 Y152.002 E.0063
G1 X174.456 Y146.998 E.16522
G1 X174.666 Y145.845 E.0387
G1 X174.811 Y145.495 E.01251
G1 X175.358 Y144.676 E.03252
G1 X175.626 Y144.408 E.01251
G1 X176.445 Y143.861 E.03252
G1 X176.813 Y143.713 E.0131
G1 X177.795 Y143.536 E.03295
G1 X177.893 Y143.922 F9000
G1 F3600
G1 X177.95 Y143.912 E.00191
G1 X178.164 Y143.914 E.00707
G1 X179.127 Y144.106 E.03242
G1 X179.335 Y144.191 E.00742
G1 X180.153 Y144.738 E.03249
G1 X180.312 Y144.897 E.00742
G1 X180.859 Y145.715 E.03249
G1 X180.944 Y145.923 E.00742
G1 X181.147 Y146.998 E.03612
G1 X181.147 Y152.002 E.16522
G1 X180.944 Y153.077 E.03612
G1 X180.859 Y153.285 E.00742
G1 X180.312 Y154.103 E.03249
G1 X180.153 Y154.262 E.00742
G1 X179.335 Y154.809 E.03249
G1 X179.117 Y154.896 E.00775
G1 X178.05 Y155.088 E.0358
G1 X177.836 Y155.086 E.00707
G1 X176.873 Y154.894 E.03242
G1 X176.665 Y154.809 E.00742
G1 X175.847 Y154.262 E.03249
G1 X175.688 Y154.103 E.00742
G1 X175.141 Y153.285 E.03249
G1 X175.056 Y153.077 E.00742
G1 X174.864 Y152.114 E.03242
G1 X174.853 Y146.998 E.16892
G1 X175.056 Y145.923 E.03612
G1 X175.141 Y145.715 E.00742
G1 X175.688 Y144.897 E.03249
G1 X175.847 Y144.738 E.00742
G1 X176.665 Y144.191 E.03249
G1 X176.883 Y144.104 E.00775
G1 X177.834 Y143.933 E.0319
G1 X177.931 Y144.309 F9000
;TYPE:External perimeter
;WIDTH:0.419999
G1 F3600
G1 X178.019 Y144.293 E.0028
G1 X179.052 Y144.485 E.03294
G1 X179.938 Y145.06 E.03312
G1 X180.537 Y145.93 E.03312
G1 X180.565 Y145.998 E.00231
G1 X180.76 Y146.998 E.03194
G1 X180.76 Y152.002 E.1569
G1 X180.565 Y153.002 E.03194
G1 X179.99 Y153.888 E.03312
G1 X179.12 Y154.487 E.03312
G1 X178.226 Y154.663 E.02857
G1 X177.911 Y154.706 E.00997
G1 X176.948 Y154.515 E.03078
G1 X176.062 Y153.94 E.03312
G1 X175.463 Y153.07 E.03312
G1 X175.244 Y152.039 E.03305
G1 X175.24 Y146.998 E.15806
G1 X175.435 Y145.998 E.03194
G1 X176.01 Y145.112 E.03312
G1 X176.88 Y144.513 E.03312
G1 X176.952 Y144.485 E.00242
G1 X177.872 Y144.319 E.02931
G1 E-3.5
;WIPE_START
G1 F7200
G1 X177.931 Y144.309 E-.02842
G1 X178.019 Y144.293 E-.04249
G1 X179.052 Y144.485 E-.49908
G1 X179.938 Y145.06 E-.50171
G1 X180.449 Y145.803 E-.4283
;WIPE_END
G1 X177.855 Y168.54 F9000
G1 E5 F2400
;TYPE:Perimeter
;WIDTH:0.439999
G1 F3600
G1 X178.13 Y168.509 E.00914
G1 X178.895 Y168.654 E.02571
G1 X179.435 Y168.793 E.01841
G1 X180.374 Y169.408 E.03706
G1 X180.642 Y169.676 E.01251
G1 X181.189 Y170.495 E.03252
G1 X181.334 Y170.845 E.01251
G1 X181.525 Y171.808 E.03241
G1 X181.544 Y171.998 E.0063
G1 X181.544 Y177.002 E.16522
G1 X181.334 Y178.155 E.0387
G1 X181.189 Y178.505 E.01251
G1 X180.642 Y179.324 E.03252
G1 X180.374 Y179.592 E.01251
G1 X179.555 Y180.139 E.03252
G1 X179.187 Y180.287 E.0131
G1 X178.116 Y180.48 E.03593
G1 X177.758 Y180.475 E.01182
G1 X176.795 Y180.284 E.03241
G1 X176.445 Y180.139 E.01251
G1 X175.626 Y179.592 E.03252
G1 X175.358 Y179.324 E.01251
G1 X174.811 Y178.505 E.03252
G1 X174.666 Y178.155 E.01251
G1 X174.475 Y177.192 E.03241
G1 X174.456 Y177.002 E.0063
G1 X174.456 Y171.998 E.16522
G1 X174.666 Y170.845 E.0387
G1 X174.811 Y170.495 E.01251
G1 X175.358 Y169.676 E.03252
G1 X175.626 Y169.408 E.01251
G1 X176.445 Y168.861 E.03252
G1 X176.801 Y168.715 E.0127
G1 X177.635 Y168.565 E.02798
G1 X177.796 Y168.547 E.00535
G1 X177.893 Y168.922 F9000
G1 F3600
G1 X177.95 Y168.912 E.00191
G1 X178.164 Y168.914 E.00707
G1 X179.127 Y169.106 E.03242
G1 X179.335 Y169.191 E.00742
G1 X180.153 Y169.738 E.03249
G1 X180.312 Y169.897 E.00742
G1 X180.859 Y170.715 E.03249
G1 X180.944 Y170.923 E.00742
G1 X181.136 Y171.886 E.03242
G1 X181.147 Y177.002 E.16892
G1 X180.944 Y178.077 E.03612
G1 X180.859 Y178.285 E.00742
G1 X180.312 Y179.103 E.03249
G1 X180.153 Y179.262 E.00742
G1 X179.335 Y179.809 E.03249
G1 X179.117 Y179.896 E.00775
G1 X178.047 Y180.088 E.03589
G1 X177.836 Y180.086 E.00697
G1 X176.873 Y179.894 E.03242
G1 X176.665 Y179.809 E.00742
G1 X175.847 Y179.262 E.03249
G1 X175.688 Y179.103 E.00742
G1 X175.141 Y178.285 E.03249
G1 X175.056 Y178.077 E.00742
G1 X174.853 Y177.002 E.03612
G1 X174.853 Y171.998 E.16522
G1 X175.056 Y170.923 E.03612
G1 X175.141 Y170.715 E.00742
G1 X175.688 Y169.897 E.03249
G1 X175.847 Y169.738 E.00742
G1 X176.665 Y169.191 E.03249
G1 X176.883 Y169.104 E.00775
G1 X177.834 Y168.933 E.0319
G1 X177.932 Y169.315 F9000
;TYPE:External perimeter
;WIDTH:0.419999
G1 F3600
G1 X178.089 Y169.294 E.00497
G1 X179.052 Y169.485 E.03078
G1 X179.938 Y170.06 E.03312
G1 X180.537 Y170.93 E.03312
G1 X180.756 Y171.961 E.03305
G1 X180.76 Y177.002 E.15806
G1 X180.565 Y178.002 E.03194
G1 X179.99 Y178.888 E.03312
G1 X179.12 Y179.487 E.03312
G1 X179.048 Y179.515 E.00242
G1 X177.98 Y179.707 E.03402
G1 X176.948 Y179.515 E.03291
G1 X176.062 Y178.94 E.03312
G1 X175.649 Y178.347 E.02266
G1 X175.435 Y178.002 E.01273
G1 X175.24 Y177.002 E.03194
G1 X175.24 Y171.998 E.1569
G1 X175.435 Y170.998 E.03194
G1 X176.01 Y170.112 E.03312
G1 X176.88 Y169.513 E.03312
G1 X177.774 Y169.337 E.02857
G1 X177.872 Y169.323 E.0031
G1 E-3.5
;WIPE_START
G1 F7200
G1 X177.932 Y169.315 E-.02875
G1 X178.089 Y169.294 E-.07524
G1 X179.052 Y169.485 E-.46634
G1 X179.938 Y170.06 E-.50171
G1 X180.449 Y170.802 E-.42796
;WIPE_END
G1 X168.412 Y187.006 F9000
G1 E5 F2400
;TYPE:Perimeter
;WIDTH:0.439999
G1 F7200
G1 X72.994 Y91.588 E4.4554
G1 X72.994 Y72.994 E.61392
G1 X187.006 Y72.994 E3.76436
G1 X187.006 Y76.784 E.12514
G1 X187.006 Y187.006 E3.63923
G1 X168.472 Y187.006 E.61194
G1 X168.247 Y187.403 F9000
G1 F7200
G1 X72.597 Y91.753 E4.46623
G1 X72.597 Y72.597 E.63248
G1 X187.403 Y72.597 E3.79058
G1 X187.403 Y76.784 E.13824
G1 X187.403 Y187.403 E3.65234
G1 X168.307 Y187.403 E.6305
G1 X168.087 Y187.79 F9000
;TYPE:External perimeter
;WIDTH:0.419999
G1 F3600
G1 X72.21 Y91.913 E4.25134
G1 X72.21 Y72.21 E.61777
G1 X187.79 Y72.21 E3.62392
G1 X187.79 Y76.784 E.14341
G1 X187.79 Y187.79 E3.48051
G1 X168.147 Y187.79 E.61589
G1 E-3.5
;WIPE_START
G1 F7200
G1 X168.087 Y187.79 E-.0285
G1 X165.896 Y185.599 E-1.4715
;WIPE_END
G1 X160.041 Y178.203 F9000
G1 E5 F2400
;TYPE:Internal infill
;WIDTH:0.44
G1 F7200
G1 X158.356 Y176.518 E.07868
G1 X179.305 Y155.569 E.97818
G1 X178.232 Y155.769 E.03604
G1 X186.7 Y164.238 E.39542
G1 X186.7 Y163.149 E.03596
G1 X180.627 Y169.221 E.28355
G1 X179.719 Y168.603 E.03626
G1 X179.414 Y168.454 E.01121
G1 X178.256 Y168.216 E.03903
G1 X177.936 Y168.205 E.01057
G1 X176.739 Y168.415 E.04013
G1 X176.167 Y168.679 E.0208
G1 X168.451 Y160.964 E.36026
G1 X168.085 Y161.045 E.01238
G1 X167.561 Y160.961 E.01752
G1 X167.288 Y160.816 E.01021
G1 X166.916 Y160.47 E.01677
G1 X154.612 Y172.774 E.57452
G1 X152.928 Y171.089 E.07866
G1 E-3.5 F3600
;WIPE_START
G1 F7200
G1 X154.612 Y172.774 E-1.13157
G1 X155.16 Y172.226 E-.36843
;WIPE_END
G1 X145.066 Y163.228 F9000
G1 E5 F2400
G1 F7200
G1 X143.381 Y161.543 E.07868
G1 X155.685 Y149.239 E.57452
G1 X151.941 Y145.496 E.1748
G1 X139.638 Y157.799 E.57447
G1 X135.894 Y154.056 E.1748
G1 X148.198 Y141.752 E.57452
G1 X144.454 Y138.008 E.17482
G1 X132.15 Y150.312 E.57452
G1 X130.466 Y148.627 E.07866
G1 E-3.5 F3600
;WIPE_START
G1 F7200
G1 X132.15 Y150.312 E-1.13157
G1 X132.698 Y149.764 E-.36843
;WIPE_END
G1 X142.395 Y135.949 F9000
G1 E5 F2400
G1 F7200
G1 X140.71 Y134.264 E.07868
G1 X128.407 Y146.568 E.57449
G1 X124.663 Y142.825 E.1748
G1 X136.967 Y130.521 E.57452
G1 X133.223 Y126.777 E.17482
G1 X120.919 Y139.081 E.57452
G1 X117.175 Y135.337 E.17482
G1 X129.479 Y123.033 E.57452
G1 X125.736 Y119.29 E.17477
G1 X113.432 Y131.593 E.57449
G1 X109.688 Y127.85 E.1748
G1 X121.992 Y115.546 E.57452
G1 X118.248 Y111.802 E.17482
G1 X105.944 Y124.106 E.57452
G1 X102.201 Y120.362 E.1748
G1 X114.504 Y108.059 E.57447
G1 X110.761 Y104.315 E.1748
G1 X98.457 Y116.619 E.57452
G1 X94.713 Y112.875 E.17482
G1 X107.017 Y100.571 E.57452
G1 X103.273 Y96.827 E.17482
G1 X90.97 Y109.131 E.57449
G1 X87.226 Y105.388 E.1748
G1 X99.53 Y93.084 E.57452
G1 X99.186 Y92.714 E.01668
G1 X98.986 Y92.266 E.0162
G1 X98.954 Y92.019 E.00822
G1 X99.034 Y91.547 E.01581
G1 X90.687 Y83.2 E.38975
G1 X90.824 Y82.633 E.01926
G1 X90.806 Y81.154 E.04884
G1 X90.679 Y80.781 E.01301
G1 X90.229 Y79.922 E.03202
G1 X96.851 Y73.3 E.3092
G1 X95.762 Y73.3 E.03596
G1 X113.162 Y90.7 E.81247
G1 X116.888 Y90.7 E.12302
G1 X134.288 Y73.3 E.81247
G1 X133.199 Y73.3 E.03596
G1 X150.599 Y90.7 E.81247
G1 X154.325 Y90.7 E.12302
G1 X171.725 Y73.3 E.81247
G1 X170.636 Y73.3 E.03596
G1 X176.007 Y78.67 E.25077
G1 X175.556 Y78.991 E.01828
G1 X174.536 Y80.206 E.05238
G1 X174.114 Y81.804 E.05457
G1 X174.136 Y82.302 E.01646
G1 X174.532 Y83.787 E.05074
G1 X175.291 Y84.709 E.03943
G1 X168.924 Y91.076 E.2973
G1 X169.138 Y91.355 E.01161
G1 X169.251 Y91.626 E.00969
G1 X169.3 Y91.971 E.01151
G1 X169.3 Y94.426 E.08106
G1 X186.7 Y111.826 E.81247
G1 X186.7 Y110.737 E.03596
G1 X169.3 Y128.137 E.81247
G1 X169.3 Y131.863 E.12302
G1 X186.7 Y149.263 E.81247
G1 X186.7 Y148.174 E.03596
G1 X181.623 Y153.251 E.23706
G1 X181.85 Y151.9 E.04523
G1 X186.7 Y156.75 E.22646
G1 X186.7 Y155.661 E.03596
G1 X162.1 Y180.262 E1.14868
G1 X165.844 Y184.005 E.1748
G1 X174.15 Y175.699 E.38784
G1 X174.15 Y174.15 E.05114
G1 X85.534 Y85.534 E4.13779
G1 X84.887 Y85.264 E.02315
G1 X75.995 Y94.156 E.4152
G1 X74.31 Y92.472 E.07866
G1 E-3.5 F3600
;WIPE_START
G1 F7200
G1 X75.995 Y94.156 E-1.13157
G1 X76.543 Y93.608 E-.36843
;WIPE_END
G1 X73.3 Y76.771 F9000
G1 E5 F2400
G1 F7200
G1 X73.3 Y74.389 E.07865
G1 X74.389 Y73.3 E.05085
G1 X73.3 Y73.3 E.03596
G1 X83.408 Y83.408 E.47198
G1 X83.099 Y82.002 E.04753
G1 X83.536 Y80.206 E.06103
G1 X84.694 Y78.858 E.05867
G1 X85.053 Y78.648 E.01373
G1 X85.838 Y78.351 E.02771
G1 X80.787 Y73.3 E.23585
G1 X81.876 Y73.3 E.03596
G1 X73.3 Y81.876 E.40044
G1 X73.3 Y80.787 E.03596
G1 X179.213 Y186.7 E4.94545
G1 X178.124 Y186.7 E.03596
G1 X186.7 Y178.124 E.40044
G1 X186.7 Y179.213 E.03596
G1 X181.85 Y174.363 E.22646
G1 X181.85 Y175.486 E.03708
G1 X186.7 Y170.636 E.22646
G1 X186.7 Y171.725 E.03596
G1 X169.3 Y154.325 E.81247
G1 X169.3 Y150.599 E.12302
G1 X174.536 Y145.364 E.24446
G1 X174.844 Y144.895 E.01853
G1 X169.3 Y139.35 E.25889
G1 X169.3 Y135.625 E.12299
G1 X186.7 Y118.224 E.81249
G1 X186.7 Y119.313 E.03596
G1 X169.3 Y101.913 E.81247
G1 X169.3 Y98.188 E.12299
G1 X186.7 Y80.787 E.81249
G1 X186.7 Y81.876 E.03596
G1 X178.124 Y73.3 E.40044
G1 X179.213 Y73.3 E.03596
G1 X161.813 Y90.7 E.81247
G1 X158.087 Y90.7 E.12302
G1 X140.687 Y73.3 E.81247
G1 X141.776 Y73.3 E.03596
G1 X124.375 Y90.7 E.81249
G1 X120.65 Y90.7 E.12299
G1 X103.25 Y73.3 E.81247
G1 X104.339 Y73.3 E.03596
G1 X79.738 Y97.9 E1.14868
G1 X83.482 Y101.644 E.17482
G1 X111.826 Y73.3 E1.32348
G1 X110.737 Y73.3 E.03596
G1 X128.137 Y90.7 E.81247
G1 X131.863 Y90.7 E.12302
G1 X149.263 Y73.3 E.81247
G1 X148.174 Y73.3 E.03596
G1 X165.574 Y90.7 E.81247
G1 X163.192 Y90.7 E.07865
G1 E-3.5 F3600
;WIPE_START
G1 F7200
G1 X165.574 Y90.7 E-1.13145
G1 X165.025 Y90.151 E-.36855
;WIPE_END
G1 X183.229 Y73.3 F9000
G1 E5 F2400
G1 F7200
G1 X185.611 Y73.3 E.07865
G1 X186.7 Y74.389 E.05085
G1 X186.7 Y73.3 E.03596
G1 X180.746 Y79.254 E.27801
G1 X181.093 Y79.663 E.01771
G1 X181.681 Y80.784 E.0418
G1 X181.824 Y81.366 E.01979
G1 X181.787 Y82.938 E.05192
G1 X181.292 Y83.956 E.03737
G1 X186.7 Y89.364 E.25252
G1 X186.7 Y88.275 E.03596
G1 X169.3 Y105.675 E.81247
G1 X169.3 Y109.401 E.12302
G1 X186.7 Y126.801 E.81247
G1 X186.7 Y125.712 E.03596
G1 X169.3 Y143.112 E.81247
G1 X169.3 Y146.838 E.12302
G1 X174.15 Y151.688 E.22646
G1 X174.169 Y152.22 E.01758
G1 X174.334 Y153.053 E.02804
G1 X169.3 Y158.087 E.23506
G1 X169.3 Y155.704 E.07868
G1 E-3.5 F3600
;WIPE_START
G1 F7200
G1 X169.3 Y158.087 E-1.13192
G1 X169.848 Y157.539 E-.36808
;WIPE_END
G1 X164.857 Y158.411 F9000
G1 E5 F2400
G1 F7200
G1 X163.173 Y156.727 E.07863
G1 X150.869 Y169.03 E.57449
G1 X147.125 Y165.287 E.1748
G1 X159.429 Y152.983 E.57452
G1 X157.744 Y151.298 E.07868
G1 E-3.5 F3600
;WIPE_START
G1 F7200
G1 X159.429 Y152.983 E-1.1319
G1 X158.881 Y153.531 E-.3681
;WIPE_END
G1 X186.7 Y183.229 F9000
G1 E5 F2400
G1 F7200
G1 X186.7 Y185.611 E.07865
G1 X185.611 Y186.7 E.05085
G1 X186.7 Y186.7 E.03596
G1 X180.126 Y180.126 E.30696
G1 X179.498 Y180.514 E.02437
G1 X178.164 Y180.781 E.04492
G1 X177.73 Y180.781 E.01433
G1 X176.75 Y180.587 E.03298
G1 X170.636 Y186.7 E.28546
G1 X171.725 Y186.7 E.03596
G1 X73.3 Y88.275 E4.59581
G1 X73.3 Y89.364 E.03596
G1 X89.364 Y73.3 E.75008
G1 X88.275 Y73.3 E.03596
G1 X105.675 Y90.7 E.81247
G1 X109.401 Y90.7 E.12302
G1 X126.801 Y73.3 E.81247
G1 X125.712 Y73.3 E.03596
G1 X143.112 Y90.7 E.81247
G1 X146.838 Y90.7 E.12302
G1 X164.238 Y73.3 E.81247
G1 X163.149 Y73.3 E.03596
G1 X186.7 Y96.851 E1.09968
G1 X186.7 Y95.762 E.03596
G1 X169.3 Y113.162 E.81247
G1 X169.3 Y116.888 E.12302
G1 X186.7 Y134.288 E.81247
G1 X186.7 Y133.199 E.03596
G1 X176.316 Y143.584 E.48489
G1 X175.269 Y144.305 E.04197
G1 X174.955 Y144.73 E.01745
G1 E-3.5 F3600
;WIPE_START
G1 F7200
G1 X175.269 Y144.305 E-.251
G1 X176.316 Y143.584 E-.60384
G1 X177.276 Y142.624 E-.64516
;WIPE_END
G1 X181.85 Y148.121 F9000
G1 E5 F2400
G1 F7200
G1 X181.85 Y146.993 E.03724
G1 X181.627 Y145.76 E.04137
G1 X186.7 Y140.687 E.23688
G1 X186.7 Y141.776 E.03596
G1 X169.3 Y124.375 E.81249
G1 X169.3 Y120.65 E.12299
G1 X186.7 Y103.25 E.81247
G1 X186.7 Y104.339 E.03596
G1 X155.661 Y73.3 E1.44932
G1 X156.75 Y73.3 E.03596
G1 X139.35 Y90.7 E.81247
G1 X135.625 Y90.7 E.12299
G1 X118.224 Y73.3 E.81249
G1 X119.313 Y73.3 E.03596
G1 X101.913 Y90.7 E.81247
G1 X104.296 Y90.7 E.07868
;LAYER_CHANGE
;Z:2.8
;HEIGHT:0.2
;BEFORE_LAYER_CHANGE
G92 E0
;2.8


G1 E-3.5 F3600
;WIPE_START
G1 F7200
G1 X101.913 Y90.7 E-1.13193
G1 X102.461 Y90.152 E-.36807
;WIPE_END
G1 Z2.8 F9000
;AFTER_LAYER_CHANGE
;2.8
G1 X99.35 Y91.614
G1 E5 F2400
;TYPE:Perimeter
;WIDTH:0.439999
G1 F7200
G1 X99.394 Y91.485 E.0045
G1 X99.603 Y91.237 E.01071
G1 X99.905 Y91.063 E.01151
G1 X100.232 Y91.006 E.01096
G1 X168.021 Y91.006 E2.23821
G1 X168.333 Y91.057 E.01044
G1 X168.647 Y91.234 E.0119
G1 X168.871 Y91.505 E.01161
G1 X168.977 Y91.799 E.01032
G1 X168.994 Y92.845 E.03454
G1 X168.994 Y159.768 E2.20961
G1 X168.925 Y160.127 E.01207
G1 X168.773 Y160.386 E.00992
G1 X168.517 Y160.605 E.01112
G1 X168.219 Y160.72 E.01055
G1 X167.84 Y160.723 E.01251
G1 X167.527 Y160.605 E.01104
G1 X167.334 Y160.455 E.00807
G1 X99.545 Y92.666 E3.1653
G1 X99.354 Y92.395 E.01095
G1 X99.265 Y92.08 E.01081
G1 X99.268 Y91.851 E.00756
G1 X99.33 Y91.671 E.00629
G1 X99.711 Y91.764 F9000
G1 F7200
G1 X99.74 Y91.681 E.0029
G1 X99.947 Y91.479 E.00955
G1 X100.232 Y91.403 E.00974
G1 X168.021 Y91.403 E2.23821
G1 X168.274 Y91.461 E.00857
G1 X168.485 Y91.637 E.00907
G1 X168.587 Y91.872 E.00846
G1 X168.597 Y92.845 E.03213
G1 X168.597 Y159.768 E2.20961
G1 X168.533 Y160.031 E.00894
G1 X168.334 Y160.251 E.00979
G1 X168.093 Y160.339 E.00847
G1 X167.814 Y160.305 E.00928
G1 X167.614 Y160.175 E.00788
G1 X99.825 Y92.386 E3.1653
G1 X99.679 Y92.136 E.00956
G1 X99.662 Y91.903 E.00771
G1 X99.691 Y91.821 E.00287
G1 X100.073 Y91.909 F9000
;TYPE:External perimeter
;WIDTH:0.419999
G1 F3600
G1 X100.123 Y91.825 E.00307
G1 X100.232 Y91.79 E.00359
G1 X168.021 Y91.79 E2.12547
G1 X168.158 Y91.848 E.00466
G1 X168.21 Y91.979 E.00442
G1 X168.21 Y159.768 E2.12547
G1 X168.148 Y159.907 E.00477
G1 X167.996 Y159.954 E.00499
G1 X167.888 Y159.901 E.00377
G1 X100.099 Y92.112 E3.00587
G1 X100.048 Y91.961 E.005
G1 E-3.5
;WIPE_START
G1 F7200
G1 X100.073 Y91.909 E-.02741
G1 X100.123 Y91.825 E-.04643
G1 X100.232 Y91.79 E-.05438
G1 X103.12 Y91.79 E-1.37178
;WIPE_END
G1 X89.68 Y84.374 F9000
G1 E5 F2400
;TYPE:Perimeter
;WIDTH:0.439999
G1 F3600
G1 X89.603 Y84.471 E.00409
G1 X88.999 Y84.896 E.02438
G1 X88.482 Y85.252 E.02073
G1 X88.167 Y85.395 E.01142
G1 X88.047 Y85.417 E.00403
G1 X86.801 Y85.569 E.04144
G1 X86.434 Y85.543 E.01215
G1 X85.166 Y85.067 E.04472
G1 X84.849 Y84.871 E.01231
G1 X83.95 Y83.864 E.04457
G1 X83.771 Y83.568 E.01142
G1 X83.433 Y82.233 E.04547
G1 X83.412 Y81.882 E.01161
G1 X83.734 Y80.549 E.04528
G1 X83.87 Y80.24 E.01115
G1 X83.95 Y80.136 E.00433
G1 X84.782 Y79.197 E.04142
G1 X85.017 Y79.004 E.01004
G1 X86.339 Y78.488 E.04686
G1 X86.684 Y78.424 E.01159
G1 X88.047 Y78.583 E.04531
G1 X88.28 Y78.641 E.00793
G1 X88.482 Y78.748 E.00755
G1 X89.515 Y79.461 E.04144
G1 X89.747 Y79.686 E.01067
G1 X89.824 Y79.809 E.00479
G1 X90.407 Y80.92 E.04143
G1 X90.515 Y81.293 E.01282
G1 X90.519 Y82.628 E.04408
G1 X90.447 Y82.994 E.01232
G1 X89.824 Y84.191 E.04455
G1 X89.717 Y84.327 E.00571
G1 X89.381 Y84.109 F9000
G1 F3600
G1 X89.29 Y84.213 E.00456
G1 X88.257 Y84.925 E.04142
G1 X87.999 Y85.023 E.00911
G1 X86.753 Y85.174 E.04144
G1 X86.48 Y85.141 E.00908
G1 X85.306 Y84.696 E.04145
G1 X85.08 Y84.54 E.00907
G1 X84.247 Y83.6 E.04147
G1 X84.119 Y83.356 E.0091
G1 X83.819 Y82.138 E.04142
G1 X83.819 Y81.862 E.00911
G1 X84.119 Y80.644 E.04142
G1 X84.247 Y80.4 E.0091
G1 X85.08 Y79.46 E.04147
G1 X85.306 Y79.304 E.00907
G1 X86.48 Y78.859 E.04145
G1 X86.753 Y78.826 E.00908
G1 X87.999 Y78.977 E.04144
G1 X88.257 Y79.075 E.00911
G1 X89.29 Y79.787 E.04142
G1 X89.472 Y79.994 E.0091
G1 X90.056 Y81.105 E.04144
G1 X90.122 Y81.372 E.00908
G1 X90.122 Y82.628 E.04147
G1 X90.056 Y82.895 E.00908
G1 X89.472 Y84.006 E.04144
G1 X89.421 Y84.064 E.00255
G1 X89.092 Y83.854 F9000
;TYPE:External perimeter
;WIDTH:0.419999
G1 F3600
G1 X88.553 Y84.25 E.02097
G1 X88.037 Y84.607 E.01967
G1 X87.953 Y84.639 E.00282
G1 X86.707 Y84.79 E.03935
G1 X86.617 Y84.779 E.00284
G1 X85.444 Y84.334 E.03934
G1 X85.095 Y83.974 E.01572
G1 X84.537 Y83.344 E.02639
G1 X84.495 Y83.264 E.00283
G1 X84.195 Y82.045 E.03936
G1 X84.195 Y81.955 E.00282
G1 X84.495 Y80.736 E.03936
G1 X84.537 Y80.656 E.00283
G1 X85.369 Y79.717 E.03934
G1 X85.444 Y79.666 E.00284
G1 X86.617 Y79.221 E.03934
G1 X86.707 Y79.21 E.00284
G1 X87.953 Y79.361 E.03935
G1 X88.037 Y79.393 E.00282
G1 X89.07 Y80.106 E.03935
G1 X89.13 Y80.174 E.00284
G1 X89.713 Y81.285 E.03934
G1 X89.734 Y82.628 E.04211
G1 X89.135 Y83.815 E.04169
G1 E-3.5
;WIPE_START
G1 F7200
G1 X89.092 Y83.854 E-.02757
G1 X88.553 Y84.25 E-.3177
G1 X88.037 Y84.607 E-.29804
G1 X87.953 Y84.639 E-.0427
G1 X86.707 Y84.79 E-.59618
G1 X86.617 Y84.779 E-.04307
G1 X86.273 Y84.649 E-.17474
;WIPE_END
G1 X174.423 Y82 F9000
G1 E5 F2400
;TYPE:Perimeter
;WIDTH:0.439999
G1 F3600
G1 X174.433 Y81.767 E.0077
G1 X174.734 Y80.549 E.04142
G1 X174.87 Y80.24 E.01115
G1 X175.782 Y79.197 E.04575
G1 X176.017 Y79.004 E.01004
G1 X177.339 Y78.488 E.04686
G1 X177.684 Y78.424 E.01159
G1 X177.801 Y78.431 E.00387
G1 X179.047 Y78.583 E.04144
G1 X179.28 Y78.641 E.00793
G1 X179.482 Y78.748 E.00755
G1 X180.515 Y79.461 E.04144
G1 X180.734 Y79.668 E.00995
G1 X180.824 Y79.809 E.00552
G1 X181.407 Y80.92 E.04143
G1 X181.49 Y81.136 E.00764
G1 X181.519 Y81.372 E.00785
G1 X181.519 Y82.628 E.04147
G1 X181.49 Y82.864 E.00785
G1 X181.407 Y83.08 E.00764
G1 X180.824 Y84.191 E.04143
G1 X180.629 Y84.447 E.01063
G1 X179.482 Y85.252 E.04627
G1 X179.148 Y85.4 E.01206
G1 X177.801 Y85.569 E.04482
G1 X177.427 Y85.541 E.01238
G1 X176.166 Y85.067 E.04448
G1 X175.855 Y84.877 E.01203
G1 X174.95 Y83.864 E.04485
G1 X174.763 Y83.547 E.01215
G1 X174.417 Y82.15 E.04752
G1 X174.421 Y82.06 E.00297
G1 X174.819 Y82 F9000
G1 F3600
G1 X174.819 Y81.862 E.00456
G1 X175.119 Y80.644 E.04142
G1 X175.247 Y80.4 E.0091
G1 X176.08 Y79.46 E.04147
G1 X176.306 Y79.304 E.00907
G1 X177.48 Y78.859 E.04145
G1 X177.753 Y78.826 E.00908
G1 X178.999 Y78.977 E.04144
G1 X179.257 Y79.075 E.00911
G1 X180.29 Y79.788 E.04144
G1 X180.472 Y79.994 E.00908
G1 X181.056 Y81.105 E.04144
G1 X181.122 Y81.372 E.00908
G1 X181.122 Y82.628 E.04147
G1 X181.056 Y82.895 E.00908
G1 X180.472 Y84.006 E.04144
G1 X180.29 Y84.213 E.0091
G1 X179.257 Y84.925 E.04142
G1 X178.999 Y85.023 E.00911
G1 X177.753 Y85.174 E.04144
G1 X177.48 Y85.141 E.00908
G1 X176.306 Y84.696 E.04145
G1 X176.08 Y84.54 E.00907
G1 X175.247 Y83.6 E.04147
G1 X175.119 Y83.356 E.0091
G1 X174.819 Y82.138 E.04142
G1 X174.819 Y82.06 E.00258
G1 X175.189 Y82 F9000
;TYPE:External perimeter
;WIDTH:0.419999
G1 F3600
G1 X175.195 Y81.955 E.00142
G1 X175.495 Y80.736 E.03936
G1 X175.537 Y80.656 E.00283
G1 X176.369 Y79.717 E.03934
G1 X176.444 Y79.666 E.00284
G1 X177.617 Y79.221 E.03934
G1 X177.707 Y79.21 E.00284
G1 X178.953 Y79.361 E.03935
G1 X179.037 Y79.393 E.00282
G1 X180.07 Y80.106 E.03935
G1 X180.13 Y80.174 E.00284
G1 X180.713 Y81.285 E.03934
G1 X180.734 Y81.372 E.00281
G1 X180.734 Y82.628 E.03938
G1 X180.713 Y82.715 E.00281
G1 X180.13 Y83.826 E.03934
G1 X180.07 Y83.894 E.00284
G1 X179.037 Y84.607 E.03935
G1 X178.953 Y84.639 E.00282
G1 X177.707 Y84.79 E.03935
G1 X176.444 Y84.334 E.0421
G1 X175.537 Y83.344 E.0421
G1 X175.305 Y82.493 E.02766
G1 X175.203 Y82.058 E.01401
G1 E-3.5
;WIPE_START
G1 F7200
G1 X175.189 Y82 E-.02834
G1 X175.195 Y81.955 E-.02156
G1 X175.495 Y80.736 E-.5963
G1 X175.537 Y80.656 E-.04292
G1 X176.369 Y79.717 E-.59592
G1 X176.444 Y79.666 E-.04308
G1 X176.782 Y79.538 E-.17188
;WIPE_END
G1 X177.854 Y143.529 F9000
G1 E5 F2400
;TYPE:Perimeter
;WIDTH:0.439999
G1 F3600
G1 X177.967 Y143.51 E.00378
G1 X178.242 Y143.525 E.00909
G1 X179.205 Y143.716 E.03241
G1 X179.555 Y143.861 E.01251
G1 X180.374 Y144.408 E.03252
G1 X180.642 Y144.676 E.01251
G1 X181.189 Y145.495 E.03252
G1 X181.334 Y145.845 E.01251
G1 X181.525 Y146.808 E.03241
G1 X181.544 Y146.998 E.0063
G1 X181.544 Y152.002 E.16522
G1 X181.334 Y153.155 E.0387
G1 X181.189 Y153.505 E.01251
G1 X180.642 Y154.324 E.03252
G1 X180.374 Y154.592 E.01251
G1 X179.555 Y155.139 E.03252
G1 X179.187 Y155.287 E.0131
G1 X178.12 Y155.479 E.0358
G1 X177.758 Y155.475 E.01195
G1 X176.795 Y155.284 E.03241
G1 X176.445 Y155.139 E.01251
G1 X175.626 Y154.592 E.03252
G1 X175.358 Y154.324 E.01251
G1 X174.811 Y153.505 E.03252
G1 X174.666 Y153.155 E.01251
G1 X174.475 Y152.192 E.03241
G1 X174.456 Y152.002 E.0063
G1 X174.456 Y146.998 E.16522
G1 X174.666 Y145.845 E.0387
G1 X174.811 Y145.495 E.01251
G1 X175.358 Y144.676 E.03252
G1 X175.626 Y144.408 E.01251
G1 X176.445 Y143.861 E.03252
G1 X176.813 Y143.713 E.0131
G1 X177.795 Y143.54 E.03292
G1 X177.893 Y143.924 F9000
G1 F3600
G1 X178.002 Y143.905 E.00365
G1 X179.127 Y144.106 E.03773
G1 X179.335 Y144.191 E.00742
G1 X180.153 Y144.738 E.03249
G1 X180.312 Y144.897 E.00742
G1 X180.859 Y145.715 E.03249
G1 X180.944 Y145.923 E.00742
G1 X181.147 Y146.998 E.03612
G1 X181.147 Y152.002 E.16522
G1 X180.944 Y153.077 E.03612
G1 X180.859 Y153.285 E.00742
G1 X180.312 Y154.103 E.03249
G1 X180.153 Y154.262 E.00742
G1 X179.335 Y154.809 E.03249
G1 X179.117 Y154.896 E.00775
G1 X178.05 Y155.088 E.0358
G1 X177.836 Y155.086 E.00707
G1 X176.873 Y154.894 E.03242
G1 X176.665 Y154.809 E.00742
G1 X175.847 Y154.262 E.03249
G1 X175.688 Y154.103 E.00742
G1 X175.141 Y153.285 E.03249
G1 X175.056 Y153.077 E.00742
G1 X174.853 Y152.002 E.03612
G1 X174.853 Y146.998 E.16522
G1 X175.056 Y145.923 E.03612
G1 X175.141 Y145.715 E.00742
G1 X175.688 Y144.897 E.03249
G1 X175.847 Y144.738 E.00742
G1 X176.665 Y144.191 E.03249
G1 X176.883 Y144.104 E.00775
G1 X177.834 Y143.935 E.03189
G1 X177.931 Y144.309 F9000
;TYPE:External perimeter
;WIDTH:0.419999
G1 F3600
G1 X178.036 Y144.291 E.00334
G1 X179.052 Y144.485 E.03243
G1 X179.938 Y145.06 E.03312
G1 X180.537 Y145.93 E.03312
G1 X180.76 Y146.998 E.03421
G1 X180.76 Y152.002 E.1569
G1 X180.565 Y153.002 E.03194
G1 X179.99 Y153.888 E.03312
G1 X179.12 Y154.487 E.03312
G1 X178.226 Y154.663 E.02857
G1 X177.911 Y154.706 E.00997
G1 X176.948 Y154.515 E.03078
G1 X176.062 Y153.94 E.03312
G1 X175.463 Y153.07 E.03312
G1 X175.24 Y152.002 E.03421
G1 X175.24 Y146.998 E.1569
G1 X175.435 Y145.998 E.03194
G1 X176.01 Y145.112 E.03312
G1 X176.88 Y144.513 E.03312
G1 X176.952 Y144.485 E.00242
G1 X177.872 Y144.32 E.02931
G1 E-3.5
;WIPE_START
G1 F7200
G1 X177.931 Y144.309 E-.02851
G1 X178.036 Y144.291 E-.0506
G1 X179.052 Y144.485 E-.49132
G1 X179.938 Y145.06 E-.50171
G1 X180.449 Y145.802 E-.42786
;WIPE_END
G1 X177.855 Y168.54 F9000
G1 E5 F2400
;TYPE:Perimeter
;WIDTH:0.439999
G1 F3600
G1 X178.13 Y168.509 E.00914
G1 X178.895 Y168.654 E.02571
G1 X179.435 Y168.793 E.01841
G1 X180.374 Y169.408 E.03706
G1 X180.642 Y169.676 E.01251
G1 X181.189 Y170.495 E.03252
G1 X181.334 Y170.845 E.01251
G1 X181.525 Y171.808 E.03241
G1 X181.544 Y171.998 E.0063
G1 X181.544 Y177.002 E.16522
G1 X181.334 Y178.155 E.0387
G1 X181.189 Y178.505 E.01251
G1 X180.642 Y179.324 E.03252
G1 X180.374 Y179.592 E.01251
G1 X179.555 Y180.139 E.03252
G1 X179.187 Y180.287 E.0131
G1 X178.116 Y180.48 E.03593
G1 X177.758 Y180.475 E.01182
G1 X176.795 Y180.284 E.03241
G1 X176.445 Y180.139 E.01251
G1 X175.626 Y179.592 E.03252
G1 X175.358 Y179.324 E.01251
G1 X174.811 Y178.505 E.03252
G1 X174.666 Y178.155 E.01251
G1 X174.475 Y177.192 E.03241
G1 X174.456 Y177.002 E.0063
G1 X174.456 Y171.998 E.16522
G1 X174.666 Y170.845 E.0387
G1 X174.811 Y170.495 E.01251
G1 X175.358 Y169.676 E.03252
G1 X175.626 Y169.408 E.01251
G1 X176.445 Y168.861 E.03252
G1 X176.801 Y168.715 E.0127
G1 X177.635 Y168.565 E.02798
G1 X177.796 Y168.547 E.00535
G1 X177.893 Y168.922 F9000
G1 F3600
G1 X177.95 Y168.912 E.00191
G1 X178.164 Y168.914 E.00707
G1 X179.127 Y169.106 E.03242
G1 X179.335 Y169.191 E.00742
G1 X180.153 Y169.738 E.03249
G1 X180.312 Y169.897 E.00742
G1 X180.859 Y170.715 E.03249
G1 X180.944 Y170.923 E.00742
G1 X181.136 Y171.886 E.03242
G1 X181.147 Y177.002 E.16892
G1 X180.944 Y178.077 E.03612
G1 X180.859 Y178.285 E.00742
G1 X180.312 Y179.103 E.03249
G1 X180.153 Y179.262 E.00742
G1 X179.335 Y179.809 E.03249
G1 X179.117 Y179.896 E.00775
G1 X178.047 Y180.088 E.03589
G1 X177.836 Y180.086 E.00697
G1 X176.873 Y179.894 E.03242
G1 X176.665 Y179.809 E.00742
G1 X175.847 Y179.262 E.03249
G1 X175.688 Y179.103 E.00742
G1 X175.141 Y178.285 E.03249
G1 X175.056 Y178.077 E.00742
G1 X174.853 Y177.002 E.03612
G1 X174.853 Y171.998 E.16522
G1 X175.056 Y170.923 E.03612
G1 X175.141 Y170.715 E.00742
G1 X175.688 Y169.897 E.03249
G1 X175.847 Y169.738 E.00742
G1 X176.665 Y169.191 E.03249
G1 X176.883 Y169.104 E.00775
G1 X177.834 Y168.933 E.0319
G1 X177.932 Y169.315 F9000
;TYPE:External perimeter
;WIDTH:0.419999
G1 F3600
G1 X178.089 Y169.294 E.00497
G1 X179.052 Y169.485 E.03078
G1 X179.938 Y170.06 E.03312
G1 X180.537 Y170.93 E.03312
G1 X180.756 Y171.961 E.03305
G1 X180.76 Y177.002 E.15806
G1 X180.565 Y178.002 E.03194
G1 X179.99 Y178.888 E.03312
G1 X179.12 Y179.487 E.03312
G1 X179.048 Y179.515 E.00242
G1 X177.98 Y179.707 E.03402
G1 X176.948 Y179.515 E.03291
G1 X176.062 Y178.94 E.03312
G1 X175.649 Y178.347 E.02266
G1 X175.435 Y178.002 E.01273
G1 X175.24 Y177.002 E.03194
G1 X175.24 Y171.998 E.1569
G1 X175.435 Y170.998 E.03194
G1 X176.01 Y170.112 E.03312
G1 X176.88 Y169.513 E.03312
G1 X177.774 Y169.337 E.02857
G1 X177.872 Y169.323 E.0031
G1 E-3.5
;WIPE_START
G1 F7200
G1 X177.932 Y169.315 E-.02875
G1 X178.089 Y169.294 E-.07524
G1 X179.052 Y169.485 E-.46634
G1 X179.938 Y170.06 E-.50171
G1 X180.449 Y170.802 E-.42796
;WIPE_END
G1 X168.412 Y187.006 F9000
G1 E5 F2400
;TYPE:Perimeter
;WIDTH:0.439999
G1 F7200
G1 X72.994 Y91.588 E4.4554
G1 X72.994 Y72.994 E.61392
G1 X187.006 Y72.994 E3.76436
G1 X187.006 Y76.784 E.12514
G1 X187.006 Y187.006 E3.63923
G1 X168.472 Y187.006 E.61194
G1 X168.247 Y187.403 F9000
G1 F7200
G1 X72.597 Y91.753 E4.46623
G1 X72.597 Y72.597 E.63248
G1 X187.403 Y72.597 E3.79058
G1 X187.403 Y76.784 E.13824
G1 X187.403 Y187.403 E3.65234
G1 X168.307 Y187.403 E.6305
G1 X168.087 Y187.79 F9000
;TYPE:External perimeter
;WIDTH:0.419999
G1 F3600
G1 X72.21 Y91.913 E4.25134
G1 X72.21 Y72.21 E.61777
G1 X187.79 Y72.21 E3.62392
G1 X187.79 Y76.784 E.14341
G1 X187.79 Y187.79 E3.48051
G1 X168.147 Y187.79 E.61589
G1 E-3.5
;WIPE_START
G1 F7200
G1 X168.087 Y187.79 E-.0285
G1 X165.896 Y185.599 E-1.4715
;WIPE_END
G1 X160.041 Y178.203 F9000
G1 E5 F2400
;TYPE:Internal infill
;WIDTH:0.44
G1 F7200
G1 X158.356 Y176.518 E.07868
G1 X179.305 Y155.569 E.97818
G1 X178.232 Y155.769 E.03604
G1 X186.7 Y164.238 E.39542
G1 X186.7 Y163.149 E.03596
G1 X180.627 Y169.221 E.28355
G1 X179.719 Y168.603 E.03626
G1 X179.414 Y168.454 E.01121
G1 X178.256 Y168.216 E.03903
G1 X177.936 Y168.205 E.01057
G1 X176.739 Y168.415 E.04013
G1 X176.167 Y168.679 E.0208
G1 X168.457 Y160.969 E.36001
G1 X167.998 Y161.046 E.01537
G1 X167.559 Y160.96 E.01477
G1 X167.288 Y160.816 E.01013
G1 X166.916 Y160.47 E.01677
G1 X154.612 Y172.774 E.57452
G1 X150.869 Y169.03 E.1748
G1 X163.173 Y156.727 E.57449
G1 X159.429 Y152.983 E.17482
G1 X147.125 Y165.287 E.57452
G1 X143.381 Y161.543 E.17482
G1 X155.685 Y149.239 E.57452
G1 X151.941 Y145.496 E.1748
G1 X139.638 Y157.799 E.57447
G1 X135.894 Y154.056 E.1748
G1 X148.198 Y141.752 E.57452
G1 X144.454 Y138.008 E.17482
G1 X132.15 Y150.312 E.57452
G1 X128.407 Y146.568 E.1748
G1 X140.71 Y134.264 E.57449
G1 X136.967 Y130.521 E.17477
G1 X124.663 Y142.825 E.57452
G1 X120.919 Y139.081 E.17482
G1 X133.223 Y126.777 E.57452
G1 X129.479 Y123.033 E.17482
G1 X117.175 Y135.337 E.57452
G1 X113.432 Y131.593 E.1748
G1 X125.736 Y119.29 E.57449
G1 X121.992 Y115.546 E.17482
G1 X109.688 Y127.85 E.57452
G1 X105.944 Y124.106 E.17482
G1 X118.248 Y111.802 E.57452
G1 X114.504 Y108.059 E.1748
G1 X102.201 Y120.362 E.57447
G1 X98.457 Y116.619 E.1748
G1 X110.761 Y104.315 E.57452
G1 X107.017 Y100.571 E.17482
G1 X94.713 Y112.875 E.57452
G1 X90.97 Y109.131 E.1748
G1 X103.273 Y96.827 E.57449
G1 X101.589 Y95.143 E.07863
G1 E-3.5 F3600
;WIPE_START
G1 F7200
G1 X103.273 Y96.827 E-1.13123
G1 X102.724 Y97.376 E-.36877
;WIPE_END
G1 X104.296 Y90.7 F9000
G1 E5 F2400
G1 F7200
G1 X101.913 Y90.7 E.07868
G1 X119.313 Y73.3 E.81247
G1 X118.224 Y73.3 E.03596
G1 X135.625 Y90.7 E.81249
G1 X139.35 Y90.7 E.12299
G1 X156.75 Y73.3 E.81247
G1 X155.661 Y73.3 E.03596
G1 X186.7 Y104.339 E1.44932
G1 X186.7 Y103.25 E.03596
G1 X169.3 Y120.65 E.81247
G1 X169.3 Y124.375 E.12299
G1 X186.7 Y141.776 E.81249
G1 X186.7 Y140.687 E.03596
G1 X181.627 Y145.76 E.23688
G1 X181.85 Y146.993 E.04137
G1 X181.85 Y148.121 E.03724
G1 E-3.5 F3600
;WIPE_START
G1 F7200
G1 X181.85 Y146.993 E-.5358
G1 X181.627 Y145.76 E-.59518
G1 X182.176 Y145.211 E-.36902
;WIPE_END
G1 X174.955 Y144.73 F9000
G1 E5 F2400
G1 F7200
G1 X175.269 Y144.305 E.01745
G1 X176.316 Y143.584 E.04197
G1 X186.7 Y133.199 E.48489
G1 X186.7 Y134.288 E.03596
G1 X169.3 Y116.888 E.81247
G1 X169.3 Y113.162 E.12302
G1 X186.7 Y95.762 E.81247
G1 X186.7 Y96.851 E.03596
G1 X163.149 Y73.3 E1.09968
G1 X164.238 Y73.3 E.03596
G1 X146.838 Y90.7 E.81247
G1 X143.112 Y90.7 E.12302
G1 X125.712 Y73.3 E.81247
G1 X126.801 Y73.3 E.03596
G1 X109.401 Y90.7 E.81247
G1 X105.675 Y90.7 E.12302
G1 X88.275 Y73.3 E.81247
G1 X89.364 Y73.3 E.03596
G1 X73.3 Y89.364 E.75008
G1 X73.3 Y88.275 E.03596
G1 X171.725 Y186.7 E4.59581
G1 X170.636 Y186.7 E.03596
G1 X176.75 Y180.587 E.28546
G1 X177.73 Y180.781 E.03298
G1 X178.164 Y180.781 E.01433
G1 X179.498 Y180.514 E.04492
G1 X180.126 Y180.126 E.02437
G1 X186.7 Y186.7 E.30696
G1 X185.611 Y186.7 E.03596
G1 X186.7 Y185.611 E.05085
G1 X186.7 Y183.229 E.07865
G1 E-3.5 F3600
;WIPE_START
G1 F7200
G1 X186.7 Y185.611 E-1.13145
G1 X186.151 Y186.16 E-.36855
;WIPE_END
G1 X169.3 Y155.704 F9000
G1 E5 F2400
G1 F7200
G1 X169.3 Y158.087 E.07868
G1 X174.334 Y153.053 E.23506
G1 X174.169 Y152.22 E.02804
G1 X174.15 Y151.688 E.01758
G1 X169.3 Y146.838 E.22646
G1 X169.3 Y143.112 E.12302
G1 X186.7 Y125.712 E.81247
G1 X186.7 Y126.801 E.03596
G1 X169.3 Y109.401 E.81247
G1 X169.3 Y105.675 E.12302
G1 X186.7 Y88.275 E.81247
G1 X186.7 Y89.364 E.03596
G1 X181.292 Y83.956 E.25252
G1 X181.787 Y82.938 E.03737
G1 X181.824 Y81.366 E.05192
G1 X181.681 Y80.784 E.01979
G1 X181.093 Y79.663 E.0418
G1 X180.746 Y79.254 E.01771
G1 X186.7 Y73.3 E.27801
G1 X186.7 Y74.389 E.03596
G1 X185.611 Y73.3 E.05085
G1 X183.229 Y73.3 E.07865
G1 E-3.5 F3600
;WIPE_START
G1 F7200
G1 X185.611 Y73.3 E-1.13145
G1 X186.16 Y73.849 E-.36855
;WIPE_END
G1 X163.192 Y90.7 F9000
G1 E5 F2400
G1 F7200
G1 X165.574 Y90.7 E.07865
G1 X148.174 Y73.3 E.81247
G1 X149.263 Y73.3 E.03596
G1 X131.863 Y90.7 E.81247
G1 X128.137 Y90.7 E.12302
G1 X110.737 Y73.3 E.81247
G1 X111.826 Y73.3 E.03596
G1 X83.482 Y101.644 E1.32348
G1 X87.226 Y105.388 E.17482
G1 X99.53 Y93.084 E.57452
G1 X99.186 Y92.714 E.01668
G1 X98.986 Y92.266 E.0162
G1 X98.954 Y92.019 E.00822
G1 X99.034 Y91.547 E.01581
G1 X90.687 Y83.2 E.38975
G1 X90.824 Y82.633 E.01926
G1 X90.806 Y81.154 E.04884
G1 X90.679 Y80.781 E.01301
G1 X90.229 Y79.922 E.03202
G1 X96.851 Y73.3 E.3092
G1 X95.762 Y73.3 E.03596
G1 X113.162 Y90.7 E.81247
G1 X116.888 Y90.7 E.12302
G1 X134.288 Y73.3 E.81247
G1 X133.199 Y73.3 E.03596
G1 X150.599 Y90.7 E.81247
G1 X154.325 Y90.7 E.12302
G1 X171.725 Y73.3 E.81247
G1 X170.636 Y73.3 E.03596
G1 X176.007 Y78.67 E.25077
G1 X175.556 Y78.991 E.01828
G1 X174.536 Y80.206 E.05238
G1 X174.114 Y81.804 E.05457
G1 X174.136 Y82.302 E.01646
G1 X174.532 Y83.787 E.05074
G1 X175.291 Y84.709 E.03943
G1 X168.924 Y91.076 E.2973
G1 X169.138 Y91.355 E.01161
G1 X169.251 Y91.626 E.00969
G1 X169.3 Y91.971 E.01151
G1 X169.3 Y94.426 E.08106
G1 X186.7 Y111.826 E.81247
G1 X186.7 Y110.737 E.03596
G1 X169.3 Y128.137 E.81247
G1 X169.3 Y131.863 E.12302
G1 X186.7 Y149.263 E.81247
G1 X186.7 Y148.174 E.03596
G1 X181.623 Y153.251 E.23706
G1 X181.85 Y151.9 E.04523
G1 X186.7 Y156.75 E.22646
G1 X186.7 Y155.661 E.03596
G1 X162.1 Y180.262 E1.14868
G1 X165.844 Y184.005 E.1748
G1 X174.15 Y175.699 E.38784
G1 X174.15 Y174.15 E.05114
G1 X85.534 Y85.534 E4.13779
G1 X84.887 Y85.264 E.02315
G1 X75.995 Y94.156 E.4152
G1 X79.738 Y97.9 E.1748
G1 X104.339 Y73.3 E1.14868
G1 X103.25 Y73.3 E.03596
G1 X120.65 Y90.7 E.81247
G1 X124.375 Y90.7 E.12299
G1 X141.776 Y73.3 E.81249
G1 X140.687 Y73.3 E.03596
G1 X158.087 Y90.7 E.81247
G1 X161.813 Y90.7 E.12302
G1 X179.213 Y73.3 E.81247
G1 X178.124 Y73.3 E.03596
G1 X186.7 Y81.876 E.40044
G1 X186.7 Y80.787 E.03596
G1 X169.3 Y98.188 E.81249
G1 X169.3 Y101.913 E.12299
G1 X186.7 Y119.313 E.81247
G1 X186.7 Y118.224 E.03596
G1 X169.3 Y135.625 E.81249
G1 X169.3 Y139.35 E.12299
G1 X174.844 Y144.895 E.25889
G1 X174.536 Y145.364 E.01853
G1 X169.3 Y150.599 E.24446
G1 X169.3 Y154.325 E.12302
G1 X186.7 Y171.725 E.81247
G1 X186.7 Y170.636 E.03596
G1 X181.85 Y175.486 E.22646
G1 X181.85 Y174.363 E.03708
G1 X186.7 Y179.213 E.22646
G1 X186.7 Y178.124 E.03596
G1 X178.124 Y186.7 E.40044
G1 X179.213 Y186.7 E.03596
G1 X73.3 Y80.787 E4.94545
G1 X73.3 Y81.876 E.03596
G1 X81.876 Y73.3 E.40044
G1 X80.787 Y73.3 E.03596
G1 X85.838 Y78.351 E.23585
G1 X85.053 Y78.648 E.02771
G1 X84.694 Y78.858 E.01373
G1 X83.536 Y80.206 E.05867
G1 X83.099 Y82.002 E.06103
G1 X83.408 Y83.408 E.04753
G1 X73.3 Y73.3 E.47198
G1 X74.389 Y73.3 E.03596
G1 X73.3 Y74.389 E.05085
G1 X73.3 Y76.771 E.07865
;LAYER_CHANGE
;Z:3
;HEIGHT:0.2
;BEFORE_LAYER_CHANGE
G92 E0
;3


G1 E-3.5 F3600
;WIPE_START
G1 F7200
G1 X73.3 Y74.389 E-1.13145
G1 X73.849 Y73.84 E-.36855
;WIPE_END
G1 Z3 F9000
;AFTER_LAYER_CHANGE
;3
G1 X99.35 Y91.614
G1 E5 F2400
;TYPE:Perimeter
;WIDTH:0.439999
G1 F7200
G1 X99.394 Y91.485 E.0045
G1 X99.603 Y91.237 E.01071
G1 X99.905 Y91.063 E.01151
G1 X100.232 Y91.006 E.01096
G1 X168.021 Y91.006 E2.23821
G1 X168.333 Y91.057 E.01044
G1 X168.647 Y91.234 E.0119
G1 X168.871 Y91.505 E.01161
G1 X168.977 Y91.799 E.01032
G1 X168.994 Y92.845 E.03454
G1 X168.994 Y159.768 E2.20961
G1 X168.925 Y160.127 E.01207
G1 X168.773 Y160.386 E.00992
G1 X168.517 Y160.605 E.01112
G1 X168.219 Y160.72 E.01055
G1 X167.84 Y160.723 E.01251
G1 X167.527 Y160.605 E.01104
G1 X167.334 Y160.455 E.00807
G1 X99.545 Y92.666 E3.1653
G1 X99.354 Y92.395 E.01095
G1 X99.265 Y92.08 E.01081
G1 X99.268 Y91.851 E.00756
G1 X99.33 Y91.671 E.00629
G1 X99.711 Y91.764 F9000
G1 F7200
G1 X99.74 Y91.681 E.0029
G1 X99.947 Y91.479 E.00955
G1 X100.232 Y91.403 E.00974
G1 X168.021 Y91.403 E2.23821
G1 X168.274 Y91.461 E.00857
G1 X168.485 Y91.637 E.00907
G1 X168.587 Y91.872 E.00846
G1 X168.597 Y92.845 E.03213
G1 X168.597 Y159.768 E2.20961
G1 X168.533 Y160.031 E.00894
G1 X168.334 Y160.251 E.00979
G1 X168.093 Y160.339 E.00847
G1 X167.814 Y160.305 E.00928
G1 X167.614 Y160.175 E.00788
G1 X99.825 Y92.386 E3.1653
G1 X99.679 Y92.136 E.00956
G1 X99.662 Y91.903 E.00771
G1 X99.691 Y91.821 E.00287
G1 X100.073 Y91.909 F9000
;TYPE:External perimeter
;WIDTH:0.419999
G1 F3600
G1 X100.123 Y91.825 E.00307
G1 X100.232 Y91.79 E.00359
G1 X168.021 Y91.79 E2.12547
G1 X168.158 Y91.848 E.00466
G1 X168.21 Y91.979 E.00442
G1 X168.21 Y159.768 E2.12547
G1 X168.148 Y159.907 E.00477
G1 X167.996 Y159.954 E.00499
G1 X167.888 Y159.901 E.00377
G1 X100.099 Y92.112 E3.00587
G1 X100.048 Y91.961 E.005
G1 E-3.5
;WIPE_START
G1 F7200
G1 X100.073 Y91.909 E-.02741
G1 X100.123 Y91.825 E-.04643
G1 X100.232 Y91.79 E-.05438
G1 X103.12 Y91.79 E-1.37178
;WIPE_END
G1 X89.68 Y84.374 F9000
G1 E5 F2400
;TYPE:Perimeter
;WIDTH:0.439999
G1 F3600
G1 X89.603 Y84.471 E.00409
G1 X88.999 Y84.896 E.02438
G1 X88.482 Y85.252 E.02073
G1 X88.167 Y85.395 E.01142
G1 X88.047 Y85.417 E.00403
G1 X86.801 Y85.569 E.04144
G1 X86.434 Y85.543 E.01215
G1 X85.166 Y85.067 E.04472
G1 X84.849 Y84.871 E.01231
G1 X83.95 Y83.864 E.04457
G1 X83.771 Y83.568 E.01142
G1 X83.433 Y82.233 E.04547
G1 X83.412 Y81.882 E.01161
G1 X83.734 Y80.549 E.04528
G1 X83.87 Y80.24 E.01115
G1 X83.95 Y80.136 E.00433
G1 X84.782 Y79.197 E.04142
G1 X85.017 Y79.004 E.01004
G1 X86.339 Y78.488 E.04686
G1 X86.684 Y78.424 E.01159
G1 X88.047 Y78.583 E.04531
G1 X88.28 Y78.641 E.00793
G1 X88.482 Y78.748 E.00755
G1 X89.515 Y79.461 E.04144
G1 X89.747 Y79.686 E.01067
G1 X89.824 Y79.809 E.00479
G1 X90.407 Y80.92 E.04143
G1 X90.515 Y81.293 E.01282
G1 X90.519 Y82.628 E.04408
G1 X90.447 Y82.994 E.01232
G1 X89.824 Y84.191 E.04455
G1 X89.717 Y84.327 E.00571
G1 X89.381 Y84.109 F9000
G1 F3600
G1 X89.29 Y84.213 E.00456
G1 X88.257 Y84.925 E.04142
G1 X87.999 Y85.023 E.00911
G1 X86.753 Y85.174 E.04144
G1 X86.48 Y85.141 E.00908
G1 X85.306 Y84.696 E.04145
G1 X85.08 Y84.54 E.00907
G1 X84.247 Y83.6 E.04147
G1 X84.119 Y83.356 E.0091
G1 X83.819 Y82.138 E.04142
G1 X83.819 Y81.862 E.00911
G1 X84.119 Y80.644 E.04142
G1 X84.247 Y80.4 E.0091
G1 X85.08 Y79.46 E.04147
G1 X85.306 Y79.304 E.00907
G1 X86.48 Y78.859 E.04145
G1 X86.753 Y78.826 E.00908
G1 X87.999 Y78.977 E.04144
G1 X88.257 Y79.075 E.00911
G1 X89.29 Y79.787 E.04142
G1 X89.472 Y79.994 E.0091
G1 X90.056 Y81.105 E.04144
G1 X90.122 Y81.372 E.00908
G1 X90.122 Y82.628 E.04147
G1 X90.056 Y82.895 E.00908
G1 X89.472 Y84.006 E.04144
G1 X89.421 Y84.064 E.00255
G1 X89.092 Y83.854 F9000
;TYPE:External perimeter
;WIDTH:0.419999
G1 F3600
G1 X88.553 Y84.25 E.02097
G1 X88.037 Y84.607 E.01967
G1 X87.953 Y84.639 E.00282
G1 X86.707 Y84.79 E.03935
G1 X86.617 Y84.779 E.00284
G1 X85.444 Y84.334 E.03934
G1 X85.095 Y83.974 E.01572
G1 X84.537 Y83.344 E.02639
G1 X84.495 Y83.264 E.00283
G1 X84.195 Y82.045 E.03936
G1 X84.195 Y81.955 E.00282
G1 X84.495 Y80.736 E.03936
G1 X84.537 Y80.656 E.00283
G1 X85.369 Y79.717 E.03934
G1 X85.444 Y79.666 E.00284
G1 X86.617 Y79.221 E.03934
G1 X86.707 Y79.21 E.00284
G1 X87.953 Y79.361 E.03935
G1 X88.037 Y79.393 E.00282
G1 X89.07 Y80.106 E.03935
G1 X89.13 Y80.174 E.00284
G1 X89.713 Y81.285 E.03934
G1 X89.734 Y82.628 E.04211
G1 X89.135 Y83.815 E.04169
G1 E-3.5
;WIPE_START
G1 F7200
G1 X89.092 Y83.854 E-.02757
G1 X88.553 Y84.25 E-.3177
G1 X88.037 Y84.607 E-.29804
G1 X87.953 Y84.639 E-.0427
G1 X86.707 Y84.79 E-.59618
G1 X86.617 Y84.779 E-.04307
G1 X86.273 Y84.649 E-.17474
;WIPE_END
G1 X174.423 Y82 F9000
G1 E5 F2400
;TYPE:Perimeter
;WIDTH:0.439999
G1 F3600
G1 X174.433 Y81.767 E.0077
G1 X174.734 Y80.549 E.04142
G1 X174.87 Y80.24 E.01115
G1 X175.782 Y79.197 E.04575
G1 X176.017 Y79.004 E.01004
G1 X177.339 Y78.488 E.04686
G1 X177.684 Y78.424 E.01159
G1 X177.801 Y78.431 E.00387
G1 X179.047 Y78.583 E.04144
G1 X179.28 Y78.641 E.00793
G1 X179.482 Y78.748 E.00755
G1 X180.515 Y79.461 E.04144
G1 X180.734 Y79.668 E.00995
G1 X180.824 Y79.809 E.00552
G1 X181.407 Y80.92 E.04143
G1 X181.49 Y81.136 E.00764
G1 X181.519 Y81.372 E.00785
G1 X181.519 Y82.628 E.04147
G1 X181.49 Y82.864 E.00785
G1 X181.407 Y83.08 E.00764
G1 X180.824 Y84.191 E.04143
G1 X180.629 Y84.447 E.01063
G1 X179.482 Y85.252 E.04627
G1 X179.148 Y85.4 E.01206
G1 X177.801 Y85.569 E.04482
G1 X177.427 Y85.541 E.01238
G1 X176.166 Y85.067 E.04448
G1 X175.855 Y84.877 E.01203
G1 X174.95 Y83.864 E.04485
G1 X174.763 Y83.547 E.01215
G1 X174.417 Y82.15 E.04752
G1 X174.421 Y82.06 E.00297
G1 X174.819 Y82 F9000
G1 F3600
G1 X174.819 Y81.862 E.00456
G1 X175.119 Y80.644 E.04142
G1 X175.247 Y80.4 E.0091
G1 X176.08 Y79.46 E.04147
G1 X176.306 Y79.304 E.00907
G1 X177.48 Y78.859 E.04145
G1 X177.753 Y78.826 E.00908
G1 X178.999 Y78.977 E.04144
G1 X179.257 Y79.075 E.00911
G1 X180.29 Y79.788 E.04144
G1 X180.472 Y79.994 E.00908
G1 X181.056 Y81.105 E.04144
G1 X181.122 Y81.372 E.00908
G1 X181.122 Y82.628 E.04147
G1 X181.056 Y82.895 E.00908
G1 X180.472 Y84.006 E.04144
G1 X180.29 Y84.213 E.0091
G1 X179.257 Y84.925 E.04142
G1 X178.999 Y85.023 E.00911
G1 X177.753 Y85.174 E.04144
G1 X177.48 Y85.141 E.00908
G1 X176.306 Y84.696 E.04145
G1 X176.08 Y84.54 E.00907
G1 X175.247 Y83.6 E.04147
G1 X175.119 Y83.356 E.0091
G1 X174.819 Y82.138 E.04142
G1 X174.819 Y82.06 E.00258
G1 X175.189 Y82 F9000
;TYPE:External perimeter
;WIDTH:0.419999
G1 F3600
G1 X175.195 Y81.955 E.00142
G1 X175.495 Y80.736 E.03936
G1 X175.537 Y80.656 E.00283
G1 X176.369 Y79.717 E.03934
G1 X176.444 Y79.666 E.00284
G1 X177.617 Y79.221 E.03934
G1 X177.707 Y79.21 E.00284
G1 X178.953 Y79.361 E.03935
G1 X179.037 Y79.393 E.00282
G1 X180.07 Y80.106 E.03935
G1 X180.13 Y80.174 E.00284
G1 X180.713 Y81.285 E.03934
G1 X180.734 Y81.372 E.00281
G1 X180.734 Y82.628 E.03938
G1 X180.713 Y82.715 E.00281
G1 X180.13 Y83.826 E.03934
G1 X180.07 Y83.894 E.00284
G1 X179.037 Y84.607 E.03935
G1 X178.953 Y84.639 E.00282
G1 X177.707 Y84.79 E.03935
G1 X176.444 Y84.334 E.0421
G1 X175.537 Y83.344 E.0421
G1 X175.305 Y82.493 E.02766
G1 X175.203 Y82.058 E.01401
G1 E-3.5
;WIPE_START
G1 F7200
G1 X175.189 Y82 E-.02834
G1 X175.195 Y81.955 E-.02156
G1 X175.495 Y80.736 E-.5963
G1 X175.537 Y80.656 E-.04292
G1 X176.369 Y79.717 E-.59592
G1 X176.444 Y79.666 E-.04308
G1 X176.782 Y79.538 E-.17188
;WIPE_END
G1 X177.854 Y143.529 F9000
G1 E5 F2400
;TYPE:Perimeter
;WIDTH:0.439999
G1 F3600
G1 X177.967 Y143.51 E.00378
G1 X178.242 Y143.525 E.00909
G1 X179.205 Y143.716 E.03241
G1 X179.555 Y143.861 E.01251
G1 X180.374 Y144.408 E.03252
G1 X180.642 Y144.676 E.01251
G1 X181.189 Y145.495 E.03252
G1 X181.334 Y145.845 E.01251
G1 X181.525 Y146.808 E.03241
G1 X181.544 Y146.998 E.0063
G1 X181.544 Y152.002 E.16522
G1 X181.334 Y153.155 E.0387
G1 X181.189 Y153.505 E.01251
G1 X180.642 Y154.324 E.03252
G1 X180.374 Y154.592 E.01251
G1 X179.555 Y155.139 E.03252
G1 X179.187 Y155.287 E.0131
G1 X178.12 Y155.479 E.0358
G1 X177.758 Y155.475 E.01195
G1 X176.795 Y155.284 E.03241
G1 X176.445 Y155.139 E.01251
G1 X175.626 Y154.592 E.03252
G1 X175.358 Y154.324 E.01251
G1 X174.811 Y153.505 E.03252
G1 X174.666 Y153.155 E.01251
G1 X174.475 Y152.192 E.03241
G1 X174.456 Y152.002 E.0063
G1 X174.456 Y146.998 E.16522
G1 X174.666 Y145.845 E.0387
G1 X174.811 Y145.495 E.01251
G1 X175.358 Y144.676 E.03252
G1 X175.626 Y144.408 E.01251
G1 X176.445 Y143.861 E.03252
G1 X176.813 Y143.713 E.0131
G1 X177.795 Y143.54 E.03292
G1 X177.893 Y143.924 F9000
G1 F3600
G1 X178.002 Y143.905 E.00365
G1 X179.127 Y144.106 E.03773
G1 X179.335 Y144.191 E.00742
G1 X180.153 Y144.738 E.03249
G1 X180.312 Y144.897 E.00742
G1 X180.859 Y145.715 E.03249
G1 X180.944 Y145.923 E.00742
G1 X181.147 Y146.998 E.03612
G1 X181.147 Y152.002 E.16522
G1 X180.944 Y153.077 E.03612
G1 X180.859 Y153.285 E.00742
G1 X180.312 Y154.103 E.03249
G1 X180.153 Y154.262 E.00742
G1 X179.335 Y154.809 E.03249
G1 X179.117 Y154.896 E.00775
G1 X178.05 Y155.088 E.0358
G1 X177.836 Y155.086 E.00707
G1 X176.873 Y154.894 E.03242
G1 X176.665 Y154.809 E.00742
G1 X175.847 Y154.262 E.03249
G1 X175.688 Y154.103 E.00742
G1 X175.141 Y153.285 E.03249
G1 X175.056 Y153.077 E.00742
G1 X174.853 Y152.002 E.03612
G1 X174.853 Y146.998 E.16522
G1 X175.056 Y145.923 E.03612
G1 X175.141 Y145.715 E.00742
G1 X175.688 Y144.897 E.03249
G1 X175.847 Y144.738 E.00742
G1 X176.665 Y144.191 E.03249
G1 X176.883 Y144.104 E.00775
G1 X177.834 Y143.935 E.03189
G1 X177.931 Y144.309 F9000
;TYPE:External perimeter
;WIDTH:0.419999
G1 F3600
G1 X178.036 Y144.291 E.00334
G1 X179.052 Y144.485 E.03243
G1 X179.938 Y145.06 E.03312
G1 X180.537 Y145.93 E.03312
G1 X180.76 Y146.998 E.03421
G1 X180.76 Y152.002 E.1569
G1 X180.565 Y153.002 E.03194
G1 X179.99 Y153.888 E.03312
G1 X179.12 Y154.487 E.03312
G1 X178.226 Y154.663 E.02857
G1 X177.911 Y154.706 E.00997
G1 X176.948 Y154.515 E.03078
G1 X176.062 Y153.94 E.03312
G1 X175.463 Y153.07 E.03312
G1 X175.24 Y152.002 E.03421
G1 X175.24 Y146.998 E.1569
G1 X175.435 Y145.998 E.03194
G1 X176.01 Y145.112 E.03312
G1 X176.88 Y144.513 E.03312
G1 X176.952 Y144.485 E.00242
G1 X177.872 Y144.32 E.02931
G1 E-3.5
;WIPE_START
G1 F7200
G1 X177.931 Y144.309 E-.02851
G1 X178.036 Y144.291 E-.0506
G1 X179.052 Y144.485 E-.49132
G1 X179.938 Y145.06 E-.50171
G1 X180.449 Y145.802 E-.42786
;WIPE_END
G1 X177.855 Y168.54 F9000
G1 E5 F2400
;TYPE:Perimeter
;WIDTH:0.439999
G1 F3600
G1 X178.13 Y168.509 E.00914
G1 X178.895 Y168.654 E.02571
G1 X179.435 Y168.793 E.01841
G1 X180.374 Y169.408 E.03706
G1 X180.642 Y169.676 E.01251
G1 X181.189 Y170.495 E.03252
G1 X181.334 Y170.845 E.01251
G1 X181.525 Y171.808 E.03241
G1 X181.544 Y171.998 E.0063
G1 X181.544 Y177.002 E.16522
G1 X181.334 Y178.155 E.0387
G1 X181.189 Y178.505 E.01251
G1 X180.642 Y179.324 E.03252
G1 X180.374 Y179.592 E.01251
G1 X179.555 Y180.139 E.03252
G1 X179.187 Y180.287 E.0131
G1 X178.116 Y180.48 E.03593
G1 X177.758 Y180.475 E.01182
G1 X176.795 Y180.284 E.03241
G1 X176.445 Y180.139 E.01251
G1 X175.626 Y179.592 E.03252
G1 X175.358 Y179.324 E.01251
G1 X174.811 Y178.505 E.03252
G1 X174.666 Y178.155 E.01251
G1 X174.475 Y177.192 E.03241
G1 X174.456 Y177.002 E.0063
G1 X174.456 Y171.998 E.16522
G1 X174.666 Y170.845 E.0387
G1 X174.811 Y170.495 E.01251
G1 X175.358 Y169.676 E.03252
G1 X175.626 Y169.408 E.01251
G1 X176.445 Y168.861 E.03252
G1 X176.801 Y168.715 E.0127
G1 X177.635 Y168.565 E.02798
G1 X177.796 Y168.547 E.00535
G1 X177.893 Y168.922 F9000
G1 F3600
G1 X177.95 Y168.912 E.00191
G1 X178.164 Y168.914 E.00707
G1 X179.127 Y169.106 E.03242
G1 X179.335 Y169.191 E.00742
G1 X180.153 Y169.738 E.03249
G1 X180.312 Y169.897 E.00742
G1 X180.859 Y170.715 E.03249
G1 X180.944 Y170.923 E.00742
G1 X181.136 Y171.886 E.03242
G1 X181.147 Y177.002 E.16892
G1 X180.944 Y178.077 E.03612
G1 X180.859 Y178.285 E.00742
G1 X180.312 Y179.103 E.03249
G1 X180.153 Y179.262 E.00742
G1 X179.335 Y179.809 E.03249
G1 X179.117 Y179.896 E.00775
G1 X178.047 Y180.088 E.03589
G1 X177.836 Y180.086 E.00697
G1 X176.873 Y179.894 E.03242
G1 X176.665 Y179.809 E.00742
G1 X175.847 Y179.262 E.03249
G1 X175.688 Y179.103 E.00742
G1 X175.141 Y178.285 E.03249
G1 X175.056 Y178.077 E.00742
G1 X174.853 Y177.002 E.03612
G1 X174.853 Y171.998 E.16522
G1 X175.056 Y170.923 E.03612
G1 X175.141 Y170.715 E.00742
G1 X175.688 Y169.897 E.03249
G1 X175.847 Y169.738 E.00742
G1 X176.665 Y169.191 E.03249
G1 X176.883 Y169.104 E.00775
G1 X177.834 Y168.933 E.0319
G1 X177.932 Y169.315 F9000
;TYPE:External perimeter
;WIDTH:0.419999
G1 F3600
G1 X178.089 Y169.294 E.00497
G1 X179.052 Y169.485 E.03078
G1 X179.938 Y170.06 E.03312
G1 X180.537 Y170.93 E.03312
G1 X180.756 Y171.961 E.03305
G1 X180.76 Y177.002 E.15806
G1 X180.565 Y178.002 E.03194
G1 X179.99 Y178.888 E.03312
G1 X179.12 Y179.487 E.03312
G1 X179.048 Y179.515 E.00242
G1 X177.98 Y179.707 E.03402
G1 X176.948 Y179.515 E.03291
G1 X176.062 Y178.94 E.03312
G1 X175.649 Y178.347 E.02266
G1 X175.435 Y178.002 E.01273
G1 X175.24 Y177.002 E.03194
G1 X175.24 Y171.998 E.1569
G1 X175.435 Y170.998 E.03194
G1 X176.01 Y170.112 E.03312
G1 X176.88 Y169.513 E.03312
G1 X177.774 Y169.337 E.02857
G1 X177.872 Y169.323 E.0031
G1 E-3.5
;WIPE_START
G1 F7200
G1 X177.932 Y169.315 E-.02875
G1 X178.089 Y169.294 E-.07524
G1 X179.052 Y169.485 E-.46634
G1 X179.938 Y170.06 E-.50171
G1 X180.449 Y170.802 E-.42796
;WIPE_END
G1 X168.412 Y187.006 F9000
G1 E5 F2400
;TYPE:Perimeter
;WIDTH:0.439999
G1 F7200
G1 X72.994 Y91.588 E4.4554
G1 X72.994 Y72.994 E.61392
G1 X187.006 Y72.994 E3.76436
G1 X187.006 Y76.784 E.12514
G1 X187.006 Y187.006 E3.63923
G1 X168.472 Y187.006 E.61194
G1 X168.247 Y187.403 F9000
G1 F7200
G1 X72.597 Y91.753 E4.46623
G1 X72.597 Y72.597 E.63248
G1 X187.403 Y72.597 E3.79058
G1 X187.403 Y76.784 E.13824
G1 X187.403 Y187.403 E3.65234
G1 X168.307 Y187.403 E.6305
G1 X168.087 Y187.79 F9000
;TYPE:External perimeter
;WIDTH:0.419999
G1 F3600
G1 X72.21 Y91.913 E4.25134
G1 X72.21 Y72.21 E.61777
G1 X187.79 Y72.21 E3.62392
G1 X187.79 Y76.784 E.14341
G1 X187.79 Y187.79 E3.48051
G1 X168.147 Y187.79 E.61589
G1 E-3.5
;WIPE_START
G1 F7200
G1 X168.087 Y187.79 E-.0285
G1 X165.896 Y185.599 E-1.4715
;WIPE_END
G1 X156.672 Y174.833 F9000
G1 E5 F2400
;TYPE:Internal infill
;WIDTH:0.44
G1 F7200
G1 X158.356 Y176.518 E.07866
G1 X179.305 Y155.569 E.97818
G1 X178.232 Y155.769 E.03604
G1 X186.7 Y164.238 E.39542
G1 X186.7 Y163.149 E.03596
G1 X180.627 Y169.221 E.28355
G1 X179.719 Y168.603 E.03626
G1 X179.414 Y168.454 E.01121
G1 X178.256 Y168.216 E.03903
G1 X177.936 Y168.205 E.01057
G1 X176.739 Y168.415 E.04013
G1 X176.167 Y168.679 E.0208
G1 X168.457 Y160.969 E.36001
G1 X167.998 Y161.046 E.01537
G1 X167.559 Y160.96 E.01477
G1 X167.288 Y160.816 E.01013
G1 X166.916 Y160.47 E.01677
G1 X154.612 Y172.774 E.57452
G1 X152.928 Y171.089 E.07866
G1 E-3.5 F3600
;WIPE_START
G1 F7200
G1 X154.612 Y172.774 E-1.13157
G1 X155.16 Y172.226 E-.36843
;WIPE_END
G1 X145.066 Y163.228 F9000
G1 E5 F2400
G1 F7200
G1 X143.381 Y161.543 E.07868
G1 X155.685 Y149.239 E.57452
G1 X151.941 Y145.496 E.1748
G1 X139.638 Y157.799 E.57447
G1 X135.894 Y154.056 E.1748
G1 X148.198 Y141.752 E.57452
G1 X144.454 Y138.008 E.17482
G1 X132.15 Y150.312 E.57452
G1 X130.466 Y148.627 E.07866
G1 E-3.5 F3600
;WIPE_START
G1 F7200
G1 X132.15 Y150.312 E-1.13157
G1 X132.698 Y149.764 E-.36843
;WIPE_END
G1 X119.235 Y137.396 F9000
G1 E5 F2400
G1 F7200
G1 X120.919 Y139.081 E.07866
G1 X133.223 Y126.777 E.57452
G1 X129.479 Y123.033 E.17482
G1 X117.175 Y135.337 E.57452
G1 X113.432 Y131.593 E.1748
G1 X125.736 Y119.29 E.57449
G1 X121.992 Y115.546 E.17482
G1 X109.688 Y127.85 E.57452
G1 X111.373 Y129.534 E.07866
G1 E-3.5 F3600
;WIPE_START
G1 F7200
G1 X109.688 Y127.85 E-1.13157
G1 X110.236 Y127.302 E-.36843
;WIPE_END
G1 X96.772 Y114.934 F9000
G1 E5 F2400
G1 F7200
G1 X98.457 Y116.619 E.07868
G1 X110.761 Y104.315 E.57452
G1 X114.504 Y108.059 E.1748
G1 X102.201 Y120.362 E.57447
G1 X105.944 Y124.106 E.1748
G1 X118.248 Y111.802 E.57452
G1 X119.933 Y113.487 E.07868
G1 E-3.5 F3600
;WIPE_START
G1 F7200
G1 X118.248 Y111.802 E-1.1319
G1 X117.7 Y112.35 E-.3681
;WIPE_END
G1 X108.702 Y102.256 F9000
G1 E5 F2400
G1 F7200
G1 X107.017 Y100.571 E.07868
G1 X94.713 Y112.875 E.57452
G1 X90.97 Y109.131 E.1748
G1 X103.273 Y96.827 E.57449
G1 X101.589 Y95.143 E.07863
G1 E-3.5 F3600
;WIPE_START
G1 F7200
G1 X103.273 Y96.827 E-1.13123
G1 X102.724 Y97.376 E-.36877
;WIPE_END
G1 X104.296 Y90.7 F9000
G1 E5 F2400
G1 F7200
G1 X101.913 Y90.7 E.07868
G1 X119.313 Y73.3 E.81247
G1 X118.224 Y73.3 E.03596
G1 X135.625 Y90.7 E.81249
G1 X139.35 Y90.7 E.12299
G1 X156.75 Y73.3 E.81247
G1 X155.661 Y73.3 E.03596
G1 X186.7 Y104.339 E1.44932
G1 X186.7 Y103.25 E.03596
G1 X169.3 Y120.65 E.81247
G1 X169.3 Y124.375 E.12299
G1 X186.7 Y141.776 E.81249
G1 X186.7 Y140.687 E.03596
G1 X181.627 Y145.76 E.23688
G1 X181.85 Y146.993 E.04137
G1 X181.85 Y148.121 E.03724
G1 E-3.5 F3600
;WIPE_START
G1 F7200
G1 X181.85 Y146.993 E-.5358
G1 X181.627 Y145.76 E-.59518
G1 X182.176 Y145.211 E-.36902
;WIPE_END
G1 X174.955 Y144.73 F9000
G1 E5 F2400
G1 F7200
G1 X175.269 Y144.305 E.01745
G1 X176.316 Y143.584 E.04197
G1 X186.7 Y133.199 E.48489
G1 X186.7 Y134.288 E.03596
G1 X169.3 Y116.888 E.81247
G1 X169.3 Y113.162 E.12302
G1 X186.7 Y95.762 E.81247
G1 X186.7 Y96.851 E.03596
G1 X163.149 Y73.3 E1.09968
G1 X164.238 Y73.3 E.03596
G1 X146.838 Y90.7 E.81247
G1 X143.112 Y90.7 E.12302
G1 X125.712 Y73.3 E.81247
G1 X126.801 Y73.3 E.03596
G1 X109.401 Y90.7 E.81247
G1 X105.675 Y90.7 E.12302
G1 X88.275 Y73.3 E.81247
G1 X89.364 Y73.3 E.03596
G1 X73.3 Y89.364 E.75008
G1 X73.3 Y88.275 E.03596
G1 X171.725 Y186.7 E4.59581
G1 X170.636 Y186.7 E.03596
G1 X176.75 Y180.587 E.28546
G1 X177.73 Y180.781 E.03298
G1 X178.164 Y180.781 E.01433
G1 X179.498 Y180.514 E.04492
G1 X180.126 Y180.126 E.02437
G1 X186.7 Y186.7 E.30696
G1 X185.611 Y186.7 E.03596
G1 X186.7 Y185.611 E.05085
G1 X186.7 Y183.229 E.07865
G1 E-3.5 F3600
;WIPE_START
G1 F7200
G1 X186.7 Y185.611 E-1.13145
G1 X186.151 Y186.16 E-.36855
;WIPE_END
G1 X135.282 Y128.836 F9000
G1 E5 F2400
G1 F7200
G1 X136.967 Y130.521 E.07868
G1 X124.663 Y142.825 E.57452
G1 X128.407 Y146.568 E.1748
G1 X140.71 Y134.264 E.57449
G1 X142.395 Y135.949 E.07868
G1 E-3.5 F3600
;WIPE_START
G1 F7200
G1 X140.71 Y134.264 E-1.1319
G1 X140.162 Y134.812 E-.3681
;WIPE_END
G1 X157.744 Y151.298 F9000
G1 E5 F2400
G1 F7200
G1 X159.429 Y152.983 E.07868
G1 X147.125 Y165.287 E.57452
G1 X150.869 Y169.03 E.1748
G1 X163.173 Y156.727 E.57449
G1 X164.857 Y158.411 E.07863
G1 E-3.5 F3600
;WIPE_START
G1 F7200
G1 X163.173 Y156.727 E-1.13123
G1 X162.624 Y157.276 E-.36877
;WIPE_END
G1 X169.3 Y155.704 F9000
G1 E5 F2400
G1 F7200
G1 X169.3 Y158.087 E.07868
G1 X174.334 Y153.053 E.23506
G1 X174.169 Y152.22 E.02804
G1 X174.15 Y151.688 E.01758
G1 X169.3 Y146.838 E.22646
G1 X169.3 Y143.112 E.12302
G1 X186.7 Y125.712 E.81247
G1 X186.7 Y126.801 E.03596
G1 X169.3 Y109.401 E.81247
G1 X169.3 Y105.675 E.12302
G1 X186.7 Y88.275 E.81247
G1 X186.7 Y89.364 E.03596
G1 X181.292 Y83.956 E.25252
G1 X181.787 Y82.938 E.03737
G1 X181.824 Y81.366 E.05192
G1 X181.681 Y80.784 E.01979
G1 X181.093 Y79.663 E.0418
G1 X180.746 Y79.254 E.01771
G1 X186.7 Y73.3 E.27801
G1 X186.7 Y74.389 E.03596
G1 X185.611 Y73.3 E.05085
G1 X183.229 Y73.3 E.07865
G1 E-3.5 F3600
;WIPE_START
G1 F7200
G1 X185.611 Y73.3 E-1.13145
G1 X186.16 Y73.849 E-.36855
;WIPE_END
G1 X163.192 Y90.7 F9000
G1 E5 F2400
G1 F7200
G1 X165.574 Y90.7 E.07865
G1 X148.174 Y73.3 E.81247
G1 X149.263 Y73.3 E.03596
G1 X131.863 Y90.7 E.81247
G1 X128.137 Y90.7 E.12302
G1 X110.737 Y73.3 E.81247
G1 X111.826 Y73.3 E.03596
G1 X83.482 Y101.644 E1.32348
G1 X87.226 Y105.388 E.17482
G1 X99.53 Y93.084 E.57452
G1 X99.186 Y92.714 E.01668
G1 X98.986 Y92.266 E.0162
G1 X98.954 Y92.019 E.00822
G1 X99.034 Y91.547 E.01581
G1 X90.687 Y83.2 E.38975
G1 X90.824 Y82.633 E.01926
G1 X90.806 Y81.154 E.04884
G1 X90.679 Y80.781 E.01301
G1 X90.229 Y79.922 E.03202
G1 X96.851 Y73.3 E.3092
G1 X95.762 Y73.3 E.03596
G1 X113.162 Y90.7 E.81247
G1 X116.888 Y90.7 E.12302
G1 X134.288 Y73.3 E.81247
G1 X133.199 Y73.3 E.03596
G1 X150.599 Y90.7 E.81247
G1 X154.325 Y90.7 E.12302
G1 X171.725 Y73.3 E.81247
G1 X170.636 Y73.3 E.03596
G1 X176.007 Y78.67 E.25077
G1 X175.556 Y78.991 E.01828
G1 X174.536 Y80.206 E.05238
G1 X174.114 Y81.804 E.05457
G1 X174.136 Y82.302 E.01646
G1 X174.532 Y83.787 E.05074
G1 X175.291 Y84.709 E.03943
G1 X168.924 Y91.076 E.2973
G1 X169.138 Y91.355 E.01161
G1 X169.251 Y91.626 E.00969
G1 X169.3 Y91.971 E.01151
G1 X169.3 Y94.426 E.08106
G1 X186.7 Y111.826 E.81247
G1 X186.7 Y110.737 E.03596
G1 X169.3 Y128.137 E.81247
G1 X169.3 Y131.863 E.12302
G1 X186.7 Y149.263 E.81247
G1 X186.7 Y148.174 E.03596
G1 X181.623 Y153.251 E.23706
G1 X181.85 Y151.9 E.04523
G1 X186.7 Y156.75 E.22646
G1 X186.7 Y155.661 E.03596
G1 X162.1 Y180.262 E1.14868
G1 X165.844 Y184.005 E.1748
G1 X174.15 Y175.699 E.38784
G1 X174.15 Y174.15 E.05114
G1 X85.534 Y85.534 E4.13779
G1 X84.887 Y85.264 E.02315
G1 X75.995 Y94.156 E.4152
G1 X79.738 Y97.9 E.1748
G1 X104.339 Y73.3 E1.14868
G1 X103.25 Y73.3 E.03596
G1 X120.65 Y90.7 E.81247
G1 X124.375 Y90.7 E.12299
G1 X141.776 Y73.3 E.81249
G1 X140.687 Y73.3 E.03596
G1 X158.087 Y90.7 E.81247
G1 X161.813 Y90.7 E.12302
G1 X179.213 Y73.3 E.81247
G1 X178.124 Y73.3 E.03596
G1 X186.7 Y81.876 E.40044
G1 X186.7 Y80.787 E.03596
G1 X169.3 Y98.188 E.81249
G1 X169.3 Y101.913 E.12299
G1 X186.7 Y119.313 E.81247
G1 X186.7 Y118.224 E.03596
G1 X169.3 Y135.625 E.81249
G1 X169.3 Y139.35 E.12299
G1 X174.844 Y144.895 E.25889
G1 X174.536 Y145.364 E.01853
G1 X169.3 Y150.599 E.24446
G1 X169.3 Y154.325 E.12302
G1 X186.7 Y171.725 E.81247
G1 X186.7 Y170.636 E.03596
G1 X181.85 Y175.486 E.22646
G1 X181.85 Y174.363 E.03708
G1 X186.7 Y179.213 E.22646
G1 X186.7 Y178.124 E.03596
G1 X178.124 Y186.7 E.40044
G1 X179.213 Y186.7 E.03596
G1 X73.3 Y80.787 E4.94545
G1 X73.3 Y81.876 E.03596
G1 X81.876 Y73.3 E.40044
G1 X80.787 Y73.3 E.03596
G1 X85.838 Y78.351 E.23585
G1 X85.053 Y78.648 E.02771
G1 X84.694 Y78.858 E.01373
G1 X83.536 Y80.206 E.05867
G1 X83.099 Y82.002 E.06103
G1 X83.408 Y83.408 E.04753
G1 X73.3 Y73.3 E.47198
G1 X74.389 Y73.3 E.03596
G1 X73.3 Y74.389 E.05085
G1 X73.3 Y76.771 E.07865
;LAYER_CHANGE
;Z:3.2
;HEIGHT:0.2
;BEFORE_LAYER_CHANGE
G92 E0
;3.2


G1 E-3.5 F3600
;WIPE_START
G1 F7200
G1 X73.3 Y74.389 E-1.13145
G1 X73.849 Y73.84 E-.36855
;WIPE_END
G1 Z3.2 F9000
;AFTER_LAYER_CHANGE
;3.2
G1 X99.35 Y91.614
G1 E5 F2400
;TYPE:Perimeter
;WIDTH:0.439999
G1 F7200
G1 X99.394 Y91.485 E.0045
G1 X99.603 Y91.237 E.01071
G1 X99.905 Y91.063 E.01151
G1 X100.232 Y91.006 E.01096
G1 X168.021 Y91.006 E2.23821
G1 X168.333 Y91.057 E.01044
G1 X168.647 Y91.234 E.0119
G1 X168.871 Y91.505 E.01161
G1 X168.977 Y91.799 E.01032
G1 X168.994 Y92.845 E.03454
G1 X168.994 Y159.768 E2.20961
G1 X168.925 Y160.127 E.01207
G1 X168.773 Y160.386 E.00992
G1 X168.517 Y160.605 E.01112
G1 X168.219 Y160.72 E.01055
G1 X167.84 Y160.723 E.01251
G1 X167.527 Y160.605 E.01104
G1 X167.334 Y160.455 E.00807
G1 X99.545 Y92.666 E3.1653
G1 X99.354 Y92.395 E.01095
G1 X99.265 Y92.08 E.01081
G1 X99.268 Y91.851 E.00756
G1 X99.33 Y91.671 E.00629
G1 X99.711 Y91.764 F9000
G1 F7200
G1 X99.74 Y91.681 E.0029
G1 X99.947 Y91.479 E.00955
G1 X100.232 Y91.403 E.00974
G1 X168.021 Y91.403 E2.23821
G1 X168.274 Y91.461 E.00857
G1 X168.485 Y91.637 E.00907
G1 X168.587 Y91.872 E.00846
G1 X168.597 Y92.845 E.03213
G1 X168.597 Y159.768 E2.20961
G1 X168.533 Y160.031 E.00894
G1 X168.334 Y160.251 E.00979
G1 X168.093 Y160.339 E.00847
G1 X167.814 Y160.305 E.00928
G1 X167.614 Y160.175 E.00788
G1 X99.825 Y92.386 E3.1653
G1 X99.679 Y92.136 E.00956
G1 X99.662 Y91.903 E.00771
G1 X99.691 Y91.821 E.00287
G1 X100.073 Y91.909 F9000
;TYPE:External perimeter
;WIDTH:0.419999
G1 F3600
G1 X100.123 Y91.825 E.00307
G1 X100.232 Y91.79 E.00359
G1 X168.021 Y91.79 E2.12547
G1 X168.158 Y91.848 E.00466
G1 X168.21 Y91.979 E.00442
G1 X168.21 Y159.768 E2.12547
G1 X168.148 Y159.907 E.00477
G1 X167.996 Y159.954 E.00499
G1 X167.888 Y159.901 E.00377
G1 X100.099 Y92.112 E3.00587
G1 X100.048 Y91.961 E.005
G1 E-3.5
;WIPE_START
G1 F7200
G1 X100.073 Y91.909 E-.02741
G1 X100.123 Y91.825 E-.04643
G1 X100.232 Y91.79 E-.05438
G1 X103.12 Y91.79 E-1.37178
;WIPE_END
G1 X89.68 Y84.374 F9000
G1 E5 F2400
;TYPE:Perimeter
;WIDTH:0.439999
G1 F3600
G1 X89.603 Y84.471 E.00409
G1 X88.999 Y84.896 E.02438
G1 X88.482 Y85.252 E.02073
G1 X88.167 Y85.395 E.01142
G1 X88.047 Y85.417 E.00403
G1 X86.801 Y85.569 E.04144
G1 X86.434 Y85.543 E.01215
G1 X85.166 Y85.067 E.04472
G1 X84.849 Y84.871 E.01231
G1 X83.95 Y83.864 E.04457
G1 X83.771 Y83.568 E.01142
G1 X83.433 Y82.233 E.04547
G1 X83.412 Y81.882 E.01161
G1 X83.734 Y80.549 E.04528
G1 X83.87 Y80.24 E.01115
G1 X83.95 Y80.136 E.00433
G1 X84.782 Y79.197 E.04142
G1 X85.017 Y79.004 E.01004
G1 X86.339 Y78.488 E.04686
G1 X86.684 Y78.424 E.01159
G1 X88.047 Y78.583 E.04531
G1 X88.28 Y78.641 E.00793
G1 X88.482 Y78.748 E.00755
G1 X89.515 Y79.461 E.04144
G1 X89.747 Y79.686 E.01067
G1 X89.824 Y79.809 E.00479
G1 X90.407 Y80.92 E.04143
G1 X90.515 Y81.293 E.01282
G1 X90.519 Y82.628 E.04408
G1 X90.447 Y82.994 E.01232
G1 X89.824 Y84.191 E.04455
G1 X89.717 Y84.327 E.00571
G1 X89.381 Y84.109 F9000
G1 F3600
G1 X89.29 Y84.213 E.00456
G1 X88.257 Y84.925 E.04142
G1 X87.999 Y85.023 E.00911
G1 X86.753 Y85.174 E.04144
G1 X86.48 Y85.141 E.00908
G1 X85.306 Y84.696 E.04145
G1 X85.08 Y84.54 E.00907
G1 X84.247 Y83.6 E.04147
G1 X84.119 Y83.356 E.0091
G1 X83.819 Y82.138 E.04142
G1 X83.819 Y81.862 E.00911
G1 X84.119 Y80.644 E.04142
G1 X84.247 Y80.4 E.0091
G1 X85.08 Y79.46 E.04147
G1 X85.306 Y79.304 E.00907
G1 X86.48 Y78.859 E.04145
G1 X86.753 Y78.826 E.00908
G1 X87.999 Y78.977 E.04144
G1 X88.257 Y79.075 E.00911
G1 X89.29 Y79.787 E.04142
G1 X89.472 Y79.994 E.0091
G1 X90.056 Y81.105 E.04144
G1 X90.122 Y81.372 E.00908
G1 X90.122 Y82.628 E.04147
G1 X90.056 Y82.895 E.00908
G1 X89.472 Y84.006 E.04144
G1 X89.421 Y84.064 E.00255
G1 X89.092 Y83.854 F9000
;TYPE:External perimeter
;WIDTH:0.419999
G1 F3600
G1 X88.553 Y84.25 E.02097
G1 X88.037 Y84.607 E.01967
G1 X87.953 Y84.639 E.00282
G1 X86.707 Y84.79 E.03935
G1 X86.617 Y84.779 E.00284
G1 X85.444 Y84.334 E.03934
G1 X85.095 Y83.974 E.01572
G1 X84.537 Y83.344 E.02639
G1 X84.495 Y83.264 E.00283
G1 X84.195 Y82.045 E.03936
G1 X84.195 Y81.955 E.00282
G1 X84.495 Y80.736 E.03936
G1 X84.537 Y80.656 E.00283
G1 X85.369 Y79.717 E.03934
G1 X85.444 Y79.666 E.00284
G1 X86.617 Y79.221 E.03934
G1 X86.707 Y79.21 E.00284
G1 X87.953 Y79.361 E.03935
G1 X88.037 Y79.393 E.00282
G1 X89.07 Y80.106 E.03935
G1 X89.13 Y80.174 E.00284
G1 X89.713 Y81.285 E.03934
G1 X89.734 Y82.628 E.04211
G1 X89.135 Y83.815 E.04169
G1 E-3.5
;WIPE_START
G1 F7200
G1 X89.092 Y83.854 E-.02757
G1 X88.553 Y84.25 E-.3177
G1 X88.037 Y84.607 E-.29804
G1 X87.953 Y84.639 E-.0427
G1 X86.707 Y84.79 E-.59618
G1 X86.617 Y84.779 E-.04307
G1 X86.273 Y84.649 E-.17474
;WIPE_END
G1 X174.423 Y82 F9000
G1 E5 F2400
;TYPE:Perimeter
;WIDTH:0.439999
G1 F3600
G1 X174.433 Y81.767 E.0077
G1 X174.734 Y80.549 E.04142
G1 X174.87 Y80.24 E.01115
G1 X175.782 Y79.197 E.04575
G1 X176.017 Y79.004 E.01004
G1 X177.339 Y78.488 E.04686
G1 X177.684 Y78.424 E.01159
G1 X177.801 Y78.431 E.00387
G1 X179.047 Y78.583 E.04144
G1 X179.28 Y78.641 E.00793
G1 X179.482 Y78.748 E.00755
G1 X180.515 Y79.461 E.04144
G1 X180.734 Y79.668 E.00995
G1 X180.824 Y79.809 E.00552
G1 X181.407 Y80.92 E.04143
G1 X181.49 Y81.136 E.00764
G1 X181.519 Y81.372 E.00785
G1 X181.519 Y82.628 E.04147
G1 X181.49 Y82.864 E.00785
G1 X181.407 Y83.08 E.00764
G1 X180.824 Y84.191 E.04143
G1 X180.629 Y84.447 E.01063
G1 X179.482 Y85.252 E.04627
G1 X179.148 Y85.4 E.01206
G1 X177.801 Y85.569 E.04482
G1 X177.427 Y85.541 E.01238
G1 X176.166 Y85.067 E.04448
G1 X175.855 Y84.877 E.01203
G1 X174.95 Y83.864 E.04485
G1 X174.763 Y83.547 E.01215
G1 X174.417 Y82.15 E.04752
G1 X174.421 Y82.06 E.00297
G1 X174.819 Y82 F9000
G1 F3600
G1 X174.819 Y81.862 E.00456
G1 X175.119 Y80.644 E.04142
G1 X175.247 Y80.4 E.0091
G1 X176.08 Y79.46 E.04147
G1 X176.306 Y79.304 E.00907
G1 X177.48 Y78.859 E.04145
G1 X177.753 Y78.826 E.00908
G1 X178.999 Y78.977 E.04144
G1 X179.257 Y79.075 E.00911
G1 X180.29 Y79.788 E.04144
G1 X180.472 Y79.994 E.00908
G1 X181.056 Y81.105 E.04144
G1 X181.122 Y81.372 E.00908
G1 X181.122 Y82.628 E.04147
G1 X181.056 Y82.895 E.00908
G1 X180.472 Y84.006 E.04144
G1 X180.29 Y84.213 E.0091
G1 X179.257 Y84.925 E.04142
G1 X178.999 Y85.023 E.00911
G1 X177.753 Y85.174 E.04144
G1 X177.48 Y85.141 E.00908
G1 X176.306 Y84.696 E.04145
G1 X176.08 Y84.54 E.00907
G1 X175.247 Y83.6 E.04147
G1 X175.119 Y83.356 E.0091
G1 X174.819 Y82.138 E.04142
G1 X174.819 Y82.06 E.00258
G1 X175.189 Y82 F9000
;TYPE:External perimeter
;WIDTH:0.419999
G1 F3600
G1 X175.195 Y81.955 E.00142
G1 X175.495 Y80.736 E.03936
G1 X175.537 Y80.656 E.00283
G1 X176.369 Y79.717 E.03934
G1 X176.444 Y79.666 E.00284
G1 X177.617 Y79.221 E.03934
G1 X177.707 Y79.21 E.00284
G1 X178.953 Y79.361 E.03935
G1 X179.037 Y79.393 E.00282
G1 X180.07 Y80.106 E.03935
G1 X180.13 Y80.174 E.00284
G1 X180.713 Y81.285 E.03934
G1 X180.734 Y81.372 E.00281
G1 X180.734 Y82.628 E.03938
G1 X180.713 Y82.715 E.00281
G1 X180.13 Y83.826 E.03934
G1 X180.07 Y83.894 E.00284
G1 X179.037 Y84.607 E.03935
G1 X178.953 Y84.639 E.00282
G1 X177.707 Y84.79 E.03935
G1 X176.444 Y84.334 E.0421
G1 X175.537 Y83.344 E.0421
G1 X175.305 Y82.493 E.02766
G1 X175.203 Y82.058 E.01401
G1 E-3.5
;WIPE_START
G1 F7200
G1 X175.189 Y82 E-.02834
G1 X175.195 Y81.955 E-.02156
G1 X175.495 Y80.736 E-.5963
G1 X175.537 Y80.656 E-.04292
G1 X176.369 Y79.717 E-.59592
G1 X176.444 Y79.666 E-.04308
G1 X176.782 Y79.538 E-.17188
;WIPE_END
G1 X177.854 Y143.526 F9000
G1 E5 F2400
;TYPE:Perimeter
;WIDTH:0.439999
G1 F3600
G1 X177.88 Y143.521 E.00087
G1 X178.242 Y143.525 E.01195
G1 X179.205 Y143.716 E.03241
G1 X179.555 Y143.861 E.01251
G1 X180.374 Y144.408 E.03252
G1 X180.642 Y144.676 E.01251
G1 X181.189 Y145.495 E.03252
G1 X181.334 Y145.845 E.01251
G1 X181.525 Y146.808 E.03241
G1 X181.544 Y146.998 E.0063
G1 X181.544 Y152.002 E.16522
G1 X181.334 Y153.155 E.0387
G1 X181.189 Y153.505 E.01251
G1 X180.642 Y154.324 E.03252
G1 X180.374 Y154.592 E.01251
G1 X179.555 Y155.139 E.03252
G1 X179.187 Y155.287 E.0131
G1 X178.12 Y155.479 E.0358
G1 X177.758 Y155.475 E.01195
G1 X176.795 Y155.284 E.03241
G1 X176.445 Y155.139 E.01251
G1 X175.626 Y154.592 E.03252
G1 X175.358 Y154.324 E.01251
G1 X174.811 Y153.505 E.03252
G1 X174.666 Y153.155 E.01251
G1 X174.475 Y152.192 E.03241
G1 X174.456 Y152.002 E.0063
G1 X174.456 Y146.998 E.16522
G1 X174.666 Y145.845 E.0387
G1 X174.811 Y145.495 E.01251
G1 X175.358 Y144.676 E.03252
G1 X175.626 Y144.408 E.01251
G1 X176.445 Y143.861 E.03252
G1 X176.813 Y143.713 E.0131
G1 X177.795 Y143.536 E.03295
G1 X177.893 Y143.922 F9000
G1 F3600
G1 X177.95 Y143.912 E.00191
G1 X178.164 Y143.914 E.00707
G1 X179.127 Y144.106 E.03242
G1 X179.335 Y144.191 E.00742
G1 X180.153 Y144.738 E.03249
G1 X180.312 Y144.897 E.00742
G1 X180.859 Y145.715 E.03249
G1 X180.944 Y145.923 E.00742
G1 X181.147 Y146.998 E.03612
G1 X181.147 Y152.002 E.16522
G1 X180.944 Y153.077 E.03612
G1 X180.859 Y153.285 E.00742
G1 X180.312 Y154.103 E.03249
G1 X180.153 Y154.262 E.00742
G1 X179.335 Y154.809 E.03249
G1 X179.117 Y154.896 E.00775
G1 X178.05 Y155.088 E.0358
G1 X177.836 Y155.086 E.00707
G1 X176.873 Y154.894 E.03242
G1 X176.665 Y154.809 E.00742
G1 X175.847 Y154.262 E.03249
G1 X175.688 Y154.103 E.00742
G1 X175.141 Y153.285 E.03249
G1 X175.056 Y153.077 E.00742
G1 X174.864 Y152.114 E.03242
G1 X174.853 Y146.998 E.16892
G1 X175.056 Y145.923 E.03612
G1 X175.141 Y145.715 E.00742
G1 X175.688 Y144.897 E.03249
G1 X175.847 Y144.738 E.00742
G1 X176.665 Y144.191 E.03249
G1 X176.883 Y144.104 E.00775
G1 X177.834 Y143.933 E.0319
G1 X177.931 Y144.309 F9000
;TYPE:External perimeter
;WIDTH:0.419999
G1 F3600
G1 X178.019 Y144.293 E.0028
G1 X179.052 Y144.485 E.03294
G1 X179.938 Y145.06 E.03312
G1 X180.537 Y145.93 E.03312
G1 X180.565 Y145.998 E.00231
G1 X180.76 Y146.998 E.03194
G1 X180.76 Y152.002 E.1569
G1 X180.565 Y153.002 E.03194
G1 X179.99 Y153.888 E.03312
G1 X179.12 Y154.487 E.03312
G1 X178.226 Y154.663 E.02857
G1 X177.911 Y154.706 E.00997
G1 X176.948 Y154.515 E.03078
G1 X176.062 Y153.94 E.03312
G1 X175.463 Y153.07 E.03312
G1 X175.244 Y152.039 E.03305
G1 X175.24 Y146.998 E.15806
G1 X175.435 Y145.998 E.03194
G1 X176.01 Y145.112 E.03312
G1 X176.88 Y144.513 E.03312
G1 X176.952 Y144.485 E.00242
G1 X177.872 Y144.319 E.02931
G1 E-3.5
;WIPE_START
G1 F7200
G1 X177.931 Y144.309 E-.02842
G1 X178.019 Y144.293 E-.04249
G1 X179.052 Y144.485 E-.49908
G1 X179.938 Y145.06 E-.50171
G1 X180.449 Y145.803 E-.4283
;WIPE_END
G1 X177.855 Y168.54 F9000
G1 E5 F2400
;TYPE:Perimeter
;WIDTH:0.439999
G1 F3600
G1 X178.13 Y168.509 E.00914
G1 X178.895 Y168.654 E.02571
G1 X179.435 Y168.793 E.01841
G1 X180.374 Y169.408 E.03706
G1 X180.642 Y169.676 E.01251
G1 X181.189 Y170.495 E.03252
G1 X181.334 Y170.845 E.01251
G1 X181.525 Y171.808 E.03241
G1 X181.544 Y171.998 E.0063
G1 X181.544 Y177.002 E.16522
G1 X181.334 Y178.155 E.0387
G1 X181.189 Y178.505 E.01251
G1 X180.642 Y179.324 E.03252
G1 X180.374 Y179.592 E.01251
G1 X179.555 Y180.139 E.03252
G1 X179.187 Y180.287 E.0131
G1 X178.116 Y180.48 E.03593
G1 X177.758 Y180.475 E.01182
G1 X176.795 Y180.284 E.03241
G1 X176.445 Y180.139 E.01251
G1 X175.626 Y179.592 E.03252
G1 X175.358 Y179.324 E.01251
G1 X174.811 Y178.505 E.03252
G1 X174.666 Y178.155 E.01251
G1 X174.475 Y177.192 E.03241
G1 X174.456 Y177.002 E.0063
G1 X174.456 Y171.998 E.16522
G1 X174.666 Y170.845 E.0387
G1 X174.811 Y170.495 E.01251
G1 X175.358 Y169.676 E.03252
G1 X175.626 Y169.408 E.01251
G1 X176.445 Y168.861 E.03252
G1 X176.801 Y168.715 E.0127
G1 X177.635 Y168.565 E.02798
G1 X177.796 Y168.547 E.00535
G1 X177.893 Y168.922 F9000
G1 F3600
G1 X177.95 Y168.912 E.00191
G1 X178.164 Y168.914 E.00707
G1 X179.127 Y169.106 E.03242
G1 X179.335 Y169.191 E.00742
G1 X180.153 Y169.738 E.03249
G1 X180.312 Y169.897 E.00742
G1 X180.859 Y170.715 E.03249
G1 X180.944 Y170.923 E.00742
G1 X181.136 Y171.886 E.03242
G1 X181.147 Y177.002 E.16892
G1 X180.944 Y178.077 E.03612
G1 X180.859 Y178.285 E.00742
G1 X180.312 Y179.103 E.03249
G1 X180.153 Y179.262 E.00742
G1 X179.335 Y179.809 E.03249
G1 X179.117 Y179.896 E.00775
G1 X178.047 Y180.088 E.03589
G1 X177.836 Y180.086 E.00697
G1 X176.873 Y179.894 E.03242
G1 X176.665 Y179.809 E.00742
G1 X175.847 Y179.262 E.03249
G1 X175.688 Y179.103 E.00742
G1 X175.141 Y178.285 E.03249
G1 X175.056 Y178.077 E.00742
G1 X174.853 Y177.002 E.03612
G1 X174.853 Y171.998 E.16522
G1 X175.056 Y170.923 E.03612
G1 X175.141 Y170.715 E.00742
G1 X175.688 Y169.897 E.03249
G1 X175.847 Y169.738 E.00742
G1 X176.665 Y169.191 E.03249
G1 X176.883 Y169.104 E.00775
G1 X177.834 Y168.933 E.0319
G1 X177.932 Y169.315 F9000
;TYPE:External perimeter
;WIDTH:0.419999
G1 F3600
G1 X178.089 Y169.294 E.00497
G1 X179.052 Y169.485 E.03078
G1 X179.938 Y170.06 E.03312
G1 X180.537 Y170.93 E.03312
G1 X180.756 Y171.961 E.03305
G1 X180.76 Y177.002 E.15806
G1 X180.565 Y178.002 E.03194
G1 X179.99 Y178.888 E.03312
G1 X179.12 Y179.487 E.03312
G1 X179.048 Y179.515 E.00242
G1 X177.98 Y179.707 E.03402
G1 X176.948 Y179.515 E.03291
G1 X176.062 Y178.94 E.03312
G1 X175.649 Y178.347 E.02266
G1 X175.435 Y178.002 E.01273
G1 X175.24 Y177.002 E.03194
G1 X175.24 Y171.998 E.1569
G1 X175.435 Y170.998 E.03194
G1 X176.01 Y170.112 E.03312
G1 X176.88 Y169.513 E.03312
G1 X177.774 Y169.337 E.02857
G1 X177.872 Y169.323 E.0031
G1 E-3.5
;WIPE_START
G1 F7200
G1 X177.932 Y169.315 E-.02875
G1 X178.089 Y169.294 E-.07524
G1 X179.052 Y169.485 E-.46634
G1 X179.938 Y170.06 E-.50171
G1 X180.449 Y170.802 E-.42796
;WIPE_END
G1 X168.412 Y187.006 F9000
G1 E5 F2400
;TYPE:Perimeter
;WIDTH:0.439999
G1 F7200
G1 X72.994 Y91.588 E4.4554
G1 X72.994 Y72.994 E.61392
G1 X187.006 Y72.994 E3.76436
G1 X187.006 Y76.784 E.12514
G1 X187.006 Y187.006 E3.63923
G1 X168.472 Y187.006 E.61194
G1 X168.247 Y187.403 F9000
G1 F7200
G1 X72.597 Y91.753 E4.46623
G1 X72.597 Y72.597 E.63248
G1 X187.403 Y72.597 E3.79058
G1 X187.403 Y76.784 E.13824
G1 X187.403 Y187.403 E3.65234
G1 X168.307 Y187.403 E.6305
G1 X168.087 Y187.79 F9000
;TYPE:External perimeter
;WIDTH:0.419999
G1 F3600
G1 X72.21 Y91.913 E4.25134
G1 X72.21 Y72.21 E.61777
G1 X187.79 Y72.21 E3.62392
G1 X187.79 Y76.784 E.14341
G1 X187.79 Y187.79 E3.48051
G1 X168.147 Y187.79 E.61589
G1 E-3.5
;WIPE_START
G1 F7200
G1 X168.087 Y187.79 E-.0285
G1 X165.896 Y185.599 E-1.4715
;WIPE_END
G1 X160.041 Y178.203 F9000
G1 E5 F2400
;TYPE:Internal infill
;WIDTH:0.44
G1 F7200
G1 X158.356 Y176.518 E.07868
G1 X179.305 Y155.569 E.97818
G1 X178.232 Y155.769 E.03604
G1 X186.7 Y164.238 E.39542
G1 X186.7 Y163.149 E.03596
G1 X180.627 Y169.221 E.28355
G1 X179.719 Y168.603 E.03626
G1 X179.414 Y168.454 E.01121
G1 X178.256 Y168.216 E.03903
G1 X177.936 Y168.205 E.01057
G1 X176.739 Y168.415 E.04013
G1 X176.167 Y168.679 E.0208
G1 X168.457 Y160.969 E.36001
G1 X167.998 Y161.046 E.01537
G1 X167.559 Y160.96 E.01477
G1 X167.288 Y160.816 E.01013
G1 X166.916 Y160.47 E.01677
G1 X154.612 Y172.774 E.57452
G1 X150.869 Y169.03 E.1748
G1 X163.173 Y156.727 E.57449
G1 X159.429 Y152.983 E.17482
G1 X147.125 Y165.287 E.57452
G1 X143.381 Y161.543 E.17482
G1 X155.685 Y149.239 E.57452
G1 X151.941 Y145.496 E.1748
G1 X139.638 Y157.799 E.57447
G1 X135.894 Y154.056 E.1748
G1 X148.198 Y141.752 E.57452
G1 X144.454 Y138.008 E.17482
G1 X132.15 Y150.312 E.57452
G1 X128.407 Y146.568 E.1748
G1 X140.71 Y134.264 E.57449
G1 X136.967 Y130.521 E.17477
G1 X124.663 Y142.825 E.57452
G1 X120.919 Y139.081 E.17482
G1 X133.223 Y126.777 E.57452
G1 X129.479 Y123.033 E.17482
G1 X117.175 Y135.337 E.57452
G1 X113.432 Y131.593 E.1748
G1 X125.736 Y119.29 E.57449
G1 X121.992 Y115.546 E.17482
G1 X109.688 Y127.85 E.57452
G1 X105.944 Y124.106 E.17482
G1 X118.248 Y111.802 E.57452
G1 X114.504 Y108.059 E.1748
G1 X102.201 Y120.362 E.57447
G1 X98.457 Y116.619 E.1748
G1 X110.761 Y104.315 E.57452
G1 X107.017 Y100.571 E.17482
G1 X94.713 Y112.875 E.57452
G1 X90.97 Y109.131 E.1748
G1 X103.273 Y96.827 E.57449
G1 X101.589 Y95.143 E.07863
G1 E-3.5 F3600
;WIPE_START
G1 F7200
G1 X103.273 Y96.827 E-1.13123
G1 X102.724 Y97.376 E-.36877
;WIPE_END
G1 X104.296 Y90.7 F9000
G1 E5 F2400
G1 F7200
G1 X101.913 Y90.7 E.07868
G1 X119.313 Y73.3 E.81247
G1 X118.224 Y73.3 E.03596
G1 X135.625 Y90.7 E.81249
G1 X139.35 Y90.7 E.12299
G1 X156.75 Y73.3 E.81247
G1 X155.661 Y73.3 E.03596
G1 X186.7 Y104.339 E1.44932
G1 X186.7 Y103.25 E.03596
G1 X169.3 Y120.65 E.81247
G1 X169.3 Y124.375 E.12299
G1 X186.7 Y141.776 E.81249
G1 X186.7 Y140.687 E.03596
G1 X181.627 Y145.76 E.23688
G1 X181.85 Y146.993 E.04137
G1 X181.85 Y148.121 E.03724
G1 E-3.5 F3600
;WIPE_START
G1 F7200
G1 X181.85 Y146.993 E-.5358
G1 X181.627 Y145.76 E-.59518
G1 X182.176 Y145.211 E-.36902
;WIPE_END
G1 X174.955 Y144.73 F9000
G1 E5 F2400
G1 F7200
G1 X175.269 Y144.305 E.01745
G1 X176.316 Y143.584 E.04197
G1 X186.7 Y133.199 E.48489
G1 X186.7 Y134.288 E.03596
G1 X169.3 Y116.888 E.81247
G1 X169.3 Y113.162 E.12302
G1 X186.7 Y95.762 E.81247
G1 X186.7 Y96.851 E.03596
G1 X163.149 Y73.3 E1.09968
G1 X164.238 Y73.3 E.03596
G1 X146.838 Y90.7 E.81247
G1 X143.112 Y90.7 E.12302
G1 X125.712 Y73.3 E.81247
G1 X126.801 Y73.3 E.03596
G1 X109.401 Y90.7 E.81247
G1 X105.675 Y90.7 E.12302
G1 X88.275 Y73.3 E.81247
G1 X89.364 Y73.3 E.03596
G1 X73.3 Y89.364 E.75008
G1 X73.3 Y88.275 E.03596
G1 X171.725 Y186.7 E4.59581
G1 X170.636 Y186.7 E.03596
G1 X176.75 Y180.587 E.28546
G1 X177.73 Y180.781 E.03298
G1 X178.164 Y180.781 E.01433
G1 X179.498 Y180.514 E.04492
G1 X180.126 Y180.126 E.02437
G1 X186.7 Y186.7 E.30696
G1 X185.611 Y186.7 E.03596
G1 X186.7 Y185.611 E.05085
G1 X186.7 Y183.229 E.07865
G1 E-3.5 F3600
;WIPE_START
G1 F7200
G1 X186.7 Y185.611 E-1.13145
G1 X186.151 Y186.16 E-.36855
;WIPE_END
G1 X169.3 Y155.704 F9000
G1 E5 F2400
G1 F7200
G1 X169.3 Y158.087 E.07868
G1 X174.334 Y153.053 E.23506
G1 X174.169 Y152.22 E.02804
G1 X174.15 Y151.688 E.01758
G1 X169.3 Y146.838 E.22646
G1 X169.3 Y143.112 E.12302
G1 X186.7 Y125.712 E.81247
G1 X186.7 Y126.801 E.03596
G1 X169.3 Y109.401 E.81247
G1 X169.3 Y105.675 E.12302
G1 X186.7 Y88.275 E.81247
G1 X186.7 Y89.364 E.03596
G1 X181.292 Y83.956 E.25252
G1 X181.787 Y82.938 E.03737
G1 X181.824 Y81.366 E.05192
G1 X181.681 Y80.784 E.01979
G1 X181.093 Y79.663 E.0418
G1 X180.746 Y79.254 E.01771
G1 X186.7 Y73.3 E.27801
G1 X186.7 Y74.389 E.03596
G1 X185.611 Y73.3 E.05085
G1 X183.229 Y73.3 E.07865
G1 E-3.5 F3600
;WIPE_START
G1 F7200
G1 X185.611 Y73.3 E-1.13145
G1 X186.16 Y73.849 E-.36855
;WIPE_END
G1 X163.192 Y90.7 F9000
G1 E5 F2400
G1 F7200
G1 X165.574 Y90.7 E.07865
G1 X148.174 Y73.3 E.81247
G1 X149.263 Y73.3 E.03596
G1 X131.863 Y90.7 E.81247
G1 X128.137 Y90.7 E.12302
G1 X110.737 Y73.3 E.81247
G1 X111.826 Y73.3 E.03596
G1 X83.482 Y101.644 E1.32348
G1 X87.226 Y105.388 E.17482
G1 X99.53 Y93.084 E.57452
G1 X99.186 Y92.714 E.01668
G1 X98.986 Y92.266 E.0162
G1 X98.954 Y92.019 E.00822
G1 X99.034 Y91.547 E.01581
G1 X90.687 Y83.2 E.38975
G1 X90.824 Y82.633 E.01926
G1 X90.806 Y81.154 E.04884
G1 X90.679 Y80.781 E.01301
G1 X90.229 Y79.922 E.03202
G1 X96.851 Y73.3 E.3092
G1 X95.762 Y73.3 E.03596
G1 X113.162 Y90.7 E.81247
G1 X116.888 Y90.7 E.12302
G1 X134.288 Y73.3 E.81247
G1 X133.199 Y73.3 E.03596
G1 X150.599 Y90.7 E.81247
G1 X154.325 Y90.7 E.12302
G1 X171.725 Y73.3 E.81247
G1 X170.636 Y73.3 E.03596
G1 X176.007 Y78.67 E.25077
G1 X175.556 Y78.991 E.01828
G1 X174.536 Y80.206 E.05238
G1 X174.114 Y81.804 E.05457
G1 X174.136 Y82.302 E.01646
G1 X174.532 Y83.787 E.05074
G1 X175.291 Y84.709 E.03943
G1 X168.924 Y91.076 E.2973
G1 X169.138 Y91.355 E.01161
G1 X169.251 Y91.626 E.00969
G1 X169.3 Y91.971 E.01151
G1 X169.3 Y94.426 E.08106
G1 X186.7 Y111.826 E.81247
G1 X186.7 Y110.737 E.03596
G1 X169.3 Y128.137 E.81247
G1 X169.3 Y131.863 E.12302
G1 X186.7 Y149.263 E.81247
G1 X186.7 Y148.174 E.03596
G1 X181.623 Y153.251 E.23706
G1 X181.85 Y151.9 E.04523
G1 X186.7 Y156.75 E.22646
G1 X186.7 Y155.661 E.03596
G1 X162.1 Y180.262 E1.14868
G1 X165.844 Y184.005 E.1748
G1 X174.15 Y175.699 E.38784
G1 X174.15 Y174.15 E.05114
G1 X85.534 Y85.534 E4.13779
G1 X84.887 Y85.264 E.02315
G1 X75.995 Y94.156 E.4152
G1 X79.738 Y97.9 E.1748
G1 X104.339 Y73.3 E1.14868
G1 X103.25 Y73.3 E.03596
G1 X120.65 Y90.7 E.81247
G1 X124.375 Y90.7 E.12299
G1 X141.776 Y73.3 E.81249
G1 X140.687 Y73.3 E.03596
G1 X158.087 Y90.7 E.81247
G1 X161.813 Y90.7 E.12302
G1 X179.213 Y73.3 E.81247
G1 X178.124 Y73.3 E.03596
G1 X186.7 Y81.876 E.40044
G1 X186.7 Y80.787 E.03596
G1 X169.3 Y98.188 E.81249
G1 X169.3 Y101.913 E.12299
G1 X186.7 Y119.313 E.81247
G1 X186.7 Y118.224 E.03596
G1 X169.3 Y135.625 E.81249
G1 X169.3 Y139.35 E.12299
G1 X174.844 Y144.895 E.25889
G1 X174.536 Y145.364 E.01853
G1 X169.3 Y150.599 E.24446
G1 X169.3 Y154.325 E.12302
G1 X186.7 Y171.725 E.81247
G1 X186.7 Y170.636 E.03596
G1 X181.85 Y175.486 E.22646
G1 X181.85 Y174.363 E.03708
G1 X186.7 Y179.213 E.22646
G1 X186.7 Y178.124 E.03596
G1 X178.124 Y186.7 E.40044
G1 X179.213 Y186.7 E.03596
G1 X73.3 Y80.787 E4.94545
G1 X73.3 Y81.876 E.03596
G1 X81.876 Y73.3 E.40044
G1 X80.787 Y73.3 E.03596
G1 X85.838 Y78.351 E.23585
G1 X85.053 Y78.648 E.02771
G1 X84.694 Y78.858 E.01373
G1 X83.536 Y80.206 E.05867
G1 X83.099 Y82.002 E.06103
G1 X83.408 Y83.408 E.04753
G1 X73.3 Y73.3 E.47198
G1 X74.389 Y73.3 E.03596
G1 X73.3 Y74.389 E.05085
G1 X73.3 Y76.771 E.07865
;LAYER_CHANGE
;Z:3.4
;HEIGHT:0.2
;BEFORE_LAYER_CHANGE
G92 E0
;3.4


G1 E-3.5 F3600
;WIPE_START
G1 F7200
G1 X73.3 Y74.389 E-1.13145
G1 X73.849 Y73.84 E-.36855
;WIPE_END
G1 Z3.4 F9000
;AFTER_LAYER_CHANGE
;3.4
G1 X99.35 Y91.614
G1 E5 F2400
;TYPE:Perimeter
;WIDTH:0.439999
G1 F7200
G1 X99.394 Y91.485 E.0045
G1 X99.603 Y91.237 E.01071
G1 X99.905 Y91.063 E.01151
G1 X100.232 Y91.006 E.01096
G1 X168.021 Y91.006 E2.23821
G1 X168.333 Y91.057 E.01044
G1 X168.647 Y91.234 E.0119
G1 X168.871 Y91.505 E.01161
G1 X168.977 Y91.799 E.01032
G1 X168.994 Y92.845 E.03454
G1 X168.994 Y159.768 E2.20961
G1 X168.925 Y160.127 E.01207
G1 X168.773 Y160.386 E.00992
G1 X168.517 Y160.605 E.01112
G1 X168.219 Y160.72 E.01055
G1 X167.84 Y160.723 E.01251
G1 X167.527 Y160.605 E.01104
G1 X167.334 Y160.455 E.00807
G1 X99.545 Y92.666 E3.1653
G1 X99.354 Y92.395 E.01095
G1 X99.265 Y92.08 E.01081
G1 X99.268 Y91.851 E.00756
G1 X99.33 Y91.671 E.00629
G1 X99.711 Y91.764 F9000
G1 F7200
G1 X99.74 Y91.681 E.0029
G1 X99.947 Y91.479 E.00955
G1 X100.232 Y91.403 E.00974
G1 X168.021 Y91.403 E2.23821
G1 X168.274 Y91.461 E.00857
G1 X168.485 Y91.637 E.00907
G1 X168.587 Y91.872 E.00846
G1 X168.597 Y92.845 E.03213
G1 X168.597 Y159.768 E2.20961
G1 X168.533 Y160.031 E.00894
G1 X168.334 Y160.251 E.00979
G1 X168.093 Y160.339 E.00847
G1 X167.814 Y160.305 E.00928
G1 X167.614 Y160.175 E.00788
G1 X99.825 Y92.386 E3.1653
G1 X99.679 Y92.136 E.00956
G1 X99.662 Y91.903 E.00771
G1 X99.691 Y91.821 E.00287
G1 X100.073 Y91.909 F9000
;TYPE:External perimeter
;WIDTH:0.419999
G1 F3600
G1 X100.123 Y91.825 E.00307
G1 X100.232 Y91.79 E.00359
G1 X168.021 Y91.79 E2.12547
G1 X168.158 Y91.848 E.00466
G1 X168.21 Y91.979 E.00442
G1 X168.21 Y159.768 E2.12547
G1 X168.148 Y159.907 E.00477
G1 X167.996 Y159.954 E.00499
G1 X167.888 Y159.901 E.00377
G1 X100.099 Y92.112 E3.00587
G1 X100.048 Y91.961 E.005
G1 E-3.5
;WIPE_START
G1 F7200
G1 X100.073 Y91.909 E-.02741
G1 X100.123 Y91.825 E-.04643
G1 X100.232 Y91.79 E-.05438
G1 X103.12 Y91.79 E-1.37178
;WIPE_END
G1 X89.68 Y84.374 F9000
G1 E5 F2400
;TYPE:Perimeter
;WIDTH:0.439999
G1 F3600
G1 X89.603 Y84.471 E.00409
G1 X88.999 Y84.896 E.02438
G1 X88.482 Y85.252 E.02073
G1 X88.167 Y85.395 E.01142
G1 X88.047 Y85.417 E.00403
G1 X86.801 Y85.569 E.04144
G1 X86.434 Y85.543 E.01215
G1 X85.166 Y85.067 E.04472
G1 X84.849 Y84.871 E.01231
G1 X83.95 Y83.864 E.04457
G1 X83.771 Y83.568 E.01142
G1 X83.433 Y82.233 E.04547
G1 X83.412 Y81.882 E.01161
G1 X83.734 Y80.549 E.04528
G1 X83.87 Y80.24 E.01115
G1 X83.95 Y80.136 E.00433
G1 X84.782 Y79.197 E.04142
G1 X85.017 Y79.004 E.01004
G1 X86.339 Y78.488 E.04686
G1 X86.684 Y78.424 E.01159
G1 X88.047 Y78.583 E.04531
G1 X88.28 Y78.641 E.00793
G1 X88.482 Y78.748 E.00755
G1 X89.515 Y79.461 E.04144
G1 X89.747 Y79.686 E.01067
G1 X89.824 Y79.809 E.00479
G1 X90.407 Y80.92 E.04143
G1 X90.515 Y81.293 E.01282
G1 X90.519 Y82.628 E.04408
G1 X90.447 Y82.994 E.01232
G1 X89.824 Y84.191 E.04455
G1 X89.717 Y84.327 E.00571
G1 X89.381 Y84.109 F9000
G1 F3600
G1 X89.29 Y84.213 E.00456
G1 X88.257 Y84.925 E.04142
G1 X87.999 Y85.023 E.00911
G1 X86.753 Y85.174 E.04144
G1 X86.48 Y85.141 E.00908
G1 X85.306 Y84.696 E.04145
G1 X85.08 Y84.54 E.00907
G1 X84.247 Y83.6 E.04147
G1 X84.119 Y83.356 E.0091
G1 X83.819 Y82.138 E.04142
G1 X83.819 Y81.862 E.00911
G1 X84.119 Y80.644 E.04142
G1 X84.247 Y80.4 E.0091
G1 X85.08 Y79.46 E.04147
G1 X85.306 Y79.304 E.00907
G1 X86.48 Y78.859 E.04145
G1 X86.753 Y78.826 E.00908
G1 X87.999 Y78.977 E.04144
G1 X88.257 Y79.075 E.00911
G1 X89.29 Y79.787 E.04142
G1 X89.472 Y79.994 E.0091
G1 X90.056 Y81.105 E.04144
G1 X90.122 Y81.372 E.00908
G1 X90.122 Y82.628 E.04147
G1 X90.056 Y82.895 E.00908
G1 X89.472 Y84.006 E.04144
G1 X89.421 Y84.064 E.00255
G1 X89.092 Y83.854 F9000
;TYPE:External perimeter
;WIDTH:0.419999
G1 F3600
G1 X88.553 Y84.25 E.02097
G1 X88.037 Y84.607 E.01967
G1 X87.953 Y84.639 E.00282
G1 X86.707 Y84.79 E.03935
G1 X86.617 Y84.779 E.00284
G1 X85.444 Y84.334 E.03934
G1 X85.095 Y83.974 E.01572
G1 X84.537 Y83.344 E.02639
G1 X84.495 Y83.264 E.00283
G1 X84.195 Y82.045 E.03936
G1 X84.195 Y81.955 E.00282
G1 X84.495 Y80.736 E.03936
G1 X84.537 Y80.656 E.00283
G1 X85.369 Y79.717 E.03934
G1 X85.444 Y79.666 E.00284
G1 X86.617 Y79.221 E.03934
G1 X86.707 Y79.21 E.00284
G1 X87.953 Y79.361 E.03935
G1 X88.037 Y79.393 E.00282
G1 X89.07 Y80.106 E.03935
G1 X89.13 Y80.174 E.00284
G1 X89.713 Y81.285 E.03934
G1 X89.734 Y82.628 E.04211
G1 X89.135 Y83.815 E.04169
G1 E-3.5
;WIPE_START
G1 F7200
G1 X89.092 Y83.854 E-.02757
G1 X88.553 Y84.25 E-.3177
G1 X88.037 Y84.607 E-.29804
G1 X87.953 Y84.639 E-.0427
G1 X86.707 Y84.79 E-.59618
G1 X86.617 Y84.779 E-.04307
G1 X86.273 Y84.649 E-.17474
;WIPE_END
G1 X174.423 Y82 F9000
G1 E5 F2400
;TYPE:Perimeter
;WIDTH:0.439999
G1 F3600
G1 X174.433 Y81.767 E.0077
G1 X174.734 Y80.549 E.04142
G1 X174.87 Y80.24 E.01115
G1 X175.782 Y79.197 E.04575
G1 X176.017 Y79.004 E.01004
G1 X177.339 Y78.488 E.04686
G1 X177.684 Y78.424 E.01159
G1 X177.801 Y78.431 E.00387
G1 X179.047 Y78.583 E.04144
G1 X179.28 Y78.641 E.00793
G1 X179.482 Y78.748 E.00755
G1 X180.515 Y79.461 E.04144
G1 X180.734 Y79.668 E.00995
G1 X180.824 Y79.809 E.00552
G1 X181.407 Y80.92 E.04143
G1 X181.49 Y81.136 E.00764
G1 X181.519 Y81.372 E.00785
G1 X181.519 Y82.628 E.04147
G1 X181.49 Y82.864 E.00785
G1 X181.407 Y83.08 E.00764
G1 X180.824 Y84.191 E.04143
G1 X180.629 Y84.447 E.01063
G1 X179.482 Y85.252 E.04627
G1 X179.148 Y85.4 E.01206
G1 X177.801 Y85.569 E.04482
G1 X177.427 Y85.541 E.01238
G1 X176.166 Y85.067 E.04448
G1 X175.855 Y84.877 E.01203
G1 X174.95 Y83.864 E.04485
G1 X174.763 Y83.547 E.01215
G1 X174.417 Y82.15 E.04752
G1 X174.421 Y82.06 E.00297
G1 X174.819 Y82 F9000
G1 F3600
G1 X174.819 Y81.862 E.00456
G1 X175.119 Y80.644 E.04142
G1 X175.247 Y80.4 E.0091
G1 X176.08 Y79.46 E.04147
G1 X176.306 Y79.304 E.00907
G1 X177.48 Y78.859 E.04145
G1 X177.753 Y78.826 E.00908
G1 X178.999 Y78.977 E.04144
G1 X179.257 Y79.075 E.00911
G1 X180.29 Y79.788 E.04144
G1 X180.472 Y79.994 E.00908
G1 X181.056 Y81.105 E.04144
G1 X181.122 Y81.372 E.00908
G1 X181.122 Y82.628 E.04147
G1 X181.056 Y82.895 E.00908
G1 X180.472 Y84.006 E.04144
G1 X180.29 Y84.213 E.0091
G1 X179.257 Y84.925 E.04142
G1 X178.999 Y85.023 E.00911
G1 X177.753 Y85.174 E.04144
G1 X177.48 Y85.141 E.00908
G1 X176.306 Y84.696 E.04145
G1 X176.08 Y84.54 E.00907
G1 X175.247 Y83.6 E.04147
G1 X175.119 Y83.356 E.0091
G1 X174.819 Y82.138 E.04142
G1 X174.819 Y82.06 E.00258
G1 X175.189 Y82 F9000
;TYPE:External perimeter
;WIDTH:0.419999
G1 F3600
G1 X175.195 Y81.955 E.00142
G1 X175.495 Y80.736 E.03936
G1 X175.537 Y80.656 E.00283
G1 X176.369 Y79.717 E.03934
G1 X176.444 Y79.666 E.00284
G1 X177.617 Y79.221 E.03934
G1 X177.707 Y79.21 E.00284
G1 X178.953 Y79.361 E.03935
G1 X179.037 Y79.393 E.00282
G1 X180.07 Y80.106 E.03935
G1 X180.13 Y80.174 E.00284
G1 X180.713 Y81.285 E.03934
G1 X180.734 Y81.372 E.00281
G1 X180.734 Y82.628 E.03938
G1 X180.713 Y82.715 E.00281
G1 X180.13 Y83.826 E.03934
G1 X180.07 Y83.894 E.00284
G1 X179.037 Y84.607 E.03935
G1 X178.953 Y84.639 E.00282
G1 X177.707 Y84.79 E.03935
G1 X176.444 Y84.334 E.0421
G1 X175.537 Y83.344 E.0421
G1 X175.305 Y82.493 E.02766
G1 X175.203 Y82.058 E.01401
G1 E-3.5
;WIPE_START
G1 F7200
G1 X175.189 Y82 E-.02834
G1 X175.195 Y81.955 E-.02156
G1 X175.495 Y80.736 E-.5963
G1 X175.537 Y80.656 E-.04292
G1 X176.369 Y79.717 E-.59592
G1 X176.444 Y79.666 E-.04308
G1 X176.782 Y79.538 E-.17188
;WIPE_END
G1 X177.854 Y143.526 F9000
G1 E5 F2400
;TYPE:Perimeter
;WIDTH:0.439999
G1 F3600
G1 X177.88 Y143.521 E.00087
G1 X178.242 Y143.525 E.01195
G1 X179.205 Y143.716 E.03241
G1 X179.555 Y143.861 E.01251
G1 X180.374 Y144.408 E.03252
G1 X180.642 Y144.676 E.01251
G1 X181.189 Y145.495 E.03252
G1 X181.334 Y145.845 E.01251
G1 X181.525 Y146.808 E.03241
G1 X181.544 Y146.998 E.0063
G1 X181.544 Y152.002 E.16522
G1 X181.334 Y153.155 E.0387
G1 X181.189 Y153.505 E.01251
G1 X180.642 Y154.324 E.03252
G1 X180.374 Y154.592 E.01251
G1 X179.555 Y155.139 E.03252
G1 X179.187 Y155.287 E.0131
G1 X178.12 Y155.479 E.0358
G1 X177.758 Y155.475 E.01195
G1 X176.795 Y155.284 E.03241
G1 X176.445 Y155.139 E.01251
G1 X175.626 Y154.592 E.03252
G1 X175.358 Y154.324 E.01251
G1 X174.811 Y153.505 E.03252
G1 X174.666 Y153.155 E.01251
G1 X174.475 Y152.192 E.03241
G1 X174.456 Y152.002 E.0063
G1 X174.456 Y146.998 E.16522
G1 X174.666 Y145.845 E.0387
G1 X174.811 Y145.495 E.01251
G1 X175.358 Y144.676 E.03252
G1 X175.626 Y144.408 E.01251
G1 X176.445 Y143.861 E.03252
G1 X176.813 Y143.713 E.0131
G1 X177.795 Y143.536 E.03295
G1 X177.893 Y143.922 F9000
G1 F3600
G1 X177.95 Y143.912 E.00191
G1 X178.164 Y143.914 E.00707
G1 X179.127 Y144.106 E.03242
G1 X179.335 Y144.191 E.00742
G1 X180.153 Y144.738 E.03249
G1 X180.312 Y144.897 E.00742
G1 X180.859 Y145.715 E.03249
G1 X180.944 Y145.923 E.00742
G1 X181.147 Y146.998 E.03612
G1 X181.147 Y152.002 E.16522
G1 X180.944 Y153.077 E.03612
G1 X180.859 Y153.285 E.00742
G1 X180.312 Y154.103 E.03249
G1 X180.153 Y154.262 E.00742
G1 X179.335 Y154.809 E.03249
G1 X179.117 Y154.896 E.00775
G1 X178.05 Y155.088 E.0358
G1 X177.836 Y155.086 E.00707
G1 X176.873 Y154.894 E.03242
G1 X176.665 Y154.809 E.00742
G1 X175.847 Y154.262 E.03249
G1 X175.688 Y154.103 E.00742
G1 X175.141 Y153.285 E.03249
G1 X175.056 Y153.077 E.00742
G1 X174.864 Y152.114 E.03242
G1 X174.853 Y146.998 E.16892
G1 X175.056 Y145.923 E.03612
G1 X175.141 Y145.715 E.00742
G1 X175.688 Y144.897 E.03249
G1 X175.847 Y144.738 E.00742
G1 X176.665 Y144.191 E.03249
G1 X176.883 Y144.104 E.00775
G1 X177.834 Y143.933 E.0319
G1 X177.931 Y144.309 F9000
;TYPE:External perimeter
;WIDTH:0.419999
G1 F3600
G1 X178.019 Y144.293 E.0028
G1 X179.052 Y144.485 E.03294
G1 X179.938 Y145.06 E.03312
G1 X180.537 Y145.93 E.03312
G1 X180.565 Y145.998 E.00231
G1 X180.76 Y146.998 E.03194
G1 X180.76 Y152.002 E.1569
G1 X180.565 Y153.002 E.03194
G1 X179.99 Y153.888 E.03312
G1 X179.12 Y154.487 E.03312
G1 X178.226 Y154.663 E.02857
G1 X177.911 Y154.706 E.00997
G1 X176.948 Y154.515 E.03078
G1 X176.062 Y153.94 E.03312
G1 X175.463 Y153.07 E.03312
G1 X175.244 Y152.039 E.03305
G1 X175.24 Y146.998 E.15806
G1 X175.435 Y145.998 E.03194
G1 X176.01 Y145.112 E.03312
G1 X176.88 Y144.513 E.03312
G1 X176.952 Y144.485 E.00242
G1 X177.872 Y144.319 E.02931
G1 E-3.5
;WIPE_START
G1 F7200
G1 X177.931 Y144.309 E-.02842
G1 X178.019 Y144.293 E-.04249
G1 X179.052 Y144.485 E-.49908
G1 X179.938 Y145.06 E-.50171
G1 X180.449 Y145.803 E-.4283
;WIPE_END
G1 X177.855 Y168.54 F9000
G1 E5 F2400
;TYPE:Perimeter
;WIDTH:0.439999
G1 F3600
G1 X178.13 Y168.509 E.00914
G1 X178.895 Y168.654 E.02571
G1 X179.435 Y168.793 E.01841
G1 X180.374 Y169.408 E.03706
G1 X180.642 Y169.676 E.01251
G1 X181.189 Y170.495 E.03252
G1 X181.334 Y170.845 E.01251
G1 X181.525 Y171.808 E.03241
G1 X181.544 Y171.998 E.0063
G1 X181.544 Y177.002 E.16522
G1 X181.334 Y178.155 E.0387
G1 X181.189 Y178.505 E.01251
G1 X180.642 Y179.324 E.03252
G1 X180.374 Y179.592 E.01251
G1 X179.555 Y180.139 E.03252
G1 X179.187 Y180.287 E.0131
G1 X178.116 Y180.48 E.03593
G1 X177.758 Y180.475 E.01182
G1 X176.795 Y180.284 E.03241
G1 X176.445 Y180.139 E.01251
G1 X175.626 Y179.592 E.03252
G1 X175.358 Y179.324 E.01251
G1 X174.811 Y178.505 E.03252
G1 X174.666 Y178.155 E.01251
G1 X174.475 Y177.192 E.03241
G1 X174.456 Y177.002 E.0063
G1 X174.456 Y171.998 E.16522
G1 X174.666 Y170.845 E.0387
G1 X174.811 Y170.495 E.01251
G1 X175.358 Y169.676 E.03252
G1 X175.626 Y169.408 E.01251
G1 X176.445 Y168.861 E.03252
G1 X176.801 Y168.715 E.0127
G1 X177.635 Y168.565 E.02798
G1 X177.796 Y168.547 E.00535
G1 X177.893 Y168.922 F9000
G1 F3600
G1 X177.95 Y168.912 E.00191
G1 X178.164 Y168.914 E.00707
G1 X179.127 Y169.106 E.03242
G1 X179.335 Y169.191 E.00742
G1 X180.153 Y169.738 E.03249
G1 X180.312 Y169.897 E.00742
G1 X180.859 Y170.715 E.03249
G1 X180.944 Y170.923 E.00742
G1 X181.136 Y171.886 E.03242
G1 X181.147 Y177.002 E.16892
G1 X180.944 Y178.077 E.03612
G1 X180.859 Y178.285 E.00742
G1 X180.312 Y179.103 E.03249
G1 X180.153 Y179.262 E.00742
G1 X179.335 Y179.809 E.03249
G1 X179.117 Y179.896 E.00775
G1 X178.047 Y180.088 E.03589
G1 X177.836 Y180.086 E.00697
G1 X176.873 Y179.894 E.03242
G1 X176.665 Y179.809 E.00742
G1 X175.847 Y179.262 E.03249
G1 X175.688 Y179.103 E.00742
G1 X175.141 Y178.285 E.03249
G1 X175.056 Y178.077 E.00742
G1 X174.853 Y177.002 E.03612
G1 X174.853 Y171.998 E.16522
G1 X175.056 Y170.923 E.03612
G1 X175.141 Y170.715 E.00742
G1 X175.688 Y169.897 E.03249
G1 X175.847 Y169.738 E.00742
G1 X176.665 Y169.191 E.03249
G1 X176.883 Y169.104 E.00775
G1 X177.834 Y168.933 E.0319
G1 X177.932 Y169.315 F9000
;TYPE:External perimeter
;WIDTH:0.419999
G1 F3600
G1 X178.089 Y169.294 E.00497
G1 X179.052 Y169.485 E.03078
G1 X179.938 Y170.06 E.03312
G1 X180.537 Y170.93 E.03312
G1 X180.756 Y171.961 E.03305
G1 X180.76 Y177.002 E.15806
G1 X180.565 Y178.002 E.03194
G1 X179.99 Y178.888 E.03312
G1 X179.12 Y179.487 E.03312
G1 X179.048 Y179.515 E.00242
G1 X177.98 Y179.707 E.03402
G1 X176.948 Y179.515 E.03291
G1 X176.062 Y178.94 E.03312
G1 X175.649 Y178.347 E.02266
G1 X175.435 Y178.002 E.01273
G1 X175.24 Y177.002 E.03194
G1 X175.24 Y171.998 E.1569
G1 X175.435 Y170.998 E.03194
G1 X176.01 Y170.112 E.03312
G1 X176.88 Y169.513 E.03312
G1 X177.774 Y169.337 E.02857
G1 X177.872 Y169.323 E.0031
G1 E-3.5
;WIPE_START
G1 F7200
G1 X177.932 Y169.315 E-.02875
G1 X178.089 Y169.294 E-.07524
G1 X179.052 Y169.485 E-.46634
G1 X179.938 Y170.06 E-.50171
G1 X180.449 Y170.802 E-.42796
;WIPE_END
G1 X168.412 Y187.006 F9000
G1 E5 F2400
;TYPE:Perimeter
;WIDTH:0.439999
G1 F7200
G1 X72.994 Y91.588 E4.4554
G1 X72.994 Y72.994 E.61392
G1 X187.006 Y72.994 E3.76436
G1 X187.006 Y76.784 E.12514
G1 X187.006 Y187.006 E3.63923
G1 X168.472 Y187.006 E.61194
G1 X168.247 Y187.403 F9000
G1 F7200
G1 X72.597 Y91.753 E4.46623
G1 X72.597 Y72.597 E.63248
G1 X187.403 Y72.597 E3.79058
G1 X187.403 Y76.784 E.13824
G1 X187.403 Y187.403 E3.65234
G1 X168.307 Y187.403 E.6305
G1 X168.087 Y187.79 F9000
;TYPE:External perimeter
;WIDTH:0.419999
G1 F3600
G1 X72.21 Y91.913 E4.25134
G1 X72.21 Y72.21 E.61777
G1 X187.79 Y72.21 E3.62392
G1 X187.79 Y76.784 E.14341
G1 X187.79 Y187.79 E3.48051
G1 X168.147 Y187.79 E.61589
G1 E-3.5
;WIPE_START
G1 F7200
G1 X168.087 Y187.79 E-.0285
G1 X165.896 Y185.599 E-1.4715
;WIPE_END
G1 X156.672 Y174.833 F9000
G1 E5 F2400
;TYPE:Internal infill
;WIDTH:0.44
G1 F7200
G1 X158.356 Y176.518 E.07866
G1 X179.305 Y155.569 E.97818
G1 X178.232 Y155.769 E.03604
G1 X186.7 Y164.238 E.39542
G1 X186.7 Y163.149 E.03596
G1 X180.627 Y169.221 E.28355
G1 X179.719 Y168.603 E.03626
G1 X179.414 Y168.454 E.01121
G1 X178.256 Y168.216 E.03903
G1 X177.936 Y168.205 E.01057
G1 X176.739 Y168.415 E.04013
G1 X176.167 Y168.679 E.0208
G1 X168.457 Y160.969 E.36001
G1 X167.998 Y161.046 E.01537
G1 X167.559 Y160.96 E.01477
G1 X167.288 Y160.816 E.01013
G1 X166.916 Y160.47 E.01677
G1 X154.612 Y172.774 E.57452
G1 X152.928 Y171.089 E.07866
G1 E-3.5 F3600
;WIPE_START
G1 F7200
G1 X154.612 Y172.774 E-1.13157
G1 X155.16 Y172.226 E-.36843
;WIPE_END
G1 X145.066 Y163.228 F9000
G1 E5 F2400
G1 F7200
G1 X143.381 Y161.543 E.07868
G1 X155.685 Y149.239 E.57452
G1 X151.941 Y145.496 E.1748
G1 X139.638 Y157.799 E.57447
G1 X135.894 Y154.056 E.1748
G1 X148.198 Y141.752 E.57452
G1 X144.454 Y138.008 E.17482
G1 X132.15 Y150.312 E.57452
G1 X130.466 Y148.627 E.07866
G1 E-3.5 F3600
;WIPE_START
G1 F7200
G1 X132.15 Y150.312 E-1.13157
G1 X132.698 Y149.764 E-.36843
;WIPE_END
G1 X119.235 Y137.396 F9000
G1 E5 F2400
G1 F7200
G1 X120.919 Y139.081 E.07866
G1 X133.223 Y126.777 E.57452
G1 X129.479 Y123.033 E.17482
G1 X117.175 Y135.337 E.57452
G1 X113.432 Y131.593 E.1748
G1 X125.736 Y119.29 E.57449
G1 X121.992 Y115.546 E.17482
G1 X109.688 Y127.85 E.57452
G1 X111.373 Y129.534 E.07866
G1 E-3.5 F3600
;WIPE_START
G1 F7200
G1 X109.688 Y127.85 E-1.13157
G1 X110.236 Y127.302 E-.36843
;WIPE_END
G1 X96.772 Y114.934 F9000
G1 E5 F2400
G1 F7200
G1 X98.457 Y116.619 E.07868
G1 X110.761 Y104.315 E.57452
G1 X114.504 Y108.059 E.1748
G1 X102.201 Y120.362 E.57447
G1 X105.944 Y124.106 E.1748
G1 X118.248 Y111.802 E.57452
G1 X119.933 Y113.487 E.07868
G1 E-3.5 F3600
;WIPE_START
G1 F7200
G1 X118.248 Y111.802 E-1.1319
G1 X117.7 Y112.35 E-.3681
;WIPE_END
G1 X108.702 Y102.256 F9000
G1 E5 F2400
G1 F7200
G1 X107.017 Y100.571 E.07868
G1 X94.713 Y112.875 E.57452
G1 X90.97 Y109.131 E.1748
G1 X103.273 Y96.827 E.57449
G1 X101.589 Y95.143 E.07863
G1 E-3.5 F3600
;WIPE_START
G1 F7200
G1 X103.273 Y96.827 E-1.13123
G1 X102.724 Y97.376 E-.36877
;WIPE_END
G1 X104.296 Y90.7 F9000
G1 E5 F2400
G1 F7200
G1 X101.913 Y90.7 E.07868
G1 X119.313 Y73.3 E.81247
G1 X118.224 Y73.3 E.03596
G1 X135.625 Y90.7 E.81249
G1 X139.35 Y90.7 E.12299
G1 X156.75 Y73.3 E.81247
G1 X155.661 Y73.3 E.03596
G1 X186.7 Y104.339 E1.44932
G1 X186.7 Y103.25 E.03596
G1 X169.3 Y120.65 E.81247
G1 X169.3 Y124.375 E.12299
G1 X186.7 Y141.776 E.81249
G1 X186.7 Y140.687 E.03596
G1 X181.627 Y145.76 E.23688
G1 X181.85 Y146.993 E.04137
G1 X181.85 Y148.121 E.03724
G1 E-3.5 F3600
;WIPE_START
G1 F7200
G1 X181.85 Y146.993 E-.5358
G1 X181.627 Y145.76 E-.59518
G1 X182.176 Y145.211 E-.36902
;WIPE_END
G1 X174.955 Y144.73 F9000
G1 E5 F2400
G1 F7200
G1 X175.269 Y144.305 E.01745
G1 X176.316 Y143.584 E.04197
G1 X186.7 Y133.199 E.48489
G1 X186.7 Y134.288 E.03596
G1 X169.3 Y116.888 E.81247
G1 X169.3 Y113.162 E.12302
G1 X186.7 Y95.762 E.81247
G1 X186.7 Y96.851 E.03596
G1 X163.149 Y73.3 E1.09968
G1 X164.238 Y73.3 E.03596
G1 X146.838 Y90.7 E.81247
G1 X143.112 Y90.7 E.12302
G1 X125.712 Y73.3 E.81247
G1 X126.801 Y73.3 E.03596
G1 X109.401 Y90.7 E.81247
G1 X105.675 Y90.7 E.12302
G1 X88.275 Y73.3 E.81247
G1 X89.364 Y73.3 E.03596
G1 X73.3 Y89.364 E.75008
G1 X73.3 Y88.275 E.03596
G1 X171.725 Y186.7 E4.59581
G1 X170.636 Y186.7 E.03596
G1 X176.75 Y180.587 E.28546
G1 X177.73 Y180.781 E.03298
G1 X178.164 Y180.781 E.01433
G1 X179.498 Y180.514 E.04492
G1 X180.126 Y180.126 E.02437
G1 X186.7 Y186.7 E.30696
G1 X185.611 Y186.7 E.03596
G1 X186.7 Y185.611 E.05085
G1 X186.7 Y183.229 E.07865
G1 E-3.5 F3600
;WIPE_START
G1 F7200
G1 X186.7 Y185.611 E-1.13145
G1 X186.151 Y186.16 E-.36855
;WIPE_END
G1 X135.282 Y128.836 F9000
G1 E5 F2400
G1 F7200
G1 X136.967 Y130.521 E.07868
G1 X124.663 Y142.825 E.57452
G1 X128.407 Y146.568 E.1748
G1 X140.71 Y134.264 E.57449
G1 X142.395 Y135.949 E.07868
G1 E-3.5 F3600
;WIPE_START
G1 F7200
G1 X140.71 Y134.264 E-1.1319
G1 X140.162 Y134.812 E-.3681
;WIPE_END
G1 X157.744 Y151.298 F9000
G1 E5 F2400
G1 F7200
G1 X159.429 Y152.983 E.07868
G1 X147.125 Y165.287 E.57452
G1 X150.869 Y169.03 E.1748
G1 X163.173 Y156.727 E.57449
G1 X164.857 Y158.411 E.07863
G1 E-3.5 F3600
;WIPE_START
G1 F7200
G1 X163.173 Y156.727 E-1.13123
G1 X162.624 Y157.276 E-.36877
;WIPE_END
G1 X169.3 Y155.704 F9000
G1 E5 F2400
G1 F7200
G1 X169.3 Y158.087 E.07868
G1 X174.334 Y153.053 E.23506
G1 X174.169 Y152.22 E.02804
G1 X174.15 Y151.688 E.01758
G1 X169.3 Y146.838 E.22646
G1 X169.3 Y143.112 E.12302
G1 X186.7 Y125.712 E.81247
G1 X186.7 Y126.801 E.03596
G1 X169.3 Y109.401 E.81247
G1 X169.3 Y105.675 E.12302
G1 X186.7 Y88.275 E.81247
G1 X186.7 Y89.364 E.03596
G1 X181.292 Y83.956 E.25252
G1 X181.787 Y82.938 E.03737
G1 X181.824 Y81.366 E.05192
G1 X181.681 Y80.784 E.01979
G1 X181.093 Y79.663 E.0418
G1 X180.746 Y79.254 E.01771
G1 X186.7 Y73.3 E.27801
G1 X186.7 Y74.389 E.03596
G1 X185.611 Y73.3 E.05085
G1 X183.229 Y73.3 E.07865
G1 E-3.5 F3600
;WIPE_START
G1 F7200
G1 X185.611 Y73.3 E-1.13145
G1 X186.16 Y73.849 E-.36855
;WIPE_END
G1 X163.192 Y90.7 F9000
G1 E5 F2400
G1 F7200
G1 X165.574 Y90.7 E.07865
G1 X148.174 Y73.3 E.81247
G1 X149.263 Y73.3 E.03596
G1 X131.863 Y90.7 E.81247
G1 X128.137 Y90.7 E.12302
G1 X110.737 Y73.3 E.81247
G1 X111.826 Y73.3 E.03596
G1 X83.482 Y101.644 E1.32348
G1 X87.226 Y105.388 E.17482
G1 X99.53 Y93.084 E.57452
G1 X99.186 Y92.714 E.01668
G1 X98.986 Y92.266 E.0162
G1 X98.954 Y92.019 E.00822
G1 X99.034 Y91.547 E.01581
G1 X90.687 Y83.2 E.38975
G1 X90.824 Y82.633 E.01926
G1 X90.806 Y81.154 E.04884
G1 X90.679 Y80.781 E.01301
G1 X90.229 Y79.922 E.03202
G1 X96.851 Y73.3 E.3092
G1 X95.762 Y73.3 E.03596
G1 X113.162 Y90.7 E.81247
G1 X116.888 Y90.7 E.12302
G1 X134.288 Y73.3 E.81247
G1 X133.199 Y73.3 E.03596
G1 X150.599 Y90.7 E.81247
G1 X154.325 Y90.7 E.12302
G1 X171.725 Y73.3 E.81247
G1 X170.636 Y73.3 E.03596
G1 X176.007 Y78.67 E.25077
G1 X175.556 Y78.991 E.01828
G1 X174.536 Y80.206 E.05238
G1 X174.114 Y81.804 E.05457
G1 X174.136 Y82.302 E.01646
G1 X174.532 Y83.787 E.05074
G1 X175.291 Y84.709 E.03943
G1 X168.924 Y91.076 E.2973
G1 X169.138 Y91.355 E.01161
G1 X169.251 Y91.626 E.00969
G1 X169.3 Y91.971 E.01151
G1 X169.3 Y94.426 E.08106
G1 X186.7 Y111.826 E.81247
G1 X186.7 Y110.737 E.03596
G1 X169.3 Y128.137 E.81247
G1 X169.3 Y131.863 E.12302
G1 X186.7 Y149.263 E.81247
G1 X186.7 Y148.174 E.03596
G1 X181.623 Y153.251 E.23706
G1 X181.85 Y151.9 E.04523
G1 X186.7 Y156.75 E.22646
G1 X186.7 Y155.661 E.03596
G1 X162.1 Y180.262 E1.14868
G1 X165.844 Y184.005 E.1748
G1 X174.15 Y175.699 E.38784
G1 X174.15 Y174.15 E.05114
G1 X85.534 Y85.534 E4.13779
G1 X84.887 Y85.264 E.02315
G1 X75.995 Y94.156 E.4152
G1 X79.738 Y97.9 E.1748
G1 X104.339 Y73.3 E1.14868
G1 X103.25 Y73.3 E.03596
G1 X120.65 Y90.7 E.81247
G1 X124.375 Y90.7 E.12299
G1 X141.776 Y73.3 E.81249
G1 X140.687 Y73.3 E.03596
G1 X158.087 Y90.7 E.81247
G1 X161.813 Y90.7 E.12302
G1 X179.213 Y73.3 E.81247
G1 X178.124 Y73.3 E.03596
G1 X186.7 Y81.876 E.40044
G1 X186.7 Y80.787 E.03596
G1 X169.3 Y98.188 E.81249
G1 X169.3 Y101.913 E.12299
G1 X186.7 Y119.313 E.81247
G1 X186.7 Y118.224 E.03596
G1 X169.3 Y135.625 E.81249
G1 X169.3 Y139.35 E.12299
G1 X174.844 Y144.895 E.25889
G1 X174.536 Y145.364 E.01853
G1 X169.3 Y150.599 E.24446
G1 X169.3 Y154.325 E.12302
G1 X186.7 Y171.725 E.81247
G1 X186.7 Y170.636 E.03596
G1 X181.85 Y175.486 E.22646
G1 X181.85 Y174.363 E.03708
G1 X186.7 Y179.213 E.22646
G1 X186.7 Y178.124 E.03596
G1 X178.124 Y186.7 E.40044
G1 X179.213 Y186.7 E.03596
G1 X73.3 Y80.787 E4.94545
G1 X73.3 Y81.876 E.03596
G1 X81.876 Y73.3 E.40044
G1 X80.787 Y73.3 E.03596
G1 X85.838 Y78.351 E.23585
G1 X85.053 Y78.648 E.02771
G1 X84.694 Y78.858 E.01373
G1 X83.536 Y80.206 E.05867
G1 X83.099 Y82.002 E.06103
G1 X83.408 Y83.408 E.04753
G1 X73.3 Y73.3 E.47198
G1 X74.389 Y73.3 E.03596
G1 X73.3 Y74.389 E.05085
G1 X73.3 Y76.771 E.07865
;LAYER_CHANGE
;Z:3.6
;HEIGHT:0.2
;BEFORE_LAYER_CHANGE
G92 E0
;3.6


G1 E-3.5 F3600
;WIPE_START
G1 F7200
G1 X73.3 Y74.389 E-1.13145
G1 X73.849 Y73.84 E-.36855
;WIPE_END
G1 Z3.6 F9000
;AFTER_LAYER_CHANGE
;3.6
G1 X99.35 Y91.614
G1 E5 F2400
;TYPE:Perimeter
;WIDTH:0.439999
G1 F7200
G1 X99.394 Y91.485 E.0045
G1 X99.603 Y91.237 E.01071
G1 X99.905 Y91.063 E.01151
G1 X100.232 Y91.006 E.01096
G1 X168.021 Y91.006 E2.23821
G1 X168.333 Y91.057 E.01044
G1 X168.647 Y91.234 E.0119
G1 X168.871 Y91.505 E.01161
G1 X168.977 Y91.799 E.01032
G1 X168.994 Y92.845 E.03454
G1 X168.994 Y159.768 E2.20961
G1 X168.925 Y160.127 E.01207
G1 X168.773 Y160.386 E.00992
G1 X168.517 Y160.605 E.01112
G1 X168.219 Y160.72 E.01055
G1 X167.84 Y160.723 E.01251
G1 X167.527 Y160.605 E.01104
G1 X167.334 Y160.455 E.00807
G1 X99.545 Y92.666 E3.1653
G1 X99.354 Y92.395 E.01095
G1 X99.265 Y92.08 E.01081
G1 X99.268 Y91.851 E.00756
G1 X99.33 Y91.671 E.00629
G1 X99.711 Y91.764 F9000
G1 F7200
G1 X99.74 Y91.681 E.0029
G1 X99.947 Y91.479 E.00955
G1 X100.232 Y91.403 E.00974
G1 X168.021 Y91.403 E2.23821
G1 X168.274 Y91.461 E.00857
G1 X168.485 Y91.637 E.00907
G1 X168.587 Y91.872 E.00846
G1 X168.597 Y92.845 E.03213
G1 X168.597 Y159.768 E2.20961
G1 X168.533 Y160.031 E.00894
G1 X168.334 Y160.251 E.00979
G1 X168.093 Y160.339 E.00847
G1 X167.814 Y160.305 E.00928
G1 X167.614 Y160.175 E.00788
G1 X99.825 Y92.386 E3.1653
G1 X99.679 Y92.136 E.00956
G1 X99.662 Y91.903 E.00771
G1 X99.691 Y91.821 E.00287
G1 X100.073 Y91.909 F9000
;TYPE:External perimeter
;WIDTH:0.419999
G1 F3600
G1 X100.123 Y91.825 E.00307
G1 X100.232 Y91.79 E.00359
G1 X168.021 Y91.79 E2.12547
G1 X168.158 Y91.848 E.00466
G1 X168.21 Y91.979 E.00442
G1 X168.21 Y159.768 E2.12547
G1 X168.148 Y159.907 E.00477
G1 X167.996 Y159.954 E.00499
G1 X167.888 Y159.901 E.00377
G1 X100.099 Y92.112 E3.00587
G1 X100.048 Y91.961 E.005
G1 E-3.5
;WIPE_START
G1 F7200
G1 X100.073 Y91.909 E-.02741
G1 X100.123 Y91.825 E-.04643
G1 X100.232 Y91.79 E-.05438
G1 X103.12 Y91.79 E-1.37178
;WIPE_END
G1 X89.68 Y84.374 F9000
G1 E5 F2400
;TYPE:Perimeter
;WIDTH:0.439999
G1 F3600
G1 X89.603 Y84.471 E.00409
G1 X88.999 Y84.896 E.02438
G1 X88.482 Y85.252 E.02073
G1 X88.167 Y85.395 E.01142
G1 X88.047 Y85.417 E.00403
G1 X86.801 Y85.569 E.04144
G1 X86.434 Y85.543 E.01215
G1 X85.166 Y85.067 E.04472
G1 X84.849 Y84.871 E.01231
G1 X83.95 Y83.864 E.04457
G1 X83.771 Y83.568 E.01142
G1 X83.433 Y82.233 E.04547
G1 X83.412 Y81.882 E.01161
G1 X83.734 Y80.549 E.04528
G1 X83.87 Y80.24 E.01115
G1 X83.95 Y80.136 E.00433
G1 X84.782 Y79.197 E.04142
G1 X85.017 Y79.004 E.01004
G1 X86.339 Y78.488 E.04686
G1 X86.684 Y78.424 E.01159
G1 X88.047 Y78.583 E.04531
G1 X88.28 Y78.641 E.00793
G1 X88.482 Y78.748 E.00755
G1 X89.515 Y79.461 E.04144
G1 X89.747 Y79.686 E.01067
G1 X89.824 Y79.809 E.00479
G1 X90.407 Y80.92 E.04143
G1 X90.515 Y81.293 E.01282
G1 X90.519 Y82.628 E.04408
G1 X90.447 Y82.994 E.01232
G1 X89.824 Y84.191 E.04455
G1 X89.717 Y84.327 E.00571
G1 X89.381 Y84.109 F9000
G1 F3600
G1 X89.29 Y84.213 E.00456
G1 X88.257 Y84.925 E.04142
G1 X87.999 Y85.023 E.00911
G1 X86.753 Y85.174 E.04144
G1 X86.48 Y85.141 E.00908
G1 X85.306 Y84.696 E.04145
G1 X85.08 Y84.54 E.00907
G1 X84.247 Y83.6 E.04147
G1 X84.119 Y83.356 E.0091
G1 X83.819 Y82.138 E.04142
G1 X83.819 Y81.862 E.00911
G1 X84.119 Y80.644 E.04142
G1 X84.247 Y80.4 E.0091
G1 X85.08 Y79.46 E.04147
G1 X85.306 Y79.304 E.00907
G1 X86.48 Y78.859 E.04145
G1 X86.753 Y78.826 E.00908
G1 X87.999 Y78.977 E.04144
G1 X88.257 Y79.075 E.00911
G1 X89.29 Y79.787 E.04142
G1 X89.472 Y79.994 E.0091
G1 X90.056 Y81.105 E.04144
G1 X90.122 Y81.372 E.00908
G1 X90.122 Y82.628 E.04147
G1 X90.056 Y82.895 E.00908
G1 X89.472 Y84.006 E.04144
G1 X89.421 Y84.064 E.00255
G1 X89.092 Y83.854 F9000
;TYPE:External perimeter
;WIDTH:0.419999
G1 F3600
G1 X88.553 Y84.25 E.02097
G1 X88.037 Y84.607 E.01967
G1 X87.953 Y84.639 E.00282
G1 X86.707 Y84.79 E.03935
G1 X86.617 Y84.779 E.00284
G1 X85.444 Y84.334 E.03934
G1 X85.095 Y83.974 E.01572
G1 X84.537 Y83.344 E.02639
G1 X84.495 Y83.264 E.00283
G1 X84.195 Y82.045 E.03936
G1 X84.195 Y81.955 E.00282
G1 X84.495 Y80.736 E.03936
G1 X84.537 Y80.656 E.00283
G1 X85.369 Y79.717 E.03934
G1 X85.444 Y79.666 E.00284
G1 X86.617 Y79.221 E.03934
G1 X86.707 Y79.21 E.00284
G1 X87.953 Y79.361 E.03935
G1 X88.037 Y79.393 E.00282
G1 X89.07 Y80.106 E.03935
G1 X89.13 Y80.174 E.00284
G1 X89.713 Y81.285 E.03934
G1 X89.734 Y82.628 E.04211
G1 X89.135 Y83.815 E.04169
G1 E-3.5
;WIPE_START
G1 F7200
G1 X89.092 Y83.854 E-.02757
G1 X88.553 Y84.25 E-.3177
G1 X88.037 Y84.607 E-.29804
G1 X87.953 Y84.639 E-.0427
G1 X86.707 Y84.79 E-.59618
G1 X86.617 Y84.779 E-.04307
G1 X86.273 Y84.649 E-.17474
;WIPE_END
G1 X174.423 Y82 F9000
G1 E5 F2400
;TYPE:Perimeter
;WIDTH:0.439999
G1 F3600
G1 X174.433 Y81.767 E.0077
G1 X174.734 Y80.549 E.04142
G1 X174.87 Y80.24 E.01115
G1 X174.95 Y80.136 E.00433
G1 X175.782 Y79.197 E.04142
G1 X176.017 Y79.004 E.01004
G1 X176.166 Y78.933 E.00545
G1 X177.339 Y78.488 E.04142
G1 X177.684 Y78.424 E.01159
G1 X179.047 Y78.583 E.04531
G1 X179.28 Y78.641 E.00793
G1 X179.482 Y78.748 E.00755
G1 X180.515 Y79.461 E.04144
G1 X180.734 Y79.668 E.00995
G1 X180.824 Y79.809 E.00552
G1 X181.407 Y80.92 E.04143
G1 X181.49 Y81.136 E.00764
G1 X181.519 Y81.372 E.00785
G1 X181.519 Y82.628 E.04147
G1 X181.49 Y82.864 E.00785
G1 X181.407 Y83.08 E.00764
G1 X180.824 Y84.191 E.04143
G1 X180.629 Y84.447 E.01063
G1 X179.482 Y85.252 E.04627
G1 X179.148 Y85.4 E.01206
G1 X179.047 Y85.417 E.00338
G1 X177.801 Y85.569 E.04144
G1 X177.427 Y85.541 E.01238
G1 X176.166 Y85.067 E.04448
G1 X175.855 Y84.877 E.01203
G1 X174.95 Y83.864 E.04485
G1 X174.763 Y83.547 E.01215
G1 X174.417 Y82.15 E.04752
G1 X174.421 Y82.06 E.00297
G1 X174.819 Y82 F9000
G1 F3600
G1 X174.819 Y81.862 E.00456
G1 X175.119 Y80.644 E.04142
G1 X175.247 Y80.4 E.0091
G1 X176.08 Y79.46 E.04147
G1 X176.306 Y79.304 E.00907
G1 X177.48 Y78.859 E.04145
G1 X177.753 Y78.826 E.00908
G1 X178.999 Y78.977 E.04144
G1 X179.257 Y79.075 E.00911
G1 X180.29 Y79.787 E.04142
G1 X180.472 Y79.994 E.0091
G1 X181.056 Y81.105 E.04144
G1 X181.122 Y81.372 E.00908
G1 X181.122 Y82.628 E.04147
G1 X181.056 Y82.895 E.00908
G1 X180.472 Y84.006 E.04144
G1 X180.29 Y84.213 E.0091
G1 X179.257 Y84.925 E.04142
G1 X178.999 Y85.023 E.00911
G1 X177.753 Y85.174 E.04144
G1 X177.48 Y85.141 E.00908
G1 X176.306 Y84.696 E.04145
G1 X176.08 Y84.54 E.00907
G1 X175.247 Y83.6 E.04147
G1 X175.119 Y83.356 E.0091
G1 X174.819 Y82.138 E.04142
G1 X174.819 Y82.06 E.00258
G1 X175.189 Y82 F9000
;TYPE:External perimeter
;WIDTH:0.419999
G1 F3600
G1 X175.495 Y80.736 E.04078
G1 X175.537 Y80.656 E.00283
G1 X176.369 Y79.717 E.03934
G1 X176.444 Y79.666 E.00284
G1 X177.617 Y79.221 E.03934
G1 X177.707 Y79.21 E.00284
G1 X178.953 Y79.361 E.03935
G1 X179.037 Y79.393 E.00282
G1 X180.07 Y80.106 E.03935
G1 X180.13 Y80.174 E.00284
G1 X180.713 Y81.285 E.03934
G1 X180.734 Y81.372 E.00281
G1 X180.734 Y82.628 E.03938
G1 X180.713 Y82.715 E.00281
G1 X180.13 Y83.826 E.03934
G1 X180.07 Y83.894 E.00284
G1 X179.037 Y84.607 E.03935
G1 X178.953 Y84.639 E.00282
G1 X177.707 Y84.79 E.03935
G1 X177.03 Y84.557 E.02245
G1 X176.444 Y84.334 E.01966
G1 X175.537 Y83.344 E.0421
G1 X175.204 Y82.058 E.04165
G1 E-3.5
;WIPE_START
G1 F7200
G1 X175.189 Y82 E-.02846
G1 X175.495 Y80.736 E-.61774
G1 X175.537 Y80.656 E-.04292
G1 X176.369 Y79.717 E-.59592
G1 X176.444 Y79.666 E-.04308
G1 X176.782 Y79.538 E-.17188
;WIPE_END
G1 X177.854 Y143.526 F9000
G1 E5 F2400
;TYPE:Perimeter
;WIDTH:0.439999
G1 F3600
G1 X177.88 Y143.521 E.00087
G1 X178.242 Y143.525 E.01195
G1 X179.205 Y143.716 E.03241
G1 X179.555 Y143.861 E.01251
G1 X180.374 Y144.408 E.03252
G1 X180.642 Y144.676 E.01251
G1 X181.189 Y145.495 E.03252
G1 X181.334 Y145.845 E.01251
G1 X181.525 Y146.808 E.03241
G1 X181.544 Y146.998 E.0063
G1 X181.544 Y152.002 E.16522
G1 X181.334 Y153.155 E.0387
G1 X181.189 Y153.505 E.01251
G1 X180.642 Y154.324 E.03252
G1 X180.374 Y154.592 E.01251
G1 X179.555 Y155.139 E.03252
G1 X179.187 Y155.287 E.0131
G1 X178.12 Y155.479 E.0358
G1 X177.758 Y155.475 E.01195
G1 X176.795 Y155.284 E.03241
G1 X176.445 Y155.139 E.01251
G1 X175.626 Y154.592 E.03252
G1 X175.358 Y154.324 E.01251
G1 X174.811 Y153.505 E.03252
G1 X174.666 Y153.155 E.01251
G1 X174.475 Y152.192 E.03241
G1 X174.456 Y152.002 E.0063
G1 X174.456 Y146.998 E.16522
G1 X174.666 Y145.845 E.0387
G1 X174.811 Y145.495 E.01251
G1 X175.358 Y144.676 E.03252
G1 X175.626 Y144.408 E.01251
G1 X176.445 Y143.861 E.03252
G1 X176.813 Y143.713 E.0131
G1 X177.795 Y143.536 E.03295
G1 X177.893 Y143.922 F9000
G1 F3600
G1 X177.95 Y143.912 E.00191
G1 X178.164 Y143.914 E.00707
G1 X179.127 Y144.106 E.03242
G1 X179.335 Y144.191 E.00742
G1 X180.153 Y144.738 E.03249
G1 X180.312 Y144.897 E.00742
G1 X180.859 Y145.715 E.03249
G1 X180.944 Y145.923 E.00742
G1 X181.147 Y146.998 E.03612
G1 X181.147 Y152.002 E.16522
G1 X180.944 Y153.077 E.03612
G1 X180.859 Y153.285 E.00742
G1 X180.312 Y154.103 E.03249
G1 X180.153 Y154.262 E.00742
G1 X179.335 Y154.809 E.03249
G1 X179.117 Y154.896 E.00775
G1 X178.05 Y155.088 E.0358
G1 X177.836 Y155.086 E.00707
G1 X176.873 Y154.894 E.03242
G1 X176.665 Y154.809 E.00742
G1 X175.847 Y154.262 E.03249
G1 X175.688 Y154.103 E.00742
G1 X175.141 Y153.285 E.03249
G1 X175.056 Y153.077 E.00742
G1 X174.853 Y152.002 E.03612
G1 X174.853 Y146.998 E.16522
G1 X175.056 Y145.923 E.03612
G1 X175.141 Y145.715 E.00742
G1 X175.688 Y144.897 E.03249
G1 X175.847 Y144.738 E.00742
G1 X176.665 Y144.191 E.03249
G1 X176.883 Y144.104 E.00775
G1 X177.834 Y143.933 E.0319
G1 X177.931 Y144.309 F9000
;TYPE:External perimeter
;WIDTH:0.419999
G1 F3600
G1 X178.019 Y144.293 E.0028
G1 X179.052 Y144.485 E.03294
G1 X179.938 Y145.06 E.03312
G1 X180.537 Y145.93 E.03312
G1 X180.76 Y146.998 E.03421
G1 X180.76 Y152.002 E.1569
G1 X180.565 Y153.002 E.03194
G1 X179.99 Y153.888 E.03312
G1 X179.12 Y154.487 E.03312
G1 X178.226 Y154.663 E.02857
G1 X177.911 Y154.706 E.00997
G1 X176.948 Y154.515 E.03078
G1 X176.062 Y153.94 E.03312
G1 X175.463 Y153.07 E.03312
G1 X175.24 Y152.002 E.03421
G1 X175.24 Y146.998 E.1569
G1 X175.435 Y145.998 E.03194
G1 X176.01 Y145.112 E.03312
G1 X176.88 Y144.513 E.03312
G1 X176.952 Y144.485 E.00242
G1 X177.872 Y144.319 E.02931
G1 E-3.5
;WIPE_START
G1 F7200
G1 X177.931 Y144.309 E-.02842
G1 X178.019 Y144.293 E-.04249
G1 X179.052 Y144.485 E-.49908
G1 X179.938 Y145.06 E-.50171
G1 X180.449 Y145.803 E-.4283
;WIPE_END
G1 X177.855 Y168.54 F9000
G1 E5 F2400
;TYPE:Perimeter
;WIDTH:0.439999
G1 F3600
G1 X178.13 Y168.509 E.00914
G1 X178.895 Y168.654 E.02571
G1 X179.435 Y168.793 E.01841
G1 X180.374 Y169.408 E.03706
G1 X180.642 Y169.676 E.01251
G1 X181.189 Y170.495 E.03252
G1 X181.334 Y170.845 E.01251
G1 X181.525 Y171.808 E.03241
G1 X181.544 Y171.998 E.0063
G1 X181.544 Y177.002 E.16522
G1 X181.334 Y178.155 E.0387
G1 X181.189 Y178.505 E.01251
G1 X180.642 Y179.324 E.03252
G1 X180.374 Y179.592 E.01251
G1 X179.555 Y180.139 E.03252
G1 X179.187 Y180.287 E.0131
G1 X178.116 Y180.48 E.03593
G1 X177.758 Y180.475 E.01182
G1 X176.795 Y180.284 E.03241
G1 X176.445 Y180.139 E.01251
G1 X175.626 Y179.592 E.03252
G1 X175.358 Y179.324 E.01251
G1 X174.811 Y178.505 E.03252
G1 X174.666 Y178.155 E.01251
G1 X174.475 Y177.192 E.03241
G1 X174.456 Y177.002 E.0063
G1 X174.456 Y171.998 E.16522
G1 X174.666 Y170.845 E.0387
G1 X174.811 Y170.495 E.01251
G1 X175.358 Y169.676 E.03252
G1 X175.626 Y169.408 E.01251
G1 X176.445 Y168.861 E.03252
G1 X176.801 Y168.715 E.0127
G1 X177.635 Y168.565 E.02798
G1 X177.796 Y168.547 E.00535
G1 X177.893 Y168.922 F9000
G1 F3600
G1 X177.95 Y168.912 E.00191
G1 X178.164 Y168.914 E.00707
G1 X179.127 Y169.106 E.03242
G1 X179.335 Y169.191 E.00742
G1 X180.153 Y169.738 E.03249
G1 X180.312 Y169.897 E.00742
G1 X180.859 Y170.715 E.03249
G1 X180.944 Y170.923 E.00742
G1 X181.136 Y171.886 E.03242
G1 X181.147 Y177.002 E.16892
G1 X180.944 Y178.077 E.03612
G1 X180.859 Y178.285 E.00742
G1 X180.312 Y179.103 E.03249
G1 X180.153 Y179.262 E.00742
G1 X179.335 Y179.809 E.03249
G1 X179.117 Y179.896 E.00775
G1 X178.047 Y180.088 E.03589
G1 X177.836 Y180.086 E.00697
G1 X176.873 Y179.894 E.03242
G1 X176.665 Y179.809 E.00742
G1 X175.847 Y179.262 E.03249
G1 X175.688 Y179.103 E.00742
G1 X175.141 Y178.285 E.03249
G1 X175.056 Y178.077 E.00742
G1 X174.853 Y177.002 E.03612
G1 X174.853 Y171.998 E.16522
G1 X175.056 Y170.923 E.03612
G1 X175.141 Y170.715 E.00742
G1 X175.688 Y169.897 E.03249
G1 X175.847 Y169.738 E.00742
G1 X176.665 Y169.191 E.03249
G1 X176.883 Y169.104 E.00775
G1 X177.834 Y168.933 E.0319
G1 X177.932 Y169.315 F9000
;TYPE:External perimeter
;WIDTH:0.419999
G1 F3600
G1 X178.089 Y169.294 E.00497
G1 X179.052 Y169.485 E.03078
G1 X179.938 Y170.06 E.03312
G1 X180.537 Y170.93 E.03312
G1 X180.756 Y171.961 E.03305
G1 X180.76 Y177.002 E.15806
G1 X180.565 Y178.002 E.03194
G1 X179.99 Y178.888 E.03312
G1 X179.12 Y179.487 E.03312
G1 X179.048 Y179.515 E.00242
G1 X177.98 Y179.707 E.03402
G1 X176.948 Y179.515 E.03291
G1 X176.062 Y178.94 E.03312
G1 X175.649 Y178.347 E.02266
G1 X175.435 Y178.002 E.01273
G1 X175.24 Y177.002 E.03194
G1 X175.24 Y171.998 E.1569
G1 X175.435 Y170.998 E.03194
G1 X176.01 Y170.112 E.03312
G1 X176.88 Y169.513 E.03312
G1 X177.774 Y169.337 E.02857
G1 X177.872 Y169.323 E.0031
G1 E-3.5
;WIPE_START
G1 F7200
G1 X177.932 Y169.315 E-.02875
G1 X178.089 Y169.294 E-.07524
G1 X179.052 Y169.485 E-.46634
G1 X179.938 Y170.06 E-.50171
G1 X180.449 Y170.802 E-.42796
;WIPE_END
G1 X168.412 Y187.006 F9000
G1 E5 F2400
;TYPE:Perimeter
;WIDTH:0.439999
G1 F7200
G1 X72.994 Y91.588 E4.4554
G1 X72.994 Y72.994 E.61392
G1 X187.006 Y72.994 E3.76436
G1 X187.006 Y76.784 E.12514
G1 X187.006 Y187.006 E3.63923
G1 X168.472 Y187.006 E.61194
G1 X168.247 Y187.403 F9000
G1 F7200
G1 X72.597 Y91.753 E4.46623
G1 X72.597 Y72.597 E.63248
G1 X187.403 Y72.597 E3.79058
G1 X187.403 Y76.784 E.13824
G1 X187.403 Y187.403 E3.65234
G1 X168.307 Y187.403 E.6305
G1 X168.087 Y187.79 F9000
;TYPE:External perimeter
;WIDTH:0.419999
G1 F3600
G1 X72.21 Y91.913 E4.25134
G1 X72.21 Y72.21 E.61777
G1 X187.79 Y72.21 E3.62392
G1 X187.79 Y76.784 E.14341
G1 X187.79 Y187.79 E3.48051
G1 X168.147 Y187.79 E.61589
G1 E-3.5
;WIPE_START
G1 F7200
G1 X168.087 Y187.79 E-.0285
G1 X165.896 Y185.599 E-1.4715
;WIPE_END
G1 X160.041 Y178.203 F9000
G1 E5 F2400
;TYPE:Internal infill
;WIDTH:0.44
G1 F7200
G1 X158.356 Y176.518 E.07868
G1 X179.305 Y155.569 E.97818
G1 X178.232 Y155.769 E.03604
G1 X186.7 Y164.238 E.39542
G1 X186.7 Y163.149 E.03596
G1 X180.627 Y169.221 E.28355
G1 X179.719 Y168.603 E.03626
G1 X179.414 Y168.454 E.01121
G1 X178.256 Y168.216 E.03903
G1 X177.936 Y168.205 E.01057
G1 X176.739 Y168.415 E.04013
G1 X176.167 Y168.679 E.0208
G1 X168.451 Y160.964 E.36026
G1 X168.085 Y161.045 E.01238
G1 X167.561 Y160.961 E.01752
G1 X167.288 Y160.816 E.01021
G1 X166.916 Y160.47 E.01677
G1 X154.612 Y172.774 E.57452
G1 X152.928 Y171.089 E.07866
G1 E-3.5 F3600
;WIPE_START
G1 F7200
G1 X154.612 Y172.774 E-1.13157
G1 X155.16 Y172.226 E-.36843
;WIPE_END
G1 X134.209 Y152.371 F9000
G1 E5 F2400
G1 F7200
G1 X135.894 Y154.056 E.07868
G1 X148.198 Y141.752 E.57452
G1 X144.454 Y138.008 E.17482
G1 X132.15 Y150.312 E.57452
G1 X130.466 Y148.627 E.07866
G1 E-3.5 F3600
;WIPE_START
G1 F7200
G1 X132.15 Y150.312 E-1.13157
G1 X132.698 Y149.764 E-.36843
;WIPE_END
G1 X122.604 Y140.765 F9000
G1 E5 F2400
G1 F7200
G1 X120.919 Y139.081 E.07866
G1 X133.223 Y126.777 E.57452
G1 X129.479 Y123.033 E.17482
G1 X117.175 Y135.337 E.57452
G1 X115.491 Y133.652 E.07866
G1 E-3.5 F3600
;WIPE_START
G1 F7200
G1 X117.175 Y135.337 E-1.13157
G1 X117.723 Y134.789 E-.36843
;WIPE_END
G1 X107.629 Y125.791 F9000
G1 E5 F2400
G1 F7200
G1 X105.944 Y124.106 E.07868
G1 X118.248 Y111.802 E.57452
G1 X114.504 Y108.059 E.1748
G1 X102.201 Y120.362 E.57447
G1 X98.457 Y116.619 E.1748
G1 X110.761 Y104.315 E.57452
G1 X109.076 Y102.63 E.07868
G1 E-3.5 F3600
;WIPE_START
G1 F7200
G1 X110.761 Y104.315 E-1.1319
G1 X110.213 Y104.863 E-.3681
;WIPE_END
G1 X104.296 Y90.7 F9000
G1 E5 F2400
G1 F7200
G1 X101.913 Y90.7 E.07868
G1 X119.313 Y73.3 E.81247
G1 X118.224 Y73.3 E.03596
G1 X135.625 Y90.7 E.81249
G1 X139.35 Y90.7 E.12299
G1 X156.75 Y73.3 E.81247
G1 X155.661 Y73.3 E.03596
G1 X186.7 Y104.339 E1.44932
G1 X186.7 Y103.25 E.03596
G1 X169.3 Y120.65 E.81247
G1 X169.3 Y124.375 E.12299
G1 X186.7 Y141.776 E.81249
G1 X186.7 Y140.687 E.03596
G1 X181.627 Y145.76 E.23688
G1 X181.85 Y146.993 E.04137
G1 X181.85 Y148.121 E.03724
G1 E-3.5 F3600
;WIPE_START
G1 F7200
G1 X181.85 Y146.993 E-.5358
G1 X181.627 Y145.76 E-.59518
G1 X182.176 Y145.211 E-.36902
;WIPE_END
G1 X174.955 Y144.73 F9000
G1 E5 F2400
G1 F7200
G1 X175.269 Y144.305 E.01745
G1 X176.316 Y143.584 E.04197
G1 X186.7 Y133.199 E.48489
G1 X186.7 Y134.288 E.03596
G1 X169.3 Y116.888 E.81247
G1 X169.3 Y113.162 E.12302
G1 X186.7 Y95.762 E.81247
G1 X186.7 Y96.851 E.03596
G1 X163.149 Y73.3 E1.09968
G1 X164.238 Y73.3 E.03596
G1 X146.838 Y90.7 E.81247
G1 X143.112 Y90.7 E.12302
G1 X125.712 Y73.3 E.81247
G1 X126.801 Y73.3 E.03596
G1 X109.401 Y90.7 E.81247
G1 X105.675 Y90.7 E.12302
G1 X88.275 Y73.3 E.81247
G1 X89.364 Y73.3 E.03596
G1 X73.3 Y89.364 E.75008
G1 X73.3 Y88.275 E.03596
G1 X171.725 Y186.7 E4.59581
G1 X170.636 Y186.7 E.03596
G1 X176.75 Y180.587 E.28546
G1 X177.73 Y180.781 E.03298
G1 X178.164 Y180.781 E.01433
G1 X179.498 Y180.514 E.04492
G1 X180.126 Y180.126 E.02437
G1 X186.7 Y186.7 E.30696
G1 X185.611 Y186.7 E.03596
G1 X186.7 Y185.611 E.05085
G1 X186.7 Y183.229 E.07865
G1 E-3.5 F3600
;WIPE_START
G1 F7200
G1 X186.7 Y185.611 E-1.13145
G1 X186.151 Y186.16 E-.36855
;WIPE_END
G1 X89.285 Y107.447 F9000
G1 E5 F2400
G1 F7200
G1 X90.97 Y109.131 E.07866
G1 X103.273 Y96.827 E.57449
G1 X107.017 Y100.571 E.17482
G1 X94.713 Y112.875 E.57452
G1 X93.029 Y111.19 E.07866
G1 E-3.5 F3600
;WIPE_START
G1 F7200
G1 X94.713 Y112.875 E-1.13157
G1 X95.261 Y112.327 E-.36843
;WIPE_END
G1 X120.307 Y113.861 F9000
G1 E5 F2400
G1 F7200
G1 X121.992 Y115.546 E.07868
G1 X109.688 Y127.85 E.57452
G1 X113.432 Y131.593 E.1748
G1 X125.736 Y119.29 E.57449
G1 X127.42 Y120.974 E.07863
G1 E-3.5 F3600
;WIPE_START
G1 F7200
G1 X125.736 Y119.29 E-1.13123
G1 X125.187 Y119.839 E-.36877
;WIPE_END
G1 X135.282 Y128.836 F9000
G1 E5 F2400
G1 F7200
G1 X136.967 Y130.521 E.07868
G1 X124.663 Y142.825 E.57452
G1 X128.407 Y146.568 E.1748
G1 X140.71 Y134.264 E.57449
G1 X142.395 Y135.949 E.07868
G1 E-3.5 F3600
;WIPE_START
G1 F7200
G1 X140.71 Y134.264 E-1.1319
G1 X140.162 Y134.812 E-.3681
;WIPE_END
G1 X153.626 Y147.18 F9000
G1 E5 F2400
G1 F7200
G1 X151.941 Y145.496 E.07866
G1 X139.638 Y157.799 E.57447
G1 X143.381 Y161.543 E.1748
G1 X155.685 Y149.239 E.57452
G1 X159.429 Y152.983 E.17482
G1 X147.125 Y165.287 E.57452
G1 X150.869 Y169.03 E.1748
G1 X163.173 Y156.727 E.57449
G1 X164.857 Y158.411 E.07863
G1 E-3.5 F3600
;WIPE_START
G1 F7200
G1 X163.173 Y156.727 E-1.13123
G1 X162.624 Y157.276 E-.36877
;WIPE_END
G1 X169.3 Y155.704 F9000
G1 E5 F2400
G1 F7200
G1 X169.3 Y158.087 E.07868
G1 X174.334 Y153.053 E.23506
G1 X174.169 Y152.22 E.02804
G1 X174.15 Y151.688 E.01758
G1 X169.3 Y146.838 E.22646
G1 X169.3 Y143.112 E.12302
G1 X186.7 Y125.712 E.81247
G1 X186.7 Y126.801 E.03596
G1 X169.3 Y109.401 E.81247
G1 X169.3 Y105.675 E.12302
G1 X186.7 Y88.275 E.81247
G1 X186.7 Y89.364 E.03596
G1 X181.292 Y83.956 E.25252
G1 X181.787 Y82.938 E.03737
G1 X181.824 Y81.366 E.05192
G1 X181.681 Y80.784 E.01979
G1 X181.093 Y79.663 E.0418
G1 X180.746 Y79.254 E.01771
G1 X186.7 Y73.3 E.27801
G1 X186.7 Y74.389 E.03596
G1 X185.611 Y73.3 E.05085
G1 X183.229 Y73.3 E.07865
G1 E-3.5 F3600
;WIPE_START
G1 F7200
G1 X185.611 Y73.3 E-1.13145
G1 X186.16 Y73.849 E-.36855
;WIPE_END
G1 X163.192 Y90.7 F9000
G1 E5 F2400
G1 F7200
G1 X165.574 Y90.7 E.07865
G1 X148.174 Y73.3 E.81247
G1 X149.263 Y73.3 E.03596
G1 X131.863 Y90.7 E.81247
G1 X128.137 Y90.7 E.12302
G1 X110.737 Y73.3 E.81247
G1 X111.826 Y73.3 E.03596
G1 X83.482 Y101.644 E1.32348
G1 X87.226 Y105.388 E.17482
G1 X99.53 Y93.084 E.57452
G1 X99.186 Y92.714 E.01668
G1 X98.986 Y92.266 E.0162
G1 X98.954 Y92.019 E.00822
G1 X99.034 Y91.547 E.01581
G1 X90.687 Y83.2 E.38975
G1 X90.824 Y82.633 E.01926
G1 X90.806 Y81.154 E.04884
G1 X90.679 Y80.781 E.01301
G1 X90.229 Y79.922 E.03202
G1 X96.851 Y73.3 E.3092
G1 X95.762 Y73.3 E.03596
G1 X113.162 Y90.7 E.81247
G1 X116.888 Y90.7 E.12302
G1 X134.288 Y73.3 E.81247
G1 X133.199 Y73.3 E.03596
G1 X150.599 Y90.7 E.81247
G1 X154.325 Y90.7 E.12302
G1 X171.725 Y73.3 E.81247
G1 X170.636 Y73.3 E.03596
G1 X176.007 Y78.67 E.25077
G1 X175.556 Y78.991 E.01828
G1 X174.536 Y80.206 E.05238
G1 X174.114 Y81.804 E.05457
G1 X174.136 Y82.302 E.01646
G1 X174.532 Y83.787 E.05074
G1 X175.291 Y84.709 E.03943
G1 X168.924 Y91.076 E.2973
G1 X169.138 Y91.355 E.01161
G1 X169.251 Y91.626 E.00969
G1 X169.3 Y91.971 E.01151
G1 X169.3 Y94.426 E.08106
G1 X186.7 Y111.826 E.81247
G1 X186.7 Y110.737 E.03596
G1 X169.3 Y128.137 E.81247
G1 X169.3 Y131.863 E.12302
G1 X186.7 Y149.263 E.81247
G1 X186.7 Y148.174 E.03596
G1 X181.623 Y153.251 E.23706
G1 X181.85 Y151.9 E.04523
G1 X186.7 Y156.75 E.22646
G1 X186.7 Y155.661 E.03596
G1 X162.1 Y180.262 E1.14868
G1 X165.844 Y184.005 E.1748
G1 X174.15 Y175.699 E.38784
G1 X174.15 Y174.15 E.05114
G1 X85.534 Y85.534 E4.13779
G1 X84.887 Y85.264 E.02315
G1 X75.995 Y94.156 E.4152
G1 X79.738 Y97.9 E.1748
G1 X104.339 Y73.3 E1.14868
G1 X103.25 Y73.3 E.03596
G1 X120.65 Y90.7 E.81247
G1 X124.375 Y90.7 E.12299
G1 X141.776 Y73.3 E.81249
G1 X140.687 Y73.3 E.03596
G1 X158.087 Y90.7 E.81247
G1 X161.813 Y90.7 E.12302
G1 X179.213 Y73.3 E.81247
G1 X178.124 Y73.3 E.03596
G1 X186.7 Y81.876 E.40044
G1 X186.7 Y80.787 E.03596
G1 X169.3 Y98.188 E.81249
G1 X169.3 Y101.913 E.12299
G1 X186.7 Y119.313 E.81247
G1 X186.7 Y118.224 E.03596
G1 X169.3 Y135.625 E.81249
G1 X169.3 Y139.35 E.12299
G1 X174.844 Y144.895 E.25889
G1 X174.536 Y145.364 E.01853
G1 X169.3 Y150.599 E.24446
G1 X169.3 Y154.325 E.12302
G1 X186.7 Y171.725 E.81247
G1 X186.7 Y170.636 E.03596
G1 X181.85 Y175.486 E.22646
G1 X181.85 Y174.363 E.03708
G1 X186.7 Y179.213 E.22646
G1 X186.7 Y178.124 E.03596
G1 X178.124 Y186.7 E.40044
G1 X179.213 Y186.7 E.03596
G1 X73.3 Y80.787 E4.94545
G1 X73.3 Y81.876 E.03596
G1 X81.876 Y73.3 E.40044
G1 X80.787 Y73.3 E.03596
G1 X85.838 Y78.351 E.23585
G1 X85.053 Y78.648 E.02771
G1 X84.694 Y78.858 E.01373
G1 X83.536 Y80.206 E.05867
G1 X83.099 Y82.002 E.06103
G1 X83.408 Y83.408 E.04753
G1 X73.3 Y73.3 E.47198
G1 X74.389 Y73.3 E.03596
G1 X73.3 Y74.389 E.05085
G1 X73.3 Y76.771 E.07865
;LAYER_CHANGE
;Z:3.8
;HEIGHT:0.2
;BEFORE_LAYER_CHANGE
G92 E0
;3.8


G1 E-3.5 F3600
;WIPE_START
G1 F7200
G1 X73.3 Y74.389 E-1.13145
G1 X73.849 Y73.84 E-.36855
;WIPE_END
G1 Z3.8 F9000
;AFTER_LAYER_CHANGE
;3.8
G1 X99.35 Y91.614
G1 E5 F2400
;TYPE:Perimeter
;WIDTH:0.439999
G1 F7200
G1 X99.394 Y91.485 E.0045
G1 X99.603 Y91.237 E.01071
G1 X99.905 Y91.063 E.01151
G1 X100.232 Y91.006 E.01096
G1 X168.021 Y91.006 E2.23821
G1 X168.333 Y91.057 E.01044
G1 X168.647 Y91.234 E.0119
G1 X168.871 Y91.505 E.01161
G1 X168.977 Y91.799 E.01032
G1 X168.994 Y92.845 E.03454
G1 X168.994 Y159.768 E2.20961
G1 X168.925 Y160.127 E.01207
G1 X168.773 Y160.386 E.00992
G1 X168.517 Y160.605 E.01112
G1 X168.219 Y160.72 E.01055
G1 X167.84 Y160.723 E.01251
G1 X167.527 Y160.605 E.01104
G1 X167.334 Y160.455 E.00807
G1 X99.545 Y92.666 E3.1653
G1 X99.354 Y92.395 E.01095
G1 X99.265 Y92.08 E.01081
G1 X99.268 Y91.851 E.00756
G1 X99.33 Y91.671 E.00629
G1 X99.711 Y91.764 F9000
G1 F7200
G1 X99.74 Y91.681 E.0029
G1 X99.947 Y91.479 E.00955
G1 X100.232 Y91.403 E.00974
G1 X168.021 Y91.403 E2.23821
G1 X168.274 Y91.461 E.00857
G1 X168.485 Y91.637 E.00907
G1 X168.587 Y91.872 E.00846
G1 X168.597 Y92.845 E.03213
G1 X168.597 Y159.768 E2.20961
G1 X168.533 Y160.031 E.00894
G1 X168.334 Y160.251 E.00979
G1 X168.093 Y160.339 E.00847
G1 X167.814 Y160.305 E.00928
G1 X167.614 Y160.175 E.00788
G1 X99.825 Y92.386 E3.1653
G1 X99.679 Y92.136 E.00956
G1 X99.662 Y91.903 E.00771
G1 X99.691 Y91.821 E.00287
G1 X100.073 Y91.909 F9000
;TYPE:External perimeter
;WIDTH:0.419999
G1 F3600
G1 X100.123 Y91.825 E.00307
G1 X100.232 Y91.79 E.00359
G1 X168.021 Y91.79 E2.12547
G1 X168.158 Y91.848 E.00466
G1 X168.21 Y91.979 E.00442
G1 X168.21 Y159.768 E2.12547
G1 X168.148 Y159.907 E.00477
G1 X167.996 Y159.954 E.00499
G1 X167.888 Y159.901 E.00377
G1 X100.099 Y92.112 E3.00587
G1 X100.048 Y91.961 E.005
G1 E-3.5
;WIPE_START
G1 F7200
G1 X100.073 Y91.909 E-.02741
G1 X100.123 Y91.825 E-.04643
G1 X100.232 Y91.79 E-.05438
G1 X103.12 Y91.79 E-1.37178
;WIPE_END
G1 X89.68 Y84.374 F9000
G1 E5 F2400
;TYPE:Perimeter
;WIDTH:0.439999
G1 F3600
G1 X89.603 Y84.471 E.00409
G1 X88.999 Y84.896 E.02438
G1 X88.482 Y85.252 E.02073
G1 X88.167 Y85.395 E.01142
G1 X88.047 Y85.417 E.00403
G1 X86.801 Y85.569 E.04144
G1 X86.434 Y85.543 E.01215
G1 X85.166 Y85.067 E.04472
G1 X84.849 Y84.871 E.01231
G1 X83.95 Y83.864 E.04457
G1 X83.771 Y83.568 E.01142
G1 X83.433 Y82.233 E.04547
G1 X83.412 Y81.882 E.01161
G1 X83.734 Y80.549 E.04528
G1 X83.87 Y80.24 E.01115
G1 X83.95 Y80.136 E.00433
G1 X84.782 Y79.197 E.04142
G1 X85.017 Y79.004 E.01004
G1 X86.339 Y78.488 E.04686
G1 X86.684 Y78.424 E.01159
G1 X88.047 Y78.583 E.04531
G1 X88.28 Y78.641 E.00793
G1 X88.482 Y78.748 E.00755
G1 X89.515 Y79.461 E.04144
G1 X89.747 Y79.686 E.01067
G1 X89.824 Y79.809 E.00479
G1 X90.407 Y80.92 E.04143
G1 X90.515 Y81.293 E.01282
G1 X90.519 Y82.628 E.04408
G1 X90.447 Y82.994 E.01232
G1 X89.824 Y84.191 E.04455
G1 X89.717 Y84.327 E.00571
G1 X89.381 Y84.109 F9000
G1 F3600
G1 X89.29 Y84.213 E.00456
G1 X88.257 Y84.925 E.04142
G1 X87.999 Y85.023 E.00911
G1 X86.753 Y85.174 E.04144
G1 X86.48 Y85.141 E.00908
G1 X85.306 Y84.696 E.04145
G1 X85.08 Y84.54 E.00907
G1 X84.247 Y83.6 E.04147
G1 X84.119 Y83.356 E.0091
G1 X83.819 Y82.138 E.04142
G1 X83.819 Y81.862 E.00911
G1 X84.119 Y80.644 E.04142
G1 X84.247 Y80.4 E.0091
G1 X85.08 Y79.46 E.04147
G1 X85.306 Y79.304 E.00907
G1 X86.48 Y78.859 E.04145
G1 X86.753 Y78.826 E.00908
G1 X87.999 Y78.977 E.04144
G1 X88.257 Y79.075 E.00911
G1 X89.29 Y79.787 E.04142
G1 X89.472 Y79.994 E.0091
G1 X90.056 Y81.105 E.04144
G1 X90.122 Y81.372 E.00908
G1 X90.122 Y82.628 E.04147
G1 X90.056 Y82.895 E.00908
G1 X89.472 Y84.006 E.04144
G1 X89.421 Y84.064 E.00255
G1 X89.092 Y83.854 F9000
;TYPE:External perimeter
;WIDTH:0.419999
G1 F3600
G1 X88.553 Y84.25 E.02097
G1 X88.037 Y84.607 E.01967
G1 X87.953 Y84.639 E.00282
G1 X86.707 Y84.79 E.03935
G1 X86.617 Y84.779 E.00284
G1 X85.444 Y84.334 E.03934
G1 X85.095 Y83.974 E.01572
G1 X84.537 Y83.344 E.02639
G1 X84.495 Y83.264 E.00283
G1 X84.195 Y82.045 E.03936
G1 X84.195 Y81.955 E.00282
G1 X84.495 Y80.736 E.03936
G1 X84.537 Y80.656 E.00283
G1 X85.369 Y79.717 E.03934
G1 X85.444 Y79.666 E.00284
G1 X86.617 Y79.221 E.03934
G1 X86.707 Y79.21 E.00284
G1 X87.953 Y79.361 E.03935
G1 X88.037 Y79.393 E.00282
G1 X89.07 Y80.106 E.03935
G1 X89.13 Y80.174 E.00284
G1 X89.713 Y81.285 E.03934
G1 X89.734 Y82.628 E.04211
G1 X89.135 Y83.815 E.04169
G1 E-3.5
;WIPE_START
G1 F7200
G1 X89.092 Y83.854 E-.02757
G1 X88.553 Y84.25 E-.3177
G1 X88.037 Y84.607 E-.29804
G1 X87.953 Y84.639 E-.0427
G1 X86.707 Y84.79 E-.59618
G1 X86.617 Y84.779 E-.04307
G1 X86.273 Y84.649 E-.17474
;WIPE_END
G1 X174.423 Y82 F9000
G1 E5 F2400
;TYPE:Perimeter
;WIDTH:0.439999
G1 F3600
G1 X174.433 Y81.767 E.0077
G1 X174.734 Y80.549 E.04142
G1 X174.87 Y80.24 E.01115
G1 X175.782 Y79.197 E.04575
G1 X176.017 Y79.004 E.01004
G1 X177.339 Y78.488 E.04686
G1 X177.684 Y78.424 E.01159
G1 X177.801 Y78.431 E.00387
G1 X179.047 Y78.583 E.04144
G1 X179.28 Y78.641 E.00793
G1 X179.482 Y78.748 E.00755
G1 X180.515 Y79.461 E.04144
G1 X180.734 Y79.668 E.00995
G1 X180.824 Y79.809 E.00552
G1 X181.407 Y80.92 E.04143
G1 X181.49 Y81.136 E.00764
G1 X181.519 Y81.372 E.00785
G1 X181.519 Y82.628 E.04147
G1 X181.49 Y82.864 E.00785
G1 X181.407 Y83.08 E.00764
G1 X180.824 Y84.191 E.04143
G1 X180.629 Y84.447 E.01063
G1 X179.482 Y85.252 E.04627
G1 X179.148 Y85.4 E.01206
G1 X177.801 Y85.569 E.04482
G1 X177.427 Y85.541 E.01238
G1 X176.166 Y85.067 E.04448
G1 X175.855 Y84.877 E.01203
G1 X174.95 Y83.864 E.04485
G1 X174.763 Y83.547 E.01215
G1 X174.417 Y82.15 E.04752
G1 X174.421 Y82.06 E.00297
G1 X174.819 Y82 F9000
G1 F3600
G1 X174.819 Y81.862 E.00456
G1 X175.119 Y80.644 E.04142
G1 X175.247 Y80.4 E.0091
G1 X176.08 Y79.46 E.04147
G1 X176.306 Y79.304 E.00907
G1 X177.48 Y78.859 E.04145
G1 X177.753 Y78.826 E.00908
G1 X178.999 Y78.977 E.04144
G1 X179.257 Y79.075 E.00911
G1 X180.29 Y79.788 E.04144
G1 X180.472 Y79.994 E.00908
G1 X181.056 Y81.105 E.04144
G1 X181.122 Y81.372 E.00908
G1 X181.122 Y82.628 E.04147
G1 X181.056 Y82.895 E.00908
G1 X180.472 Y84.006 E.04144
G1 X180.29 Y84.213 E.0091
G1 X179.257 Y84.925 E.04142
G1 X178.999 Y85.023 E.00911
G1 X177.753 Y85.174 E.04144
G1 X177.48 Y85.141 E.00908
G1 X176.306 Y84.696 E.04145
G1 X176.08 Y84.54 E.00907
G1 X175.247 Y83.6 E.04147
G1 X175.119 Y83.356 E.0091
G1 X174.819 Y82.138 E.04142
G1 X174.819 Y82.06 E.00258
G1 X175.189 Y82 F9000
;TYPE:External perimeter
;WIDTH:0.419999
G1 F3600
G1 X175.195 Y81.955 E.00142
G1 X175.495 Y80.736 E.03936
G1 X175.537 Y80.656 E.00283
G1 X176.369 Y79.717 E.03934
G1 X176.444 Y79.666 E.00284
G1 X177.617 Y79.221 E.03934
G1 X177.707 Y79.21 E.00284
G1 X178.953 Y79.361 E.03935
G1 X179.037 Y79.393 E.00282
G1 X180.07 Y80.106 E.03935
G1 X180.13 Y80.174 E.00284
G1 X180.713 Y81.285 E.03934
G1 X180.734 Y81.372 E.00281
G1 X180.734 Y82.628 E.03938
G1 X180.713 Y82.715 E.00281
G1 X180.13 Y83.826 E.03934
G1 X180.07 Y83.894 E.00284
G1 X179.037 Y84.607 E.03935
G1 X178.953 Y84.639 E.00282
G1 X177.707 Y84.79 E.03935
G1 X176.444 Y84.334 E.0421
G1 X175.537 Y83.344 E.0421
G1 X175.305 Y82.493 E.02766
G1 X175.203 Y82.058 E.01401
G1 E-3.5
;WIPE_START
G1 F7200
G1 X175.189 Y82 E-.02834
G1 X175.195 Y81.955 E-.02156
G1 X175.495 Y80.736 E-.5963
G1 X175.537 Y80.656 E-.04292
G1 X176.369 Y79.717 E-.59592
G1 X176.444 Y79.666 E-.04308
G1 X176.782 Y79.538 E-.17188
;WIPE_END
G1 X177.854 Y143.529 F9000
G1 E5 F2400
;TYPE:Perimeter
;WIDTH:0.439999
G1 F3600
G1 X177.967 Y143.51 E.00378
G1 X178.242 Y143.525 E.00909
G1 X179.205 Y143.716 E.03241
G1 X179.555 Y143.861 E.01251
G1 X180.374 Y144.408 E.03252
G1 X180.642 Y144.676 E.01251
G1 X181.189 Y145.495 E.03252
G1 X181.334 Y145.845 E.01251
G1 X181.525 Y146.808 E.03241
G1 X181.544 Y146.998 E.0063
G1 X181.544 Y152.002 E.16522
G1 X181.334 Y153.155 E.0387
G1 X181.189 Y153.505 E.01251
G1 X180.642 Y154.324 E.03252
G1 X180.374 Y154.592 E.01251
G1 X179.555 Y155.139 E.03252
G1 X179.187 Y155.287 E.0131
G1 X178.12 Y155.479 E.0358
G1 X177.758 Y155.475 E.01195
G1 X176.795 Y155.284 E.03241
G1 X176.445 Y155.139 E.01251
G1 X175.626 Y154.592 E.03252
G1 X175.358 Y154.324 E.01251
G1 X174.811 Y153.505 E.03252
G1 X174.666 Y153.155 E.01251
G1 X174.475 Y152.192 E.03241
G1 X174.456 Y152.002 E.0063
G1 X174.456 Y146.998 E.16522
G1 X174.666 Y145.845 E.0387
G1 X174.811 Y145.495 E.01251
G1 X175.358 Y144.676 E.03252
G1 X175.626 Y144.408 E.01251
G1 X176.445 Y143.861 E.03252
G1 X176.813 Y143.713 E.0131
G1 X177.795 Y143.54 E.03292
G1 X177.893 Y143.924 F9000
G1 F3600
G1 X178.002 Y143.905 E.00365
G1 X179.127 Y144.106 E.03773
G1 X179.335 Y144.191 E.00742
G1 X180.153 Y144.738 E.03249
G1 X180.312 Y144.897 E.00742
G1 X180.859 Y145.715 E.03249
G1 X180.944 Y145.923 E.00742
G1 X181.147 Y146.998 E.03612
G1 X181.147 Y152.002 E.16522
G1 X180.944 Y153.077 E.03612
G1 X180.859 Y153.285 E.00742
G1 X180.312 Y154.103 E.03249
G1 X180.153 Y154.262 E.00742
G1 X179.335 Y154.809 E.03249
G1 X179.117 Y154.896 E.00775
G1 X178.05 Y155.088 E.0358
G1 X177.836 Y155.086 E.00707
G1 X176.873 Y154.894 E.03242
G1 X176.665 Y154.809 E.00742
G1 X175.847 Y154.262 E.03249
G1 X175.688 Y154.103 E.00742
G1 X175.141 Y153.285 E.03249
G1 X175.056 Y153.077 E.00742
G1 X174.853 Y152.002 E.03612
G1 X174.853 Y146.998 E.16522
G1 X175.056 Y145.923 E.03612
G1 X175.141 Y145.715 E.00742
G1 X175.688 Y144.897 E.03249
G1 X175.847 Y144.738 E.00742
G1 X176.665 Y144.191 E.03249
G1 X176.883 Y144.104 E.00775
G1 X177.834 Y143.935 E.03189
G1 X177.931 Y144.309 F9000
;TYPE:External perimeter
;WIDTH:0.419999
G1 F3600
G1 X178.036 Y144.291 E.00334
G1 X179.052 Y144.485 E.03243
G1 X179.938 Y145.06 E.03312
G1 X180.537 Y145.93 E.03312
G1 X180.76 Y146.998 E.03421
G1 X180.76 Y152.002 E.1569
G1 X180.565 Y153.002 E.03194
G1 X179.99 Y153.888 E.03312
G1 X179.12 Y154.487 E.03312
G1 X178.226 Y154.663 E.02857
G1 X177.911 Y154.706 E.00997
G1 X176.948 Y154.515 E.03078
G1 X176.062 Y153.94 E.03312
G1 X175.463 Y153.07 E.03312
G1 X175.24 Y152.002 E.03421
G1 X175.24 Y146.998 E.1569
G1 X175.435 Y145.998 E.03194
G1 X176.01 Y145.112 E.03312
G1 X176.88 Y144.513 E.03312
G1 X176.952 Y144.485 E.00242
G1 X177.872 Y144.32 E.02931
G1 E-3.5
;WIPE_START
G1 F7200
G1 X177.931 Y144.309 E-.02851
G1 X178.036 Y144.291 E-.0506
G1 X179.052 Y144.485 E-.49132
G1 X179.938 Y145.06 E-.50171
G1 X180.449 Y145.802 E-.42786
;WIPE_END
G1 X177.855 Y168.54 F9000
G1 E5 F2400
;TYPE:Perimeter
;WIDTH:0.439999
G1 F3600
G1 X178.13 Y168.509 E.00914
G1 X178.895 Y168.654 E.02571
G1 X179.435 Y168.793 E.01841
G1 X180.374 Y169.408 E.03706
G1 X180.642 Y169.676 E.01251
G1 X181.189 Y170.495 E.03252
G1 X181.334 Y170.845 E.01251
G1 X181.525 Y171.808 E.03241
G1 X181.544 Y171.998 E.0063
G1 X181.544 Y177.002 E.16522
G1 X181.334 Y178.155 E.0387
G1 X181.189 Y178.505 E.01251
G1 X180.642 Y179.324 E.03252
G1 X180.374 Y179.592 E.01251
G1 X179.555 Y180.139 E.03252
G1 X179.187 Y180.287 E.0131
G1 X178.116 Y180.48 E.03593
G1 X177.758 Y180.475 E.01182
G1 X176.795 Y180.284 E.03241
G1 X176.445 Y180.139 E.01251
G1 X175.626 Y179.592 E.03252
G1 X175.358 Y179.324 E.01251
G1 X174.811 Y178.505 E.03252
G1 X174.666 Y178.155 E.01251
G1 X174.475 Y177.192 E.03241
G1 X174.456 Y177.002 E.0063
G1 X174.456 Y171.998 E.16522
G1 X174.666 Y170.845 E.0387
G1 X174.811 Y170.495 E.01251
G1 X175.358 Y169.676 E.03252
G1 X175.626 Y169.408 E.01251
G1 X176.445 Y168.861 E.03252
G1 X176.801 Y168.715 E.0127
G1 X177.635 Y168.565 E.02798
G1 X177.796 Y168.547 E.00535
G1 X177.893 Y168.922 F9000
G1 F3600
G1 X177.95 Y168.912 E.00191
G1 X178.164 Y168.914 E.00707
G1 X179.127 Y169.106 E.03242
G1 X179.335 Y169.191 E.00742
G1 X180.153 Y169.738 E.03249
G1 X180.312 Y169.897 E.00742
G1 X180.859 Y170.715 E.03249
G1 X180.944 Y170.923 E.00742
G1 X181.136 Y171.886 E.03242
G1 X181.147 Y177.002 E.16892
G1 X180.944 Y178.077 E.03612
G1 X180.859 Y178.285 E.00742
G1 X180.312 Y179.103 E.03249
G1 X180.153 Y179.262 E.00742
G1 X179.335 Y179.809 E.03249
G1 X179.117 Y179.896 E.00775
G1 X178.047 Y180.088 E.03589
G1 X177.836 Y180.086 E.00697
G1 X176.873 Y179.894 E.03242
G1 X176.665 Y179.809 E.00742
G1 X175.847 Y179.262 E.03249
G1 X175.688 Y179.103 E.00742
G1 X175.141 Y178.285 E.03249
G1 X175.056 Y178.077 E.00742
G1 X174.853 Y177.002 E.03612
G1 X174.853 Y171.998 E.16522
G1 X175.056 Y170.923 E.03612
G1 X175.141 Y170.715 E.00742
G1 X175.688 Y169.897 E.03249
G1 X175.847 Y169.738 E.00742
G1 X176.665 Y169.191 E.03249
G1 X176.883 Y169.104 E.00775
G1 X177.834 Y168.933 E.0319
G1 X177.932 Y169.315 F9000
;TYPE:External perimeter
;WIDTH:0.419999
G1 F3600
G1 X178.089 Y169.294 E.00497
G1 X179.052 Y169.485 E.03078
G1 X179.938 Y170.06 E.03312
G1 X180.537 Y170.93 E.03312
G1 X180.756 Y171.961 E.03305
G1 X180.76 Y177.002 E.15806
G1 X180.565 Y178.002 E.03194
G1 X179.99 Y178.888 E.03312
G1 X179.12 Y179.487 E.03312
G1 X179.048 Y179.515 E.00242
G1 X177.98 Y179.707 E.03402
G1 X176.948 Y179.515 E.03291
G1 X176.062 Y178.94 E.03312
G1 X175.649 Y178.347 E.02266
G1 X175.435 Y178.002 E.01273
G1 X175.24 Y177.002 E.03194
G1 X175.24 Y171.998 E.1569
G1 X175.435 Y170.998 E.03194
G1 X176.01 Y170.112 E.03312
G1 X176.88 Y169.513 E.03312
G1 X177.774 Y169.337 E.02857
G1 X177.872 Y169.323 E.0031
G1 E-3.5
;WIPE_START
G1 F7200
G1 X177.932 Y169.315 E-.02875
G1 X178.089 Y169.294 E-.07524
G1 X179.052 Y169.485 E-.46634
G1 X179.938 Y170.06 E-.50171
G1 X180.449 Y170.802 E-.42796
;WIPE_END
G1 X168.412 Y187.006 F9000
G1 E5 F2400
;TYPE:Perimeter
;WIDTH:0.439999
G1 F7200
G1 X72.994 Y91.588 E4.4554
G1 X72.994 Y72.994 E.61392
G1 X187.006 Y72.994 E3.76436
G1 X187.006 Y76.784 E.12514
G1 X187.006 Y187.006 E3.63923
G1 X168.472 Y187.006 E.61194
G1 X168.247 Y187.403 F9000
G1 F7200
G1 X72.597 Y91.753 E4.46623
G1 X72.597 Y72.597 E.63248
G1 X187.403 Y72.597 E3.79058
G1 X187.403 Y76.784 E.13824
G1 X187.403 Y187.403 E3.65234
G1 X168.307 Y187.403 E.6305
G1 X168.087 Y187.79 F9000
;TYPE:External perimeter
;WIDTH:0.419999
G1 F3600
G1 X72.21 Y91.913 E4.25134
G1 X72.21 Y72.21 E.61777
G1 X187.79 Y72.21 E3.62392
G1 X187.79 Y76.784 E.14341
G1 X187.79 Y187.79 E3.48051
G1 X168.147 Y187.79 E.61589
G1 E-3.5
;WIPE_START
G1 F7200
G1 X168.087 Y187.79 E-.0285
G1 X165.896 Y185.599 E-1.4715
;WIPE_END
G1 X160.041 Y178.203 F9000
G1 E5 F2400
;TYPE:Internal infill
;WIDTH:0.44
G1 F7200
G1 X158.356 Y176.518 E.07868
G1 X179.305 Y155.569 E.97818
G1 X178.232 Y155.769 E.03604
G1 X186.7 Y164.238 E.39542
G1 X186.7 Y163.149 E.03596
G1 X180.627 Y169.221 E.28355
G1 X179.719 Y168.603 E.03626
G1 X179.414 Y168.454 E.01121
G1 X178.256 Y168.216 E.03903
G1 X177.936 Y168.205 E.01057
G1 X176.739 Y168.415 E.04013
G1 X176.167 Y168.679 E.0208
G1 X168.457 Y160.969 E.36001
G1 X167.998 Y161.046 E.01537
G1 X167.559 Y160.96 E.01477
G1 X167.288 Y160.816 E.01013
G1 X166.916 Y160.47 E.01677
G1 X154.612 Y172.774 E.57452
G1 X150.869 Y169.03 E.1748
G1 X163.173 Y156.727 E.57449
G1 X159.429 Y152.983 E.17482
G1 X147.125 Y165.287 E.57452
G1 X143.381 Y161.543 E.17482
G1 X155.685 Y149.239 E.57452
G1 X151.941 Y145.496 E.1748
G1 X139.638 Y157.799 E.57447
G1 X135.894 Y154.056 E.1748
G1 X148.198 Y141.752 E.57452
G1 X144.454 Y138.008 E.17482
G1 X132.15 Y150.312 E.57452
G1 X128.407 Y146.568 E.1748
G1 X140.71 Y134.264 E.57449
G1 X136.967 Y130.521 E.17477
G1 X124.663 Y142.825 E.57452
G1 X120.919 Y139.081 E.17482
G1 X133.223 Y126.777 E.57452
G1 X129.479 Y123.033 E.17482
G1 X117.175 Y135.337 E.57452
G1 X113.432 Y131.593 E.1748
G1 X125.736 Y119.29 E.57449
G1 X121.992 Y115.546 E.17482
G1 X109.688 Y127.85 E.57452
G1 X105.944 Y124.106 E.17482
G1 X118.248 Y111.802 E.57452
G1 X114.504 Y108.059 E.1748
G1 X102.201 Y120.362 E.57447
G1 X98.457 Y116.619 E.1748
G1 X110.761 Y104.315 E.57452
G1 X107.017 Y100.571 E.17482
G1 X94.713 Y112.875 E.57452
G1 X90.97 Y109.131 E.1748
G1 X103.273 Y96.827 E.57449
G1 X101.589 Y95.143 E.07863
G1 E-3.5 F3600
;WIPE_START
G1 F7200
G1 X103.273 Y96.827 E-1.13123
G1 X102.724 Y97.376 E-.36877
;WIPE_END
G1 X104.296 Y90.7 F9000
G1 E5 F2400
G1 F7200
G1 X101.913 Y90.7 E.07868
G1 X119.313 Y73.3 E.81247
G1 X118.224 Y73.3 E.03596
G1 X135.625 Y90.7 E.81249
G1 X139.35 Y90.7 E.12299
G1 X156.75 Y73.3 E.81247
G1 X155.661 Y73.3 E.03596
G1 X186.7 Y104.339 E1.44932
G1 X186.7 Y103.25 E.03596
G1 X169.3 Y120.65 E.81247
G1 X169.3 Y124.375 E.12299
G1 X186.7 Y141.776 E.81249
G1 X186.7 Y140.687 E.03596
G1 X181.627 Y145.76 E.23688
G1 X181.85 Y146.993 E.04137
G1 X181.85 Y148.121 E.03724
G1 E-3.5 F3600
;WIPE_START
G1 F7200
G1 X181.85 Y146.993 E-.5358
G1 X181.627 Y145.76 E-.59518
G1 X182.176 Y145.211 E-.36902
;WIPE_END
G1 X174.955 Y144.73 F9000
G1 E5 F2400
G1 F7200
G1 X175.269 Y144.305 E.01745
G1 X176.316 Y143.584 E.04197
G1 X186.7 Y133.199 E.48489
G1 X186.7 Y134.288 E.03596
G1 X169.3 Y116.888 E.81247
G1 X169.3 Y113.162 E.12302
G1 X186.7 Y95.762 E.81247
G1 X186.7 Y96.851 E.03596
G1 X163.149 Y73.3 E1.09968
G1 X164.238 Y73.3 E.03596
G1 X146.838 Y90.7 E.81247
G1 X143.112 Y90.7 E.12302
G1 X125.712 Y73.3 E.81247
G1 X126.801 Y73.3 E.03596
G1 X109.401 Y90.7 E.81247
G1 X105.675 Y90.7 E.12302
G1 X88.275 Y73.3 E.81247
G1 X89.364 Y73.3 E.03596
G1 X73.3 Y89.364 E.75008
G1 X73.3 Y88.275 E.03596
G1 X171.725 Y186.7 E4.59581
G1 X170.636 Y186.7 E.03596
G1 X176.75 Y180.587 E.28546
G1 X177.73 Y180.781 E.03298
G1 X178.164 Y180.781 E.01433
G1 X179.498 Y180.514 E.04492
G1 X180.126 Y180.126 E.02437
G1 X186.7 Y186.7 E.30696
G1 X185.611 Y186.7 E.03596
G1 X186.7 Y185.611 E.05085
G1 X186.7 Y183.229 E.07865
G1 E-3.5 F3600
;WIPE_START
G1 F7200
G1 X186.7 Y185.611 E-1.13145
G1 X186.151 Y186.16 E-.36855
;WIPE_END
G1 X169.3 Y155.704 F9000
G1 E5 F2400
G1 F7200
G1 X169.3 Y158.087 E.07868
G1 X174.334 Y153.053 E.23506
G1 X174.169 Y152.22 E.02804
G1 X174.15 Y151.688 E.01758
G1 X169.3 Y146.838 E.22646
G1 X169.3 Y143.112 E.12302
G1 X186.7 Y125.712 E.81247
G1 X186.7 Y126.801 E.03596
G1 X169.3 Y109.401 E.81247
G1 X169.3 Y105.675 E.12302
G1 X186.7 Y88.275 E.81247
G1 X186.7 Y89.364 E.03596
G1 X181.292 Y83.956 E.25252
G1 X181.787 Y82.938 E.03737
G1 X181.824 Y81.366 E.05192
G1 X181.681 Y80.784 E.01979
G1 X181.093 Y79.663 E.0418
G1 X180.746 Y79.254 E.01771
G1 X186.7 Y73.3 E.27801
G1 X186.7 Y74.389 E.03596
G1 X185.611 Y73.3 E.05085
G1 X183.229 Y73.3 E.07865
G1 E-3.5 F3600
;WIPE_START
G1 F7200
G1 X185.611 Y73.3 E-1.13145
G1 X186.16 Y73.849 E-.36855
;WIPE_END
G1 X163.192 Y90.7 F9000
G1 E5 F2400
G1 F7200
G1 X165.574 Y90.7 E.07865
G1 X148.174 Y73.3 E.81247
G1 X149.263 Y73.3 E.03596
G1 X131.863 Y90.7 E.81247
G1 X128.137 Y90.7 E.12302
G1 X110.737 Y73.3 E.81247
G1 X111.826 Y73.3 E.03596
G1 X83.482 Y101.644 E1.32348
G1 X87.226 Y105.388 E.17482
G1 X99.53 Y93.084 E.57452
G1 X99.186 Y92.714 E.01668
G1 X98.986 Y92.266 E.0162
G1 X98.954 Y92.019 E.00822
G1 X99.034 Y91.547 E.01581
G1 X90.687 Y83.2 E.38975
G1 X90.824 Y82.633 E.01926
G1 X90.806 Y81.154 E.04884
G1 X90.679 Y80.781 E.01301
G1 X90.229 Y79.922 E.03202
G1 X96.851 Y73.3 E.3092
G1 X95.762 Y73.3 E.03596
G1 X113.162 Y90.7 E.81247
G1 X116.888 Y90.7 E.12302
G1 X134.288 Y73.3 E.81247
G1 X133.199 Y73.3 E.03596
G1 X150.599 Y90.7 E.81247
G1 X154.325 Y90.7 E.12302
G1 X171.725 Y73.3 E.81247
G1 X170.636 Y73.3 E.03596
G1 X176.007 Y78.67 E.25077
G1 X175.556 Y78.991 E.01828
G1 X174.536 Y80.206 E.05238
G1 X174.114 Y81.804 E.05457
G1 X174.136 Y82.302 E.01646
G1 X174.532 Y83.787 E.05074
G1 X175.291 Y84.709 E.03943
G1 X168.924 Y91.076 E.2973
G1 X169.138 Y91.355 E.01161
G1 X169.251 Y91.626 E.00969
G1 X169.3 Y91.971 E.01151
G1 X169.3 Y94.426 E.08106
G1 X186.7 Y111.826 E.81247
G1 X186.7 Y110.737 E.03596
G1 X169.3 Y128.137 E.81247
G1 X169.3 Y131.863 E.12302
G1 X186.7 Y149.263 E.81247
G1 X186.7 Y148.174 E.03596
G1 X181.623 Y153.251 E.23706
G1 X181.85 Y151.9 E.04523
G1 X186.7 Y156.75 E.22646
G1 X186.7 Y155.661 E.03596
G1 X162.1 Y180.262 E1.14868
G1 X165.844 Y184.005 E.1748
G1 X174.15 Y175.699 E.38784
G1 X174.15 Y174.15 E.05114
G1 X85.534 Y85.534 E4.13779
G1 X84.887 Y85.264 E.02315
G1 X75.995 Y94.156 E.4152
G1 X79.738 Y97.9 E.1748
G1 X104.339 Y73.3 E1.14868
G1 X103.25 Y73.3 E.03596
G1 X120.65 Y90.7 E.81247
G1 X124.375 Y90.7 E.12299
G1 X141.776 Y73.3 E.81249
G1 X140.687 Y73.3 E.03596
G1 X158.087 Y90.7 E.81247
G1 X161.813 Y90.7 E.12302
G1 X179.213 Y73.3 E.81247
G1 X178.124 Y73.3 E.03596
G1 X186.7 Y81.876 E.40044
G1 X186.7 Y80.787 E.03596
G1 X169.3 Y98.188 E.81249
G1 X169.3 Y101.913 E.12299
G1 X186.7 Y119.313 E.81247
G1 X186.7 Y118.224 E.03596
G1 X169.3 Y135.625 E.81249
G1 X169.3 Y139.35 E.12299
G1 X174.844 Y144.895 E.25889
G1 X174.536 Y145.364 E.01853
G1 X169.3 Y150.599 E.24446
G1 X169.3 Y154.325 E.12302
G1 X186.7 Y171.725 E.81247
G1 X186.7 Y170.636 E.03596
G1 X181.85 Y175.486 E.22646
G1 X181.85 Y174.363 E.03708
G1 X186.7 Y179.213 E.22646
G1 X186.7 Y178.124 E.03596
G1 X178.124 Y186.7 E.40044
G1 X179.213 Y186.7 E.03596
G1 X73.3 Y80.787 E4.94545
G1 X73.3 Y81.876 E.03596
G1 X81.876 Y73.3 E.40044
G1 X80.787 Y73.3 E.03596
G1 X85.838 Y78.351 E.23585
G1 X85.053 Y78.648 E.02771
G1 X84.694 Y78.858 E.01373
G1 X83.536 Y80.206 E.05867
G1 X83.099 Y82.002 E.06103
G1 X83.408 Y83.408 E.04753
G1 X73.3 Y73.3 E.47198
G1 X74.389 Y73.3 E.03596
G1 X73.3 Y74.389 E.05085
G1 X73.3 Y76.771 E.07865
;LAYER_CHANGE
;Z:4
;HEIGHT:0.2
;BEFORE_LAYER_CHANGE
G92 E0
;4


G1 E-3.5 F3600
;WIPE_START
G1 F7200
G1 X73.3 Y74.389 E-1.13145
G1 X73.849 Y73.84 E-.36855
;WIPE_END
G1 Z4 F9000
;AFTER_LAYER_CHANGE
;4
G1 X99.35 Y91.614
G1 E5 F2400
;TYPE:Perimeter
;WIDTH:0.439999
G1 F7200
G1 X99.394 Y91.485 E.0045
G1 X99.603 Y91.237 E.01071
G1 X99.905 Y91.063 E.01151
G1 X100.232 Y91.006 E.01096
G1 X168.021 Y91.006 E2.23821
G1 X168.333 Y91.057 E.01044
G1 X168.647 Y91.234 E.0119
G1 X168.871 Y91.505 E.01161
G1 X168.977 Y91.799 E.01032
G1 X168.994 Y92.845 E.03454
G1 X168.994 Y159.768 E2.20961
G1 X168.925 Y160.127 E.01207
G1 X168.773 Y160.386 E.00992
G1 X168.517 Y160.605 E.01112
G1 X168.219 Y160.72 E.01055
G1 X167.84 Y160.723 E.01251
G1 X167.527 Y160.605 E.01104
G1 X167.334 Y160.455 E.00807
G1 X99.545 Y92.666 E3.1653
G1 X99.354 Y92.395 E.01095
G1 X99.265 Y92.08 E.01081
G1 X99.268 Y91.851 E.00756
G1 X99.33 Y91.671 E.00629
G1 X99.711 Y91.764 F9000
G1 F7200
G1 X99.74 Y91.681 E.0029
G1 X99.947 Y91.479 E.00955
G1 X100.232 Y91.403 E.00974
G1 X168.021 Y91.403 E2.23821
G1 X168.274 Y91.461 E.00857
G1 X168.485 Y91.637 E.00907
G1 X168.587 Y91.872 E.00846
G1 X168.597 Y92.845 E.03213
G1 X168.597 Y159.768 E2.20961
G1 X168.533 Y160.031 E.00894
G1 X168.334 Y160.251 E.00979
G1 X168.093 Y160.339 E.00847
G1 X167.814 Y160.305 E.00928
G1 X167.614 Y160.175 E.00788
G1 X99.825 Y92.386 E3.1653
G1 X99.679 Y92.136 E.00956
G1 X99.662 Y91.903 E.00771
G1 X99.691 Y91.821 E.00287
G1 X100.073 Y91.909 F9000
;TYPE:External perimeter
;WIDTH:0.419999
G1 F3600
G1 X100.123 Y91.825 E.00307
G1 X100.232 Y91.79 E.00359
G1 X168.021 Y91.79 E2.12547
G1 X168.158 Y91.848 E.00466
G1 X168.21 Y91.979 E.00442
G1 X168.21 Y159.768 E2.12547
G1 X168.148 Y159.907 E.00477
G1 X167.996 Y159.954 E.00499
G1 X167.888 Y159.901 E.00377
G1 X100.099 Y92.112 E3.00587
G1 X100.048 Y91.961 E.005
G1 E-3.5
;WIPE_START
G1 F7200
G1 X100.073 Y91.909 E-.02741
G1 X100.123 Y91.825 E-.04643
G1 X100.232 Y91.79 E-.05438
G1 X103.12 Y91.79 E-1.37178
;WIPE_END
G1 X89.68 Y84.374 F9000
G1 E5 F2400
;TYPE:Perimeter
;WIDTH:0.439999
G1 F3600
G1 X89.603 Y84.471 E.00409
G1 X88.999 Y84.896 E.02438
G1 X88.482 Y85.252 E.02073
G1 X88.167 Y85.395 E.01142
G1 X88.047 Y85.417 E.00403
G1 X86.801 Y85.569 E.04144
G1 X86.434 Y85.543 E.01215
G1 X85.166 Y85.067 E.04472
G1 X84.849 Y84.871 E.01231
G1 X83.95 Y83.864 E.04457
G1 X83.771 Y83.568 E.01142
G1 X83.433 Y82.233 E.04547
G1 X83.412 Y81.882 E.01161
G1 X83.734 Y80.549 E.04528
G1 X83.87 Y80.24 E.01115
G1 X83.95 Y80.136 E.00433
G1 X84.782 Y79.197 E.04142
G1 X85.017 Y79.004 E.01004
G1 X86.339 Y78.488 E.04686
G1 X86.684 Y78.424 E.01159
G1 X88.047 Y78.583 E.04531
G1 X88.28 Y78.641 E.00793
G1 X88.482 Y78.748 E.00755
G1 X89.515 Y79.461 E.04144
G1 X89.747 Y79.686 E.01067
G1 X89.824 Y79.809 E.00479
G1 X90.407 Y80.92 E.04143
G1 X90.515 Y81.293 E.01282
G1 X90.519 Y82.628 E.04408
G1 X90.447 Y82.994 E.01232
G1 X89.824 Y84.191 E.04455
G1 X89.717 Y84.327 E.00571
G1 X89.381 Y84.109 F9000
G1 F3600
G1 X89.29 Y84.213 E.00456
G1 X88.257 Y84.925 E.04142
G1 X87.999 Y85.023 E.00911
G1 X86.753 Y85.174 E.04144
G1 X86.48 Y85.141 E.00908
G1 X85.306 Y84.696 E.04145
G1 X85.08 Y84.54 E.00907
G1 X84.247 Y83.6 E.04147
G1 X84.119 Y83.356 E.0091
G1 X83.819 Y82.138 E.04142
G1 X83.819 Y81.862 E.00911
G1 X84.119 Y80.644 E.04142
G1 X84.247 Y80.4 E.0091
G1 X85.08 Y79.46 E.04147
G1 X85.306 Y79.304 E.00907
G1 X86.48 Y78.859 E.04145
G1 X86.753 Y78.826 E.00908
G1 X87.999 Y78.977 E.04144
G1 X88.257 Y79.075 E.00911
G1 X89.29 Y79.787 E.04142
G1 X89.472 Y79.994 E.0091
G1 X90.056 Y81.105 E.04144
G1 X90.122 Y81.372 E.00908
G1 X90.122 Y82.628 E.04147
G1 X90.056 Y82.895 E.00908
G1 X89.472 Y84.006 E.04144
G1 X89.421 Y84.064 E.00255
G1 X89.091 Y83.854 F9000
;TYPE:External perimeter
;WIDTH:0.419999
G1 F3600
G1 X88.037 Y84.607 E.04061
G1 X87.953 Y84.639 E.00282
G1 X86.707 Y84.79 E.03935
G1 X86.617 Y84.779 E.00284
G1 X85.444 Y84.334 E.03934
G1 X85.095 Y83.974 E.01572
G1 X84.537 Y83.344 E.02639
G1 X84.495 Y83.264 E.00283
G1 X84.195 Y82.045 E.03936
G1 X84.195 Y81.955 E.00282
G1 X84.495 Y80.736 E.03936
G1 X84.537 Y80.656 E.00283
G1 X85.369 Y79.717 E.03934
G1 X85.444 Y79.666 E.00284
G1 X86.617 Y79.221 E.03934
G1 X86.707 Y79.21 E.00284
G1 X87.953 Y79.361 E.03935
G1 X88.037 Y79.393 E.00282
G1 X89.07 Y80.106 E.03935
G1 X89.13 Y80.174 E.00284
G1 X89.713 Y81.285 E.03934
G1 X89.734 Y82.628 E.04211
G1 X89.135 Y83.815 E.04169
G1 E-3.5
;WIPE_START
G1 F7200
G1 X89.091 Y83.854 E-.02793
G1 X88.037 Y84.607 E-.61529
G1 X87.953 Y84.639 E-.0427
G1 X86.707 Y84.79 E-.59618
G1 X86.617 Y84.779 E-.04307
G1 X86.273 Y84.649 E-.17483
;WIPE_END
G1 X174.423 Y82 F9000
G1 E5 F2400
;TYPE:Perimeter
;WIDTH:0.439999
G1 F3600
G1 X174.433 Y81.767 E.0077
G1 X174.734 Y80.549 E.04142
G1 X174.87 Y80.24 E.01115
G1 X175.782 Y79.197 E.04575
G1 X176.017 Y79.004 E.01004
G1 X177.339 Y78.488 E.04686
G1 X177.684 Y78.424 E.01159
G1 X177.801 Y78.431 E.00387
G1 X179.047 Y78.583 E.04144
G1 X179.28 Y78.641 E.00793
G1 X179.482 Y78.748 E.00755
G1 X180.515 Y79.461 E.04144
G1 X180.734 Y79.668 E.00995
G1 X180.824 Y79.809 E.00552
G1 X181.407 Y80.92 E.04143
G1 X181.49 Y81.136 E.00764
G1 X181.519 Y81.372 E.00785
G1 X181.519 Y82.628 E.04147
G1 X181.49 Y82.864 E.00785
G1 X181.407 Y83.08 E.00764
G1 X180.824 Y84.191 E.04143
G1 X180.629 Y84.447 E.01063
G1 X179.482 Y85.252 E.04627
G1 X179.148 Y85.4 E.01206
G1 X177.801 Y85.569 E.04482
G1 X177.427 Y85.541 E.01238
G1 X176.166 Y85.067 E.04448
G1 X175.855 Y84.877 E.01203
G1 X174.95 Y83.864 E.04485
G1 X174.763 Y83.547 E.01215
G1 X174.417 Y82.15 E.04752
G1 X174.421 Y82.06 E.00297
G1 X174.819 Y82 F9000
G1 F3600
G1 X174.819 Y81.862 E.00456
G1 X175.119 Y80.644 E.04142
G1 X175.247 Y80.4 E.0091
G1 X176.08 Y79.46 E.04147
G1 X176.306 Y79.304 E.00907
G1 X177.48 Y78.859 E.04145
G1 X177.753 Y78.826 E.00908
G1 X178.999 Y78.977 E.04144
G1 X179.257 Y79.075 E.00911
G1 X180.29 Y79.788 E.04144
G1 X180.472 Y79.994 E.00908
G1 X181.056 Y81.105 E.04144
G1 X181.122 Y81.372 E.00908
G1 X181.122 Y82.628 E.04147
G1 X181.056 Y82.895 E.00908
G1 X180.472 Y84.006 E.04144
G1 X180.29 Y84.213 E.0091
G1 X179.257 Y84.925 E.04142
G1 X178.999 Y85.023 E.00911
G1 X177.753 Y85.174 E.04144
G1 X177.48 Y85.141 E.00908
G1 X176.306 Y84.696 E.04145
G1 X176.08 Y84.54 E.00907
G1 X175.247 Y83.6 E.04147
G1 X175.119 Y83.356 E.0091
G1 X174.819 Y82.138 E.04142
G1 X174.819 Y82.06 E.00258
G1 X175.189 Y82 F9000
;TYPE:External perimeter
;WIDTH:0.419999
G1 F3600
G1 X175.195 Y81.955 E.00142
G1 X175.495 Y80.736 E.03936
G1 X175.537 Y80.656 E.00283
G1 X176.369 Y79.717 E.03934
G1 X176.444 Y79.666 E.00284
G1 X177.617 Y79.221 E.03934
G1 X177.707 Y79.21 E.00284
G1 X178.953 Y79.361 E.03935
G1 X179.037 Y79.393 E.00282
G1 X180.07 Y80.106 E.03935
G1 X180.13 Y80.174 E.00284
G1 X180.713 Y81.285 E.03934
G1 X180.734 Y81.372 E.00281
G1 X180.734 Y82.628 E.03938
G1 X180.713 Y82.715 E.00281
G1 X180.13 Y83.826 E.03934
G1 X180.07 Y83.894 E.00284
G1 X179.037 Y84.607 E.03935
G1 X178.953 Y84.639 E.00282
G1 X177.707 Y84.79 E.03935
G1 X176.444 Y84.334 E.0421
G1 X175.537 Y83.344 E.0421
G1 X175.305 Y82.493 E.02766
G1 X175.203 Y82.058 E.01401
G1 E-3.5
;WIPE_START
G1 F7200
G1 X175.189 Y82 E-.02834
G1 X175.195 Y81.955 E-.02156
G1 X175.495 Y80.736 E-.5963
G1 X175.537 Y80.656 E-.04292
G1 X176.369 Y79.717 E-.59592
G1 X176.444 Y79.666 E-.04308
G1 X176.782 Y79.538 E-.17188
;WIPE_END
G1 X177.854 Y143.529 F9000
G1 E5 F2400
;TYPE:Perimeter
;WIDTH:0.439999
G1 F3600
G1 X177.967 Y143.51 E.00378
G1 X178.242 Y143.525 E.00909
G1 X179.205 Y143.716 E.03241
G1 X179.555 Y143.861 E.01251
G1 X180.374 Y144.408 E.03252
G1 X180.642 Y144.676 E.01251
G1 X181.189 Y145.495 E.03252
G1 X181.334 Y145.845 E.01251
G1 X181.525 Y146.808 E.03241
G1 X181.544 Y146.998 E.0063
G1 X181.544 Y152.002 E.16522
G1 X181.334 Y153.155 E.0387
G1 X181.189 Y153.505 E.01251
G1 X180.642 Y154.324 E.03252
G1 X180.374 Y154.592 E.01251
G1 X179.555 Y155.139 E.03252
G1 X179.187 Y155.287 E.0131
G1 X178.12 Y155.479 E.0358
G1 X177.758 Y155.475 E.01195
G1 X176.795 Y155.284 E.03241
G1 X176.445 Y155.139 E.01251
G1 X175.626 Y154.592 E.03252
G1 X175.358 Y154.324 E.01251
G1 X174.811 Y153.505 E.03252
G1 X174.666 Y153.155 E.01251
G1 X174.475 Y152.192 E.03241
G1 X174.456 Y152.002 E.0063
G1 X174.456 Y146.998 E.16522
G1 X174.666 Y145.845 E.0387
G1 X174.811 Y145.495 E.01251
G1 X175.358 Y144.676 E.03252
G1 X175.626 Y144.408 E.01251
G1 X176.445 Y143.861 E.03252
G1 X176.813 Y143.713 E.0131
G1 X177.795 Y143.54 E.03292
G1 X177.893 Y143.924 F9000
G1 F3600
G1 X178.002 Y143.905 E.00365
G1 X179.127 Y144.106 E.03773
G1 X179.335 Y144.191 E.00742
G1 X180.153 Y144.738 E.03249
G1 X180.312 Y144.897 E.00742
G1 X180.859 Y145.715 E.03249
G1 X180.944 Y145.923 E.00742
G1 X181.147 Y146.998 E.03612
G1 X181.147 Y152.002 E.16522
G1 X180.944 Y153.077 E.03612
G1 X180.859 Y153.285 E.00742
G1 X180.312 Y154.103 E.03249
G1 X180.153 Y154.262 E.00742
G1 X179.335 Y154.809 E.03249
G1 X179.117 Y154.896 E.00775
G1 X178.05 Y155.088 E.0358
G1 X177.836 Y155.086 E.00707
G1 X176.873 Y154.894 E.03242
G1 X176.665 Y154.809 E.00742
G1 X175.847 Y154.262 E.03249
G1 X175.688 Y154.103 E.00742
G1 X175.141 Y153.285 E.03249
G1 X175.056 Y153.077 E.00742
G1 X174.853 Y152.002 E.03612
G1 X174.853 Y146.998 E.16522
G1 X175.056 Y145.923 E.03612
G1 X175.141 Y145.715 E.00742
G1 X175.688 Y144.897 E.03249
G1 X175.847 Y144.738 E.00742
G1 X176.665 Y144.191 E.03249
G1 X176.883 Y144.104 E.00775
G1 X177.834 Y143.935 E.03189
G1 X177.931 Y144.309 F9000
;TYPE:External perimeter
;WIDTH:0.419999
G1 F3600
G1 X178.036 Y144.291 E.00334
G1 X179.052 Y144.485 E.03243
G1 X179.938 Y145.06 E.03312
G1 X180.537 Y145.93 E.03312
G1 X180.76 Y146.998 E.03421
G1 X180.76 Y152.002 E.1569
G1 X180.565 Y153.002 E.03194
G1 X179.99 Y153.888 E.03312
G1 X179.12 Y154.487 E.03312
G1 X178.226 Y154.663 E.02857
G1 X177.911 Y154.706 E.00997
G1 X176.948 Y154.515 E.03078
G1 X176.062 Y153.94 E.03312
G1 X175.463 Y153.07 E.03312
G1 X175.24 Y152.002 E.03421
G1 X175.24 Y146.998 E.1569
G1 X175.435 Y145.998 E.03194
G1 X176.01 Y145.112 E.03312
G1 X176.88 Y144.513 E.03312
G1 X176.952 Y144.485 E.00242
G1 X177.872 Y144.32 E.02931
G1 E-3.5
;WIPE_START
G1 F7200
G1 X177.931 Y144.309 E-.02851
G1 X178.036 Y144.291 E-.0506
G1 X179.052 Y144.485 E-.49132
G1 X179.938 Y145.06 E-.50171
G1 X180.449 Y145.802 E-.42786
;WIPE_END
G1 X177.855 Y168.54 F9000
G1 E5 F2400
;TYPE:Perimeter
;WIDTH:0.439999
G1 F3600
G1 X178.13 Y168.509 E.00914
G1 X178.895 Y168.654 E.02571
G1 X179.435 Y168.793 E.01841
G1 X180.374 Y169.408 E.03706
G1 X180.642 Y169.676 E.01251
G1 X181.189 Y170.495 E.03252
G1 X181.334 Y170.845 E.01251
G1 X181.525 Y171.808 E.03241
G1 X181.544 Y171.998 E.0063
G1 X181.544 Y177.002 E.16522
G1 X181.334 Y178.155 E.0387
G1 X181.189 Y178.505 E.01251
G1 X180.642 Y179.324 E.03252
G1 X180.374 Y179.592 E.01251
G1 X179.555 Y180.139 E.03252
G1 X179.187 Y180.287 E.0131
G1 X178.116 Y180.48 E.03593
G1 X177.758 Y180.475 E.01182
G1 X176.795 Y180.284 E.03241
G1 X176.445 Y180.139 E.01251
G1 X175.626 Y179.592 E.03252
G1 X175.358 Y179.324 E.01251
G1 X174.811 Y178.505 E.03252
G1 X174.666 Y178.155 E.01251
G1 X174.475 Y177.192 E.03241
G1 X174.456 Y177.002 E.0063
G1 X174.456 Y171.998 E.16522
G1 X174.666 Y170.845 E.0387
G1 X174.811 Y170.495 E.01251
G1 X175.358 Y169.676 E.03252
G1 X175.626 Y169.408 E.01251
G1 X176.445 Y168.861 E.03252
G1 X176.801 Y168.715 E.0127
G1 X177.635 Y168.565 E.02798
G1 X177.796 Y168.547 E.00535
G1 X177.893 Y168.922 F9000
G1 F3600
G1 X177.95 Y168.912 E.00191
G1 X178.164 Y168.914 E.00707
G1 X179.127 Y169.106 E.03242
G1 X179.335 Y169.191 E.00742
G1 X180.153 Y169.738 E.03249
G1 X180.312 Y169.897 E.00742
G1 X180.859 Y170.715 E.03249
G1 X180.944 Y170.923 E.00742
G1 X181.136 Y171.886 E.03242
G1 X181.147 Y177.002 E.16892
G1 X180.944 Y178.077 E.03612
G1 X180.859 Y178.285 E.00742
G1 X180.312 Y179.103 E.03249
G1 X180.153 Y179.262 E.00742
G1 X179.335 Y179.809 E.03249
G1 X179.117 Y179.896 E.00775
G1 X178.047 Y180.088 E.03589
G1 X177.836 Y180.086 E.00697
G1 X176.873 Y179.894 E.03242
G1 X176.665 Y179.809 E.00742
G1 X175.847 Y179.262 E.03249
G1 X175.688 Y179.103 E.00742
G1 X175.141 Y178.285 E.03249
G1 X175.056 Y178.077 E.00742
G1 X174.853 Y177.002 E.03612
G1 X174.853 Y171.998 E.16522
G1 X175.056 Y170.923 E.03612
G1 X175.141 Y170.715 E.00742
G1 X175.688 Y169.897 E.03249
G1 X175.847 Y169.738 E.00742
G1 X176.665 Y169.191 E.03249
G1 X176.883 Y169.104 E.00775
G1 X177.834 Y168.933 E.0319
G1 X177.932 Y169.315 F9000
;TYPE:External perimeter
;WIDTH:0.419999
G1 F3600
G1 X178.089 Y169.294 E.00497
G1 X179.052 Y169.485 E.03078
G1 X179.938 Y170.06 E.03312
G1 X180.537 Y170.93 E.03312
G1 X180.756 Y171.961 E.03305
G1 X180.76 Y177.002 E.15806
G1 X180.565 Y178.002 E.03194
G1 X179.99 Y178.888 E.03312
G1 X179.12 Y179.487 E.03312
G1 X179.048 Y179.515 E.00242
G1 X177.98 Y179.707 E.03402
G1 X176.948 Y179.515 E.03291
G1 X176.062 Y178.94 E.03312
G1 X175.649 Y178.347 E.02266
G1 X175.435 Y178.002 E.01273
G1 X175.24 Y177.002 E.03194
G1 X175.24 Y171.998 E.1569
G1 X175.435 Y170.998 E.03194
G1 X176.01 Y170.112 E.03312
G1 X176.88 Y169.513 E.03312
G1 X177.774 Y169.337 E.02857
G1 X177.872 Y169.323 E.0031
G1 E-3.5
;WIPE_START
G1 F7200
G1 X177.932 Y169.315 E-.02875
G1 X178.089 Y169.294 E-.07524
G1 X179.052 Y169.485 E-.46634
G1 X179.938 Y170.06 E-.50171
G1 X180.449 Y170.802 E-.42796
;WIPE_END
G1 X168.412 Y187.006 F9000
G1 E5 F2400
;TYPE:Perimeter
;WIDTH:0.439999
G1 F7200
G1 X72.994 Y91.588 E4.4554
G1 X72.994 Y72.994 E.61392
G1 X187.006 Y72.994 E3.76436
G1 X187.006 Y76.784 E.12514
G1 X187.006 Y187.006 E3.63923
G1 X168.472 Y187.006 E.61194
G1 X168.247 Y187.403 F9000
G1 F7200
G1 X72.597 Y91.753 E4.46623
G1 X72.597 Y72.597 E.63248
G1 X187.403 Y72.597 E3.79058
G1 X187.403 Y76.784 E.13824
G1 X187.403 Y187.403 E3.65234
G1 X168.307 Y187.403 E.6305
G1 X168.087 Y187.79 F9000
;TYPE:External perimeter
;WIDTH:0.419999
G1 F3600
G1 X72.21 Y91.913 E4.25134
G1 X72.21 Y72.21 E.61777
G1 X187.79 Y72.21 E3.62392
G1 X187.79 Y76.784 E.14341
G1 X187.79 Y187.79 E3.48051
G1 X168.147 Y187.79 E.61589
G1 E-3.5
;WIPE_START
G1 F7200
G1 X168.087 Y187.79 E-.0285
G1 X165.896 Y185.599 E-1.4715
;WIPE_END
G1 X167.809 Y185.409 F9000
G1 E5 F2400
;TYPE:Internal infill
;WIDTH:0.44
G1 F7200
G1 X166.124 Y183.724 E.07868
G1 X173.753 Y176.096 E.3562
G1 X173.753 Y173.753 E.07736
G1 X86.202 Y86.202 E4.08806
G1 X84.593 Y85.558 E.05722
G1 X76.276 Y93.876 E.38837
G1 X74.591 Y92.191 E.07868
G1 E-3.5 F3600
;WIPE_START
G1 F7200
G1 X76.276 Y93.876 E-1.1319
G1 X76.824 Y93.328 E-.3681
;WIPE_END
G1 X83.952 Y84.926 F9000
G1 E5 F2400
G1 F7200
G1 X83.196 Y84.008 E.03927
G1 X82.866 Y82.866 E.03925
G1 X73.697 Y73.697 E.42813
G1 X73.992 Y73.697 E.00974
G1 X73.697 Y73.992 E.01377
G1 X73.697 Y76.374 E.07865
G1 E-3.5 F3600
;WIPE_START
G1 F7200
G1 X73.697 Y73.992 E-1.13145
G1 X73.992 Y73.697 E-.19817
G1 X73.697 Y73.697 E-.14013
G1 X73.742 Y73.742 E-.03025
;WIPE_END
G1 X86.844 Y78.129 F9000
G1 E5 F2400
;TYPE:Solid infill
;WIDTH:0.44003
G1 F7200
G1 X88.078 Y78.278 E.04104
G1 X88.366 Y78.349 E.00979
G1 X88.66 Y78.499 E.0109
G1 X89.686 Y79.207 E.04116
G1 X89.846 Y79.339 E.00685
G1 X90.097 Y79.671 E.01374
G1 X90.675 Y80.772 E.04106
G1 X90.725 Y80.899 E.00451
G1 X90.824 Y81.376 E.01609
G1 X90.824 Y82.623 E.04118
G1 X90.799 Y82.872 E.00826
G1 X90.675 Y83.227 E.01242
G1 X90.063 Y84.389 E.04337
;WIDTH:0.465024
G1 X89.905 Y84.585 E.00884
G1 X89.684 Y84.794 E.01068
;WIDTH:0.44003
G1 X88.577 Y85.554 E.04434
G1 X88.163 Y85.708 E.01459
G1 X86.845 Y85.871 E.04385
G1 X86.507 Y85.867 E.01116
G1 X86.226 Y85.797 E.00956
G1 X85.062 Y85.355 E.04111
G1 X84.797 Y85.217 E.00987
G1 X84.55 Y85.002 E.01081
G1 X83.725 Y84.07 E.0411
G1 X83.563 Y83.841 E.00926
G1 X83.436 Y83.519 E.01143
G1 X83.138 Y82.311 E.04108
;WIDTH:0.440754
G1 X83.122 Y81.765 E.01807
;WIDTH:0.44003
G1 X83.436 Y80.481 E.04365
G1 X83.527 Y80.229 E.00885
G1 X83.725 Y79.929 E.01187
G1 X84.551 Y78.997 E.04112
G1 X84.688 Y78.875 E.00606
G1 X85.061 Y78.645 E.01447
G1 X86.225 Y78.204 E.0411
G1 X86.504 Y78.133 E.00951
G1 X86.645 Y78.131 E.00466
G1 X87.853 Y77.851 F9000
;TYPE:Internal infill
;WIDTH:0.44
G1 F7200
G1 X86.479 Y77.73 E.04554
G1 X85.53 Y78.043 E.03299
G1 X81.184 Y73.697 E.20293
G1 X81.479 Y73.697 E.00974
G1 X73.697 Y81.479 E.36337
G1 X73.697 Y81.184 E.00974
G1 X178.816 Y186.303 E4.90838
G1 X178.521 Y186.303 E.00974
G1 X186.303 Y178.521 E.36337
G1 X186.303 Y178.816 E.00974
G1 X182.247 Y174.76 E.18939
G1 X182.247 Y175.089 E.01086
G1 X186.303 Y171.033 E.18939
G1 X186.303 Y171.328 E.00974
G1 X169.697 Y154.722 E.77539
G1 X169.697 Y157.69 E.098
G1 X174.002 Y153.384 E.20104
G1 X173.775 Y152.276 E.03734
G1 X173.753 Y151.291 E.03253
G1 X169.697 Y147.235 E.18939
G1 X169.697 Y150.202 E.09796
G1 X173.923 Y145.976 E.19733
G1 X174.072 Y145.388 E.02003
G1 X174.558 Y144.608 E.03034
G1 X169.697 Y139.747 E.22698
G1 X169.697 Y142.715 E.098
G1 X186.303 Y126.109 E.77539
G1 X186.303 Y126.404 E.00974
G1 X169.697 Y109.798 E.77539
G1 X169.697 Y112.765 E.09796
G1 X186.303 Y96.159 E.77539
G1 X186.303 Y96.454 E.00974
G1 X163.546 Y73.697 E1.0626
G1 X163.841 Y73.697 E.00974
G1 X147.235 Y90.303 E.77539
G1 X150.202 Y90.303 E.09796
G1 X133.596 Y73.697 E.77539
G1 X133.891 Y73.697 E.00974
G1 X117.285 Y90.303 E.77539
G1 X120.253 Y90.303 E.098
G1 X103.647 Y73.697 E.77539
G1 X103.942 Y73.697 E.00974
G1 X80.019 Y97.619 E1.11703
G1 X83.763 Y101.363 E.17482
G1 X111.429 Y73.697 E1.29182
G1 X111.134 Y73.697 E.00974
G1 X127.74 Y90.303 E.77539
G1 X124.773 Y90.303 E.09796
G1 X141.379 Y73.697 E.77539
G1 X141.084 Y73.697 E.00974
G1 X157.69 Y90.303 E.77539
G1 X154.722 Y90.303 E.098
G1 X171.328 Y73.697 E.77539
G1 X171.033 Y73.697 E.00974
G1 X175.709 Y78.373 E.21834
G1 X175.269 Y78.717 E.01844
G1 X174.402 Y79.695 E.04315
G1 X174.139 Y80.134 E.0169
G1 E-3.5 F3600
;WIPE_START
G1 F7200
G1 X174.402 Y79.695 E-.24308
G1 X175.269 Y78.717 E-.62081
G1 X175.709 Y78.373 E-.26529
G1 X175.157 Y77.821 E-.37082
;WIPE_END
G1 X177.844 Y78.129 F9000
G1 E5 F2400
;TYPE:Solid infill
;WIDTH:0.44003
G1 F7200
G1 X179.078 Y78.278 E.04104
G1 X179.366 Y78.349 E.00979
G1 X179.66 Y78.499 E.0109
G1 X180.686 Y79.207 E.04116
G1 X180.825 Y79.318 E.00587
G1 X181.096 Y79.67 E.01467
G1 X181.675 Y80.774 E.04116
G1 X181.778 Y81.04 E.00942
G1 X181.824 Y81.378 E.01126
G1 X181.824 Y82.622 E.04108
G1 X181.79 Y82.914 E.00971
G1 X181.675 Y83.226 E.01098
G1 X181.096 Y84.329 E.04113
;WIDTH:0.453198
G1 X180.828 Y84.67 E.0148
G1 X180.686 Y84.793 E.00641
;WIDTH:0.44003
G1 X179.663 Y85.499 E.04104
G1 X179.196 Y85.701 E.0168
G1 X177.845 Y85.871 E.04496
G1 X177.508 Y85.867 E.01113
G1 X177.226 Y85.797 E.00959
G1 X176.062 Y85.355 E.04111
G1 X175.819 Y85.231 E.00901
G1 X175.55 Y85.001 E.01169
G1 X174.725 Y84.071 E.04105
G1 X174.546 Y83.807 E.01053
G1 X174.436 Y83.52 E.01015
G1 X174.138 Y82.31 E.04115
G1 X174.119 Y81.785 E.01735
G1 X174.436 Y80.481 E.04431
G1 X174.527 Y80.229 E.00885
G1 X174.725 Y79.929 E.01187
G1 X175.551 Y78.997 E.04112
G1 X175.688 Y78.875 E.00606
G1 X176.061 Y78.645 E.01447
G1 X177.225 Y78.204 E.0411
G1 X177.504 Y78.133 E.00951
G1 X177.645 Y78.131 E.00466
G1 E-3.5 F3600
;WIPE_START
G1 F7200
G1 X177.504 Y78.133 E-.06698
G1 X177.225 Y78.204 E-.13675
G1 X176.061 Y78.645 E-.59125
G1 X175.688 Y78.875 E-.20815
G1 X175.551 Y78.997 E-.08714
G1 X174.979 Y79.643 E-.40973
;WIPE_END
G1 X175.01 Y84.99 F9000
G1 E5 F2400
;TYPE:Internal infill
;WIDTH:0.44
G1 F7200
G1 X169.206 Y90.794 E.27101
G1 X169.487 Y91.158 E.01518
G1 X169.637 Y91.52 E.01294
G1 X169.697 Y91.943 E.01411
G1 X169.697 Y93.046 E.03642
G1 E-3.5 F3600
;WIPE_START
G1 F7200
G1 X169.697 Y91.943 E-.52393
G1 X169.637 Y91.52 E-.20294
G1 X169.487 Y91.158 E-.18613
G1 X169.206 Y90.794 E-.21843
G1 X169.755 Y90.245 E-.36857
;WIPE_END
G1 X167.56 Y90.7 F9000
G1 E5 F2400
;TYPE:Solid infill
;WIDTH:0.440156
G1 F7200
G1 X167.567 Y90.7 E.00023
;WIDTH:0.440512
G1 X168.253 Y90.724 E.02269
G1 X168.561 Y90.821 E.01068
;WIDTH:0.440026
G1 X168.916 Y91.073 E.01438
G1 X169.124 Y91.336 E.01107
G1 X169.241 Y91.602 E.0096
G1 X169.3 Y91.985 E.0128
G1 X169.3 Y159.761 E2.23793
G1 X169.271 Y159.972 E.00703
;WIDTH:0.441328
G1 X169.091 Y160.468 E.01748
G1 X168.895 Y160.698 E.01001
;WIDTH:0.441034
G1 X168.487 Y160.955 E.01596
G1 X168.034 Y161.04 E.01526
;WIDTH:0.44003
G1 X167.541 Y160.95 E.01655
G1 X167.115 Y160.669 E.01685
G1 X99.331 Y92.885 E3.16532
G1 X99.097 Y92.555 E.01336
;WIDTH:0.441216
G1 X98.96 Y92.062 E.01695
G1 X98.98 Y91.732 E.01095
;WIDTH:0.44003
G1 X99.063 Y91.488 E.00851
;WIDTH:0.44033
G1 X99.316 Y91.088 E.01564
;WIDTH:0.441
G1 X99.742 Y90.802 E.01698
G1 X100.237 Y90.7 E.01673
;WIDTH:0.44003
G1 X167.362 Y90.7 E2.21646
G1 E-3.5 F3600
;WIPE_START
G1 F7200
G1 X164.204 Y90.7 E-1.5
;WIPE_END
G1 X183.626 Y73.697 F9000
G1 E5 F2400
;TYPE:Internal infill
;WIDTH:0.44
G1 F7200
G1 X186.008 Y73.697 E.07865
G1 X186.303 Y73.992 E.01377
G1 X186.303 Y73.697 E.00974
G1 X181.028 Y78.972 E.24631
G1 X181.436 Y79.463 E.02108
G1 X182.043 Y80.62 E.04314
G1 X182.175 Y80.966 E.01223
G1 X182.221 Y81.342 E.01251
G1 X182.175 Y83.034 E.05589
G1 X181.587 Y84.25 E.0446
G1 X186.303 Y88.967 E.22023
G1 X186.303 Y88.672 E.00974
G1 X169.697 Y105.278 E.77539
G1 X169.697 Y102.31 E.098
G1 X186.303 Y118.916 E.77539
G1 X186.303 Y118.621 E.00974
G1 X169.697 Y135.227 E.77539
G1 X169.697 Y132.26 E.09796
G1 X186.303 Y148.866 E.77539
G1 X186.303 Y148.571 E.00974
G1 X182.133 Y152.741 E.19471
G1 X182.225 Y152.275 E.01568
G1 X186.303 Y156.353 E.19042
G1 X186.303 Y156.058 E.00974
G1 X162.381 Y179.981 E1.11703
G1 X158.637 Y176.237 E.17482
G1 X178.804 Y156.07 E.94167
G1 X178.574 Y156.111 E.00771
G1 X186.303 Y163.841 E.36092
G1 X186.303 Y163.546 E.00974
G1 X180.91 Y168.939 E.25182
G1 X179.917 Y168.258 E.03976
G1 X179.542 Y168.076 E.01376
G1 X178.303 Y167.82 E.04177
G1 X177.908 Y167.806 E.01305
G1 X176.649 Y168.028 E.04221
G1 X176.367 Y168.11 E.0097
G1 X175.88 Y168.393 E.0186
G1 X168.755 Y161.268 E.33269
G1 X168.24 Y161.431 E.01784
G1 X167.707 Y161.415 E.01761
G1 X167.065 Y161.146 E.02298
G1 X166.636 Y160.751 E.01925
G1 X154.893 Y172.493 E.5483
G1 X151.15 Y168.75 E.17477
G1 X162.892 Y157.007 E.5483
G1 X161.207 Y155.323 E.07866
G1 E-3.5 F3600
;WIPE_START
G1 F7200
G1 X162.892 Y157.007 E-1.13157
G1 X162.344 Y157.555 E-.36843
;WIPE_END
G1 X153.345 Y147.461 F9000
G1 E5 F2400
G1 F7200
G1 X151.661 Y145.776 E.07866
G1 X139.918 Y157.519 E.54832
G1 X136.175 Y153.775 E.1748
G1 X147.917 Y142.033 E.54828
G1 X144.173 Y138.289 E.17482
G1 X132.431 Y150.031 E.54828
G1 X128.687 Y146.287 E.17482
G1 X140.43 Y134.545 E.5483
G1 X136.686 Y130.802 E.1748
G1 X124.944 Y142.544 E.54828
G1 X121.2 Y138.8 E.17482
G1 X132.942 Y127.058 E.54828
G1 X129.198 Y123.314 E.17482
G1 X117.456 Y135.056 E.54828
G1 X113.713 Y131.313 E.17477
G1 X125.455 Y119.57 E.5483
G1 X121.711 Y115.827 E.1748
G1 X109.969 Y127.569 E.54828
G1 X106.225 Y123.825 E.17482
G1 X117.967 Y112.083 E.54828
G1 X116.283 Y110.398 E.07866
G1 E-3.5 F3600
;WIPE_START
G1 F7200
G1 X117.967 Y112.083 E-1.13157
G1 X117.419 Y112.631 E-.36843
;WIPE_END
G1 X104.166 Y121.766 F9000
G1 E5 F2400
G1 F7200
G1 X102.481 Y120.082 E.07866
G1 X114.224 Y108.339 E.54832
G1 X110.48 Y104.596 E.1748
G1 X98.738 Y116.338 E.54828
G1 X94.994 Y112.594 E.17482
G1 X106.736 Y100.852 E.54828
G1 X102.993 Y97.108 E.1748
G1 X91.25 Y108.85 E.5483
G1 X87.507 Y105.107 E.17477
G1 X99.249 Y93.364 E.5483
G1 X98.861 Y92.944 E.01888
G1 X98.598 Y92.358 E.02121
G1 X98.555 Y92.027 E.01102
G1 X98.59 Y91.631 E.01313
G1 X98.73 Y91.242 E.01365
G1 X90.983 Y83.495 E.36173
G1 X91.186 Y82.986 E.01809
G1 X91.221 Y82.654 E.01102
G1 X91.198 Y81.083 E.05188
G1 X91.036 Y80.606 E.01663
G1 X90.523 Y79.628 E.03646
G1 X96.454 Y73.697 E.27694
G1 X96.159 Y73.697 E.00974
G1 X112.765 Y90.303 E.77539
G1 X109.798 Y90.303 E.09796
G1 X126.404 Y73.697 E.77539
G1 X126.109 Y73.697 E.00974
G1 X142.715 Y90.303 E.77539
G1 X139.747 Y90.303 E.098
G1 X156.353 Y73.697 E.77539
G1 X156.058 Y73.697 E.00974
G1 X186.303 Y103.942 E1.41225
G1 X186.303 Y103.647 E.00974
G1 X169.697 Y120.253 E.77539
G1 X169.697 Y117.285 E.098
G1 X186.303 Y133.891 E.77539
G1 X186.303 Y133.596 E.00974
G1 X176.919 Y142.981 E.4382
G1 X177.919 Y142.805 E.03352
G1 X178.346 Y142.828 E.01412
G1 X179.266 Y143.018 E.03102
G1 X177.92 Y143.208 F9000
;TYPE:Solid infill
;WIDTH:0.440032
G1 F7200
G1 X178.309 Y143.226 E.01286
G1 X179.389 Y143.449 E.03641
G1 X179.733 Y143.612 E.01257
;WIDTH:0.440628
G1 X180.703 Y144.284 E.03902
G1 X180.899 Y144.51 E.00989
;WIDTH:0.440256
G1 X181.446 Y145.329 E.03254
G1 X181.635 Y145.794 E.01658
;WIDTH:0.44006
G1 X181.85 Y147.002 E.04052
G1 X181.85 Y151.998 E.16498
G1 X181.829 Y152.23 E.00769
G1 X181.635 Y153.21 E.03299
G1 X181.44 Y153.679 E.01677
;WIDTH:0.440284
G1 X180.893 Y154.498 E.03254
G1 X180.54 Y154.849 E.01645
;WIDTH:0.440028
G1 X179.716 Y155.399 E.03271
G1 X179.235 Y155.589 E.01708
G1 X178.179 Y155.779 E.03543
G1 X177.695 Y155.775 E.01598
G1 X176.74 Y155.585 E.03215
G1 X176.271 Y155.39 E.01677
G1 X175.46 Y154.849 E.03219
G1 X175.101 Y154.49 E.01676
G1 X174.56 Y153.679 E.03219
G1 X174.365 Y153.21 E.01677
;WIDTH:0.45792
G1 X174.15 Y151.998 E.04248
;WIDTH:0.440028
G1 X174.15 Y147.002 E.16497
G1 X174.176 Y146.744 E.00856
G1 X174.365 Y145.79 E.03211
G1 X174.56 Y145.321 E.01677
G1 X175.101 Y144.51 E.03219
G1 X175.46 Y144.151 E.01676
G1 X176.285 Y143.601 E.03274
G1 X176.766 Y143.411 E.01708
G1 X177.725 Y143.242 E.03215
G1 E-3.5 F3600
;WIPE_START
G1 F7200
G1 X176.766 Y143.411 E-.46254
G1 X176.285 Y143.601 E-.24565
G1 X175.46 Y144.151 E-.47098
G1 X175.101 Y144.51 E-.24116
G1 X175.008 Y144.65 E-.07967
;WIPE_END
G1 X182.247 Y147.792 F9000
G1 E5 F2400
;TYPE:Internal infill
;WIDTH:0.44
G1 F7200
G1 X182.22 Y146.695 E.03623
G1 X181.945 Y145.442 E.04236
G1 X186.303 Y141.084 E.20349
G1 X186.303 Y141.379 E.00974
G1 X169.697 Y124.773 E.77539
G1 X169.697 Y127.74 E.09796
G1 X186.303 Y111.134 E.77539
G1 X186.303 Y111.429 E.00974
G1 X169.697 Y94.823 E.77539
G1 X169.697 Y97.79 E.09796
G1 X186.303 Y81.184 E.77539
G1 X186.303 Y81.479 E.00974
G1 X178.521 Y73.697 E.36337
G1 X178.816 Y73.697 E.00974
G1 X162.21 Y90.303 E.77539
G1 X165.177 Y90.303 E.09796
G1 X148.571 Y73.697 E.77539
G1 X148.866 Y73.697 E.00974
G1 X132.26 Y90.303 E.77539
G1 X135.227 Y90.303 E.09796
G1 X118.621 Y73.697 E.77539
G1 X118.916 Y73.697 E.00974
G1 X102.31 Y90.303 E.77539
G1 X105.278 Y90.303 E.098
G1 X88.672 Y73.697 E.77539
G1 X88.967 Y73.697 E.00974
G1 X73.697 Y88.967 E.71301
G1 X73.697 Y88.672 E.00974
G1 X171.328 Y186.303 E4.55874
G1 X171.033 Y186.303 E.00974
G1 X176.43 Y180.906 E.252
G1 X177.674 Y181.175 E.04202
G1 X178.217 Y181.175 E.01793
G1 X179.648 Y180.884 E.04821
G1 X180.412 Y180.412 E.02965
G1 X186.303 Y186.303 E.27507
G1 X186.008 Y186.303 E.00974
G1 X186.303 Y186.008 E.01377
G1 X186.303 Y183.626 E.07865
G1 E-3.5 F3600
;WIPE_START
G1 F7200
G1 X186.303 Y186.008 E-1.13145
G1 X186.008 Y186.303 E-.19817
G1 X186.303 Y186.303 E-.14012
G1 X186.258 Y186.258 E-.03026
;WIPE_END
G1 X177.915 Y168.208 F9000
G1 E5 F2400
;TYPE:Solid infill
;WIDTH:0.440028
G1 F7200
G1 X178.272 Y168.219 E.01179
G1 X179.389 Y168.449 E.03766
G1 X179.733 Y168.612 E.01257
;WIDTH:0.440628
G1 X180.703 Y169.284 E.03902
G1 X180.899 Y169.51 E.00989
;WIDTH:0.440256
G1 X181.446 Y170.329 E.03254
G1 X181.635 Y170.794 E.01658
;WIDTH:0.440056
G1 X181.85 Y172.002 E.04052
G1 X181.85 Y176.998 E.16498
G1 X181.829 Y177.23 E.00769
G1 X181.635 Y178.21 E.03299
G1 X181.44 Y178.679 E.01677
G1 X180.898 Y179.49 E.03221
;WIDTH:0.461888
G1 X180.746 Y179.663 E.00802
G1 X180.539 Y179.849 E.00969
;WIDTH:0.44003
G1 X179.712 Y180.401 E.03283
G1 X179.236 Y180.589 E.0169
G1 X178.173 Y180.78 E.03566
G1 X177.722 Y180.78 E.01489
G1 X176.74 Y180.585 E.03306
G1 X176.27 Y180.39 E.0168
G1 X175.338 Y179.754 E.03726
G1 X175.1 Y179.487 E.01181
G1 X174.485 Y178.548 E.03706
G1 X174.364 Y178.205 E.01201
G1 X174.15 Y176.998 E.04048
G1 X174.15 Y172.002 E.16497
G1 X174.176 Y171.742 E.00863
G1 X174.474 Y170.473 E.04304
G1 X175.1 Y169.512 E.03787
G1 X175.46 Y169.151 E.01683
;WIDTH:0.440314
G1 X176.28 Y168.604 E.03257
G1 X176.75 Y168.414 E.01675
;WIDTH:0.440028
G1 X177.72 Y168.243 E.03252
G1 E-3.5 F3600
;WIPE_START
G1 F7200
G1 X176.75 Y168.414 E-.46785
G1 X176.28 Y168.604 E-.2408
G1 X175.46 Y169.151 E-.46821
G1 X175.1 Y169.512 E-.24217
G1 X175.007 Y169.655 E-.08097
;WIPE_END
G1 X149.091 Y166.691 F9000
G1 E5 F2400
;TYPE:Internal infill
;WIDTH:0.44
G1 F7200
G1 X147.406 Y165.006 E.07868
G1 X159.148 Y153.264 E.54828
G1 X155.404 Y149.52 E.17482
G1 X143.662 Y161.262 E.54828
G1 X145.347 Y162.947 E.07868
G1 E-3.5 F3600
;WIPE_START
G1 F7200
G1 X143.662 Y161.262 E-1.1319
G1 X144.21 Y160.714 E-.3681
;WIPE_END
G1 X186.502 Y73.3 F9000
G1 E5 F2400
;TYPE:Solid infill
;WIDTH:0.474094
G1 F7200
G1 X186.584 Y73.317 E.003
;WIDTH:0.50816
G1 X186.666 Y73.334 E.00324
G1 X186.683 Y73.416 E.00324
;WIDTH:0.474095
G1 X186.7 Y73.498 E.003
;WIDTH:0.44003
G1 X186.7 Y186.502 E3.73137
;WIDTH:0.474097
G1 X186.683 Y186.584 E.003
;WIDTH:0.508164
G1 X186.666 Y186.666 E.00324
G1 X186.601 Y186.682 E.00259
;WIDTH:0.4756
G1 X186.536 Y186.699 E.00242
;WIDTH:0.443036
G1 X186.502 Y186.7 E.00113
;WIDTH:0.440028
G1 X168.621 Y186.7 E.59042
G1 X168.48 Y186.642 E.00503
G1 X73.358 Y91.52 E4.4419
G1 X73.3 Y91.379 E.00503
G1 X73.3 Y73.498 E.59042
;WIDTH:0.474097
G1 X73.317 Y73.416 E.003
;WIDTH:0.508162
G1 X73.334 Y73.334 E.00324
G1 X73.416 Y73.317 E.00324
;WIDTH:0.474095
G1 X73.498 Y73.3 E.003
;WIDTH:0.440028
G1 X186.303 Y73.3 E3.72478
;LAYER_CHANGE
;Z:4.2
;HEIGHT:0.2
;BEFORE_LAYER_CHANGE
G92 E0
;4.2


G1 E-3.5 F3600
;WIPE_START
G1 F7200
G1 X183.145 Y73.3 E-1.5
;WIPE_END
G1 Z4.2 F9000
;AFTER_LAYER_CHANGE
;4.2
G1 X168.702 Y91.3
G1 E5 F2400
;TYPE:Perimeter
;WIDTH:0.439999
G1 F7200
G1 X168.871 Y91.505 E.00877
G1 X168.977 Y91.799 E.01032
G1 X168.994 Y92.845 E.03454
G1 X168.994 Y159.768 E2.20961
G1 X168.925 Y160.127 E.01207
G1 X168.773 Y160.386 E.00992
G1 X168.517 Y160.605 E.01112
G1 X168.219 Y160.72 E.01055
G1 X167.84 Y160.723 E.01251
G1 X167.527 Y160.605 E.01104
G1 X167.334 Y160.455 E.00807
G1 X99.545 Y92.666 E3.1653
G1 X99.354 Y92.395 E.01095
G1 X99.265 Y92.08 E.01081
G1 X99.268 Y91.851 E.00756
G1 X99.394 Y91.485 E.01278
G1 X99.603 Y91.237 E.01071
G1 X99.905 Y91.063 E.01151
G1 X100.232 Y91.006 E.01096
G1 X168.021 Y91.006 E2.23821
G1 X168.333 Y91.057 E.01044
G1 X168.647 Y91.234 E.0119
G1 X168.663 Y91.254 E.00085
G1 X168.418 Y91.581 F9000
G1 F7200
G1 X168.485 Y91.637 E.00288
G1 X168.587 Y91.872 E.00846
G1 X168.597 Y92.845 E.03213
G1 X168.597 Y159.768 E2.20961
G1 X168.533 Y160.031 E.00894
G1 X168.334 Y160.251 E.00979
G1 X168.093 Y160.339 E.00847
G1 X167.814 Y160.305 E.00928
G1 X167.614 Y160.175 E.00788
G1 X99.825 Y92.386 E3.1653
G1 X99.679 Y92.136 E.00956
G1 X99.662 Y91.903 E.00771
G1 X99.74 Y91.681 E.00777
G1 X99.947 Y91.479 E.00955
G1 X100.232 Y91.403 E.00974
G1 X168.021 Y91.403 E2.23821
G1 X168.274 Y91.461 E.00857
G1 X168.372 Y91.543 E.00422
G1 X168.148 Y91.844 F9000
;TYPE:External perimeter
;WIDTH:0.419999
G1 F3600
G1 X168.158 Y91.848 E.00034
G1 X168.21 Y91.979 E.00442
G1 X168.21 Y159.768 E2.12547
G1 X168.148 Y159.907 E.00477
G1 X167.996 Y159.954 E.00499
G1 X167.888 Y159.901 E.00377
G1 X100.099 Y92.112 E3.00587
G1 X100.046 Y91.954 E.00523
G1 X100.123 Y91.825 E.00471
G1 X100.232 Y91.79 E.00359
G1 X168.021 Y91.79 E2.12547
G1 X168.093 Y91.821 E.00246
G1 E-3.5
;WIPE_START
G1 F7200
G1 X168.148 Y91.844 E-.02832
G1 X168.158 Y91.848 E-.00512
G1 X168.21 Y91.979 E-.06695
G1 X168.21 Y94.926 E-1.39961
;WIPE_END
G1 X90.474 Y82.856 F9000
G1 E5 F2400
;TYPE:Perimeter
;WIDTH:0.439999
G1 F3600
G1 X90.447 Y82.994 E.00464
G1 X89.824 Y84.191 E.04455
G1 X89.603 Y84.471 E.01178
G1 X88.999 Y84.896 E.02438
G1 X88.482 Y85.252 E.02073
G1 X88.167 Y85.395 E.01142
G1 X88.047 Y85.417 E.00403
G1 X86.801 Y85.569 E.04144
G1 X86.434 Y85.543 E.01215
G1 X85.166 Y85.067 E.04472
G1 X84.849 Y84.871 E.01231
G1 X83.95 Y83.864 E.04457
G1 X83.771 Y83.568 E.01142
G1 X83.433 Y82.233 E.04547
G1 X83.412 Y81.882 E.01161
G1 X83.734 Y80.549 E.04528
G1 X83.87 Y80.24 E.01115
G1 X83.95 Y80.136 E.00433
G1 X84.782 Y79.197 E.04142
G1 X85.017 Y79.004 E.01004
G1 X86.339 Y78.488 E.04686
G1 X86.684 Y78.424 E.01159
G1 X88.047 Y78.583 E.04531
G1 X88.28 Y78.641 E.00793
G1 X88.482 Y78.748 E.00755
G1 X89.515 Y79.461 E.04144
G1 X89.747 Y79.686 E.01067
G1 X89.824 Y79.809 E.00479
G1 X90.407 Y80.92 E.04143
G1 X90.515 Y81.293 E.01282
G1 X90.519 Y82.628 E.04408
G1 X90.485 Y82.797 E.00569
G1 X90.089 Y82.761 F9000
G1 F3600
G1 X90.056 Y82.895 E.00456
G1 X89.472 Y84.006 E.04144
G1 X89.29 Y84.213 E.0091
G1 X88.257 Y84.925 E.04142
G1 X87.999 Y85.023 E.00911
G1 X86.753 Y85.174 E.04144
G1 X86.48 Y85.141 E.00908
G1 X85.306 Y84.696 E.04145
G1 X85.08 Y84.54 E.00907
G1 X84.247 Y83.6 E.04147
G1 X84.119 Y83.356 E.0091
G1 X83.819 Y82.138 E.04142
G1 X83.819 Y81.862 E.00911
G1 X84.119 Y80.644 E.04142
G1 X84.247 Y80.4 E.0091
G1 X85.08 Y79.46 E.04147
G1 X85.306 Y79.304 E.00907
G1 X86.48 Y78.859 E.04145
G1 X86.753 Y78.826 E.00908
G1 X87.999 Y78.977 E.04144
G1 X88.257 Y79.075 E.00911
G1 X89.29 Y79.787 E.04142
G1 X89.472 Y79.994 E.0091
G1 X90.056 Y81.105 E.04144
G1 X90.122 Y81.372 E.00908
G1 X90.122 Y82.628 E.04147
G1 X90.103 Y82.703 E.00255
G1 X89.713 Y82.67 F9000
;TYPE:External perimeter
;WIDTH:0.419999
G1 F3600
G1 X89.13 Y83.826 E.04059
G1 X88.037 Y84.607 E.04212
G1 X87.953 Y84.639 E.00282
G1 X86.707 Y84.79 E.03935
G1 X86.617 Y84.779 E.00284
G1 X85.444 Y84.334 E.03934
G1 X85.095 Y83.974 E.01572
G1 X84.537 Y83.344 E.02639
G1 X84.495 Y83.264 E.00283
G1 X84.195 Y82.045 E.03936
G1 X84.195 Y81.955 E.00282
G1 X84.495 Y80.736 E.03936
G1 X84.537 Y80.656 E.00283
G1 X85.369 Y79.717 E.03934
G1 X85.444 Y79.666 E.00284
G1 X86.617 Y79.221 E.03934
G1 X86.707 Y79.21 E.00284
G1 X87.953 Y79.361 E.03935
G1 X88.037 Y79.393 E.00282
G1 X89.07 Y80.106 E.03935
G1 X89.13 Y80.174 E.00284
G1 X89.713 Y81.285 E.03934
G1 X89.734 Y82.615 E.04171
G1 E-3.5
;WIPE_START
G1 F7200
G1 X89.713 Y82.67 E-.02796
G1 X89.13 Y83.826 E-.61498
G1 X88.037 Y84.607 E-.63809
G1 X87.953 Y84.639 E-.0427
G1 X87.585 Y84.684 E-.17627
;WIPE_END
G1 X174.423 Y82 F9000
G1 E5 F2400
;TYPE:Perimeter
;WIDTH:0.439999
G1 F3600
G1 X174.433 Y81.767 E.0077
G1 X174.734 Y80.549 E.04142
G1 X174.87 Y80.24 E.01115
G1 X175.782 Y79.197 E.04575
G1 X176.017 Y79.004 E.01004
G1 X177.339 Y78.488 E.04686
G1 X177.684 Y78.424 E.01159
G1 X177.801 Y78.431 E.00387
G1 X179.047 Y78.583 E.04144
G1 X179.28 Y78.641 E.00793
G1 X179.482 Y78.748 E.00755
G1 X180.515 Y79.461 E.04144
G1 X180.734 Y79.668 E.00995
G1 X180.824 Y79.809 E.00552
G1 X181.407 Y80.92 E.04143
G1 X181.49 Y81.136 E.00764
G1 X181.519 Y81.372 E.00785
G1 X181.519 Y82.628 E.04147
G1 X181.49 Y82.864 E.00785
G1 X181.407 Y83.08 E.00764
G1 X180.824 Y84.191 E.04143
G1 X180.629 Y84.447 E.01063
G1 X179.482 Y85.252 E.04627
G1 X179.148 Y85.4 E.01206
G1 X177.801 Y85.569 E.04482
G1 X177.427 Y85.541 E.01238
G1 X176.166 Y85.067 E.04448
G1 X175.855 Y84.877 E.01203
G1 X174.95 Y83.864 E.04485
G1 X174.763 Y83.547 E.01215
G1 X174.417 Y82.15 E.04752
G1 X174.421 Y82.06 E.00297
G1 X174.819 Y82 F9000
G1 F3600
G1 X174.819 Y81.862 E.00456
G1 X175.119 Y80.644 E.04142
G1 X175.247 Y80.4 E.0091
G1 X176.08 Y79.46 E.04147
G1 X176.306 Y79.304 E.00907
G1 X177.48 Y78.859 E.04145
G1 X177.753 Y78.826 E.00908
G1 X178.999 Y78.977 E.04144
G1 X179.257 Y79.075 E.00911
G1 X180.29 Y79.788 E.04144
G1 X180.472 Y79.994 E.00908
G1 X181.056 Y81.105 E.04144
G1 X181.122 Y81.372 E.00908
G1 X181.122 Y82.628 E.04147
G1 X181.056 Y82.895 E.00908
G1 X180.472 Y84.006 E.04144
G1 X180.29 Y84.213 E.0091
G1 X179.257 Y84.925 E.04142
G1 X178.999 Y85.023 E.00911
G1 X177.753 Y85.174 E.04144
G1 X177.48 Y85.141 E.00908
G1 X176.306 Y84.696 E.04145
G1 X176.08 Y84.54 E.00907
G1 X175.247 Y83.6 E.04147
G1 X175.119 Y83.356 E.0091
G1 X174.819 Y82.138 E.04142
G1 X174.819 Y82.06 E.00258
G1 X175.189 Y82 F9000
;TYPE:External perimeter
;WIDTH:0.419999
G1 F3600
G1 X175.195 Y81.955 E.00142
G1 X175.495 Y80.736 E.03936
G1 X175.537 Y80.656 E.00283
G1 X176.369 Y79.717 E.03934
G1 X176.444 Y79.666 E.00284
G1 X177.617 Y79.221 E.03934
G1 X177.707 Y79.21 E.00284
G1 X178.953 Y79.361 E.03935
G1 X179.037 Y79.393 E.00282
G1 X180.07 Y80.106 E.03935
G1 X180.13 Y80.174 E.00284
G1 X180.713 Y81.285 E.03934
G1 X180.734 Y81.372 E.00281
G1 X180.734 Y82.628 E.03938
G1 X180.713 Y82.715 E.00281
G1 X180.13 Y83.826 E.03934
G1 X180.07 Y83.894 E.00284
G1 X179.037 Y84.607 E.03935
G1 X178.953 Y84.639 E.00282
G1 X177.707 Y84.79 E.03935
G1 X176.444 Y84.334 E.0421
G1 X175.537 Y83.344 E.0421
G1 X175.305 Y82.493 E.02766
G1 X175.203 Y82.058 E.01401
G1 E-3.5
;WIPE_START
G1 F7200
G1 X175.189 Y82 E-.02834
G1 X175.195 Y81.955 E-.02156
G1 X175.495 Y80.736 E-.5963
G1 X175.537 Y80.656 E-.04292
G1 X176.369 Y79.717 E-.59592
G1 X176.444 Y79.666 E-.04308
G1 X176.782 Y79.538 E-.17188
;WIPE_END
G1 X177.854 Y143.526 F9000
G1 E5 F2400
;TYPE:Perimeter
;WIDTH:0.439999
G1 F3600
G1 X177.88 Y143.521 E.00087
G1 X178.242 Y143.525 E.01195
G1 X179.205 Y143.716 E.03241
G1 X179.555 Y143.861 E.01251
G1 X180.374 Y144.408 E.03252
G1 X180.642 Y144.676 E.01251
G1 X181.189 Y145.495 E.03252
G1 X181.334 Y145.845 E.01251
G1 X181.525 Y146.808 E.03241
G1 X181.544 Y146.998 E.0063
G1 X181.544 Y152.002 E.16522
G1 X181.334 Y153.155 E.0387
G1 X181.189 Y153.505 E.01251
G1 X180.642 Y154.324 E.03252
G1 X180.374 Y154.592 E.01251
G1 X179.555 Y155.139 E.03252
G1 X179.187 Y155.287 E.0131
G1 X178.12 Y155.479 E.0358
G1 X177.758 Y155.475 E.01195
G1 X176.795 Y155.284 E.03241
G1 X176.445 Y155.139 E.01251
G1 X175.626 Y154.592 E.03252
G1 X175.358 Y154.324 E.01251
G1 X174.811 Y153.505 E.03252
G1 X174.666 Y153.155 E.01251
G1 X174.475 Y152.192 E.03241
G1 X174.456 Y152.002 E.0063
G1 X174.456 Y146.998 E.16522
G1 X174.666 Y145.845 E.0387
G1 X174.811 Y145.495 E.01251
G1 X175.358 Y144.676 E.03252
G1 X175.626 Y144.408 E.01251
G1 X176.445 Y143.861 E.03252
G1 X176.813 Y143.713 E.0131
G1 X177.795 Y143.536 E.03295
G1 X177.893 Y143.922 F9000
G1 F3600
G1 X177.95 Y143.912 E.00191
G1 X178.164 Y143.914 E.00707
G1 X179.127 Y144.106 E.03242
G1 X179.335 Y144.191 E.00742
G1 X180.153 Y144.738 E.03249
G1 X180.312 Y144.897 E.00742
G1 X180.859 Y145.715 E.03249
G1 X180.944 Y145.923 E.00742
G1 X181.147 Y146.998 E.03612
G1 X181.147 Y152.002 E.16522
G1 X180.944 Y153.077 E.03612
G1 X180.859 Y153.285 E.00742
G1 X180.312 Y154.103 E.03249
G1 X180.153 Y154.262 E.00742
G1 X179.335 Y154.809 E.03249
G1 X179.117 Y154.896 E.00775
G1 X178.05 Y155.088 E.0358
G1 X177.836 Y155.086 E.00707
G1 X176.873 Y154.894 E.03242
G1 X176.665 Y154.809 E.00742
G1 X175.847 Y154.262 E.03249
G1 X175.688 Y154.103 E.00742
G1 X175.141 Y153.285 E.03249
G1 X175.056 Y153.077 E.00742
G1 X174.864 Y152.114 E.03242
G1 X174.853 Y146.998 E.16892
G1 X175.056 Y145.923 E.03612
G1 X175.141 Y145.715 E.00742
G1 X175.688 Y144.897 E.03249
G1 X175.847 Y144.738 E.00742
G1 X176.665 Y144.191 E.03249
G1 X176.883 Y144.104 E.00775
G1 X177.834 Y143.933 E.0319
G1 X177.931 Y144.309 F9000
;TYPE:External perimeter
;WIDTH:0.419999
G1 F3600
G1 X178.019 Y144.293 E.0028
G1 X179.052 Y144.485 E.03294
G1 X179.938 Y145.06 E.03312
G1 X180.537 Y145.93 E.03312
G1 X180.565 Y145.998 E.00231
G1 X180.76 Y146.998 E.03194
G1 X180.76 Y152.002 E.1569
G1 X180.565 Y153.002 E.03194
G1 X179.99 Y153.888 E.03312
G1 X179.12 Y154.487 E.03312
G1 X178.226 Y154.663 E.02857
G1 X177.911 Y154.706 E.00997
G1 X176.948 Y154.515 E.03078
G1 X176.062 Y153.94 E.03312
G1 X175.463 Y153.07 E.03312
G1 X175.244 Y152.039 E.03305
G1 X175.24 Y146.998 E.15806
G1 X175.435 Y145.998 E.03194
G1 X176.01 Y145.112 E.03312
G1 X176.88 Y144.513 E.03312
G1 X176.952 Y144.485 E.00242
G1 X177.872 Y144.319 E.02931
G1 E-3.5
;WIPE_START
G1 F7200
G1 X177.931 Y144.309 E-.02842
G1 X178.019 Y144.293 E-.04249
G1 X179.052 Y144.485 E-.49908
G1 X179.938 Y145.06 E-.50171
G1 X180.449 Y145.803 E-.4283
;WIPE_END
G1 X177.855 Y168.54 F9000
G1 E5 F2400
;TYPE:Perimeter
;WIDTH:0.439999
G1 F3600
G1 X178.13 Y168.509 E.00914
G1 X178.895 Y168.654 E.02571
G1 X179.435 Y168.793 E.01841
G1 X180.374 Y169.408 E.03706
G1 X180.642 Y169.676 E.01251
G1 X181.189 Y170.495 E.03252
G1 X181.334 Y170.845 E.01251
G1 X181.525 Y171.808 E.03241
G1 X181.544 Y171.998 E.0063
G1 X181.544 Y177.002 E.16522
G1 X181.334 Y178.155 E.0387
G1 X181.189 Y178.505 E.01251
G1 X180.642 Y179.324 E.03252
G1 X180.374 Y179.592 E.01251
G1 X179.555 Y180.139 E.03252
G1 X179.187 Y180.287 E.0131
G1 X178.116 Y180.48 E.03593
G1 X177.758 Y180.475 E.01182
G1 X176.795 Y180.284 E.03241
G1 X176.445 Y180.139 E.01251
G1 X175.626 Y179.592 E.03252
G1 X175.358 Y179.324 E.01251
G1 X174.811 Y178.505 E.03252
G1 X174.666 Y178.155 E.01251
G1 X174.475 Y177.192 E.03241
G1 X174.456 Y177.002 E.0063
G1 X174.456 Y171.998 E.16522
G1 X174.666 Y170.845 E.0387
G1 X174.811 Y170.495 E.01251
G1 X175.358 Y169.676 E.03252
G1 X175.626 Y169.408 E.01251
G1 X176.445 Y168.861 E.03252
G1 X176.801 Y168.715 E.0127
G1 X177.635 Y168.565 E.02798
G1 X177.796 Y168.547 E.00535
G1 X177.893 Y168.922 F9000
G1 F3600
G1 X177.95 Y168.912 E.00191
G1 X178.164 Y168.914 E.00707
G1 X179.127 Y169.106 E.03242
G1 X179.335 Y169.191 E.00742
G1 X180.153 Y169.738 E.03249
G1 X180.312 Y169.897 E.00742
G1 X180.859 Y170.715 E.03249
G1 X180.944 Y170.923 E.00742
G1 X181.136 Y171.886 E.03242
G1 X181.147 Y177.002 E.16892
G1 X180.944 Y178.077 E.03612
G1 X180.859 Y178.285 E.00742
G1 X180.312 Y179.103 E.03249
G1 X180.153 Y179.262 E.00742
G1 X179.335 Y179.809 E.03249
G1 X179.117 Y179.896 E.00775
G1 X178.047 Y180.088 E.03589
G1 X177.836 Y180.086 E.00697
G1 X176.873 Y179.894 E.03242
G1 X176.665 Y179.809 E.00742
G1 X175.847 Y179.262 E.03249
G1 X175.688 Y179.103 E.00742
G1 X175.141 Y178.285 E.03249
G1 X175.056 Y178.077 E.00742
G1 X174.853 Y177.002 E.03612
G1 X174.853 Y171.998 E.16522
G1 X175.056 Y170.923 E.03612
G1 X175.141 Y170.715 E.00742
G1 X175.688 Y169.897 E.03249
G1 X175.847 Y169.738 E.00742
G1 X176.665 Y169.191 E.03249
G1 X176.883 Y169.104 E.00775
G1 X177.834 Y168.933 E.0319
G1 X177.932 Y169.315 F9000
;TYPE:External perimeter
;WIDTH:0.419999
G1 F3600
G1 X178.089 Y169.294 E.00497
G1 X179.052 Y169.485 E.03078
G1 X179.938 Y170.06 E.03312
G1 X180.537 Y170.93 E.03312
G1 X180.756 Y171.961 E.03305
G1 X180.76 Y177.002 E.15806
G1 X180.565 Y178.002 E.03194
G1 X179.99 Y178.888 E.03312
G1 X179.12 Y179.487 E.03312
G1 X179.048 Y179.515 E.00242
G1 X177.98 Y179.707 E.03402
G1 X176.948 Y179.515 E.03291
G1 X176.062 Y178.94 E.03312
G1 X175.649 Y178.347 E.02266
G1 X175.435 Y178.002 E.01273
G1 X175.24 Y177.002 E.03194
G1 X175.24 Y171.998 E.1569
G1 X175.435 Y170.998 E.03194
G1 X176.01 Y170.112 E.03312
G1 X176.88 Y169.513 E.03312
G1 X177.774 Y169.337 E.02857
G1 X177.872 Y169.323 E.0031
G1 E-3.5
;WIPE_START
G1 F7200
G1 X177.932 Y169.315 E-.02875
G1 X178.089 Y169.294 E-.07524
G1 X179.052 Y169.485 E-.46634
G1 X179.938 Y170.06 E-.50171
G1 X180.449 Y170.802 E-.42796
;WIPE_END
G1 X168.412 Y187.006 F9000
G1 E5 F2400
;TYPE:Perimeter
;WIDTH:0.439999
G1 F7200
G1 X72.994 Y91.588 E4.4554
G1 X72.994 Y72.994 E.61392
G1 X187.006 Y72.994 E3.76436
G1 X187.006 Y76.784 E.12514
G1 X187.006 Y187.006 E3.63923
G1 X168.472 Y187.006 E.61194
G1 X168.247 Y187.403 F9000
G1 F7200
G1 X72.597 Y91.753 E4.46623
G1 X72.597 Y72.597 E.63248
G1 X187.403 Y72.597 E3.79058
G1 X187.403 Y76.784 E.13824
G1 X187.403 Y187.403 E3.65234
G1 X168.307 Y187.403 E.6305
G1 X168.087 Y187.79 F9000
;TYPE:External perimeter
;WIDTH:0.419999
G1 F3600
G1 X72.21 Y91.913 E4.25134
G1 X72.21 Y72.21 E.61777
G1 X187.79 Y72.21 E3.62392
G1 X187.79 Y76.784 E.14341
G1 X187.79 Y187.79 E3.48051
G1 X168.147 Y187.79 E.61589
G1 E-3.5
;WIPE_START
G1 F7200
G1 X168.087 Y187.79 E-.0285
G1 X165.896 Y185.599 E-1.4715
;WIPE_END
G1 X73.123 Y91.254 F9000
G1 E5 F2400
M204 S250
;TYPE:Bridge infill
;WIDTH:0.391073
;HEIGHT:0.389872
G1 F3000
G1 X168.548 Y186.679 E6.73933
G1 X169.172 Y186.679 E.03116
G1 X73.321 Y90.828 E6.76942
G1 X73.321 Y90.204 E.03116
G1 X169.796 Y186.679 E6.81349
G1 X170.419 Y186.679 E.03111
G1 X73.321 Y89.58 E6.85752
G1 X73.321 Y88.957 E.03111
G1 X171.043 Y186.679 E6.90155
G1 X171.667 Y186.679 E.03116
G1 X73.321 Y88.333 E6.94562
G1 X73.321 Y87.709 E.03116
G1 X172.291 Y186.679 E6.98969
G1 X172.915 Y186.679 E.03116
G1 X73.321 Y87.085 E7.03376
G1 X73.321 Y86.462 E.03111
G1 X173.538 Y186.679 E7.07776
G1 X174.162 Y186.679 E.03116
G1 X73.321 Y85.838 E7.12183
G1 X73.321 Y85.214 E.03116
G1 X174.786 Y186.679 E7.1659
G1 X175.41 Y186.679 E.03116
G1 X73.321 Y84.59 E7.20997
G1 X73.321 Y83.967 E.03111
G1 X176.033 Y186.679 E7.25397
G1 X176.657 Y186.679 E.03116
G1 X73.321 Y83.343 E7.29804
G1 X73.321 Y82.719 E.03116
G1 X177.281 Y186.679 E7.34211
G1 X177.905 Y186.679 E.03116
G1 X73.321 Y82.095 E7.38618
G1 X73.321 Y81.471 E.03116
G1 X178.529 Y186.679 E7.43025
G1 X179.152 Y186.679 E.03111
G1 X73.321 Y80.848 E7.47425
G1 X73.321 Y80.224 E.03116
G1 X179.776 Y186.679 E7.51832
G1 X180.4 Y186.679 E.03116
G1 X73.321 Y79.6 E7.56239
G1 X73.321 Y78.976 E.03116
G1 X181.024 Y186.679 E7.60646
G1 X181.647 Y186.679 E.03111
G1 X73.321 Y78.353 E7.65045
G1 X73.321 Y77.729 E.03116
G1 X182.271 Y186.679 E7.69452
G1 X182.895 Y186.679 E.03116
G1 X176.843 Y180.627 E.42742
G1 X177.622 Y180.782 E.03967
G1 X183.519 Y186.679 E.41647
G1 X184.142 Y186.679 E.03111
G1 X178.251 Y180.788 E.41605
G1 X178.78 Y180.693 E.02684
G1 X184.766 Y186.679 E.42276
G1 X185.39 Y186.679 E.03116
G1 X179.304 Y180.593 E.42982
G1 X179.506 Y180.534 E.01051
G1 X179.742 Y180.407 E.01338
G1 X186.014 Y186.679 E.44296
G1 X186.638 Y186.679 E.03116
G1 X180.116 Y180.157 E.46061
G1 X180.49 Y179.908 E.02244
G1 X186.679 Y186.096 E.43706
G1 X186.679 Y185.472 E.03116
G1 X180.824 Y179.618 E.41347
G1 X181.083 Y179.253 E.02235
G1 X186.679 Y184.849 E.39521
G1 X186.679 Y184.225 E.03116
G1 X181.333 Y178.879 E.37756
G1 X181.567 Y178.49 E.02267
G1 X186.679 Y183.601 E.361
G1 X186.679 Y182.977 E.03116
G1 X181.699 Y177.997 E.35171
G1 X181.802 Y177.477 E.02647
G1 X186.679 Y182.353 E.3444
G1 X186.679 Y181.73 E.03111
G1 X181.871 Y176.922 E.33956
G1 X181.871 Y176.299 E.03111
G1 X186.679 Y181.106 E.33953
G1 X186.679 Y180.482 E.03116
G1 X181.871 Y175.675 E.33953
G1 X181.871 Y175.051 E.03116
G1 X186.679 Y179.858 E.33953
G1 X186.679 Y179.235 E.03111
G1 X181.871 Y174.427 E.33956
G1 X181.871 Y173.803 E.03116
G1 X186.679 Y178.611 E.33956
G1 X186.679 Y177.987 E.03116
G1 X181.871 Y173.18 E.33953
G1 X181.871 Y172.556 E.03116
G1 X186.679 Y177.363 E.33953
G1 X186.679 Y176.74 E.03111
G1 X181.865 Y171.926 E.33999
G1 X181.848 Y171.75 E.00883
G1 X181.732 Y171.169 E.02959
G1 X186.877 Y176.314 E.36336
M204 S500
G1 E-3.5 F3600
;WIPE_START
G1 F7200
G1 X184.644 Y174.081 E-1.5
;WIPE_END
G1 X174.613 Y178.397 F9000
G1 E5 F2400
M204 S250
G1 F3000
G1 X73.321 Y77.105 E7.15368
G1 X73.321 Y76.481 E.03116
G1 X174.168 Y177.328 E7.12226
G1 X174.129 Y177.008 E.0161
G1 X174.129 Y176.665 E.01713
G1 X73.321 Y75.857 E7.1195
G1 X73.321 Y75.234 E.03111
G1 X174.129 Y176.041 E7.11947
G1 X174.129 Y175.417 E.03116
G1 X73.321 Y74.61 E7.11947
G1 X73.321 Y73.986 E.03116
G1 X174.129 Y174.794 E7.1195
G1 X174.129 Y174.17 E.03116
G1 X85.505 Y85.546 E6.25901
G1 X85.042 Y85.37 E.02474
G1 X84.764 Y85.223 E.0157
G1 X84.543 Y85.026 E.01478
G1 X83.7 Y84.075 E.06346
G1 X83.531 Y83.831 E.01482
G1 X83.393 Y83.434 E.02099
G1 X73.321 Y73.362 E.71133
G1 X73.321 Y73.321 E.00205
G1 X73.904 Y73.321 E.02911
G1 X83.188 Y82.606 E.65571
G1 X83.114 Y82.304 E.01553
G1 X83.077 Y82.002 E.01519
G1 X83.088 Y81.881 E.00607
G1 X74.528 Y73.321 E.60454
G1 X75.152 Y73.321 E.03116
G1 X83.197 Y81.367 E.56821
G1 X83.32 Y80.866 E.02576
G1 X75.775 Y73.321 E.53286
G1 X76.399 Y73.321 E.03116
G1 X83.451 Y80.373 E.49804
G1 X83.516 Y80.196 E.00942
G1 X83.67 Y79.969 E.0137
G1 X77.023 Y73.321 E.46948
G1 X77.647 Y73.321 E.03116
G1 X83.959 Y79.633 E.44578
G1 X84.252 Y79.303 E.02204
G1 X78.27 Y73.321 E.42247
G1 X78.894 Y73.321 E.03116
G1 X84.545 Y78.972 E.3991
G1 X84.68 Y78.842 E.00936
G1 X84.896 Y78.7 E.01291
G1 X79.518 Y73.321 E.37985
G1 X80.142 Y73.321 E.03116
G1 X85.338 Y78.517 E.36696
G1 X85.79 Y78.346 E.02413
G1 X80.765 Y73.321 E.35489
G1 X81.389 Y73.321 E.03116
G1 X86.244 Y78.176 E.34288
G1 X86.525 Y78.106 E.01446
G1 X86.797 Y78.106 E.01358
G1 X82.013 Y73.321 E.3379
G1 X82.637 Y73.321 E.03116
G1 X87.729 Y78.414 E.35965
M204 S500
G1 E-3.5 F3600
;WIPE_START
G1 F7200
G1 X85.496 Y76.181 E-1.5
;WIPE_END
G1 X86.169 Y85.586 F9000
G1 E5 F2400
M204 S250
G1 F3000
G1 X174.129 Y173.546 E6.21212
G1 X174.129 Y172.922 E.03116
G1 X87.071 Y85.865 E6.14838
G1 X87.626 Y85.796 E.02793
G1 X174.129 Y172.299 E6.10922
G1 X174.129 Y171.992 E.01533
G1 X174.161 Y171.707 E.01432
G1 X88.181 Y85.727 E6.07228
G1 X88.398 Y85.665 E.01127
G1 X88.624 Y85.547 E.01273
G1 X174.265 Y171.187 E6.04831
G1 X174.378 Y170.677 E.02609
G1 X88.994 Y85.293 E6.03019
G1 X89.365 Y85.039 E.02245
G1 X174.587 Y170.261 E6.01875
G1 X174.833 Y169.884 E.02248
G1 X89.732 Y84.783 E6.0102
G1 X89.93 Y84.608 E.0132
G1 X90.037 Y84.464 E.00896
G1 X175.079 Y169.506 E6.00604
G1 X175.243 Y169.301 E.01311
G1 X175.383 Y169.186 E.00905
G1 X90.259 Y84.062 E6.01183
G1 X90.474 Y83.654 E.02303
G1 X98.946 Y92.126 E.59833
G1 X98.965 Y92.271 E.0073
G1 X99.057 Y92.535 E.01396
G1 X99.169 Y92.727 E.0111
G1 X99.309 Y92.894 E.01088
G1 X167.106 Y160.691 E4.78812
G1 X167.276 Y160.834 E.01109
G1 X167.551 Y160.98 E.01555
G1 X167.875 Y161.055 E.01661
G1 X175.751 Y168.931 E.55624
G1 X176.125 Y168.681 E.02247
G1 X168.441 Y160.997 E.54268
G1 X168.684 Y160.887 E.01332
G1 X168.84 Y160.772 E.00968
G1 X176.524 Y168.456 E.54268
G1 X176.734 Y168.395 E.01092
G1 X177.034 Y168.342 E.01521
G1 X169.131 Y160.439 E.55814
G1 X169.23 Y160.247 E.01079
G1 X169.302 Y159.987 E.01347
G1 X177.564 Y168.249 E.5835
G1 X177.934 Y168.183 E.01877
G1 X178.129 Y168.19 E.00974
G1 X169.321 Y159.382 E.62206
G1 X169.321 Y158.758 E.03116
G1 X179.142 Y168.579 E.6936
M204 S500
G1 E-3.5 F3600
;WIPE_START
G1 F7200
G1 X176.909 Y166.346 E-1.5
;WIPE_END
G1 X169.123 Y157.937 F9000
G1 E5 F2400
M204 S250
G1 F3000
G1 X186.679 Y175.492 E1.23985
G1 X186.679 Y174.868 E.03116
G1 X169.321 Y157.511 E1.22586
G1 X169.321 Y156.887 E.03116
G1 X186.679 Y174.244 E1.22586
G1 X186.679 Y173.621 E.03111
G1 X169.321 Y156.263 E1.2259
G1 X169.321 Y155.639 E.03116
G1 X186.679 Y172.997 E1.2259
G1 X186.679 Y172.373 E.03116
G1 X169.321 Y155.016 E1.22586
G1 X169.321 Y154.392 E.03116
G1 X186.679 Y171.749 E1.22586
G1 X186.679 Y171.126 E.03111
G1 X169.321 Y153.768 E1.2259
G1 X169.321 Y153.144 E.03116
G1 X186.679 Y170.502 E1.2259
G1 X186.679 Y169.878 E.03116
G1 X169.321 Y152.521 E1.22586
G1 X169.321 Y151.897 E.03116
G1 X186.679 Y169.254 E1.22586
G1 X186.679 Y168.63 E.03116
G1 X169.321 Y151.273 E1.22586
G1 X169.321 Y150.649 E.03116
G1 X186.679 Y168.007 E1.2259
G1 X186.679 Y167.383 E.03116
G1 X169.321 Y150.026 E1.22586
G1 X169.321 Y149.402 E.03116
G1 X186.679 Y166.759 E1.22586
G1 X186.679 Y166.135 E.03116
G1 X169.321 Y148.778 E1.22586
G1 X169.321 Y148.154 E.03116
G1 X174.335 Y153.168 E.35411
G1 X174.42 Y153.467 E.01552
G1 X174.536 Y153.682 E.0122
G1 X175.09 Y154.511 E.04979
G1 X175.254 Y154.71 E.01288
G1 X175.44 Y154.861 E.01196
G1 X176.268 Y155.414 E.04972
G1 X176.483 Y155.53 E.0122
G1 X176.782 Y155.615 E.01552
G1 X186.679 Y165.512 E.69897
G1 X186.679 Y164.888 E.03116
G1 X177.561 Y155.77 E.64395
G1 X177.956 Y155.822 E.0199
G1 X178.21 Y155.795 E.01276
G1 X186.679 Y164.264 E.59812
G1 X186.679 Y163.64 E.03116
G1 X178.739 Y155.7 E.56076
G1 X179.266 Y155.604 E.02675
G1 X186.679 Y163.017 E.52354
G1 X186.679 Y162.393 E.03116
G1 X179.712 Y155.426 E.49204
G1 X180.087 Y155.177 E.02248
G1 X186.679 Y161.769 E.46556
G1 X186.679 Y161.145 E.03116
G1 X180.461 Y154.927 E.43914
G1 X180.746 Y154.71 E.01789
G1 X180.801 Y154.643 E.00433
G1 X186.679 Y160.521 E.41513
G1 X186.679 Y159.898 E.03111
G1 X181.063 Y154.282 E.39663
G1 X181.313 Y153.908 E.02247
G1 X186.679 Y159.274 E.37897
G1 X186.679 Y158.65 E.03116
G1 X181.55 Y153.522 E.3622
G1 X181.654 Y153.225 E.01571
G1 X181.691 Y153.038 E.00952
G1 X186.679 Y158.026 E.35227
G1 X186.679 Y157.403 E.03111
G1 X181.794 Y152.518 E.345
G1 X181.853 Y152.223 E.01502
G1 X181.871 Y151.971 E.01262
G1 X186.679 Y156.779 E.33956
G1 X186.679 Y156.155 E.03116
G1 X181.871 Y151.348 E.33953
G1 X181.871 Y150.724 E.03116
G1 X186.679 Y155.531 E.33953
G1 X186.679 Y154.908 E.03111
G1 X181.871 Y150.1 E.33956
G1 X181.871 Y149.476 E.03116
G1 X186.679 Y154.284 E.33956
G1 X186.679 Y153.66 E.03116
G1 X181.871 Y148.853 E.33953
G1 X181.871 Y148.229 E.03116
G1 X186.679 Y153.036 E.33953
G1 X186.679 Y152.412 E.03116
G1 X181.871 Y147.605 E.33953
G1 X181.87 Y146.98 E.03121
G1 X186.679 Y151.789 E.33963
G1 X186.679 Y151.165 E.03116
G1 X181.492 Y145.978 E.36633
M204 S500
G1 E-3.5 F3600
;WIPE_START
G1 F7200
G1 X183.725 Y148.211 E-1.5
;WIPE_END
G1 X174.432 Y152.642 F9000
G1 E5 F2400
M204 S250
G1 F3000
G1 X169.321 Y147.53 E.361
G1 X169.321 Y146.907 E.03111
G1 X174.129 Y151.714 E.33953
G1 X174.129 Y151.09 E.03116
G1 X169.321 Y146.283 E.33953
G1 X169.321 Y145.659 E.03116
G1 X174.129 Y150.467 E.33956
G1 X174.129 Y149.843 E.03116
G1 X169.321 Y145.035 E.33956
G1 X169.321 Y144.412 E.03111
G1 X174.129 Y149.219 E.33953
G1 X174.129 Y148.595 E.03116
G1 X169.321 Y143.788 E.33953
G1 X169.321 Y143.164 E.03116
G1 X174.129 Y147.971 E.33953
G1 X174.129 Y147.348 E.03111
G1 X169.321 Y142.54 E.33956
G1 X169.321 Y141.917 E.03111
G1 X174.153 Y146.748 E.34122
G1 X174.256 Y146.228 E.02647
G1 X169.321 Y141.293 E.34853
G1 X169.321 Y140.669 E.03116
G1 X174.365 Y145.713 E.35623
G1 X174.42 Y145.533 E.0094
G1 X174.559 Y145.283 E.01428
G1 X169.321 Y140.045 E.36993
G1 X169.321 Y139.421 E.03116
G1 X174.809 Y144.909 E.38759
G1 X175.059 Y144.535 E.02247
G1 X169.321 Y138.798 E.40521
G1 X169.321 Y138.174 E.03116
G1 X175.355 Y144.208 E.42615
G1 X175.722 Y143.951 E.02237
G1 X169.321 Y137.55 E.45207
G1 X169.321 Y136.926 E.03116
G1 X176.096 Y143.701 E.47848
G1 X176.267 Y143.587 E.01026
G1 X176.492 Y143.473 E.0126
G1 X169.321 Y136.303 E.50641
G1 X169.321 Y135.679 E.03116
G1 X176.992 Y143.349 E.54172
G1 X177.522 Y143.256 E.02687
G1 X169.321 Y135.055 E.57919
G1 X169.321 Y134.431 E.03116
G1 X178.08 Y143.19 E.6186
G1 X178.297 Y143.202 E.01085
G1 X178.825 Y143.311 E.02692
G1 X169.321 Y133.807 E.67121
G1 X169.321 Y133.184 E.03111
G1 X179.715 Y143.577 E.73403
G1 X180.56 Y144.139 E.05068
G1 X180.746 Y144.29 E.01196
G1 X180.91 Y144.489 E.01288
G1 X181.474 Y145.337 E.05086
G1 X186.679 Y150.541 E.36756
G1 X186.679 Y149.917 E.03116
G1 X169.321 Y132.56 E1.22586
G1 X169.321 Y131.936 E.03116
G1 X186.679 Y149.294 E1.2259
G1 X186.679 Y148.67 E.03116
G1 X169.321 Y131.312 E1.2259
G1 X169.321 Y130.689 E.03111
G1 X186.679 Y148.046 E1.22586
G1 X186.679 Y147.422 E.03116
G1 X169.321 Y130.065 E1.22586
G1 X169.321 Y129.441 E.03116
G1 X186.679 Y146.798 E1.22586
G1 X186.679 Y146.175 E.03111
G1 X169.321 Y128.817 E1.2259
G1 X169.321 Y128.194 E.03111
G1 X186.679 Y145.551 E1.22586
G1 X186.679 Y144.927 E.03116
G1 X169.321 Y127.57 E1.22586
G1 X169.321 Y126.946 E.03116
G1 X186.679 Y144.303 E1.22586
G1 X186.679 Y143.68 E.03111
G1 X169.321 Y126.322 E1.2259
G1 X169.321 Y125.698 E.03116
G1 X186.679 Y143.056 E1.2259
G1 X186.679 Y142.432 E.03116
G1 X169.321 Y125.075 E1.22586
G1 X169.321 Y124.451 E.03116
G1 X186.679 Y141.808 E1.22586
G1 X186.679 Y141.185 E.03111
G1 X169.321 Y123.827 E1.2259
G1 X169.321 Y123.203 E.03116
G1 X186.679 Y140.561 E1.2259
G1 X186.679 Y139.937 E.03116
G1 X169.321 Y122.58 E1.22586
G1 X169.321 Y121.956 E.03116
G1 X186.679 Y139.313 E1.22586
G1 X186.679 Y138.689 E.03116
G1 X169.321 Y121.332 E1.22586
G1 X169.321 Y120.708 E.03116
G1 X186.679 Y138.066 E1.2259
G1 X186.679 Y137.442 E.03116
G1 X169.321 Y120.085 E1.22586
G1 X169.321 Y119.461 E.03116
G1 X186.679 Y136.818 E1.22586
G1 X186.679 Y136.194 E.03116
G1 X169.321 Y118.837 E1.22586
G1 X169.321 Y118.213 E.03116
G1 X186.679 Y135.571 E1.2259
G1 X186.679 Y134.947 E.03116
G1 X169.321 Y117.589 E1.2259
G1 X169.321 Y116.966 E.03111
G1 X186.679 Y134.323 E1.22586
G1 X186.679 Y133.699 E.03116
G1 X169.321 Y116.342 E1.22586
G1 X169.321 Y115.718 E.03116
G1 X186.679 Y133.076 E1.2259
G1 X186.679 Y132.452 E.03116
G1 X169.321 Y115.094 E1.2259
G1 X169.321 Y114.471 E.03111
G1 X186.679 Y131.828 E1.22586
G1 X186.679 Y131.204 E.03116
G1 X169.321 Y113.847 E1.22586
G1 X169.321 Y113.223 E.03116
G1 X186.679 Y130.58 E1.22586
G1 X186.679 Y129.957 E.03111
G1 X169.321 Y112.599 E1.2259
G1 X169.321 Y111.975 E.03116
G1 X186.679 Y129.333 E1.2259
G1 X186.679 Y128.709 E.03116
G1 X169.321 Y111.352 E1.22586
G1 X169.321 Y110.728 E.03116
G1 X186.679 Y128.085 E1.22586
G1 X186.679 Y127.462 E.03111
G1 X169.321 Y110.104 E1.2259
G1 X169.321 Y109.48 E.03116
G1 X186.679 Y126.838 E1.2259
G1 X186.679 Y126.214 E.03116
G1 X169.321 Y108.857 E1.22586
G1 X169.321 Y108.233 E.03116
G1 X186.679 Y125.59 E1.22586
G1 X186.679 Y124.966 E.03116
G1 X169.321 Y107.609 E1.22586
G1 X169.321 Y106.985 E.03116
G1 X186.679 Y124.343 E1.2259
G1 X186.679 Y123.719 E.03116
G1 X169.321 Y106.362 E1.22586
G1 X169.321 Y105.738 E.03116
G1 X186.679 Y123.095 E1.22586
G1 X186.679 Y122.471 E.03116
G1 X169.321 Y105.114 E1.22586
G1 X169.321 Y104.49 E.03116
G1 X186.679 Y121.848 E1.2259
G1 X186.679 Y121.224 E.03116
G1 X169.321 Y103.866 E1.2259
G1 X169.321 Y103.243 E.03111
G1 X186.679 Y120.6 E1.22586
G1 X186.679 Y119.976 E.03116
G1 X169.321 Y102.619 E1.22586
G1 X169.321 Y101.995 E.03116
G1 X186.679 Y119.353 E1.2259
G1 X186.679 Y118.729 E.03116
G1 X169.321 Y101.371 E1.2259
G1 X169.321 Y100.748 E.03111
G1 X186.679 Y118.105 E1.22586
G1 X186.679 Y117.481 E.03116
G1 X169.321 Y100.124 E1.22586
G1 X169.321 Y99.5 E.03116
G1 X186.679 Y116.857 E1.22586
G1 X186.679 Y116.234 E.03111
G1 X169.321 Y98.876 E1.2259
G1 X169.321 Y98.252 E.03116
G1 X186.679 Y115.61 E1.2259
G1 X186.679 Y114.986 E.03116
G1 X169.321 Y97.629 E1.22586
G1 X169.321 Y97.005 E.03116
G1 X186.679 Y114.362 E1.22586
G1 X186.679 Y113.739 E.03111
G1 X169.321 Y96.381 E1.2259
G1 X169.321 Y95.757 E.03116
G1 X186.679 Y113.115 E1.2259
G1 X186.679 Y112.491 E.03116
G1 X169.321 Y95.134 E1.22586
G1 X169.321 Y94.51 E.03116
G1 X186.679 Y111.867 E1.22586
G1 X186.679 Y111.244 E.03111
G1 X169.321 Y93.886 E1.2259
G1 X169.321 Y93.262 E.03116
G1 X186.679 Y110.62 E1.2259
G1 X186.679 Y109.996 E.03116
G1 X169.123 Y92.441 E1.23985
M204 S500
G1 E-3.5 F3600
;WIPE_START
G1 F7200
G1 X171.356 Y94.674 E-1.5
;WIPE_END
G1 X99.164 Y91.72 F9000
G1 E5 F2400
M204 S250
G1 F3000
G1 X90.69 Y83.245 E.59851
G1 X90.818 Y82.901 E.01833
G1 X90.832 Y82.764 E.00688
G1 X99.231 Y91.163 E.59317
G1 X99.306 Y91.066 E.00612
G1 X99.562 Y90.871 E.01607
G1 X90.846 Y82.154 E.6156
G1 X90.846 Y81.53 E.03116
G1 X100.015 Y90.699 E.64755
G1 X100.226 Y90.679 E.01058
G1 X100.618 Y90.679 E.01958
G1 X90.685 Y80.746 E.70151
G1 X90.111 Y79.653 E.06165
G1 X90.011 Y79.492 E.00946
G1 X89.874 Y79.334 E.01044
G1 X89.706 Y79.195 E.01089
G1 X88.662 Y78.474 E.06336
G1 X88.397 Y78.334 E.01497
G1 X88.233 Y78.293 E.00844
G1 X83.261 Y73.321 E.35114
G1 X83.884 Y73.321 E.03111
G1 X101.242 Y90.679 E1.2259
G1 X101.865 Y90.679 E.03111
G1 X84.508 Y73.321 E1.22586
G1 X85.132 Y73.321 E.03116
G1 X102.489 Y90.679 E1.22586
G1 X103.113 Y90.679 E.03116
G1 X85.756 Y73.321 E1.22586
G1 X86.379 Y73.321 E.03111
G1 X103.737 Y90.679 E1.2259
G1 X104.361 Y90.679 E.03116
G1 X87.003 Y73.321 E1.2259
G1 X87.627 Y73.321 E.03116
G1 X104.984 Y90.679 E1.22586
G1 X105.608 Y90.679 E.03116
G1 X88.251 Y73.321 E1.22586
G1 X88.874 Y73.321 E.03111
G1 X106.232 Y90.679 E1.2259
G1 X106.856 Y90.679 E.03116
G1 X89.498 Y73.321 E1.2259
G1 X90.122 Y73.321 E.03116
G1 X107.479 Y90.679 E1.22586
G1 X108.103 Y90.679 E.03116
G1 X90.746 Y73.321 E1.22586
G1 X91.37 Y73.321 E.03116
G1 X108.727 Y90.679 E1.22586
G1 X109.351 Y90.679 E.03116
G1 X91.993 Y73.321 E1.2259
G1 X92.617 Y73.321 E.03116
G1 X109.975 Y90.679 E1.2259
G1 X110.598 Y90.679 E.03111
G1 X93.241 Y73.321 E1.22586
G1 X93.865 Y73.321 E.03116
G1 X111.222 Y90.679 E1.22586
G1 X111.846 Y90.679 E.03116
G1 X94.488 Y73.321 E1.2259
G1 X95.112 Y73.321 E.03116
G1 X112.47 Y90.679 E1.2259
G1 X113.093 Y90.679 E.03111
G1 X95.736 Y73.321 E1.22586
G1 X96.36 Y73.321 E.03116
G1 X113.717 Y90.679 E1.22586
G1 X114.341 Y90.679 E.03116
G1 X96.984 Y73.321 E1.22586
G1 X97.607 Y73.321 E.03111
G1 X114.965 Y90.679 E1.2259
G1 X115.588 Y90.679 E.03111
G1 X98.231 Y73.321 E1.22586
G1 X98.855 Y73.321 E.03116
G1 X116.212 Y90.679 E1.22586
G1 X116.836 Y90.679 E.03116
G1 X99.479 Y73.321 E1.22586
G1 X100.102 Y73.321 E.03111
G1 X117.46 Y90.679 E1.2259
G1 X118.084 Y90.679 E.03116
G1 X100.726 Y73.321 E1.2259
G1 X101.35 Y73.321 E.03116
G1 X118.707 Y90.679 E1.22586
G1 X119.331 Y90.679 E.03116
G1 X101.974 Y73.321 E1.22586
G1 X102.597 Y73.321 E.03111
G1 X119.955 Y90.679 E1.2259
G1 X120.579 Y90.679 E.03116
G1 X103.221 Y73.321 E1.2259
G1 X103.845 Y73.321 E.03116
G1 X121.202 Y90.679 E1.22586
G1 X121.826 Y90.679 E.03116
G1 X104.469 Y73.321 E1.22586
G1 X105.093 Y73.321 E.03116
G1 X122.45 Y90.679 E1.22586
G1 X123.074 Y90.679 E.03116
G1 X105.716 Y73.321 E1.2259
G1 X106.34 Y73.321 E.03116
G1 X123.697 Y90.679 E1.22586
G1 X124.321 Y90.679 E.03116
G1 X106.964 Y73.321 E1.22586
G1 X107.588 Y73.321 E.03116
G1 X124.945 Y90.679 E1.22586
G1 X125.569 Y90.679 E.03116
G1 X108.211 Y73.321 E1.2259
G1 X108.835 Y73.321 E.03116
G1 X126.193 Y90.679 E1.2259
G1 X126.816 Y90.679 E.03111
G1 X109.459 Y73.321 E1.22586
G1 X110.083 Y73.321 E.03116
G1 X127.44 Y90.679 E1.22586
G1 X128.064 Y90.679 E.03116
G1 X110.706 Y73.321 E1.2259
G1 X111.33 Y73.321 E.03116
G1 X128.688 Y90.679 E1.2259
G1 X129.311 Y90.679 E.03111
G1 X111.954 Y73.321 E1.22586
G1 X112.578 Y73.321 E.03116
G1 X129.935 Y90.679 E1.22586
G1 X130.559 Y90.679 E.03116
G1 X113.202 Y73.321 E1.22586
G1 X113.825 Y73.321 E.03111
G1 X131.183 Y90.679 E1.2259
G1 X131.806 Y90.679 E.03111
G1 X114.449 Y73.321 E1.22586
G1 X115.073 Y73.321 E.03116
G1 X132.43 Y90.679 E1.22586
G1 X133.054 Y90.679 E.03116
G1 X115.697 Y73.321 E1.22586
G1 X116.32 Y73.321 E.03111
G1 X133.678 Y90.679 E1.2259
G1 X134.302 Y90.679 E.03116
G1 X116.944 Y73.321 E1.2259
G1 X117.568 Y73.321 E.03116
G1 X134.925 Y90.679 E1.22586
G1 X135.549 Y90.679 E.03116
G1 X118.192 Y73.321 E1.22586
G1 X118.816 Y73.321 E.03116
G1 X136.173 Y90.679 E1.22586
G1 X136.797 Y90.679 E.03116
G1 X119.439 Y73.321 E1.2259
G1 X120.063 Y73.321 E.03116
G1 X137.42 Y90.679 E1.22586
G1 X138.044 Y90.679 E.03116
G1 X120.687 Y73.321 E1.22586
G1 X121.311 Y73.321 E.03116
G1 X138.668 Y90.679 E1.22586
G1 X139.292 Y90.679 E.03116
G1 X121.934 Y73.321 E1.2259
G1 X122.558 Y73.321 E.03116
G1 X139.916 Y90.679 E1.2259
G1 X140.539 Y90.679 E.03111
G1 X123.182 Y73.321 E1.22586
G1 X123.806 Y73.321 E.03116
G1 X141.163 Y90.679 E1.22586
G1 X141.787 Y90.679 E.03116
G1 X124.429 Y73.321 E1.2259
G1 X125.053 Y73.321 E.03116
G1 X142.411 Y90.679 E1.2259
G1 X143.034 Y90.679 E.03111
G1 X125.677 Y73.321 E1.22586
G1 X126.301 Y73.321 E.03116
G1 X143.658 Y90.679 E1.22586
G1 X144.282 Y90.679 E.03116
G1 X126.925 Y73.321 E1.22586
G1 X127.548 Y73.321 E.03111
G1 X144.906 Y90.679 E1.2259
G1 X145.529 Y90.679 E.03111
G1 X128.172 Y73.321 E1.22586
G1 X128.796 Y73.321 E.03116
G1 X146.153 Y90.679 E1.22586
G1 X146.777 Y90.679 E.03116
G1 X129.42 Y73.321 E1.22586
G1 X130.043 Y73.321 E.03111
G1 X147.401 Y90.679 E1.2259
G1 X148.025 Y90.679 E.03116
G1 X130.667 Y73.321 E1.2259
G1 X131.291 Y73.321 E.03116
G1 X148.648 Y90.679 E1.22586
G1 X149.272 Y90.679 E.03116
G1 X131.915 Y73.321 E1.22586
G1 X132.538 Y73.321 E.03111
G1 X149.896 Y90.679 E1.2259
G1 X150.52 Y90.679 E.03116
G1 X133.162 Y73.321 E1.2259
G1 X133.786 Y73.321 E.03116
G1 X151.143 Y90.679 E1.22586
G1 X151.767 Y90.679 E.03116
G1 X134.41 Y73.321 E1.22586
G1 X135.034 Y73.321 E.03116
G1 X152.391 Y90.679 E1.22586
G1 X153.015 Y90.679 E.03116
G1 X135.657 Y73.321 E1.2259
G1 X136.281 Y73.321 E.03116
G1 X153.638 Y90.679 E1.22586
G1 X154.262 Y90.679 E.03116
G1 X136.905 Y73.321 E1.22586
G1 X137.529 Y73.321 E.03116
G1 X154.886 Y90.679 E1.22586
G1 X155.51 Y90.679 E.03116
G1 X138.152 Y73.321 E1.2259
G1 X138.776 Y73.321 E.03116
G1 X156.134 Y90.679 E1.2259
G1 X156.757 Y90.679 E.03111
G1 X139.4 Y73.321 E1.22586
G1 X140.024 Y73.321 E.03116
G1 X157.381 Y90.679 E1.22586
G1 X158.005 Y90.679 E.03116
G1 X140.648 Y73.321 E1.22586
G1 X141.271 Y73.321 E.03111
G1 X158.629 Y90.679 E1.2259
G1 X159.252 Y90.679 E.03111
G1 X141.895 Y73.321 E1.22586
G1 X142.519 Y73.321 E.03116
G1 X159.876 Y90.679 E1.22586
G1 X160.5 Y90.679 E.03116
G1 X143.143 Y73.321 E1.22586
G1 X143.766 Y73.321 E.03111
G1 X161.124 Y90.679 E1.2259
G1 X161.748 Y90.679 E.03116
G1 X144.39 Y73.321 E1.2259
G1 X145.014 Y73.321 E.03116
G1 X162.371 Y90.679 E1.22586
G1 X162.995 Y90.679 E.03116
G1 X145.638 Y73.321 E1.22586
G1 X146.261 Y73.321 E.03111
G1 X163.619 Y90.679 E1.2259
G1 X164.243 Y90.679 E.03116
G1 X146.885 Y73.321 E1.2259
G1 X147.509 Y73.321 E.03116
G1 X164.866 Y90.679 E1.22586
G1 X165.49 Y90.679 E.03116
G1 X148.133 Y73.321 E1.22586
G1 X148.757 Y73.321 E.03116
G1 X166.114 Y90.679 E1.22586
G1 X166.738 Y90.679 E.03116
G1 X149.38 Y73.321 E1.2259
G1 X150.004 Y73.321 E.03116
G1 X167.559 Y90.877 E1.23985
M204 S500
G1 E-3.5 F3600
;WIPE_START
G1 F7200
G1 X165.326 Y88.644 E-1.5
;WIPE_END
G1 X150.43 Y73.123 F9000
G1 E5 F2400
M204 S250
G1 F3000
G1 X167.985 Y90.679 E1.23985
G1 X168.294 Y90.707 E.01549
G1 X168.588 Y90.808 E.01552
G1 X168.748 Y90.9 E.00922
G1 X168.962 Y91.08 E.01396
G1 X169.157 Y91.344 E.01639
G1 X169.272 Y91.62 E.01493
G1 X169.321 Y92.015 E.01988
G1 X186.679 Y109.372 E1.22586
G1 X186.679 Y108.748 E.03116
G1 X151.252 Y73.321 E2.50201
G1 X151.875 Y73.321 E.03111
G1 X186.679 Y108.125 E2.45801
G1 X186.679 Y107.501 E.03116
G1 X152.499 Y73.321 E2.41394
G1 X153.123 Y73.321 E.03116
G1 X186.679 Y106.877 E2.36987
G1 X186.679 Y106.253 E.03116
G1 X153.747 Y73.321 E2.3258
G1 X154.37 Y73.321 E.03111
G1 X186.679 Y105.63 E2.2818
G1 X186.679 Y105.006 E.03116
G1 X154.994 Y73.321 E2.23773
G1 X155.618 Y73.321 E.03116
G1 X186.679 Y104.382 E2.19366
G1 X186.679 Y103.758 E.03116
G1 X156.242 Y73.321 E2.14959
G1 X156.866 Y73.321 E.03116
G1 X186.679 Y103.134 E2.10552
G1 X186.679 Y102.511 E.03111
G1 X157.489 Y73.321 E2.06153
G1 X158.113 Y73.321 E.03116
G1 X186.679 Y101.887 E2.01746
G1 X186.679 Y101.263 E.03116
G1 X158.737 Y73.321 E1.97339
G1 X159.361 Y73.321 E.03116
G1 X186.679 Y100.639 E1.92932
G1 X186.679 Y100.016 E.03111
G1 X159.984 Y73.321 E1.88532
G1 X160.608 Y73.321 E.03116
G1 X186.679 Y99.392 E1.84125
G1 X186.679 Y98.768 E.03116
G1 X161.232 Y73.321 E1.79718
G1 X161.856 Y73.321 E.03116
G1 X186.679 Y98.144 E1.75311
G1 X186.679 Y97.521 E.03111
G1 X162.479 Y73.321 E1.70911
G1 X163.103 Y73.321 E.03116
G1 X186.679 Y96.897 E1.66504
G1 X186.679 Y96.273 E.03116
G1 X163.727 Y73.321 E1.62097
G1 X164.351 Y73.321 E.03116
G1 X174.369 Y83.34 E.70755
G1 X174.418 Y83.536 E.01009
G1 X174.513 Y83.797 E.01387
G1 X174.7 Y84.074 E.01669
G1 X175.543 Y85.026 E.0635
G1 X175.786 Y85.238 E.0161
G1 X176.043 Y85.371 E.01445
G1 X176.619 Y85.589 E.03076
G1 X186.679 Y95.649 E.71048
G1 X186.679 Y95.025 E.03116
G1 X177.542 Y85.889 E.64526
G1 X177.832 Y85.894 E.01448
G1 X178.133 Y85.856 E.01515
G1 X186.679 Y94.402 E.60356
G1 X186.679 Y93.778 E.03116
G1 X178.687 Y85.786 E.56443
G1 X179.238 Y85.713 E.02776
G1 X186.679 Y93.154 E.52552
G1 X186.679 Y92.53 E.03116
G1 X179.669 Y85.521 E.49504
G1 X180.038 Y85.266 E.0224
G1 X186.679 Y91.907 E.46902
G1 X186.679 Y91.283 E.03116
G1 X180.407 Y85.011 E.44296
G1 X180.772 Y84.752 E.02235
G1 X186.679 Y90.659 E.41718
G1 X186.679 Y90.035 E.03116
G1 X181.064 Y84.421 E.39652
G1 X181.284 Y84.017 E.02297
G1 X186.679 Y89.411 E.38098
G1 X186.679 Y88.788 E.03111
G1 X181.499 Y83.608 E.36583
G1 X181.711 Y83.196 E.02314
G1 X186.679 Y88.164 E.35086
G1 X186.679 Y87.54 E.03116
G1 X181.838 Y82.699 E.34189
G1 X181.846 Y82.083 E.03076
G1 X186.679 Y86.916 E.34133
G1 X186.679 Y86.293 E.03111
G1 X181.632 Y81.246 E.35644
M204 S500
G1 E-3.5 F3600
;WIPE_START
G1 F7200
G1 X183.865 Y83.479 E-1.5
;WIPE_END
G1 X174.436 Y82.783 F9000
G1 E5 F2400
M204 S250
G1 F3000
G1 X164.975 Y73.321 E.66821
G1 X165.598 Y73.321 E.03111
G1 X174.092 Y81.815 E.59988
G1 X174.212 Y81.311 E.02587
G1 X166.222 Y73.321 E.56429
G1 X166.846 Y73.321 E.03116
G1 X174.334 Y80.809 E.52884
G1 X174.47 Y80.322 E.02525
G1 X167.47 Y73.321 E.49441
G1 X168.093 Y73.321 E.03111
G1 X174.699 Y79.927 E.46654
G1 X174.992 Y79.596 E.02208
G1 X168.717 Y73.321 E.44317
G1 X169.341 Y73.321 E.03116
G1 X175.285 Y79.265 E.41979
G1 X175.581 Y78.938 E.02203
G1 X169.965 Y73.321 E.39666
G1 X170.589 Y73.321 E.03116
G1 X175.944 Y78.677 E.37823
G1 X176.389 Y78.498 E.02395
G1 X171.212 Y73.321 E.36562
G1 X171.836 Y73.321 E.03116
G1 X176.841 Y78.326 E.35347
G1 X177.3 Y78.162 E.02434
G1 X172.46 Y73.321 E.34186
G1 X173.084 Y73.321 E.03116
G1 X177.873 Y78.111 E.33826
G1 X178.583 Y78.197 E.03572
G1 X173.707 Y73.321 E.34436
G1 X174.331 Y73.321 E.03116
G1 X179.327 Y78.317 E.35284
G1 X179.397 Y78.334 E.0036
G1 X179.662 Y78.474 E.01497
G1 X180.851 Y79.312 E.07264
G1 X180.993 Y79.469 E.01057
G1 X181.111 Y79.652 E.01087
G1 X181.607 Y80.597 E.0533
G1 X186.679 Y85.669 E.35821
G1 X186.679 Y85.045 E.03116
G1 X174.955 Y73.321 E.828
G1 X175.579 Y73.321 E.03116
G1 X186.679 Y84.421 E.78393
G1 X186.679 Y83.798 E.03111
G1 X176.202 Y73.321 E.73993
G1 X176.826 Y73.321 E.03116
G1 X186.679 Y83.174 E.69586
G1 X186.679 Y82.55 E.03116
G1 X177.45 Y73.321 E.65179
G1 X178.074 Y73.321 E.03116
G1 X186.679 Y81.926 E.60772
G1 X186.679 Y81.302 E.03116
G1 X178.698 Y73.321 E.56365
G1 X179.321 Y73.321 E.03111
G1 X186.679 Y80.679 E.51965
G1 X186.679 Y80.055 E.03116
G1 X179.945 Y73.321 E.47558
G1 X180.569 Y73.321 E.03116
G1 X186.679 Y79.431 E.43151
G1 X186.679 Y78.807 E.03116
G1 X181.193 Y73.321 E.38745
G1 X181.816 Y73.321 E.03111
G1 X186.679 Y78.184 E.34345
G1 X186.679 Y77.56 E.03116
G1 X182.44 Y73.321 E.29938
G1 X183.064 Y73.321 E.03116
G1 X186.679 Y76.936 E.25531
G1 X186.679 Y76.312 E.03116
G1 X183.688 Y73.321 E.21124
G1 X184.311 Y73.321 E.03111
G1 X186.679 Y75.689 E.16724
G1 X186.679 Y75.065 E.03116
G1 X184.935 Y73.321 E.12317
G1 X185.559 Y73.321 E.03116
G1 X186.679 Y74.441 E.0791
G1 X186.679 Y73.817 E.03116
G1 X185.985 Y73.123 E.04901
M204 S500
;LAYER_CHANGE
;Z:4.4
;HEIGHT:0.2
;BEFORE_LAYER_CHANGE
G92 E0
;4.4


G1 E-3.5 F3600
;WIPE_START
G1 F7200
G1 X186.679 Y73.817 E-.4662
G1 X186.679 Y74.441 E-.2964
G1 X185.581 Y73.344 E-.7374
;WIPE_END
G1 Z4.4 F9000
;AFTER_LAYER_CHANGE
;4.4
G1 X168.702 Y91.3
G1 E5 F2400
;TYPE:Perimeter
;WIDTH:0.439999
G1 F7200
G1 X168.871 Y91.505 E.00877
G1 X168.977 Y91.799 E.01032
G1 X168.994 Y92.845 E.03454
G1 X168.994 Y159.768 E2.20961
G1 X168.925 Y160.127 E.01207
G1 X168.773 Y160.386 E.00992
G1 X168.517 Y160.605 E.01112
G1 X168.219 Y160.72 E.01055
G1 X167.84 Y160.723 E.01251
G1 X167.527 Y160.605 E.01104
G1 X167.334 Y160.455 E.00807
G1 X99.545 Y92.666 E3.1653
G1 X99.354 Y92.395 E.01095
G1 X99.265 Y92.08 E.01081
G1 X99.268 Y91.851 E.00756
G1 X99.394 Y91.485 E.01278
G1 X99.603 Y91.237 E.01071
G1 X99.905 Y91.063 E.01151
G1 X100.232 Y91.006 E.01096
G1 X168.021 Y91.006 E2.23821
G1 X168.333 Y91.057 E.01044
G1 X168.647 Y91.234 E.0119
G1 X168.663 Y91.254 E.00085
G1 X168.418 Y91.581 F9000
G1 F7200
G1 X168.485 Y91.637 E.00288
G1 X168.587 Y91.872 E.00846
G1 X168.597 Y92.845 E.03213
G1 X168.597 Y159.768 E2.20961
G1 X168.533 Y160.031 E.00894
G1 X168.334 Y160.251 E.00979
G1 X168.093 Y160.339 E.00847
G1 X167.814 Y160.305 E.00928
G1 X167.614 Y160.175 E.00788
G1 X99.825 Y92.386 E3.1653
G1 X99.679 Y92.136 E.00956
G1 X99.662 Y91.903 E.00771
G1 X99.74 Y91.681 E.00777
G1 X99.947 Y91.479 E.00955
G1 X100.232 Y91.403 E.00974
G1 X168.021 Y91.403 E2.23821
G1 X168.274 Y91.461 E.00857
G1 X168.372 Y91.543 E.00422
G1 X168.148 Y91.844 F9000
;TYPE:External perimeter
;WIDTH:0.419999
G1 F3600
G1 X168.158 Y91.848 E.00034
G1 X168.21 Y91.979 E.00442
G1 X168.21 Y159.768 E2.12547
G1 X168.148 Y159.907 E.00477
G1 X167.996 Y159.954 E.00499
G1 X167.888 Y159.901 E.00377
G1 X100.099 Y92.112 E3.00587
G1 X100.046 Y91.954 E.00523
G1 X100.123 Y91.825 E.00471
G1 X100.232 Y91.79 E.00359
G1 X168.021 Y91.79 E2.12547
G1 X168.093 Y91.821 E.00246
G1 E-3.5
;WIPE_START
G1 F7200
G1 X168.148 Y91.844 E-.02832
G1 X168.158 Y91.848 E-.00512
G1 X168.21 Y91.979 E-.06695
G1 X168.21 Y94.926 E-1.39961
;WIPE_END
G1 X90.474 Y82.856 F9000
G1 E5 F2400
;TYPE:Perimeter
;WIDTH:0.439999
G1 F3600
G1 X90.447 Y82.994 E.00464
G1 X89.824 Y84.191 E.04455
G1 X89.603 Y84.471 E.01178
G1 X88.999 Y84.896 E.02438
G1 X88.482 Y85.252 E.02073
G1 X88.167 Y85.395 E.01142
G1 X88.047 Y85.417 E.00403
G1 X86.801 Y85.569 E.04144
G1 X86.434 Y85.543 E.01215
G1 X85.166 Y85.067 E.04472
G1 X84.849 Y84.871 E.01231
G1 X83.95 Y83.864 E.04457
G1 X83.771 Y83.568 E.01142
G1 X83.433 Y82.233 E.04547
G1 X83.412 Y81.882 E.01161
G1 X83.734 Y80.549 E.04528
G1 X83.87 Y80.24 E.01115
G1 X83.95 Y80.136 E.00433
G1 X84.782 Y79.197 E.04142
G1 X85.017 Y79.004 E.01004
G1 X86.339 Y78.488 E.04686
G1 X86.684 Y78.424 E.01159
G1 X88.047 Y78.583 E.04531
G1 X88.28 Y78.641 E.00793
G1 X88.482 Y78.748 E.00755
G1 X89.515 Y79.461 E.04144
G1 X89.747 Y79.686 E.01067
G1 X89.824 Y79.809 E.00479
G1 X90.407 Y80.92 E.04143
G1 X90.515 Y81.293 E.01282
G1 X90.519 Y82.628 E.04408
G1 X90.485 Y82.797 E.00569
G1 X90.089 Y82.761 F9000
G1 F3600
G1 X90.056 Y82.895 E.00456
G1 X89.472 Y84.006 E.04144
G1 X89.29 Y84.213 E.0091
G1 X88.257 Y84.925 E.04142
G1 X87.999 Y85.023 E.00911
G1 X86.753 Y85.174 E.04144
G1 X86.48 Y85.141 E.00908
G1 X85.306 Y84.696 E.04145
G1 X85.08 Y84.54 E.00907
G1 X84.247 Y83.6 E.04147
G1 X84.119 Y83.356 E.0091
G1 X83.819 Y82.138 E.04142
G1 X83.819 Y81.862 E.00911
G1 X84.119 Y80.644 E.04142
G1 X84.247 Y80.4 E.0091
G1 X85.08 Y79.46 E.04147
G1 X85.306 Y79.304 E.00907
G1 X86.48 Y78.859 E.04145
G1 X86.753 Y78.826 E.00908
G1 X87.999 Y78.977 E.04144
G1 X88.257 Y79.075 E.00911
G1 X89.29 Y79.787 E.04142
G1 X89.472 Y79.994 E.0091
G1 X90.056 Y81.105 E.04144
G1 X90.122 Y81.372 E.00908
G1 X90.122 Y82.628 E.04147
G1 X90.103 Y82.703 E.00255
G1 X89.713 Y82.67 F9000
;TYPE:External perimeter
;WIDTH:0.419999
G1 F3600
G1 X89.13 Y83.826 E.04059
G1 X88.553 Y84.25 E.02245
G1 X88.037 Y84.607 E.01967
G1 X87.953 Y84.639 E.00282
G1 X86.707 Y84.79 E.03935
G1 X86.617 Y84.779 E.00284
G1 X85.444 Y84.334 E.03934
G1 X85.095 Y83.974 E.01572
G1 X84.537 Y83.344 E.02639
G1 X84.495 Y83.264 E.00283
G1 X84.195 Y82.045 E.03936
G1 X84.195 Y81.955 E.00282
G1 X84.495 Y80.736 E.03936
G1 X84.537 Y80.656 E.00283
G1 X85.369 Y79.717 E.03934
G1 X85.444 Y79.666 E.00284
G1 X86.617 Y79.221 E.03934
G1 X86.707 Y79.21 E.00284
G1 X87.953 Y79.361 E.03935
G1 X88.037 Y79.393 E.00282
G1 X89.07 Y80.106 E.03935
G1 X89.13 Y80.174 E.00284
G1 X89.713 Y81.285 E.03934
G1 X89.734 Y82.615 E.04171
G1 E-3.5
;WIPE_START
G1 F7200
G1 X89.713 Y82.67 E-.02796
G1 X89.13 Y83.826 E-.61498
G1 X88.553 Y84.25 E-.34012
G1 X88.037 Y84.607 E-.29804
G1 X87.953 Y84.639 E-.0427
G1 X87.585 Y84.684 E-.1762
;WIPE_END
G1 X174.423 Y82 F9000
G1 E5 F2400
;TYPE:Perimeter
;WIDTH:0.439999
G1 F3600
G1 X174.433 Y81.767 E.0077
G1 X174.734 Y80.549 E.04142
G1 X174.87 Y80.24 E.01115
G1 X174.95 Y80.136 E.00433
G1 X175.782 Y79.197 E.04142
G1 X176.017 Y79.004 E.01004
G1 X176.166 Y78.933 E.00545
G1 X177.339 Y78.488 E.04142
G1 X177.684 Y78.424 E.01159
G1 X179.047 Y78.583 E.04531
G1 X179.28 Y78.641 E.00793
G1 X179.482 Y78.748 E.00755
G1 X180.515 Y79.461 E.04144
G1 X180.734 Y79.668 E.00995
G1 X180.824 Y79.809 E.00552
G1 X181.407 Y80.92 E.04143
G1 X181.49 Y81.136 E.00764
G1 X181.519 Y81.372 E.00785
G1 X181.519 Y82.628 E.04147
G1 X181.49 Y82.864 E.00785
G1 X181.407 Y83.08 E.00764
G1 X180.824 Y84.191 E.04143
G1 X180.629 Y84.447 E.01063
G1 X179.482 Y85.252 E.04627
G1 X179.148 Y85.4 E.01206
G1 X179.047 Y85.417 E.00338
G1 X177.801 Y85.569 E.04144
G1 X177.427 Y85.541 E.01238
G1 X176.166 Y85.067 E.04448
G1 X175.855 Y84.877 E.01203
G1 X174.95 Y83.864 E.04485
G1 X174.763 Y83.547 E.01215
G1 X174.417 Y82.15 E.04752
G1 X174.421 Y82.06 E.00297
G1 X174.819 Y82 F9000
G1 F3600
G1 X174.819 Y81.862 E.00456
G1 X175.119 Y80.644 E.04142
G1 X175.247 Y80.4 E.0091
G1 X176.08 Y79.46 E.04147
G1 X176.306 Y79.304 E.00907
G1 X177.48 Y78.859 E.04145
G1 X177.753 Y78.826 E.00908
G1 X178.999 Y78.977 E.04144
G1 X179.257 Y79.075 E.00911
G1 X180.29 Y79.787 E.04142
G1 X180.472 Y79.994 E.0091
G1 X181.056 Y81.105 E.04144
G1 X181.122 Y81.372 E.00908
G1 X181.122 Y82.628 E.04147
G1 X181.056 Y82.895 E.00908
G1 X180.472 Y84.006 E.04144
G1 X180.29 Y84.213 E.0091
G1 X179.257 Y84.925 E.04142
G1 X178.999 Y85.023 E.00911
G1 X177.753 Y85.174 E.04144
G1 X177.48 Y85.141 E.00908
G1 X176.306 Y84.696 E.04145
G1 X176.08 Y84.54 E.00907
G1 X175.247 Y83.6 E.04147
G1 X175.119 Y83.356 E.0091
G1 X174.819 Y82.138 E.04142
G1 X174.819 Y82.06 E.00258
G1 X175.189 Y82 F9000
;TYPE:External perimeter
;WIDTH:0.419999
G1 F3600
G1 X175.495 Y80.736 E.04078
G1 X175.537 Y80.656 E.00283
G1 X176.369 Y79.717 E.03934
G1 X176.444 Y79.666 E.00284
G1 X177.617 Y79.221 E.03934
G1 X177.707 Y79.21 E.00284
G1 X178.953 Y79.361 E.03935
G1 X179.037 Y79.393 E.00282
G1 X180.07 Y80.106 E.03935
G1 X180.13 Y80.174 E.00284
G1 X180.713 Y81.285 E.03934
G1 X180.734 Y81.372 E.00281
G1 X180.734 Y82.628 E.03938
G1 X180.713 Y82.715 E.00281
G1 X180.13 Y83.826 E.03934
G1 X180.07 Y83.894 E.00284
G1 X179.037 Y84.607 E.03935
G1 X178.953 Y84.639 E.00282
G1 X177.707 Y84.79 E.03935
G1 X177.03 Y84.557 E.02245
G1 X176.444 Y84.334 E.01966
G1 X175.537 Y83.344 E.0421
G1 X175.204 Y82.058 E.04165
G1 E-3.5
;WIPE_START
G1 F7200
G1 X175.189 Y82 E-.02846
G1 X175.495 Y80.736 E-.61774
G1 X175.537 Y80.656 E-.04292
G1 X176.369 Y79.717 E-.59592
G1 X176.444 Y79.666 E-.04308
G1 X176.782 Y79.538 E-.17188
;WIPE_END
G1 X177.854 Y143.526 F9000
G1 E5 F2400
;TYPE:Perimeter
;WIDTH:0.439999
G1 F3600
G1 X177.88 Y143.521 E.00087
G1 X178.242 Y143.525 E.01195
G1 X179.205 Y143.716 E.03241
G1 X179.555 Y143.861 E.01251
G1 X180.374 Y144.408 E.03252
G1 X180.642 Y144.676 E.01251
G1 X181.189 Y145.495 E.03252
G1 X181.334 Y145.845 E.01251
G1 X181.525 Y146.808 E.03241
G1 X181.544 Y146.998 E.0063
G1 X181.544 Y152.002 E.16522
G1 X181.334 Y153.155 E.0387
G1 X181.189 Y153.505 E.01251
G1 X180.642 Y154.324 E.03252
G1 X180.374 Y154.592 E.01251
G1 X179.555 Y155.139 E.03252
G1 X179.187 Y155.287 E.0131
G1 X178.12 Y155.479 E.0358
G1 X177.758 Y155.475 E.01195
G1 X176.795 Y155.284 E.03241
G1 X176.445 Y155.139 E.01251
G1 X175.626 Y154.592 E.03252
G1 X175.358 Y154.324 E.01251
G1 X174.811 Y153.505 E.03252
G1 X174.666 Y153.155 E.01251
G1 X174.475 Y152.192 E.03241
G1 X174.456 Y152.002 E.0063
G1 X174.456 Y146.998 E.16522
G1 X174.666 Y145.845 E.0387
G1 X174.811 Y145.495 E.01251
G1 X175.358 Y144.676 E.03252
G1 X175.626 Y144.408 E.01251
G1 X176.445 Y143.861 E.03252
G1 X176.813 Y143.713 E.0131
G1 X177.795 Y143.536 E.03295
G1 X177.893 Y143.922 F9000
G1 F3600
G1 X177.95 Y143.912 E.00191
G1 X178.164 Y143.914 E.00707
G1 X179.127 Y144.106 E.03242
G1 X179.335 Y144.191 E.00742
G1 X180.153 Y144.738 E.03249
G1 X180.312 Y144.897 E.00742
G1 X180.859 Y145.715 E.03249
G1 X180.944 Y145.923 E.00742
G1 X181.147 Y146.998 E.03612
G1 X181.147 Y152.002 E.16522
G1 X180.944 Y153.077 E.03612
G1 X180.859 Y153.285 E.00742
G1 X180.312 Y154.103 E.03249
G1 X180.153 Y154.262 E.00742
G1 X179.335 Y154.809 E.03249
G1 X179.117 Y154.896 E.00775
G1 X178.05 Y155.088 E.0358
G1 X177.836 Y155.086 E.00707
G1 X176.873 Y154.894 E.03242
G1 X176.665 Y154.809 E.00742
G1 X175.847 Y154.262 E.03249
G1 X175.688 Y154.103 E.00742
G1 X175.141 Y153.285 E.03249
G1 X175.056 Y153.077 E.00742
G1 X174.853 Y152.002 E.03612
G1 X174.853 Y146.998 E.16522
G1 X175.056 Y145.923 E.03612
G1 X175.141 Y145.715 E.00742
G1 X175.688 Y144.897 E.03249
G1 X175.847 Y144.738 E.00742
G1 X176.665 Y144.191 E.03249
G1 X176.883 Y144.104 E.00775
G1 X177.834 Y143.933 E.0319
G1 X177.931 Y144.309 F9000
;TYPE:External perimeter
;WIDTH:0.419999
G1 F3600
G1 X178.019 Y144.293 E.0028
G1 X179.052 Y144.485 E.03294
G1 X179.938 Y145.06 E.03312
G1 X180.537 Y145.93 E.03312
G1 X180.76 Y146.998 E.03421
G1 X180.76 Y152.002 E.1569
G1 X180.565 Y153.002 E.03194
G1 X179.99 Y153.888 E.03312
G1 X179.12 Y154.487 E.03312
G1 X178.226 Y154.663 E.02857
G1 X177.911 Y154.706 E.00997
G1 X176.948 Y154.515 E.03078
G1 X176.062 Y153.94 E.03312
G1 X175.463 Y153.07 E.03312
G1 X175.24 Y152.002 E.03421
G1 X175.24 Y146.998 E.1569
G1 X175.435 Y145.998 E.03194
G1 X176.01 Y145.112 E.03312
G1 X176.88 Y144.513 E.03312
G1 X176.952 Y144.485 E.00242
G1 X177.872 Y144.319 E.02931
G1 E-3.5
;WIPE_START
G1 F7200
G1 X177.931 Y144.309 E-.02842
G1 X178.019 Y144.293 E-.04249
G1 X179.052 Y144.485 E-.49908
G1 X179.938 Y145.06 E-.50171
G1 X180.449 Y145.803 E-.4283
;WIPE_END
G1 X177.855 Y168.54 F9000
G1 E5 F2400
;TYPE:Perimeter
;WIDTH:0.439999
G1 F3600
G1 X178.13 Y168.509 E.00914
G1 X178.895 Y168.654 E.02571
G1 X179.435 Y168.793 E.01841
G1 X180.374 Y169.408 E.03706
G1 X180.642 Y169.676 E.01251
G1 X181.189 Y170.495 E.03252
G1 X181.334 Y170.845 E.01251
G1 X181.525 Y171.808 E.03241
G1 X181.544 Y171.998 E.0063
G1 X181.544 Y177.002 E.16522
G1 X181.334 Y178.155 E.0387
G1 X181.189 Y178.505 E.01251
G1 X180.642 Y179.324 E.03252
G1 X180.374 Y179.592 E.01251
G1 X179.555 Y180.139 E.03252
G1 X179.187 Y180.287 E.0131
G1 X178.116 Y180.48 E.03593
G1 X177.758 Y180.475 E.01182
G1 X176.795 Y180.284 E.03241
G1 X176.445 Y180.139 E.01251
G1 X175.626 Y179.592 E.03252
G1 X175.358 Y179.324 E.01251
G1 X174.811 Y178.505 E.03252
G1 X174.666 Y178.155 E.01251
G1 X174.475 Y177.192 E.03241
G1 X174.456 Y177.002 E.0063
G1 X174.456 Y171.998 E.16522
G1 X174.666 Y170.845 E.0387
G1 X174.811 Y170.495 E.01251
G1 X175.358 Y169.676 E.03252
G1 X175.626 Y169.408 E.01251
G1 X176.445 Y168.861 E.03252
G1 X176.801 Y168.715 E.0127
G1 X177.635 Y168.565 E.02798
G1 X177.796 Y168.547 E.00535
G1 X177.893 Y168.922 F9000
G1 F3600
G1 X177.95 Y168.912 E.00191
G1 X178.164 Y168.914 E.00707
G1 X179.127 Y169.106 E.03242
G1 X179.335 Y169.191 E.00742
G1 X180.153 Y169.738 E.03249
G1 X180.312 Y169.897 E.00742
G1 X180.859 Y170.715 E.03249
G1 X180.944 Y170.923 E.00742
G1 X181.136 Y171.886 E.03242
G1 X181.147 Y177.002 E.16892
G1 X180.944 Y178.077 E.03612
G1 X180.859 Y178.285 E.00742
G1 X180.312 Y179.103 E.03249
G1 X180.153 Y179.262 E.00742
G1 X179.335 Y179.809 E.03249
G1 X179.117 Y179.896 E.00775
G1 X178.047 Y180.088 E.03589
G1 X177.836 Y180.086 E.00697
G1 X176.873 Y179.894 E.03242
G1 X176.665 Y179.809 E.00742
G1 X175.847 Y179.262 E.03249
G1 X175.688 Y179.103 E.00742
G1 X175.141 Y178.285 E.03249
G1 X175.056 Y178.077 E.00742
G1 X174.853 Y177.002 E.03612
G1 X174.853 Y171.998 E.16522
G1 X175.056 Y170.923 E.03612
G1 X175.141 Y170.715 E.00742
G1 X175.688 Y169.897 E.03249
G1 X175.847 Y169.738 E.00742
G1 X176.665 Y169.191 E.03249
G1 X176.883 Y169.104 E.00775
G1 X177.834 Y168.933 E.0319
G1 X177.932 Y169.315 F9000
;TYPE:External perimeter
;WIDTH:0.419999
G1 F3600
G1 X178.089 Y169.294 E.00497
G1 X179.052 Y169.485 E.03078
G1 X179.938 Y170.06 E.03312
G1 X180.537 Y170.93 E.03312
G1 X180.756 Y171.961 E.03305
G1 X180.76 Y177.002 E.15806
G1 X180.565 Y178.002 E.03194
G1 X179.99 Y178.888 E.03312
G1 X179.12 Y179.487 E.03312
G1 X179.048 Y179.515 E.00242
G1 X177.98 Y179.707 E.03402
G1 X176.948 Y179.515 E.03291
G1 X176.062 Y178.94 E.03312
G1 X175.649 Y178.347 E.02266
G1 X175.435 Y178.002 E.01273
G1 X175.24 Y177.002 E.03194
G1 X175.24 Y171.998 E.1569
G1 X175.435 Y170.998 E.03194
G1 X176.01 Y170.112 E.03312
G1 X176.88 Y169.513 E.03312
G1 X177.774 Y169.337 E.02857
G1 X177.872 Y169.323 E.0031
G1 E-3.5
;WIPE_START
G1 F7200
G1 X177.932 Y169.315 E-.02875
G1 X178.089 Y169.294 E-.07524
G1 X179.052 Y169.485 E-.46634
G1 X179.938 Y170.06 E-.50171
G1 X180.449 Y170.802 E-.42796
;WIPE_END
G1 X168.412 Y187.006 F9000
G1 E5 F2400
;TYPE:Perimeter
;WIDTH:0.439999
G1 F7200
G1 X72.994 Y91.588 E4.4554
G1 X72.994 Y72.994 E.61392
G1 X187.006 Y72.994 E3.76436
G1 X187.006 Y76.784 E.12514
G1 X187.006 Y187.006 E3.63923
G1 X168.472 Y187.006 E.61194
G1 X168.247 Y187.403 F9000
G1 F7200
G1 X72.597 Y91.753 E4.46623
G1 X72.597 Y72.597 E.63248
G1 X187.403 Y72.597 E3.79058
G1 X187.403 Y76.784 E.13824
G1 X187.403 Y187.403 E3.65234
G1 X168.307 Y187.403 E.6305
G1 X168.087 Y187.79 F9000
;TYPE:External perimeter
;WIDTH:0.419999
G1 F3600
G1 X72.21 Y91.913 E4.25134
G1 X72.21 Y72.21 E.61777
G1 X187.79 Y72.21 E3.62392
G1 X187.79 Y76.784 E.14341
G1 X187.79 Y187.79 E3.48051
G1 X168.147 Y187.79 E.61589
G1 E-3.5
;WIPE_START
G1 F7200
G1 X168.087 Y187.79 E-.0285
G1 X165.896 Y185.599 E-1.4715
;WIPE_END
G1 X73.408 Y73.332 F9000
G1 E5 F2400
;TYPE:Solid infill
;WIDTH:0.53634
G1 F7200
G1 X73.364 Y73.289 E.00252
G1 X73.304 Y73.304 E.00254
G1 X73.289 Y73.364 E.00254
G1 X73.332 Y73.408 E.00252
G1 X73.392 Y73.392 E.00255
;WIDTH:0.439999
G1 X74.026 Y73.3 E.02115
G1 X73.3 Y74.026 E.0339
G1 X73.3 Y74.587 E.01852
G1 X74.587 Y73.3 E.06009
G1 X75.149 Y73.3 E.01856
G1 X73.3 Y75.149 E.08634
G1 X73.3 Y75.711 E.01856
G1 X75.711 Y73.3 E.11258
G1 X76.272 Y73.3 E.01852
G1 X73.3 Y76.272 E.13877
G1 X73.3 Y76.834 E.01856
G1 X76.834 Y73.3 E.16501
G1 X77.395 Y73.3 E.01852
G1 X73.3 Y77.395 E.19121
G1 X73.3 Y77.957 E.01856
G1 X77.957 Y73.3 E.21745
G1 X78.518 Y73.3 E.01852
G1 X73.3 Y78.518 E.24365
G1 X73.3 Y79.08 E.01856
G1 X79.08 Y73.3 E.26989
G1 X79.641 Y73.3 E.01852
G1 X73.3 Y79.641 E.29608
G1 X73.3 Y80.203 E.01856
G1 X80.203 Y73.3 E.32232
G1 X80.765 Y73.3 E.01856
G1 X73.3 Y80.765 E.34857
G1 X73.3 Y81.326 E.01852
G1 X81.326 Y73.3 E.37476
G1 X81.888 Y73.3 E.01856
G1 X73.3 Y81.888 E.401
G1 X73.3 Y82.449 E.01852
G1 X82.449 Y73.3 E.4272
G1 X83.011 Y73.3 E.01856
G1 X73.3 Y83.011 E.45344
G1 X73.3 Y83.572 E.01852
G1 X83.572 Y73.3 E.47964
G1 X84.134 Y73.3 E.01856
G1 X73.3 Y84.134 E.50588
G1 X73.3 Y84.695 E.01852
G1 X84.695 Y73.3 E.53207
G1 X85.257 Y73.3 E.01856
G1 X73.3 Y85.257 E.55831
G1 X73.3 Y85.819 E.01856
G1 X85.819 Y73.3 E.58456
G1 X86.38 Y73.3 E.01852
G1 X73.3 Y86.38 E.61075
G1 X73.3 Y86.942 E.01856
G1 X86.942 Y73.3 E.63699
G1 X87.503 Y73.3 E.01852
G1 X73.3 Y87.503 E.66319
G1 X73.3 Y88.065 E.01856
G1 X88.065 Y73.3 E.68943
G1 X88.626 Y73.3 E.01852
G1 X73.3 Y88.626 E.71562
G1 X73.3 Y89.188 E.01856
G1 X89.188 Y73.3 E.74187
G1 X89.749 Y73.3 E.01852
G1 X73.3 Y89.749 E.76806
G1 X73.262 Y89.884 E.00463
;WIDTH:0.41146
G1 X73.225 Y90.019 E.00429
;WIDTH:0.38292
G1 X73.154 Y90 E.00208
G1 X73.173 Y90.071 E.00208
G1 X73.214 Y90.06 E.0012
G1 E-3.5 F3600
;WIPE_START
G1 F7200
G1 X73.173 Y90.071 E-.02016
G1 X73.154 Y90 E-.03491
G1 X73.225 Y90.019 E-.03491
G1 X73.262 Y89.884 E-.06649
G1 X73.3 Y89.749 E-.06662
G1 X75.201 Y87.848 E-1.27691
;WIPE_END
G1 X84.88 Y78.731 F9000
G1 E5 F2400
;WIDTH:0.439999
G1 F7200
G1 X90.311 Y73.3 E.25359
G1 X90.873 Y73.3 E.01856
G1 X85.812 Y78.36 E.23629
G1 X85.692 Y78.446 E.00487
;WIDTH:0.41146
G1 X85.572 Y78.531 E.00451
;WIDTH:0.38292
G1 X85.501 Y78.512 E.00208
G1 X85.52 Y78.583 E.00208
G1 X85.561 Y78.572 E.0012
G1 X86.359 Y78.314 F9000
G1 F7200
G1 X86.318 Y78.325 E.0012
G1 X86.299 Y78.254 E.00208
G1 X86.37 Y78.273 E.00208
;WIDTH:0.41146
G1 X86.488 Y78.2 E.00425
;WIDTH:0.439999
G1 X86.607 Y78.127 E.00461
G1 X91.434 Y73.3 E.22539
G1 X91.996 Y73.3 E.01856
G1 X87.132 Y78.164 E.22712
G1 X87.633 Y78.224 E.01666
G1 X92.557 Y73.3 E.22992
G1 X93.119 Y73.3 E.01856
G1 X88.129 Y78.29 E.233
G1 X88.544 Y78.436 E.01453
G1 X93.68 Y73.3 E.23982
G1 X94.242 Y73.3 E.01856
G1 X88.887 Y78.655 E.25004
G1 X89.219 Y78.885 E.01334
G1 X94.803 Y73.3 E.26076
G1 X95.365 Y73.3 E.01856
G1 X89.551 Y79.114 E.27148
G1 X89.868 Y79.359 E.01323
G1 X95.927 Y73.3 E.28292
G1 X96.488 Y73.3 E.01852
G1 X90.104 Y79.684 E.29809
G1 X90.297 Y80.053 E.01375
G1 X97.05 Y73.3 E.31532
G1 X97.611 Y73.3 E.01852
G1 X90.49 Y80.421 E.3325
G1 X90.683 Y80.79 E.01375
G1 X98.173 Y73.3 E.34973
G1 X98.734 Y73.3 E.01852
G1 X90.812 Y81.222 E.36991
G1 X90.824 Y81.771 E.01813
G1 X99.296 Y73.3 E.39556
G1 X99.857 Y73.3 E.01852
G1 X90.824 Y82.333 E.42178
G1 X90.631 Y83.248 F9000
;WIDTH:0.38292
G1 F7200
G1 X90.59 Y83.259 E.0012
G1 X90.571 Y83.188 E.00208
G1 X90.642 Y83.207 E.00208
;WIDTH:0.41146
G1 X90.712 Y83.072 E.00466
;WIDTH:0.439999
G1 X90.782 Y82.937 E.00502
G1 X100.419 Y73.3 E.44998
G1 E-3.5 F3600
;WIPE_START
G1 F7200
G1 X98.186 Y75.533 E-1.5
;WIPE_END
G1 X84.599 Y78.991 F9000
G1 E5 F2400
;WIDTH:0.422434
G1 F7200
G1 X84.332 Y79.267 E.01212
;WIDTH:0.439999
G1 X73.3 Y90.311 E.5154
G1 X73.3 Y90.873 E.01856
G1 X83.353 Y80.82 E.46941
G1 X83.447 Y80.694 E.00519
;WIDTH:0.41146
G1 X83.541 Y80.569 E.00479
;WIDTH:0.38292
G1 X83.5 Y80.58 E.0012
G1 X83.481 Y80.509 E.00208
G1 X83.552 Y80.528 E.00208
G1 X83.4 Y81.419 F9000
G1 F7200
G1 X83.329 Y81.4 E.00208
G1 X83.348 Y81.471 E.00208
G1 X83.389 Y81.46 E.0012
;WIDTH:0.41146
G1 X83.28 Y81.511 E.00369
;WIDTH:0.439999
G1 X83.171 Y81.563 E.00399
G1 X73.3 Y91.434 E.46091
G1 X73.567 Y91.729 E.01314
G1 X83.12 Y82.176 E.44606
G1 X83.219 Y82.639 E.01563
G1 X73.848 Y92.009 E.43754
G1 X74.129 Y92.29 E.01312
G1 X83.33 Y83.089 E.42963
G1 X83.442 Y83.539 E.01531
G1 X74.409 Y92.571 E.42176
G1 X74.69 Y92.852 E.01312
G1 X83.62 Y83.922 E.41697
G1 X83.87 Y84.234 E.0132
G1 X74.971 Y93.133 E.41552
G1 X75.252 Y93.413 E.0131
G1 X84.133 Y84.531 E.41471
G1 X84.397 Y84.829 E.01314
G1 X75.532 Y93.694 E.41394
G1 X75.813 Y93.975 E.01312
G1 X84.674 Y85.114 E.41375
G1 X85.017 Y85.333 E.01344
G1 X76.094 Y94.256 E.41665
G1 X76.375 Y94.536 E.0131
G1 X85.42 Y85.491 E.42234
G1 X85.827 Y85.645 E.01437
G1 X76.656 Y94.817 E.42825
G1 X76.936 Y95.098 E.0131
G1 X86.234 Y85.8 E.43416
G1 X86.725 Y85.871 E.01638
G1 X77.217 Y95.379 E.44396
G1 X77.498 Y95.66 E.01312
G1 X87.348 Y85.809 E.45995
G1 X87.989 Y85.73 E.02132
G1 X77.779 Y95.94 E.47674
G1 X78.059 Y96.221 E.0131
G1 X89.055 Y85.226 E.51342
G1 X89.336 Y84.992 E.01207
;WIDTH:0.38292
G1 X89.984 Y84.388 E.02504
G1 X90.047 Y84.308 E.00288
;WIDTH:0.41146
G1 X90.15 Y84.167 E.00535
;WIDTH:0.439999
G1 X90.254 Y84.027 E.00576
G1 X100.981 Y73.3 E.50088
G1 X101.542 Y73.3 E.01852
G1 X78.34 Y96.502 E1.08338
G1 X78.621 Y96.783 E.01312
G1 X102.104 Y73.3 E1.0965
G1 X102.665 Y73.3 E.01852
G1 X78.902 Y97.063 E1.10958
G1 X79.183 Y97.344 E.01312
G1 X103.227 Y73.3 E1.1227
G1 X103.788 Y73.3 E.01852
G1 X79.463 Y97.625 E1.13582
G1 X79.744 Y97.906 E.01312
G1 X104.35 Y73.3 E1.14894
G1 X104.911 Y73.3 E.01852
G1 X80.025 Y98.186 E1.16201
G1 X80.306 Y98.467 E.01312
G1 X105.473 Y73.3 E1.17513
G1 X106.035 Y73.3 E.01856
G1 X80.586 Y98.748 E1.18828
G1 X80.867 Y99.029 E.01312
G1 X106.596 Y73.3 E1.20138
G1 X107.158 Y73.3 E.01856
G1 X81.148 Y99.31 E1.2145
G1 X81.429 Y99.59 E.0131
G1 X107.719 Y73.3 E1.22757
G1 X108.281 Y73.3 E.01856
G1 X81.71 Y99.871 E1.24069
G1 X81.99 Y100.152 E.0131
G1 X108.842 Y73.3 E1.25381
G1 X109.404 Y73.3 E.01856
G1 X82.271 Y100.433 E1.26693
G1 X82.552 Y100.713 E.0131
G1 X109.965 Y73.3 E1.28001
G1 X110.527 Y73.3 E.01856
G1 X82.833 Y100.994 E1.29313
G1 X83.113 Y101.275 E.0131
G1 X111.089 Y73.3 E1.30627
G1 X111.65 Y73.3 E.01852
G1 X83.394 Y101.556 E1.31937
G1 X83.675 Y101.837 E.01312
G1 X112.212 Y73.3 E1.33249
G1 X112.773 Y73.3 E.01852
G1 X83.956 Y102.117 E1.34557
G1 X84.237 Y102.398 E.01312
G1 X113.335 Y73.3 E1.35869
G1 X113.896 Y73.3 E.01852
G1 X84.517 Y102.679 E1.37181
G1 X84.798 Y102.96 E.01312
G1 X114.458 Y73.3 E1.38493
G1 X115.019 Y73.3 E.01852
G1 X85.079 Y103.24 E1.398
G1 X85.36 Y103.521 E.01312
G1 X115.581 Y73.3 E1.41112
G1 X116.143 Y73.3 E.01856
G1 X85.64 Y103.802 E1.42427
G1 X85.921 Y104.083 E.01312
G1 X116.704 Y73.3 E1.43736
G1 X117.266 Y73.3 E.01856
G1 X99.774 Y90.791 E.81674
G1 X99.494 Y91.01 E.01174
;WIDTH:0.38292
G1 X99.262 Y91.243 E.0093
;WIDTH:0.41146
G1 X99.152 Y91.383 E.00546
;WIDTH:0.439999
G1 X99.042 Y91.524 E.0059
G1 X86.202 Y104.364 E.59954
G1 X86.483 Y104.644 E.0131
G1 X98.972 Y92.155 E.58315
G1 X99.108 Y92.58 E.01473
G1 X86.763 Y104.925 E.57643
G1 X87.044 Y105.206 E.01312
G1 X99.348 Y92.902 E.57452
G1 X99.629 Y93.183 E.01312
G1 X87.325 Y105.487 E.57452
G1 X87.606 Y105.767 E.0131
G1 X99.91 Y93.464 E.57449
G1 X100.19 Y93.744 E.01307
G1 X87.887 Y106.048 E.57449
G1 X88.167 Y106.329 E.0131
G1 X100.471 Y94.025 E.57452
G1 X100.752 Y94.306 E.01312
G1 X88.448 Y106.61 E.57452
G1 X88.729 Y106.891 E.01312
G1 X101.033 Y94.587 E.57452
G1 X101.314 Y94.868 E.01312
G1 X89.01 Y107.171 E.57449
G1 X89.29 Y107.452 E.0131
G1 X101.594 Y95.148 E.57452
G1 X101.875 Y95.429 E.01312
G1 X89.571 Y107.733 E.57452
G1 X89.852 Y108.014 E.01312
G1 X102.156 Y95.71 E.57452
G1 X102.437 Y95.991 E.01312
G1 X90.133 Y108.294 E.57449
G1 X90.414 Y108.575 E.01312
G1 X102.717 Y96.271 E.57449
G1 X102.998 Y96.552 E.01312
G1 X90.694 Y108.856 E.57452
G1 X90.975 Y109.137 E.01312
G1 X103.279 Y96.833 E.57452
G1 X103.56 Y97.114 E.01312
G1 X91.256 Y109.418 E.57452
G1 X91.537 Y109.698 E.0131
G1 X103.841 Y97.395 E.57449
G1 X104.121 Y97.675 E.01307
G1 X91.817 Y109.979 E.57452
G1 X92.098 Y110.26 E.01312
G1 X104.402 Y97.956 E.57452
G1 X104.683 Y98.237 E.01312
G1 X92.379 Y110.541 E.57452
G1 X92.66 Y110.821 E.0131
G1 X104.964 Y98.518 E.57449
G1 X105.244 Y98.798 E.01307
G1 X92.941 Y111.102 E.57449
G1 X93.221 Y111.383 E.0131
G1 X105.525 Y99.079 E.57452
G1 X105.806 Y99.36 E.01312
G1 X93.502 Y111.664 E.57452
G1 X93.783 Y111.945 E.01312
G1 X106.087 Y99.641 E.57452
G1 X106.367 Y99.922 E.0131
G1 X94.064 Y112.225 E.57447
G1 X94.344 Y112.506 E.0131
G1 X106.648 Y100.202 E.57452
G1 X106.929 Y100.483 E.01312
G1 X94.625 Y112.787 E.57452
G1 X94.906 Y113.068 E.01312
G1 X107.21 Y100.764 E.57452
G1 X107.491 Y101.045 E.01312
G1 X95.187 Y113.348 E.57449
G1 X95.468 Y113.629 E.01312
G1 X107.771 Y101.325 E.57449
G1 X108.052 Y101.606 E.01312
G1 X95.748 Y113.91 E.57452
G1 X96.029 Y114.191 E.01312
G1 X108.333 Y101.887 E.57452
G1 X108.614 Y102.168 E.01312
G1 X96.31 Y114.472 E.57452
G1 X96.591 Y114.752 E.0131
G1 X108.894 Y102.449 E.57447
G1 X109.175 Y102.729 E.0131
G1 X96.871 Y115.033 E.57452
G1 X97.152 Y115.314 E.01312
G1 X109.456 Y103.01 E.57452
G1 X109.737 Y103.291 E.01312
G1 X97.433 Y115.595 E.57452
G1 X97.714 Y115.875 E.0131
G1 X110.018 Y103.572 E.57449
G1 X110.298 Y103.852 E.01307
G1 X97.995 Y116.156 E.57449
G1 X98.275 Y116.437 E.0131
G1 X110.579 Y104.133 E.57452
G1 X110.86 Y104.414 E.01312
G1 X98.556 Y116.718 E.57452
G1 X98.837 Y116.999 E.01312
G1 X111.141 Y104.695 E.57452
G1 X111.421 Y104.976 E.0131
G1 X99.118 Y117.279 E.57447
G1 X99.398 Y117.56 E.0131
G1 X111.702 Y105.256 E.57452
G1 X111.983 Y105.537 E.01312
G1 X99.679 Y117.841 E.57452
G1 X99.96 Y118.122 E.01312
G1 X112.264 Y105.818 E.57452
G1 X112.545 Y106.099 E.01312
G1 X100.241 Y118.402 E.57449
G1 X100.522 Y118.683 E.01312
G1 X112.825 Y106.379 E.57449
G1 X113.106 Y106.66 E.01312
G1 X100.802 Y118.964 E.57452
G1 X101.083 Y119.245 E.01312
G1 X113.387 Y106.941 E.57452
G1 X113.668 Y107.222 E.01312
G1 X101.364 Y119.526 E.57452
G1 X101.645 Y119.806 E.0131
G1 X113.948 Y107.503 E.57447
G1 X114.229 Y107.783 E.0131
G1 X101.925 Y120.087 E.57452
G1 X102.206 Y120.368 E.01312
G1 X114.51 Y108.064 E.57452
G1 X114.791 Y108.345 E.01312
G1 X102.487 Y120.649 E.57452
G1 X102.768 Y120.929 E.0131
G1 X115.072 Y108.626 E.57449
G1 X115.352 Y108.906 E.01307
G1 X103.049 Y121.21 E.57449
G1 X103.329 Y121.491 E.0131
G1 X115.633 Y109.187 E.57452
G1 X115.914 Y109.468 E.01312
G1 X103.61 Y121.772 E.57452
G1 X103.891 Y122.053 E.01312
G1 X116.195 Y109.749 E.57452
G1 X116.475 Y110.03 E.0131
G1 X104.172 Y122.333 E.57447
G1 X104.452 Y122.614 E.0131
G1 X116.756 Y110.31 E.57452
G1 X117.037 Y110.591 E.01312
G1 X104.733 Y122.895 E.57452
G1 X105.014 Y123.176 E.01312
G1 X117.318 Y110.872 E.57452
G1 X117.599 Y111.153 E.01312
G1 X105.295 Y123.456 E.57449
G1 X105.576 Y123.737 E.01312
G1 X117.879 Y111.433 E.57449
G1 X118.16 Y111.714 E.01312
G1 X105.856 Y124.018 E.57452
G1 X106.137 Y124.299 E.01312
G1 X118.441 Y111.995 E.57452
G1 X118.722 Y112.276 E.01312
G1 X106.418 Y124.58 E.57452
G1 X106.699 Y124.86 E.0131
G1 X119.002 Y112.557 E.57447
G1 X119.283 Y112.837 E.0131
G1 X106.979 Y125.141 E.57452
G1 X107.26 Y125.422 E.01312
G1 X119.564 Y113.118 E.57452
G1 X119.845 Y113.399 E.01312
G1 X107.541 Y125.703 E.57452
G1 X107.822 Y125.983 E.0131
G1 X120.126 Y113.68 E.57449
G1 X120.406 Y113.96 E.01307
G1 X108.103 Y126.264 E.57449
G1 X108.383 Y126.545 E.0131
G1 X120.687 Y114.241 E.57452
G1 X120.968 Y114.522 E.01312
G1 X108.664 Y126.826 E.57452
G1 X108.945 Y127.107 E.01312
G1 X121.249 Y114.803 E.57452
G1 X121.529 Y115.084 E.0131
G1 X109.226 Y127.387 E.57447
G1 X109.506 Y127.668 E.0131
G1 X121.81 Y115.364 E.57452
G1 X122.091 Y115.645 E.01312
G1 X109.787 Y127.949 E.57452
G1 X110.068 Y128.23 E.01312
G1 X122.372 Y115.926 E.57452
G1 X122.653 Y116.207 E.01312
G1 X110.349 Y128.51 E.57449
G1 X110.63 Y128.791 E.01312
G1 X122.933 Y116.487 E.57449
G1 X123.214 Y116.768 E.01312
G1 X110.91 Y129.072 E.57452
G1 X111.191 Y129.353 E.01312
G1 X123.495 Y117.049 E.57452
G1 X123.776 Y117.33 E.01312
G1 X111.472 Y129.634 E.57452
G1 X111.753 Y129.914 E.0131
G1 X124.056 Y117.611 E.57447
G1 X124.337 Y117.891 E.0131
G1 X112.033 Y130.195 E.57452
G1 X112.314 Y130.476 E.01312
G1 X124.618 Y118.172 E.57452
G1 X124.899 Y118.453 E.01312
G1 X112.595 Y130.757 E.57452
G1 X112.876 Y131.037 E.0131
G1 X125.18 Y118.734 E.57449
G1 X125.46 Y119.014 E.01307
G1 X113.157 Y131.318 E.57449
G1 X113.437 Y131.599 E.0131
G1 X125.741 Y119.295 E.57452
G1 X126.022 Y119.576 E.01312
G1 X113.718 Y131.88 E.57452
G1 X113.999 Y132.161 E.01312
G1 X126.303 Y119.857 E.57452
G1 X126.583 Y120.138 E.0131
G1 X114.28 Y132.441 E.57447
G1 X114.56 Y132.722 E.0131
G1 X126.864 Y120.418 E.57452
G1 X127.145 Y120.699 E.01312
G1 X114.841 Y133.003 E.57452
G1 X115.122 Y133.284 E.01312
G1 X127.426 Y120.98 E.57452
G1 X127.707 Y121.261 E.01312
G1 X115.403 Y133.564 E.57449
G1 X115.684 Y133.845 E.01312
G1 X127.987 Y121.541 E.57449
G1 X128.268 Y121.822 E.01312
G1 X115.964 Y134.126 E.57452
G1 X116.245 Y134.407 E.01312
G1 X128.549 Y122.103 E.57452
G1 X128.83 Y122.384 E.01312
G1 X116.526 Y134.688 E.57452
G1 X116.807 Y134.968 E.0131
G1 X129.11 Y122.665 E.57447
G1 X129.391 Y122.945 E.0131
G1 X117.087 Y135.249 E.57452
G1 X117.368 Y135.53 E.01312
G1 X129.672 Y123.226 E.57452
G1 X129.953 Y123.507 E.01312
G1 X117.649 Y135.811 E.57452
G1 X117.93 Y136.091 E.0131
G1 X130.234 Y123.788 E.57449
G1 X130.514 Y124.068 E.01307
G1 X118.211 Y136.372 E.57449
G1 X118.491 Y136.653 E.0131
G1 X130.795 Y124.349 E.57452
G1 X131.076 Y124.63 E.01312
G1 X118.772 Y136.934 E.57452
G1 X119.053 Y137.215 E.01312
G1 X131.357 Y124.911 E.57452
G1 X131.637 Y125.192 E.0131
G1 X119.334 Y137.495 E.57447
G1 X119.614 Y137.776 E.0131
G1 X131.918 Y125.472 E.57452
G1 X132.199 Y125.753 E.01312
G1 X119.895 Y138.057 E.57452
G1 X120.176 Y138.338 E.01312
G1 X132.48 Y126.034 E.57452
G1 X132.761 Y126.315 E.01312
G1 X120.457 Y138.618 E.57449
G1 X120.738 Y138.899 E.01312
G1 X133.041 Y126.595 E.57449
G1 X133.322 Y126.876 E.01312
G1 X121.018 Y139.18 E.57452
G1 X121.299 Y139.461 E.01312
G1 X133.603 Y127.157 E.57452
G1 X133.884 Y127.438 E.01312
G1 X121.58 Y139.742 E.57452
G1 X121.861 Y140.022 E.0131
G1 X134.164 Y127.719 E.57447
G1 X134.445 Y127.999 E.0131
G1 X122.141 Y140.303 E.57452
G1 X122.422 Y140.584 E.01312
G1 X134.726 Y128.28 E.57452
G1 X135.007 Y128.561 E.01312
G1 X122.703 Y140.865 E.57452
G1 X122.984 Y141.145 E.0131
G1 X135.288 Y128.842 E.57449
G1 X135.568 Y129.122 E.01307
G1 X123.265 Y141.426 E.57449
G1 X123.545 Y141.707 E.0131
G1 X135.849 Y129.403 E.57452
G1 X136.13 Y129.684 E.01312
G1 X123.826 Y141.988 E.57452
G1 X124.107 Y142.269 E.01312
G1 X136.411 Y129.965 E.57452
G1 X136.691 Y130.246 E.0131
G1 X124.388 Y142.549 E.57447
G1 X124.668 Y142.83 E.0131
G1 X136.972 Y130.526 E.57452
G1 X137.253 Y130.807 E.01312
G1 X124.949 Y143.111 E.57452
G1 X125.23 Y143.392 E.01312
G1 X137.534 Y131.088 E.57452
G1 X137.815 Y131.369 E.01312
G1 X125.511 Y143.672 E.57449
G1 X125.792 Y143.953 E.01312
G1 X138.095 Y131.649 E.57449
G1 X138.376 Y131.93 E.01312
G1 X126.072 Y144.234 E.57452
G1 X126.353 Y144.515 E.01312
G1 X138.657 Y132.211 E.57452
G1 X138.938 Y132.492 E.01312
G1 X126.634 Y144.796 E.57452
G1 X126.915 Y145.076 E.0131
G1 X139.218 Y132.773 E.57447
G1 X139.499 Y133.053 E.0131
G1 X127.195 Y145.357 E.57452
G1 X127.476 Y145.638 E.01312
G1 X139.78 Y133.334 E.57452
G1 X140.061 Y133.615 E.01312
G1 X127.757 Y145.919 E.57452
G1 X128.038 Y146.199 E.0131
G1 X140.342 Y133.896 E.57449
G1 X140.622 Y134.176 E.01307
G1 X128.319 Y146.48 E.57449
G1 X128.599 Y146.761 E.0131
G1 X140.903 Y134.457 E.57452
G1 X141.184 Y134.738 E.01312
G1 X128.88 Y147.042 E.57452
G1 X129.161 Y147.323 E.01312
G1 X141.465 Y135.019 E.57452
G1 X141.745 Y135.3 E.0131
G1 X129.442 Y147.603 E.57447
G1 X129.722 Y147.884 E.0131
G1 X142.026 Y135.58 E.57452
G1 X142.307 Y135.861 E.01312
G1 X130.003 Y148.165 E.57452
G1 X130.284 Y148.446 E.01312
G1 X142.588 Y136.142 E.57452
G1 X142.869 Y136.423 E.01312
G1 X130.565 Y148.726 E.57449
G1 X130.846 Y149.007 E.01312
G1 X143.149 Y136.703 E.57449
G1 X143.43 Y136.984 E.01312
G1 X131.126 Y149.288 E.57452
G1 X131.407 Y149.569 E.01312
G1 X143.711 Y137.265 E.57452
G1 X143.992 Y137.546 E.01312
G1 X131.688 Y149.85 E.57452
G1 X131.969 Y150.13 E.0131
G1 X144.272 Y137.827 E.57447
G1 X144.553 Y138.107 E.0131
G1 X132.249 Y150.411 E.57452
G1 X132.53 Y150.692 E.01312
G1 X144.834 Y138.388 E.57452
G1 X145.115 Y138.669 E.01312
G1 X132.811 Y150.973 E.57452
G1 X133.092 Y151.253 E.0131
G1 X145.396 Y138.95 E.57449
G1 X145.676 Y139.23 E.01307
G1 X133.373 Y151.534 E.57449
G1 X133.653 Y151.815 E.0131
G1 X145.957 Y139.511 E.57452
G1 X146.238 Y139.792 E.01312
G1 X133.934 Y152.096 E.57452
G1 X134.215 Y152.377 E.01312
G1 X146.519 Y140.073 E.57452
G1 X146.799 Y140.353 E.01307
G1 X134.496 Y152.657 E.57449
G1 X134.776 Y152.938 E.0131
G1 X147.08 Y140.634 E.57452
G1 X147.361 Y140.915 E.01312
G1 X135.057 Y153.219 E.57452
G1 X135.338 Y153.5 E.01312
G1 X147.642 Y141.196 E.57452
G1 X147.923 Y141.477 E.01312
G1 X135.619 Y153.78 E.57449
G1 X135.9 Y154.061 E.01312
G1 X148.203 Y141.757 E.57449
G1 X148.484 Y142.038 E.01312
G1 X136.18 Y154.342 E.57452
G1 X136.461 Y154.623 E.01312
G1 X148.765 Y142.319 E.57452
G1 X149.046 Y142.6 E.01312
G1 X136.742 Y154.904 E.57452
G1 X137.023 Y155.184 E.0131
G1 X149.326 Y142.88 E.57449
G1 X149.607 Y143.161 E.01312
G1 X137.303 Y155.465 E.57452
G1 X137.584 Y155.746 E.01312
G1 X149.888 Y143.442 E.57452
G1 X150.169 Y143.723 E.01312
G1 X137.865 Y156.027 E.57452
G1 X138.146 Y156.307 E.0131
G1 X150.45 Y144.004 E.57449
G1 X150.73 Y144.284 E.01307
G1 X138.427 Y156.588 E.57449
G1 X138.707 Y156.869 E.0131
G1 X151.011 Y144.565 E.57452
G1 X151.292 Y144.846 E.01312
G1 X138.988 Y157.15 E.57452
G1 X139.269 Y157.43 E.0131
G1 X151.573 Y145.127 E.57449
G1 X151.853 Y145.407 E.01307
G1 X139.55 Y157.711 E.57449
G1 X139.83 Y157.992 E.0131
G1 X152.134 Y145.688 E.57452
G1 X152.415 Y145.969 E.01312
G1 X140.111 Y158.273 E.57452
G1 X140.392 Y158.554 E.01312
G1 X152.696 Y146.25 E.57452
G1 X152.977 Y146.531 E.01312
G1 X140.673 Y158.834 E.57449
G1 X140.954 Y159.115 E.01312
G1 X153.257 Y146.811 E.57449
G1 X153.538 Y147.092 E.01312
G1 X141.234 Y159.396 E.57452
G1 X141.515 Y159.677 E.01312
G1 X153.819 Y147.373 E.57452
G1 X154.1 Y147.654 E.01312
G1 X141.796 Y159.957 E.57449
G1 X142.077 Y160.238 E.01312
G1 X154.38 Y147.934 E.57449
G1 X154.661 Y148.215 E.01312
G1 X142.357 Y160.519 E.57452
G1 X142.638 Y160.8 E.01312
G1 X154.942 Y148.496 E.57452
G1 X155.223 Y148.777 E.01312
G1 X142.919 Y161.081 E.57452
G1 X143.2 Y161.361 E.0131
G1 X155.504 Y149.058 E.57449
G1 X155.784 Y149.338 E.01307
G1 X143.481 Y161.642 E.57449
G1 X143.761 Y161.923 E.0131
G1 X156.065 Y149.619 E.57452
G1 X156.346 Y149.9 E.01312
G1 X144.042 Y162.204 E.57452
G1 X144.323 Y162.484 E.0131
G1 X156.627 Y150.181 E.57449
G1 X156.907 Y150.461 E.01307
G1 X144.604 Y162.765 E.57449
G1 X144.884 Y163.046 E.0131
G1 X157.188 Y150.742 E.57452
G1 X157.469 Y151.023 E.01312
G1 X145.165 Y163.327 E.57452
G1 X145.446 Y163.608 E.01312
G1 X157.75 Y151.304 E.57452
G1 X158.031 Y151.585 E.01312
G1 X145.727 Y163.888 E.57449
G1 X146.008 Y164.169 E.01312
G1 X158.311 Y151.865 E.57449
G1 X158.592 Y152.146 E.01312
G1 X146.288 Y164.45 E.57452
G1 X146.569 Y164.731 E.01312
G1 X158.873 Y152.427 E.57452
G1 X159.154 Y152.708 E.01312
G1 X146.85 Y165.011 E.57449
G1 X147.131 Y165.292 E.01312
G1 X159.434 Y152.988 E.57449
G1 X159.715 Y153.269 E.01312
G1 X147.411 Y165.573 E.57452
G1 X147.692 Y165.854 E.01312
G1 X159.996 Y153.55 E.57452
G1 X160.277 Y153.831 E.01312
G1 X147.973 Y166.135 E.57452
G1 X148.254 Y166.415 E.0131
G1 X160.558 Y154.112 E.57449
G1 X160.838 Y154.392 E.01307
G1 X148.534 Y166.696 E.57452
G1 X148.815 Y166.977 E.01312
G1 X161.119 Y154.673 E.57452
G1 X161.4 Y154.954 E.01312
G1 X149.096 Y167.258 E.57452
G1 X149.377 Y167.538 E.0131
G1 X161.681 Y155.235 E.57449
G1 X161.961 Y155.515 E.01307
G1 X149.658 Y167.819 E.57449
G1 X149.938 Y168.1 E.0131
G1 X162.242 Y155.796 E.57452
G1 X162.523 Y156.077 E.01312
G1 X150.219 Y168.381 E.57452
G1 X150.5 Y168.662 E.01312
G1 X162.804 Y156.358 E.57452
G1 X163.085 Y156.639 E.01312
G1 X150.781 Y168.942 E.57449
G1 X151.061 Y169.223 E.0131
G1 X163.365 Y156.919 E.57452
G1 X163.646 Y157.2 E.01312
G1 X151.342 Y169.504 E.57452
G1 X151.623 Y169.785 E.01312
G1 X163.927 Y157.481 E.57452
G1 X164.208 Y157.762 E.01312
G1 X151.904 Y170.065 E.57449
G1 X152.185 Y170.346 E.01312
G1 X164.488 Y158.042 E.57449
G1 X164.769 Y158.323 E.01312
G1 X152.465 Y170.627 E.57452
G1 X152.746 Y170.908 E.01312
G1 X165.05 Y158.604 E.57452
G1 X165.331 Y158.885 E.01312
G1 X153.027 Y171.189 E.57452
G1 X153.308 Y171.469 E.0131
G1 X165.611 Y159.166 E.57447
G1 X165.892 Y159.446 E.0131
G1 X153.588 Y171.75 E.57452
G1 X153.869 Y172.031 E.01312
G1 X166.173 Y159.727 E.57452
G1 X166.454 Y160.008 E.01312
G1 X154.15 Y172.312 E.57452
G1 X154.431 Y172.592 E.0131
G1 X166.735 Y160.289 E.57449
G1 X167.015 Y160.569 E.01307
G1 X154.712 Y172.873 E.57449
G1 X154.992 Y173.154 E.0131
G1 X167.316 Y160.83 E.57545
G1 X167.706 Y161.002 E.01407
G1 X155.273 Y173.435 E.58054
G1 X155.554 Y173.716 E.01312
G1 X168.249 Y161.02 E.5928
G1 E-3.5 F3600
;WIPE_START
G1 F7200
G1 X166.016 Y163.253 E-1.5
;WIPE_END
G1 X100.427 Y90.7 F9000
G1 E5 F2400
G1 F7200
G1 X117.827 Y73.3 E.81247
G1 X118.389 Y73.3 E.01856
G1 X100.989 Y90.7 E.81247
G1 X101.55 Y90.7 E.01852
G1 X118.95 Y73.3 E.81247
G1 X119.512 Y73.3 E.01856
G1 X102.112 Y90.7 E.81247
G1 X102.673 Y90.7 E.01852
G1 X120.073 Y73.3 E.81247
G1 X120.635 Y73.3 E.01856
G1 X103.235 Y90.7 E.81247
G1 X103.796 Y90.7 E.01852
G1 X121.197 Y73.3 E.81249
G1 X121.758 Y73.3 E.01852
G1 X104.358 Y90.7 E.81247
G1 X104.919 Y90.7 E.01852
G1 X122.32 Y73.3 E.81249
G1 X122.881 Y73.3 E.01852
G1 X105.481 Y90.7 E.81247
G1 X106.043 Y90.7 E.01856
G1 X123.443 Y73.3 E.81247
G1 X124.004 Y73.3 E.01852
G1 X106.604 Y90.7 E.81247
G1 X107.166 Y90.7 E.01856
G1 X124.566 Y73.3 E.81247
G1 X125.127 Y73.3 E.01852
G1 X107.727 Y90.7 E.81247
G1 X108.289 Y90.7 E.01856
G1 X125.689 Y73.3 E.81247
G1 X126.251 Y73.3 E.01856
G1 X108.85 Y90.7 E.81249
G1 X109.412 Y90.7 E.01856
G1 X126.812 Y73.3 E.81247
G1 X127.374 Y73.3 E.01856
G1 X109.973 Y90.7 E.81249
G1 X110.535 Y90.7 E.01856
G1 X127.935 Y73.3 E.81247
G1 X128.497 Y73.3 E.01856
G1 X111.097 Y90.7 E.81247
G1 X111.658 Y90.7 E.01852
G1 X129.058 Y73.3 E.81247
G1 X129.62 Y73.3 E.01856
G1 X112.22 Y90.7 E.81247
G1 X112.781 Y90.7 E.01852
G1 X130.181 Y73.3 E.81247
G1 X130.743 Y73.3 E.01856
G1 X113.343 Y90.7 E.81247
G1 X113.904 Y90.7 E.01852
G1 X131.305 Y73.3 E.81249
G1 X131.866 Y73.3 E.01852
G1 X114.466 Y90.7 E.81247
G1 X115.027 Y90.7 E.01852
G1 X132.428 Y73.3 E.81249
G1 X132.989 Y73.3 E.01852
G1 X115.589 Y90.7 E.81247
G1 X116.151 Y90.7 E.01856
G1 X133.551 Y73.3 E.81247
G1 X134.112 Y73.3 E.01852
G1 X116.712 Y90.7 E.81247
G1 X117.274 Y90.7 E.01856
G1 X134.674 Y73.3 E.81247
G1 X135.235 Y73.3 E.01852
G1 X117.835 Y90.7 E.81247
G1 X118.397 Y90.7 E.01856
G1 X135.797 Y73.3 E.81247
G1 X136.358 Y73.3 E.01852
G1 X118.958 Y90.7 E.81247
G1 X119.52 Y90.7 E.01856
G1 X136.92 Y73.3 E.81247
G1 X137.482 Y73.3 E.01856
G1 X120.081 Y90.7 E.81249
G1 X120.643 Y90.7 E.01856
G1 X138.043 Y73.3 E.81247
G1 X138.605 Y73.3 E.01856
G1 X121.205 Y90.7 E.81247
G1 X121.766 Y90.7 E.01852
G1 X139.166 Y73.3 E.81247
G1 X139.728 Y73.3 E.01856
G1 X122.328 Y90.7 E.81247
G1 X122.889 Y90.7 E.01852
G1 X140.289 Y73.3 E.81247
G1 X140.851 Y73.3 E.01856
G1 X123.451 Y90.7 E.81247
G1 X124.012 Y90.7 E.01852
G1 X141.412 Y73.3 E.81247
G1 X141.974 Y73.3 E.01856
G1 X124.574 Y90.7 E.81247
G1 X125.135 Y90.7 E.01852
G1 X142.536 Y73.3 E.81249
G1 X143.097 Y73.3 E.01852
G1 X125.697 Y90.7 E.81247
G1 X126.259 Y90.7 E.01856
G1 X143.659 Y73.3 E.81247
G1 X144.22 Y73.3 E.01852
G1 X126.82 Y90.7 E.81247
G1 X127.382 Y90.7 E.01856
G1 X144.782 Y73.3 E.81247
G1 X145.343 Y73.3 E.01852
G1 X127.943 Y90.7 E.81247
G1 X128.505 Y90.7 E.01856
G1 X145.905 Y73.3 E.81247
G1 X146.466 Y73.3 E.01852
G1 X129.066 Y90.7 E.81247
G1 X129.628 Y90.7 E.01856
G1 X147.028 Y73.3 E.81247
G1 X147.59 Y73.3 E.01856
G1 X130.189 Y90.7 E.81249
G1 X130.751 Y90.7 E.01856
G1 X148.151 Y73.3 E.81247
G1 X148.713 Y73.3 E.01856
G1 X131.313 Y90.7 E.81247
G1 X131.874 Y90.7 E.01852
G1 X149.274 Y73.3 E.81247
G1 X149.836 Y73.3 E.01856
G1 X132.436 Y90.7 E.81247
G1 X132.997 Y90.7 E.01852
G1 X150.397 Y73.3 E.81247
G1 X150.959 Y73.3 E.01856
G1 X133.559 Y90.7 E.81247
G1 X134.12 Y90.7 E.01852
G1 X151.52 Y73.3 E.81247
G1 X152.082 Y73.3 E.01856
G1 X134.682 Y90.7 E.81247
G1 X135.243 Y90.7 E.01852
G1 X152.644 Y73.3 E.81249
G1 X153.205 Y73.3 E.01852
G1 X135.805 Y90.7 E.81247
G1 X136.367 Y90.7 E.01856
G1 X153.767 Y73.3 E.81247
G1 X154.328 Y73.3 E.01852
G1 X136.928 Y90.7 E.81247
G1 X137.49 Y90.7 E.01856
G1 X154.89 Y73.3 E.81247
G1 X155.451 Y73.3 E.01852
G1 X138.051 Y90.7 E.81247
G1 X138.613 Y90.7 E.01856
G1 X156.013 Y73.3 E.81247
G1 X156.574 Y73.3 E.01852
G1 X139.174 Y90.7 E.81247
G1 X139.736 Y90.7 E.01856
G1 X157.136 Y73.3 E.81247
G1 X157.698 Y73.3 E.01856
G1 X140.297 Y90.7 E.81249
G1 X140.859 Y90.7 E.01856
G1 X158.259 Y73.3 E.81247
G1 X158.821 Y73.3 E.01856
G1 X141.42 Y90.7 E.81249
G1 X141.982 Y90.7 E.01856
G1 X159.382 Y73.3 E.81247
G1 X159.944 Y73.3 E.01856
G1 X142.544 Y90.7 E.81247
G1 X143.105 Y90.7 E.01852
G1 X160.505 Y73.3 E.81247
G1 X161.067 Y73.3 E.01856
G1 X143.667 Y90.7 E.81247
G1 X144.228 Y90.7 E.01852
G1 X161.628 Y73.3 E.81247
G1 X162.19 Y73.3 E.01856
G1 X144.79 Y90.7 E.81247
G1 X145.351 Y90.7 E.01852
G1 X162.752 Y73.3 E.81249
G1 X163.313 Y73.3 E.01852
G1 X145.913 Y90.7 E.81247
G1 X146.474 Y90.7 E.01852
G1 X163.875 Y73.3 E.81249
G1 X164.436 Y73.3 E.01852
G1 X147.036 Y90.7 E.81247
G1 X147.598 Y90.7 E.01856
G1 X164.998 Y73.3 E.81247
G1 X165.559 Y73.3 E.01852
G1 X148.159 Y90.7 E.81247
G1 X148.721 Y90.7 E.01856
G1 X166.121 Y73.3 E.81247
G1 X166.682 Y73.3 E.01852
G1 X149.282 Y90.7 E.81247
G1 X149.844 Y90.7 E.01856
G1 X167.244 Y73.3 E.81247
G1 X167.806 Y73.3 E.01856
G1 X150.405 Y90.7 E.81249
G1 X150.967 Y90.7 E.01856
G1 X168.367 Y73.3 E.81247
G1 X168.929 Y73.3 E.01856
G1 X151.528 Y90.7 E.81249
G1 X152.09 Y90.7 E.01856
G1 X169.49 Y73.3 E.81247
G1 X170.052 Y73.3 E.01856
G1 X152.652 Y90.7 E.81247
G1 X153.213 Y90.7 E.01852
G1 X170.613 Y73.3 E.81247
G1 X171.175 Y73.3 E.01856
G1 X153.775 Y90.7 E.81247
G1 X154.336 Y90.7 E.01852
G1 X171.736 Y73.3 E.81247
G1 X172.298 Y73.3 E.01856
G1 X154.898 Y90.7 E.81247
G1 X155.459 Y90.7 E.01852
G1 X172.86 Y73.3 E.81249
G1 X173.421 Y73.3 E.01852
G1 X156.021 Y90.7 E.81247
G1 X156.582 Y90.7 E.01852
G1 X173.983 Y73.3 E.81249
G1 X174.544 Y73.3 E.01852
G1 X157.144 Y90.7 E.81247
G1 X157.706 Y90.7 E.01856
G1 X175.106 Y73.3 E.81247
G1 X175.667 Y73.3 E.01852
G1 X158.267 Y90.7 E.81247
G1 X158.829 Y90.7 E.01856
G1 X176.229 Y73.3 E.81247
G1 X176.79 Y73.3 E.01852
G1 X159.39 Y90.7 E.81247
G1 X159.952 Y90.7 E.01856
G1 X177.352 Y73.3 E.81247
G1 X177.914 Y73.3 E.01856
G1 X160.513 Y90.7 E.81249
G1 X161.075 Y90.7 E.01856
G1 X178.475 Y73.3 E.81247
G1 X179.037 Y73.3 E.01856
G1 X161.636 Y90.7 E.81249
G1 X162.198 Y90.7 E.01856
G1 X179.598 Y73.3 E.81247
G1 X180.16 Y73.3 E.01856
G1 X162.76 Y90.7 E.81247
G1 X163.632 Y90.846 F9000
;WIDTH:0.38292
G1 F7200
G1 X163.591 Y90.857 E.0012
G1 X163.572 Y90.786 E.00208
G1 X163.643 Y90.805 E.00208
;WIDTH:0.41146
G1 X163.482 Y90.753 E.00518
;WIDTH:0.439999
G1 X163.321 Y90.7 E.0056
G1 X180.721 Y73.3 E.81247
G1 X181.283 Y73.3 E.01856
G1 X175.798 Y78.785 E.25611
G1 X176.516 Y78.589 E.02457
;WIDTH:0.38292
G1 X176.475 Y78.6 E.0012
G1 X176.456 Y78.529 E.00208
G1 X176.527 Y78.548 E.00208
;WIDTH:0.41146
G1 X176.647 Y78.463 E.00451
;WIDTH:0.439999
G1 X176.767 Y78.378 E.00486
G1 X181.844 Y73.3 E.23709
G1 X182.406 Y73.3 E.01856
G1 X177.579 Y78.127 E.22539
G1 X177.46 Y78.203 E.00466
;WIDTH:0.41146
G1 X177.342 Y78.278 E.00428
;WIDTH:0.38292
G1 X177.271 Y78.259 E.00208
G1 X177.29 Y78.33 E.00208
G1 X177.331 Y78.319 E.0012
;WIDTH:0.439999
G1 X178.107 Y78.161 E.02615
G1 X182.968 Y73.3 E.22698
G1 X183.529 Y73.3 E.01852
G1 X178.608 Y78.221 E.22978
G1 X179.107 Y78.284 E.01661
G1 X184.091 Y73.3 E.23272
G1 X184.652 Y73.3 E.01852
G1 X179.526 Y78.426 E.23935
G1 X179.87 Y78.644 E.01345
G1 X185.214 Y73.3 E.24953
G1 X185.775 Y73.3 E.01852
G1 X180.202 Y78.873 E.26022
G1 X180.534 Y79.102 E.01332
G1 X186.337 Y73.3 E.27094
G1 X186.832 Y73.198 E.01669
;WIDTH:0.38292
G1 X186.761 Y73.179 E.00208
G1 X186.78 Y73.25 E.00208
G1 X186.821 Y73.239 E.0012
;WIDTH:0.41146
G1 X186.761 Y73.368 E.00436
;WIDTH:0.439999
G1 X186.7 Y73.498 E.00474
G1 X180.853 Y79.346 E.27304
G1 X181.094 Y79.666 E.01323
G1 X186.7 Y74.06 E.26176
G1 X186.7 Y74.621 E.01852
G1 X181.287 Y80.034 E.25275
G1 X181.481 Y80.402 E.01374
G1 X186.7 Y75.183 E.24369
G1 X186.7 Y75.744 E.01852
G1 X181.674 Y80.771 E.2347
G1 X181.804 Y81.202 E.01486
G1 X186.7 Y76.306 E.22861
G1 X186.7 Y76.868 E.01856
G1 X181.824 Y81.743 E.22765
G1 X181.824 Y82.305 E.01856
G1 X186.7 Y77.429 E.22768
G1 X186.7 Y77.991 E.01856
G1 X181.792 Y82.899 E.22917
G1 X181.719 Y83.054 E.00566
;WIDTH:0.41146
G1 X181.646 Y83.21 E.00528
;WIDTH:0.38292
G1 X181.605 Y83.221 E.0012
G1 X181.585 Y83.15 E.00209
G1 X181.657 Y83.169 E.00211
G1 E-3.5 F3600
;WIPE_START
G1 F7200
G1 X181.585 Y83.15 E-.03537
G1 X181.605 Y83.221 E-.03504
G1 X181.646 Y83.21 E-.02016
G1 X181.719 Y83.054 E-.08181
G1 X181.792 Y82.899 E-.08138
G1 X183.647 Y81.044 E-1.24624
;WIPE_END
G1 X180.235 Y85.064 F9000
G1 E5 F2400
G1 F7200
G1 X180.641 Y84.726 E.01494
G1 X181.077 Y84.245 E.01835
;WIDTH:0.41146
G1 X181.183 Y84.104 E.00541
;WIDTH:0.439999
G1 X181.288 Y83.964 E.00578
G1 X186.7 Y78.552 E.2527
G1 E-3.5 F3600
;WIPE_START
G1 F7200
G1 X184.467 Y80.785 E-1.5
;WIPE_END
G1 X175.282 Y79.301 F9000
G1 E5 F2400
G1 F7200
G1 X163.883 Y90.7 E.53226
G1 X164.444 Y90.7 E.01852
G1 X174.362 Y80.782 E.46311
G1 X174.441 Y80.641 E.00534
;WIDTH:0.41146
G1 X174.52 Y80.501 E.00493
;WIDTH:0.38292
G1 X174.689 Y80.247 E.00863
G1 X174.182 Y81.524 F9000
;WIDTH:0.439999
G1 F7200
G1 X165.006 Y90.7 E.42846
G1 X165.567 Y90.7 E.01852
G1 X174.112 Y82.155 E.399
G1 X174.213 Y82.616 E.01558
G1 X166.129 Y90.7 E.37747
G1 X166.69 Y90.7 E.01852
G1 X174.324 Y83.066 E.35646
G1 X174.435 Y83.517 E.01534
G1 X167.252 Y90.7 E.3354
G1 X167.814 Y90.7 E.01856
G1 X174.61 Y83.903 E.31735
G1 X174.856 Y84.219 E.01322
G1 X168.333 Y90.743 E.3046
G1 X168.725 Y90.912 E.01409
G1 X175.12 Y84.517 E.2986
G1 X175.384 Y84.814 E.01312
G1 X169.013 Y91.185 E.29748
G1 X169.217 Y91.543 E.0136
G1 X175.66 Y85.1 E.30085
G1 X175.998 Y85.324 E.01339
G1 X169.3 Y92.022 E.31275
G1 X169.3 Y92.583 E.01852
G1 X176.4 Y85.483 E.33152
G1 X176.807 Y85.638 E.01438
G1 X169.3 Y93.145 E.35053
G1 X169.3 Y93.706 E.01852
G1 X177.214 Y85.792 E.36953
G1 X177.697 Y85.871 E.01616
G1 X169.3 Y94.268 E.39208
G1 X169.3 Y94.829 E.01852
G1 X178.401 Y85.737 E.42475
;WIDTH:0.41146
G1 X178.484 Y85.663 E.00341
;WIDTH:0.38292
G1 X178.443 Y85.674 E.0012
G1 X178.424 Y85.603 E.00208
G1 X178.495 Y85.622 E.00208
;WIDTH:0.439999
G1 X179.28 Y85.574 E.02597
;WIDTH:0.38292
G1 X179.209 Y85.555 E.00208
G1 X179.228 Y85.626 E.00208
G1 X179.269 Y85.615 E.0012
;WIDTH:0.41146
G1 X179.115 Y85.673 E.00504
;WIDTH:0.439999
G1 X178.96 Y85.73 E.00545
G1 X169.3 Y95.391 E.45108
G1 X169.225 Y96.222 F9000
;WIDTH:0.38292
G1 F7200
G1 X169.154 Y96.203 E.00208
G1 X169.173 Y96.274 E.00208
G1 X169.214 Y96.263 E.0012
;WIDTH:0.41146
G1 X169.257 Y96.108 E.00493
;WIDTH:0.439999
G1 X169.3 Y95.952 E.00534
G1 X179.954 Y85.298 E.49747
G1 E-3.5 F3600
;WIPE_START
G1 F7200
G1 X177.721 Y87.531 E-1.5
;WIPE_END
G1 X186.7 Y79.114 F9000
G1 E5 F2400
G1 F7200
G1 X169.236 Y96.585 E.81562
;WIDTH:0.41146
G1 X169.171 Y96.655 E.00293
;WIDTH:0.38292
G1 X169.1 Y96.636 E.00208
G1 X169.119 Y96.707 E.00208
G1 X169.16 Y96.696 E.0012
;WIDTH:0.439999
G1 X169.3 Y97.076 E.01337
G1 X186.7 Y79.675 E.81249
G1 X186.7 Y80.237 E.01856
G1 X169.3 Y97.637 E.81247
G1 X169.3 Y98.199 E.01856
G1 X186.7 Y80.798 E.81249
G1 X186.7 Y81.36 E.01856
G1 X169.3 Y98.76 E.81247
G1 X169.3 Y99.322 E.01856
G1 X186.7 Y81.922 E.81247
G1 X186.7 Y82.483 E.01852
G1 X169.3 Y99.883 E.81247
G1 X169.3 Y100.445 E.01856
G1 X186.7 Y83.045 E.81247
G1 X186.7 Y83.606 E.01852
G1 X169.3 Y101.006 E.81247
G1 X169.3 Y101.568 E.01856
G1 X186.7 Y84.168 E.81247
G1 X186.7 Y84.729 E.01852
G1 X169.3 Y102.129 E.81247
G1 X169.3 Y102.691 E.01856
G1 X186.7 Y85.291 E.81247
G1 X186.7 Y85.852 E.01852
G1 X169.3 Y103.253 E.81249
G1 X169.3 Y103.814 E.01852
G1 X186.7 Y86.414 E.81247
G1 X186.7 Y86.976 E.01856
G1 X169.3 Y104.376 E.81247
G1 X169.3 Y104.937 E.01852
G1 X186.7 Y87.537 E.81247
G1 X186.7 Y88.099 E.01856
G1 X169.3 Y105.499 E.81247
G1 X169.3 Y106.06 E.01852
G1 X186.7 Y88.66 E.81247
G1 X186.7 Y89.222 E.01856
G1 X169.3 Y106.622 E.81247
G1 X169.3 Y107.183 E.01852
G1 X186.7 Y89.783 E.81247
G1 X186.7 Y90.345 E.01856
G1 X169.3 Y107.745 E.81247
G1 X169.3 Y108.307 E.01856
G1 X186.7 Y90.906 E.81249
G1 X186.7 Y91.468 E.01856
G1 X169.3 Y108.868 E.81247
G1 X169.3 Y109.43 E.01856
G1 X186.7 Y92.03 E.81247
G1 X186.7 Y92.591 E.01852
G1 X169.3 Y109.991 E.81247
G1 X169.3 Y110.553 E.01856
G1 X186.7 Y93.153 E.81247
G1 X186.7 Y93.714 E.01852
G1 X169.3 Y111.114 E.81247
G1 X169.3 Y111.676 E.01856
G1 X186.7 Y94.276 E.81247
G1 X186.7 Y94.837 E.01852
G1 X169.3 Y112.237 E.81247
G1 X169.3 Y112.799 E.01856
G1 X186.7 Y95.399 E.81247
G1 X186.7 Y95.96 E.01852
G1 X169.3 Y113.361 E.81249
G1 X169.3 Y113.922 E.01852
G1 X186.7 Y96.522 E.81247
G1 X186.7 Y97.084 E.01856
G1 X169.3 Y114.484 E.81247
G1 X169.3 Y115.045 E.01852
G1 X186.7 Y97.645 E.81247
G1 X186.7 Y98.207 E.01856
G1 X169.3 Y115.607 E.81247
G1 X169.3 Y116.168 E.01852
G1 X186.7 Y98.768 E.81247
G1 X186.7 Y99.33 E.01856
G1 X169.3 Y116.73 E.81247
G1 X169.3 Y117.291 E.01852
G1 X186.7 Y99.891 E.81247
G1 X186.7 Y100.453 E.01856
G1 X169.3 Y117.853 E.81247
G1 X169.3 Y118.415 E.01856
G1 X186.7 Y101.014 E.81249
G1 X186.7 Y101.576 E.01856
G1 X169.3 Y118.976 E.81247
G1 X169.3 Y119.538 E.01856
G1 X186.7 Y102.138 E.81247
G1 X186.7 Y102.699 E.01852
G1 X169.3 Y120.099 E.81247
G1 X169.3 Y120.661 E.01856
G1 X186.7 Y103.261 E.81247
G1 X186.7 Y103.822 E.01852
G1 X169.3 Y121.222 E.81247
G1 X169.3 Y121.784 E.01856
G1 X186.7 Y104.384 E.81247
G1 X186.7 Y104.945 E.01852
G1 X169.3 Y122.345 E.81247
G1 X169.3 Y122.907 E.01856
G1 X186.7 Y105.507 E.81247
G1 X186.7 Y106.068 E.01852
G1 X169.3 Y123.469 E.81249
G1 X169.3 Y124.03 E.01852
G1 X186.7 Y106.63 E.81247
G1 X186.7 Y107.191 E.01852
G1 X169.3 Y124.592 E.81249
G1 X169.3 Y125.153 E.01852
G1 X186.7 Y107.753 E.81247
G1 X186.7 Y108.315 E.01856
G1 X169.3 Y125.715 E.81247
G1 X169.3 Y126.276 E.01852
G1 X186.7 Y108.876 E.81247
G1 X186.7 Y109.438 E.01856
G1 X169.3 Y126.838 E.81247
G1 X169.3 Y127.399 E.01852
G1 X186.7 Y109.999 E.81247
G1 X186.7 Y110.561 E.01856
G1 X169.3 Y127.961 E.81247
G1 X169.3 Y128.523 E.01856
G1 X186.7 Y111.122 E.81249
G1 X186.7 Y111.684 E.01856
G1 X169.3 Y129.084 E.81247
G1 X169.3 Y129.646 E.01856
G1 X186.7 Y112.245 E.81249
G1 X186.7 Y112.807 E.01856
G1 X169.3 Y130.207 E.81247
G1 X169.3 Y130.769 E.01856
G1 X186.7 Y113.369 E.81247
G1 X186.7 Y113.93 E.01852
G1 X169.3 Y131.33 E.81247
G1 X169.3 Y131.892 E.01856
G1 X186.7 Y114.492 E.81247
G1 X186.7 Y115.053 E.01852
G1 X169.3 Y132.453 E.81247
G1 X169.3 Y133.015 E.01856
G1 X186.7 Y115.615 E.81247
G1 X186.7 Y116.176 E.01852
G1 X169.3 Y133.577 E.81249
G1 X169.3 Y134.138 E.01852
G1 X186.7 Y116.738 E.81247
G1 X186.7 Y117.299 E.01852
G1 X169.3 Y134.7 E.81249
G1 X169.3 Y135.261 E.01852
G1 X186.7 Y117.861 E.81247
G1 X186.7 Y118.423 E.01856
G1 X169.3 Y135.823 E.81247
G1 X169.3 Y136.384 E.01852
G1 X186.7 Y118.984 E.81247
G1 X186.7 Y119.546 E.01856
G1 X169.3 Y136.946 E.81247
G1 X169.3 Y137.507 E.01852
G1 X186.7 Y120.107 E.81247
G1 X186.7 Y120.669 E.01856
G1 X169.3 Y138.069 E.81247
G1 X169.3 Y138.631 E.01856
G1 X186.7 Y121.23 E.81249
G1 X186.7 Y121.792 E.01856
G1 X169.3 Y139.192 E.81247
G1 X169.3 Y139.754 E.01856
G1 X186.7 Y122.353 E.81249
G1 X186.7 Y122.915 E.01856
G1 X169.3 Y140.315 E.81247
G1 X169.3 Y140.877 E.01856
G1 X186.7 Y123.477 E.81247
G1 X186.7 Y124.038 E.01852
G1 X169.3 Y141.438 E.81247
G1 X169.3 Y142 E.01856
G1 X186.7 Y124.6 E.81247
G1 X186.7 Y125.161 E.01852
G1 X169.3 Y142.561 E.81247
G1 X169.3 Y143.123 E.01856
G1 X186.7 Y125.723 E.81247
G1 X186.7 Y126.284 E.01852
G1 X169.3 Y143.685 E.81249
G1 X169.3 Y144.246 E.01852
G1 X186.7 Y126.846 E.81247
G1 X186.7 Y127.407 E.01852
G1 X169.3 Y144.808 E.81249
G1 X169.3 Y145.369 E.01852
G1 X186.7 Y127.969 E.81247
G1 X186.7 Y128.531 E.01856
G1 X169.3 Y145.931 E.81247
G1 X169.3 Y146.492 E.01852
G1 X186.7 Y129.092 E.81247
G1 X186.7 Y129.654 E.01856
G1 X169.3 Y147.054 E.81247
G1 X169.3 Y147.615 E.01852
G1 X186.7 Y130.215 E.81247
G1 X186.7 Y130.777 E.01856
G1 X169.3 Y148.177 E.81247
G1 X169.3 Y148.739 E.01856
G1 X186.7 Y131.338 E.81249
G1 X186.7 Y131.9 E.01856
G1 X169.3 Y149.3 E.81247
G1 X169.214 Y150.172 F9000
;WIDTH:0.38292
G1 F7200
G1 X169.173 Y150.183 E.0012
G1 X169.154 Y150.112 E.00208
G1 X169.225 Y150.131 E.00208
;WIDTH:0.41146
G1 X169.262 Y149.997 E.00426
;WIDTH:0.439999
G1 X169.3 Y149.862 E.00463
G1 X186.7 Y132.461 E.81249
G1 X186.7 Y133.023 E.01856
G1 X175.797 Y143.927 E.50912
G1 X175.516 Y144.163 E.01212
;WIDTH:0.38292
G1 X175.113 Y144.566 E.01611
;WIDTH:0.41146
G1 X174.995 Y144.706 E.00561
;WIDTH:0.439999
G1 X174.877 Y144.847 E.00607
G1 X169.3 Y150.423 E.26039
G1 X169.3 Y150.985 E.01856
G1 X174.333 Y145.951 E.23503
G1 X174.396 Y146.047 E.00379
;WIDTH:0.41146
G1 X174.459 Y146.143 E.00352
;WIDTH:0.38292
G1 X174.526 Y145.821 E.0093
G1 X174.495 Y145.671 E.00433
G1 X174.194 Y146.652 F9000
;WIDTH:0.439999
G1 F7200
G1 X169.3 Y151.546 E.22852
G1 X169.3 Y152.108 E.01856
G1 X174.15 Y147.258 E.22646
G1 X174.15 Y147.819 E.01852
G1 X169.3 Y152.669 E.22646
G1 X169.3 Y153.231 E.01856
G1 X174.15 Y148.381 E.22646
G1 X174.15 Y148.942 E.01852
G1 X169.3 Y153.793 E.22649
G1 X169.3 Y154.354 E.01852
G1 X174.15 Y149.504 E.22646
G1 X174.15 Y150.065 E.01852
G1 X169.3 Y154.916 E.22649
G1 X169.3 Y155.477 E.01852
G1 X174.15 Y150.627 E.22646
G1 X174.15 Y151.189 E.01856
G1 X169.3 Y156.039 E.22646
G1 X169.3 Y156.6 E.01852
G1 X174.15 Y151.75 E.22646
G1 X174.181 Y152.281 E.01756
G1 X169.3 Y157.162 E.22791
G1 X169.3 Y157.723 E.01852
G1 X174.274 Y152.749 E.23225
G1 X174.367 Y153.218 E.01579
G1 X169.3 Y158.285 E.2366
G1 X169.3 Y158.846 E.01852
G1 X174.527 Y153.62 E.24404
G1 X174.748 Y153.96 E.01339
G1 X169.3 Y159.408 E.25439
G1 X168.53 Y160.843 F9000
;WIDTH:0.38292
G1 F7200
G1 X168.808 Y160.623 E.01002
G1 X169.097 Y160.272 E.01285
;WIDTH:0.41146
G1 X169.188 Y160.131 E.00514
;WIDTH:0.439999
G1 X169.279 Y159.991 E.00551
G1 X174.972 Y154.297 E.26585
G1 X175.209 Y154.622 E.01328
G1 X155.835 Y173.996 E.90464
G1 X156.115 Y174.277 E.0131
G1 X175.51 Y154.882 E.90562
G1 X175.847 Y155.107 E.01338
G1 X156.396 Y174.558 E.90823
G1 X156.677 Y174.839 E.01312
G1 X176.184 Y155.332 E.91085
G1 X176.55 Y155.528 E.01371
G1 X156.958 Y175.119 E.91479
G1 X157.239 Y175.4 E.01312
G1 X177.002 Y155.637 E.9228
G1 X177.47 Y155.73 E.01575
G1 X157.519 Y175.681 E.93158
G1 X157.8 Y175.962 E.01312
G1 X177.962 Y155.8 E.94143
G1 X178.625 Y155.699 E.02214
G1 X158.081 Y176.243 E.95927
G1 X158.362 Y176.523 E.0131
G1 X179.322 Y155.564 E.97867
G1 E-3.5 F3600
;WIPE_START
G1 F7200
G1 X177.089 Y157.797 E-1.5
;WIPE_END
G1 X176.646 Y143.584 F9000
G1 E5 F2400
;WIDTH:0.38292
G1 F7200
G1 X176.605 Y143.595 E.0012
G1 X176.586 Y143.523 E.00211
G1 X176.657 Y143.542 E.00208
;WIDTH:0.41146
G1 X176.777 Y143.465 E.00437
;WIDTH:0.439999
G1 X176.897 Y143.388 E.00471
G1 X186.7 Y133.585 E.45774
G1 X186.7 Y134.146 E.01852
G1 X177.578 Y143.268 E.42594
G1 X177.531 Y143.354 E.00324
;WIDTH:0.41146
G1 X177.484 Y143.439 E.00298
;WIDTH:0.38292
G1 X177.413 Y143.42 E.00208
G1 X177.432 Y143.491 E.00208
G1 X177.473 Y143.48 E.0012
;WIDTH:0.439999
G1 X178.19 Y143.218 E.0252
G1 X186.7 Y134.708 E.39736
G1 X186.7 Y135.269 E.01852
G1 X178.669 Y143.301 E.37502
G1 X179.134 Y143.397 E.01568
G1 X186.7 Y135.831 E.35328
G1 X186.7 Y136.392 E.01852
G1 X179.565 Y143.528 E.33318
G1 X179.918 Y143.736 E.01353
G1 X186.7 Y136.954 E.31667
G1 X186.7 Y137.515 E.01852
G1 X180.255 Y143.961 E.30096
G1 X180.588 Y144.189 E.01332
G1 X186.7 Y138.077 E.28539
G1 X186.7 Y138.639 E.01856
G1 X180.868 Y144.471 E.27232
G1 X181.095 Y144.805 E.01333
G1 X186.7 Y139.2 E.26172
G1 X186.7 Y139.762 E.01856
G1 X181.32 Y145.141 E.25119
G1 X181.533 Y145.491 E.01353
G1 X186.7 Y140.323 E.24129
G1 X186.7 Y140.885 E.01856
G1 X181.661 Y145.924 E.23529
G1 X181.754 Y146.392 E.01575
G1 X186.7 Y141.446 E.23095
G1 X186.7 Y142.008 E.01856
G1 X181.838 Y146.87 E.22702
G1 X181.85 Y147.42 E.01816
G1 X186.7 Y142.569 E.22649
G1 X186.7 Y143.131 E.01856
G1 X181.85 Y147.981 E.22646
G1 X181.85 Y148.543 E.01856
G1 X186.7 Y143.693 E.22646
G1 X186.7 Y144.254 E.01852
G1 X181.85 Y149.104 E.22646
G1 X181.85 Y149.666 E.01856
G1 X186.7 Y144.816 E.22646
G1 X186.7 Y145.377 E.01852
G1 X181.85 Y150.227 E.22646
G1 X181.85 Y150.789 E.01856
G1 X186.7 Y145.939 E.22646
G1 X186.7 Y146.5 E.01852
G1 X181.85 Y151.35 E.22646
G1 X181.85 Y151.912 E.01856
G1 X186.7 Y147.062 E.22646
G1 X186.7 Y147.623 E.01852
G1 X181.764 Y152.56 E.2305
G1 X181.47 Y153.536 F9000
;WIDTH:0.38292
G1 F7200
G1 X181.399 Y153.517 E.00208
G1 X181.418 Y153.588 E.00208
G1 X181.459 Y153.577 E.0012
;WIDTH:0.41146
G1 X181.539 Y153.422 E.00535
;WIDTH:0.439999
G1 X181.618 Y153.267 E.00574
G1 X186.7 Y148.185 E.2373
G1 X186.7 Y148.747 E.01856
G1 X158.642 Y176.804 E1.3101
G1 X158.923 Y177.085 E.01312
G1 X186.7 Y149.308 E1.297
G1 X186.7 Y149.87 E.01856
G1 X159.204 Y177.366 E1.28388
G1 X159.485 Y177.646 E.0131
G1 X186.7 Y150.431 E1.27076
G1 X186.7 Y150.993 E.01856
G1 X159.766 Y177.927 E1.25764
G1 X160.046 Y178.208 E.0131
G1 X186.7 Y151.554 E1.24457
G1 X186.7 Y152.116 E.01856
G1 X160.327 Y178.489 E1.23145
G1 X160.608 Y178.77 E.01312
G1 X186.7 Y152.677 E1.21835
G1 X186.7 Y153.239 E.01856
G1 X160.889 Y179.05 E1.2052
G1 X161.169 Y179.331 E.0131
G1 X186.7 Y153.801 E1.19211
G1 X186.7 Y154.362 E.01852
G1 X161.45 Y179.612 E1.17901
G1 X161.731 Y179.893 E.01312
G1 X186.7 Y154.924 E1.16589
G1 X186.7 Y155.485 E.01852
G1 X162.012 Y180.173 E1.15277
G1 X162.293 Y180.454 E.01312
G1 X186.7 Y156.047 E1.13965
G1 X186.7 Y156.608 E.01852
G1 X162.573 Y180.735 E1.12657
G1 X162.854 Y181.016 E.01312
G1 X186.7 Y157.17 E1.11345
G1 X186.7 Y157.731 E.01852
G1 X163.135 Y181.297 E1.10035
G1 E-3.5 F3600
;WIPE_START
G1 F7200
G1 X165.368 Y179.064 E-1.5
;WIPE_END
G1 X174.603 Y170.546 F9000
G1 E5 F2400
;WIDTH:0.38292
G1 F7200
G1 X174.654 Y170.428 E.00363
G1 X174.66 Y170.27 E.00447
G1 X175.215 Y169.586 E.0249
G1 X175.536 Y169.264 E.01285
G1 X176.229 Y168.696 E.02533
;WIDTH:0.41146
G1 X176.369 Y168.59 E.00538
;WIDTH:0.439999
G1 X176.509 Y168.484 E.0058
G1 X186.7 Y158.293 E.47585
G1 X186.7 Y158.855 E.01856
G1 X177.225 Y168.33 E.44242
G1 X177.906 Y168.21 E.02283
G1 X186.7 Y159.416 E.41062
G1 X186.7 Y159.978 E.01856
G1 X178.426 Y168.251 E.38632
G1 X178.892 Y168.347 E.01571
G1 X186.7 Y160.539 E.36458
G1 X186.7 Y161.101 E.01856
G1 X179.358 Y168.443 E.34282
G1 X179.743 Y168.619 E.01398
G1 X186.7 Y161.662 E.32485
G1 X186.7 Y162.224 E.01856
G1 X180.08 Y168.844 E.30911
G1 X180.417 Y169.069 E.01338
G1 X186.7 Y162.785 E.2934
G1 X186.7 Y163.347 E.01856
G1 X180.736 Y169.311 E.27848
G1 X180.979 Y169.63 E.01324
G1 X186.7 Y163.908 E.26716
G1 X186.7 Y164.47 E.01856
G1 X181.204 Y169.967 E.25665
G1 X181.429 Y170.303 E.01335
G1 X186.7 Y165.032 E.24612
G1 X186.7 Y165.593 E.01852
G1 X181.605 Y170.689 E.23793
G1 X181.706 Y171.149 E.01555
G1 X186.7 Y166.155 E.23319
G1 X186.7 Y166.716 E.01852
G1 X181.799 Y171.617 E.22884
G1 X181.85 Y172.128 E.01696
G1 X186.7 Y167.278 E.22646
G1 X186.7 Y167.839 E.01852
G1 X181.85 Y172.69 E.22649
G1 X181.85 Y173.251 E.01852
G1 X186.7 Y168.401 E.22646
G1 X186.7 Y168.962 E.01852
G1 X181.85 Y173.813 E.22649
G1 X181.85 Y174.374 E.01852
G1 X186.7 Y169.524 E.22646
G1 X186.7 Y170.086 E.01856
G1 X181.85 Y174.936 E.22646
G1 X181.85 Y175.497 E.01852
G1 X186.7 Y170.647 E.22646
G1 X186.7 Y171.209 E.01856
G1 X181.85 Y176.059 E.22646
G1 X181.85 Y176.62 E.01852
G1 X186.7 Y171.77 E.22646
G1 X186.7 Y172.332 E.01856
G1 X181.833 Y177.199 E.22726
G1 X181.577 Y178.207 F9000
;WIDTH:0.38292
G1 F7200
G1 X181.536 Y178.218 E.0012
G1 X181.517 Y178.147 E.00208
G1 X181.588 Y178.166 E.00208
;WIDTH:0.41146
G1 X181.642 Y178.031 E.00446
;WIDTH:0.439999
G1 X181.697 Y177.896 E.00481
G1 X186.7 Y172.893 E.23361
G1 X186.7 Y173.455 E.01856
G1 X181.369 Y178.786 E.24892
G1 X181.254 Y178.926 E.00598
;WIDTH:0.41146
G1 X181.138 Y179.067 E.0056
;WIDTH:0.38292
G1 X180.51 Y179.765 E.02654
G1 X180.117 Y180.088 E.01438
G1 E-3.5 F3600
;WIPE_START
G1 F7200
G1 X180.51 Y179.765 E-.24163
G1 X181.138 Y179.067 E-.44599
G1 X181.254 Y178.926 E-.08673
G1 X181.369 Y178.786 E-.08606
G1 X182.321 Y177.834 E-.63959
;WIPE_END
G1 X174.442 Y170.551 F9000
G1 E5 F2400
;WIDTH:0.439999
G1 F7200
G1 X163.416 Y181.577 E.51484
G1 X163.696 Y181.858 E.0131
G1 X174.266 Y171.288 E.49355
G1 X174.153 Y171.963 E.0226
G1 X163.977 Y182.139 E.47515
G1 X164.258 Y182.42 E.01312
G1 X174.15 Y172.528 E.46189
G1 X174.15 Y173.089 E.01852
G1 X164.539 Y182.7 E.44877
G1 X164.82 Y182.981 E.01312
G1 X174.15 Y173.651 E.43565
G1 X174.15 Y174.212 E.01852
G1 X165.1 Y183.262 E.42258
G1 X165.381 Y183.543 E.01312
G1 X174.15 Y174.774 E.40945
G1 X174.15 Y175.335 E.01852
G1 X165.662 Y183.824 E.39636
G1 X165.943 Y184.104 E.0131
G1 X174.15 Y175.897 E.38321
G1 X174.15 Y176.458 E.01852
G1 X166.223 Y184.385 E.37014
G1 X166.504 Y184.666 E.01312
G1 X174.151 Y177.019 E.35706
G1 X174.225 Y177.506 E.01626
G1 X166.785 Y184.947 E.34742
G1 X167.066 Y185.227 E.0131
G1 X174.319 Y177.975 E.33864
G1 X174.435 Y178.42 E.01518
G1 X167.347 Y185.508 E.33096
G1 X167.627 Y185.789 E.0131
G1 X174.636 Y178.78 E.32727
G1 X174.859 Y179.119 E.0134
G1 X167.908 Y186.07 E.32457
G1 X168.189 Y186.351 E.01312
G1 X175.081 Y179.459 E.32181
G1 X175.343 Y179.758 E.01313
G1 X168.47 Y186.631 E.32092
G1 X168.962 Y186.7 E.0164
G1 X175.677 Y179.985 E.31355
G1 X176.011 Y180.213 E.01335
G1 X169.524 Y186.7 E.3029
G1 X170.086 Y186.7 E.01856
G1 X176.351 Y180.435 E.29253
G1 X176.759 Y180.588 E.01439
G1 X170.647 Y186.7 E.28539
G1 X171.209 Y186.7 E.01856
G1 X177.227 Y180.681 E.28102
G1 X177.696 Y180.775 E.01579
G1 X171.77 Y186.7 E.27668
G1 X172.332 Y186.7 E.01856
G1 X178.352 Y180.686 E.28095
;WIDTH:0.41146
G1 X178.435 Y180.61 E.00345
;WIDTH:0.38292
G1 X178.394 Y180.621 E.0012
G1 X178.375 Y180.55 E.00208
G1 X178.446 Y180.569 E.00208
G1 X179.273 Y180.481 F9000
G1 F7200
G1 X179.202 Y180.462 E.00208
G1 X179.221 Y180.533 E.00208
G1 X179.262 Y180.522 E.0012
;WIDTH:0.41146
G1 X179.108 Y180.581 E.00505
;WIDTH:0.439999
G1 X178.954 Y180.64 E.00545
G1 X172.893 Y186.7 E.28299
G1 X173.766 Y186.846 F9000
;WIDTH:0.38292
G1 F7200
G1 X173.725 Y186.857 E.0012
G1 X173.706 Y186.786 E.00208
G1 X173.777 Y186.805 E.00208
;WIDTH:0.41146
G1 X173.616 Y186.753 E.00518
;WIDTH:0.439999
G1 X173.455 Y186.7 E.0056
G1 X179.836 Y180.319 E.29795
G1 E-3.5 F3600
;WIPE_START
G1 F7200
G1 X177.603 Y182.552 E-1.5
;WIPE_END
G1 X174.016 Y186.7 F9000
G1 E5 F2400
G1 F7200
G1 X186.7 Y174.016 E.59226
G1 X186.7 Y174.578 E.01856
G1 X174.578 Y186.7 E.56602
G1 X175.14 Y186.7 E.01856
G1 X186.7 Y175.14 E.53978
G1 X186.7 Y175.701 E.01852
G1 X175.701 Y186.7 E.51358
G1 X176.263 Y186.7 E.01856
G1 X186.7 Y176.263 E.48734
G1 X186.7 Y176.824 E.01852
G1 X176.824 Y186.7 E.46114
G1 X177.386 Y186.7 E.01856
G1 X186.7 Y177.386 E.4349
G1 X186.7 Y177.947 E.01852
G1 X177.947 Y186.7 E.40871
G1 X178.509 Y186.7 E.01856
G1 X186.7 Y178.509 E.38247
G1 X186.7 Y179.07 E.01852
G1 X179.07 Y186.7 E.35627
G1 X179.632 Y186.7 E.01856
G1 X186.7 Y179.632 E.33003
G1 X186.7 Y180.194 E.01856
G1 X180.194 Y186.7 E.30379
G1 X180.755 Y186.7 E.01852
G1 X186.7 Y180.755 E.27759
G1 X186.7 Y181.317 E.01856
G1 X181.317 Y186.7 E.25135
G1 X181.878 Y186.7 E.01852
G1 X186.7 Y181.878 E.22516
G1 X186.7 Y182.44 E.01856
G1 X182.44 Y186.7 E.19891
G1 X183.001 Y186.7 E.01852
G1 X186.7 Y183.001 E.17272
G1 X186.7 Y183.563 E.01856
G1 X183.563 Y186.7 E.14648
G1 X184.124 Y186.7 E.01852
G1 X186.7 Y184.124 E.12028
G1 X186.911 Y184.523 E.0149
;WIDTH:0.38292
G1 X186.84 Y184.504 E.00208
G1 X186.859 Y184.575 E.00208
G1 X186.9 Y184.564 E.0012
;WIDTH:0.41146
G1 X186.8 Y184.625 E.00359
;WIDTH:0.439999
G1 X186.7 Y184.686 E.00387
G1 X184.686 Y186.7 E.09404
G1 X184.625 Y186.8 E.00387
;WIDTH:0.41146
G1 X184.564 Y186.9 E.00359
;WIDTH:0.38292
G1 X184.523 Y186.911 E.0012
G1 X184.504 Y186.84 E.00208
G1 X184.575 Y186.859 E.00208
G1 E-3.5 F3600
;WIPE_START
G1 F7200
G1 X184.504 Y186.84 E-.03491
G1 X184.523 Y186.911 E-.03491
G1 X184.564 Y186.9 E-.02016
G1 X184.625 Y186.8 E-.05564
G1 X184.686 Y186.7 E-.05564
G1 X186.619 Y184.767 E-1.29874
;WIPE_END
G1 X186.56 Y185.388 F9000
G1 E5 F2400
;WIDTH:0.439999
G1 F7200
G1 X185.248 Y186.7 E.06126
G1 X186.7 Y186.7 E.04794
G1 X186.7 Y185.248 E.04794
G1 X186.329 Y186.26 F9000
;WIDTH:0.496708
G1 F7200
G1 X186.289 Y186.22 E.00213
G1 X186.235 Y186.235 E.00211
G1 X186.22 Y186.289 E.00211
G1 X186.26 Y186.329 E.00213
G1 X186.315 Y186.315 E.00214
;LAYER_CHANGE
;Z:4.6
;HEIGHT:0.2
;BEFORE_LAYER_CHANGE
G92 E0
;4.6


G1 E-3.5 F3600
;WIPE_START
G1 F7200
G1 X186.26 Y186.329 E-.02696
G1 X186.22 Y186.289 E-.02687
G1 X186.235 Y186.235 E-.02662
G1 X186.289 Y186.22 E-.02662
G1 X186.329 Y186.26 E-.02687
;WIPE_END
G1 E-1.36606 F3600
G1 Z4.6 F9000
;AFTER_LAYER_CHANGE
;4.6
G1 X168.388 Y160.655
G1 E5 F2400
;TYPE:Perimeter
;WIDTH:0.439999
G1 F7200
G1 X168.219 Y160.72 E.00598
G1 X167.84 Y160.723 E.01251
G1 X167.527 Y160.605 E.01104
G1 X167.334 Y160.455 E.00807
G1 X99.545 Y92.666 E3.1653
G1 X99.354 Y92.395 E.01095
G1 X99.265 Y92.08 E.01081
G1 X99.268 Y91.851 E.00756
G1 X99.394 Y91.485 E.01278
G1 X99.603 Y91.237 E.01071
G1 X99.905 Y91.063 E.01151
G1 X100.232 Y91.006 E.01096
G1 X168.021 Y91.006 E2.23821
G1 X168.333 Y91.057 E.01044
G1 X168.647 Y91.234 E.0119
G1 X168.871 Y91.505 E.01161
G1 X168.977 Y91.799 E.01032
G1 X168.994 Y92.845 E.03454
G1 X168.994 Y159.768 E2.20961
G1 X168.925 Y160.127 E.01207
G1 X168.773 Y160.386 E.00992
G1 X168.517 Y160.605 E.01112
G1 X168.444 Y160.633 E.00258
G1 X168.235 Y160.287 F9000
G1 F7200
G1 X168.093 Y160.339 E.00499
G1 X167.814 Y160.305 E.00928
G1 X167.614 Y160.175 E.00788
G1 X99.825 Y92.386 E3.1653
G1 X99.679 Y92.136 E.00956
G1 X99.662 Y91.903 E.00771
G1 X99.74 Y91.681 E.00777
G1 X99.947 Y91.479 E.00955
G1 X100.232 Y91.403 E.00974
G1 X168.021 Y91.403 E2.23821
G1 X168.274 Y91.461 E.00857
G1 X168.485 Y91.637 E.00907
G1 X168.587 Y91.872 E.00846
G1 X168.597 Y92.845 E.03213
G1 X168.597 Y159.768 E2.20961
G1 X168.533 Y160.031 E.00894
G1 X168.334 Y160.251 E.00979
G1 X168.292 Y160.266 E.00147
G1 X168.086 Y159.927 F9000
;TYPE:External perimeter
;WIDTH:0.419999
G1 F3600
G1 X167.996 Y159.954 E.00295
G1 X167.888 Y159.901 E.00377
G1 X100.099 Y92.112 E3.00587
G1 X100.046 Y91.954 E.00523
G1 X100.123 Y91.825 E.00471
G1 X100.232 Y91.79 E.00359
G1 X168.021 Y91.79 E2.12547
G1 X168.158 Y91.848 E.00466
G1 X168.21 Y91.979 E.00442
G1 X168.21 Y159.768 E2.12547
G1 X168.148 Y159.907 E.00477
G1 X168.143 Y159.909 E.00017
G1 E-3.5
;WIPE_START
G1 F7200
G1 X168.086 Y159.927 E-.02839
G1 X167.996 Y159.954 E-.04463
G1 X167.888 Y159.901 E-.05714
G1 X165.849 Y157.862 E-1.36984
;WIPE_END
G1 X89.68 Y84.374 F9000
G1 E5 F2400
;TYPE:Perimeter
;WIDTH:0.439999
G1 F3600
G1 X89.603 Y84.471 E.00409
G1 X88.999 Y84.896 E.02438
G1 X88.482 Y85.252 E.02073
G1 X88.167 Y85.395 E.01142
G1 X88.047 Y85.417 E.00403
G1 X86.801 Y85.569 E.04144
G1 X86.434 Y85.543 E.01215
G1 X85.166 Y85.067 E.04472
G1 X84.849 Y84.871 E.01231
G1 X83.95 Y83.864 E.04457
G1 X83.771 Y83.568 E.01142
G1 X83.433 Y82.233 E.04547
G1 X83.412 Y81.882 E.01161
G1 X83.734 Y80.549 E.04528
G1 X83.87 Y80.24 E.01115
G1 X83.95 Y80.136 E.00433
G1 X84.782 Y79.197 E.04142
G1 X85.017 Y79.004 E.01004
G1 X86.339 Y78.488 E.04686
G1 X86.684 Y78.424 E.01159
G1 X88.047 Y78.583 E.04531
G1 X88.28 Y78.641 E.00793
G1 X88.482 Y78.748 E.00755
G1 X89.515 Y79.461 E.04144
G1 X89.747 Y79.686 E.01067
G1 X89.824 Y79.809 E.00479
G1 X90.407 Y80.92 E.04143
G1 X90.515 Y81.293 E.01282
G1 X90.519 Y82.628 E.04408
G1 X90.447 Y82.994 E.01232
G1 X89.824 Y84.191 E.04455
G1 X89.717 Y84.327 E.00571
G1 X89.381 Y84.109 F9000
G1 F3600
G1 X89.29 Y84.213 E.00456
G1 X88.257 Y84.925 E.04142
G1 X87.999 Y85.023 E.00911
G1 X86.753 Y85.174 E.04144
G1 X86.48 Y85.141 E.00908
G1 X85.306 Y84.696 E.04145
G1 X85.08 Y84.54 E.00907
G1 X84.247 Y83.6 E.04147
G1 X84.119 Y83.356 E.0091
G1 X83.819 Y82.138 E.04142
G1 X83.819 Y81.862 E.00911
G1 X84.119 Y80.644 E.04142
G1 X84.247 Y80.4 E.0091
G1 X85.08 Y79.46 E.04147
G1 X85.306 Y79.304 E.00907
G1 X86.48 Y78.859 E.04145
G1 X86.753 Y78.826 E.00908
G1 X87.999 Y78.977 E.04144
G1 X88.257 Y79.075 E.00911
G1 X89.29 Y79.787 E.04142
G1 X89.472 Y79.994 E.0091
G1 X90.056 Y81.105 E.04144
G1 X90.122 Y81.372 E.00908
G1 X90.122 Y82.628 E.04147
G1 X90.056 Y82.895 E.00908
G1 X89.472 Y84.006 E.04144
G1 X89.421 Y84.064 E.00255
G1 X89.092 Y83.854 F9000
;TYPE:External perimeter
;WIDTH:0.419999
G1 F3600
G1 X88.553 Y84.25 E.02097
G1 X88.037 Y84.607 E.01967
G1 X87.953 Y84.639 E.00282
G1 X86.707 Y84.79 E.03935
G1 X86.617 Y84.779 E.00284
G1 X85.444 Y84.334 E.03934
G1 X85.095 Y83.974 E.01572
G1 X84.537 Y83.344 E.02639
G1 X84.495 Y83.264 E.00283
G1 X84.195 Y82.045 E.03936
G1 X84.195 Y81.955 E.00282
G1 X84.495 Y80.736 E.03936
G1 X84.537 Y80.656 E.00283
G1 X85.369 Y79.717 E.03934
G1 X85.444 Y79.666 E.00284
G1 X86.617 Y79.221 E.03934
G1 X86.707 Y79.21 E.00284
G1 X87.953 Y79.361 E.03935
G1 X88.037 Y79.393 E.00282
G1 X89.07 Y80.106 E.03935
G1 X89.13 Y80.174 E.00284
G1 X89.713 Y81.285 E.03934
G1 X89.734 Y82.628 E.04211
G1 X89.135 Y83.815 E.04169
G1 E-3.5
;WIPE_START
G1 F7200
G1 X89.092 Y83.854 E-.02757
G1 X88.553 Y84.25 E-.3177
G1 X88.037 Y84.607 E-.29804
G1 X87.953 Y84.639 E-.0427
G1 X86.707 Y84.79 E-.59618
G1 X86.617 Y84.779 E-.04307
G1 X86.273 Y84.649 E-.17474
;WIPE_END
G1 X174.423 Y82 F9000
G1 E5 F2400
;TYPE:Perimeter
;WIDTH:0.439999
G1 F3600
G1 X174.433 Y81.767 E.0077
G1 X174.734 Y80.549 E.04142
G1 X174.87 Y80.24 E.01115
G1 X175.782 Y79.197 E.04575
G1 X176.017 Y79.004 E.01004
G1 X177.339 Y78.488 E.04686
G1 X177.684 Y78.424 E.01159
G1 X177.801 Y78.431 E.00387
G1 X179.047 Y78.583 E.04144
G1 X179.28 Y78.641 E.00793
G1 X179.482 Y78.748 E.00755
G1 X180.515 Y79.461 E.04144
G1 X180.734 Y79.668 E.00995
G1 X180.824 Y79.809 E.00552
G1 X181.407 Y80.92 E.04143
G1 X181.49 Y81.136 E.00764
G1 X181.519 Y81.372 E.00785
G1 X181.519 Y82.628 E.04147
G1 X181.49 Y82.864 E.00785
G1 X181.407 Y83.08 E.00764
G1 X180.824 Y84.191 E.04143
G1 X180.629 Y84.447 E.01063
G1 X179.482 Y85.252 E.04627
G1 X179.148 Y85.4 E.01206
G1 X177.801 Y85.569 E.04482
G1 X177.427 Y85.541 E.01238
G1 X176.166 Y85.067 E.04448
G1 X175.855 Y84.877 E.01203
G1 X174.95 Y83.864 E.04485
G1 X174.763 Y83.547 E.01215
G1 X174.417 Y82.15 E.04752
G1 X174.421 Y82.06 E.00297
G1 X174.819 Y82 F9000
G1 F3600
G1 X174.819 Y81.862 E.00456
G1 X175.119 Y80.644 E.04142
G1 X175.247 Y80.4 E.0091
G1 X176.08 Y79.46 E.04147
G1 X176.306 Y79.304 E.00907
G1 X177.48 Y78.859 E.04145
G1 X177.753 Y78.826 E.00908
G1 X178.999 Y78.977 E.04144
G1 X179.257 Y79.075 E.00911
G1 X180.29 Y79.787 E.04142
G1 X180.472 Y79.994 E.0091
G1 X181.056 Y81.105 E.04144
G1 X181.122 Y81.372 E.00908
G1 X181.122 Y82.628 E.04147
G1 X181.056 Y82.895 E.00908
G1 X180.472 Y84.006 E.04144
G1 X180.29 Y84.213 E.0091
G1 X179.257 Y84.925 E.04142
G1 X178.999 Y85.023 E.00911
G1 X177.753 Y85.174 E.04144
G1 X177.48 Y85.141 E.00908
G1 X176.306 Y84.696 E.04145
G1 X176.08 Y84.54 E.00907
G1 X175.247 Y83.6 E.04147
G1 X175.119 Y83.356 E.0091
G1 X174.819 Y82.138 E.04142
G1 X174.819 Y82.06 E.00258
G1 X175.189 Y82 F9000
;TYPE:External perimeter
;WIDTH:0.419999
G1 F3600
G1 X175.195 Y81.955 E.00142
G1 X175.495 Y80.736 E.03936
G1 X175.537 Y80.656 E.00283
G1 X176.369 Y79.717 E.03934
G1 X176.444 Y79.666 E.00284
G1 X177.617 Y79.221 E.03934
G1 X177.707 Y79.21 E.00284
G1 X178.953 Y79.361 E.03935
G1 X179.037 Y79.393 E.00282
G1 X180.07 Y80.106 E.03935
G1 X180.13 Y80.174 E.00284
G1 X180.713 Y81.285 E.03934
G1 X180.734 Y81.372 E.00281
G1 X180.734 Y82.628 E.03938
G1 X180.713 Y82.715 E.00281
G1 X180.13 Y83.826 E.03934
G1 X180.07 Y83.894 E.00284
G1 X179.037 Y84.607 E.03935
G1 X178.953 Y84.639 E.00282
G1 X177.707 Y84.79 E.03935
G1 X176.444 Y84.334 E.0421
G1 X175.537 Y83.344 E.0421
G1 X175.305 Y82.493 E.02766
G1 X175.203 Y82.058 E.01401
G1 E-3.5
;WIPE_START
G1 F7200
G1 X175.189 Y82 E-.02834
G1 X175.195 Y81.955 E-.02156
G1 X175.495 Y80.736 E-.5963
G1 X175.537 Y80.656 E-.04292
G1 X176.369 Y79.717 E-.59592
G1 X176.444 Y79.666 E-.04308
G1 X176.782 Y79.538 E-.17188
;WIPE_END
G1 X177.854 Y143.526 F9000
G1 E5 F2400
;TYPE:Perimeter
;WIDTH:0.439999
G1 F3600
G1 X177.88 Y143.521 E.00087
G1 X178.242 Y143.525 E.01195
G1 X179.205 Y143.716 E.03241
G1 X179.555 Y143.861 E.01251
G1 X180.374 Y144.408 E.03252
G1 X180.642 Y144.676 E.01251
G1 X181.189 Y145.495 E.03252
G1 X181.334 Y145.845 E.01251
G1 X181.525 Y146.808 E.03241
G1 X181.544 Y146.998 E.0063
G1 X181.544 Y152.002 E.16522
G1 X181.334 Y153.155 E.0387
G1 X181.189 Y153.505 E.01251
G1 X180.642 Y154.324 E.03252
G1 X180.374 Y154.592 E.01251
G1 X179.555 Y155.139 E.03252
G1 X179.187 Y155.287 E.0131
G1 X178.12 Y155.479 E.0358
G1 X177.758 Y155.475 E.01195
G1 X176.795 Y155.284 E.03241
G1 X176.445 Y155.139 E.01251
G1 X175.626 Y154.592 E.03252
G1 X175.358 Y154.324 E.01251
G1 X174.811 Y153.505 E.03252
G1 X174.666 Y153.155 E.01251
G1 X174.475 Y152.192 E.03241
G1 X174.456 Y152.002 E.0063
G1 X174.456 Y146.998 E.16522
G1 X174.666 Y145.845 E.0387
G1 X174.811 Y145.495 E.01251
G1 X175.358 Y144.676 E.03252
G1 X175.626 Y144.408 E.01251
G1 X176.445 Y143.861 E.03252
G1 X176.813 Y143.713 E.0131
G1 X177.795 Y143.536 E.03295
G1 X177.893 Y143.922 F9000
G1 F3600
G1 X177.95 Y143.912 E.00191
G1 X178.164 Y143.914 E.00707
G1 X179.127 Y144.106 E.03242
G1 X179.335 Y144.191 E.00742
G1 X180.153 Y144.738 E.03249
G1 X180.312 Y144.897 E.00742
G1 X180.859 Y145.715 E.03249
G1 X180.944 Y145.923 E.00742
G1 X181.147 Y146.998 E.03612
G1 X181.147 Y152.002 E.16522
G1 X180.944 Y153.077 E.03612
G1 X180.859 Y153.285 E.00742
G1 X180.312 Y154.103 E.03249
G1 X180.153 Y154.262 E.00742
G1 X179.335 Y154.809 E.03249
G1 X179.117 Y154.896 E.00775
G1 X178.05 Y155.088 E.0358
G1 X177.836 Y155.086 E.00707
G1 X176.873 Y154.894 E.03242
G1 X176.665 Y154.809 E.00742
G1 X175.847 Y154.262 E.03249
G1 X175.688 Y154.103 E.00742
G1 X175.141 Y153.285 E.03249
G1 X175.056 Y153.077 E.00742
G1 X174.864 Y152.114 E.03242
G1 X174.853 Y146.998 E.16892
G1 X175.056 Y145.923 E.03612
G1 X175.141 Y145.715 E.00742
G1 X175.688 Y144.897 E.03249
G1 X175.847 Y144.738 E.00742
G1 X176.665 Y144.191 E.03249
G1 X176.883 Y144.104 E.00775
G1 X177.834 Y143.933 E.0319
G1 X177.931 Y144.309 F9000
;TYPE:External perimeter
;WIDTH:0.419999
G1 F3600
G1 X178.019 Y144.293 E.0028
G1 X179.052 Y144.485 E.03294
G1 X179.938 Y145.06 E.03312
G1 X180.537 Y145.93 E.03312
G1 X180.76 Y146.998 E.03421
G1 X180.76 Y152.002 E.1569
G1 X180.565 Y153.002 E.03194
G1 X179.99 Y153.888 E.03312
G1 X179.12 Y154.487 E.03312
G1 X178.226 Y154.663 E.02857
G1 X177.911 Y154.706 E.00997
G1 X176.948 Y154.515 E.03078
G1 X176.062 Y153.94 E.03312
G1 X175.463 Y153.07 E.03312
G1 X175.244 Y152.039 E.03305
G1 X175.24 Y146.998 E.15806
G1 X175.435 Y145.998 E.03194
G1 X176.01 Y145.112 E.03312
G1 X176.88 Y144.513 E.03312
G1 X176.952 Y144.485 E.00242
G1 X177.872 Y144.319 E.02931
G1 E-3.5
;WIPE_START
G1 F7200
G1 X177.931 Y144.309 E-.02842
G1 X178.019 Y144.293 E-.04249
G1 X179.052 Y144.485 E-.49908
G1 X179.938 Y145.06 E-.50171
G1 X180.449 Y145.803 E-.4283
;WIPE_END
G1 X177.855 Y168.54 F9000
G1 E5 F2400
;TYPE:Perimeter
;WIDTH:0.439999
G1 F3600
G1 X178.13 Y168.509 E.00914
G1 X178.895 Y168.654 E.02571
G1 X179.435 Y168.793 E.01841
G1 X180.374 Y169.408 E.03706
G1 X180.642 Y169.676 E.01251
G1 X181.189 Y170.495 E.03252
G1 X181.334 Y170.845 E.01251
G1 X181.525 Y171.808 E.03241
G1 X181.544 Y171.998 E.0063
G1 X181.544 Y177.002 E.16522
G1 X181.334 Y178.155 E.0387
G1 X181.189 Y178.505 E.01251
G1 X180.642 Y179.324 E.03252
G1 X180.374 Y179.592 E.01251
G1 X179.555 Y180.139 E.03252
G1 X179.187 Y180.287 E.0131
G1 X178.116 Y180.48 E.03593
G1 X177.758 Y180.475 E.01182
G1 X176.795 Y180.284 E.03241
G1 X176.445 Y180.139 E.01251
G1 X175.626 Y179.592 E.03252
G1 X175.358 Y179.324 E.01251
G1 X174.811 Y178.505 E.03252
G1 X174.666 Y178.155 E.01251
G1 X174.475 Y177.192 E.03241
G1 X174.456 Y177.002 E.0063
G1 X174.456 Y171.998 E.16522
G1 X174.666 Y170.845 E.0387
G1 X174.811 Y170.495 E.01251
G1 X175.358 Y169.676 E.03252
G1 X175.626 Y169.408 E.01251
G1 X176.445 Y168.861 E.03252
G1 X176.801 Y168.715 E.0127
G1 X177.635 Y168.565 E.02798
G1 X177.796 Y168.547 E.00535
G1 X177.893 Y168.922 F9000
G1 F3600
G1 X177.95 Y168.912 E.00191
G1 X178.164 Y168.914 E.00707
G1 X179.127 Y169.106 E.03242
G1 X179.335 Y169.191 E.00742
G1 X180.153 Y169.738 E.03249
G1 X180.312 Y169.897 E.00742
G1 X180.859 Y170.715 E.03249
G1 X180.944 Y170.923 E.00742
G1 X181.136 Y171.886 E.03242
G1 X181.147 Y177.002 E.16892
G1 X180.944 Y178.077 E.03612
G1 X180.859 Y178.285 E.00742
G1 X180.312 Y179.103 E.03249
G1 X180.153 Y179.262 E.00742
G1 X179.335 Y179.809 E.03249
G1 X179.117 Y179.896 E.00775
G1 X178.047 Y180.088 E.03589
G1 X177.836 Y180.086 E.00697
G1 X176.873 Y179.894 E.03242
G1 X176.665 Y179.809 E.00742
G1 X175.847 Y179.262 E.03249
G1 X175.688 Y179.103 E.00742
G1 X175.141 Y178.285 E.03249
G1 X175.056 Y178.077 E.00742
G1 X174.853 Y177.002 E.03612
G1 X174.853 Y171.998 E.16522
G1 X175.056 Y170.923 E.03612
G1 X175.141 Y170.715 E.00742
G1 X175.688 Y169.897 E.03249
G1 X175.847 Y169.738 E.00742
G1 X176.665 Y169.191 E.03249
G1 X176.883 Y169.104 E.00775
G1 X177.834 Y168.933 E.0319
G1 X177.932 Y169.315 F9000
;TYPE:External perimeter
;WIDTH:0.419999
G1 F3600
G1 X178.089 Y169.294 E.00497
G1 X179.052 Y169.485 E.03078
G1 X179.938 Y170.06 E.03312
G1 X180.537 Y170.93 E.03312
G1 X180.756 Y171.961 E.03305
G1 X180.76 Y177.002 E.15806
G1 X180.565 Y178.002 E.03194
G1 X179.99 Y178.888 E.03312
G1 X179.12 Y179.487 E.03312
G1 X179.048 Y179.515 E.00242
G1 X177.98 Y179.707 E.03402
G1 X176.948 Y179.515 E.03291
G1 X176.062 Y178.94 E.03312
G1 X175.649 Y178.347 E.02266
G1 X175.435 Y178.002 E.01273
G1 X175.24 Y177.002 E.03194
G1 X175.24 Y171.998 E.1569
G1 X175.435 Y170.998 E.03194
G1 X176.01 Y170.112 E.03312
G1 X176.88 Y169.513 E.03312
G1 X177.774 Y169.337 E.02857
G1 X177.872 Y169.323 E.0031
G1 E-3.5
;WIPE_START
G1 F7200
G1 X177.932 Y169.315 E-.02875
G1 X178.089 Y169.294 E-.07524
G1 X179.052 Y169.485 E-.46634
G1 X179.938 Y170.06 E-.50171
G1 X180.449 Y170.802 E-.42796
;WIPE_END
G1 X168.412 Y187.006 F9000
G1 E5 F2400
;TYPE:Perimeter
;WIDTH:0.439999
G1 F7200
G1 X72.994 Y91.588 E4.4554
G1 X72.994 Y72.994 E.61392
G1 X187.006 Y72.994 E3.76436
G1 X187.006 Y76.784 E.12514
G1 X187.006 Y187.006 E3.63923
G1 X168.472 Y187.006 E.61194
G1 X168.247 Y187.403 F9000
G1 F7200
G1 X72.597 Y91.753 E4.46623
G1 X72.597 Y72.597 E.63248
G1 X187.403 Y72.597 E3.79058
G1 X187.403 Y76.784 E.13824
G1 X187.403 Y187.403 E3.65234
G1 X168.307 Y187.403 E.6305
G1 X168.087 Y187.79 F9000
;TYPE:External perimeter
;WIDTH:0.419999
G1 F3600
G1 X72.21 Y91.913 E4.25134
G1 X72.21 Y72.21 E.61777
G1 X187.79 Y72.21 E3.62392
G1 X187.79 Y76.784 E.14341
G1 X187.79 Y187.79 E3.48051
G1 X168.147 Y187.79 E.61589
G1 X168.497 Y186.799 F9000
;TYPE:Solid infill
;WIDTH:0.38292
G1 F7200
G1 X73.201 Y91.503 E3.81007
;WIDTH:0.41146
G1 X73.25 Y91.342 E.00516
;WIDTH:0.439999
G1 X73.3 Y91.181 E.00557
G1 X168.819 Y186.7 E4.46011
G1 X169.381 Y186.7 E.01856
G1 X73.3 Y90.619 E4.48635
G1 X73.3 Y90.058 E.01852
G1 X169.942 Y186.7 E4.51255
G1 X170.504 Y186.7 E.01856
G1 X73.3 Y89.496 E4.53879
G1 X73.3 Y88.935 E.01852
G1 X171.065 Y186.7 E4.56498
G1 X171.627 Y186.7 E.01856
G1 X73.3 Y88.373 E4.59123
G1 X73.3 Y87.811 E.01856
G1 X172.189 Y186.7 E4.61747
G1 X172.75 Y186.7 E.01852
G1 X73.3 Y87.25 E4.64366
G1 X73.3 Y86.688 E.01856
G1 X173.312 Y186.7 E4.6699
G1 X173.873 Y186.7 E.01852
G1 X73.3 Y86.127 E4.6961
G1 X73.3 Y85.565 E.01856
G1 X174.435 Y186.7 E4.72234
G1 X174.996 Y186.7 E.01852
G1 X73.3 Y85.004 E4.74854
G1 X73.3 Y84.442 E.01856
G1 X175.558 Y186.7 E4.77478
G1 X176.119 Y186.7 E.01852
G1 X73.3 Y83.881 E4.80097
G1 X73.3 Y83.319 E.01856
G1 X176.681 Y186.7 E4.82722
G1 X177.243 Y186.7 E.01856
G1 X73.3 Y82.757 E4.85346
G1 X73.3 Y82.196 E.01852
G1 X177.804 Y186.7 E4.87965
G1 X178.366 Y186.7 E.01856
G1 X73.3 Y81.634 E4.90589
G1 X73.3 Y81.073 E.01852
G1 X178.927 Y186.7 E4.93209
G1 X179.489 Y186.7 E.01856
G1 X73.3 Y80.511 E4.95833
G1 X73.3 Y79.95 E.01852
G1 X180.05 Y186.7 E4.98453
G1 X180.612 Y186.7 E.01856
G1 X73.3 Y79.388 E5.01077
G1 X73.3 Y78.827 E.01852
G1 X181.173 Y186.7 E5.03696
G1 X182.005 Y186.775 F9000
;WIDTH:0.38292
G1 F7200
G1 X181.986 Y186.846 E.00208
G1 X182.057 Y186.827 E.00208
G1 X182.046 Y186.786 E.0012
;WIDTH:0.41146
G1 X181.89 Y186.743 E.00496
;WIDTH:0.439999
G1 X181.735 Y186.7 E.00531
G1 X73.3 Y78.265 E5.0632
G1 X73.3 Y77.703 E.01856
G1 X182.297 Y186.7 E5.08945
G1 X182.858 Y186.7 E.01852
G1 X176.618 Y180.478 E.29095
;WIDTH:0.41146
G1 X176.493 Y180.37 E.00506
;WIDTH:0.38292
G1 X176.504 Y180.412 E.00123
G1 X176.433 Y180.431 E.00208
G1 X176.452 Y180.359 E.00211
G1 X177.444 Y180.725 F9000
;WIDTH:0.439999
G1 F7200
G1 X183.42 Y186.7 E.27902
G1 X183.981 Y186.7 E.01852
G1 X178.071 Y180.79 E.27596
G1 X178.554 Y180.712 E.01615
G1 X184.543 Y186.7 E.27962
G1 X185.104 Y186.7 E.01852
G1 X179.03 Y180.626 E.28362
G1 X179.484 Y180.518 E.01541
G1 X185.666 Y186.7 E.28866
G1 X186.227 Y186.7 E.01852
G1 X179.842 Y180.315 E.29814
G1 X180.179 Y180.09 E.01338
G1 X186.7 Y186.611 E.30449
G1 X186.758 Y186.699 E.00348
;WIDTH:0.41146
G1 X186.816 Y186.786 E.0032
;WIDTH:0.38292
G1 X186.797 Y186.857 E.00208
G1 X186.868 Y186.838 E.00208
G1 X186.857 Y186.797 E.0012
;WIDTH:0.439999
G1 X186.7 Y186.05 E.0252
G1 X180.515 Y179.865 E.2888
G1 X180.811 Y179.6 E.01312
G1 X186.7 Y185.488 E.27495
G1 X186.7 Y184.927 E.01852
G1 X181.045 Y179.271 E.26407
G1 X181.27 Y178.935 E.01335
G1 X186.7 Y184.365 E.25355
G1 X186.7 Y183.803 E.01856
G1 X181.488 Y178.592 E.24334
G1 X181.64 Y178.182 E.01444
G1 X186.7 Y183.242 E.23627
G1 X186.7 Y182.68 E.01856
G1 X181.733 Y177.714 E.2319
G1 X181.826 Y177.245 E.01579
G1 X186.7 Y182.119 E.22758
G1 X186.7 Y181.557 E.01856
G1 X181.85 Y176.707 E.22646
G1 X181.85 Y176.145 E.01856
G1 X186.7 Y180.996 E.22649
G1 X186.7 Y180.434 E.01856
G1 X181.85 Y175.584 E.22646
G1 X181.85 Y175.022 E.01856
G1 X186.7 Y179.873 E.22649
G1 X186.7 Y179.311 E.01856
G1 X181.85 Y174.461 E.22646
G1 X181.85 Y173.899 E.01856
G1 X186.7 Y178.749 E.22646
G1 X186.7 Y178.188 E.01852
G1 X181.85 Y173.338 E.22646
G1 X181.85 Y172.776 E.01856
G1 X186.7 Y177.626 E.22646
G1 X186.7 Y177.065 E.01852
G1 X181.85 Y172.215 E.22646
G1 X181.796 Y171.599 E.02042
G1 X186.7 Y176.503 E.22898
G1 X186.7 Y175.942 E.01852
G1 X181.656 Y170.898 E.23552
G1 X181.57 Y170.758 E.00542
;WIDTH:0.41146
G1 X181.484 Y170.619 E.00501
;WIDTH:0.38292
G1 X181.466 Y170.708 E.00257
G1 X181.037 Y169.717 F9000
;WIDTH:0.439999
G1 F7200
G1 X186.7 Y175.38 E.26442
G1 E-3.5 F3600
;WIPE_START
G1 F7200
G1 X184.467 Y173.147 E-1.5
;WIPE_END
G1 X174.543 Y178.277 F9000
G1 E5 F2400
;WIDTH:0.38292
G1 F7200
G1 X174.538 Y178.487 E.00594
;WIDTH:0.41146
G1 X174.451 Y178.347 E.00505
;WIDTH:0.439999
G1 X174.365 Y178.207 E.00542
G1 X73.3 Y77.142 E4.71907
G1 X73.3 Y76.58 E.01856
G1 X174.225 Y177.506 E4.71256
G1 X174.15 Y176.869 E.02118
G1 X73.3 Y76.019 E4.70903
G1 X73.3 Y75.457 E.01856
G1 X174.15 Y176.307 E4.70903
G1 X174.15 Y175.746 E.01852
G1 X73.3 Y74.896 E4.70903
G1 X73.3 Y74.334 E.01856
G1 X174.15 Y175.184 E4.70903
G1 X174.296 Y174.312 F9000
;WIDTH:0.38292
G1 F7200
G1 X174.307 Y174.353 E.0012
G1 X174.236 Y174.372 E.00208
G1 X174.255 Y174.301 E.00208
;WIDTH:0.41146
G1 X174.203 Y174.462 E.00518
;WIDTH:0.439999
G1 X174.15 Y174.623 E.0056
G1 X73.3 Y73.773 E4.70903
G1 X73.162 Y73.132 E.02165
;WIDTH:0.38292
G1 X73.143 Y73.203 E.00208
G1 X73.214 Y73.184 E.00208
G1 X73.203 Y73.143 E.0012
;WIDTH:0.41146
G1 X73.296 Y73.221 E.00372
;WIDTH:0.439999
G1 X83.379 Y83.29 E.47048
G1 X83.455 Y83.41 E.00469
;WIDTH:0.41146
G1 X83.532 Y83.53 E.00437
;WIDTH:0.38292
G1 X83.513 Y83.601 E.00208
G1 X83.584 Y83.582 E.00208
G1 X83.573 Y83.541 E.0012
G1 X83.413 Y82.647 F9000
G1 F7200
G1 X83.424 Y82.688 E.0012
G1 X83.353 Y82.707 E.00208
G1 X83.372 Y82.636 E.00208
;WIDTH:0.41146
G1 X83.284 Y82.59 E.00304
;WIDTH:0.439999
G1 X83.196 Y82.545 E.00326
G1 X73.95 Y73.3 E.4317
G1 X74.512 Y73.3 E.01856
G1 X83.108 Y81.896 E.40138
G1 X83.204 Y81.43 E.01571
G1 X75.073 Y73.3 E.37964
G1 X75.635 Y73.3 E.01856
G1 X83.314 Y80.979 E.35856
G1 X83.424 Y80.528 E.01533
G1 X76.197 Y73.3 E.33748
G1 X76.758 Y73.3 E.01852
G1 X83.588 Y80.129 E.31889
G1 X83.83 Y79.811 E.01319
G1 X77.32 Y73.3 E.304
G1 X77.881 Y73.3 E.01852
G1 X84.094 Y79.513 E.29011
G1 X84.358 Y79.215 E.01314
G1 X78.443 Y73.3 E.27619
G1 X79.004 Y73.3 E.01852
G1 X84.627 Y78.923 E.26256
G1 X84.959 Y78.693 E.01334
G1 X79.566 Y73.3 E.25182
G1 X80.127 Y73.3 E.01852
G1 X85.36 Y78.532 E.24432
G1 X85.767 Y78.378 E.01437
G1 X80.689 Y73.3 E.23711
G1 X81.251 Y73.3 E.01856
G1 X86.174 Y78.223 E.22987
G1 X86.639 Y78.127 E.01568
G1 X81.812 Y73.3 E.22539
G1 X82.374 Y73.3 E.01856
G1 X87.252 Y78.178 E.22777
G1 X88.161 Y78.363 F9000
;WIDTH:0.38292
G1 F7200
G1 X88.142 Y78.434 E.00208
G1 X88.213 Y78.415 E.00208
G1 X88.202 Y78.374 E.0012
;WIDTH:0.41146
G1 X88.046 Y78.315 E.00511
;WIDTH:0.439999
G1 X87.891 Y78.256 E.00548
G1 X82.935 Y73.3 E.23141
G1 X83.497 Y73.3 E.01856
G1 X88.775 Y78.578 E.24645
G1 X88.916 Y78.696 E.00607
;WIDTH:0.41146
G1 X89.056 Y78.813 E.00559
;WIDTH:0.38292
G1 X89.899 Y79.555 E.03175
G1 X90.14 Y79.872 E.01126
G1 E-3.5 F3600
;WIPE_START
G1 F7200
G1 X89.899 Y79.555 E-.18915
G1 X89.056 Y78.813 E-.53344
G1 X88.916 Y78.696 E-.08667
G1 X88.775 Y78.578 E-.08733
G1 X87.877 Y77.68 E-.60341
;WIPE_END
G1 X85.386 Y85.366 F9000
G1 E5 F2400
G1 F7200
G1 X85.367 Y85.437 E.00208
G1 X85.438 Y85.418 E.00208
G1 X85.427 Y85.377 E.0012
;WIDTH:0.41146
G1 X85.552 Y85.483 E.00502
;WIDTH:0.439999
G1 X85.677 Y85.589 E.00541
G1 X174.15 Y174.061 E4.13109
G1 X174.15 Y173.5 E.01852
G1 X86.517 Y85.867 E4.09189
G1 X86.392 Y85.77 E.00522
;WIDTH:0.41146
G1 X86.267 Y85.673 E.00485
;WIDTH:0.38292
G1 X86.278 Y85.714 E.0012
G1 X86.207 Y85.733 E.00208
G1 X86.226 Y85.662 E.00208
G1 X87.057 Y85.845 F9000
;WIDTH:0.439999
G1 F7200
G1 X174.15 Y172.938 E4.06667
G1 X174.35 Y172.487 E.01629
;WIDTH:0.38292
G1 X174.361 Y172.528 E.0012
G1 X174.29 Y172.547 E.00208
G1 X174.309 Y172.476 E.00208
;WIDTH:0.41146
G1 X174.229 Y172.426 E.00289
;WIDTH:0.439999
G1 X174.15 Y172.377 E.00307
G1 X87.557 Y85.783 E4.04335
G1 X88.056 Y85.721 E.0166
G1 X174.166 Y171.831 E4.02077
G1 X174.253 Y171.356 E.01594
G1 X88.493 Y85.596 E4.00443
G1 X88.835 Y85.377 E.01341
G1 X174.346 Y170.888 E3.9928
G1 X174.482 Y170.462 E.01476
G1 X89.168 Y85.148 E3.9836
G1 X89.501 Y84.92 E.01332
G1 X174.703 Y170.122 E3.97837
G1 X174.925 Y169.782 E.01341
G1 X89.82 Y84.677 E3.97385
G1 X90.073 Y84.369 E.01316
G1 X175.152 Y169.447 E3.97261
G1 X175.436 Y169.17 E.0131
G1 X90.267 Y84.001 E3.97683
G1 X90.461 Y83.633 E.01374
G1 X98.97 Y92.143 E.39734
G1 X99.051 Y92.283 E.00534
;WIDTH:0.41146
G1 X99.132 Y92.423 E.00496
;WIDTH:0.38292
G1 X99.427 Y92.79 E.01331
G1 X167.21 Y160.573 E2.71006
G1 X167.579 Y160.873 E.01344
;WIDTH:0.439999
G1 X167.859 Y161.032 E.01063
G1 X175.771 Y168.944 E.36944
G1 X176.108 Y168.719 E.01338
G1 X168.379 Y160.99 E.36089
G1 X168.757 Y160.806 E.01388
G1 X176.46 Y168.509 E.35968
G1 X176.899 Y168.387 E.01504
G1 X169.04 Y160.528 E.36696
G1 X169.232 Y160.159 E.01373
G1 X177.377 Y168.303 E.38029
G1 X177.854 Y168.219 E.01599
G1 X169.3 Y159.665 E.39942
G1 X169.3 Y159.103 E.01856
G1 X178.454 Y168.257 E.42743
G1 X179.431 Y168.522 F9000
;WIDTH:0.38292
G1 F7200
G1 X179.412 Y168.593 E.00208
G1 X179.483 Y168.574 E.00208
G1 X179.472 Y168.533 E.0012
;WIDTH:0.41146
G1 X179.316 Y168.468 E.00518
;WIDTH:0.439999
G1 X179.161 Y168.402 E.00556
G1 X169.3 Y158.542 E.46042
G1 X169.3 Y157.98 E.01856
G1 X180.333 Y169.013 E.51517
G1 X180.474 Y169.133 E.00611
;WIDTH:0.41146
G1 X180.614 Y169.252 E.00563
;WIDTH:0.38292
G1 X180.797 Y169.436 E.00734
G1 E-3.5 F3600
;WIPE_START
G1 F7200
G1 X180.614 Y169.252 E-.12327
G1 X180.474 Y169.133 E-.08728
G1 X180.333 Y169.013 E-.08795
G1 X178.544 Y167.224 E-1.2015
;WIPE_END
G1 X186.7 Y174.819 F9000
G1 E5 F2400
;WIDTH:0.439999
G1 F7200
G1 X169.3 Y157.418 E.81249
G1 X169.3 Y156.857 E.01852
G1 X186.7 Y174.257 E.81247
G1 X186.7 Y173.695 E.01856
G1 X169.3 Y156.295 E.81247
G1 X169.3 Y155.734 E.01852
G1 X186.7 Y173.134 E.81247
G1 X186.7 Y172.572 E.01856
G1 X169.3 Y155.172 E.81247
G1 X169.3 Y154.611 E.01852
G1 X186.7 Y172.011 E.81247
G1 X186.7 Y171.449 E.01856
G1 X169.3 Y154.049 E.81247
G1 X169.3 Y153.488 E.01852
G1 X186.7 Y170.888 E.81247
G1 X186.7 Y170.326 E.01856
G1 X169.3 Y152.926 E.81247
G1 X169.3 Y152.364 E.01856
G1 X186.7 Y169.765 E.81249
G1 X186.7 Y169.203 E.01856
G1 X169.3 Y151.803 E.81247
G1 X169.3 Y151.241 E.01856
G1 X186.7 Y168.641 E.81247
G1 X186.7 Y168.08 E.01852
G1 X169.3 Y150.68 E.81247
G1 X169.3 Y150.118 E.01856
G1 X186.7 Y167.518 E.81247
G1 X186.7 Y166.957 E.01852
G1 X169.3 Y149.557 E.81247
G1 X169.3 Y148.995 E.01856
G1 X186.7 Y166.395 E.81247
G1 X186.753 Y166.234 E.0056
;WIDTH:0.41146
G1 X186.805 Y166.073 E.00518
;WIDTH:0.38292
G1 X186.786 Y166.145 E.00211
G1 X186.857 Y166.125 E.00209
G1 X186.846 Y166.084 E.0012
G1 E-3.5 F3600
;WIPE_START
G1 F7200
G1 X186.857 Y166.125 E-.02016
G1 X186.786 Y166.145 E-.03504
G1 X186.805 Y166.073 E-.03537
G1 X186.753 Y166.234 E-.08036
G1 X186.7 Y166.395 E-.08051
G1 X184.841 Y164.536 E-1.24856
;WIPE_END
G1 X174.588 Y153.722 F9000
G1 E5 F2400
;WIDTH:0.439999
G1 F7200
G1 X169.3 Y148.434 E.24691
G1 X169.3 Y147.872 E.01856
G1 X174.298 Y152.87 E.23337
G1 X174.367 Y152.99 E.00457
;WIDTH:0.41146
G1 X174.437 Y153.11 E.00426
;WIDTH:0.38292
G1 X174.418 Y153.181 E.00208
G1 X174.489 Y153.162 E.00208
G1 X174.478 Y153.121 E.0012
G1 X174.818 Y154.002 F9000
G1 F7200
G1 X175.177 Y154.439 E.01599
G1 X175.509 Y154.771 E.01327
G1 X175.948 Y155.132 E.01607
;WIDTH:0.41146
G1 X176.088 Y155.247 E.00555
;WIDTH:0.439999
G1 X176.228 Y155.362 E.00598
G1 X186.7 Y165.834 E.48897
G1 X186.7 Y165.272 E.01856
G1 X177.08 Y155.652 E.44919
G1 X176.955 Y155.562 E.00509
;WIDTH:0.41146
G1 X176.83 Y155.472 E.00472
;WIDTH:0.38292
G1 X176.841 Y155.513 E.0012
G1 X176.769 Y155.532 E.00211
G1 X176.789 Y155.461 E.00209
G1 X177.772 Y155.783 F9000
;WIDTH:0.439999
G1 F7200
G1 X186.7 Y164.711 E.41688
G1 X186.7 Y164.149 E.01856
G1 X178.307 Y155.756 E.3919
G1 X178.783 Y155.67 E.01597
G1 X186.7 Y163.587 E.36967
G1 X186.7 Y163.026 E.01852
G1 X179.258 Y155.584 E.34749
G1 X179.664 Y155.428 E.01436
G1 X186.7 Y162.464 E.32854
G1 X186.7 Y161.903 E.01852
G1 X180.004 Y155.207 E.31266
G1 X180.341 Y154.982 E.01338
G1 X186.7 Y161.341 E.29692
G1 X186.7 Y160.78 E.01852
G1 X180.667 Y154.746 E.28172
G1 X180.928 Y154.446 E.01313
G1 X186.7 Y160.218 E.26951
G1 X186.7 Y159.657 E.01852
G1 X181.153 Y154.109 E.25903
G1 X181.378 Y153.773 E.01335
G1 X186.7 Y159.095 E.2485
G1 X186.7 Y158.534 E.01852
G1 X181.575 Y153.409 E.2393
G1 X181.685 Y152.957 E.01536
G1 X186.7 Y157.972 E.23417
G1 X186.7 Y157.41 E.01856
G1 X181.778 Y152.488 E.22983
G1 X181.85 Y151.999 E.01632
G1 X186.7 Y156.849 E.22646
G1 X186.7 Y156.287 E.01856
G1 X181.85 Y151.437 E.22646
G1 X181.85 Y150.876 E.01852
G1 X186.7 Y155.726 E.22646
G1 X186.7 Y155.164 E.01856
G1 X181.85 Y150.314 E.22646
G1 X181.85 Y149.752 E.01856
G1 X186.7 Y154.603 E.22649
G1 X186.7 Y154.041 E.01856
G1 X181.85 Y149.191 E.22646
G1 X181.85 Y148.629 E.01856
G1 X186.7 Y153.48 E.22649
G1 X186.7 Y152.918 E.01856
G1 X181.85 Y148.068 E.22646
G1 X181.85 Y147.506 E.01856
G1 X186.7 Y152.356 E.22646
G1 X186.7 Y151.795 E.01852
G1 X181.845 Y146.939 E.22672
G1 X181.729 Y146.262 E.02268
G1 X186.7 Y151.233 E.23211
G1 E-3.5 F3600
;WIPE_START
G1 F7200
G1 X184.467 Y149 E-1.5
;WIPE_END
G1 X174.165 Y152.175 F9000
G1 E5 F2400
G1 F7200
G1 X169.3 Y147.31 E.22716
G1 X169.3 Y146.749 E.01852
G1 X174.15 Y151.599 E.22646
G1 X174.15 Y151.037 E.01856
G1 X169.3 Y146.187 E.22646
G1 X169.3 Y145.626 E.01852
G1 X174.15 Y150.476 E.22646
G1 X174.15 Y149.914 E.01856
G1 X169.3 Y145.064 E.22646
G1 X169.3 Y144.503 E.01852
G1 X174.15 Y149.353 E.22646
G1 X174.15 Y148.791 E.01856
G1 X169.3 Y143.941 E.22646
G1 X169.3 Y143.38 E.01852
G1 X174.15 Y148.23 E.22646
G1 X174.15 Y147.668 E.01856
G1 X169.3 Y142.818 E.22646
G1 X169.3 Y142.256 E.01856
G1 X174.15 Y147.107 E.22649
G1 X174.204 Y146.599 E.01687
G1 X169.3 Y141.695 E.22898
G1 X169.3 Y141.133 E.01856
G1 X174.298 Y146.131 E.23337
G1 X174.4 Y145.672 E.01552
G1 X169.3 Y140.572 E.23814
G1 X169.3 Y140.01 E.01856
G1 X174.58 Y145.29 E.24654
G1 X174.805 Y144.954 E.01335
G1 X169.3 Y139.449 E.25705
G1 X169.3 Y138.887 E.01856
G1 X175.03 Y144.617 E.26755
G1 X175.275 Y144.301 E.0132
G1 X169.3 Y138.326 E.27899
G1 X169.3 Y137.764 E.01856
G1 X175.596 Y144.06 E.29398
G1 X175.933 Y143.835 E.01338
G1 X169.3 Y137.202 E.30972
G1 X169.3 Y136.641 E.01852
G1 X176.27 Y143.611 E.32545
G1 X176.662 Y143.442 E.01409
G1 X169.3 Y136.079 E.34378
G1 X169.3 Y135.518 E.01852
G1 X177.129 Y143.347 E.36556
G1 X177.607 Y143.263 E.01602
G1 X169.3 Y134.956 E.38788
G1 X169.3 Y134.395 E.01852
G1 X178.119 Y143.214 E.41179
G1 X178.793 Y143.326 E.02256
G1 X169.3 Y133.833 E.44326
G1 X169.3 Y133.272 E.01852
G1 X179.548 Y143.52 E.47851
G1 X179.829 Y143.734 E.01166
;WIDTH:0.38292
G1 X180.468 Y144.258 E.02336
G1 X180.791 Y144.581 E.01291
G1 X181.332 Y145.239 E.02408
G1 X181.326 Y145.297 E.00165
G1 X181.423 Y145.655 E.01049
;WIDTH:0.41146
G1 X181.486 Y145.588 E.00282
;WIDTH:0.439999
G1 X181.548 Y145.52 E.00304
G1 X186.7 Y150.672 E.24056
G1 X186.7 Y150.11 E.01856
G1 X169.3 Y132.71 E.81247
G1 X169.3 Y132.148 E.01856
G1 X186.7 Y149.549 E.81249
G1 X186.7 Y148.987 E.01856
G1 X169.3 Y131.587 E.81247
G1 X169.3 Y131.025 E.01856
G1 X186.7 Y148.426 E.81249
G1 X186.7 Y147.864 E.01856
G1 X169.3 Y130.464 E.81247
G1 X169.3 Y129.902 E.01856
G1 X186.7 Y147.302 E.81247
G1 X186.7 Y146.741 E.01852
G1 X169.3 Y129.341 E.81247
G1 X169.3 Y128.779 E.01856
G1 X186.7 Y146.179 E.81247
G1 X186.7 Y145.618 E.01852
G1 X169.3 Y128.218 E.81247
G1 X169.3 Y127.656 E.01856
G1 X186.7 Y145.056 E.81247
G1 X186.7 Y144.495 E.01852
G1 X169.3 Y127.094 E.81249
G1 X169.3 Y126.533 E.01852
G1 X186.7 Y143.933 E.81247
G1 X186.7 Y143.372 E.01852
G1 X169.3 Y125.971 E.81249
G1 X169.3 Y125.41 E.01852
G1 X186.7 Y142.81 E.81247
G1 X186.7 Y142.248 E.01856
G1 X169.3 Y124.848 E.81247
G1 X169.3 Y124.287 E.01852
G1 X186.7 Y141.687 E.81247
G1 X186.7 Y141.125 E.01856
G1 X169.3 Y123.725 E.81247
G1 X169.3 Y123.164 E.01852
G1 X186.7 Y140.564 E.81247
G1 X186.7 Y140.002 E.01856
G1 X169.3 Y122.602 E.81247
G1 X169.3 Y122.04 E.01856
G1 X186.7 Y139.441 E.81249
G1 X186.7 Y138.879 E.01856
G1 X169.3 Y121.479 E.81247
G1 X169.3 Y120.917 E.01856
G1 X186.7 Y138.318 E.81249
G1 X186.7 Y137.756 E.01856
G1 X169.3 Y120.356 E.81247
G1 X169.3 Y119.794 E.01856
G1 X186.7 Y137.194 E.81247
G1 X186.7 Y136.633 E.01852
G1 X169.3 Y119.233 E.81247
G1 X169.3 Y118.671 E.01856
G1 X186.7 Y136.071 E.81247
G1 X186.7 Y135.51 E.01852
G1 X169.3 Y118.11 E.81247
G1 X169.3 Y117.548 E.01856
G1 X186.7 Y134.948 E.81247
G1 X186.7 Y134.387 E.01852
G1 X169.3 Y116.986 E.81249
G1 X169.3 Y116.425 E.01852
G1 X186.7 Y133.825 E.81247
G1 X186.7 Y133.264 E.01852
G1 X169.3 Y115.863 E.81249
G1 X169.3 Y115.302 E.01852
G1 X186.7 Y132.702 E.81247
G1 X186.7 Y132.14 E.01856
G1 X169.3 Y114.74 E.81247
G1 X169.3 Y114.179 E.01852
G1 X186.7 Y131.579 E.81247
G1 X186.7 Y131.017 E.01856
G1 X169.3 Y113.617 E.81247
G1 X169.3 Y113.056 E.01852
G1 X186.7 Y130.456 E.81247
G1 X186.7 Y129.894 E.01856
G1 X169.3 Y112.494 E.81247
G1 X169.3 Y111.932 E.01856
G1 X186.7 Y129.333 E.81249
G1 X186.7 Y128.771 E.01856
G1 X169.3 Y111.371 E.81247
G1 X169.3 Y110.809 E.01856
G1 X186.7 Y128.21 E.81249
G1 X186.7 Y127.648 E.01856
G1 X169.3 Y110.248 E.81247
G1 X169.3 Y109.686 E.01856
G1 X186.7 Y127.086 E.81247
G1 X186.7 Y126.525 E.01852
G1 X169.3 Y109.125 E.81247
G1 X169.3 Y108.563 E.01856
G1 X186.7 Y125.963 E.81247
G1 X186.7 Y125.402 E.01852
G1 X169.3 Y108.002 E.81247
G1 X169.3 Y107.44 E.01856
G1 X186.7 Y124.84 E.81247
G1 X186.7 Y124.279 E.01852
G1 X169.3 Y106.878 E.81249
G1 X169.3 Y106.317 E.01852
G1 X186.7 Y123.717 E.81247
G1 X186.7 Y123.156 E.01852
G1 X169.3 Y105.755 E.81249
G1 X169.3 Y105.194 E.01852
G1 X186.7 Y122.594 E.81247
G1 X186.7 Y122.032 E.01856
G1 X169.3 Y104.632 E.81247
G1 X169.3 Y104.071 E.01852
G1 X186.7 Y121.471 E.81247
G1 X186.7 Y120.909 E.01856
G1 X169.3 Y103.509 E.81247
G1 X169.3 Y102.948 E.01852
G1 X186.7 Y120.348 E.81247
G1 X186.7 Y119.786 E.01856
G1 X169.3 Y102.386 E.81247
G1 X169.3 Y101.825 E.01852
G1 X186.7 Y119.225 E.81247
G1 X186.7 Y118.663 E.01856
G1 X169.3 Y101.263 E.81247
G1 X169.3 Y100.701 E.01856
G1 X186.7 Y118.102 E.81249
G1 X186.7 Y117.54 E.01856
G1 X169.3 Y100.14 E.81247
G1 X169.3 Y99.578 E.01856
G1 X186.7 Y116.978 E.81247
G1 X186.7 Y116.417 E.01852
G1 X169.3 Y99.017 E.81247
G1 X169.3 Y98.455 E.01856
G1 X186.7 Y115.855 E.81247
G1 X186.7 Y115.294 E.01852
G1 X169.3 Y97.894 E.81247
G1 X169.3 Y97.332 E.01856
G1 X186.7 Y114.732 E.81247
G1 X186.7 Y114.171 E.01852
G1 X169.3 Y96.771 E.81247
G1 X169.3 Y96.209 E.01856
G1 X186.7 Y113.609 E.81247
G1 X186.7 Y113.048 E.01852
G1 X169.3 Y95.647 E.81249
G1 X169.3 Y95.086 E.01852
G1 X186.7 Y112.486 E.81247
G1 X186.7 Y111.924 E.01856
G1 X169.3 Y94.524 E.81247
G1 X169.3 Y93.963 E.01852
G1 X186.7 Y111.363 E.81247
G1 X186.7 Y110.801 E.01856
G1 X169.3 Y93.401 E.81247
G1 X169.3 Y92.84 E.01852
G1 X186.7 Y110.24 E.81247
G1 X186.7 Y109.678 E.01856
G1 X169.3 Y92.278 E.81247
G1 X169.258 Y91.675 E.01996
G1 X186.7 Y109.117 E.81443
G1 X186.779 Y109.172 E.00318
;WIDTH:0.41146
G1 X186.859 Y109.228 E.00299
;WIDTH:0.38292
G1 X186.84 Y109.299 E.00208
G1 X186.911 Y109.28 E.00208
G1 X186.9 Y109.239 E.0012
G1 E-3.5 F3600
;WIPE_START
G1 F7200
G1 X186.911 Y109.28 E-.02016
G1 X186.84 Y109.299 E-.03491
G1 X186.859 Y109.228 E-.03491
G1 X186.779 Y109.172 E-.04638
G1 X186.7 Y109.117 E-.04572
G1 X184.738 Y107.155 E-1.31792
;WIPE_END
G1 X99.01 Y91.621 F9000
G1 E5 F2400
;WIDTH:0.439999
G1 F7200
G1 X90.655 Y83.266 E.39012
G1 X90.801 Y82.851 E.01453
G1 X99.194 Y91.244 E.3919
G1 X99.468 Y90.956 E.01312
G1 X90.824 Y82.312 E.40362
G1 X90.824 Y81.751 E.01852
G1 X99.843 Y90.769 E.4211
G1 X100.335 Y90.7 E.0164
G1 X90.808 Y81.172 E.44487
G1 X90.723 Y81.033 E.00538
;WIDTH:0.41146
G1 X90.639 Y80.894 E.00498
;WIDTH:0.38292
G1 X90.617 Y81.056 E.00462
G1 X90.35 Y80.153 F9000
;WIDTH:0.439999
G1 F7200
G1 X100.897 Y90.7 E.49248
G1 X101.052 Y90.743 E.00531
;WIDTH:0.41146
G1 X101.208 Y90.786 E.00496
;WIDTH:0.38292
G1 X101.219 Y90.827 E.0012
G1 X101.148 Y90.846 E.00208
G1 X101.167 Y90.775 E.00208
;WIDTH:0.439999
G1 X101.458 Y90.7 E.00992
G1 X84.058 Y73.3 E.81247
G1 X84.62 Y73.3 E.01856
G1 X102.02 Y90.7 E.81247
G1 X102.582 Y90.7 E.01856
G1 X85.181 Y73.3 E.81249
G1 X85.743 Y73.3 E.01856
G1 X103.143 Y90.7 E.81247
G1 X103.705 Y90.7 E.01856
G1 X86.305 Y73.3 E.81247
G1 X86.866 Y73.3 E.01852
G1 X104.266 Y90.7 E.81247
G1 X104.828 Y90.7 E.01856
G1 X87.428 Y73.3 E.81247
G1 X87.989 Y73.3 E.01852
G1 X105.389 Y90.7 E.81247
G1 X105.951 Y90.7 E.01856
G1 X88.551 Y73.3 E.81247
G1 X89.112 Y73.3 E.01852
G1 X106.512 Y90.7 E.81247
G1 X107.074 Y90.7 E.01856
G1 X89.674 Y73.3 E.81247
G1 X90.235 Y73.3 E.01852
G1 X107.636 Y90.7 E.81249
G1 X108.197 Y90.7 E.01852
G1 X90.797 Y73.3 E.81247
G1 X91.359 Y73.3 E.01856
G1 X108.759 Y90.7 E.81247
G1 X109.32 Y90.7 E.01852
G1 X91.92 Y73.3 E.81247
G1 X92.482 Y73.3 E.01856
G1 X109.882 Y90.7 E.81247
G1 X110.443 Y90.7 E.01852
G1 X93.043 Y73.3 E.81247
G1 X93.605 Y73.3 E.01856
G1 X111.005 Y90.7 E.81247
G1 X111.566 Y90.7 E.01852
G1 X94.166 Y73.3 E.81247
G1 X94.728 Y73.3 E.01856
G1 X112.128 Y90.7 E.81247
G1 X112.69 Y90.7 E.01856
G1 X95.289 Y73.3 E.81249
G1 X95.851 Y73.3 E.01856
G1 X113.251 Y90.7 E.81247
G1 X113.813 Y90.7 E.01856
G1 X96.413 Y73.3 E.81247
G1 X96.974 Y73.3 E.01852
G1 X114.374 Y90.7 E.81247
G1 X114.936 Y90.7 E.01856
G1 X97.536 Y73.3 E.81247
G1 X98.097 Y73.3 E.01852
G1 X115.497 Y90.7 E.81247
G1 X116.059 Y90.7 E.01856
G1 X98.659 Y73.3 E.81247
G1 X99.22 Y73.3 E.01852
G1 X116.62 Y90.7 E.81247
G1 X117.182 Y90.7 E.01856
G1 X99.782 Y73.3 E.81247
G1 X100.343 Y73.3 E.01852
G1 X117.744 Y90.7 E.81249
G1 X118.305 Y90.7 E.01852
G1 X100.905 Y73.3 E.81247
G1 X101.467 Y73.3 E.01856
G1 X118.867 Y90.7 E.81247
G1 X119.428 Y90.7 E.01852
G1 X102.028 Y73.3 E.81247
G1 X102.59 Y73.3 E.01856
G1 X119.99 Y90.7 E.81247
G1 X120.551 Y90.7 E.01852
G1 X103.151 Y73.3 E.81247
G1 X103.713 Y73.3 E.01856
G1 X121.113 Y90.7 E.81247
G1 X121.674 Y90.7 E.01852
G1 X104.274 Y73.3 E.81247
G1 X104.836 Y73.3 E.01856
G1 X122.236 Y90.7 E.81247
G1 X122.798 Y90.7 E.01856
G1 X105.397 Y73.3 E.81249
G1 X105.959 Y73.3 E.01856
G1 X123.359 Y90.7 E.81247
G1 X123.921 Y90.7 E.01856
G1 X106.52 Y73.3 E.81249
G1 X107.082 Y73.3 E.01856
G1 X124.482 Y90.7 E.81247
G1 X125.044 Y90.7 E.01856
G1 X107.644 Y73.3 E.81247
G1 X108.205 Y73.3 E.01852
G1 X125.605 Y90.7 E.81247
G1 X126.167 Y90.7 E.01856
G1 X108.767 Y73.3 E.81247
G1 X109.328 Y73.3 E.01852
G1 X126.728 Y90.7 E.81247
G1 X127.29 Y90.7 E.01856
G1 X109.89 Y73.3 E.81247
G1 X110.451 Y73.3 E.01852
G1 X127.852 Y90.7 E.81249
G1 X128.413 Y90.7 E.01852
G1 X111.013 Y73.3 E.81247
G1 X111.574 Y73.3 E.01852
G1 X128.975 Y90.7 E.81249
G1 X129.536 Y90.7 E.01852
G1 X112.136 Y73.3 E.81247
G1 X112.698 Y73.3 E.01856
G1 X130.098 Y90.7 E.81247
G1 X130.659 Y90.7 E.01852
G1 X113.259 Y73.3 E.81247
G1 X113.821 Y73.3 E.01856
G1 X131.221 Y90.7 E.81247
G1 X131.782 Y90.7 E.01852
G1 X114.382 Y73.3 E.81247
G1 X114.944 Y73.3 E.01856
G1 X132.344 Y90.7 E.81247
G1 X132.906 Y90.7 E.01856
G1 X115.505 Y73.3 E.81249
G1 X116.067 Y73.3 E.01856
G1 X133.467 Y90.7 E.81247
G1 X134.029 Y90.7 E.01856
G1 X116.628 Y73.3 E.81249
G1 X117.19 Y73.3 E.01856
G1 X134.59 Y90.7 E.81247
G1 X135.152 Y90.7 E.01856
G1 X117.752 Y73.3 E.81247
G1 X118.313 Y73.3 E.01852
G1 X135.713 Y90.7 E.81247
G1 X136.275 Y90.7 E.01856
G1 X118.875 Y73.3 E.81247
G1 X119.436 Y73.3 E.01852
G1 X136.836 Y90.7 E.81247
G1 X137.398 Y90.7 E.01856
G1 X119.998 Y73.3 E.81247
G1 X120.559 Y73.3 E.01852
G1 X137.96 Y90.7 E.81249
G1 X138.521 Y90.7 E.01852
G1 X121.121 Y73.3 E.81247
G1 X121.682 Y73.3 E.01852
G1 X139.083 Y90.7 E.81249
G1 X139.644 Y90.7 E.01852
G1 X122.244 Y73.3 E.81247
G1 X122.806 Y73.3 E.01856
G1 X140.206 Y90.7 E.81247
G1 X140.767 Y90.7 E.01852
G1 X123.367 Y73.3 E.81247
G1 X123.929 Y73.3 E.01856
G1 X141.329 Y90.7 E.81247
G1 X141.89 Y90.7 E.01852
G1 X124.49 Y73.3 E.81247
G1 X125.052 Y73.3 E.01856
G1 X142.452 Y90.7 E.81247
G1 X143.014 Y90.7 E.01856
G1 X125.613 Y73.3 E.81249
G1 X126.175 Y73.3 E.01856
G1 X143.575 Y90.7 E.81247
G1 X144.137 Y90.7 E.01856
G1 X126.736 Y73.3 E.81249
G1 X127.298 Y73.3 E.01856
G1 X144.698 Y90.7 E.81247
G1 X145.26 Y90.7 E.01856
G1 X127.86 Y73.3 E.81247
G1 X128.421 Y73.3 E.01852
G1 X145.821 Y90.7 E.81247
G1 X146.383 Y90.7 E.01856
G1 X128.983 Y73.3 E.81247
G1 X129.544 Y73.3 E.01852
G1 X146.944 Y90.7 E.81247
G1 X147.506 Y90.7 E.01856
G1 X130.106 Y73.3 E.81247
G1 X130.667 Y73.3 E.01852
G1 X148.068 Y90.7 E.81249
G1 X148.629 Y90.7 E.01852
G1 X131.229 Y73.3 E.81247
G1 X131.79 Y73.3 E.01852
G1 X149.191 Y90.7 E.81249
G1 X149.752 Y90.7 E.01852
G1 X132.352 Y73.3 E.81247
G1 X132.914 Y73.3 E.01856
G1 X150.314 Y90.7 E.81247
G1 X150.875 Y90.7 E.01852
G1 X133.475 Y73.3 E.81247
G1 X134.037 Y73.3 E.01856
G1 X151.437 Y90.7 E.81247
G1 X151.998 Y90.7 E.01852
G1 X134.598 Y73.3 E.81247
G1 X135.16 Y73.3 E.01856
G1 X152.56 Y90.7 E.81247
G1 X153.122 Y90.7 E.01856
G1 X135.721 Y73.3 E.81249
G1 X136.283 Y73.3 E.01856
G1 X153.683 Y90.7 E.81247
G1 X154.245 Y90.7 E.01856
G1 X136.844 Y73.3 E.81249
G1 X137.406 Y73.3 E.01856
G1 X154.806 Y90.7 E.81247
G1 X155.368 Y90.7 E.01856
G1 X137.968 Y73.3 E.81247
G1 X138.529 Y73.3 E.01852
G1 X155.929 Y90.7 E.81247
G1 X156.491 Y90.7 E.01856
G1 X139.091 Y73.3 E.81247
G1 X139.652 Y73.3 E.01852
G1 X157.052 Y90.7 E.81247
G1 X157.614 Y90.7 E.01856
G1 X140.214 Y73.3 E.81247
G1 X140.775 Y73.3 E.01852
G1 X158.176 Y90.7 E.81249
G1 X158.737 Y90.7 E.01852
G1 X141.337 Y73.3 E.81247
G1 X141.898 Y73.3 E.01852
G1 X159.299 Y90.7 E.81249
G1 X159.86 Y90.7 E.01852
G1 X142.46 Y73.3 E.81247
G1 X143.022 Y73.3 E.01856
G1 X160.422 Y90.7 E.81247
G1 X160.983 Y90.7 E.01852
G1 X143.583 Y73.3 E.81247
G1 X144.145 Y73.3 E.01856
G1 X161.545 Y90.7 E.81247
G1 X162.106 Y90.7 E.01852
G1 X144.706 Y73.3 E.81247
G1 X145.268 Y73.3 E.01856
G1 X162.668 Y90.7 E.81247
G1 X163.229 Y90.7 E.01852
G1 X145.829 Y73.3 E.81247
G1 X146.391 Y73.3 E.01856
G1 X163.791 Y90.7 E.81247
G1 X164.353 Y90.7 E.01856
G1 X146.952 Y73.3 E.81249
G1 X147.514 Y73.3 E.01856
G1 X164.914 Y90.7 E.81247
G1 X165.476 Y90.7 E.01856
G1 X148.076 Y73.3 E.81247
G1 X148.637 Y73.3 E.01852
G1 X166.037 Y90.7 E.81247
G1 X166.599 Y90.7 E.01856
G1 X149.199 Y73.3 E.81247
G1 X149.76 Y73.3 E.01852
G1 X167.16 Y90.7 E.81247
G1 X167.722 Y90.7 E.01856
G1 X150.322 Y73.3 E.81247
G1 X150.883 Y73.3 E.01852
G1 X168.323 Y90.739 E.81431
G1 X168.463 Y90.832 E.00555
;WIDTH:0.41146
G1 X168.603 Y90.925 E.00515
;WIDTH:0.38292
G1 X168.862 Y91.147 E.00964
G1 X169.077 Y91.394 E.00926
G1 E-3.5 F3600
;WIPE_START
G1 F7200
G1 X168.862 Y91.147 E-.15555
G1 X168.603 Y90.925 E-.16203
G1 X168.463 Y90.832 E-.07984
G1 X168.323 Y90.739 E-.07984
G1 X166.8 Y89.217 E-1.02274
;WIPE_END
G1 X186.846 Y108.806 F9000
G1 E5 F2400
G1 F7200
G1 X186.857 Y108.847 E.0012
G1 X186.786 Y108.866 E.00208
G1 X186.805 Y108.795 E.00208
;WIDTH:0.41146
G1 X186.753 Y108.675 E.00401
;WIDTH:0.439999
G1 X186.7 Y108.555 E.00433
G1 X151.445 Y73.3 E1.64618
G1 X152.006 Y73.3 E.01852
G1 X186.7 Y107.994 E1.61998
G1 X186.7 Y107.432 E.01856
G1 X152.568 Y73.3 E1.59374
G1 X153.13 Y73.3 E.01856
G1 X186.7 Y106.87 E1.5675
G1 X186.7 Y106.309 E.01852
G1 X153.691 Y73.3 E1.5413
G1 X154.253 Y73.3 E.01856
G1 X186.7 Y105.747 E1.51506
G1 X186.7 Y105.186 E.01852
G1 X154.814 Y73.3 E1.48887
G1 X155.376 Y73.3 E.01856
G1 X186.7 Y104.624 E1.46263
G1 X186.7 Y104.063 E.01852
G1 X155.937 Y73.3 E1.43643
G1 X156.499 Y73.3 E.01856
G1 X186.7 Y103.501 E1.41019
G1 X186.7 Y102.94 E.01852
G1 X157.06 Y73.3 E1.38399
G1 X157.622 Y73.3 E.01856
G1 X186.7 Y102.378 E1.35775
G1 X186.7 Y101.816 E.01856
G1 X158.184 Y73.3 E1.33151
G1 X158.745 Y73.3 E.01852
G1 X186.7 Y101.255 E1.30532
G1 X186.7 Y100.693 E.01856
G1 X159.307 Y73.3 E1.27907
G1 X159.868 Y73.3 E.01852
G1 X186.7 Y100.132 E1.25288
G1 X186.7 Y99.57 E.01856
G1 X160.43 Y73.3 E1.22664
G1 X160.991 Y73.3 E.01852
G1 X186.7 Y99.009 E1.20044
G1 X186.7 Y98.447 E.01856
G1 X161.553 Y73.3 E1.1742
G1 X162.114 Y73.3 E.01852
G1 X186.7 Y97.886 E1.14801
G1 X186.7 Y97.324 E.01856
G1 X162.676 Y73.3 E1.12176
G1 X163.237 Y73.3 E.01852
G1 X186.7 Y96.763 E1.09557
G1 X186.9 Y96.323 E.01596
;WIDTH:0.38292
G1 X186.911 Y96.364 E.0012
G1 X186.84 Y96.383 E.00208
G1 X186.859 Y96.312 E.00208
;WIDTH:0.41146
G1 X186.779 Y96.257 E.00298
;WIDTH:0.439999
G1 X186.7 Y96.201 E.0032
G1 X163.799 Y73.3 E1.06933
G1 X164.361 Y73.3 E.01856
G1 X174.388 Y83.328 E.46822
G1 X174.471 Y83.468 E.00537
;WIDTH:0.41146
G1 X174.554 Y83.609 E.00501
;WIDTH:0.38292
G1 X174.936 Y84.085 E.01725
G1 X174.422 Y82.684 F9000
G1 F7200
G1 X174.433 Y82.725 E.0012
G1 X174.362 Y82.744 E.00208
G1 X174.381 Y82.673 E.00208
;WIDTH:0.41146
G1 X174.293 Y82.628 E.00303
;WIDTH:0.439999
G1 X174.205 Y82.583 E.00326
G1 X164.922 Y73.3 E.43346
G1 X165.484 Y73.3 E.01856
G1 X174.109 Y81.925 E.40273
G1 X174.199 Y81.454 E.01583
G1 X166.045 Y73.3 E.38074
G1 X166.607 Y73.3 E.01856
G1 X174.309 Y81.002 E.35963
G1 X174.419 Y80.55 E.01536
G1 X167.168 Y73.3 E.33855
G1 X167.73 Y73.3 E.01856
G1 X174.576 Y80.146 E.31966
G1 X174.817 Y79.826 E.01323
G1 X168.291 Y73.3 E.30472
G1 X168.853 Y73.3 E.01856
G1 X175.081 Y79.528 E.29081
G1 X175.345 Y79.23 E.01314
G1 X169.415 Y73.3 E.27689
G1 X169.976 Y73.3 E.01852
G1 X175.613 Y78.937 E.26321
G1 X175.94 Y78.702 E.0133
G1 X170.538 Y73.3 E.25224
G1 X171.099 Y73.3 E.01852
G1 X176.339 Y78.54 E.24467
G1 X176.746 Y78.385 E.01438
G1 X171.661 Y73.3 E.23744
G1 X172.222 Y73.3 E.01852
G1 X177.153 Y78.231 E.23025
G1 X177.611 Y78.127 E.01551
G1 X172.784 Y73.3 E.22539
G1 X173.345 Y73.3 E.01852
G1 X178.22 Y78.174 E.22761
G1 X179.17 Y78.366 F9000
;WIDTH:0.38292
G1 F7200
G1 X179.181 Y78.407 E.0012
G1 X179.11 Y78.426 E.00208
G1 X179.129 Y78.355 E.00208
;WIDTH:0.41146
G1 X178.994 Y78.303 E.00443
;WIDTH:0.439999
G1 X178.859 Y78.252 E.00476
G1 X173.907 Y73.3 E.23123
G1 E-3.5 F3600
;WIPE_START
G1 F7200
G1 X176.14 Y75.533 E-1.5
;WIPE_END
G1 X176.34 Y85.344 F9000
G1 E5 F2400
;WIDTH:0.38292
G1 F7200
G1 X176.321 Y85.415 E.00208
G1 X176.392 Y85.396 E.00208
G1 X176.381 Y85.355 E.0012
;WIDTH:0.41146
G1 X176.507 Y85.463 E.00509
;WIDTH:0.439999
G1 X186.7 Y95.639 E.47555
G1 X186.753 Y95.759 E.00433
;WIDTH:0.41146
G1 X186.805 Y95.879 E.00401
;WIDTH:0.38292
G1 X186.786 Y95.95 E.00208
G1 X186.857 Y95.931 E.00208
G1 X186.846 Y95.89 E.0012
G1 X186.7 Y95.078 F9000
;WIDTH:0.439999
G1 F7200
G1 X177.489 Y85.867 E.43009
G1 X177.363 Y85.77 E.00525
;WIDTH:0.41146
G1 X177.238 Y85.673 E.00485
;WIDTH:0.38292
G1 X177.249 Y85.714 E.0012
G1 X177.178 Y85.733 E.00208
G1 X177.197 Y85.662 E.00208
G1 X178.031 Y85.848 F9000
;WIDTH:0.439999
G1 F7200
G1 X186.7 Y94.516 E.40476
G1 X186.7 Y93.955 E.01852
G1 X178.53 Y85.785 E.38149
G1 X179.029 Y85.722 E.01661
G1 X186.7 Y93.393 E.35819
G1 X186.7 Y92.832 E.01852
G1 X179.474 Y85.605 E.33743
G1 X179.82 Y85.39 E.01345
G1 X186.7 Y92.27 E.32125
G1 X186.7 Y91.709 E.01852
G1 X180.153 Y85.161 E.30573
G1 X180.485 Y84.932 E.01332
G1 X186.7 Y91.147 E.2902
G1 X186.7 Y90.585 E.01856
G1 X180.809 Y84.694 E.27507
G1 X181.062 Y84.385 E.01319
G1 X186.7 Y90.024 E.26328
G1 X186.7 Y89.462 E.01856
G1 X181.259 Y84.021 E.25406
G1 X181.452 Y83.652 E.01375
G1 X186.7 Y88.901 E.24507
G1 X186.7 Y88.339 E.01856
G1 X181.645 Y83.284 E.23604
G1 X181.795 Y82.873 E.01445
G1 X186.7 Y87.778 E.22903
G1 X186.7 Y87.216 E.01856
G1 X181.824 Y82.34 E.22768
G1 X181.824 Y81.779 E.01852
G1 X186.7 Y86.655 E.22768
G1 X186.7 Y86.093 E.01856
G1 X181.803 Y81.196 E.22866
G1 X181.381 Y80.212 F9000
G1 F7200
G1 X186.7 Y85.531 E.24836
G1 X186.779 Y85.587 E.0032
;WIDTH:0.41146
G1 X186.859 Y85.643 E.00299
;WIDTH:0.38292
G1 X186.84 Y85.714 E.00208
G1 X186.911 Y85.695 E.00208
G1 X186.9 Y85.654 E.0012
G1 E-3.5 F3600
;WIPE_START
G1 F7200
G1 X186.911 Y85.695 E-.02016
G1 X186.84 Y85.714 E-.03491
G1 X186.859 Y85.643 E-.03491
G1 X186.779 Y85.587 E-.04638
G1 X186.7 Y85.531 E-.046
G1 X184.738 Y83.569 E-1.31764
;WIPE_END
G1 X181.171 Y79.931 F9000
G1 E5 F2400
G1 F7200
G1 X180.875 Y79.543 E.0138
G1 X179.965 Y78.75 E.03412
;WIDTH:0.41146
G1 X179.825 Y78.633 E.00559
;WIDTH:0.439999
G1 X179.684 Y78.516 E.00605
G1 X174.469 Y73.3 E.24353
G1 X175.03 Y73.3 E.01852
G1 X186.7 Y84.97 E.54491
G1 X186.753 Y85.09 E.00433
;WIDTH:0.41146
G1 X186.805 Y85.21 E.00401
;WIDTH:0.38292
G1 X186.786 Y85.281 E.00208
G1 X186.857 Y85.262 E.00208
G1 X186.846 Y85.221 E.0012
G1 X186.7 Y84.408 F9000
;WIDTH:0.439999
G1 F7200
G1 X175.592 Y73.3 E.51867
G1 X176.153 Y73.3 E.01852
G1 X186.7 Y83.847 E.49248
G1 X186.7 Y83.285 E.01856
G1 X176.715 Y73.3 E.46623
G1 X177.276 Y73.3 E.01852
G1 X186.7 Y82.724 E.44004
G1 X186.7 Y82.162 E.01856
G1 X177.838 Y73.3 E.4138
G1 X178.399 Y73.3 E.01852
G1 X186.7 Y81.601 E.3876
G1 X186.7 Y81.039 E.01856
G1 X178.961 Y73.3 E.36136
G1 X179.523 Y73.3 E.01856
G1 X186.7 Y80.477 E.33512
G1 X186.7 Y79.916 E.01852
G1 X180.084 Y73.3 E.30892
G1 X180.646 Y73.3 E.01856
G1 X186.7 Y79.354 E.28268
G1 X186.7 Y78.793 E.01852
G1 X181.207 Y73.3 E.25649
G1 X181.769 Y73.3 E.01856
G1 X186.7 Y78.231 E.23025
G1 X186.7 Y77.67 E.01852
G1 X182.33 Y73.3 E.20405
G1 X182.892 Y73.3 E.01856
G1 X186.7 Y77.108 E.17781
G1 X186.7 Y76.547 E.01852
G1 X183.453 Y73.3 E.15161
G1 X184.015 Y73.3 E.01856
G1 X186.7 Y75.985 E.12537
G1 X186.859 Y75.535 E.01576
;WIDTH:0.38292
G1 X186.84 Y75.606 E.00208
G1 X186.911 Y75.587 E.00208
G1 X186.9 Y75.546 E.0012
;WIDTH:0.41146
G1 X186.8 Y75.485 E.00359
;WIDTH:0.439999
G1 X186.7 Y75.423 E.00388
G1 X184.577 Y73.3 E.09913
G1 X184.515 Y73.2 E.00388
;WIDTH:0.41146
G1 X184.454 Y73.1 E.00359
;WIDTH:0.38292
G1 X184.465 Y73.141 E.0012
G1 X184.394 Y73.16 E.00208
G1 X184.413 Y73.089 E.00208
;WIDTH:0.439999
G1 X185.138 Y73.3 E.02493
G1 X186.7 Y73.3 E.05157
G1 X186.7 Y74.862 E.05157
G1 X185.279 Y73.44 E.06637
G1 X186.226 Y73.695 F9000
;WIDTH:0.560814
G1 F7200
G1 X186.18 Y73.741 E.0028
G1 X186.197 Y73.803 E.00277
G1 X186.259 Y73.82 E.00277
G1 X186.305 Y73.774 E.0028
G1 X186.288 Y73.712 E.00277
;LAYER_CHANGE
;Z:4.8
;HEIGHT:0.2
;BEFORE_LAYER_CHANGE
G92 E0
;4.8


G1 E-3.5 F3600
;WIPE_START
G1 F7200
G1 X186.305 Y73.774 E-.03054
G1 X186.259 Y73.82 E-.0309
G1 X186.197 Y73.803 E-.03054
G1 X186.18 Y73.741 E-.03054
G1 X186.226 Y73.695 E-.0309
;WIPE_END
G1 E-1.34658 F3600
G1 Z4.8 F9000
;AFTER_LAYER_CHANGE
;4.8
G1 X168.702 Y91.3
G1 E5 F2400
;TYPE:Perimeter
;WIDTH:0.439999
G1 F7200
G1 X168.871 Y91.505 E.00877
G1 X168.977 Y91.799 E.01032
G1 X168.994 Y92.845 E.03454
G1 X168.994 Y159.768 E2.20961
G1 X168.925 Y160.127 E.01207
G1 X168.773 Y160.386 E.00992
G1 X168.517 Y160.605 E.01112
G1 X168.219 Y160.72 E.01055
G1 X167.84 Y160.723 E.01251
G1 X167.527 Y160.605 E.01104
G1 X167.334 Y160.455 E.00807
G1 X99.545 Y92.666 E3.1653
G1 X99.354 Y92.395 E.01095
G1 X99.265 Y92.08 E.01081
G1 X99.268 Y91.851 E.00756
G1 X99.394 Y91.485 E.01278
G1 X99.603 Y91.237 E.01071
G1 X99.905 Y91.063 E.01151
G1 X100.232 Y91.006 E.01096
G1 X168.021 Y91.006 E2.23821
G1 X168.333 Y91.057 E.01044
G1 X168.647 Y91.234 E.0119
G1 X168.663 Y91.254 E.00085
G1 X168.418 Y91.581 F9000
G1 F7200
G1 X168.485 Y91.637 E.00288
G1 X168.587 Y91.872 E.00846
G1 X168.597 Y92.845 E.03213
G1 X168.597 Y159.768 E2.20961
G1 X168.533 Y160.031 E.00894
G1 X168.334 Y160.251 E.00979
G1 X168.093 Y160.339 E.00847
G1 X167.814 Y160.305 E.00928
G1 X167.614 Y160.175 E.00788
G1 X99.825 Y92.386 E3.1653
G1 X99.679 Y92.136 E.00956
G1 X99.662 Y91.903 E.00771
G1 X99.74 Y91.681 E.00777
G1 X99.947 Y91.479 E.00955
G1 X100.232 Y91.403 E.00974
G1 X168.021 Y91.403 E2.23821
G1 X168.274 Y91.461 E.00857
G1 X168.372 Y91.543 E.00422
G1 X168.148 Y91.844 F9000
;TYPE:External perimeter
;WIDTH:0.419999
G1 F3600
G1 X168.158 Y91.848 E.00034
G1 X168.21 Y91.979 E.00442
G1 X168.21 Y159.768 E2.12547
G1 X168.148 Y159.907 E.00477
G1 X167.996 Y159.954 E.00499
G1 X167.888 Y159.901 E.00377
G1 X100.099 Y92.112 E3.00587
G1 X100.046 Y91.954 E.00523
G1 X100.123 Y91.825 E.00471
G1 X100.232 Y91.79 E.00359
G1 X168.021 Y91.79 E2.12547
G1 X168.093 Y91.821 E.00246
G1 E-3.5
;WIPE_START
G1 F7200
G1 X168.148 Y91.844 E-.02832
G1 X168.158 Y91.848 E-.00512
G1 X168.21 Y91.979 E-.06695
G1 X168.21 Y94.926 E-1.39961
;WIPE_END
G1 X90.474 Y82.856 F9000
G1 E5 F2400
;TYPE:Perimeter
;WIDTH:0.439999
G1 F3600
G1 X90.447 Y82.994 E.00464
G1 X89.824 Y84.191 E.04455
G1 X89.603 Y84.471 E.01178
G1 X88.999 Y84.896 E.02438
G1 X88.482 Y85.252 E.02073
G1 X88.167 Y85.395 E.01142
G1 X88.047 Y85.417 E.00403
G1 X86.801 Y85.569 E.04144
G1 X86.434 Y85.543 E.01215
G1 X85.166 Y85.067 E.04472
G1 X84.849 Y84.871 E.01231
G1 X83.95 Y83.864 E.04457
G1 X83.771 Y83.568 E.01142
G1 X83.433 Y82.233 E.04547
G1 X83.412 Y81.882 E.01161
G1 X83.734 Y80.549 E.04528
G1 X83.87 Y80.24 E.01115
G1 X83.95 Y80.136 E.00433
G1 X84.782 Y79.197 E.04142
G1 X85.017 Y79.004 E.01004
G1 X86.339 Y78.488 E.04686
G1 X86.684 Y78.424 E.01159
G1 X88.047 Y78.583 E.04531
G1 X88.28 Y78.641 E.00793
G1 X88.482 Y78.748 E.00755
G1 X89.515 Y79.461 E.04144
G1 X89.747 Y79.686 E.01067
G1 X89.824 Y79.809 E.00479
G1 X90.407 Y80.92 E.04143
G1 X90.515 Y81.293 E.01282
G1 X90.519 Y82.628 E.04408
G1 X90.485 Y82.797 E.00569
G1 X90.089 Y82.761 F9000
G1 F3600
G1 X90.056 Y82.895 E.00456
G1 X89.472 Y84.006 E.04144
G1 X89.29 Y84.213 E.0091
G1 X88.257 Y84.925 E.04142
G1 X87.999 Y85.023 E.00911
G1 X86.753 Y85.174 E.04144
G1 X86.48 Y85.141 E.00908
G1 X85.306 Y84.696 E.04145
G1 X85.08 Y84.54 E.00907
G1 X84.247 Y83.6 E.04147
G1 X84.119 Y83.356 E.0091
G1 X83.819 Y82.138 E.04142
G1 X83.819 Y81.862 E.00911
G1 X84.119 Y80.644 E.04142
G1 X84.247 Y80.4 E.0091
G1 X85.08 Y79.46 E.04147
G1 X85.306 Y79.304 E.00907
G1 X86.48 Y78.859 E.04145
G1 X86.753 Y78.826 E.00908
G1 X87.999 Y78.977 E.04144
G1 X88.257 Y79.075 E.00911
G1 X89.29 Y79.787 E.04142
G1 X89.472 Y79.994 E.0091
G1 X90.056 Y81.105 E.04144
G1 X90.122 Y81.372 E.00908
G1 X90.122 Y82.628 E.04147
G1 X90.103 Y82.703 E.00255
G1 X89.713 Y82.67 F9000
;TYPE:External perimeter
;WIDTH:0.419999
G1 F3600
G1 X89.13 Y83.826 E.04059
G1 X88.553 Y84.25 E.02245
G1 X88.037 Y84.607 E.01967
G1 X87.953 Y84.639 E.00282
G1 X86.707 Y84.79 E.03935
G1 X86.617 Y84.779 E.00284
G1 X85.444 Y84.334 E.03934
G1 X85.095 Y83.974 E.01572
G1 X84.537 Y83.344 E.02639
G1 X84.495 Y83.264 E.00283
G1 X84.195 Y82.045 E.03936
G1 X84.195 Y81.955 E.00282
G1 X84.495 Y80.736 E.03936
G1 X84.537 Y80.656 E.00283
G1 X85.369 Y79.717 E.03934
G1 X85.444 Y79.666 E.00284
G1 X86.617 Y79.221 E.03934
G1 X86.707 Y79.21 E.00284
G1 X87.953 Y79.361 E.03935
G1 X88.037 Y79.393 E.00282
G1 X89.07 Y80.106 E.03935
G1 X89.13 Y80.174 E.00284
G1 X89.713 Y81.285 E.03934
G1 X89.734 Y82.615 E.04171
G1 E-3.5
;WIPE_START
G1 F7200
G1 X89.713 Y82.67 E-.02796
G1 X89.13 Y83.826 E-.61498
G1 X88.553 Y84.25 E-.34012
G1 X88.037 Y84.607 E-.29804
G1 X87.953 Y84.639 E-.0427
G1 X87.585 Y84.684 E-.1762
;WIPE_END
G1 X174.423 Y82 F9000
G1 E5 F2400
;TYPE:Perimeter
;WIDTH:0.439999
G1 F3600
G1 X174.433 Y81.767 E.0077
G1 X174.734 Y80.549 E.04142
G1 X174.87 Y80.24 E.01115
G1 X174.95 Y80.136 E.00433
G1 X175.782 Y79.197 E.04142
G1 X176.017 Y79.004 E.01004
G1 X176.166 Y78.933 E.00545
G1 X177.339 Y78.488 E.04142
G1 X177.684 Y78.424 E.01159
G1 X179.047 Y78.583 E.04531
G1 X179.28 Y78.641 E.00793
G1 X179.482 Y78.748 E.00755
G1 X180.515 Y79.461 E.04144
G1 X180.734 Y79.668 E.00995
G1 X180.824 Y79.809 E.00552
G1 X181.407 Y80.92 E.04143
G1 X181.49 Y81.136 E.00764
G1 X181.519 Y81.372 E.00785
G1 X181.519 Y82.628 E.04147
G1 X181.49 Y82.864 E.00785
G1 X181.407 Y83.08 E.00764
G1 X180.824 Y84.191 E.04143
G1 X180.629 Y84.447 E.01063
G1 X179.482 Y85.252 E.04627
G1 X179.148 Y85.4 E.01206
G1 X179.047 Y85.417 E.00338
G1 X177.801 Y85.569 E.04144
G1 X177.427 Y85.541 E.01238
G1 X176.166 Y85.067 E.04448
G1 X175.855 Y84.877 E.01203
G1 X174.95 Y83.864 E.04485
G1 X174.763 Y83.547 E.01215
G1 X174.417 Y82.15 E.04752
G1 X174.421 Y82.06 E.00297
G1 X174.819 Y82 F9000
G1 F3600
G1 X174.819 Y81.862 E.00456
G1 X175.119 Y80.644 E.04142
G1 X175.247 Y80.4 E.0091
G1 X176.08 Y79.46 E.04147
G1 X176.306 Y79.304 E.00907
G1 X177.48 Y78.859 E.04145
G1 X177.753 Y78.826 E.00908
G1 X178.999 Y78.977 E.04144
G1 X179.257 Y79.075 E.00911
G1 X180.29 Y79.787 E.04142
G1 X180.472 Y79.994 E.0091
G1 X181.056 Y81.105 E.04144
G1 X181.122 Y81.372 E.00908
G1 X181.122 Y82.628 E.04147
G1 X181.056 Y82.895 E.00908
G1 X180.472 Y84.006 E.04144
G1 X180.29 Y84.213 E.0091
G1 X179.257 Y84.925 E.04142
G1 X178.999 Y85.023 E.00911
G1 X177.753 Y85.174 E.04144
G1 X177.48 Y85.141 E.00908
G1 X176.306 Y84.696 E.04145
G1 X176.08 Y84.54 E.00907
G1 X175.247 Y83.6 E.04147
G1 X175.119 Y83.356 E.0091
G1 X174.819 Y82.138 E.04142
G1 X174.819 Y82.06 E.00258
G1 X175.189 Y82 F9000
;TYPE:External perimeter
;WIDTH:0.419999
G1 F3600
G1 X175.195 Y81.955 E.00142
G1 X175.495 Y80.736 E.03936
G1 X175.537 Y80.656 E.00283
G1 X176.369 Y79.717 E.03934
G1 X176.444 Y79.666 E.00284
G1 X177.617 Y79.221 E.03934
G1 X177.707 Y79.21 E.00284
G1 X178.953 Y79.361 E.03935
G1 X179.037 Y79.393 E.00282
G1 X180.07 Y80.106 E.03935
G1 X180.13 Y80.174 E.00284
G1 X180.713 Y81.285 E.03934
G1 X180.734 Y81.372 E.00281
G1 X180.734 Y82.628 E.03938
G1 X180.713 Y82.715 E.00281
G1 X180.13 Y83.826 E.03934
G1 X180.07 Y83.894 E.00284
G1 X179.037 Y84.607 E.03935
G1 X178.953 Y84.639 E.00282
G1 X177.707 Y84.79 E.03935
G1 X177.03 Y84.557 E.02245
G1 X176.444 Y84.334 E.01966
G1 X175.537 Y83.344 E.0421
G1 X175.305 Y82.493 E.02766
G1 X175.203 Y82.058 E.01401
G1 E-3.5
;WIPE_START
G1 F7200
G1 X175.189 Y82 E-.02834
G1 X175.195 Y81.955 E-.02156
G1 X175.495 Y80.736 E-.5963
G1 X175.537 Y80.656 E-.04292
G1 X176.369 Y79.717 E-.59592
G1 X176.444 Y79.666 E-.04308
G1 X176.782 Y79.538 E-.17188
;WIPE_END
G1 X177.854 Y143.526 F9000
G1 E5 F2400
;TYPE:Perimeter
;WIDTH:0.439999
G1 F3600
G1 X177.88 Y143.521 E.00087
G1 X178.242 Y143.525 E.01195
G1 X179.205 Y143.716 E.03241
G1 X179.555 Y143.861 E.01251
G1 X180.374 Y144.408 E.03252
G1 X180.642 Y144.676 E.01251
G1 X181.189 Y145.495 E.03252
G1 X181.334 Y145.845 E.01251
G1 X181.525 Y146.808 E.03241
G1 X181.544 Y146.998 E.0063
G1 X181.544 Y152.002 E.16522
G1 X181.334 Y153.155 E.0387
G1 X181.189 Y153.505 E.01251
G1 X180.642 Y154.324 E.03252
G1 X180.515 Y154.477 E.00657
G1 X179.555 Y155.139 E.0385
G1 X179.187 Y155.287 E.0131
G1 X178.12 Y155.479 E.0358
G1 X177.758 Y155.475 E.01195
G1 X176.795 Y155.284 E.03241
G1 X176.445 Y155.139 E.01251
G1 X175.626 Y154.592 E.03252
G1 X175.358 Y154.324 E.01251
G1 X174.811 Y153.505 E.03252
G1 X174.666 Y153.155 E.01251
G1 X174.475 Y152.192 E.03241
G1 X174.456 Y152.002 E.0063
G1 X174.456 Y146.998 E.16522
G1 X174.666 Y145.845 E.0387
G1 X174.811 Y145.495 E.01251
G1 X175.358 Y144.676 E.03252
G1 X175.626 Y144.408 E.01251
G1 X176.445 Y143.861 E.03252
G1 X176.813 Y143.713 E.0131
G1 X177.795 Y143.536 E.03295
G1 X177.893 Y143.922 F9000
G1 F3600
G1 X177.95 Y143.912 E.00191
G1 X178.164 Y143.914 E.00707
G1 X179.127 Y144.106 E.03242
G1 X179.335 Y144.191 E.00742
G1 X180.153 Y144.738 E.03249
G1 X180.312 Y144.897 E.00742
G1 X180.859 Y145.715 E.03249
G1 X180.944 Y145.923 E.00742
G1 X181.147 Y146.998 E.03612
G1 X181.147 Y152.002 E.16522
G1 X180.944 Y153.077 E.03612
G1 X180.859 Y153.285 E.00742
G1 X180.237 Y154.194 E.03637
G1 X179.335 Y154.809 E.03605
G1 X179.117 Y154.896 E.00775
G1 X178.05 Y155.088 E.0358
G1 X177.836 Y155.086 E.00707
G1 X176.873 Y154.894 E.03242
G1 X176.665 Y154.809 E.00742
G1 X175.847 Y154.262 E.03249
G1 X175.688 Y154.103 E.00742
G1 X175.141 Y153.285 E.03249
G1 X175.056 Y153.077 E.00742
G1 X174.853 Y152.002 E.03612
G1 X174.853 Y146.998 E.16522
G1 X175.056 Y145.923 E.03612
G1 X175.141 Y145.715 E.00742
G1 X175.688 Y144.897 E.03249
G1 X175.847 Y144.738 E.00742
G1 X176.665 Y144.191 E.03249
G1 X176.883 Y144.104 E.00775
G1 X177.834 Y143.933 E.0319
G1 X177.931 Y144.309 F9000
;TYPE:External perimeter
;WIDTH:0.419999
G1 F3600
G1 X178.019 Y144.293 E.0028
G1 X179.052 Y144.485 E.03294
G1 X179.938 Y145.06 E.03312
G1 X180.537 Y145.93 E.03312
G1 X180.76 Y146.998 E.03421
G1 X180.76 Y152.002 E.1569
G1 X180.565 Y153.002 E.03194
G1 X179.965 Y153.918 E.03433
G1 X179.12 Y154.487 E.03194
G1 X178.226 Y154.663 E.02857
G1 X177.911 Y154.706 E.00997
G1 X176.948 Y154.515 E.03078
G1 X176.062 Y153.94 E.03312
G1 X175.463 Y153.07 E.03312
G1 X175.24 Y152.002 E.03421
G1 X175.24 Y146.998 E.1569
G1 X175.435 Y145.998 E.03194
G1 X176.01 Y145.112 E.03312
G1 X176.88 Y144.513 E.03312
G1 X176.952 Y144.485 E.00242
G1 X177.872 Y144.319 E.02931
G1 E-3.5
;WIPE_START
G1 F7200
G1 X177.931 Y144.309 E-.02842
G1 X178.019 Y144.293 E-.04249
G1 X179.052 Y144.485 E-.49908
G1 X179.938 Y145.06 E-.50171
G1 X180.449 Y145.803 E-.4283
;WIPE_END
G1 X177.855 Y168.54 F9000
G1 E5 F2400
;TYPE:Perimeter
;WIDTH:0.439999
G1 F3600
G1 X178.13 Y168.509 E.00914
G1 X178.895 Y168.654 E.02571
G1 X179.435 Y168.793 E.01841
G1 X180.374 Y169.408 E.03706
G1 X180.642 Y169.676 E.01251
G1 X181.189 Y170.495 E.03252
G1 X181.334 Y170.845 E.01251
G1 X181.525 Y171.808 E.03241
G1 X181.544 Y171.998 E.0063
G1 X181.544 Y177.002 E.16522
G1 X181.334 Y178.155 E.0387
G1 X181.189 Y178.505 E.01251
G1 X180.642 Y179.324 E.03252
G1 X180.374 Y179.592 E.01251
G1 X179.555 Y180.139 E.03252
G1 X179.187 Y180.287 E.0131
G1 X178.116 Y180.48 E.03593
G1 X177.758 Y180.475 E.01182
G1 X176.795 Y180.284 E.03241
G1 X176.445 Y180.139 E.01251
G1 X175.626 Y179.592 E.03252
G1 X175.358 Y179.324 E.01251
G1 X174.811 Y178.505 E.03252
G1 X174.666 Y178.155 E.01251
G1 X174.475 Y177.192 E.03241
G1 X174.456 Y177.002 E.0063
G1 X174.456 Y171.998 E.16522
G1 X174.666 Y170.845 E.0387
G1 X174.811 Y170.495 E.01251
G1 X175.358 Y169.676 E.03252
G1 X175.626 Y169.408 E.01251
G1 X176.445 Y168.861 E.03252
G1 X176.801 Y168.715 E.0127
G1 X177.635 Y168.565 E.02798
G1 X177.796 Y168.547 E.00535
G1 X177.893 Y168.922 F9000
G1 F3600
G1 X177.95 Y168.912 E.00191
G1 X178.164 Y168.914 E.00707
G1 X179.127 Y169.106 E.03242
G1 X179.335 Y169.191 E.00742
G1 X180.153 Y169.738 E.03249
G1 X180.312 Y169.897 E.00742
G1 X180.859 Y170.715 E.03249
G1 X180.944 Y170.923 E.00742
G1 X181.136 Y171.886 E.03242
G1 X181.147 Y177.002 E.16892
G1 X180.944 Y178.077 E.03612
G1 X180.859 Y178.285 E.00742
G1 X180.312 Y179.103 E.03249
G1 X180.153 Y179.262 E.00742
G1 X179.335 Y179.809 E.03249
G1 X179.117 Y179.896 E.00775
G1 X178.047 Y180.088 E.03589
G1 X177.836 Y180.086 E.00697
G1 X176.873 Y179.894 E.03242
G1 X176.665 Y179.809 E.00742
G1 X175.847 Y179.262 E.03249
G1 X175.688 Y179.103 E.00742
G1 X175.141 Y178.285 E.03249
G1 X175.056 Y178.077 E.00742
G1 X174.853 Y177.002 E.03612
G1 X174.853 Y171.998 E.16522
G1 X175.056 Y170.923 E.03612
G1 X175.141 Y170.715 E.00742
G1 X175.688 Y169.897 E.03249
G1 X175.847 Y169.738 E.00742
G1 X176.665 Y169.191 E.03249
G1 X176.883 Y169.104 E.00775
G1 X177.834 Y168.933 E.0319
G1 X177.932 Y169.315 F9000
;TYPE:External perimeter
;WIDTH:0.419999
G1 F3600
G1 X178.089 Y169.294 E.00497
G1 X179.052 Y169.485 E.03078
G1 X179.938 Y170.06 E.03312
G1 X180.537 Y170.93 E.03312
G1 X180.756 Y171.961 E.03305
G1 X180.76 Y177.002 E.15806
G1 X180.565 Y178.002 E.03194
G1 X179.99 Y178.888 E.03312
G1 X179.12 Y179.487 E.03312
G1 X179.048 Y179.515 E.00242
G1 X177.98 Y179.707 E.03402
G1 X176.948 Y179.515 E.03291
G1 X176.062 Y178.94 E.03312
G1 X175.649 Y178.347 E.02266
G1 X175.435 Y178.002 E.01273
G1 X175.24 Y177.002 E.03194
G1 X175.24 Y171.998 E.1569
G1 X175.435 Y170.998 E.03194
G1 X176.01 Y170.112 E.03312
G1 X176.88 Y169.513 E.03312
G1 X177.774 Y169.337 E.02857
G1 X177.872 Y169.323 E.0031
G1 E-3.5
;WIPE_START
G1 F7200
G1 X177.932 Y169.315 E-.02875
G1 X178.089 Y169.294 E-.07524
G1 X179.052 Y169.485 E-.46634
G1 X179.938 Y170.06 E-.50171
G1 X180.449 Y170.802 E-.42796
;WIPE_END
G1 X168.412 Y187.006 F9000
G1 E5 F2400
;TYPE:Perimeter
;WIDTH:0.439999
G1 F7200
G1 X72.994 Y91.588 E4.4554
G1 X72.994 Y72.994 E.61392
G1 X187.006 Y72.994 E3.76436
G1 X187.006 Y76.784 E.12514
G1 X187.006 Y187.006 E3.63923
G1 X168.472 Y187.006 E.61194
G1 X168.247 Y187.403 F9000
G1 F7200
G1 X72.597 Y91.753 E4.46623
G1 X72.597 Y72.597 E.63248
G1 X187.403 Y72.597 E3.79058
G1 X187.403 Y76.784 E.13824
G1 X187.403 Y187.403 E3.65234
G1 X168.307 Y187.403 E.6305
G1 X168.087 Y187.79 F9000
;TYPE:External perimeter
;WIDTH:0.419999
G1 F3600
G1 X72.21 Y91.913 E4.25134
G1 X72.21 Y72.21 E.61777
G1 X187.79 Y72.21 E3.62392
G1 X187.79 Y76.784 E.14341
G1 X187.79 Y187.79 E3.48051
G1 X168.147 Y187.79 E.61589
G1 E-3.5
;WIPE_START
G1 F7200
G1 X168.087 Y187.79 E-.0285
G1 X165.896 Y185.599 E-1.4715
;WIPE_END
G1 X73.408 Y73.332 F9000
G1 E5 F2400
;TYPE:Solid infill
;WIDTH:0.53634
G1 F7200
G1 X73.364 Y73.289 E.00252
G1 X73.304 Y73.304 E.00254
G1 X73.289 Y73.364 E.00254
G1 X73.332 Y73.408 E.00252
G1 X73.392 Y73.392 E.00255
;WIDTH:0.439999
G1 X73.3 Y74.026 E.02115
G1 X74.026 Y73.3 E.0339
G1 X74.587 Y73.3 E.01852
G1 X73.3 Y74.587 E.06009
G1 X73.3 Y75.149 E.01856
G1 X75.149 Y73.3 E.08634
G1 X75.711 Y73.3 E.01856
G1 X73.3 Y75.711 E.11258
G1 X73.3 Y76.272 E.01852
G1 X76.272 Y73.3 E.13877
G1 X76.834 Y73.3 E.01856
G1 X73.3 Y76.834 E.16501
G1 X73.3 Y77.395 E.01852
G1 X77.395 Y73.3 E.19121
G1 X77.957 Y73.3 E.01856
G1 X73.3 Y77.957 E.21745
G1 X73.3 Y78.518 E.01852
G1 X78.518 Y73.3 E.24365
G1 X79.08 Y73.3 E.01856
G1 X73.3 Y79.08 E.26989
G1 X73.3 Y79.641 E.01852
G1 X79.641 Y73.3 E.29608
G1 X80.203 Y73.3 E.01856
G1 X73.3 Y80.203 E.32232
G1 X73.3 Y80.765 E.01856
G1 X80.765 Y73.3 E.34857
G1 X81.326 Y73.3 E.01852
G1 X73.3 Y81.326 E.37476
G1 X73.3 Y81.888 E.01856
G1 X81.888 Y73.3 E.401
G1 X82.449 Y73.3 E.01852
G1 X73.3 Y82.449 E.4272
G1 X73.3 Y83.011 E.01856
G1 X83.011 Y73.3 E.45344
G1 X83.572 Y73.3 E.01852
G1 X73.3 Y83.572 E.47964
G1 X73.3 Y84.134 E.01856
G1 X84.134 Y73.3 E.50588
G1 X84.695 Y73.3 E.01852
G1 X73.3 Y84.695 E.53207
G1 X73.3 Y85.257 E.01856
G1 X85.257 Y73.3 E.55831
G1 X85.819 Y73.3 E.01856
G1 X73.3 Y85.819 E.58456
G1 X73.3 Y86.38 E.01852
G1 X86.38 Y73.3 E.61075
G1 X86.942 Y73.3 E.01856
G1 X73.3 Y86.942 E.63699
G1 X73.3 Y87.503 E.01852
G1 X87.503 Y73.3 E.66319
G1 X88.065 Y73.3 E.01856
G1 X73.3 Y88.065 E.68943
G1 X73.3 Y88.626 E.01852
G1 X88.626 Y73.3 E.71562
G1 X89.188 Y73.3 E.01856
G1 X73.3 Y89.188 E.74187
G1 X73.214 Y90.06 F9000
;WIDTH:0.38292
G1 F7200
G1 X73.173 Y90.071 E.0012
G1 X73.154 Y90 E.00208
G1 X73.225 Y90.019 E.00208
;WIDTH:0.41146
G1 X73.262 Y89.884 E.00429
;WIDTH:0.439999
G1 X73.3 Y89.749 E.00463
G1 X89.749 Y73.3 E.76806
G1 X90.311 Y73.3 E.01856
G1 X84.88 Y78.731 E.25359
G1 X84.599 Y78.991 E.01264
;WIDTH:0.422432
G1 X84.332 Y79.267 E.01212
;WIDTH:0.439999
G1 X73.3 Y90.311 E.5154
G1 X73.3 Y90.873 E.01856
G1 X83.353 Y80.82 E.46941
G1 X83.447 Y80.694 E.00519
;WIDTH:0.41146
G1 X83.541 Y80.569 E.00479
;WIDTH:0.38292
G1 X83.5 Y80.58 E.0012
G1 X83.481 Y80.509 E.00208
G1 X83.552 Y80.528 E.00208
G1 X83.4 Y81.419 F9000
G1 F7200
G1 X83.329 Y81.4 E.00208
G1 X83.348 Y81.471 E.00208
G1 X83.389 Y81.46 E.0012
;WIDTH:0.41146
G1 X83.28 Y81.511 E.00369
;WIDTH:0.439999
G1 X83.171 Y81.563 E.00399
G1 X73.3 Y91.434 E.46091
G1 X73.567 Y91.729 E.01314
G1 X83.12 Y82.176 E.44606
G1 X83.219 Y82.639 E.01563
G1 X73.848 Y92.009 E.43754
G1 X74.129 Y92.29 E.01312
G1 X83.33 Y83.089 E.42963
G1 X83.442 Y83.539 E.01531
G1 X74.409 Y92.571 E.42176
G1 X74.69 Y92.852 E.01312
G1 X83.62 Y83.922 E.41697
G1 X83.87 Y84.234 E.0132
G1 X74.971 Y93.133 E.41552
G1 X75.252 Y93.413 E.0131
G1 X84.133 Y84.531 E.41471
G1 X84.397 Y84.829 E.01314
G1 X75.532 Y93.694 E.41394
G1 X75.813 Y93.975 E.01312
G1 X84.674 Y85.114 E.41375
G1 X85.017 Y85.333 E.01344
G1 X76.094 Y94.256 E.41665
G1 X76.375 Y94.536 E.0131
G1 X85.42 Y85.491 E.42234
G1 X85.827 Y85.645 E.01437
G1 X76.656 Y94.817 E.42825
G1 X76.936 Y95.098 E.0131
G1 X86.234 Y85.8 E.43416
G1 X86.725 Y85.871 E.01638
G1 X77.217 Y95.379 E.44396
G1 X77.498 Y95.66 E.01312
G1 X87.348 Y85.809 E.45995
G1 X87.989 Y85.73 E.02132
G1 X77.779 Y95.94 E.47674
G1 X78.059 Y96.221 E.0131
G1 X89.055 Y85.226 E.51342
G1 E-3.5 F3600
;WIPE_START
G1 F7200
G1 X86.822 Y87.459 E-1.5
;WIPE_END
G1 X85.561 Y78.572 F9000
G1 E5 F2400
;WIDTH:0.38292
G1 F7200
G1 X85.52 Y78.583 E.0012
G1 X85.501 Y78.512 E.00208
G1 X85.572 Y78.531 E.00208
;WIDTH:0.41146
G1 X85.692 Y78.446 E.00451
;WIDTH:0.439999
G1 X85.812 Y78.36 E.00487
G1 X90.873 Y73.3 E.23629
G1 X91.434 Y73.3 E.01852
G1 X86.607 Y78.127 E.22539
G1 X86.488 Y78.2 E.00461
;WIDTH:0.41146
G1 X86.37 Y78.273 E.00425
;WIDTH:0.38292
G1 X86.299 Y78.254 E.00208
G1 X86.318 Y78.325 E.00208
G1 X86.359 Y78.314 E.0012
;WIDTH:0.439999
G1 X87.132 Y78.164 E.026
G1 X91.996 Y73.3 E.22712
G1 X92.557 Y73.3 E.01852
G1 X87.633 Y78.224 E.22992
G1 X88.129 Y78.29 E.01652
G1 X93.119 Y73.3 E.233
G1 X93.68 Y73.3 E.01852
G1 X88.544 Y78.436 E.23982
G1 X88.887 Y78.655 E.01344
G1 X94.242 Y73.3 E.25004
G1 X94.803 Y73.3 E.01852
G1 X89.219 Y78.885 E.26076
G1 X89.551 Y79.114 E.01332
G1 X95.365 Y73.3 E.27148
G1 X95.927 Y73.3 E.01856
G1 X89.868 Y79.359 E.28292
G1 X90.104 Y79.684 E.01326
G1 X96.488 Y73.3 E.29809
G1 X97.05 Y73.3 E.01856
G1 X90.297 Y80.053 E.31532
G1 X90.49 Y80.421 E.01372
G1 X97.611 Y73.3 E.3325
G1 X98.173 Y73.3 E.01856
G1 X90.683 Y80.79 E.34973
G1 X90.812 Y81.222 E.01489
G1 X98.734 Y73.3 E.36991
G1 X99.296 Y73.3 E.01856
G1 X90.824 Y81.771 E.39556
G1 X90.824 Y82.333 E.01856
G1 X99.857 Y73.3 E.42178
G1 X100.419 Y73.3 E.01856
G1 X90.782 Y82.937 E.44998
G1 X90.712 Y83.072 E.00502
;WIDTH:0.41146
G1 X90.642 Y83.207 E.00466
;WIDTH:0.38292
G1 X90.571 Y83.188 E.00208
G1 X90.59 Y83.259 E.00208
G1 X90.631 Y83.248 E.0012
G1 E-3.5 F3600
;WIPE_START
G1 F7200
G1 X90.59 Y83.259 E-.02016
G1 X90.571 Y83.188 E-.03491
G1 X90.642 Y83.207 E-.03491
G1 X90.712 Y83.072 E-.07223
G1 X90.782 Y82.937 E-.07223
G1 X92.666 Y81.053 E-1.26556
;WIPE_END
G1 X89.336 Y84.992 F9000
G1 E5 F2400
G1 F7200
G1 X89.984 Y84.388 E.02504
G1 X90.047 Y84.308 E.00288
;WIDTH:0.41146
G1 X90.15 Y84.167 E.00535
;WIDTH:0.439999
G1 X90.254 Y84.027 E.00576
G1 X100.981 Y73.3 E.50088
G1 X101.542 Y73.3 E.01852
G1 X78.34 Y96.502 E1.08338
G1 X78.621 Y96.783 E.01312
G1 X102.104 Y73.3 E1.0965
G1 X102.665 Y73.3 E.01852
G1 X78.902 Y97.063 E1.10958
G1 X79.183 Y97.344 E.01312
G1 X103.227 Y73.3 E1.1227
G1 X103.788 Y73.3 E.01852
G1 X79.463 Y97.625 E1.13582
G1 X79.744 Y97.906 E.01312
G1 X104.35 Y73.3 E1.14894
G1 X104.911 Y73.3 E.01852
G1 X80.025 Y98.186 E1.16201
G1 X80.306 Y98.467 E.01312
G1 X105.473 Y73.3 E1.17513
G1 X106.035 Y73.3 E.01856
G1 X80.586 Y98.748 E1.18828
G1 X80.867 Y99.029 E.01312
G1 X106.596 Y73.3 E1.20138
G1 X107.158 Y73.3 E.01856
G1 X81.148 Y99.31 E1.2145
G1 X81.429 Y99.59 E.0131
G1 X107.719 Y73.3 E1.22757
G1 X108.281 Y73.3 E.01856
G1 X81.71 Y99.871 E1.24069
G1 X81.99 Y100.152 E.0131
G1 X108.842 Y73.3 E1.25381
G1 X109.404 Y73.3 E.01856
G1 X82.271 Y100.433 E1.26693
G1 X82.552 Y100.713 E.0131
G1 X109.965 Y73.3 E1.28001
G1 X110.527 Y73.3 E.01856
G1 X82.833 Y100.994 E1.29313
G1 X83.113 Y101.275 E.0131
G1 X111.089 Y73.3 E1.30627
G1 X111.65 Y73.3 E.01852
G1 X83.394 Y101.556 E1.31937
G1 X83.675 Y101.837 E.01312
G1 X112.212 Y73.3 E1.33249
G1 X112.773 Y73.3 E.01852
G1 X83.956 Y102.117 E1.34557
G1 X84.237 Y102.398 E.01312
G1 X113.335 Y73.3 E1.35869
G1 X113.896 Y73.3 E.01852
G1 X84.517 Y102.679 E1.37181
G1 X84.798 Y102.96 E.01312
G1 X114.458 Y73.3 E1.38493
G1 X115.019 Y73.3 E.01852
G1 X85.079 Y103.24 E1.398
G1 X85.36 Y103.521 E.01312
G1 X115.581 Y73.3 E1.41112
G1 X116.143 Y73.3 E.01856
G1 X85.64 Y103.802 E1.42427
G1 X85.921 Y104.083 E.01312
G1 X116.704 Y73.3 E1.43736
G1 X117.266 Y73.3 E.01856
G1 X99.774 Y90.791 E.81674
G1 X99.494 Y91.01 E.01174
;WIDTH:0.38292
G1 X99.262 Y91.243 E.0093
;WIDTH:0.41146
G1 X99.152 Y91.383 E.00546
;WIDTH:0.439999
G1 X99.042 Y91.524 E.0059
G1 X86.202 Y104.364 E.59954
G1 X86.483 Y104.644 E.0131
G1 X98.972 Y92.155 E.58315
G1 X99.108 Y92.58 E.01473
G1 X86.764 Y104.925 E.57641
G1 X87.044 Y105.206 E.0131
G1 X99.348 Y92.902 E.57452
G1 X99.629 Y93.183 E.01312
G1 X87.325 Y105.487 E.57452
G1 X87.606 Y105.767 E.0131
G1 X99.91 Y93.464 E.57449
G1 X100.19 Y93.744 E.01307
G1 X87.887 Y106.048 E.57449
G1 X88.167 Y106.329 E.0131
G1 X100.471 Y94.025 E.57452
G1 X100.752 Y94.306 E.01312
G1 X88.448 Y106.61 E.57452
G1 X88.729 Y106.891 E.01312
G1 X101.033 Y94.587 E.57452
G1 X101.314 Y94.868 E.01312
G1 X89.01 Y107.171 E.57449
G1 X89.29 Y107.452 E.0131
G1 X101.594 Y95.148 E.57452
G1 X101.875 Y95.429 E.01312
G1 X89.571 Y107.733 E.57452
G1 X89.852 Y108.014 E.01312
G1 X102.156 Y95.71 E.57452
G1 X102.437 Y95.991 E.01312
G1 X90.133 Y108.294 E.57449
G1 X90.414 Y108.575 E.01312
G1 X102.717 Y96.271 E.57449
G1 X102.998 Y96.552 E.01312
G1 X90.694 Y108.856 E.57452
G1 X90.975 Y109.137 E.01312
G1 X103.279 Y96.833 E.57452
G1 X103.56 Y97.114 E.01312
G1 X91.256 Y109.418 E.57452
G1 X91.537 Y109.698 E.0131
G1 X103.841 Y97.395 E.57449
G1 X104.121 Y97.675 E.01307
G1 X91.817 Y109.979 E.57452
G1 X92.098 Y110.26 E.01312
G1 X104.402 Y97.956 E.57452
G1 X104.683 Y98.237 E.01312
G1 X92.379 Y110.541 E.57452
G1 X92.66 Y110.821 E.0131
G1 X104.964 Y98.518 E.57449
G1 X105.244 Y98.798 E.01307
G1 X92.941 Y111.102 E.57449
G1 X93.221 Y111.383 E.0131
G1 X105.525 Y99.079 E.57452
G1 X105.806 Y99.36 E.01312
G1 X93.502 Y111.664 E.57452
G1 X93.783 Y111.945 E.01312
G1 X106.087 Y99.641 E.57452
G1 X106.367 Y99.922 E.0131
G1 X94.064 Y112.225 E.57447
G1 X94.344 Y112.506 E.0131
G1 X106.648 Y100.202 E.57452
G1 X106.929 Y100.483 E.01312
G1 X94.625 Y112.787 E.57452
G1 X94.906 Y113.068 E.01312
G1 X107.21 Y100.764 E.57452
G1 X107.491 Y101.045 E.01312
G1 X95.187 Y113.348 E.57449
G1 X95.468 Y113.629 E.01312
G1 X107.771 Y101.325 E.57449
G1 X108.052 Y101.606 E.01312
G1 X95.748 Y113.91 E.57452
G1 X96.029 Y114.191 E.01312
G1 X108.333 Y101.887 E.57452
G1 X108.614 Y102.168 E.01312
G1 X96.31 Y114.472 E.57452
G1 X96.591 Y114.752 E.0131
G1 X108.894 Y102.449 E.57447
G1 X109.175 Y102.729 E.0131
G1 X96.871 Y115.033 E.57452
G1 X97.152 Y115.314 E.01312
G1 X109.456 Y103.01 E.57452
G1 X109.737 Y103.291 E.01312
G1 X97.433 Y115.595 E.57452
G1 X97.714 Y115.875 E.0131
G1 X110.018 Y103.572 E.57449
G1 X110.298 Y103.852 E.01307
G1 X97.995 Y116.156 E.57449
G1 X98.275 Y116.437 E.0131
G1 X110.579 Y104.133 E.57452
G1 X110.86 Y104.414 E.01312
G1 X98.556 Y116.718 E.57452
G1 X98.837 Y116.999 E.01312
G1 X111.141 Y104.695 E.57452
G1 X111.421 Y104.976 E.0131
G1 X99.118 Y117.279 E.57447
G1 X99.398 Y117.56 E.0131
G1 X111.702 Y105.256 E.57452
G1 X111.983 Y105.537 E.01312
G1 X99.679 Y117.841 E.57452
G1 X99.96 Y118.122 E.01312
G1 X112.264 Y105.818 E.57452
G1 X112.545 Y106.099 E.01312
G1 X100.241 Y118.402 E.57449
G1 X100.522 Y118.683 E.01312
G1 X112.825 Y106.379 E.57449
G1 X113.106 Y106.66 E.01312
G1 X100.802 Y118.964 E.57452
G1 X101.083 Y119.245 E.01312
G1 X113.387 Y106.941 E.57452
G1 X113.668 Y107.222 E.01312
G1 X101.364 Y119.526 E.57452
G1 X101.645 Y119.806 E.0131
G1 X113.948 Y107.503 E.57447
G1 X114.229 Y107.783 E.0131
G1 X101.925 Y120.087 E.57452
G1 X102.206 Y120.368 E.01312
G1 X114.51 Y108.064 E.57452
G1 X114.791 Y108.345 E.01312
G1 X102.487 Y120.649 E.57452
G1 X102.768 Y120.929 E.0131
G1 X115.072 Y108.626 E.57449
G1 X115.352 Y108.906 E.01307
G1 X103.049 Y121.21 E.57449
G1 X103.329 Y121.491 E.0131
G1 X115.633 Y109.187 E.57452
G1 X115.914 Y109.468 E.01312
G1 X103.61 Y121.772 E.57452
G1 X103.891 Y122.053 E.01312
G1 X116.195 Y109.749 E.57452
G1 X116.475 Y110.03 E.0131
G1 X104.172 Y122.333 E.57447
G1 X104.452 Y122.614 E.0131
G1 X116.756 Y110.31 E.57452
G1 X117.037 Y110.591 E.01312
G1 X104.733 Y122.895 E.57452
G1 X105.014 Y123.176 E.01312
G1 X117.318 Y110.872 E.57452
G1 X117.599 Y111.153 E.01312
G1 X105.295 Y123.456 E.57449
G1 X105.576 Y123.737 E.01312
G1 X117.879 Y111.433 E.57449
G1 X118.16 Y111.714 E.01312
G1 X105.856 Y124.018 E.57452
G1 X106.137 Y124.299 E.01312
G1 X118.441 Y111.995 E.57452
G1 X118.722 Y112.276 E.01312
G1 X106.418 Y124.58 E.57452
G1 X106.699 Y124.86 E.0131
G1 X119.002 Y112.557 E.57447
G1 X119.283 Y112.837 E.0131
G1 X106.979 Y125.141 E.57452
G1 X107.26 Y125.422 E.01312
G1 X119.564 Y113.118 E.57452
G1 X119.845 Y113.399 E.01312
G1 X107.541 Y125.703 E.57452
G1 X107.822 Y125.983 E.0131
G1 X120.126 Y113.68 E.57449
G1 X120.406 Y113.96 E.01307
G1 X108.103 Y126.264 E.57449
G1 X108.383 Y126.545 E.0131
G1 X120.687 Y114.241 E.57452
G1 X120.968 Y114.522 E.01312
G1 X108.664 Y126.826 E.57452
G1 X108.945 Y127.107 E.01312
G1 X121.249 Y114.803 E.57452
G1 X121.529 Y115.084 E.0131
G1 X109.226 Y127.387 E.57447
G1 X109.506 Y127.668 E.0131
G1 X121.81 Y115.364 E.57452
G1 X122.091 Y115.645 E.01312
G1 X109.787 Y127.949 E.57452
G1 X110.068 Y128.23 E.01312
G1 X122.372 Y115.926 E.57452
G1 X122.653 Y116.207 E.01312
G1 X110.349 Y128.51 E.57449
G1 X110.63 Y128.791 E.01312
G1 X122.933 Y116.487 E.57449
G1 X123.214 Y116.768 E.01312
G1 X110.91 Y129.072 E.57452
G1 X111.191 Y129.353 E.01312
G1 X123.495 Y117.049 E.57452
G1 X123.776 Y117.33 E.01312
G1 X111.472 Y129.634 E.57452
G1 X111.753 Y129.914 E.0131
G1 X124.056 Y117.611 E.57447
G1 X124.337 Y117.891 E.0131
G1 X112.033 Y130.195 E.57452
G1 X112.314 Y130.476 E.01312
G1 X124.618 Y118.172 E.57452
G1 X124.899 Y118.453 E.01312
G1 X112.595 Y130.757 E.57452
G1 X112.876 Y131.037 E.0131
G1 X125.18 Y118.734 E.57449
G1 X125.46 Y119.014 E.01307
G1 X113.157 Y131.318 E.57449
G1 X113.437 Y131.599 E.0131
G1 X125.741 Y119.295 E.57452
G1 X126.022 Y119.576 E.01312
G1 X113.718 Y131.88 E.57452
G1 X113.999 Y132.161 E.01312
G1 X126.303 Y119.857 E.57452
G1 X126.583 Y120.138 E.0131
G1 X114.28 Y132.441 E.57447
G1 X114.56 Y132.722 E.0131
G1 X126.864 Y120.418 E.57452
G1 X127.145 Y120.699 E.01312
G1 X114.841 Y133.003 E.57452
G1 X115.122 Y133.284 E.01312
G1 X127.426 Y120.98 E.57452
G1 X127.707 Y121.261 E.01312
G1 X115.403 Y133.564 E.57449
G1 X115.684 Y133.845 E.01312
G1 X127.987 Y121.541 E.57449
G1 X128.268 Y121.822 E.01312
G1 X115.964 Y134.126 E.57452
G1 X116.245 Y134.407 E.01312
G1 X128.549 Y122.103 E.57452
G1 X128.83 Y122.384 E.01312
G1 X116.526 Y134.688 E.57452
G1 X116.807 Y134.968 E.0131
G1 X129.11 Y122.665 E.57447
G1 X129.391 Y122.945 E.0131
G1 X117.087 Y135.249 E.57452
G1 X117.368 Y135.53 E.01312
G1 X129.672 Y123.226 E.57452
G1 X129.953 Y123.507 E.01312
G1 X117.649 Y135.811 E.57452
G1 X117.93 Y136.091 E.0131
G1 X130.234 Y123.788 E.57449
G1 X130.514 Y124.068 E.01307
G1 X118.211 Y136.372 E.57449
G1 X118.491 Y136.653 E.0131
G1 X130.795 Y124.349 E.57452
G1 X131.076 Y124.63 E.01312
G1 X118.772 Y136.934 E.57452
G1 X119.053 Y137.215 E.01312
G1 X131.357 Y124.911 E.57452
G1 X131.637 Y125.192 E.0131
G1 X119.334 Y137.495 E.57447
G1 X119.614 Y137.776 E.0131
G1 X131.918 Y125.472 E.57452
G1 X132.199 Y125.753 E.01312
G1 X119.895 Y138.057 E.57452
G1 X120.176 Y138.338 E.01312
G1 X132.48 Y126.034 E.57452
G1 X132.761 Y126.315 E.01312
G1 X120.457 Y138.618 E.57449
G1 X120.738 Y138.899 E.01312
G1 X133.041 Y126.595 E.57449
G1 X133.322 Y126.876 E.01312
G1 X121.018 Y139.18 E.57452
G1 X121.299 Y139.461 E.01312
G1 X133.603 Y127.157 E.57452
G1 X133.884 Y127.438 E.01312
G1 X121.58 Y139.742 E.57452
G1 X121.861 Y140.022 E.0131
G1 X134.164 Y127.719 E.57447
G1 X134.445 Y127.999 E.0131
G1 X122.141 Y140.303 E.57452
G1 X122.422 Y140.584 E.01312
G1 X134.726 Y128.28 E.57452
G1 X135.007 Y128.561 E.01312
G1 X122.703 Y140.865 E.57452
G1 X122.984 Y141.145 E.0131
G1 X135.288 Y128.842 E.57449
G1 X135.568 Y129.122 E.01307
G1 X123.265 Y141.426 E.57449
G1 X123.545 Y141.707 E.0131
G1 X135.849 Y129.403 E.57452
G1 X136.13 Y129.684 E.01312
G1 X123.826 Y141.988 E.57452
G1 X124.107 Y142.269 E.01312
G1 X136.411 Y129.965 E.57452
G1 X136.691 Y130.246 E.0131
G1 X124.388 Y142.549 E.57447
G1 X124.668 Y142.83 E.0131
G1 X136.972 Y130.526 E.57452
G1 X137.253 Y130.807 E.01312
G1 X124.949 Y143.111 E.57452
G1 X125.23 Y143.392 E.01312
G1 X137.534 Y131.088 E.57452
G1 X137.815 Y131.369 E.01312
G1 X125.511 Y143.672 E.57449
G1 X125.792 Y143.953 E.01312
G1 X138.095 Y131.649 E.57449
G1 X138.376 Y131.93 E.01312
G1 X126.072 Y144.234 E.57452
G1 X126.353 Y144.515 E.01312
G1 X138.657 Y132.211 E.57452
G1 X138.938 Y132.492 E.01312
G1 X126.634 Y144.796 E.57452
G1 X126.915 Y145.076 E.0131
G1 X139.218 Y132.773 E.57447
G1 X139.499 Y133.053 E.0131
G1 X127.195 Y145.357 E.57452
G1 X127.476 Y145.638 E.01312
G1 X139.78 Y133.334 E.57452
G1 X140.061 Y133.615 E.01312
G1 X127.757 Y145.919 E.57452
G1 X128.038 Y146.199 E.0131
G1 X140.342 Y133.896 E.57449
G1 X140.622 Y134.176 E.01307
G1 X128.319 Y146.48 E.57449
G1 X128.599 Y146.761 E.0131
G1 X140.903 Y134.457 E.57452
G1 X141.184 Y134.738 E.01312
G1 X128.88 Y147.042 E.57452
G1 X129.161 Y147.323 E.01312
G1 X141.465 Y135.019 E.57452
G1 X141.745 Y135.3 E.0131
G1 X129.442 Y147.603 E.57447
G1 X129.722 Y147.884 E.0131
G1 X142.026 Y135.58 E.57452
G1 X142.307 Y135.861 E.01312
G1 X130.003 Y148.165 E.57452
G1 X130.284 Y148.446 E.01312
G1 X142.588 Y136.142 E.57452
G1 X142.869 Y136.423 E.01312
G1 X130.565 Y148.726 E.57449
G1 X130.846 Y149.007 E.01312
G1 X143.149 Y136.703 E.57449
G1 X143.43 Y136.984 E.01312
G1 X131.126 Y149.288 E.57452
G1 X131.407 Y149.569 E.01312
G1 X143.711 Y137.265 E.57452
G1 X143.992 Y137.546 E.01312
G1 X131.688 Y149.85 E.57452
G1 X131.969 Y150.13 E.0131
G1 X144.272 Y137.827 E.57447
G1 X144.553 Y138.107 E.0131
G1 X132.249 Y150.411 E.57452
G1 X132.53 Y150.692 E.01312
G1 X144.834 Y138.388 E.57452
G1 X145.115 Y138.669 E.01312
G1 X132.811 Y150.973 E.57452
G1 X133.092 Y151.253 E.0131
G1 X145.396 Y138.95 E.57449
G1 X145.676 Y139.23 E.01307
G1 X133.373 Y151.534 E.57449
G1 X133.653 Y151.815 E.0131
G1 X145.957 Y139.511 E.57452
G1 X146.238 Y139.792 E.01312
G1 X133.934 Y152.096 E.57452
G1 X134.215 Y152.377 E.01312
G1 X146.519 Y140.073 E.57452
G1 X146.799 Y140.354 E.0131
G1 X134.496 Y152.657 E.57447
G1 X134.776 Y152.938 E.0131
G1 X147.08 Y140.634 E.57452
G1 X147.361 Y140.915 E.01312
G1 X135.057 Y153.219 E.57452
G1 X135.338 Y153.5 E.01312
G1 X147.642 Y141.196 E.57452
G1 X147.923 Y141.477 E.01312
G1 X135.619 Y153.78 E.57449
G1 X135.9 Y154.061 E.01312
G1 X148.203 Y141.757 E.57449
G1 X148.484 Y142.038 E.01312
G1 X136.18 Y154.342 E.57452
G1 X136.461 Y154.623 E.01312
G1 X148.765 Y142.319 E.57452
G1 X149.046 Y142.6 E.01312
G1 X136.742 Y154.904 E.57452
G1 X137.023 Y155.184 E.0131
G1 X149.326 Y142.88 E.57449
G1 X149.607 Y143.161 E.01312
G1 X137.303 Y155.465 E.57452
G1 X137.584 Y155.746 E.01312
G1 X149.888 Y143.442 E.57452
G1 X150.169 Y143.723 E.01312
G1 X137.865 Y156.027 E.57452
G1 X138.146 Y156.307 E.0131
G1 X150.45 Y144.004 E.57449
G1 X150.73 Y144.284 E.01307
G1 X138.427 Y156.588 E.57449
G1 X138.707 Y156.869 E.0131
G1 X151.011 Y144.565 E.57452
G1 X151.292 Y144.846 E.01312
G1 X138.988 Y157.15 E.57452
G1 X139.269 Y157.43 E.0131
G1 X151.573 Y145.127 E.57449
G1 X151.853 Y145.407 E.01307
G1 X139.55 Y157.711 E.57449
G1 X139.83 Y157.992 E.0131
G1 X152.134 Y145.688 E.57452
G1 X152.415 Y145.969 E.01312
G1 X140.111 Y158.273 E.57452
G1 X140.392 Y158.554 E.01312
G1 X152.696 Y146.25 E.57452
G1 X152.977 Y146.531 E.01312
G1 X140.673 Y158.834 E.57449
G1 X140.954 Y159.115 E.01312
G1 X153.257 Y146.811 E.57449
G1 X153.538 Y147.092 E.01312
G1 X141.234 Y159.396 E.57452
G1 X141.515 Y159.677 E.01312
G1 X153.819 Y147.373 E.57452
G1 X154.1 Y147.654 E.01312
G1 X141.796 Y159.957 E.57449
G1 X142.077 Y160.238 E.01312
G1 X154.38 Y147.934 E.57449
G1 X154.661 Y148.215 E.01312
G1 X142.357 Y160.519 E.57452
G1 X142.638 Y160.8 E.01312
G1 X154.942 Y148.496 E.57452
G1 X155.223 Y148.777 E.01312
G1 X142.919 Y161.081 E.57452
G1 X143.2 Y161.361 E.0131
G1 X155.504 Y149.058 E.57449
G1 X155.784 Y149.338 E.01307
G1 X143.481 Y161.642 E.57449
G1 X143.761 Y161.923 E.0131
G1 X156.065 Y149.619 E.57452
G1 X156.346 Y149.9 E.01312
G1 X144.042 Y162.204 E.57452
G1 X144.323 Y162.484 E.0131
G1 X156.627 Y150.181 E.57449
G1 X156.907 Y150.461 E.01307
G1 X144.604 Y162.765 E.57449
G1 X144.884 Y163.046 E.0131
G1 X157.188 Y150.742 E.57452
G1 X157.469 Y151.023 E.01312
G1 X145.165 Y163.327 E.57452
G1 X145.446 Y163.608 E.01312
G1 X157.75 Y151.304 E.57452
G1 X158.031 Y151.585 E.01312
G1 X145.727 Y163.888 E.57449
G1 X146.008 Y164.169 E.01312
G1 X158.311 Y151.865 E.57449
G1 X158.592 Y152.146 E.01312
G1 X146.288 Y164.45 E.57452
G1 X146.569 Y164.731 E.01312
G1 X158.873 Y152.427 E.57452
G1 X159.154 Y152.708 E.01312
G1 X146.85 Y165.011 E.57449
G1 X147.131 Y165.292 E.01312
G1 X159.434 Y152.988 E.57449
G1 X159.715 Y153.269 E.01312
G1 X147.411 Y165.573 E.57452
G1 X147.692 Y165.854 E.01312
G1 X159.996 Y153.55 E.57452
G1 X160.277 Y153.831 E.01312
G1 X147.973 Y166.135 E.57452
G1 X148.254 Y166.415 E.0131
G1 X160.558 Y154.112 E.57449
G1 X160.838 Y154.392 E.01307
G1 X148.534 Y166.696 E.57452
G1 X148.815 Y166.977 E.01312
G1 X161.119 Y154.673 E.57452
G1 X161.4 Y154.954 E.01312
G1 X149.096 Y167.258 E.57452
G1 X149.377 Y167.538 E.0131
G1 X161.681 Y155.235 E.57449
G1 X161.961 Y155.515 E.01307
G1 X149.658 Y167.819 E.57449
G1 X149.938 Y168.1 E.0131
G1 X162.242 Y155.796 E.57452
G1 X162.523 Y156.077 E.01312
G1 X150.219 Y168.381 E.57452
G1 X150.5 Y168.662 E.01312
G1 X162.804 Y156.358 E.57452
G1 X163.085 Y156.639 E.01312
G1 X150.781 Y168.942 E.57449
G1 X151.061 Y169.223 E.0131
G1 X163.365 Y156.919 E.57452
G1 X163.646 Y157.2 E.01312
G1 X151.342 Y169.504 E.57452
G1 X151.623 Y169.785 E.01312
G1 X163.927 Y157.481 E.57452
G1 X164.208 Y157.762 E.01312
G1 X151.904 Y170.065 E.57449
G1 X152.185 Y170.346 E.01312
G1 X164.488 Y158.042 E.57449
G1 X164.769 Y158.323 E.01312
G1 X152.465 Y170.627 E.57452
G1 X152.746 Y170.908 E.01312
G1 X165.05 Y158.604 E.57452
G1 X165.331 Y158.885 E.01312
G1 X153.027 Y171.189 E.57452
G1 X153.308 Y171.469 E.0131
G1 X165.612 Y159.166 E.57449
G1 X165.892 Y159.446 E.01307
G1 X153.588 Y171.75 E.57452
G1 X153.869 Y172.031 E.01312
G1 X166.173 Y159.727 E.57452
G1 X166.454 Y160.008 E.01312
G1 X154.15 Y172.312 E.57452
G1 X154.431 Y172.592 E.0131
G1 X166.735 Y160.289 E.57449
G1 X167.015 Y160.569 E.01307
G1 X154.712 Y172.873 E.57449
G1 X154.992 Y173.154 E.0131
G1 X167.316 Y160.83 E.57545
G1 X167.706 Y161.002 E.01407
G1 X155.273 Y173.435 E.58054
G1 X155.554 Y173.716 E.01312
G1 X168.249 Y161.02 E.5928
G1 E-3.5 F3600
;WIPE_START
G1 F7200
G1 X166.016 Y163.253 E-1.5
;WIPE_END
G1 X100.427 Y90.7 F9000
G1 E5 F2400
G1 F7200
G1 X117.827 Y73.3 E.81247
G1 X118.389 Y73.3 E.01856
G1 X100.989 Y90.7 E.81247
G1 X101.55 Y90.7 E.01852
G1 X118.95 Y73.3 E.81247
G1 X119.512 Y73.3 E.01856
G1 X102.112 Y90.7 E.81247
G1 X102.673 Y90.7 E.01852
G1 X120.073 Y73.3 E.81247
G1 X120.635 Y73.3 E.01856
G1 X103.235 Y90.7 E.81247
G1 X103.796 Y90.7 E.01852
G1 X121.197 Y73.3 E.81249
G1 X121.758 Y73.3 E.01852
G1 X104.358 Y90.7 E.81247
G1 X104.919 Y90.7 E.01852
G1 X122.32 Y73.3 E.81249
G1 X122.881 Y73.3 E.01852
G1 X105.481 Y90.7 E.81247
G1 X106.043 Y90.7 E.01856
G1 X123.443 Y73.3 E.81247
G1 X124.004 Y73.3 E.01852
G1 X106.604 Y90.7 E.81247
G1 X107.166 Y90.7 E.01856
G1 X124.566 Y73.3 E.81247
G1 X125.127 Y73.3 E.01852
G1 X107.727 Y90.7 E.81247
G1 X108.289 Y90.7 E.01856
G1 X125.689 Y73.3 E.81247
G1 X126.251 Y73.3 E.01856
G1 X108.85 Y90.7 E.81249
G1 X109.412 Y90.7 E.01856
G1 X126.812 Y73.3 E.81247
G1 X127.374 Y73.3 E.01856
G1 X109.973 Y90.7 E.81249
G1 X110.535 Y90.7 E.01856
G1 X127.935 Y73.3 E.81247
G1 X128.497 Y73.3 E.01856
G1 X111.097 Y90.7 E.81247
G1 X111.658 Y90.7 E.01852
G1 X129.058 Y73.3 E.81247
G1 X129.62 Y73.3 E.01856
G1 X112.22 Y90.7 E.81247
G1 X112.781 Y90.7 E.01852
G1 X130.181 Y73.3 E.81247
G1 X130.743 Y73.3 E.01856
G1 X113.343 Y90.7 E.81247
G1 X113.904 Y90.7 E.01852
G1 X131.305 Y73.3 E.81249
G1 X131.866 Y73.3 E.01852
G1 X114.466 Y90.7 E.81247
G1 X115.027 Y90.7 E.01852
G1 X132.428 Y73.3 E.81249
G1 X132.989 Y73.3 E.01852
G1 X115.589 Y90.7 E.81247
G1 X116.151 Y90.7 E.01856
G1 X133.551 Y73.3 E.81247
G1 X134.112 Y73.3 E.01852
G1 X116.712 Y90.7 E.81247
G1 X117.274 Y90.7 E.01856
G1 X134.674 Y73.3 E.81247
G1 X135.235 Y73.3 E.01852
G1 X117.835 Y90.7 E.81247
G1 X118.397 Y90.7 E.01856
G1 X135.797 Y73.3 E.81247
G1 X136.359 Y73.3 E.01856
G1 X118.958 Y90.7 E.81249
G1 X119.52 Y90.7 E.01856
G1 X136.92 Y73.3 E.81247
G1 X137.482 Y73.3 E.01856
G1 X120.081 Y90.7 E.81249
G1 X120.643 Y90.7 E.01856
G1 X138.043 Y73.3 E.81247
G1 X138.605 Y73.3 E.01856
G1 X121.205 Y90.7 E.81247
G1 X121.766 Y90.7 E.01852
G1 X139.166 Y73.3 E.81247
G1 X139.728 Y73.3 E.01856
G1 X122.328 Y90.7 E.81247
G1 X122.889 Y90.7 E.01852
G1 X140.289 Y73.3 E.81247
G1 X140.851 Y73.3 E.01856
G1 X123.451 Y90.7 E.81247
G1 X124.012 Y90.7 E.01852
G1 X141.412 Y73.3 E.81247
G1 X141.974 Y73.3 E.01856
G1 X124.574 Y90.7 E.81247
G1 X125.135 Y90.7 E.01852
G1 X142.536 Y73.3 E.81249
G1 X143.097 Y73.3 E.01852
G1 X125.697 Y90.7 E.81247
G1 X126.259 Y90.7 E.01856
G1 X143.659 Y73.3 E.81247
G1 X144.22 Y73.3 E.01852
G1 X126.82 Y90.7 E.81247
G1 X127.382 Y90.7 E.01856
G1 X144.782 Y73.3 E.81247
G1 X145.343 Y73.3 E.01852
G1 X127.943 Y90.7 E.81247
G1 X128.505 Y90.7 E.01856
G1 X145.905 Y73.3 E.81247
G1 X146.466 Y73.3 E.01852
G1 X129.066 Y90.7 E.81247
G1 X129.628 Y90.7 E.01856
G1 X147.028 Y73.3 E.81247
G1 X147.59 Y73.3 E.01856
G1 X130.189 Y90.7 E.81249
G1 X130.751 Y90.7 E.01856
G1 X148.151 Y73.3 E.81247
G1 X148.713 Y73.3 E.01856
G1 X131.313 Y90.7 E.81247
G1 X131.874 Y90.7 E.01852
G1 X149.274 Y73.3 E.81247
G1 X149.836 Y73.3 E.01856
G1 X132.436 Y90.7 E.81247
G1 X132.997 Y90.7 E.01852
G1 X150.397 Y73.3 E.81247
G1 X150.959 Y73.3 E.01856
G1 X133.559 Y90.7 E.81247
G1 X134.12 Y90.7 E.01852
G1 X151.52 Y73.3 E.81247
G1 X152.082 Y73.3 E.01856
G1 X134.682 Y90.7 E.81247
G1 X135.243 Y90.7 E.01852
G1 X152.644 Y73.3 E.81249
G1 X153.205 Y73.3 E.01852
G1 X135.805 Y90.7 E.81247
G1 X136.367 Y90.7 E.01856
G1 X153.767 Y73.3 E.81247
G1 X154.328 Y73.3 E.01852
G1 X136.928 Y90.7 E.81247
G1 X137.49 Y90.7 E.01856
G1 X154.89 Y73.3 E.81247
G1 X155.451 Y73.3 E.01852
G1 X138.051 Y90.7 E.81247
G1 X138.613 Y90.7 E.01856
G1 X156.013 Y73.3 E.81247
G1 X156.574 Y73.3 E.01852
G1 X139.174 Y90.7 E.81247
G1 X139.736 Y90.7 E.01856
G1 X157.136 Y73.3 E.81247
G1 X157.698 Y73.3 E.01856
G1 X140.297 Y90.7 E.81249
G1 X140.859 Y90.7 E.01856
G1 X158.259 Y73.3 E.81247
G1 X158.821 Y73.3 E.01856
G1 X141.42 Y90.7 E.81249
G1 X141.982 Y90.7 E.01856
G1 X159.382 Y73.3 E.81247
G1 X159.944 Y73.3 E.01856
G1 X142.544 Y90.7 E.81247
G1 X143.105 Y90.7 E.01852
G1 X160.505 Y73.3 E.81247
G1 X161.067 Y73.3 E.01856
G1 X143.667 Y90.7 E.81247
G1 X144.228 Y90.7 E.01852
G1 X161.628 Y73.3 E.81247
G1 X162.19 Y73.3 E.01856
G1 X144.79 Y90.7 E.81247
G1 X145.351 Y90.7 E.01852
G1 X162.752 Y73.3 E.81249
G1 X163.313 Y73.3 E.01852
G1 X145.913 Y90.7 E.81247
G1 X146.474 Y90.7 E.01852
G1 X163.875 Y73.3 E.81249
G1 X164.436 Y73.3 E.01852
G1 X147.036 Y90.7 E.81247
G1 X147.598 Y90.7 E.01856
G1 X164.998 Y73.3 E.81247
G1 X165.559 Y73.3 E.01852
G1 X148.159 Y90.7 E.81247
G1 X148.721 Y90.7 E.01856
G1 X166.121 Y73.3 E.81247
G1 X166.682 Y73.3 E.01852
G1 X149.282 Y90.7 E.81247
G1 X149.844 Y90.7 E.01856
G1 X167.244 Y73.3 E.81247
G1 X167.806 Y73.3 E.01856
G1 X150.405 Y90.7 E.81249
G1 X150.967 Y90.7 E.01856
G1 X168.367 Y73.3 E.81247
G1 X168.929 Y73.3 E.01856
G1 X151.528 Y90.7 E.81249
G1 X152.09 Y90.7 E.01856
G1 X169.49 Y73.3 E.81247
G1 X170.052 Y73.3 E.01856
G1 X152.652 Y90.7 E.81247
G1 X153.213 Y90.7 E.01852
G1 X170.613 Y73.3 E.81247
G1 X171.175 Y73.3 E.01856
G1 X153.775 Y90.7 E.81247
G1 X154.336 Y90.7 E.01852
G1 X171.736 Y73.3 E.81247
G1 X172.298 Y73.3 E.01856
G1 X154.898 Y90.7 E.81247
G1 X155.459 Y90.7 E.01852
G1 X172.86 Y73.3 E.81249
G1 X173.421 Y73.3 E.01852
G1 X156.021 Y90.7 E.81247
G1 X156.582 Y90.7 E.01852
G1 X173.983 Y73.3 E.81249
G1 X174.544 Y73.3 E.01852
G1 X157.144 Y90.7 E.81247
G1 X157.706 Y90.7 E.01856
G1 X175.106 Y73.3 E.81247
G1 X175.667 Y73.3 E.01852
G1 X158.267 Y90.7 E.81247
G1 X158.829 Y90.7 E.01856
G1 X176.229 Y73.3 E.81247
G1 X176.79 Y73.3 E.01852
G1 X159.39 Y90.7 E.81247
G1 X159.952 Y90.7 E.01856
G1 X177.352 Y73.3 E.81247
G1 X177.914 Y73.3 E.01856
G1 X160.513 Y90.7 E.81249
G1 X161.075 Y90.7 E.01856
G1 X178.475 Y73.3 E.81247
G1 X179.037 Y73.3 E.01856
G1 X161.636 Y90.7 E.81249
G1 X162.198 Y90.7 E.01856
G1 X179.598 Y73.3 E.81247
G1 X180.16 Y73.3 E.01856
G1 X162.76 Y90.7 E.81247
G1 X163.632 Y90.846 F9000
;WIDTH:0.38292
G1 F7200
G1 X163.591 Y90.857 E.0012
G1 X163.572 Y90.786 E.00208
G1 X163.643 Y90.805 E.00208
;WIDTH:0.41146
G1 X163.482 Y90.753 E.00518
;WIDTH:0.439999
G1 X163.321 Y90.7 E.0056
G1 X180.721 Y73.3 E.81247
G1 X181.283 Y73.3 E.01856
G1 X175.798 Y78.785 E.25611
G1 X176.516 Y78.589 E.02457
;WIDTH:0.38292
G1 X176.475 Y78.6 E.0012
G1 X176.456 Y78.529 E.00208
G1 X176.527 Y78.548 E.00208
;WIDTH:0.41146
G1 X176.647 Y78.463 E.00451
;WIDTH:0.439999
G1 X176.767 Y78.378 E.00486
G1 X181.844 Y73.3 E.23709
G1 X182.406 Y73.3 E.01856
G1 X177.579 Y78.127 E.22539
G1 X177.46 Y78.203 E.00466
;WIDTH:0.41146
G1 X177.342 Y78.278 E.00428
;WIDTH:0.38292
G1 X177.271 Y78.259 E.00208
G1 X177.29 Y78.33 E.00208
G1 X177.331 Y78.319 E.0012
;WIDTH:0.439999
G1 X178.107 Y78.161 E.02615
G1 X182.968 Y73.3 E.22698
G1 X183.529 Y73.3 E.01852
G1 X178.608 Y78.221 E.22978
G1 X179.107 Y78.284 E.01661
G1 X184.091 Y73.3 E.23272
G1 X184.652 Y73.3 E.01852
G1 X179.526 Y78.426 E.23935
G1 X179.87 Y78.644 E.01345
G1 X185.214 Y73.3 E.24953
G1 X185.775 Y73.3 E.01852
G1 X180.202 Y78.873 E.26022
G1 X180.534 Y79.102 E.01332
G1 X186.337 Y73.3 E.27094
G1 X186.832 Y73.198 E.01669
;WIDTH:0.38292
G1 X186.761 Y73.179 E.00208
G1 X186.78 Y73.25 E.00208
G1 X186.821 Y73.239 E.0012
;WIDTH:0.41146
G1 X186.761 Y73.368 E.00436
;WIDTH:0.439999
G1 X186.7 Y73.498 E.00474
G1 X180.853 Y79.346 E.27304
G1 X181.094 Y79.666 E.01323
G1 X186.7 Y74.06 E.26176
G1 X186.7 Y74.621 E.01852
G1 X181.287 Y80.034 E.25275
G1 X181.481 Y80.402 E.01374
G1 X186.7 Y75.183 E.24369
G1 X186.7 Y75.744 E.01852
G1 X181.674 Y80.771 E.2347
G1 X181.804 Y81.202 E.01486
G1 X186.7 Y76.306 E.22861
G1 X186.7 Y76.868 E.01856
G1 X181.824 Y81.743 E.22765
G1 X181.824 Y82.305 E.01856
G1 X186.7 Y77.429 E.22768
G1 X186.7 Y77.991 E.01856
G1 X181.792 Y82.899 E.22917
G1 X181.724 Y83.034 E.00499
;WIDTH:0.41146
G1 X181.657 Y83.169 E.00462
;WIDTH:0.38292
G1 X181.585 Y83.15 E.00211
G1 X181.605 Y83.221 E.00209
G1 X181.646 Y83.21 E.0012
G1 E-3.5 F3600
;WIPE_START
G1 F7200
G1 X181.605 Y83.221 E-.02016
G1 X181.585 Y83.15 E-.03504
G1 X181.657 Y83.169 E-.03537
G1 X181.724 Y83.034 E-.07159
G1 X181.792 Y82.899 E-.0718
G1 X183.677 Y81.014 E-1.26604
;WIPE_END
G1 X180.235 Y85.064 F9000
G1 E5 F2400
G1 F7200
G1 X180.641 Y84.726 E.01494
G1 X181.077 Y84.245 E.01835
;WIDTH:0.41146
G1 X181.183 Y84.104 E.00541
;WIDTH:0.439999
G1 X181.288 Y83.964 E.00578
G1 X186.7 Y78.552 E.2527
G1 E-3.5 F3600
;WIPE_START
G1 F7200
G1 X184.467 Y80.785 E-1.5
;WIPE_END
G1 X175.282 Y79.301 F9000
G1 E5 F2400
G1 F7200
G1 X163.883 Y90.7 E.53226
G1 X164.444 Y90.7 E.01852
G1 X174.362 Y80.782 E.46311
G1 X174.441 Y80.641 E.00534
;WIDTH:0.41146
G1 X174.52 Y80.501 E.00493
;WIDTH:0.38292
G1 X174.689 Y80.247 E.00863
G1 X174.182 Y81.524 F9000
;WIDTH:0.439999
G1 F7200
G1 X165.006 Y90.7 E.42846
G1 X165.567 Y90.7 E.01852
G1 X174.112 Y82.155 E.399
G1 X174.213 Y82.616 E.01558
G1 X166.129 Y90.7 E.37747
G1 X166.69 Y90.7 E.01852
G1 X174.324 Y83.066 E.35646
G1 X174.435 Y83.517 E.01534
G1 X167.252 Y90.7 E.3354
G1 X167.814 Y90.7 E.01856
G1 X174.61 Y83.903 E.31735
G1 X174.856 Y84.219 E.01322
G1 X168.333 Y90.743 E.3046
G1 X168.725 Y90.912 E.01409
G1 X175.12 Y84.517 E.2986
G1 X175.384 Y84.814 E.01312
G1 X169.013 Y91.185 E.29748
G1 X169.217 Y91.543 E.0136
G1 X175.66 Y85.1 E.30085
G1 X175.998 Y85.324 E.01339
G1 X169.3 Y92.022 E.31275
G1 X169.3 Y92.583 E.01852
G1 X176.4 Y85.483 E.33152
G1 X176.807 Y85.638 E.01438
G1 X169.3 Y93.145 E.35053
G1 X169.3 Y93.706 E.01852
G1 X177.214 Y85.792 E.36953
G1 X177.697 Y85.871 E.01616
G1 X169.3 Y94.268 E.39208
G1 X169.3 Y94.829 E.01852
G1 X178.401 Y85.737 E.42475
;WIDTH:0.41146
G1 X178.484 Y85.663 E.00341
;WIDTH:0.38292
G1 X178.443 Y85.674 E.0012
G1 X178.424 Y85.603 E.00208
G1 X178.495 Y85.622 E.00208
;WIDTH:0.439999
G1 X178.96 Y85.73 E.01576
G1 X169.3 Y95.391 E.45108
G1 X169.214 Y96.263 F9000
;WIDTH:0.38292
G1 F7200
G1 X169.173 Y96.274 E.0012
G1 X169.154 Y96.203 E.00208
G1 X169.225 Y96.222 E.00208
;WIDTH:0.41146
G1 X169.262 Y96.087 E.00429
;WIDTH:0.439999
G1 X169.3 Y95.952 E.00463
G1 X179.954 Y85.298 E.49747
G1 E-3.5 F3600
;WIPE_START
G1 F7200
G1 X177.721 Y87.531 E-1.5
;WIPE_END
G1 X186.7 Y79.114 F9000
G1 E5 F2400
G1 F7200
G1 X169.3 Y96.514 E.81247
G1 X169.3 Y97.076 E.01856
G1 X186.7 Y79.675 E.81249
G1 X186.7 Y80.237 E.01856
G1 X169.3 Y97.637 E.81247
G1 X169.3 Y98.199 E.01856
G1 X186.7 Y80.798 E.81249
G1 X186.7 Y81.36 E.01856
G1 X169.3 Y98.76 E.81247
G1 X169.3 Y99.322 E.01856
G1 X186.7 Y81.922 E.81247
G1 X186.7 Y82.483 E.01852
G1 X169.3 Y99.883 E.81247
G1 X169.3 Y100.445 E.01856
G1 X186.7 Y83.045 E.81247
G1 X186.7 Y83.606 E.01852
G1 X169.3 Y101.006 E.81247
G1 X169.3 Y101.568 E.01856
G1 X186.7 Y84.168 E.81247
G1 X186.7 Y84.729 E.01852
G1 X169.3 Y102.129 E.81247
G1 X169.3 Y102.691 E.01856
G1 X186.7 Y85.291 E.81247
G1 X186.7 Y85.852 E.01852
G1 X169.3 Y103.253 E.81249
G1 X169.3 Y103.814 E.01852
G1 X186.7 Y86.414 E.81247
G1 X186.7 Y86.976 E.01856
G1 X169.3 Y104.376 E.81247
G1 X169.3 Y104.937 E.01852
G1 X186.7 Y87.537 E.81247
G1 X186.7 Y88.099 E.01856
G1 X169.3 Y105.499 E.81247
G1 X169.3 Y106.06 E.01852
G1 X186.7 Y88.66 E.81247
G1 X186.7 Y89.222 E.01856
G1 X169.3 Y106.622 E.81247
G1 X169.3 Y107.183 E.01852
G1 X186.7 Y89.783 E.81247
G1 X186.7 Y90.345 E.01856
G1 X169.3 Y107.745 E.81247
G1 X169.3 Y108.307 E.01856
G1 X186.7 Y90.906 E.81249
G1 X186.7 Y91.468 E.01856
G1 X169.3 Y108.868 E.81247
G1 X169.3 Y109.43 E.01856
G1 X186.7 Y92.03 E.81247
G1 X186.7 Y92.591 E.01852
G1 X169.3 Y109.991 E.81247
G1 X169.3 Y110.553 E.01856
G1 X186.7 Y93.153 E.81247
G1 X186.7 Y93.714 E.01852
G1 X169.3 Y111.114 E.81247
G1 X169.3 Y111.676 E.01856
G1 X186.7 Y94.276 E.81247
G1 X186.7 Y94.837 E.01852
G1 X169.3 Y112.237 E.81247
G1 X169.3 Y112.799 E.01856
G1 X186.7 Y95.399 E.81247
G1 X186.7 Y95.96 E.01852
G1 X169.3 Y113.361 E.81249
G1 X169.3 Y113.922 E.01852
G1 X186.7 Y96.522 E.81247
G1 X186.7 Y97.084 E.01856
G1 X169.3 Y114.484 E.81247
G1 X169.3 Y115.045 E.01852
G1 X186.7 Y97.645 E.81247
G1 X186.7 Y98.207 E.01856
G1 X169.3 Y115.607 E.81247
G1 X169.3 Y116.168 E.01852
G1 X186.7 Y98.768 E.81247
G1 X186.7 Y99.33 E.01856
G1 X169.3 Y116.73 E.81247
G1 X169.3 Y117.291 E.01852
G1 X186.7 Y99.891 E.81247
G1 X186.7 Y100.453 E.01856
G1 X169.3 Y117.853 E.81247
G1 X169.3 Y118.415 E.01856
G1 X186.7 Y101.014 E.81249
G1 X186.7 Y101.576 E.01856
G1 X169.3 Y118.976 E.81247
G1 X169.3 Y119.538 E.01856
G1 X186.7 Y102.138 E.81247
G1 X186.7 Y102.699 E.01852
G1 X169.3 Y120.099 E.81247
G1 X169.3 Y120.661 E.01856
G1 X186.7 Y103.261 E.81247
G1 X186.7 Y103.822 E.01852
G1 X169.3 Y121.222 E.81247
G1 X169.3 Y121.784 E.01856
G1 X186.7 Y104.384 E.81247
G1 X186.7 Y104.945 E.01852
G1 X169.3 Y122.345 E.81247
G1 X169.3 Y122.907 E.01856
G1 X186.7 Y105.507 E.81247
G1 X186.7 Y106.068 E.01852
G1 X169.3 Y123.469 E.81249
G1 X169.3 Y124.03 E.01852
G1 X186.7 Y106.63 E.81247
G1 X186.7 Y107.191 E.01852
G1 X169.3 Y124.592 E.81249
G1 X169.3 Y125.153 E.01852
G1 X186.7 Y107.753 E.81247
G1 X186.7 Y108.315 E.01856
G1 X169.3 Y125.715 E.81247
G1 X169.3 Y126.276 E.01852
G1 X186.7 Y108.876 E.81247
G1 X186.7 Y109.438 E.01856
G1 X169.3 Y126.838 E.81247
G1 X169.3 Y127.399 E.01852
G1 X186.7 Y109.999 E.81247
G1 X186.7 Y110.561 E.01856
G1 X169.3 Y127.961 E.81247
G1 X169.3 Y128.523 E.01856
G1 X186.7 Y111.122 E.81249
G1 X186.7 Y111.684 E.01856
G1 X169.3 Y129.084 E.81247
G1 X169.3 Y129.646 E.01856
G1 X186.7 Y112.245 E.81249
G1 X186.7 Y112.807 E.01856
G1 X169.3 Y130.207 E.81247
G1 X169.3 Y130.769 E.01856
G1 X186.7 Y113.369 E.81247
G1 X186.7 Y113.93 E.01852
G1 X169.3 Y131.33 E.81247
G1 X169.3 Y131.892 E.01856
G1 X186.7 Y114.492 E.81247
G1 X186.7 Y115.053 E.01852
G1 X169.3 Y132.453 E.81247
G1 X169.3 Y133.015 E.01856
G1 X186.7 Y115.615 E.81247
G1 X186.7 Y116.176 E.01852
G1 X169.3 Y133.577 E.81249
G1 X169.3 Y134.138 E.01852
G1 X186.7 Y116.738 E.81247
G1 X186.7 Y117.299 E.01852
G1 X169.3 Y134.7 E.81249
G1 X169.3 Y135.261 E.01852
G1 X186.7 Y117.861 E.81247
G1 X186.7 Y118.423 E.01856
G1 X169.3 Y135.823 E.81247
G1 X169.3 Y136.384 E.01852
G1 X186.7 Y118.984 E.81247
G1 X186.7 Y119.546 E.01856
G1 X169.3 Y136.946 E.81247
G1 X169.3 Y137.507 E.01852
G1 X186.7 Y120.107 E.81247
G1 X186.7 Y120.669 E.01856
G1 X169.3 Y138.069 E.81247
G1 X169.3 Y138.631 E.01856
G1 X186.7 Y121.23 E.81249
G1 X186.7 Y121.792 E.01856
G1 X169.3 Y139.192 E.81247
G1 X169.3 Y139.754 E.01856
G1 X186.7 Y122.353 E.81249
G1 X186.7 Y122.915 E.01856
G1 X169.3 Y140.315 E.81247
G1 X169.3 Y140.877 E.01856
G1 X186.7 Y123.477 E.81247
G1 X186.7 Y124.038 E.01852
G1 X169.3 Y141.438 E.81247
G1 X169.3 Y142 E.01856
G1 X186.7 Y124.6 E.81247
G1 X186.7 Y125.161 E.01852
G1 X169.3 Y142.561 E.81247
G1 X169.3 Y143.123 E.01856
G1 X186.7 Y125.723 E.81247
G1 X186.7 Y126.284 E.01852
G1 X169.3 Y143.685 E.81249
G1 X169.3 Y144.246 E.01852
G1 X186.7 Y126.846 E.81247
G1 X186.7 Y127.407 E.01852
G1 X169.3 Y144.808 E.81249
G1 X169.3 Y145.369 E.01852
G1 X186.7 Y127.969 E.81247
G1 X186.7 Y128.531 E.01856
G1 X169.3 Y145.931 E.81247
G1 X169.3 Y146.492 E.01852
G1 X186.7 Y129.092 E.81247
G1 X186.7 Y129.654 E.01856
G1 X169.3 Y147.054 E.81247
G1 X169.3 Y147.615 E.01852
G1 X186.7 Y130.215 E.81247
G1 X186.7 Y130.777 E.01856
G1 X169.3 Y148.177 E.81247
G1 X169.3 Y148.739 E.01856
G1 X186.7 Y131.338 E.81249
G1 X186.7 Y131.9 E.01856
G1 X169.3 Y149.3 E.81247
G1 X169.214 Y150.172 F9000
;WIDTH:0.38292
G1 F7200
G1 X169.173 Y150.183 E.0012
G1 X169.154 Y150.112 E.00208
G1 X169.225 Y150.131 E.00208
;WIDTH:0.41146
G1 X169.262 Y149.997 E.00426
;WIDTH:0.439999
G1 X169.3 Y149.862 E.00463
G1 X186.7 Y132.461 E.81249
G1 X186.7 Y133.023 E.01856
G1 X175.797 Y143.927 E.50912
G1 X175.516 Y144.163 E.01212
;WIDTH:0.38292
G1 X175.113 Y144.566 E.01611
;WIDTH:0.41146
G1 X174.995 Y144.706 E.00561
;WIDTH:0.439999
G1 X174.877 Y144.847 E.00607
G1 X169.3 Y150.423 E.26039
G1 X169.3 Y150.985 E.01856
G1 X174.333 Y145.951 E.23503
G1 X174.396 Y146.047 E.00379
;WIDTH:0.41146
G1 X174.459 Y146.143 E.00352
;WIDTH:0.38292
G1 X174.526 Y145.821 E.0093
G1 X174.495 Y145.671 E.00433
G1 X174.194 Y146.652 F9000
;WIDTH:0.439999
G1 F7200
G1 X169.3 Y151.546 E.22852
G1 X169.3 Y152.108 E.01856
G1 X174.15 Y147.258 E.22646
G1 X174.15 Y147.819 E.01852
G1 X169.3 Y152.669 E.22646
G1 X169.3 Y153.231 E.01856
G1 X174.15 Y148.381 E.22646
G1 X174.15 Y148.942 E.01852
G1 X169.3 Y153.793 E.22649
G1 X169.3 Y154.354 E.01852
G1 X174.15 Y149.504 E.22646
G1 X174.15 Y150.065 E.01852
G1 X169.3 Y154.916 E.22649
G1 X169.3 Y155.477 E.01852
G1 X174.15 Y150.627 E.22646
G1 X174.15 Y151.189 E.01856
G1 X169.3 Y156.039 E.22646
G1 X169.3 Y156.6 E.01852
G1 X174.15 Y151.75 E.22646
G1 X174.181 Y152.281 E.01756
G1 X169.3 Y157.162 E.22791
G1 X169.3 Y157.723 E.01852
G1 X174.274 Y152.749 E.23225
G1 X174.367 Y153.218 E.01579
G1 X169.3 Y158.285 E.2366
G1 X169.3 Y158.846 E.01852
G1 X174.527 Y153.62 E.24404
G1 X174.748 Y153.96 E.01339
G1 X169.3 Y159.408 E.25439
G1 X168.53 Y160.843 F9000
;WIDTH:0.38292
G1 F7200
G1 X168.808 Y160.623 E.01002
G1 X169.097 Y160.272 E.01285
;WIDTH:0.41146
G1 X169.188 Y160.131 E.00514
;WIDTH:0.439999
G1 X169.279 Y159.991 E.00551
G1 X174.972 Y154.297 E.26585
G1 X175.209 Y154.622 E.01328
G1 X155.835 Y173.996 E.90464
G1 X156.115 Y174.277 E.0131
G1 X175.51 Y154.882 E.90562
G1 X175.847 Y155.107 E.01338
G1 X156.396 Y174.558 E.90823
G1 X156.677 Y174.839 E.01312
G1 X176.184 Y155.332 E.91085
G1 X176.55 Y155.528 E.01371
G1 X156.958 Y175.119 E.91479
G1 X157.239 Y175.4 E.01312
G1 X177.002 Y155.637 E.9228
G1 X177.47 Y155.73 E.01575
G1 X157.519 Y175.681 E.93158
G1 X157.8 Y175.962 E.01312
G1 X177.962 Y155.8 E.94143
G1 X178.625 Y155.699 E.02214
G1 X158.081 Y176.243 E.95927
G1 X158.362 Y176.523 E.0131
G1 X179.322 Y155.564 E.97867
G1 X179.477 Y155.485 E.00574
;WIDTH:0.41146
G1 X179.632 Y155.406 E.00533
;WIDTH:0.38292
G1 X179.591 Y155.417 E.0012
G1 X179.572 Y155.345 E.00211
G1 X179.643 Y155.364 E.00208
G1 E-3.5 F3600
;WIPE_START
G1 F7200
G1 X179.572 Y155.345 E-.03491
G1 X179.591 Y155.417 E-.03537
G1 X179.632 Y155.406 E-.02016
G1 X179.477 Y155.485 E-.08264
G1 X179.322 Y155.564 E-.08264
G1 X177.47 Y157.416 E-1.24428
;WIPE_END
G1 X176.646 Y143.584 F9000
G1 E5 F2400
G1 F7200
G1 X176.605 Y143.595 E.0012
G1 X176.586 Y143.523 E.00211
G1 X176.657 Y143.542 E.00208
;WIDTH:0.41146
G1 X176.777 Y143.465 E.00437
;WIDTH:0.439999
G1 X176.897 Y143.388 E.00471
G1 X186.7 Y133.585 E.45774
G1 X186.7 Y134.146 E.01852
G1 X177.578 Y143.268 E.42594
G1 X177.531 Y143.354 E.00324
;WIDTH:0.41146
G1 X177.484 Y143.439 E.00298
;WIDTH:0.38292
G1 X177.413 Y143.42 E.00208
G1 X177.432 Y143.491 E.00208
G1 X177.473 Y143.48 E.0012
;WIDTH:0.439999
G1 X178.19 Y143.218 E.0252
G1 X186.7 Y134.708 E.39736
G1 X186.7 Y135.269 E.01852
G1 X178.669 Y143.301 E.37502
G1 X179.134 Y143.397 E.01568
G1 X186.7 Y135.831 E.35328
G1 X186.7 Y136.392 E.01852
G1 X179.565 Y143.528 E.33318
G1 X179.918 Y143.736 E.01353
G1 X186.7 Y136.954 E.31667
G1 X186.7 Y137.515 E.01852
G1 X180.255 Y143.961 E.30096
G1 X180.588 Y144.189 E.01332
G1 X186.7 Y138.077 E.28539
G1 X186.7 Y138.639 E.01856
G1 X180.868 Y144.471 E.27232
G1 X181.095 Y144.805 E.01333
G1 X186.7 Y139.2 E.26172
G1 X186.7 Y139.762 E.01856
G1 X181.32 Y145.141 E.25119
G1 X181.533 Y145.491 E.01353
G1 X186.7 Y140.323 E.24129
G1 X186.7 Y140.885 E.01856
G1 X181.661 Y145.924 E.23529
G1 X181.754 Y146.392 E.01575
G1 X186.7 Y141.446 E.23095
G1 X186.7 Y142.008 E.01856
G1 X181.838 Y146.87 E.22702
G1 X181.85 Y147.42 E.01816
G1 X186.7 Y142.569 E.22649
G1 X186.7 Y143.131 E.01856
G1 X181.85 Y147.981 E.22646
G1 X181.85 Y148.543 E.01856
G1 X186.7 Y143.693 E.22646
G1 X186.7 Y144.254 E.01852
G1 X181.85 Y149.104 E.22646
G1 X181.85 Y149.666 E.01856
G1 X186.7 Y144.816 E.22646
G1 X186.7 Y145.377 E.01852
G1 X181.85 Y150.227 E.22646
G1 X181.85 Y150.789 E.01856
G1 X186.7 Y145.939 E.22646
G1 X186.7 Y146.5 E.01852
G1 X181.85 Y151.35 E.22646
G1 X181.85 Y151.912 E.01856
G1 X186.7 Y147.062 E.22646
G1 X186.7 Y147.623 E.01852
G1 X181.764 Y152.56 E.2305
G1 X181.459 Y153.577 F9000
;WIDTH:0.38292
G1 F7200
G1 X181.418 Y153.588 E.0012
G1 X181.399 Y153.517 E.00208
G1 X181.47 Y153.536 E.00208
;WIDTH:0.41146
G1 X181.544 Y153.402 E.00469
;WIDTH:0.439999
G1 X181.618 Y153.267 E.00508
G1 X186.7 Y148.185 E.2373
G1 X186.7 Y148.747 E.01856
G1 X158.642 Y176.804 E1.3101
G1 X158.923 Y177.085 E.01312
G1 X186.7 Y149.308 E1.297
G1 X186.7 Y149.87 E.01856
G1 X159.204 Y177.366 E1.28388
G1 X159.485 Y177.646 E.0131
G1 X186.7 Y150.431 E1.27076
G1 X186.7 Y150.993 E.01856
G1 X159.766 Y177.927 E1.25764
G1 X160.046 Y178.208 E.0131
G1 X186.7 Y151.554 E1.24457
G1 X186.7 Y152.116 E.01856
G1 X160.327 Y178.489 E1.23145
G1 X160.608 Y178.77 E.01312
G1 X186.7 Y152.677 E1.21835
G1 X186.7 Y153.239 E.01856
G1 X160.889 Y179.05 E1.2052
G1 X161.169 Y179.331 E.0131
G1 X186.7 Y153.801 E1.19211
G1 X186.7 Y154.362 E.01852
G1 X161.45 Y179.612 E1.17901
G1 X161.731 Y179.893 E.01312
G1 X186.7 Y154.924 E1.16589
G1 X186.7 Y155.485 E.01852
G1 X162.012 Y180.173 E1.15277
G1 X162.293 Y180.454 E.01312
G1 X186.7 Y156.047 E1.13965
G1 X186.7 Y156.608 E.01852
G1 X162.573 Y180.735 E1.12657
G1 X162.854 Y181.016 E.01312
G1 X186.7 Y157.17 E1.11345
G1 X186.7 Y157.731 E.01852
G1 X163.135 Y181.297 E1.10035
G1 E-3.5 F3600
;WIPE_START
G1 F7200
G1 X165.368 Y179.064 E-1.5
;WIPE_END
G1 X174.603 Y170.546 F9000
G1 E5 F2400
;WIDTH:0.38292
G1 F7200
G1 X174.654 Y170.428 E.00363
G1 X174.66 Y170.27 E.00447
G1 X175.215 Y169.586 E.0249
G1 X175.536 Y169.264 E.01285
G1 X176.229 Y168.696 E.02533
;WIDTH:0.41146
G1 X176.369 Y168.59 E.00538
;WIDTH:0.439999
G1 X176.509 Y168.484 E.0058
G1 X186.7 Y158.293 E.47585
G1 X186.7 Y158.855 E.01856
G1 X177.225 Y168.33 E.44242
G1 X177.906 Y168.21 E.02283
G1 X186.7 Y159.416 E.41062
G1 X186.7 Y159.978 E.01856
G1 X178.426 Y168.251 E.38632
G1 X178.892 Y168.347 E.01571
G1 X186.7 Y160.539 E.36458
G1 X186.7 Y161.101 E.01856
G1 X179.358 Y168.443 E.34282
G1 X179.743 Y168.619 E.01398
G1 X186.7 Y161.662 E.32485
G1 X186.7 Y162.224 E.01856
G1 X180.08 Y168.844 E.30911
G1 X180.417 Y169.069 E.01338
G1 X186.7 Y162.785 E.2934
G1 X186.7 Y163.347 E.01856
G1 X180.736 Y169.311 E.27848
G1 X180.979 Y169.63 E.01324
G1 X186.7 Y163.908 E.26716
G1 X186.7 Y164.47 E.01856
G1 X181.204 Y169.967 E.25665
G1 X181.429 Y170.303 E.01335
G1 X186.7 Y165.032 E.24612
G1 X186.7 Y165.593 E.01852
G1 X181.605 Y170.689 E.23793
G1 X181.706 Y171.149 E.01555
G1 X186.7 Y166.155 E.23319
G1 X186.7 Y166.716 E.01852
G1 X181.799 Y171.617 E.22884
G1 X181.85 Y172.128 E.01696
G1 X186.7 Y167.278 E.22646
G1 X186.7 Y167.839 E.01852
G1 X181.85 Y172.69 E.22649
G1 X181.85 Y173.251 E.01852
G1 X186.7 Y168.401 E.22646
G1 X186.7 Y168.962 E.01852
G1 X181.85 Y173.813 E.22649
G1 X181.85 Y174.374 E.01852
G1 X186.7 Y169.524 E.22646
G1 X186.7 Y170.086 E.01856
G1 X181.85 Y174.936 E.22646
G1 X181.85 Y175.497 E.01852
G1 X186.7 Y170.647 E.22646
G1 X186.7 Y171.209 E.01856
G1 X181.85 Y176.059 E.22646
G1 X181.85 Y176.62 E.01852
G1 X186.7 Y171.77 E.22646
G1 X186.7 Y172.332 E.01856
G1 X181.833 Y177.199 E.22726
G1 X181.577 Y178.207 F9000
;WIDTH:0.38292
G1 F7200
G1 X181.536 Y178.218 E.0012
G1 X181.517 Y178.147 E.00208
G1 X181.588 Y178.166 E.00208
;WIDTH:0.41146
G1 X181.642 Y178.031 E.00446
;WIDTH:0.439999
G1 X181.697 Y177.897 E.00478
G1 X186.7 Y172.893 E.23363
G1 X186.7 Y173.455 E.01856
G1 X181.369 Y178.786 E.24892
G1 X181.254 Y178.926 E.00598
;WIDTH:0.41146
G1 X181.138 Y179.067 E.0056
;WIDTH:0.38292
G1 X180.51 Y179.765 E.02654
G1 X180.117 Y180.088 E.01438
G1 E-3.5 F3600
;WIPE_START
G1 F7200
G1 X180.51 Y179.765 E-.24163
G1 X181.138 Y179.067 E-.44599
G1 X181.254 Y178.926 E-.08673
G1 X181.369 Y178.786 E-.08606
G1 X182.321 Y177.834 E-.63959
;WIPE_END
G1 X174.442 Y170.551 F9000
G1 E5 F2400
;WIDTH:0.439999
G1 F7200
G1 X163.416 Y181.577 E.51484
G1 X163.696 Y181.858 E.0131
G1 X174.266 Y171.288 E.49355
G1 X174.153 Y171.963 E.0226
G1 X163.977 Y182.139 E.47515
G1 X164.258 Y182.42 E.01312
G1 X174.15 Y172.528 E.46189
G1 X174.15 Y173.089 E.01852
G1 X164.539 Y182.7 E.44877
G1 X164.82 Y182.981 E.01312
G1 X174.15 Y173.651 E.43565
G1 X174.15 Y174.212 E.01852
G1 X165.1 Y183.262 E.42258
G1 X165.381 Y183.543 E.01312
G1 X174.15 Y174.774 E.40945
G1 X174.15 Y175.335 E.01852
G1 X165.662 Y183.824 E.39636
G1 X165.943 Y184.104 E.0131
G1 X174.15 Y175.897 E.38321
G1 X174.15 Y176.458 E.01852
G1 X166.223 Y184.385 E.37014
G1 X166.504 Y184.666 E.01312
G1 X174.151 Y177.019 E.35706
G1 X174.225 Y177.506 E.01626
G1 X166.785 Y184.947 E.34742
G1 X167.066 Y185.227 E.0131
G1 X174.319 Y177.975 E.33864
G1 X174.435 Y178.42 E.01518
G1 X167.347 Y185.508 E.33096
G1 X167.627 Y185.789 E.0131
G1 X174.636 Y178.78 E.32727
G1 X174.859 Y179.119 E.0134
G1 X167.908 Y186.07 E.32457
G1 X168.189 Y186.351 E.01312
G1 X175.081 Y179.459 E.32181
G1 X175.343 Y179.758 E.01313
G1 X168.47 Y186.631 E.32092
G1 X168.962 Y186.7 E.0164
G1 X175.677 Y179.985 E.31355
G1 X176.011 Y180.213 E.01335
G1 X169.524 Y186.7 E.3029
G1 X170.086 Y186.7 E.01856
G1 X176.351 Y180.435 E.29253
G1 X176.759 Y180.588 E.01439
G1 X170.647 Y186.7 E.28539
G1 X171.209 Y186.7 E.01856
G1 X177.227 Y180.681 E.28102
G1 X177.696 Y180.775 E.01579
G1 X171.77 Y186.7 E.27668
G1 X172.332 Y186.7 E.01856
G1 X178.269 Y180.763 E.27722
G1 X178.954 Y180.64 E.02298
G1 X172.893 Y186.7 E.28299
G1 X173.766 Y186.846 F9000
;WIDTH:0.38292
G1 F7200
G1 X173.725 Y186.857 E.0012
G1 X173.706 Y186.786 E.00208
G1 X173.777 Y186.805 E.00208
;WIDTH:0.41146
G1 X173.616 Y186.753 E.00518
;WIDTH:0.439999
G1 X173.455 Y186.7 E.0056
G1 X179.836 Y180.319 E.29795
G1 E-3.5 F3600
;WIPE_START
G1 F7200
G1 X177.603 Y182.552 E-1.5
;WIPE_END
G1 X174.016 Y186.7 F9000
G1 E5 F2400
G1 F7200
G1 X186.7 Y174.016 E.59226
G1 X186.7 Y174.578 E.01856
G1 X174.578 Y186.7 E.56602
G1 X175.14 Y186.7 E.01856
G1 X186.7 Y175.14 E.53978
G1 X186.7 Y175.701 E.01852
G1 X175.701 Y186.7 E.51358
G1 X176.263 Y186.7 E.01856
G1 X186.7 Y176.263 E.48734
G1 X186.7 Y176.824 E.01852
G1 X176.824 Y186.7 E.46114
G1 X177.386 Y186.7 E.01856
G1 X186.7 Y177.386 E.4349
G1 X186.7 Y177.947 E.01852
G1 X177.947 Y186.7 E.40871
G1 X178.509 Y186.7 E.01856
G1 X186.7 Y178.509 E.38247
G1 X186.7 Y179.07 E.01852
G1 X179.07 Y186.7 E.35627
G1 X179.632 Y186.7 E.01856
G1 X186.7 Y179.632 E.33003
G1 X186.7 Y180.194 E.01856
G1 X180.194 Y186.7 E.30379
G1 X180.755 Y186.7 E.01852
G1 X186.7 Y180.755 E.27759
G1 X186.7 Y181.317 E.01856
G1 X181.317 Y186.7 E.25135
G1 X181.878 Y186.7 E.01852
G1 X186.7 Y181.878 E.22516
G1 X186.7 Y182.44 E.01856
G1 X182.44 Y186.7 E.19891
G1 X183.001 Y186.7 E.01852
G1 X186.7 Y183.001 E.17272
G1 X186.7 Y183.563 E.01856
G1 X183.563 Y186.7 E.14648
G1 X184.124 Y186.7 E.01852
G1 X186.7 Y184.124 E.12028
G1 X186.911 Y184.523 E.0149
;WIDTH:0.38292
G1 X186.84 Y184.504 E.00208
G1 X186.859 Y184.575 E.00208
G1 X186.9 Y184.564 E.0012
;WIDTH:0.41146
G1 X186.8 Y184.625 E.00359
;WIDTH:0.439999
G1 X186.7 Y184.686 E.00387
G1 X184.686 Y186.7 E.09404
G1 X184.625 Y186.8 E.00387
;WIDTH:0.41146
G1 X184.564 Y186.9 E.00359
;WIDTH:0.38292
G1 X184.523 Y186.911 E.0012
G1 X184.504 Y186.84 E.00208
G1 X184.575 Y186.859 E.00208
G1 E-3.5 F3600
;WIPE_START
G1 F7200
G1 X184.504 Y186.84 E-.03491
G1 X184.523 Y186.911 E-.03491
G1 X184.564 Y186.9 E-.02016
G1 X184.625 Y186.8 E-.05564
G1 X184.686 Y186.7 E-.05564
G1 X186.619 Y184.767 E-1.29874
;WIPE_END
G1 X186.56 Y185.388 F9000
G1 E5 F2400
;WIDTH:0.439999
G1 F7200
G1 X185.248 Y186.7 E.06126
G1 X186.7 Y186.7 E.04794
G1 X186.7 Y185.248 E.04794
G1 X186.329 Y186.26 F9000
;WIDTH:0.496708
G1 F7200
G1 X186.289 Y186.22 E.00213
G1 X186.235 Y186.235 E.00211
G1 X186.22 Y186.289 E.00211
G1 X186.26 Y186.329 E.00213
G1 X186.315 Y186.315 E.00214
;LAYER_CHANGE
;Z:5
;HEIGHT:0.2
;BEFORE_LAYER_CHANGE
G92 E0
;5


G1 E-3.5 F3600
;WIPE_START
G1 F7200
G1 X186.26 Y186.329 E-.02696
G1 X186.22 Y186.289 E-.02687
G1 X186.235 Y186.235 E-.02662
G1 X186.289 Y186.22 E-.02662
G1 X186.329 Y186.26 E-.02687
;WIPE_END
G1 E-1.36606 F3600
G1 Z5 F9000
;AFTER_LAYER_CHANGE
;5
G1 X168.388 Y160.655
G1 E5 F2400
;TYPE:Perimeter
;WIDTH:0.439999
G1 F7200
G1 X168.219 Y160.72 E.00598
G1 X167.84 Y160.723 E.01251
G1 X167.527 Y160.605 E.01104
G1 X167.334 Y160.455 E.00807
G1 X99.545 Y92.666 E3.1653
G1 X99.354 Y92.395 E.01095
G1 X99.265 Y92.08 E.01081
G1 X99.268 Y91.851 E.00756
G1 X99.394 Y91.485 E.01278
G1 X99.603 Y91.237 E.01071
G1 X99.905 Y91.063 E.01151
G1 X100.232 Y91.006 E.01096
G1 X168.021 Y91.006 E2.23821
G1 X168.333 Y91.057 E.01044
G1 X168.647 Y91.234 E.0119
G1 X168.871 Y91.505 E.01161
G1 X168.977 Y91.797 E.01026
G1 X168.994 Y92.841 E.03447
G1 X168.994 Y159.768 E2.20975
G1 X168.925 Y160.127 E.01207
G1 X168.773 Y160.386 E.00992
G1 X168.517 Y160.605 E.01112
G1 X168.444 Y160.633 E.00258
G1 X168.235 Y160.287 F9000
G1 F7200
G1 X168.093 Y160.339 E.00499
G1 X167.814 Y160.305 E.00928
G1 X167.614 Y160.175 E.00788
G1 X99.825 Y92.386 E3.1653
G1 X99.679 Y92.136 E.00956
G1 X99.662 Y91.903 E.00771
G1 X99.74 Y91.681 E.00777
G1 X99.947 Y91.479 E.00955
G1 X100.232 Y91.403 E.00974
G1 X168.021 Y91.403 E2.23821
G1 X168.274 Y91.461 E.00857
G1 X168.485 Y91.637 E.00907
G1 X168.587 Y91.871 E.00843
G1 X168.597 Y92.841 E.03203
G1 X168.597 Y159.768 E2.20975
G1 X168.533 Y160.031 E.00894
G1 X168.334 Y160.251 E.00979
G1 X168.292 Y160.266 E.00147
G1 X168.086 Y159.927 F9000
;TYPE:External perimeter
;WIDTH:0.419999
G1 F3600
G1 X167.996 Y159.954 E.00295
G1 X167.888 Y159.901 E.00377
G1 X100.099 Y92.112 E3.00587
G1 X100.046 Y91.954 E.00523
G1 X100.123 Y91.825 E.00471
G1 X100.232 Y91.79 E.00359
G1 X168.021 Y91.79 E2.12547
G1 X168.158 Y91.848 E.00466
G1 X168.21 Y91.979 E.00442
G1 X168.21 Y159.768 E2.12547
G1 X168.148 Y159.907 E.00477
G1 X168.143 Y159.909 E.00017
G1 E-3.5
;WIPE_START
G1 F7200
G1 X168.086 Y159.927 E-.02839
G1 X167.996 Y159.954 E-.04463
G1 X167.888 Y159.901 E-.05714
G1 X165.849 Y157.862 E-1.36984
;WIPE_END
G1 X89.68 Y84.374 F9000
G1 E5 F2400
;TYPE:Perimeter
;WIDTH:0.439999
G1 F3600
G1 X89.603 Y84.471 E.00409
G1 X88.999 Y84.896 E.02438
G1 X88.482 Y85.252 E.02073
G1 X88.167 Y85.395 E.01142
G1 X88.047 Y85.417 E.00403
G1 X86.801 Y85.569 E.04144
G1 X86.434 Y85.543 E.01215
G1 X85.166 Y85.067 E.04472
G1 X84.849 Y84.871 E.01231
G1 X83.95 Y83.864 E.04457
G1 X83.771 Y83.568 E.01142
G1 X83.433 Y82.233 E.04547
G1 X83.412 Y81.882 E.01161
G1 X83.734 Y80.549 E.04528
G1 X83.874 Y80.235 E.01135
G1 X83.956 Y80.13 E.0044
G1 X84.812 Y79.182 E.04217
G1 X85.044 Y78.993 E.00988
G1 X86.339 Y78.488 E.04589
G1 X86.684 Y78.424 E.01159
G1 X88.047 Y78.583 E.04531
G1 X88.28 Y78.641 E.00793
G1 X88.482 Y78.748 E.00755
G1 X89.515 Y79.461 E.04144
G1 X89.747 Y79.686 E.01067
G1 X89.824 Y79.809 E.00479
G1 X90.407 Y80.92 E.04143
G1 X90.515 Y81.293 E.01282
G1 X90.519 Y82.628 E.04408
G1 X90.447 Y82.994 E.01232
G1 X89.824 Y84.191 E.04455
G1 X89.717 Y84.327 E.00571
G1 X89.381 Y84.109 F9000
G1 F3600
G1 X89.29 Y84.213 E.00456
G1 X88.257 Y84.925 E.04142
G1 X87.999 Y85.023 E.00911
G1 X86.753 Y85.174 E.04144
G1 X86.48 Y85.141 E.00908
G1 X85.306 Y84.696 E.04145
G1 X85.08 Y84.54 E.00907
G1 X84.247 Y83.6 E.04147
G1 X84.119 Y83.356 E.0091
G1 X83.819 Y82.138 E.04142
G1 X83.819 Y81.862 E.00911
G1 X84.119 Y80.644 E.04142
G1 X84.251 Y80.396 E.00928
G1 X85.106 Y79.448 E.04215
G1 X85.33 Y79.295 E.00896
G1 X86.48 Y78.859 E.04061
G1 X86.753 Y78.826 E.00908
G1 X87.999 Y78.977 E.04144
G1 X88.257 Y79.075 E.00911
G1 X89.29 Y79.787 E.04142
G1 X89.472 Y79.994 E.0091
G1 X90.056 Y81.105 E.04144
G1 X90.122 Y81.372 E.00908
G1 X90.122 Y82.628 E.04147
G1 X90.056 Y82.895 E.00908
G1 X89.472 Y84.006 E.04144
G1 X89.421 Y84.064 E.00255
G1 X89.092 Y83.854 F9000
;TYPE:External perimeter
;WIDTH:0.419999
G1 F3600
G1 X88.553 Y84.25 E.02097
G1 X88.037 Y84.607 E.01967
G1 X87.953 Y84.639 E.00282
G1 X86.707 Y84.79 E.03935
G1 X86.617 Y84.779 E.00284
G1 X85.444 Y84.334 E.03934
G1 X85.095 Y83.974 E.01572
G1 X84.537 Y83.344 E.02639
G1 X84.495 Y83.264 E.00283
G1 X84.195 Y82.045 E.03936
G1 X84.195 Y81.955 E.00282
G1 X84.495 Y80.736 E.03936
G1 X84.538 Y80.655 E.00288
G1 X85.394 Y79.707 E.04005
G1 X85.467 Y79.657 E.00277
G1 X86.617 Y79.221 E.03856
G1 X86.707 Y79.21 E.00284
G1 X87.953 Y79.361 E.03935
G1 X88.037 Y79.393 E.00282
G1 X89.07 Y80.106 E.03935
G1 X89.13 Y80.174 E.00284
G1 X89.713 Y81.285 E.03934
G1 X89.734 Y82.628 E.04211
G1 X89.135 Y83.815 E.04169
G1 E-3.5
;WIPE_START
G1 F7200
G1 X89.092 Y83.854 E-.02757
G1 X88.553 Y84.25 E-.3177
G1 X88.037 Y84.607 E-.29804
G1 X87.953 Y84.639 E-.0427
G1 X86.707 Y84.79 E-.59618
G1 X86.617 Y84.779 E-.04307
G1 X86.273 Y84.649 E-.17474
;WIPE_END
G1 X174.423 Y82 F9000
G1 E5 F2400
;TYPE:Perimeter
;WIDTH:0.439999
G1 F3600
G1 X174.433 Y81.767 E.0077
G1 X174.734 Y80.549 E.04142
G1 X174.874 Y80.234 E.01138
G1 X174.956 Y80.13 E.00437
G1 X175.812 Y79.182 E.04217
G1 X176.044 Y78.993 E.00988
G1 X177.339 Y78.488 E.04589
G1 X177.684 Y78.424 E.01159
G1 X179.047 Y78.583 E.04531
G1 X179.28 Y78.641 E.00793
G1 X179.482 Y78.748 E.00755
G1 X180.515 Y79.461 E.04144
G1 X180.734 Y79.668 E.00995
G1 X180.824 Y79.809 E.00552
G1 X181.407 Y80.92 E.04143
G1 X181.49 Y81.136 E.00764
G1 X181.519 Y81.372 E.00785
G1 X181.519 Y82.628 E.04147
G1 X181.49 Y82.864 E.00785
G1 X181.407 Y83.08 E.00764
G1 X180.824 Y84.191 E.04143
G1 X180.629 Y84.447 E.01063
G1 X179.482 Y85.252 E.04627
G1 X179.141 Y85.401 E.01229
G1 X177.769 Y85.561 E.04561
G1 X177.407 Y85.533 E.01199
G1 X176.166 Y85.067 E.04377
G1 X175.872 Y84.892 E.0113
G1 X174.95 Y83.864 E.04559
G1 X174.763 Y83.547 E.01215
G1 X174.417 Y82.15 E.04752
G1 X174.421 Y82.06 E.00297
G1 X174.819 Y82 F9000
G1 F3600
G1 X174.819 Y81.862 E.00456
G1 X175.119 Y80.644 E.04142
G1 X175.251 Y80.396 E.00928
G1 X176.106 Y79.448 E.04215
G1 X176.33 Y79.295 E.00896
G1 X177.48 Y78.859 E.04061
G1 X177.753 Y78.826 E.00908
G1 X178.999 Y78.977 E.04144
G1 X179.257 Y79.075 E.00911
G1 X180.29 Y79.788 E.04144
G1 X180.472 Y79.994 E.00908
G1 X181.056 Y81.105 E.04144
G1 X181.122 Y81.372 E.00908
G1 X181.122 Y82.628 E.04147
G1 X181.056 Y82.895 E.00908
G1 X180.472 Y84.006 E.04144
G1 X180.29 Y84.213 E.0091
G1 X179.257 Y84.925 E.04142
G1 X178.994 Y85.024 E.00928
G1 X177.725 Y85.166 E.04216
G1 X177.456 Y85.132 E.00895
G1 X176.306 Y84.696 E.04061
G1 X176.133 Y84.592 E.00666
G1 X175.247 Y83.6 E.04391
G1 X175.119 Y83.356 E.0091
G1 X174.819 Y82.138 E.04142
G1 X174.819 Y82.06 E.00258
G1 X175.189 Y82 F9000
;TYPE:External perimeter
;WIDTH:0.419999
G1 F3600
G1 X175.495 Y80.736 E.04078
G1 X175.538 Y80.655 E.00288
G1 X176.394 Y79.707 E.04005
G1 X176.467 Y79.657 E.00277
G1 X177.617 Y79.221 E.03856
G1 X177.707 Y79.21 E.00284
G1 X178.953 Y79.361 E.03935
G1 X179.037 Y79.393 E.00282
G1 X180.07 Y80.106 E.03935
G1 X180.13 Y80.174 E.00284
G1 X180.713 Y81.285 E.03934
G1 X180.734 Y81.372 E.00281
G1 X180.734 Y82.628 E.03938
G1 X180.713 Y82.715 E.00281
G1 X180.13 Y83.826 E.03934
G1 X180.07 Y83.894 E.00284
G1 X179.037 Y84.607 E.03935
G1 X178.951 Y84.639 E.00288
G1 X177.682 Y84.781 E.04004
G1 X177.019 Y84.552 E.02199
G1 X176.387 Y84.3 E.02133
G1 X175.537 Y83.344 E.04011
G1 X175.204 Y82.058 E.04165
G1 E-3.5
;WIPE_START
G1 F7200
G1 X175.189 Y82 E-.02846
G1 X175.495 Y80.736 E-.61774
G1 X175.538 Y80.655 E-.04356
G1 X176.394 Y79.707 E-.60671
G1 X176.467 Y79.657 E-.04203
G1 X176.785 Y79.536 E-.1615
;WIPE_END
G1 X177.854 Y143.526 F9000
G1 E5 F2400
;TYPE:Perimeter
;WIDTH:0.439999
G1 F3600
G1 X177.873 Y143.522 E.00064
G1 X178.242 Y143.525 E.01218
G1 X179.205 Y143.716 E.03241
G1 X179.555 Y143.861 E.01251
G1 X180.374 Y144.408 E.03252
G1 X180.642 Y144.676 E.01251
G1 X181.189 Y145.495 E.03252
G1 X181.334 Y145.845 E.01251
G1 X181.525 Y146.808 E.03241
G1 X181.544 Y146.998 E.0063
G1 X181.544 Y152.002 E.16522
G1 X181.525 Y152.192 E.0063
G1 X181.334 Y153.155 E.03241
G1 X181.189 Y153.505 E.01251
G1 X180.642 Y154.324 E.03252
G1 X180.374 Y154.592 E.01251
G1 X179.555 Y155.139 E.03252
G1 X179.187 Y155.287 E.0131
G1 X178.12 Y155.479 E.0358
G1 X177.758 Y155.475 E.01195
G1 X176.795 Y155.284 E.03241
G1 X176.445 Y155.139 E.01251
G1 X175.626 Y154.592 E.03252
G1 X175.358 Y154.324 E.01251
G1 X174.811 Y153.505 E.03252
G1 X174.666 Y153.155 E.01251
G1 X174.475 Y152.192 E.03241
G1 X174.456 Y152.002 E.0063
G1 X174.456 Y146.998 E.16522
G1 X174.666 Y145.845 E.0387
G1 X174.811 Y145.495 E.01251
G1 X175.358 Y144.676 E.03252
G1 X175.626 Y144.408 E.01251
G1 X176.428 Y143.872 E.03185
G1 X176.79 Y143.725 E.0129
G1 X177.795 Y143.537 E.03376
G1 X177.893 Y143.923 F9000
G1 F3600
G1 X177.946 Y143.913 E.00178
G1 X178.164 Y143.914 E.0072
G1 X179.127 Y144.106 E.03242
G1 X179.335 Y144.191 E.00742
G1 X180.153 Y144.738 E.03249
G1 X180.312 Y144.897 E.00742
G1 X180.859 Y145.715 E.03249
G1 X180.944 Y145.923 E.00742
G1 X181.147 Y146.998 E.03612
G1 X181.136 Y152.114 E.16892
G1 X180.944 Y153.077 E.03242
G1 X180.859 Y153.285 E.00742
G1 X180.312 Y154.103 E.03249
G1 X180.153 Y154.262 E.00742
G1 X179.335 Y154.809 E.03249
G1 X179.117 Y154.896 E.00775
G1 X178.05 Y155.088 E.0358
G1 X177.836 Y155.086 E.00707
G1 X176.873 Y154.894 E.03242
G1 X176.665 Y154.809 E.00742
G1 X175.847 Y154.262 E.03249
G1 X175.688 Y154.103 E.00742
G1 X175.141 Y153.285 E.03249
G1 X175.056 Y153.077 E.00742
G1 X174.853 Y152.002 E.03612
G1 X174.853 Y146.998 E.16522
G1 X175.056 Y145.923 E.03612
G1 X175.141 Y145.715 E.00742
G1 X175.688 Y144.897 E.03249
G1 X175.847 Y144.738 E.00742
G1 X176.649 Y144.202 E.03185
G1 X176.863 Y144.115 E.00763
G1 X177.834 Y143.934 E.03261
G1 X177.931 Y144.309 F9000
;TYPE:External perimeter
;WIDTH:0.419999
G1 F3600
G1 X178.017 Y144.293 E.00274
G1 X179.052 Y144.485 E.03301
G1 X179.938 Y145.06 E.03312
G1 X180.537 Y145.93 E.03312
G1 X180.76 Y146.998 E.03421
G1 X180.756 Y152.039 E.15806
G1 X180.565 Y153.002 E.03078
G1 X179.99 Y153.888 E.03312
G1 X179.12 Y154.487 E.03312
G1 X178.226 Y154.663 E.02857
G1 X177.911 Y154.706 E.00997
G1 X176.948 Y154.515 E.03078
G1 X176.062 Y153.94 E.03312
G1 X175.463 Y153.07 E.03312
G1 X175.24 Y152.002 E.03421
G1 X175.24 Y146.998 E.1569
G1 X175.435 Y145.998 E.03194
G1 X176.01 Y145.112 E.03312
G1 X176.864 Y144.524 E.03251
G1 X176.934 Y144.496 E.00236
G1 X177.872 Y144.32 E.02992
G1 E-3.5
;WIPE_START
G1 F7200
G1 X177.931 Y144.309 E-.02851
G1 X178.017 Y144.293 E-.04155
G1 X179.052 Y144.485 E-.50001
G1 X179.938 Y145.06 E-.50171
G1 X180.449 Y145.803 E-.42822
;WIPE_END
G1 X177.855 Y168.54 F9000
G1 E5 F2400
;TYPE:Perimeter
;WIDTH:0.439999
G1 F3600
G1 X178.13 Y168.509 E.00914
G1 X178.895 Y168.654 E.02571
G1 X179.435 Y168.793 E.01841
G1 X180.374 Y169.408 E.03706
G1 X180.642 Y169.676 E.01251
G1 X181.189 Y170.495 E.03252
G1 X181.334 Y170.845 E.01251
G1 X181.525 Y171.808 E.03241
G1 X181.544 Y171.998 E.0063
G1 X181.544 Y177.002 E.16522
G1 X181.334 Y178.155 E.0387
G1 X181.189 Y178.505 E.01251
G1 X180.642 Y179.324 E.03252
G1 X180.374 Y179.592 E.01251
G1 X179.555 Y180.139 E.03252
G1 X179.187 Y180.287 E.0131
G1 X178.116 Y180.48 E.03593
G1 X177.758 Y180.475 E.01182
G1 X176.795 Y180.284 E.03241
G1 X176.445 Y180.139 E.01251
G1 X175.626 Y179.592 E.03252
G1 X175.358 Y179.324 E.01251
G1 X174.811 Y178.505 E.03252
G1 X174.666 Y178.155 E.01251
G1 X174.475 Y177.192 E.03241
G1 X174.456 Y177.002 E.0063
G1 X174.456 Y171.998 E.16522
G1 X174.666 Y170.845 E.0387
G1 X174.811 Y170.495 E.01251
G1 X175.358 Y169.676 E.03252
G1 X175.626 Y169.408 E.01251
G1 X176.445 Y168.861 E.03252
G1 X176.801 Y168.715 E.0127
G1 X177.635 Y168.565 E.02798
G1 X177.796 Y168.547 E.00535
G1 X177.893 Y168.922 F9000
G1 F3600
G1 X177.95 Y168.912 E.00191
G1 X178.164 Y168.914 E.00707
G1 X179.127 Y169.106 E.03242
G1 X179.335 Y169.191 E.00742
G1 X180.153 Y169.738 E.03249
G1 X180.312 Y169.897 E.00742
G1 X180.859 Y170.715 E.03249
G1 X180.944 Y170.923 E.00742
G1 X181.136 Y171.886 E.03242
G1 X181.147 Y177.002 E.16892
G1 X180.944 Y178.077 E.03612
G1 X180.859 Y178.285 E.00742
G1 X180.312 Y179.103 E.03249
G1 X180.153 Y179.262 E.00742
G1 X179.335 Y179.809 E.03249
G1 X179.117 Y179.896 E.00775
G1 X178.047 Y180.088 E.03589
G1 X177.836 Y180.086 E.00697
G1 X176.873 Y179.894 E.03242
G1 X176.665 Y179.809 E.00742
G1 X175.847 Y179.262 E.03249
G1 X175.688 Y179.103 E.00742
G1 X175.141 Y178.285 E.03249
G1 X175.056 Y178.077 E.00742
G1 X174.853 Y177.002 E.03612
G1 X174.853 Y171.998 E.16522
G1 X175.056 Y170.923 E.03612
G1 X175.141 Y170.715 E.00742
G1 X175.688 Y169.897 E.03249
G1 X175.847 Y169.738 E.00742
G1 X176.665 Y169.191 E.03249
G1 X176.883 Y169.104 E.00775
G1 X177.834 Y168.933 E.0319
G1 X177.932 Y169.315 F9000
;TYPE:External perimeter
;WIDTH:0.419999
G1 F3600
G1 X178.089 Y169.294 E.00497
G1 X179.052 Y169.485 E.03078
G1 X179.938 Y170.06 E.03312
G1 X180.537 Y170.93 E.03312
G1 X180.756 Y171.961 E.03305
G1 X180.76 Y177.002 E.15806
G1 X180.565 Y178.002 E.03194
G1 X179.99 Y178.888 E.03312
G1 X179.12 Y179.487 E.03312
G1 X179.048 Y179.515 E.00242
G1 X177.98 Y179.707 E.03402
G1 X176.948 Y179.515 E.03291
G1 X176.062 Y178.94 E.03312
G1 X175.649 Y178.347 E.02266
G1 X175.435 Y178.002 E.01273
G1 X175.24 Y177.002 E.03194
G1 X175.24 Y171.998 E.1569
G1 X175.435 Y170.998 E.03194
G1 X176.01 Y170.112 E.03312
G1 X176.88 Y169.513 E.03312
G1 X177.774 Y169.337 E.02857
G1 X177.872 Y169.323 E.0031
G1 E-3.5
;WIPE_START
G1 F7200
G1 X177.932 Y169.315 E-.02875
G1 X178.089 Y169.294 E-.07524
G1 X179.052 Y169.485 E-.46634
G1 X179.938 Y170.06 E-.50171
G1 X180.449 Y170.802 E-.42796
;WIPE_END
G1 X168.412 Y187.006 F9000
G1 E5 F2400
;TYPE:Perimeter
;WIDTH:0.439999
G1 F7200
G1 X72.994 Y91.588 E4.4554
G1 X72.994 Y72.994 E.61392
G1 X187.006 Y72.994 E3.76436
G1 X187.006 Y76.784 E.12514
G1 X187.006 Y187.006 E3.63923
G1 X168.472 Y187.006 E.61194
G1 X168.247 Y187.403 F9000
G1 F7200
G1 X72.597 Y91.753 E4.46623
G1 X72.597 Y72.597 E.63248
G1 X187.403 Y72.597 E3.79058
G1 X187.403 Y76.784 E.13824
G1 X187.403 Y187.403 E3.65234
G1 X168.307 Y187.403 E.6305
G1 X168.087 Y187.79 F9000
;TYPE:External perimeter
;WIDTH:0.419999
G1 F3600
G1 X72.21 Y91.913 E4.25134
G1 X72.21 Y72.21 E.61777
G1 X187.79 Y72.21 E3.62392
G1 X187.79 Y76.784 E.14341
G1 X187.79 Y187.79 E3.48051
G1 X168.147 Y187.79 E.61589
G1 E-3.5
;WIPE_START
G1 F7200
G1 X168.087 Y187.79 E-.0285
G1 X165.896 Y185.599 E-1.4715
;WIPE_END
G1 X186.881 Y73.844 F9000
G1 E5 F2400
;TYPE:Top solid infill
;WIDTH:0.401186
G1 F3600
G1 X186.317 Y73.28 E.02376
G1 X185.81 Y73.28 E.0151
G1 X186.72 Y74.19 E.03834
G1 X186.72 Y74.696 E.01507
G1 X185.304 Y73.28 E.05966
G1 X184.797 Y73.28 E.0151
G1 X186.72 Y75.203 E.08101
G1 X186.72 Y75.71 E.0151
G1 X184.29 Y73.28 E.10237
G1 X183.784 Y73.28 E.01507
G1 X186.72 Y76.216 E.12369
G1 X186.72 Y76.723 E.0151
G1 X183.277 Y73.28 E.14505
G1 X182.77 Y73.28 E.0151
G1 X186.72 Y77.23 E.16641
G1 X186.72 Y77.736 E.01507
G1 X182.264 Y73.28 E.18773
G1 X181.757 Y73.28 E.0151
G1 X186.72 Y78.243 E.20909
G1 X186.72 Y78.75 E.0151
G1 X181.25 Y73.28 E.23045
G1 X180.744 Y73.28 E.01507
G1 X186.72 Y79.256 E.25176
G1 X186.72 Y79.763 E.0151
G1 X180.237 Y73.28 E.27312
G1 X179.73 Y73.28 E.0151
G1 X186.72 Y80.27 E.29448
G1 X186.72 Y80.776 E.01507
G1 X179.224 Y73.28 E.3158
G1 X178.717 Y73.28 E.0151
G1 X186.72 Y81.283 E.33716
G1 X186.72 Y81.79 E.0151
G1 X178.21 Y73.28 E.35852
G1 X177.704 Y73.28 E.01507
G1 X186.72 Y82.296 E.37984
G1 X186.72 Y82.803 E.0151
G1 X177.197 Y73.28 E.4012
G1 X176.69 Y73.28 E.0151
G1 X186.72 Y83.31 E.42256
G1 X186.72 Y83.816 E.01507
G1 X176.184 Y73.28 E.44387
G1 X175.677 Y73.28 E.0151
G1 X186.72 Y84.323 E.46523
G1 X186.72 Y84.83 E.0151
G1 X175.17 Y73.28 E.48659
G1 X174.664 Y73.28 E.01507
G1 X186.72 Y85.336 E.50791
G1 X186.72 Y85.843 E.0151
G1 X181.655 Y80.778 E.21339
G1 X181.767 Y81.067 E.00923
G1 X181.804 Y81.434 E.01099
G1 X186.72 Y86.35 E.20711
G1 X186.72 Y86.856 E.01507
G1 X181.804 Y81.94 E.20711
G1 X181.804 Y82.447 E.0151
G1 X186.72 Y87.363 E.20711
G1 X186.72 Y87.87 E.0151
G1 X181.769 Y82.919 E.20858
G1 X181.624 Y83.281 E.01162
G1 X186.72 Y88.376 E.21467
G1 X186.72 Y88.883 E.0151
G1 X181.45 Y83.613 E.22202
G1 X181.276 Y83.945 E.01117
G1 X186.72 Y89.39 E.22937
G1 X186.72 Y89.896 E.01507
G1 X181.101 Y84.277 E.23672
G1 X180.962 Y84.505 E.00795
G1 X180.895 Y84.578 E.00295
G1 X186.72 Y90.403 E.2454
G1 X186.72 Y90.909 E.01507
G1 X180.623 Y84.812 E.25686
G1 X180.323 Y85.019 E.01086
G1 X186.72 Y91.416 E.2695
G1 X186.72 Y91.923 E.0151
G1 X180.023 Y85.226 E.28214
G1 X179.724 Y85.433 E.01083
G1 X186.72 Y92.429 E.29474
G1 X186.72 Y92.936 E.0151
G1 X179.396 Y85.612 E.30856
G1 X179.204 Y85.68 E.00607
G1 X178.984 Y85.706 E.0066
G1 X186.72 Y93.443 E.32593
G1 X186.72 Y93.949 E.01507
G1 X178.53 Y85.759 E.34504
G1 X178.076 Y85.812 E.01362
G1 X186.72 Y94.456 E.36417
G1 X186.72 Y94.963 E.0151
G1 X177.598 Y85.841 E.3843
G1 X177.467 Y85.838 E.0039
G1 X177.219 Y85.772 E.00765
G1 X176.904 Y85.653 E.01003
G1 X186.881 Y95.63 E.42032
G1 E-3.5
;WIPE_START
G1 F7200
G1 X184.648 Y93.397 E-1.5
;WIPE_END
G1 X173.996 Y73.119 F9000
G1 E5 F2400
G1 F3600
G1 X179.207 Y78.33 E.21954
G1 X178.613 Y78.242 E.01789
G1 X173.65 Y73.28 E.20907
G1 X173.144 Y73.28 E.01507
G1 X178.036 Y78.172 E.2061
G1 X177.83 Y78.147 E.00618
G1 X177.51 Y78.152 E.00953
G1 X172.637 Y73.28 E.20528
G1 X172.13 Y73.28 E.0151
G1 X177.117 Y78.266 E.21008
G1 X176.749 Y78.406 E.01173
G1 X171.624 Y73.28 E.21593
G1 X171.117 Y73.28 E.0151
G1 X176.382 Y78.545 E.22181
G1 X176.019 Y78.689 E.01163
G1 X170.611 Y73.28 E.22786
G1 X170.104 Y73.28 E.0151
G1 X175.709 Y78.885 E.23613
G1 X175.461 Y79.144 E.01068
G1 X169.597 Y73.28 E.24705
G1 X169.091 Y73.28 E.01507
G1 X175.221 Y79.41 E.25825
G1 X174.98 Y79.676 E.01069
G1 X168.584 Y73.28 E.26946
G1 X168.077 Y73.28 E.0151
G1 X174.74 Y79.943 E.28071
G1 X174.541 Y80.25 E.0109
G1 X167.571 Y73.28 E.29364
G1 X167.064 Y73.28 E.0151
G1 X174.419 Y80.635 E.30986
G1 X174.32 Y81.042 E.01248
G1 X166.557 Y73.28 E.32703
G1 X166.051 Y73.28 E.01507
G1 X174.221 Y81.45 E.3442
G1 X174.132 Y81.868 E.01273
G1 X165.544 Y73.28 E.36181
G1 X165.037 Y73.28 E.0151
G1 X174.188 Y82.431 E.38553
G1 X174.354 Y83.103 E.02062
G1 X164.531 Y73.28 E.41384
G1 X164.024 Y73.28 E.0151
G1 X186.72 Y95.976 E.95617
G1 X186.72 Y96.483 E.0151
G1 X163.517 Y73.28 E.97753
G1 X163.011 Y73.28 E.01507
G1 X186.72 Y96.989 E.99884
G1 X186.72 Y97.496 E.0151
G1 X162.504 Y73.28 E1.0202
G1 X161.997 Y73.28 E.0151
G1 X186.72 Y98.003 E1.04156
G1 X186.72 Y98.509 E.01507
G1 X161.491 Y73.28 E1.06288
G1 X160.984 Y73.28 E.0151
G1 X186.72 Y99.016 E1.08424
G1 X186.72 Y99.523 E.0151
G1 X160.477 Y73.28 E1.1056
G1 X159.971 Y73.28 E.01507
G1 X186.72 Y100.029 E1.12692
G1 X186.72 Y100.536 E.0151
G1 X159.464 Y73.28 E1.14828
G1 X158.957 Y73.28 E.0151
G1 X186.72 Y101.043 E1.16964
G1 X186.72 Y101.549 E.01507
G1 X158.451 Y73.28 E1.19095
G1 X157.944 Y73.28 E.0151
G1 X186.72 Y102.056 E1.21231
G1 X186.72 Y102.563 E.0151
G1 X157.437 Y73.28 E1.23367
G1 X156.931 Y73.28 E.01507
G1 X186.72 Y103.069 E1.25499
G1 X186.72 Y103.576 E.0151
G1 X156.424 Y73.28 E1.27635
G1 X155.917 Y73.28 E.0151
G1 X186.72 Y104.083 E1.29771
G1 X186.72 Y104.589 E.01507
G1 X155.411 Y73.28 E1.31903
G1 X154.904 Y73.28 E.0151
G1 X186.72 Y105.096 E1.34039
G1 X186.72 Y105.603 E.0151
G1 X154.397 Y73.28 E1.36175
G1 X153.891 Y73.28 E.01507
G1 X186.72 Y106.109 E1.38306
G1 X186.72 Y106.616 E.0151
G1 X153.384 Y73.28 E1.40442
G1 X152.877 Y73.28 E.0151
G1 X186.72 Y107.123 E1.42578
G1 X186.72 Y107.629 E.01507
G1 X152.371 Y73.28 E1.4471
G1 X151.864 Y73.28 E.0151
G1 X186.72 Y108.136 E1.46846
G1 X186.72 Y108.643 E.0151
G1 X151.357 Y73.28 E1.48982
G1 X150.851 Y73.28 E.01507
G1 X168.336 Y90.765 E.73663
G1 X168.571 Y90.846 E.0074
G1 X168.724 Y90.934 E.00526
G1 X168.931 Y91.108 E.00806
G1 X169.121 Y91.365 E.00952
G1 X169.237 Y91.666 E.00961
G1 X186.72 Y109.149 E.73655
G1 X186.72 Y109.656 E.0151
G1 X169.28 Y92.216 E.73474
G1 X169.28 Y92.723 E.0151
G1 X186.72 Y110.163 E.73474
G1 X186.72 Y110.669 E.01507
G1 X169.28 Y93.229 E.73474
G1 X169.28 Y93.736 E.0151
G1 X186.72 Y111.176 E.73474
G1 X186.72 Y111.683 E.0151
G1 X169.28 Y94.243 E.73474
G1 X169.28 Y94.749 E.01507
G1 X186.72 Y112.189 E.73474
G1 X186.72 Y112.696 E.0151
G1 X169.28 Y95.256 E.73474
G1 X169.28 Y95.763 E.0151
G1 X186.72 Y113.203 E.73474
G1 X186.72 Y113.709 E.01507
G1 X169.28 Y96.269 E.73474
G1 X169.28 Y96.776 E.0151
G1 X186.72 Y114.216 E.73474
G1 X186.72 Y114.723 E.0151
G1 X169.28 Y97.283 E.73474
G1 X169.28 Y97.789 E.01507
G1 X186.72 Y115.229 E.73474
G1 X186.72 Y115.736 E.0151
G1 X169.28 Y98.296 E.73474
G1 X169.28 Y98.803 E.0151
G1 X186.72 Y116.243 E.73474
G1 X186.72 Y116.749 E.01507
G1 X169.28 Y99.309 E.73474
G1 X169.28 Y99.816 E.0151
G1 X186.72 Y117.256 E.73474
G1 X186.72 Y117.763 E.0151
G1 X169.28 Y100.323 E.73474
G1 X169.28 Y100.829 E.01507
G1 X186.72 Y118.269 E.73474
G1 X186.72 Y118.776 E.0151
G1 X169.28 Y101.336 E.73474
G1 X169.28 Y101.843 E.0151
G1 X186.72 Y119.283 E.73474
G1 X186.72 Y119.789 E.01507
G1 X169.28 Y102.349 E.73474
G1 X169.28 Y102.856 E.0151
G1 X186.72 Y120.296 E.73474
G1 X186.72 Y120.803 E.0151
G1 X169.28 Y103.363 E.73474
G1 X169.28 Y103.869 E.01507
G1 X186.72 Y121.309 E.73474
G1 X186.72 Y121.816 E.0151
G1 X169.28 Y104.376 E.73474
G1 X169.28 Y104.883 E.0151
G1 X186.72 Y122.323 E.73474
G1 X186.72 Y122.829 E.01507
G1 X169.28 Y105.389 E.73474
G1 X169.28 Y105.896 E.0151
G1 X186.72 Y123.336 E.73474
G1 X186.72 Y123.843 E.0151
G1 X169.28 Y106.403 E.73474
G1 X169.28 Y106.909 E.01507
G1 X186.72 Y124.349 E.73474
G1 X186.72 Y124.856 E.0151
G1 X169.28 Y107.416 E.73474
G1 X169.28 Y107.923 E.0151
G1 X186.72 Y125.363 E.73474
G1 X186.72 Y125.869 E.01507
G1 X169.28 Y108.429 E.73474
G1 X169.28 Y108.936 E.0151
G1 X186.72 Y126.376 E.73474
G1 X186.72 Y126.883 E.0151
G1 X169.28 Y109.442 E.73476
G1 X169.28 Y109.949 E.0151
G1 X186.72 Y127.389 E.73474
G1 X186.72 Y127.896 E.0151
G1 X169.28 Y110.456 E.73474
G1 X169.28 Y110.962 E.01507
G1 X186.72 Y128.403 E.73476
G1 X186.72 Y128.909 E.01507
G1 X169.28 Y111.469 E.73474
G1 X169.28 Y111.976 E.0151
G1 X186.72 Y129.416 E.73474
G1 X186.72 Y129.923 E.0151
G1 X169.28 Y112.482 E.73476
G1 X169.28 Y112.989 E.0151
G1 X186.72 Y130.429 E.73474
G1 X186.72 Y130.936 E.0151
G1 X169.28 Y113.496 E.73474
G1 X169.28 Y114.002 E.01507
G1 X186.72 Y131.443 E.73476
G1 X186.72 Y131.949 E.01507
G1 X169.28 Y114.509 E.73474
G1 X169.28 Y115.016 E.0151
G1 X186.72 Y132.456 E.73474
G1 X186.72 Y132.963 E.0151
G1 X169.28 Y115.522 E.73476
G1 X169.28 Y116.029 E.0151
G1 X186.72 Y133.469 E.73474
G1 X186.72 Y133.976 E.0151
G1 X169.28 Y116.536 E.73474
G1 X169.28 Y117.042 E.01507
G1 X186.72 Y134.483 E.73476
G1 X186.72 Y134.989 E.01507
G1 X169.28 Y117.549 E.73474
G1 X169.28 Y118.056 E.0151
G1 X186.72 Y135.496 E.73474
G1 X186.72 Y136.003 E.0151
G1 X169.28 Y118.562 E.73476
G1 X169.28 Y119.069 E.0151
G1 X186.72 Y136.509 E.73474
G1 X186.72 Y137.016 E.0151
G1 X169.28 Y119.576 E.73474
G1 X169.28 Y120.082 E.01507
G1 X186.72 Y137.523 E.73476
G1 X186.72 Y138.029 E.01507
G1 X169.28 Y120.589 E.73474
G1 X169.28 Y121.096 E.0151
G1 X186.72 Y138.536 E.73474
G1 X186.72 Y139.043 E.0151
G1 X169.28 Y121.602 E.73476
G1 X169.28 Y122.109 E.0151
G1 X186.72 Y139.549 E.73474
G1 X186.72 Y140.056 E.0151
G1 X169.28 Y122.616 E.73474
G1 X169.28 Y123.122 E.01507
G1 X186.72 Y140.563 E.73476
G1 X186.72 Y141.069 E.01507
G1 X169.28 Y123.629 E.73474
G1 X169.28 Y124.136 E.0151
G1 X186.72 Y141.576 E.73474
G1 X186.72 Y142.083 E.0151
G1 X169.28 Y124.642 E.73476
G1 X169.28 Y125.149 E.0151
G1 X186.72 Y142.589 E.73474
G1 X186.72 Y143.096 E.0151
G1 X169.28 Y125.656 E.73474
G1 X169.28 Y126.162 E.01507
G1 X186.72 Y143.603 E.73476
G1 X186.72 Y144.109 E.01507
G1 X169.28 Y126.669 E.73474
G1 X169.28 Y127.176 E.0151
G1 X186.72 Y144.616 E.73474
G1 X186.72 Y145.123 E.0151
G1 X169.28 Y127.682 E.73476
G1 X169.28 Y128.189 E.0151
G1 X186.72 Y145.629 E.73474
G1 X186.72 Y146.136 E.0151
G1 X169.28 Y128.696 E.73474
G1 X169.28 Y129.202 E.01507
G1 X186.72 Y146.643 E.73476
G1 X186.72 Y147.149 E.01507
G1 X169.28 Y129.709 E.73474
G1 X169.28 Y130.216 E.0151
G1 X186.72 Y147.656 E.73474
G1 X186.72 Y148.163 E.0151
G1 X169.28 Y130.722 E.73476
G1 X169.28 Y131.229 E.0151
G1 X186.72 Y148.669 E.73474
G1 X186.72 Y149.176 E.0151
G1 X169.28 Y131.736 E.73474
G1 X169.28 Y132.242 E.01507
G1 X186.72 Y149.683 E.73476
G1 X186.72 Y150.189 E.01507
G1 X169.28 Y132.749 E.73474
G1 X169.28 Y133.256 E.0151
G1 X179.583 Y143.559 E.43406
G1 X179.709 Y143.62 E.00417
G1 X180.536 Y144.173 E.02964
G1 X180.716 Y144.32 E.00692
G1 X180.877 Y144.514 E.00751
G1 X181.429 Y145.339 E.02957
G1 X181.504 Y145.48 E.00476
G1 X186.72 Y150.696 E.21975
G1 X186.72 Y151.203 E.0151
G1 X181.69 Y146.173 E.21191
G1 X181.811 Y146.8 E.01902
G1 X186.72 Y151.709 E.20681
G1 X186.72 Y152.216 E.0151
G1 X181.83 Y147.326 E.20601
G1 X181.83 Y147.832 E.01507
G1 X186.72 Y152.723 E.20603
G1 X186.72 Y153.229 E.01507
G1 X181.83 Y148.339 E.20601
G1 X181.83 Y148.846 E.0151
G1 X186.72 Y153.736 E.20601
G1 X186.72 Y154.243 E.0151
G1 X181.83 Y149.352 E.20603
G1 X181.83 Y149.859 E.0151
G1 X186.72 Y154.749 E.20601
G1 X186.72 Y155.256 E.0151
G1 X181.83 Y150.366 E.20601
G1 X181.83 Y150.872 E.01507
G1 X186.72 Y155.763 E.20603
G1 X186.72 Y156.269 E.01507
G1 X181.83 Y151.379 E.20601
G1 X181.83 Y151.886 E.0151
G1 X186.72 Y156.776 E.20601
G1 X186.72 Y157.283 E.0151
G1 X181.786 Y152.348 E.20789
G1 X181.702 Y152.771 E.01285
G1 X186.72 Y157.789 E.21141
G1 X186.72 Y158.296 E.0151
G1 X181.618 Y153.193 E.21496
G1 X181.541 Y153.451 E.00802
G1 X181.481 Y153.563 E.00379
G1 X186.72 Y158.803 E.22074
G1 X186.72 Y159.309 E.01507
G1 X181.286 Y153.875 E.22893
G1 X181.083 Y154.178 E.01086
G1 X186.72 Y159.816 E.2375
G1 X186.72 Y160.323 E.0151
G1 X180.88 Y154.482 E.24606
G1 X180.716 Y154.68 E.00766
G1 X180.636 Y154.745 E.00307
G1 X186.72 Y160.829 E.25631
G1 X186.72 Y161.336 E.0151
G1 X180.341 Y154.957 E.26874
G1 X180.038 Y155.16 E.01086
G1 X186.72 Y161.843 E.28153
G1 X186.72 Y162.349 E.01507
G1 X179.734 Y155.363 E.29432
G1 X179.548 Y155.47 E.00639
G1 X179.386 Y155.522 E.00507
G1 X186.72 Y162.856 E.30898
G1 X186.72 Y163.363 E.0151
G1 X178.973 Y155.616 E.32638
G1 X178.544 Y155.693 E.01298
G1 X186.72 Y163.869 E.34445
G1 X186.72 Y164.376 E.0151
G1 X178.11 Y155.766 E.36273
G1 X177.956 Y155.78 E.00461
G1 X177.566 Y155.729 E.01172
G1 X186.72 Y164.883 E.38565
G1 X186.72 Y165.389 E.01507
G1 X176.722 Y155.391 E.42121
G1 E-3.5
;WIPE_START
G1 F7200
G1 X178.955 Y157.624 E-1.5
;WIPE_END
G1 X179.09 Y143.572 F9000
G1 E5 F2400
G1 F3600
G1 X169.28 Y133.762 E.41329
G1 X169.28 Y134.269 E.0151
G1 X178.252 Y143.241 E.37798
G1 X177.94 Y143.225 E.00931
G1 X177.761 Y143.257 E.00542
G1 X169.28 Y134.776 E.3573
G1 X169.28 Y135.282 E.01507
G1 X177.333 Y143.335 E.33927
G1 X176.904 Y143.413 E.01299
G1 X169.28 Y135.789 E.32119
G1 X169.28 Y136.296 E.0151
G1 X176.503 Y143.519 E.3043
G1 X176.432 Y143.542 E.00222
G1 X176.175 Y143.698 E.00896
G1 X169.28 Y136.802 E.2905
G1 X169.28 Y137.309 E.0151
G1 X175.871 Y143.901 E.2777
G1 X175.568 Y144.104 E.01086
G1 X169.28 Y137.816 E.26491
G1 X169.28 Y138.322 E.01507
G1 X175.281 Y144.323 E.25282
G1 X175.06 Y144.609 E.01077
G1 X169.28 Y138.829 E.24351
G1 X169.28 Y139.336 E.0151
G1 X174.857 Y144.912 E.23493
G1 X174.654 Y145.216 E.01089
G1 X169.28 Y139.842 E.2264
G1 X169.28 Y140.349 E.0151
G1 X174.466 Y145.535 E.21848
G1 X174.357 Y145.933 E.01229
G1 X169.28 Y140.856 E.21389
G1 X169.28 Y141.362 E.01507
G1 X174.273 Y146.356 E.21037
G1 X174.191 Y146.78 E.01286
G1 X169.28 Y141.869 E.2069
G1 X169.28 Y142.376 E.0151
G1 X174.17 Y147.266 E.20601
G1 X174.17 Y147.773 E.0151
G1 X169.28 Y142.882 E.20603
G1 X169.28 Y143.389 E.0151
G1 X174.17 Y148.279 E.20601
G1 X174.17 Y148.786 E.0151
G1 X169.28 Y143.896 E.20601
G1 X169.28 Y144.402 E.01507
G1 X174.17 Y149.293 E.20603
G1 X174.17 Y149.799 E.01507
G1 X169.28 Y144.909 E.20601
G1 X169.28 Y145.416 E.0151
G1 X174.17 Y150.306 E.20601
G1 X174.17 Y150.813 E.0151
G1 X169.28 Y145.922 E.20603
G1 X169.28 Y146.429 E.0151
G1 X174.17 Y151.319 E.20601
G1 X174.17 Y151.826 E.0151
G1 X169.28 Y146.936 E.20601
G1 X169.28 Y147.442 E.01507
G1 X174.222 Y152.384 E.2082
G1 X174.347 Y153.016 E.01919
G1 X169.28 Y147.949 E.21347
G1 X169.28 Y148.456 E.0151
G1 X186.72 Y165.896 E.73474
G1 X186.72 Y166.403 E.0151
G1 X169.28 Y148.962 E.73476
G1 X169.28 Y149.469 E.0151
G1 X186.72 Y166.909 E.73474
G1 X186.72 Y167.416 E.0151
G1 X169.28 Y149.976 E.73474
G1 X169.28 Y150.482 E.01507
G1 X186.72 Y167.923 E.73476
G1 X186.72 Y168.429 E.01507
G1 X169.28 Y150.989 E.73474
G1 X169.28 Y151.496 E.0151
G1 X186.72 Y168.936 E.73474
G1 X186.72 Y169.443 E.0151
G1 X169.28 Y152.002 E.73476
G1 X169.28 Y152.509 E.0151
G1 X186.72 Y169.949 E.73474
G1 X186.72 Y170.456 E.0151
G1 X169.28 Y153.016 E.73474
G1 X169.28 Y153.522 E.01507
G1 X186.72 Y170.963 E.73476
G1 X186.72 Y171.469 E.01507
G1 X169.28 Y154.029 E.73474
G1 X169.28 Y154.536 E.0151
G1 X186.72 Y171.976 E.73474
G1 X186.72 Y172.483 E.0151
G1 X169.28 Y155.042 E.73476
G1 X169.28 Y155.549 E.0151
G1 X186.72 Y172.989 E.73474
G1 X186.72 Y173.496 E.0151
G1 X169.28 Y156.056 E.73474
G1 X169.28 Y156.562 E.01507
G1 X186.72 Y174.002 E.73474
G1 X186.72 Y174.509 E.0151
G1 X169.28 Y157.069 E.73474
G1 X169.28 Y157.576 E.0151
G1 X186.72 Y175.016 E.73474
G1 X186.72 Y175.522 E.01507
G1 X169.28 Y158.082 E.73474
G1 X169.28 Y158.589 E.0151
G1 X179.102 Y168.411 E.41379
G1 X178.464 Y168.279 E.01941
G1 X169.28 Y159.096 E.38689
G1 X169.28 Y159.602 E.01507
G1 X177.908 Y168.23 E.36349
G1 X177.477 Y168.306 E.01304
G1 X169.237 Y160.066 E.34715
G1 X169.192 Y160.232 E.00512
G1 X169.091 Y160.426 E.00652
G1 X177.046 Y168.382 E.33516
G1 X176.627 Y168.469 E.01275
G1 X168.862 Y160.704 E.32713
G1 X168.662 Y160.851 E.00739
G1 X168.553 Y160.902 E.00358
G1 X176.279 Y168.628 E.32549
G1 X175.975 Y168.831 E.01089
G1 X168.009 Y160.865 E.3356
G1 E-3.5
;WIPE_START
G1 F7200
G1 X170.242 Y163.098 E-1.5
;WIPE_END
G1 X181.432 Y170.741 F9000
G1 E5 F2400
G1 F3600
G1 X186.72 Y176.029 E.22278
G1 X186.72 Y176.536 E.0151
G1 X181.773 Y171.589 E.20841
G1 X181.807 Y171.757 E.00511
G1 X181.83 Y172.152 E.01179
G1 X186.72 Y177.042 E.20601
G1 X186.72 Y177.549 E.0151
G1 X181.83 Y172.659 E.20601
G1 X181.83 Y173.166 E.0151
G1 X186.72 Y178.056 E.20601
G1 X186.72 Y178.562 E.01507
G1 X181.83 Y173.672 E.20601
G1 X181.83 Y174.179 E.0151
G1 X186.72 Y179.069 E.20601
G1 X186.72 Y179.576 E.0151
G1 X181.83 Y174.686 E.20601
G1 X181.83 Y175.192 E.01507
G1 X186.72 Y180.082 E.20601
G1 X186.72 Y180.589 E.0151
G1 X181.83 Y175.699 E.20601
G1 X181.83 Y176.206 E.0151
G1 X186.72 Y181.096 E.20601
G1 X186.72 Y181.602 E.01507
G1 X181.83 Y176.712 E.20601
G1 X181.813 Y177.202 E.01461
G1 X186.72 Y182.109 E.20673
G1 X186.72 Y182.616 E.0151
G1 X181.73 Y177.626 E.21023
G1 X181.646 Y178.049 E.01285
G1 X186.72 Y183.122 E.21374
G1 X186.72 Y183.629 E.0151
G1 X181.541 Y178.45 E.21819
G1 X181.355 Y178.771 E.01105
G1 X186.72 Y184.136 E.22602
G1 X186.72 Y184.642 E.01507
G1 X181.152 Y179.075 E.23456
G1 X180.949 Y179.378 E.01086
G1 X186.72 Y185.149 E.24313
G1 X186.72 Y185.656 E.0151
G1 X180.73 Y179.665 E.25238
G1 X180.445 Y179.888 E.01078
G1 X186.72 Y186.162 E.26434
G1 X186.72 Y186.669 E.0151
G1 X180.142 Y180.091 E.27713
G1 X179.838 Y180.294 E.01089
G1 X186.264 Y186.72 E.27072
G1 X185.758 Y186.72 E.01507
G1 X179.518 Y180.481 E.26287
G1 X179.121 Y180.59 E.01226
G1 X185.251 Y186.72 E.25825
G1 X184.744 Y186.72 E.0151
G1 X178.691 Y180.667 E.25501
G1 X178.261 Y180.744 E.01301
G1 X184.238 Y186.72 E.25179
G1 X183.731 Y186.72 E.0151
G1 X177.776 Y180.765 E.25088
G1 X177.15 Y180.646 E.01898
G1 X183.385 Y186.881 E.26268
G1 E-3.5
;WIPE_START
G1 F7200
G1 X181.152 Y184.648 E-1.5
;WIPE_END
G1 X167.945 Y90.881 F9000
G1 E5 F2400
G1 F3600
G1 X150.344 Y73.28 E.74152
G1 X149.837 Y73.28 E.0151
G1 X167.277 Y90.72 E.73474
G1 X166.771 Y90.72 E.01507
G1 X149.331 Y73.28 E.73474
G1 X148.824 Y73.28 E.0151
G1 X166.264 Y90.72 E.73474
G1 X165.757 Y90.72 E.0151
G1 X148.317 Y73.28 E.73474
G1 X147.811 Y73.28 E.01507
G1 X165.251 Y90.72 E.73474
G1 X164.744 Y90.72 E.0151
G1 X147.304 Y73.28 E.73474
G1 X146.797 Y73.28 E.0151
G1 X164.237 Y90.72 E.73474
G1 X163.731 Y90.72 E.01507
G1 X146.291 Y73.28 E.73474
G1 X145.784 Y73.28 E.0151
G1 X163.224 Y90.72 E.73474
G1 X162.717 Y90.72 E.0151
G1 X145.277 Y73.28 E.73474
G1 X144.771 Y73.28 E.01507
G1 X162.211 Y90.72 E.73474
G1 X161.704 Y90.72 E.0151
G1 X144.264 Y73.28 E.73474
G1 X143.757 Y73.28 E.0151
G1 X161.197 Y90.72 E.73474
G1 X160.691 Y90.72 E.01507
G1 X143.251 Y73.28 E.73474
G1 X142.744 Y73.28 E.0151
G1 X160.184 Y90.72 E.73474
G1 X159.677 Y90.72 E.0151
G1 X142.237 Y73.28 E.73474
G1 X141.731 Y73.28 E.01507
G1 X159.171 Y90.72 E.73474
G1 X158.664 Y90.72 E.0151
G1 X141.224 Y73.28 E.73474
G1 X140.717 Y73.28 E.0151
G1 X158.157 Y90.72 E.73474
G1 X157.651 Y90.72 E.01507
G1 X140.211 Y73.28 E.73474
G1 X139.704 Y73.28 E.0151
G1 X157.144 Y90.72 E.73474
G1 X156.637 Y90.72 E.0151
G1 X139.197 Y73.28 E.73474
G1 X138.691 Y73.28 E.01507
G1 X156.131 Y90.72 E.73474
G1 X155.624 Y90.72 E.0151
G1 X138.184 Y73.28 E.73474
G1 X137.677 Y73.28 E.0151
G1 X155.117 Y90.72 E.73474
G1 X154.611 Y90.72 E.01507
G1 X137.171 Y73.28 E.73474
G1 X136.664 Y73.28 E.0151
G1 X154.104 Y90.72 E.73474
G1 X153.597 Y90.72 E.0151
G1 X136.157 Y73.28 E.73474
G1 X135.651 Y73.28 E.01507
G1 X153.091 Y90.72 E.73474
G1 X152.584 Y90.72 E.0151
G1 X135.144 Y73.28 E.73474
G1 X134.637 Y73.28 E.0151
G1 X152.077 Y90.72 E.73474
G1 X151.571 Y90.72 E.01507
G1 X134.131 Y73.28 E.73474
G1 X133.624 Y73.28 E.0151
G1 X151.064 Y90.72 E.73474
G1 X150.558 Y90.72 E.01507
G1 X133.117 Y73.28 E.73476
G1 X132.611 Y73.28 E.01507
G1 X150.051 Y90.72 E.73474
G1 X149.544 Y90.72 E.0151
G1 X132.104 Y73.28 E.73474
G1 X131.597 Y73.28 E.0151
G1 X149.038 Y90.72 E.73476
G1 X148.531 Y90.72 E.0151
G1 X131.091 Y73.28 E.73474
G1 X130.584 Y73.28 E.0151
G1 X148.024 Y90.72 E.73474
G1 X147.518 Y90.72 E.01507
G1 X130.077 Y73.28 E.73476
G1 X129.571 Y73.28 E.01507
G1 X147.011 Y90.72 E.73474
G1 X146.504 Y90.72 E.0151
G1 X129.064 Y73.28 E.73474
G1 X128.557 Y73.28 E.0151
G1 X145.998 Y90.72 E.73476
G1 X145.491 Y90.72 E.0151
G1 X128.051 Y73.28 E.73474
G1 X127.544 Y73.28 E.0151
G1 X144.984 Y90.72 E.73474
G1 X144.478 Y90.72 E.01507
G1 X127.037 Y73.28 E.73476
G1 X126.531 Y73.28 E.01507
G1 X143.971 Y90.72 E.73474
G1 X143.464 Y90.72 E.0151
G1 X126.024 Y73.28 E.73474
G1 X125.517 Y73.28 E.0151
G1 X142.958 Y90.72 E.73476
G1 X142.451 Y90.72 E.0151
G1 X125.011 Y73.28 E.73474
G1 X124.504 Y73.28 E.0151
G1 X141.944 Y90.72 E.73474
G1 X141.438 Y90.72 E.01507
G1 X123.997 Y73.28 E.73476
G1 X123.491 Y73.28 E.01507
G1 X140.931 Y90.72 E.73474
G1 X140.424 Y90.72 E.0151
G1 X122.984 Y73.28 E.73474
G1 X122.477 Y73.28 E.0151
G1 X139.918 Y90.72 E.73476
G1 X139.411 Y90.72 E.0151
G1 X121.971 Y73.28 E.73474
G1 X121.464 Y73.28 E.0151
G1 X138.904 Y90.72 E.73474
G1 X138.398 Y90.72 E.01507
G1 X120.957 Y73.28 E.73476
G1 X120.451 Y73.28 E.01507
G1 X137.891 Y90.72 E.73474
G1 X137.384 Y90.72 E.0151
G1 X119.944 Y73.28 E.73474
G1 X119.437 Y73.28 E.0151
G1 X136.878 Y90.72 E.73476
G1 X136.371 Y90.72 E.0151
G1 X118.931 Y73.28 E.73474
G1 X118.424 Y73.28 E.0151
G1 X135.864 Y90.72 E.73474
G1 X135.358 Y90.72 E.01507
G1 X117.917 Y73.28 E.73476
G1 X117.411 Y73.28 E.01507
G1 X134.851 Y90.72 E.73474
G1 X134.344 Y90.72 E.0151
G1 X116.904 Y73.28 E.73474
G1 X116.397 Y73.28 E.0151
G1 X133.838 Y90.72 E.73476
G1 X133.331 Y90.72 E.0151
G1 X115.891 Y73.28 E.73474
G1 X115.384 Y73.28 E.0151
G1 X132.824 Y90.72 E.73474
G1 X132.318 Y90.72 E.01507
G1 X114.877 Y73.28 E.73476
G1 X114.371 Y73.28 E.01507
G1 X131.811 Y90.72 E.73474
G1 X131.304 Y90.72 E.0151
G1 X113.864 Y73.28 E.73474
G1 X113.357 Y73.28 E.0151
G1 X130.798 Y90.72 E.73476
G1 X130.291 Y90.72 E.0151
G1 X112.851 Y73.28 E.73474
G1 X112.344 Y73.28 E.0151
G1 X129.784 Y90.72 E.73474
G1 X129.278 Y90.72 E.01507
G1 X111.837 Y73.28 E.73476
G1 X111.331 Y73.28 E.01507
G1 X128.771 Y90.72 E.73474
G1 X128.264 Y90.72 E.0151
G1 X110.824 Y73.28 E.73474
G1 X110.317 Y73.28 E.0151
G1 X127.758 Y90.72 E.73476
G1 X127.251 Y90.72 E.0151
G1 X109.811 Y73.28 E.73474
G1 X109.304 Y73.28 E.0151
G1 X126.744 Y90.72 E.73474
G1 X126.238 Y90.72 E.01507
G1 X108.797 Y73.28 E.73476
G1 X108.291 Y73.28 E.01507
G1 X125.731 Y90.72 E.73474
G1 X125.224 Y90.72 E.0151
G1 X107.784 Y73.28 E.73474
G1 X107.277 Y73.28 E.0151
G1 X124.718 Y90.72 E.73476
G1 X124.211 Y90.72 E.0151
G1 X106.771 Y73.28 E.73474
G1 X106.264 Y73.28 E.0151
G1 X123.704 Y90.72 E.73474
G1 X123.198 Y90.72 E.01507
G1 X105.757 Y73.28 E.73476
G1 X105.251 Y73.28 E.01507
G1 X122.691 Y90.72 E.73474
G1 X122.184 Y90.72 E.0151
G1 X104.744 Y73.28 E.73474
G1 X104.237 Y73.28 E.0151
G1 X121.678 Y90.72 E.73476
G1 X121.171 Y90.72 E.0151
G1 X103.731 Y73.28 E.73474
G1 X103.224 Y73.28 E.0151
G1 X120.664 Y90.72 E.73474
G1 X120.158 Y90.72 E.01507
G1 X102.717 Y73.28 E.73476
G1 X102.211 Y73.28 E.01507
G1 X119.651 Y90.72 E.73474
G1 X119.144 Y90.72 E.0151
G1 X101.704 Y73.28 E.73474
G1 X101.197 Y73.28 E.0151
G1 X118.638 Y90.72 E.73476
G1 X118.131 Y90.72 E.0151
G1 X100.691 Y73.28 E.73474
G1 X100.184 Y73.28 E.0151
G1 X117.624 Y90.72 E.73474
G1 X117.118 Y90.72 E.01507
G1 X99.677 Y73.28 E.73476
G1 X99.171 Y73.28 E.01507
G1 X116.611 Y90.72 E.73474
G1 X116.104 Y90.72 E.0151
G1 X98.664 Y73.28 E.73474
G1 X98.157 Y73.28 E.0151
G1 X115.598 Y90.72 E.73476
G1 X115.091 Y90.72 E.0151
G1 X97.651 Y73.28 E.73474
G1 X97.144 Y73.28 E.0151
G1 X114.584 Y90.72 E.73474
G1 X114.078 Y90.72 E.01507
G1 X96.637 Y73.28 E.73476
G1 X96.131 Y73.28 E.01507
G1 X113.571 Y90.72 E.73474
G1 X113.064 Y90.72 E.0151
G1 X95.624 Y73.28 E.73474
G1 X95.117 Y73.28 E.0151
G1 X112.558 Y90.72 E.73476
G1 X112.051 Y90.72 E.0151
G1 X94.611 Y73.28 E.73474
G1 X94.104 Y73.28 E.0151
G1 X111.544 Y90.72 E.73474
G1 X111.038 Y90.72 E.01507
G1 X93.597 Y73.28 E.73476
G1 X93.091 Y73.28 E.01507
G1 X110.531 Y90.72 E.73474
G1 X110.024 Y90.72 E.0151
G1 X92.584 Y73.28 E.73474
G1 X92.077 Y73.28 E.0151
G1 X109.518 Y90.72 E.73476
G1 X109.011 Y90.72 E.0151
G1 X91.571 Y73.28 E.73474
G1 X91.064 Y73.28 E.0151
G1 X108.504 Y90.72 E.73474
G1 X107.998 Y90.72 E.01507
G1 X90.557 Y73.28 E.73476
G1 X90.051 Y73.28 E.01507
G1 X107.491 Y90.72 E.73474
G1 X106.984 Y90.72 E.0151
G1 X89.544 Y73.28 E.73474
G1 X89.037 Y73.28 E.0151
G1 X106.478 Y90.72 E.73476
G1 X105.971 Y90.72 E.0151
G1 X88.531 Y73.28 E.73474
G1 X88.024 Y73.28 E.0151
G1 X105.464 Y90.72 E.73474
G1 X104.958 Y90.72 E.01507
G1 X87.518 Y73.28 E.73474
G1 X87.011 Y73.28 E.0151
G1 X104.451 Y90.72 E.73474
G1 X103.944 Y90.72 E.0151
G1 X86.504 Y73.28 E.73474
G1 X85.998 Y73.28 E.01507
G1 X103.438 Y90.72 E.73474
G1 X102.931 Y90.72 E.0151
G1 X85.491 Y73.28 E.73474
G1 X84.984 Y73.28 E.0151
G1 X102.424 Y90.72 E.73474
G1 X101.918 Y90.72 E.01507
G1 X84.478 Y73.28 E.73474
G1 X83.971 Y73.28 E.0151
G1 X101.411 Y90.72 E.73474
G1 X100.904 Y90.72 E.0151
G1 X90.316 Y80.132 E.44607
G1 X90.075 Y79.674 E.01542
G1 X89.978 Y79.517 E.0055
G1 X89.845 Y79.363 E.00606
G1 X89.681 Y79.228 E.00633
G1 X88.813 Y78.629 E.03142
G1 X83.464 Y73.28 E.22535
G1 X82.958 Y73.28 E.01507
G1 X87.962 Y78.285 E.21084
G1 X87.385 Y78.215 E.01731
G1 X82.451 Y73.28 E.20789
G1 X81.944 Y73.28 E.0151
G1 X86.811 Y78.147 E.20504
G1 X86.53 Y78.147 E.00837
G1 X86.35 Y78.192 E.00553
G1 X81.438 Y73.28 E.20694
G1 X80.931 Y73.28 E.0151
G1 X85.972 Y78.321 E.21237
G1 X85.605 Y78.46 E.01169
G1 X80.424 Y73.28 E.21825
G1 X79.918 Y73.28 E.01507
G1 X85.237 Y78.6 E.22411
G1 X84.886 Y78.755 E.01143
G1 X79.411 Y73.28 E.23066
G1 X78.904 Y73.28 E.0151
G1 X84.607 Y78.983 E.24026
G1 X84.366 Y79.249 E.01069
G1 X78.398 Y73.28 E.25145
G1 X77.891 Y73.28 E.0151
G1 X84.126 Y79.515 E.26268
G1 X83.886 Y79.781 E.01067
G1 X77.384 Y73.28 E.2739
G1 X76.878 Y73.28 E.01507
G1 X83.659 Y80.061 E.28568
G1 X83.555 Y80.212 E.00546
G1 X83.487 Y80.396 E.00584
G1 X76.371 Y73.28 E.29979
G1 X75.864 Y73.28 E.0151
G1 X83.379 Y80.795 E.3166
G1 X83.28 Y81.202 E.01248
G1 X75.358 Y73.28 E.33375
G1 X74.851 Y73.28 E.0151
G1 X83.18 Y81.609 E.3509
G1 X83.138 Y81.783 E.00533
G1 X83.126 Y82.062 E.00832
G1 X74.344 Y73.28 E.36998
G1 X73.838 Y73.28 E.01507
G1 X83.473 Y82.915 E.40592
G1 E-3.5
;WIPE_START
G1 F7200
G1 X81.24 Y80.682 E-1.5
;WIPE_END
G1 X90.494 Y80.816 F9000
G1 E5 F2400
G1 F3600
G1 X100.398 Y90.72 E.41725
G1 X100.228 Y90.72 E.00506
G1 X99.932 Y90.761 E.0089
G1 X90.804 Y81.633 E.38456
G1 X90.804 Y82.14 E.0151
G1 X99.575 Y90.911 E.36952
G1 X99.505 Y90.951 E.0024
G1 X99.299 Y91.142 E.00837
G1 X90.803 Y82.645 E.35795
G1 X90.777 Y82.892 E.0074
G1 X90.715 Y83.064 E.00545
G1 X99.095 Y91.444 E.35304
G1 X99.002 Y91.714 E.00851
G1 X98.99 Y91.845 E.00392
G1 X90.555 Y83.411 E.35534
G1 X90.381 Y83.743 E.01117
G1 X175.672 Y169.034 E3.59325
G1 X175.376 Y169.245 E.01083
G1 X90.206 Y84.075 E3.58816
G1 X90.029 Y84.405 E.01116
G1 X175.13 Y169.505 E3.58523
G1 X174.929 Y169.811 E.01091
G1 X89.792 Y84.674 E3.58677
G1 X89.504 Y84.893 E.01078
G1 X174.729 Y170.118 E3.59047
G1 X174.53 Y170.425 E.0109
G1 X89.204 Y85.099 E3.59473
G1 X88.903 Y85.305 E.01087
G1 X174.386 Y170.788 E3.60134
G1 X174.302 Y171.211 E.01285
G1 X88.602 Y85.511 E3.61048
G1 X88.383 Y85.626 E.00737
G1 X88.249 Y85.665 E.00416
G1 X174.218 Y171.634 E3.62182
G1 X174.17 Y172.092 E.01372
G1 X87.809 Y85.732 E3.63831
G1 X87.358 Y85.788 E.01354
G1 X174.17 Y172.599 E3.65731
G1 X174.17 Y173.106 E.0151
G1 X86.908 Y85.843 E3.67631
G1 X86.486 Y85.846 E.01257
G1 X86.374 Y85.817 E.00345
G1 X174.17 Y173.612 E3.69877
G1 X174.17 Y174.119 E.0151
G1 X85.582 Y85.531 E3.73215
G1 X85.059 Y85.333 E.01666
G1 X84.788 Y85.189 E.00914
G1 X84.572 Y84.996 E.00863
G1 X83.733 Y84.049 E.03769
G1 X83.568 Y83.811 E.00863
G1 X83.458 Y83.525 E.00913
G1 X83.419 Y83.368 E.00482
G1 X73.331 Y73.28 E.425
G1 X73.28 Y73.28 E.00152
G1 X73.28 Y73.736 E.01358
G1 X174.17 Y174.626 E4.25043
G1 X174.17 Y175.132 E.01507
G1 X73.28 Y74.242 E4.25043
G1 X73.28 Y74.749 E.0151
G1 X174.17 Y175.639 E4.25043
G1 X174.17 Y176.146 E.0151
G1 X73.28 Y75.256 E4.25043
G1 X73.28 Y75.762 E.01507
G1 X174.17 Y176.652 E4.25043
G1 X174.187 Y177.176 E.01562
G1 X73.28 Y76.269 E4.25114
G1 X73.28 Y76.776 E.0151
G1 X174.509 Y178.004 E4.26469
G1 E-3.5
;WIPE_START
G1 F7200
G1 X172.276 Y175.771 E-1.5
;WIPE_END
G1 X182.878 Y186.881 F9000
G1 E5 F2400
G1 F3600
G1 X176.477 Y180.48 E.26967
G1 X176.289 Y180.378 E.00637
G1 X175.33 Y179.724 E.03458
G1 X175.123 Y179.487 E.00937
G1 X174.475 Y178.478 E.03572
G1 X73.28 Y77.282 E4.2633
G1 X73.28 Y77.789 E.0151
G1 X182.211 Y186.72 E4.58919
G1 X181.704 Y186.72 E.0151
G1 X73.28 Y78.296 E4.56783
G1 X73.28 Y78.802 E.01507
G1 X181.198 Y186.72 E4.54651
G1 X180.691 Y186.72 E.0151
G1 X73.28 Y79.309 E4.52515
G1 X73.28 Y79.816 E.0151
G1 X180.184 Y186.72 E4.50379
G1 X179.678 Y186.72 E.01507
G1 X73.28 Y80.322 E4.48248
G1 X73.28 Y80.829 E.0151
G1 X179.171 Y186.72 E4.46112
G1 X178.664 Y186.72 E.0151
G1 X73.28 Y81.336 E4.43976
G1 X73.28 Y81.842 E.01507
G1 X178.158 Y186.72 E4.41844
G1 X177.651 Y186.72 E.0151
G1 X73.28 Y82.349 E4.39708
G1 X73.28 Y82.856 E.0151
G1 X177.144 Y186.72 E4.37572
G1 X176.638 Y186.72 E.01507
G1 X73.28 Y83.362 E4.3544
G1 X73.28 Y83.869 E.0151
G1 X176.131 Y186.72 E4.33304
G1 X175.624 Y186.72 E.0151
G1 X73.28 Y84.376 E4.31168
G1 X73.28 Y84.882 E.01507
G1 X175.118 Y186.72 E4.29037
G1 X174.611 Y186.72 E.0151
G1 X73.28 Y85.389 E4.26901
G1 X73.28 Y85.896 E.0151
G1 X174.104 Y186.72 E4.24765
G1 X173.598 Y186.72 E.01507
G1 X73.28 Y86.402 E4.22633
G1 X73.28 Y86.909 E.0151
G1 X173.091 Y186.72 E4.20497
G1 X172.584 Y186.72 E.0151
G1 X73.28 Y87.416 E4.18361
G1 X73.28 Y87.922 E.01507
G1 X172.078 Y186.72 E4.16229
G1 X171.571 Y186.72 E.0151
G1 X73.28 Y88.429 E4.14093
G1 X73.28 Y88.936 E.0151
G1 X171.064 Y186.72 E4.11958
G1 X170.558 Y186.72 E.01507
G1 X73.28 Y89.442 E4.09826
G1 X73.28 Y89.949 E.0151
G1 X170.051 Y186.72 E4.0769
G1 X169.544 Y186.72 E.0151
G1 X73.28 Y90.456 E4.05554
G1 X73.28 Y90.962 E.01507
G1 X169.038 Y186.72 E4.03422
G1 X168.531 Y186.72 E.0151
G1 X73.119 Y91.308 E4.01964
; stop printing object Escuadra soporte motor.stl id:0 copy 0
G1 E-3.5 F3600
;WIPE_START
G1 F7200;_WIPE
G1 X75.352 Y93.541 E-1.5
;WIPE_END
M107
;TYPE:Custom
; Filament-specific end gcode 
;END gcode for filament
G1 Z7 F600 ; Move print bed down
G1 X50 Y50 F9000 ; move print head out of the way
G1 Z390 F600 ; Move print bed close to the bottom
M140 S0 ; turn off heatbed
M104 S0 ; turn off temperature
M107 ; turn off fan
M84 X Y E ; disable motors
; objects_info = {"objects":[{"name":"Escuadra soporte motor.stl id:0 copy 0","polygon":[[188.000,188.000],[168.000,188.000],[72.000,92.000],[72.000,72.000],[188.000,72.000]]}]}
; filament used [mm] = 7484.07
; filament used [cm3] = 18.00
; filament used [g] = 22.32
; filament cost = 0.45
; total filament used [g] = 22.32
; total filament cost = 0.45
; total filament used for wipe tower [g] = 0.00
; estimated printing time (normal mode) = 1h 16m 42s
; estimated first layer printing time (normal mode) = 8m 52s

; prusaslicer_config = begin
; arc_fitting = disabled
; autoemit_temperature_commands = 1
; automatic_extrusion_widths = 0
; automatic_infill_combination = 0
; automatic_infill_combination_max_layer_height = 100%
; avoid_crossing_curled_overhangs = 0
; avoid_crossing_perimeters = 0
; avoid_crossing_perimeters_max_detour = 0
; bed_custom_model = 
; bed_custom_texture = 
; bed_shape = 5x5,255x5,255x255,5x255
; bed_temperature = 60
; bed_temperature_extruder = 0
; before_layer_gcode = ;BEFORE_LAYER_CHANGE\nG92 E0\n;{layer_z}\n\n
; between_objects_gcode = 
; binary_gcode = 0
; bottom_fill_pattern = monotonic
; bottom_solid_layers = 4
; bottom_solid_min_thickness = 0
; bridge_acceleration = 250
; bridge_angle = 0
; bridge_fan_speed = 100
; bridge_flow_ratio = 0.95
; bridge_speed = 50
; brim_separation = 0
; brim_type = outer_only
; brim_width = 0
; chamber_minimal_temperature = 0
; chamber_temperature = 0
; color_change_gcode = M600
; colorprint_heights = 
; compatible_printers_condition_cummulative = "printer_model=~/(ENDER|CR|SERMOON).*/ and nozzle_diameter[0]==0.4 and printer_notes=~/.*PRINTER_HAS_HIGHSPEED.*/";printer_notes=~/.*PRINTER_VENDOR_CREALITY.*/
; complete_objects = 0
; cooling = 1
; cooling_perimeter_transition_distance = 0
; cooling_slowdown_logic = uniform_cooling
; cooling_tube_length = 5
; cooling_tube_retraction = 91.5
; custom_parameters_filament = ""
; custom_parameters_print = 
; custom_parameters_printer = 
; default_acceleration = 500
; default_filament_profile = "Generic PLA @CREALITY"
; default_print_profile = "0.16 mm OPTIMAL (0.4 mm nozzle) @CREALITY"
; deretract_speed = 40
; disable_fan_first_layers = 1
; dont_support_bridges = 1
; draft_shield = disabled
; duplicate_distance = 6
; elefant_foot_compensation = 0.1
; enable_dynamic_fan_speeds = 0
; enable_dynamic_overhang_speeds = 0
; end_filament_gcode = "; Filament-specific end gcode \n;END gcode for filament\n"
; end_gcode = {if max_layer_z < max_print_height}G1 Z{z_offset+min(max_layer_z+2, max_print_height)} F600{endif} ; Move print bed down\nG1 X50 Y50 F{travel_speed*60} ; move print head out of the way\n{if max_layer_z < max_print_height-10}G1 Z{z_offset+max_print_height-10} F600{endif} ; Move print bed close to the bottom\nM140 S0 ; turn off heatbed\nM104 S0 ; turn off temperature\nM107 ; turn off fan\nM84 X Y E ; disable motors
; ensure_vertical_shell_thickness = enabled
; external_perimeter_acceleration = 0
; external_perimeter_extrusion_width = 0.42
; external_perimeter_speed = 60
; external_perimeters_first = 0
; extra_loading_move = -2
; extra_perimeters = 0
; extra_perimeters_on_overhangs = 0
; extruder_clearance_height = 25
; extruder_clearance_radius = 55
; extruder_colour = #FCE94F
; extruder_offset = 0x0
; extrusion_axis = E
; extrusion_multiplier = 1
; extrusion_width = 0.44
; fan_always_on = 1
; fan_below_layer_time = 100
; filament_abrasive = 0
; filament_colour = #DDDDDD
; filament_cooling_final_speed = 3.4
; filament_cooling_initial_speed = 2.2
; filament_cooling_moves = 4
; filament_cost = 20
; filament_density = 1.24
; filament_deretract_speed = nil
; filament_diameter = 1.75
; filament_infill_max_crossing_speed = 0
; filament_infill_max_speed = 0
; filament_load_time = 0
; filament_loading_speed = 28
; filament_loading_speed_start = 3
; filament_max_volumetric_speed = 15
; filament_minimal_purge_on_wipe_tower = 15
; filament_multitool_ramming = 0
; filament_multitool_ramming_flow = 10
; filament_multitool_ramming_volume = 10
; filament_notes = ""
; filament_purge_multiplier = 100%
; filament_ramming_parameters = "120 100 6.6 6.8 7.2 7.6 7.9 8.2 8.7 9.4 9.9 10.0| 0.05 6.6 0.45 6.8 0.95 7.8 1.45 8.3 1.95 9.7 2.45 10 2.95 7.6 3.45 7.6 3.95 7.6 4.45 7.6 4.95 7.6"
; filament_retract_before_travel = nil
; filament_retract_before_wipe = nil
; filament_retract_layer_change = nil
; filament_retract_length = nil
; filament_retract_length_toolchange = nil
; filament_retract_lift = nil
; filament_retract_lift_above = nil
; filament_retract_lift_below = nil
; filament_retract_restart_extra = nil
; filament_retract_restart_extra_toolchange = nil
; filament_retract_speed = nil
; filament_seam_gap_distance = nil
; filament_settings_id = "Generic PLA @CREALITY"
; filament_shrinkage_compensation_xy = 0%
; filament_shrinkage_compensation_z = 0%
; filament_soluble = 0
; filament_spool_weight = 0
; filament_stamping_distance = 0
; filament_stamping_loading_speed = 20
; filament_toolchange_delay = 0
; filament_travel_lift_before_obstacle = nil
; filament_travel_max_lift = nil
; filament_travel_ramping_lift = nil
; filament_travel_slope = nil
; filament_type = PLA
; filament_unload_time = 0
; filament_unloading_speed = 90
; filament_unloading_speed_start = 100
; filament_vendor = Generic
; filament_wipe = nil
; fill_angle = 45
; fill_density = 15%
; fill_pattern = grid
; first_layer_acceleration = 0
; first_layer_acceleration_over_raft = 0
; first_layer_bed_temperature = 60
; first_layer_extrusion_width = 0.42
; first_layer_height = 0.2
; first_layer_infill_speed = 0
; first_layer_speed = 40
; first_layer_speed_over_raft = 60
; first_layer_temperature = 210
; full_fan_speed_layer = 0
; fuzzy_skin = none
; fuzzy_skin_point_dist = 0.8
; fuzzy_skin_thickness = 0.3
; gap_fill_enabled = 1
; gap_fill_speed = 30
; gcode_comments = 0
; gcode_flavor = marlin
; gcode_label_objects = octoprint
; gcode_resolution = 0.0125
; gcode_substitutions = 
; high_current_on_filament_swap = 0
; host_type = prusalink
; idle_temperature = 150
; infill_acceleration = 0
; infill_anchor = 600%
; infill_anchor_max = 50
; infill_every_layers = 1
; infill_extruder = 1
; infill_extrusion_width = 0.44
; infill_first = 0
; infill_overlap = 23%
; infill_speed = 120
; inherits_cummulative = "0.20 mm NORMAL HIGHSPEED (0.4 mm nozzle) @CREALITY";;
; interface_shells = 0
; interlocking_beam = 0
; interlocking_beam_layer_count = 2
; interlocking_beam_width = 0.8
; interlocking_boundary_avoidance = 2
; interlocking_depth = 2
; interlocking_orientation = 22.5
; ironing = 0
; ironing_flowrate = 10%
; ironing_spacing = 0.1
; ironing_speed = 30
; ironing_type = top
; layer_gcode = ;AFTER_LAYER_CHANGE\n;{layer_z}
; layer_height = 0.2
; machine_limits_usage = emit_to_gcode
; machine_max_acceleration_e = 5000
; machine_max_acceleration_extruding = 500
; machine_max_acceleration_retracting = 1000
; machine_max_acceleration_travel = 500
; machine_max_acceleration_x = 500
; machine_max_acceleration_y = 500
; machine_max_acceleration_z = 100
; machine_max_feedrate_e = 60
; machine_max_feedrate_x = 500
; machine_max_feedrate_y = 500
; machine_max_feedrate_z = 10
; machine_max_jerk_e = 5
; machine_max_jerk_x = 8
; machine_max_jerk_y = 8
; machine_max_jerk_z = 0.4
; machine_min_extruding_rate = 0
; machine_min_travel_rate = 0
; max_fan_speed = 100
; max_layer_height = 0.32
; max_print_height = 400
; max_print_speed = 100
; max_volumetric_extrusion_rate_slope_negative = 0
; max_volumetric_extrusion_rate_slope_positive = 0
; max_volumetric_speed = 0
; min_bead_width = 85%
; min_fan_speed = 100
; min_feature_size = 25%
; min_layer_height = 0.06
; min_print_speed = 15
; min_skirt_length = 4
; mmu_segmented_region_interlocking_depth = 0
; mmu_segmented_region_max_width = 0
; multimaterial_purging = 140
; notes = 
; nozzle_diameter = 0.4
; nozzle_high_flow = 0
; only_one_perimeter_first_layer = 0
; only_retract_when_crossing_perimeters = 0
; ooze_prevention = 0
; output_filename_format = {input_filename_base}_{print_time}_{digits(layer_height,1,2)}mm_{temperature[0]}C_{filament_type[0]}_{printer_model}.gcode
; over_bridge_speed = 0
; overhang_fan_speed_0 = 0
; overhang_fan_speed_1 = 0
; overhang_fan_speed_2 = 0
; overhang_fan_speed_3 = 0
; overhang_speed_0 = 15
; overhang_speed_1 = 15
; overhang_speed_2 = 20
; overhang_speed_3 = 25
; overhangs = 1
; parking_pos_retraction = 92
; pause_print_gcode = 
; perimeter_acceleration = 0
; perimeter_extruder = 1
; perimeter_extrusion_width = 0.44
; perimeter_generator = arachne
; perimeter_speed = 120
; perimeters = 3
; physical_printer_settings_id = 
; post_process = 
; prefer_clockwise_movements = 0
; print_settings_id = 0.20 mm NORMAL HIGHSPEED (0.4 mm nozzle) @CREALITY - TLM
; printer_model = ENDER6
; printer_notes = Don't remove the following keywords! These keywords are used in the "compatible printer" condition of the print and filament profiles to link the particular print and filament profiles to this printer profile.\nPRINTER_VENDOR_CREALITY\nPRINTER_MODEL_ENDER6\nPRINTER_HAS_BOWDEN\nPRINTER_HAS_HIGHSPEED
; printer_settings_id = Creality Ender-6 (0.4 mm nozzle)
; printer_technology = FFF
; printer_variant = 0.4
; printer_vendor = 
; profile_vendor = Creality
; profile_version = 1.1.0
; raft_contact_distance = 0.1
; raft_expansion = 1.5
; raft_first_layer_density = 90%
; raft_first_layer_expansion = 3
; raft_layers = 0
; remaining_times = 0
; resolution = 0
; retract_before_travel = 2
; retract_before_wipe = 70%
; retract_layer_change = 1
; retract_length = 5
; retract_length_toolchange = 1
; retract_lift = 0
; retract_lift_above = 0.2
; retract_lift_below = 0
; retract_restart_extra = 0
; retract_restart_extra_toolchange = 0
; retract_speed = 60
; scarf_seam_entire_loop = 0
; scarf_seam_length = 20
; scarf_seam_max_segment_length = 1
; scarf_seam_on_inner_perimeters = 0
; scarf_seam_only_on_smooth = 1
; scarf_seam_placement = nowhere
; scarf_seam_start_height = 0%
; seam_gap_distance = 15%
; seam_position = nearest
; silent_mode = 0
; single_extruder_multi_material = 0
; single_extruder_multi_material_priming = 0
; skirt_distance = 3
; skirt_height = 2
; skirts = 2
; slice_closing_radius = 0.049
; slicing_mode = regular
; slowdown_below_layer_time = 20
; small_perimeter_speed = 60
; solid_infill_acceleration = 0
; solid_infill_below_area = 0
; solid_infill_every_layers = 0
; solid_infill_extruder = 1
; solid_infill_extrusion_width = 0.44
; solid_infill_speed = 120
; spiral_vase = 0
; staggered_inner_seams = 0
; standby_temperature_delta = -5
; start_filament_gcode = "; Filament gcode\n"
; start_gcode = G90 ; use absolute coordinates\nM83 ; extruder relative mode\nM104 S{is_nil(idle_temperature[0]) ? 150 : idle_temperature[0]} ; set temporary nozzle temp to prevent oozing during homing\nM140 S{first_layer_bed_temperature[0]} ; set final bed temp\nG4 S30 ; allow partial nozzle warmup\nG28 ; home all axis\nG1 Z50 F240\nG1 X2.0 Y10 F3000\nM104 S{first_layer_temperature[0]} ; set final nozzle temp\nM190 S{first_layer_bed_temperature[0]} ; wait for bed temp to stabilize\nM109 S{first_layer_temperature[0]} ; wait for nozzle temp to stabilize\nG1 Z0.28 F240\nG92 E0\nG1 X2.0 Y140 E10 F1500 ; prime the nozzle\nG1 X2.3 Y140 F5000\nG92 E0\nG1 X2.3 Y10 E10 F1200 ; prime the nozzle\nG92 E0
; support_material = 1
; support_material_angle = 0
; support_material_auto = 0
; support_material_bottom_contact_distance = 0
; support_material_bottom_interface_layers = -1
; support_material_buildplate_only = 0
; support_material_closing_radius = 2
; support_material_contact_distance = 0.15
; support_material_enforce_layers = 0
; support_material_extruder = 0
; support_material_extrusion_width = 0.36
; support_material_interface_contact_loops = 0
; support_material_interface_extruder = 0
; support_material_interface_layers = 2
; support_material_interface_pattern = rectilinear
; support_material_interface_spacing = 0.2
; support_material_interface_speed = 100%
; support_material_pattern = rectilinear
; support_material_spacing = 1
; support_material_speed = 80
; support_material_style = organic
; support_material_synchronize_layers = 0
; support_material_threshold = 40
; support_material_with_sheath = 0
; support_material_xy_spacing = 60%
; support_tree_angle = 40
; support_tree_angle_slow = 25
; support_tree_branch_diameter = 2
; support_tree_branch_diameter_angle = 5
; support_tree_branch_diameter_double_wall = 3
; support_tree_branch_distance = 1
; support_tree_tip_diameter = 0.8
; support_tree_top_rate = 15%
; temperature = 205
; template_custom_gcode = 
; thick_bridges = 1
; thin_walls = 0
; thumbnails = 
; thumbnails_format = PNG
; toolchange_gcode = 
; top_fill_pattern = monotonic
; top_infill_extrusion_width = 0.4
; top_one_perimeter_type = none
; top_solid_infill_acceleration = 0
; top_solid_infill_speed = 60
; top_solid_layers = 5
; top_solid_min_thickness = 0
; travel_acceleration = 0
; travel_lift_before_obstacle = 0
; travel_max_lift = 0
; travel_ramping_lift = 0
; travel_short_distance_acceleration = 0
; travel_slope = 0
; travel_speed = 150
; travel_speed_z = 0
; use_firmware_retraction = 0
; use_relative_e_distances = 1
; use_volumetric_e = 0
; variable_layer_height = 1
; wall_distribution_count = 1
; wall_transition_angle = 10
; wall_transition_filter_deviation = 25%
; wall_transition_length = 100%
; wipe = 1
; wipe_into_infill = 0
; wipe_into_objects = 0
; wipe_tower = 0
; wipe_tower_acceleration = 0
; wipe_tower_bridging = 10
; wipe_tower_brim_width = 2
; wipe_tower_cone_angle = 0
; wipe_tower_extra_flow = 100%
; wipe_tower_extra_spacing = 100%
; wipe_tower_extruder = 0
; wipe_tower_no_sparse_layers = 0
; wipe_tower_width = 60
; wiping_volumes_matrix = 0
; wiping_volumes_use_custom_matrix = 0
; xy_size_compensation = 0
; z_offset = 0
; prusaslicer_config = end
