; generated by PrusaSlicer 2.9.3 on 2025-11-24 at 15:20:53 UTC

; 

; external perimeters extrusion width = 0.42mm
; perimeters extrusion width = 0.44mm
; infill extrusion width = 0.44mm
; solid infill extrusion width = 0.44mm
; top infill extrusion width = 0.40mm
; support material extrusion width = 0.36mm
; first layer extrusion width = 0.42mm

M201 X500 Y500 Z100 E5000 ; sets maximum accelerations, mm/sec^2
M203 X500 Y500 Z10 E60 ; sets maximum feedrates, mm / sec
M204 S500 T1000 ; sets acceleration (S) and retract acceleration (R), mm/sec^2
M205 X8.00 Y8.00 Z0.40 E5.00 ; sets the jerk limits, mm/sec
M205 S0 T0 ; sets the minimum extruding and travel feed rate, mm/sec

; printing object TapaBatería.stl id:0 copy 0
; stop printing object TapaBatería.stl id:0 copy 0

;TYPE:Custom
G90 ; use absolute coordinates
M83 ; extruder relative mode
M104 S150 ; set temporary nozzle temp to prevent oozing during homing
M140 S60 ; set final bed temp
G4 S30 ; allow partial nozzle warmup
G28 ; home all axis
G1 Z50 F240
G1 X2.0 Y10 F3000
M104 S210 ; set final nozzle temp
M190 S60 ; wait for bed temp to stabilize
M109 S210 ; wait for nozzle temp to stabilize
G1 Z0.28 F240
G92 E0
G1 X2.0 Y140 E10 F1500 ; prime the nozzle
G1 X2.3 Y140 F5000
G92 E0
G1 X2.3 Y10 E10 F1200 ; prime the nozzle
G92 E0
G21 ; set units to millimeters
G90 ; use absolute coordinates
M83 ; use relative distances for extrusion
; Filament gcode
M107
;LAYER_CHANGE
;Z:0.2
;HEIGHT:0.2
G1 E-5 F3600
G1 Z.2 F9000
G1 X90.425 Y109.001
G1 E5 F2400
M204 S500
;TYPE:Skirt/Brim
;WIDTH:0.42
G1 X92.5 Y108.334 E.06834
G1 X167.5 Y108.334 E2.35157
G1 X169.13 Y108.729 E.05259
G1 X170.399 Y109.825 E.05257
G1 X171.066 Y111.9 E.06834
G1 X171.066 Y148.1 E1.13503
G1 X170.671 Y149.73 E.05259
G1 X169.575 Y150.999 E.05257
G1 X167.5 Y151.666 E.06834
G1 X92.5 Y151.666 E2.35157
G1 X90.87 Y151.271 E.05259
G1 X89.601 Y150.175 E.05257
G1 X88.934 Y148.1 E.06834
G1 X88.934 Y111.9 E1.13503
G1 X89.329 Y110.27 E.05259
G1 X90.385 Y109.046 E.05069
G1 X90.682 Y109.324 F9000
G1 F2400
G1 X90.789 Y109.209 E.00493
G1 X92.5 Y108.711 E.05587
G1 X167.5 Y108.711 E2.35157
G1 X169.035 Y109.105 E.04969
G1 X170.191 Y110.189 E.04969
G1 X170.689 Y111.9 E.05587
G1 X170.689 Y148.1 E1.13503
G1 X170.295 Y149.635 E.04969
G1 X169.211 Y150.791 E.04969
G1 X167.5 Y151.289 E.05587
G1 X92.5 Y151.289 E2.35157
G1 X90.965 Y150.895 E.04969
G1 X89.809 Y149.811 E.04969
G1 X89.311 Y148.1 E.05587
G1 X89.311 Y111.9 E1.13503
G1 X89.705 Y110.365 E.04969
G1 X90.641 Y109.368 E.04288
G1 E-3.5 F3600
;WIPE_START
G1 F7200
G1 X90.682 Y109.324 E-.02857
G1 X90.789 Y109.209 E-.07461
G1 X92.5 Y108.711 E-.84645
G1 X93.659 Y108.711 E-.55037
;WIPE_END
; printing object TapaBatería.stl id:0 copy 0
G1 X159.902 Y132.549 F9000
G1 E5 F2400
;TYPE:Perimeter
;WIDTH:0.419999
G1 X159.904 Y132.527 E.00069
G1 X160.302 Y131.656 E.03003
G1 X160.514 Y131.371 E.01114
G1 X161.164 Y130.849 E.02614
G1 X161.457 Y130.691 E.01044
G1 X162.29 Y130.496 E.02682
G1 X162.549 Y130.474 E.00815
G1 X163.458 Y130.667 E.02914
G1 X163.836 Y130.849 E.01315
G1 X164.436 Y131.328 E.02407
G1 X164.698 Y131.656 E.01316
G1 X165.031 Y132.347 E.02405
G1 X165.124 Y132.756 E.01315
G1 X165.124 Y133.524 E.02408
G1 X165.031 Y133.933 E.01315
G1 X164.698 Y134.624 E.02405
G1 X164.436 Y134.952 E.01316
G1 X163.836 Y135.431 E.02407
G1 X163.458 Y135.613 E.01315
G1 X162.71 Y135.784 E.02406
G1 X162.409 Y135.803 E.00946
G1 X161.542 Y135.613 E.02783
G1 X161.247 Y135.49 E.01002
G1 X160.564 Y134.952 E.02726
G1 X160.339 Y134.692 E.01078
G1 X159.969 Y133.933 E.02647
G1 X159.877 Y133.575 E.01159
G1 X159.876 Y132.756 E.02568
G1 X159.894 Y132.608 E.00467
G1 X160.268 Y132.632 F9000
G1 F2400
G1 X160.27 Y132.619 E.00041
G1 X160.642 Y131.819 E.02766
G1 X160.799 Y131.623 E.00787
G1 X161.399 Y131.144 E.02407
G1 X161.626 Y131.035 E.0079
G1 X162.374 Y130.864 E.02406
G1 X162.626 Y130.864 E.0079
G1 X163.374 Y131.035 E.02406
G1 X163.601 Y131.144 E.0079
G1 X164.201 Y131.623 E.02407
G1 X164.358 Y131.819 E.00787
G1 X164.691 Y132.511 E.02408
G1 X164.747 Y132.756 E.00788
G1 X164.747 Y133.524 E.02408
G1 X164.691 Y133.769 E.00788
G1 X164.358 Y134.461 E.02408
G1 X164.201 Y134.657 E.00787
G1 X163.601 Y135.136 E.02407
G1 X163.374 Y135.245 E.0079
G1 X162.626 Y135.416 E.02406
G1 X162.374 Y135.416 E.0079
G1 X161.626 Y135.245 E.02406
G1 X161.399 Y135.136 E.0079
G1 X160.799 Y134.657 E.02407
G1 X160.642 Y134.461 E.00787
G1 X160.309 Y133.769 E.02408
G1 X160.253 Y133.524 E.00788
G1 X160.253 Y132.756 E.02408
G1 X160.261 Y132.691 E.00205
G1 X160.636 Y132.715 F9000
;TYPE:External perimeter
G1 F2400
G1 X160.636 Y132.71 E.00016
G1 X160.982 Y131.983 E.02524
G1 X161.634 Y131.439 E.02662
G1 X162.458 Y131.232 E.02664
G1 X163.29 Y131.402 E.02663
G1 X163.966 Y131.917 E.02665
G1 X164.351 Y132.674 E.02663
G1 X164.37 Y133.524 E.02666
G1 X164.018 Y134.297 E.02663
G1 X163.366 Y134.841 E.02662
G1 X162.542 Y135.048 E.02664
G1 X161.71 Y134.878 E.02663
G1 X161.034 Y134.363 E.02665
G1 X160.649 Y133.606 E.02663
G1 X160.637 Y132.775 E.02606
G1 E-3.5 F3600
;WIPE_START
G1 F7200
G1 X160.636 Y132.715 E-.0285
G1 X160.636 Y132.71 E-.00237
G1 X160.982 Y131.983 E-.38244
G1 X161.634 Y131.439 E-.40334
G1 X162.458 Y131.232 E-.40356
G1 X163.035 Y131.35 E-.27979
;WIPE_END
G1 X100.083 Y132.55 F9000
G1 E5 F2400
;TYPE:Perimeter
G1 X100.123 Y132.705 E.00502
G1 X100.124 Y133.524 E.02568
G1 X100.059 Y133.869 E.01101
G1 X99.698 Y134.624 E.02624
G1 X99.505 Y134.892 E.01036
G1 X98.836 Y135.431 E.02694
G1 X98.563 Y135.582 E.00978
G1 X98.022 Y135.712 E.01745
G1 X97.451 Y135.806 E.01814
G1 X96.542 Y135.613 E.02914
G1 X96.164 Y135.431 E.01315
G1 X95.564 Y134.952 E.02407
G1 X95.302 Y134.624 E.01316
G1 X94.969 Y133.933 E.02405
G1 X94.876 Y133.524 E.01315
G1 X94.876 Y132.756 E.02408
G1 X94.969 Y132.347 E.01315
G1 X95.302 Y131.656 E.02405
G1 X95.564 Y131.328 E.01316
G1 X96.164 Y130.849 E.02407
G1 X96.542 Y130.667 E.01315
G1 X97.29 Y130.496 E.02406
G1 X97.591 Y130.477 E.00946
G1 X98.458 Y130.667 E.02783
G1 X98.787 Y130.813 E.01129
G1 X99.436 Y131.328 E.02598
G1 X99.673 Y131.607 E.01148
G1 X100.031 Y132.347 E.02577
G1 X100.068 Y132.492 E.00469
G1 X99.719 Y132.634 F9000
G1 F2400
G1 X99.747 Y132.756 E.00392
G1 X99.747 Y133.524 E.02408
G1 X99.691 Y133.769 E.00788
G1 X99.358 Y134.461 E.02408
G1 X99.201 Y134.657 E.00787
G1 X98.601 Y135.136 E.02407
G1 X98.374 Y135.245 E.0079
G1 X97.626 Y135.416 E.02406
G1 X97.374 Y135.416 E.0079
G1 X96.626 Y135.245 E.02406
G1 X96.399 Y135.136 E.0079
G1 X95.799 Y134.657 E.02407
G1 X95.642 Y134.461 E.00787
G1 X95.309 Y133.769 E.02408
G1 X95.253 Y133.524 E.00788
G1 X95.253 Y132.756 E.02408
G1 X95.309 Y132.511 E.00788
G1 X95.642 Y131.819 E.02408
G1 X95.799 Y131.623 E.00787
G1 X96.399 Y131.144 E.02407
G1 X96.626 Y131.035 E.0079
G1 X97.374 Y130.864 E.02406
G1 X97.626 Y130.864 E.0079
G1 X98.374 Y131.035 E.02406
G1 X98.601 Y131.144 E.0079
G1 X99.201 Y131.623 E.02407
G1 X99.358 Y131.819 E.00787
G1 X99.691 Y132.511 E.02408
G1 X99.706 Y132.575 E.00206
G1 X99.352 Y132.718 F9000
;TYPE:External perimeter
G1 F2400
G1 X99.37 Y133.524 E.02528
G1 X99.018 Y134.297 E.02663
G1 X98.366 Y134.841 E.02662
G1 X97.854 Y134.977 E.01661
G1 X97.458 Y135.048 E.01261
G1 X96.71 Y134.878 E.02405
G1 X96.034 Y134.363 E.02665
G1 X95.649 Y133.606 E.02663
G1 X95.63 Y132.756 E.02666
G1 X95.982 Y131.983 E.02663
G1 X96.634 Y131.439 E.02662
G1 X97.458 Y131.232 E.02664
G1 X98.29 Y131.402 E.02663
G1 X98.966 Y131.917 E.02665
G1 X99.344 Y132.66 E.02614
G1 E-3.5 F3600
;WIPE_START
G1 F7200
G1 X99.352 Y132.718 E-.02781
G1 X99.37 Y133.524 E-.38295
G1 X99.018 Y134.297 E-.40345
G1 X98.366 Y134.841 E-.40334
G1 X97.854 Y134.977 E-.25163
G1 X97.79 Y134.989 E-.03082
;WIPE_END
G1 X93.564 Y147.036 F9000
G1 E5 F2400
;TYPE:Perimeter
G1 X93.564 Y112.964 E1.0683
G1 X166.436 Y112.964 E2.28485
G1 X166.436 Y122.375 E.29507
G1 X166.436 Y147.036 E.77323
G1 X93.624 Y147.036 E2.28297
G1 X93.187 Y147.413 F9000
G1 F2400
G1 X93.187 Y112.587 E1.09194
G1 X166.813 Y112.587 E2.30849
G1 X166.813 Y122.375 E.3069
G1 X166.813 Y147.413 E.78505
G1 X93.247 Y147.413 E2.30661
G1 X92.81 Y147.79 F9000
;TYPE:External perimeter
G1 F2400
G1 X92.81 Y112.21 E1.11558
G1 X167.19 Y112.21 E2.33213
G1 X167.19 Y122.375 E.31872
G1 X167.19 Y147.79 E.79687
G1 X92.87 Y147.79 E2.33025
G1 E-3.5 F3600
;WIPE_START
G1 F7200
G1 X92.81 Y147.79 E-.0285
G1 X92.81 Y144.692 E-1.4715
;WIPE_END
G1 X165.55 Y113.085 F9000
G1 E5 F2400
;TYPE:Solid infill
;WIDTH:0.421474
G1 X166.145 Y113.681 E.02651
G1 X166.145 Y114.216 E.01684
G1 X165.184 Y113.255 E.04278
G1 X164.649 Y113.255 E.01684
G1 X166.145 Y114.751 E.06659
G1 X166.145 Y115.287 E.01687
G1 X164.113 Y113.255 E.09045
G1 X163.578 Y113.255 E.01684
G1 X166.145 Y115.822 E.11427
G1 X166.145 Y116.357 E.01684
G1 X163.043 Y113.255 E.13809
G1 X162.507 Y113.255 E.01687
G1 X166.145 Y116.893 E.16195
G1 X166.145 Y117.428 E.01684
G1 X161.972 Y113.255 E.18576
G1 X161.437 Y113.255 E.01684
G1 X166.145 Y117.963 E.20958
G1 X166.145 Y118.499 E.01687
G1 X160.901 Y113.255 E.23344
G1 X160.366 Y113.255 E.01684
G1 X166.145 Y119.034 E.25725
G1 X166.145 Y119.569 E.01684
G1 X159.831 Y113.255 E.28107
G1 X159.295 Y113.255 E.01687
G1 X166.145 Y120.105 E.30493
G1 X166.145 Y120.64 E.01684
G1 X158.76 Y113.255 E.32874
G1 X158.224 Y113.255 E.01687
G1 X166.145 Y121.176 E.3526
G1 X166.145 Y121.711 E.01684
G1 X157.689 Y113.255 E.37642
G1 X157.154 Y113.255 E.01684
G1 X166.145 Y122.246 E.40023
G1 X166.145 Y122.782 E.01687
G1 X156.618 Y113.255 E.42409
G1 X156.083 Y113.255 E.01684
G1 X166.145 Y123.317 E.44791
G1 X166.145 Y123.852 E.01684
G1 X155.548 Y113.255 E.47173
G1 X155.012 Y113.255 E.01687
G1 X166.145 Y124.388 E.49559
G1 X166.145 Y124.923 E.01684
G1 X154.477 Y113.255 E.5194
G1 X153.942 Y113.255 E.01684
G1 X166.145 Y125.458 E.54322
G1 X166.145 Y125.994 E.01687
G1 X153.406 Y113.255 E.56708
G1 X152.871 Y113.255 E.01684
G1 X166.145 Y126.529 E.59089
G1 X166.145 Y127.064 E.01684
G1 X152.336 Y113.255 E.61471
G1 X151.8 Y113.255 E.01687
G1 X166.145 Y127.6 E.63857
G1 X166.145 Y128.135 E.01684
G1 X151.265 Y113.255 E.66238
G1 X150.729 Y113.255 E.01687
G1 X166.145 Y128.671 E.68624
G1 X166.145 Y129.206 E.01684
G1 X150.194 Y113.255 E.71006
G1 X149.659 Y113.255 E.01684
G1 X166.145 Y129.741 E.73388
G1 X166.145 Y130.277 E.01687
G1 X149.123 Y113.255 E.75774
G1 X148.588 Y113.255 E.01684
G1 X166.145 Y130.812 E.78155
G1 X166.145 Y131.347 E.01684
G1 X148.053 Y113.255 E.80537
G1 X147.517 Y113.255 E.01687
G1 X166.145 Y131.883 E.82923
G1 X166.145 Y132.418 E.01684
G1 X146.982 Y113.255 E.85304
G1 X146.447 Y113.255 E.01684
G1 X163.603 Y130.411 E.7637
G1 X163.766 Y130.467 E.00543
G1 X164.012 Y130.618 E.00909
G1 X164.626 Y131.108 E.02473
G1 X164.954 Y131.519 E.01655
G1 X165.18 Y131.988 E.01639
G1 X166.145 Y132.953 E.04296
G1 X166.145 Y133.489 E.01687
G1 X165.414 Y132.758 E.03254
G1 X165.414 Y133.293 E.01684
G1 X166.145 Y134.024 E.03254
G1 X166.145 Y134.559 E.01684
G1 X165.379 Y133.793 E.0341
G1 X165.295 Y134.052 E.00857
G1 X165.233 Y134.182 E.00453
G1 X166.145 Y135.095 E.04062
G1 X166.145 Y135.63 E.01684
G1 X165.059 Y134.543 E.04837
G1 X164.954 Y134.761 E.00762
G1 X164.859 Y134.879 E.00477
G1 X166.145 Y136.165 E.05725
G1 X166.145 Y136.701 E.01687
G1 X164.621 Y135.176 E.06786
G1 X164.323 Y135.414 E.012
G1 X166.145 Y137.236 E.08111
G1 X166.145 Y137.772 E.01687
G1 X164.025 Y135.651 E.09439
G1 X163.766 Y135.813 E.00962
G1 X163.681 Y135.842 E.00283
G1 X166.145 Y138.307 E.10971
G1 X166.145 Y138.842 E.01684
G1 X163.259 Y135.956 E.12847
G1 X162.823 Y136.056 E.01408
G1 X166.145 Y139.378 E.14788
G1 X166.145 Y139.913 E.01684
G1 X162.095 Y135.863 E.18029
G1 E-3.5 F3600
;WIPE_START
G1 F7200
G1 X164.328 Y138.096 E-1.5
;WIPE_END
G1 X163.124 Y130.467 F9000
G1 E5 F2400
G1 X145.911 Y113.255 E.76622
G1 X145.376 Y113.255 E.01684
G1 X162.322 Y130.2 E.75433
G1 X161.882 Y130.296 E.01418
G1 X144.841 Y113.255 E.75858
G1 X144.305 Y113.255 E.01687
G1 X161.446 Y130.395 E.76301
G1 X161.19 Y130.488 E.00857
G1 X161.076 Y130.561 E.00426
G1 X143.77 Y113.255 E.77038
G1 X143.235 Y113.255 E.01684
G1 X160.771 Y130.791 E.78062
G1 X160.473 Y131.029 E.012
G1 X142.699 Y113.255 E.79121
G1 X142.164 Y113.255 E.01684
G1 X160.196 Y131.287 E.8027
G1 X159.996 Y131.622 E.01228
G1 X141.628 Y113.255 E.81763
G1 X141.093 Y113.255 E.01684
G1 X159.822 Y131.984 E.83372
G1 X159.659 Y132.355 E.01276
G1 X140.558 Y113.255 E.85026
G1 X140.022 Y113.255 E.01687
G1 X159.587 Y132.819 E.87091
G1 X159.587 Y133.355 E.01687
G1 X139.487 Y113.255 E.89475
G1 X138.952 Y113.255 E.01684
G1 X159.67 Y133.973 E.92226
G1 X160.043 Y134.756 E.0273
G1 X160.212 Y135.015 E.00973
G1 X160.379 Y135.176 E.0073
G1 X160.987 Y135.661 E.02448
G1 X161.21 Y135.802 E.0083
G1 X161.627 Y135.93 E.01373
G1 X166.145 Y140.448 E.20112
G1 X166.145 Y140.984 E.01687
G1 X138.416 Y113.255 E1.23436
G1 X137.881 Y113.255 E.01684
G1 X166.145 Y141.519 E1.25817
G1 X166.145 Y142.054 E.01684
G1 X137.346 Y113.255 E1.28199
G1 X136.81 Y113.255 E.01687
G1 X166.145 Y142.59 E1.30585
G1 X166.145 Y143.125 E.01684
G1 X136.275 Y113.255 E1.32966
G1 X135.74 Y113.255 E.01684
G1 X166.145 Y143.66 E1.35348
G1 X166.145 Y144.196 E.01687
G1 X135.204 Y113.255 E1.37734
G1 X134.669 Y113.255 E.01684
G1 X166.145 Y144.731 E1.40116
G1 X166.145 Y145.267 E.01687
G1 X134.133 Y113.255 E1.42502
G1 X133.598 Y113.255 E.01684
G1 X166.145 Y145.802 E1.44883
G1 X166.145 Y146.337 E.01684
G1 X133.063 Y113.255 E1.47265
G1 X132.527 Y113.255 E.01687
G1 X166.018 Y146.745 E1.49083
G1 X165.483 Y146.745 E.01684
G1 X131.992 Y113.255 E1.49083
G1 X131.457 Y113.255 E.01684
G1 X164.948 Y146.745 E1.49083
G1 X164.412 Y146.745 E.01687
G1 X130.921 Y113.255 E1.49083
G1 X130.386 Y113.255 E.01684
G1 X163.877 Y146.745 E1.49083
G1 X163.342 Y146.745 E.01684
G1 X129.851 Y113.255 E1.49083
G1 X129.315 Y113.255 E.01687
G1 X162.806 Y146.745 E1.49083
G1 X162.271 Y146.745 E.01684
G1 X128.78 Y113.255 E1.49083
G1 X128.245 Y113.255 E.01684
G1 X161.736 Y146.745 E1.49083
G1 X161.2 Y146.745 E.01687
G1 X127.709 Y113.255 E1.49083
G1 X127.174 Y113.255 E.01684
G1 X160.665 Y146.745 E1.49083
G1 X160.129 Y146.745 E.01687
G1 X126.638 Y113.255 E1.49083
G1 X126.103 Y113.255 E.01684
G1 X159.594 Y146.745 E1.49083
G1 X159.059 Y146.745 E.01684
G1 X125.568 Y113.255 E1.49083
G1 X125.032 Y113.255 E.01687
G1 X158.523 Y146.745 E1.49083
G1 X157.988 Y146.745 E.01684
G1 X124.497 Y113.255 E1.49083
G1 X123.962 Y113.255 E.01684
G1 X157.453 Y146.745 E1.49083
G1 X156.917 Y146.745 E.01687
G1 X123.426 Y113.255 E1.49083
G1 X122.891 Y113.255 E.01684
G1 X156.382 Y146.745 E1.49083
G1 X155.847 Y146.745 E.01684
G1 X122.356 Y113.255 E1.49083
G1 X121.82 Y113.255 E.01687
G1 X155.311 Y146.745 E1.49083
G1 X154.776 Y146.745 E.01684
G1 X121.285 Y113.255 E1.49083
G1 X120.75 Y113.255 E.01684
G1 X154.241 Y146.745 E1.49083
G1 X153.705 Y146.745 E.01687
G1 X120.214 Y113.255 E1.49083
G1 X119.679 Y113.255 E.01684
G1 X153.17 Y146.745 E1.49083
G1 X152.634 Y146.745 E.01687
G1 X119.143 Y113.255 E1.49083
G1 X118.608 Y113.255 E.01684
G1 X152.099 Y146.745 E1.49083
G1 X151.564 Y146.745 E.01684
G1 X118.073 Y113.255 E1.49083
G1 X117.537 Y113.255 E.01687
G1 X151.028 Y146.745 E1.49083
G1 X150.493 Y146.745 E.01684
G1 X117.002 Y113.255 E1.49083
G1 X116.467 Y113.255 E.01684
G1 X149.958 Y146.745 E1.49083
G1 X149.422 Y146.745 E.01687
G1 X115.931 Y113.255 E1.49083
G1 X115.396 Y113.255 E.01684
G1 X148.887 Y146.745 E1.49083
G1 X148.352 Y146.745 E.01684
G1 X114.861 Y113.255 E1.49083
G1 X114.325 Y113.255 E.01687
G1 X147.816 Y146.745 E1.49083
G1 X147.281 Y146.745 E.01684
G1 X113.79 Y113.255 E1.49083
G1 X113.255 Y113.255 E.01684
G1 X146.746 Y146.745 E1.49083
G1 X146.21 Y146.745 E.01687
G1 X112.719 Y113.255 E1.49083
G1 X112.184 Y113.255 E.01684
G1 X145.675 Y146.745 E1.49083
G1 X145.139 Y146.745 E.01687
G1 X111.648 Y113.255 E1.49083
G1 X111.113 Y113.255 E.01684
G1 X144.604 Y146.745 E1.49083
G1 X144.069 Y146.745 E.01684
G1 X110.578 Y113.255 E1.49083
G1 X110.042 Y113.255 E.01687
G1 X143.533 Y146.745 E1.49083
G1 X142.998 Y146.745 E.01684
G1 X109.507 Y113.255 E1.49083
G1 X108.972 Y113.255 E.01684
G1 X142.463 Y146.745 E1.49083
G1 X141.927 Y146.745 E.01687
G1 X108.436 Y113.255 E1.49083
G1 X107.901 Y113.255 E.01684
G1 X141.392 Y146.745 E1.49083
G1 X140.857 Y146.745 E.01684
G1 X107.366 Y113.255 E1.49083
G1 X106.83 Y113.255 E.01687
G1 X140.321 Y146.745 E1.49083
G1 X139.786 Y146.745 E.01684
G1 X106.295 Y113.255 E1.49083
G1 X105.76 Y113.255 E.01684
G1 X139.251 Y146.745 E1.49083
G1 X138.715 Y146.745 E.01687
G1 X105.224 Y113.255 E1.49083
G1 X104.689 Y113.255 E.01684
G1 X138.18 Y146.745 E1.49083
G1 X137.644 Y146.745 E.01687
G1 X104.154 Y113.255 E1.49081
G1 X103.618 Y113.255 E.01687
G1 X137.109 Y146.745 E1.49083
G1 X136.574 Y146.745 E.01684
G1 X103.083 Y113.255 E1.49083
G1 X102.547 Y113.255 E.01687
G1 X136.038 Y146.745 E1.49083
G1 X135.503 Y146.745 E.01684
G1 X102.012 Y113.255 E1.49083
G1 X101.477 Y113.255 E.01684
G1 X134.968 Y146.745 E1.49083
G1 X134.432 Y146.745 E.01687
G1 X100.941 Y113.255 E1.49083
G1 X100.406 Y113.255 E.01684
G1 X133.897 Y146.745 E1.49083
G1 X133.362 Y146.745 E.01684
G1 X99.871 Y113.255 E1.49083
G1 X99.335 Y113.255 E.01687
G1 X132.826 Y146.745 E1.49083
G1 X132.291 Y146.745 E.01684
G1 X98.8 Y113.255 E1.49083
G1 X98.265 Y113.255 E.01684
G1 X131.756 Y146.745 E1.49083
G1 X131.22 Y146.745 E.01687
G1 X97.729 Y113.255 E1.49083
G1 X97.194 Y113.255 E.01684
G1 X130.685 Y146.745 E1.49083
G1 X130.15 Y146.745 E.01684
G1 X96.659 Y113.255 E1.49083
G1 X96.123 Y113.255 E.01687
G1 X129.614 Y146.745 E1.49083
G1 X129.079 Y146.745 E.01684
G1 X95.588 Y113.255 E1.49083
G1 X95.052 Y113.255 E.01687
G1 X128.543 Y146.745 E1.49083
G1 X128.008 Y146.745 E.01684
G1 X94.517 Y113.255 E1.49083
G1 X93.982 Y113.255 E.01684
G1 X127.473 Y146.745 E1.49083
G1 X126.937 Y146.745 E.01687
G1 X93.855 Y113.663 E1.47265
G1 X93.855 Y114.198 E.01684
G1 X126.402 Y146.745 E1.44883
G1 X125.867 Y146.745 E.01684
G1 X93.855 Y114.733 E1.42502
G1 X93.855 Y115.269 E.01687
G1 X125.331 Y146.745 E1.40116
G1 X124.796 Y146.745 E.01684
G1 X93.855 Y115.804 E1.37734
G1 X93.855 Y116.339 E.01684
G1 X124.261 Y146.745 E1.35352
G1 X123.725 Y146.745 E.01687
G1 X93.855 Y116.875 E1.32966
G1 X93.855 Y117.41 E.01684
G1 X123.19 Y146.745 E1.30585
G1 X122.655 Y146.745 E.01684
G1 X93.855 Y117.945 E1.28203
G1 X93.855 Y118.481 E.01687
G1 X122.119 Y146.745 E1.25817
G1 X121.584 Y146.745 E.01684
G1 X93.855 Y119.016 E1.23436
G1 X93.855 Y119.552 E.01687
G1 X121.048 Y146.745 E1.2105
G1 X120.513 Y146.745 E.01684
G1 X93.855 Y120.087 E1.18668
G1 X93.855 Y120.622 E.01684
G1 X119.978 Y146.745 E1.16287
G1 X119.442 Y146.745 E.01687
G1 X93.855 Y121.158 E1.13901
G1 X93.855 Y121.693 E.01684
G1 X118.907 Y146.745 E1.11519
G1 X118.372 Y146.745 E.01684
G1 X93.855 Y122.228 E1.09138
G1 X93.855 Y122.764 E.01687
G1 X117.836 Y146.745 E1.06752
G1 X117.301 Y146.745 E.01684
G1 X93.855 Y123.299 E1.0437
G1 X93.855 Y123.834 E.01684
G1 X116.766 Y146.745 E1.01988
G1 X116.23 Y146.745 E.01687
G1 X93.855 Y124.37 E.99602
G1 X93.855 Y124.905 E.01684
G1 X115.695 Y146.745 E.97221
G1 X115.16 Y146.745 E.01684
G1 X93.855 Y125.44 E.94839
G1 X93.855 Y125.976 E.01687
G1 X98.19 Y130.312 E.193
G1 X97.621 Y130.188 E.01833
G1 X97.529 Y130.186 E.0029
G1 X93.855 Y126.511 E.16357
G1 X93.855 Y127.047 E.01687
G1 X97.059 Y130.251 E.14263
G1 X96.623 Y130.351 E.01408
G1 X93.855 Y127.582 E.12324
G1 X93.855 Y128.117 E.01684
G1 X96.215 Y130.478 E.10508
G1 X95.895 Y130.693 E.01213
G1 X93.855 Y128.653 E.09081
G1 X93.855 Y129.188 E.01684
G1 X95.597 Y130.93 E.07755
G1 X95.374 Y131.108 E.00898
G1 X95.314 Y131.183 E.00302
G1 X93.855 Y129.723 E.06497
G1 X93.855 Y130.259 E.01687
G1 X95.077 Y131.481 E.0544
G1 X94.894 Y131.834 E.01252
G1 X93.855 Y130.794 E.04627
G1 X93.855 Y131.329 E.01684
G1 X94.72 Y132.195 E.03853
G1 X94.613 Y132.624 E.01392
G1 X93.855 Y131.865 E.03376
G1 X93.855 Y132.4 E.01684
G1 X94.586 Y133.131 E.03254
G1 X94.599 Y133.68 E.01729
G1 X93.685 Y132.766 E.04069
G1 E-3.5 F3600
;WIPE_START
G1 F7200
G1 X94.599 Y133.68 E-.61398
G1 X94.586 Y133.131 E-.26085
G1 X93.855 Y132.4 E-.49105
G1 X93.855 Y132.118 E-.13412
;WIPE_END
G1 X100.102 Y132.224 F9000
G1 E5 F2400
G1 X114.624 Y146.745 E.64643
G1 X114.089 Y146.745 E.01684
G1 X100.413 Y133.069 E.60879
G1 X100.411 Y133.603 E.01681
G1 X113.553 Y146.745 E.58502
G1 X113.018 Y146.745 E.01684
G1 X100.303 Y134.03 E.56601
G1 X100.131 Y134.394 E.01267
G1 X112.483 Y146.745 E.54983
G1 X111.947 Y146.745 E.01687
G1 X99.957 Y134.755 E.53374
G1 X99.788 Y135.015 E.00976
G1 X99.734 Y135.067 E.00236
G1 X111.412 Y146.745 E.51985
G1 X110.877 Y146.745 E.01684
G1 X99.447 Y135.315 E.50881
G1 X99.149 Y135.553 E.012
G1 X110.341 Y146.745 E.49821
G1 X109.806 Y146.745 E.01684
G1 X98.834 Y135.774 E.4884
G1 X98.439 Y135.914 E.01319
G1 X109.271 Y146.745 E.48216
G1 X108.735 Y146.745 E.01687
G1 X98 Y136.01 E.47787
G1 X97.548 Y136.094 E.01447
G1 X108.2 Y146.745 E.47415
G1 X107.665 Y146.745 E.01684
G1 X96.689 Y135.77 E.48857
G1 E-3.5 F3600
;WIPE_START
G1 F7200
G1 X98.922 Y138.003 E-1.5
;WIPE_END
G1 X93.685 Y133.301 F9000
G1 E5 F2400
G1 X107.129 Y146.745 E.59846
G1 X106.594 Y146.745 E.01684
G1 X93.855 Y134.006 E.56708
G1 X93.855 Y134.542 E.01687
G1 X106.058 Y146.745 E.54322
G1 X105.523 Y146.745 E.01684
G1 X93.855 Y135.077 E.5194
G1 X93.855 Y135.612 E.01684
G1 X104.988 Y146.745 E.49559
G1 X104.452 Y146.745 E.01687
G1 X93.855 Y136.148 E.47173
G1 X93.855 Y136.683 E.01684
G1 X103.917 Y146.745 E.44791
G1 X103.382 Y146.745 E.01684
G1 X93.855 Y137.218 E.42409
G1 X93.855 Y137.754 E.01687
G1 X102.846 Y146.745 E.40023
G1 X102.311 Y146.745 E.01684
G1 X93.855 Y138.289 E.37642
G1 X93.855 Y138.824 E.01684
G1 X101.776 Y146.745 E.3526
G1 X101.24 Y146.745 E.01687
G1 X93.855 Y139.36 E.32874
G1 X93.855 Y139.895 E.01684
G1 X100.705 Y146.745 E.30493
G1 X100.17 Y146.745 E.01684
G1 X93.855 Y140.43 E.28111
G1 X93.855 Y140.966 E.01687
G1 X99.634 Y146.745 E.25725
G1 X99.099 Y146.745 E.01684
G1 X93.855 Y141.501 E.23344
G1 X93.855 Y142.037 E.01687
G1 X98.563 Y146.745 E.20958
G1 X98.028 Y146.745 E.01684
G1 X93.855 Y142.572 E.18576
G1 X93.855 Y143.107 E.01684
G1 X97.493 Y146.745 E.16195
G1 X96.957 Y146.745 E.01687
G1 X93.855 Y143.643 E.13809
G1 X93.855 Y144.178 E.01684
G1 X96.422 Y146.745 E.11427
G1 X95.887 Y146.745 E.01684
G1 X93.855 Y144.713 E.09045
G1 X93.855 Y145.249 E.01687
G1 X95.351 Y146.745 E.06659
G1 X94.816 Y146.745 E.01684
G1 X93.855 Y145.784 E.04278
G1 X93.855 Y146.319 E.01684
G1 X94.45 Y146.915 E.02651
M106 S255
;LAYER_CHANGE
;Z:0.4
;HEIGHT:0.2
;BEFORE_LAYER_CHANGE
G92 E0
;0.4


G1 E-3.5 F3600
;WIPE_START
G1 F7200
G1 X93.855 Y146.319 E-.40003
G1 X93.855 Y145.784 E-.25413
G1 X94.816 Y146.745 E-.64555
G1 X95.238 Y146.745 E-.20029
;WIPE_END
G1 Z.4 F9000
;AFTER_LAYER_CHANGE
;0.4
M104 S205 ; set temperature
; stop printing object TapaBatería.stl id:0 copy 0
G1 X94.45 Y151.666
G1 E5 F2400
;TYPE:Skirt/Brim
;WIDTH:0.42
G1 F4800
G1 X92.5 Y151.666 E.06114
G1 X90.87 Y151.271 E.05259
G1 X89.601 Y150.175 E.05257
G1 X88.934 Y148.1 E.06834
G1 X88.934 Y111.9 E1.13503
G1 X89.329 Y110.27 E.05259
G1 X90.425 Y109.001 E.05257
G1 X92.5 Y108.334 E.06834
G1 X167.5 Y108.334 E2.35157
G1 X169.13 Y108.729 E.05259
G1 X170.399 Y109.825 E.05257
G1 X171.066 Y111.9 E.06834
G1 X171.066 Y148.1 E1.13503
G1 X170.671 Y149.73 E.05259
G1 X169.575 Y150.999 E.05257
G1 X167.5 Y151.666 E.06834
G1 X94.51 Y151.666 E2.28855
G1 X94.51 Y151.289 F9000
G1 F4800
G1 X92.5 Y151.289 E.06302
G1 X90.965 Y150.895 E.04969
G1 X89.809 Y149.811 E.04969
G1 X89.311 Y148.1 E.05587
G1 X89.311 Y111.9 E1.13503
G1 X89.705 Y110.365 E.04969
G1 X90.789 Y109.209 E.04969
G1 X92.5 Y108.711 E.05587
G1 X167.5 Y108.711 E2.35157
G1 X169.035 Y109.105 E.04969
G1 X170.191 Y110.189 E.04969
G1 X170.689 Y111.9 E.05587
G1 X170.689 Y148.1 E1.13503
G1 X170.295 Y149.635 E.04969
G1 X169.211 Y150.791 E.04969
G1 X167.5 Y151.289 E.05587
G1 X94.57 Y151.289 E2.28667
G1 E-3.5 F3600
;WIPE_START
G1 F7200
G1 X94.51 Y151.289 E-.0285
G1 X92.5 Y151.289 E-.95475
G1 X91.446 Y151.018 E-.51675
;WIPE_END
; printing object TapaBatería.stl id:0 copy 0
G1 X159.988 Y133.713 F9000
G1 E5 F2400
;TYPE:Perimeter
;WIDTH:0.439999
G1 F3600
G1 X159.947 Y133.554 E.00542
G1 X159.946 Y132.779 E.02559
G1 X160.021 Y132.405 E.01259
G1 X160.355 Y131.707 E.02555
G1 X160.574 Y131.412 E.01213
G1 X161.19 Y130.918 E.02607
G1 X161.492 Y130.755 E.01133
G1 X162.284 Y130.57 E.02685
G1 X162.55 Y130.547 E.00882
G1 X163.42 Y130.73 E.02935
G1 X163.81 Y130.918 E.01429
G1 X164.375 Y131.368 E.02385
G1 X164.645 Y131.707 E.01431
G1 X164.958 Y132.357 E.02382
G1 X165.054 Y132.779 E.01429
G1 X165.054 Y133.501 E.02384
G1 X164.958 Y133.923 E.01429
G1 X164.645 Y134.573 E.02382
G1 X164.375 Y134.912 E.01431
G1 X163.81 Y135.362 E.02385
G1 X163.42 Y135.55 E.01429
G1 X162.716 Y135.71 E.02384
G1 X162.406 Y135.73 E.01026
G1 X161.58 Y135.55 E.02791
G1 X161.275 Y135.423 E.01091
G1 X160.625 Y134.912 E.0273
G1 X160.393 Y134.644 E.0117
G1 X160.042 Y133.923 E.02648
G1 X160.003 Y133.771 E.00518
G1 X160.372 Y133.626 F9000
G1 F3600
G1 X160.343 Y133.501 E.00424
G1 X160.343 Y132.779 E.02384
G1 X160.4 Y132.529 E.00847
G1 X160.713 Y131.879 E.02382
G1 X160.873 Y131.679 E.00846
G1 X161.437 Y131.229 E.02382
G1 X161.668 Y131.117 E.00848
G1 X162.372 Y130.957 E.02384
G1 X162.628 Y130.957 E.00845
G1 X163.332 Y131.117 E.02384
G1 X163.563 Y131.229 E.00848
G1 X164.127 Y131.679 E.02382
G1 X164.287 Y131.879 E.00846
G1 X164.6 Y132.529 E.02382
G1 X164.657 Y132.779 E.00847
G1 X164.657 Y133.501 E.02384
G1 X164.6 Y133.751 E.00847
G1 X164.287 Y134.401 E.02382
G1 X164.127 Y134.601 E.00846
G1 X163.563 Y135.051 E.02382
G1 X163.332 Y135.163 E.00848
G1 X162.628 Y135.323 E.02384
G1 X162.372 Y135.323 E.00845
G1 X161.668 Y135.163 E.02384
G1 X161.437 Y135.051 E.00848
G1 X160.873 Y134.601 E.02382
G1 X160.713 Y134.401 E.00846
G1 X160.4 Y133.751 E.02382
G1 X160.385 Y133.684 E.00227
G1 X160.748 Y133.539 F9000
;TYPE:External perimeter
;WIDTH:0.419999
G1 F3600
G1 X160.73 Y132.779 E.02384
G1 X161.062 Y132.047 E.0252
G1 X161.679 Y131.531 E.02522
G1 X162.458 Y131.334 E.02519
G1 X163.246 Y131.495 E.02522
G1 X163.886 Y131.981 E.0252
G1 X164.251 Y132.697 E.0252
G1 X164.27 Y133.501 E.02522
G1 X163.938 Y134.233 E.0252
G1 X163.321 Y134.749 E.02522
G1 X162.542 Y134.946 E.02519
G1 X161.754 Y134.785 E.02522
G1 X161.114 Y134.299 E.0252
G1 X160.756 Y133.597 E.02471
G1 E-3.5
;WIPE_START
G1 F7200
G1 X160.748 Y133.539 E-.02781
G1 X160.73 Y132.779 E-.3611
G1 X161.062 Y132.047 E-.38179
G1 X161.679 Y131.531 E-.38206
G1 X162.388 Y131.352 E-.34724
;WIPE_END
G1 X100.014 Y133.714 F9000
G1 E5 F2400
;TYPE:Perimeter
;WIDTH:0.439999
G1 F3600
G1 X99.987 Y133.857 E.0048
G1 X99.645 Y134.573 E.0262
G1 X99.446 Y134.849 E.01123
G1 X98.81 Y135.362 E.02698
G1 X98.529 Y135.518 E.01061
G1 X98.006 Y135.644 E.01776
G1 X97.45 Y135.733 E.01859
G1 X96.58 Y135.55 E.02935
G1 X96.19 Y135.362 E.01429
G1 X95.625 Y134.912 E.02385
G1 X95.355 Y134.573 E.01431
G1 X95.042 Y133.923 E.02382
G1 X94.946 Y133.501 E.01429
G1 X94.946 Y132.779 E.02384
G1 X95.042 Y132.357 E.01429
G1 X95.355 Y131.707 E.02382
G1 X95.625 Y131.368 E.01431
G1 X96.19 Y130.918 E.02385
G1 X96.58 Y130.73 E.01429
G1 X97.284 Y130.57 E.02384
G1 X97.594 Y130.55 E.01026
G1 X98.42 Y130.73 E.02791
G1 X98.76 Y130.88 E.01227
G1 X99.375 Y131.368 E.02592
G1 X99.619 Y131.657 E.01249
G1 X99.958 Y132.357 E.02568
G1 X100.053 Y132.726 E.01258
G1 X100.054 Y133.501 E.02559
G1 X100.025 Y133.655 E.00517
G1 X99.628 Y133.626 F9000
G1 F3600
G1 X99.6 Y133.751 E.00423
G1 X99.287 Y134.401 E.02382
G1 X99.127 Y134.601 E.00846
G1 X98.563 Y135.051 E.02382
G1 X98.332 Y135.163 E.00848
G1 X97.628 Y135.323 E.02384
G1 X97.372 Y135.323 E.00845
G1 X96.668 Y135.163 E.02384
G1 X96.437 Y135.051 E.00848
G1 X95.873 Y134.601 E.02382
G1 X95.713 Y134.401 E.00846
G1 X95.4 Y133.751 E.02382
G1 X95.343 Y133.501 E.00847
G1 X95.343 Y132.779 E.02384
G1 X95.4 Y132.529 E.00847
G1 X95.713 Y131.879 E.02382
G1 X95.873 Y131.679 E.00846
G1 X96.437 Y131.229 E.02382
G1 X96.668 Y131.117 E.00848
G1 X97.372 Y130.957 E.02384
G1 X97.628 Y130.957 E.00845
G1 X98.332 Y131.117 E.02384
G1 X98.563 Y131.229 E.00848
G1 X99.127 Y131.679 E.02382
G1 X99.287 Y131.879 E.00846
G1 X99.6 Y132.529 E.02382
G1 X99.657 Y132.779 E.00847
G1 X99.657 Y133.501 E.02384
G1 X99.642 Y133.567 E.00223
G1 X99.252 Y133.541 F9000
;TYPE:External perimeter
;WIDTH:0.419999
G1 F3600
G1 X98.938 Y134.233 E.02383
G1 X98.321 Y134.749 E.02522
G1 X97.832 Y134.88 E.01587
G1 X97.458 Y134.946 E.01191
G1 X96.754 Y134.785 E.02264
G1 X96.114 Y134.299 E.0252
G1 X95.749 Y133.583 E.0252
G1 X95.73 Y132.779 E.02522
G1 X96.062 Y132.047 E.0252
G1 X96.679 Y131.531 E.02522
G1 X97.458 Y131.334 E.02519
G1 X98.246 Y131.495 E.02522
G1 X98.886 Y131.981 E.0252
G1 X99.251 Y132.697 E.0252
G1 X99.27 Y133.485 E.02471
G1 E-3.5
;WIPE_START
G1 F7200
G1 X99.252 Y133.541 E-.02794
G1 X98.938 Y134.233 E-.36096
G1 X98.321 Y134.749 E-.38206
G1 X97.832 Y134.88 E-.24047
G1 X97.458 Y134.946 E-.18039
G1 X96.826 Y134.802 E-.30818
;WIPE_END
G1 X93.494 Y147.106 F9000
G1 E5 F2400
;TYPE:Perimeter
;WIDTH:0.439999
G1 F7200
G1 X93.494 Y112.894 E1.12959
G1 X166.506 Y112.894 E2.41066
G1 X166.506 Y122.377 E.3131
G1 X166.506 Y147.106 E.81648
G1 X93.554 Y147.106 E2.40867
G1 X93.097 Y147.503 F9000
G1 F7200
G1 X93.097 Y112.497 E1.1558
G1 X166.903 Y112.497 E2.43687
G1 X166.903 Y122.377 E.32621
G1 X166.903 Y147.503 E.82959
G1 X93.157 Y147.503 E2.43489
G1 X92.71 Y147.89 F9000
;TYPE:External perimeter
;WIDTH:0.419999
G1 F3600
G1 X92.71 Y112.11 E1.12185
G1 X167.29 Y112.11 E2.3384
G1 X167.29 Y122.377 E.32191
G1 X167.29 Y147.89 E.79994
G1 X92.77 Y147.89 E2.33652
G1 E-3.5
;WIPE_START
G1 F7200
G1 X92.71 Y147.89 E-.0285
G1 X92.71 Y144.792 E-1.4715
;WIPE_END
G1 X93.908 Y113.232 F9000
G1 E5 F2400
;TYPE:Solid infill
;WIDTH:0.53634
G1 F7200
G1 X93.864 Y113.189 E.00252
G1 X93.804 Y113.204 E.00254
G1 X93.789 Y113.264 E.00254
G1 X93.832 Y113.308 E.00252
G1 X93.892 Y113.292 E.00255
;WIDTH:0.439999
G1 X93.8 Y113.926 E.02115
G1 X94.526 Y113.2 E.0339
G1 X95.087 Y113.2 E.01852
G1 X93.8 Y114.487 E.06009
G1 X93.8 Y115.049 E.01856
G1 X95.649 Y113.2 E.08634
G1 X96.211 Y113.2 E.01856
G1 X93.8 Y115.611 E.11258
G1 X93.8 Y116.172 E.01852
G1 X96.772 Y113.2 E.13877
G1 X97.334 Y113.2 E.01856
G1 X93.8 Y116.734 E.16501
G1 X93.8 Y117.295 E.01852
G1 X97.895 Y113.2 E.19121
G1 X98.457 Y113.2 E.01856
G1 X93.8 Y117.857 E.21745
G1 X93.8 Y118.418 E.01852
G1 X99.018 Y113.2 E.24365
G1 X99.58 Y113.2 E.01856
G1 X93.8 Y118.98 E.26989
G1 X93.8 Y119.541 E.01852
G1 X100.141 Y113.2 E.29608
G1 X100.703 Y113.2 E.01856
G1 X93.8 Y120.103 E.32232
G1 X93.8 Y120.665 E.01856
G1 X101.265 Y113.2 E.34857
G1 X101.826 Y113.2 E.01852
G1 X93.8 Y121.226 E.37476
G1 X93.8 Y121.788 E.01856
G1 X102.388 Y113.2 E.401
G1 X102.949 Y113.2 E.01852
G1 X93.8 Y122.349 E.4272
G1 X93.8 Y122.911 E.01856
G1 X103.511 Y113.2 E.45344
G1 X104.072 Y113.2 E.01852
G1 X93.8 Y123.472 E.47964
G1 X93.8 Y124.034 E.01856
G1 X104.634 Y113.2 E.50588
G1 X105.195 Y113.2 E.01852
G1 X93.8 Y124.595 E.53207
G1 X93.8 Y125.157 E.01856
G1 X105.757 Y113.2 E.55831
G1 X106.319 Y113.2 E.01856
G1 X93.8 Y125.719 E.58456
G1 X93.8 Y126.28 E.01852
G1 X106.88 Y113.2 E.61075
G1 X107.442 Y113.2 E.01856
G1 X93.8 Y126.842 E.63699
G1 X93.8 Y127.403 E.01852
G1 X108.003 Y113.2 E.66319
G1 X108.565 Y113.2 E.01856
G1 X93.8 Y127.965 E.68943
G1 X93.8 Y128.526 E.01852
G1 X109.126 Y113.2 E.71562
G1 X109.688 Y113.2 E.01856
G1 X93.8 Y129.088 E.74187
G1 X93.8 Y129.649 E.01852
G1 X110.249 Y113.2 E.76806
G1 X110.811 Y113.2 E.01856
G1 X93.8 Y130.211 E.7943
G1 X93.8 Y130.773 E.01856
G1 X111.373 Y113.2 E.82054
G1 X111.934 Y113.2 E.01852
G1 X93.8 Y131.334 E.84674
G1 X93.8 Y131.896 E.01856
G1 X112.496 Y113.2 E.87298
G1 X113.057 Y113.2 E.01852
G1 X93.8 Y132.457 E.89918
G1 X94.787 Y132.032 F9000
G1 F7200
G1 X93.94 Y132.878 E.03953
G1 X93.8 Y132.881 E.00462
G1 X93.8 Y138.634 E.18995
G1 X96.583 Y135.851 E.12995
G1 X96.24 Y135.75 E.01181
G1 X95.531 Y135.227 E.02909
G1 X95.099 Y134.734 E.02164
G1 X94.77 Y134.061 E.02473
G1 X94.657 Y133.702 E.01243
G1 X94.645 Y132.745 E.0316
G1 X94.757 Y132.257 E.01653
G1 X94.927 Y131.892 E.01329
G1 X95.034 Y131.741 E.00611
;WIDTH:0.41146
G1 X95.142 Y131.59 E.00569
;WIDTH:0.38292
G1 X95.501 Y131.191 E.01517
G1 X96.042 Y130.723 E.02022
G1 X96.092 Y130.727 E.00142
G1 X96.323 Y130.653 E.00686
;WIDTH:0.41146
G1 X96.323 Y130.574 E.00242
;WIDTH:0.439999
G1 X96.323 Y130.496 E.00258
G1 X113.619 Y113.2 E.80761
G1 X114.18 Y113.2 E.01852
G1 X97.077 Y130.303 E.7986
G1 X97.684 Y130.258 E.0201
G1 X114.742 Y113.2 E.7965
G1 X115.303 Y113.2 E.01852
G1 X98.145 Y130.358 E.80117
G1 X98.595 Y130.47 E.01531
G1 X115.865 Y113.2 E.8064
G1 X116.427 Y113.2 E.01856
G1 X98.969 Y130.658 E.81517
G1 X99.283 Y130.905 E.01319
G1 X116.988 Y113.2 E.82671
G1 X117.55 Y113.2 E.01856
G1 X99.594 Y131.156 E.83843
G1 X99.854 Y131.457 E.01313
G1 X118.111 Y113.2 E.85248
G1 X118.673 Y113.2 E.01856
G1 X100.039 Y131.833 E.87006
G1 X100.224 Y132.21 E.01387
G1 X119.234 Y113.2 E.88764
G1 X119.796 Y113.2 E.01856
G1 X100.349 Y132.647 E.90805
G1 X100.358 Y133.199 E.01823
G1 X120.357 Y113.2 E.93382
G1 X120.919 Y113.2 E.01856
G1 X100.326 Y133.793 E.96156
G1 X100.251 Y133.949 E.00572
;WIDTH:0.41146
G1 X100.176 Y134.104 E.00528
;WIDTH:0.38292
G1 X100.135 Y134.115 E.0012
G1 X100.116 Y134.044 E.00208
G1 X100.187 Y134.063 E.00208
G1 X99.67 Y135.14 F9000
G1 F7200
G1 X99.558 Y135.028 E.00448
;WIDTH:0.41146
G1 X99.69 Y134.944 E.00479
;WIDTH:0.439999
G1 X99.821 Y134.859 E.00516
G1 X121.481 Y113.2 E1.01136
G1 E-3.5 F3600
;WIPE_START
G1 F7200
G1 X119.248 Y115.433 E-1.5
;WIPE_END
G1 X97.03 Y135.966 F9000
G1 E5 F2400
G1 F7200
G1 X93.8 Y139.196 E.15082
G1 X93.8 Y139.757 E.01852
G1 X97.52 Y136.037 E.1737
G1 X98.531 Y135.741 F9000
;WIDTH:0.38292
G1 F7200
G1 X98.46 Y135.722 E.00208
G1 X98.479 Y135.793 E.00208
G1 X98.52 Y135.782 E.0012
;WIDTH:0.41146
G1 X98.365 Y135.845 E.00513
;WIDTH:0.439999
G1 X98.211 Y135.908 E.00549
G1 X93.8 Y140.319 E.20596
G1 X93.725 Y141.15 F9000
;WIDTH:0.38292
G1 F7200
G1 X93.654 Y141.131 E.00208
G1 X93.673 Y141.202 E.00208
G1 X93.714 Y141.191 E.0012
;WIDTH:0.41146
G1 X93.757 Y141.036 E.00493
;WIDTH:0.439999
G1 X93.8 Y140.881 E.00531
G1 X99.389 Y135.291 E.26099
G1 E-3.5 F3600
;WIPE_START
G1 F7200
G1 X97.156 Y137.524 E-1.5
;WIPE_END
G1 X93.8 Y141.442 F9000
G1 E5 F2400
G1 F7200
G1 X122.042 Y113.2 E1.31872
G1 X122.604 Y113.2 E.01856
G1 X93.8 Y142.004 E1.34496
G1 X93.8 Y142.565 E.01852
G1 X123.165 Y113.2 E1.37115
G1 X123.727 Y113.2 E.01856
G1 X93.8 Y143.127 E1.39739
G1 X93.8 Y143.688 E.01852
G1 X124.288 Y113.2 E1.42359
G1 X124.85 Y113.2 E.01856
G1 X93.8 Y144.25 E1.44983
G1 X93.8 Y144.811 E.01852
G1 X125.411 Y113.2 E1.47603
G1 X125.973 Y113.2 E.01856
G1 X93.8 Y145.373 E1.50227
G1 X93.8 Y145.935 E.01856
G1 X126.535 Y113.2 E1.52851
G1 X127.096 Y113.2 E.01852
G1 X93.8 Y146.496 E1.5547
G1 X93.779 Y146.684 E.00625
;WIDTH:0.41146
G1 X93.758 Y146.872 E.0058
;WIDTH:0.38292
G1 X93.687 Y146.853 E.00208
G1 X93.706 Y146.924 E.00208
G1 X93.747 Y146.913 E.0012
;WIDTH:0.439999
G1 X94.057 Y146.8 E.01089
G1 X127.658 Y113.2 E1.56892
G1 X128.219 Y113.2 E.01852
G1 X94.619 Y146.8 E1.5689
G1 X95.181 Y146.8 E.01856
G1 X128.781 Y113.2 E1.5689
G1 X129.342 Y113.2 E.01852
G1 X95.742 Y146.8 E1.5689
G1 X96.304 Y146.8 E.01856
G1 X129.904 Y113.2 E1.5689
G1 X130.465 Y113.2 E.01852
G1 X96.865 Y146.8 E1.5689
G1 X97.427 Y146.8 E.01856
G1 X131.027 Y113.2 E1.5689
G1 X131.589 Y113.2 E.01856
G1 X97.988 Y146.8 E1.56892
G1 X98.55 Y146.8 E.01856
G1 X132.15 Y113.2 E1.5689
G1 X132.712 Y113.2 E.01856
G1 X99.111 Y146.8 E1.56892
G1 X99.673 Y146.8 E.01856
G1 X133.273 Y113.2 E1.5689
G1 X133.835 Y113.2 E.01856
G1 X100.235 Y146.8 E1.5689
G1 X100.796 Y146.8 E.01852
G1 X134.396 Y113.2 E1.5689
G1 X134.958 Y113.2 E.01856
G1 X101.358 Y146.8 E1.5689
G1 X101.919 Y146.8 E.01852
G1 X135.519 Y113.2 E1.5689
G1 X136.081 Y113.2 E.01856
G1 X102.481 Y146.8 E1.5689
G1 X103.042 Y146.8 E.01852
G1 X136.643 Y113.2 E1.56892
G1 X137.204 Y113.2 E.01852
G1 X103.604 Y146.8 E1.5689
G1 X104.165 Y146.8 E.01852
G1 X137.766 Y113.2 E1.56892
G1 X138.327 Y113.2 E.01852
G1 X104.727 Y146.8 E1.5689
G1 X105.289 Y146.8 E.01856
G1 X138.889 Y113.2 E1.5689
G1 X139.45 Y113.2 E.01852
G1 X105.85 Y146.8 E1.5689
G1 X106.412 Y146.8 E.01856
G1 X140.012 Y113.2 E1.5689
G1 X140.573 Y113.2 E.01852
G1 X106.973 Y146.8 E1.5689
G1 X107.535 Y146.8 E.01856
G1 X141.135 Y113.2 E1.5689
G1 X141.697 Y113.2 E.01856
G1 X108.096 Y146.8 E1.56892
G1 X108.658 Y146.8 E.01856
G1 X142.258 Y113.2 E1.5689
G1 X142.82 Y113.2 E.01856
G1 X109.219 Y146.8 E1.56892
G1 X109.781 Y146.8 E.01856
G1 X143.381 Y113.2 E1.5689
G1 X143.943 Y113.2 E.01856
G1 X110.343 Y146.8 E1.5689
G1 X110.904 Y146.8 E.01852
G1 X144.504 Y113.2 E1.5689
G1 X145.066 Y113.2 E.01856
G1 X111.466 Y146.8 E1.5689
G1 X112.027 Y146.8 E.01852
G1 X145.627 Y113.2 E1.5689
G1 X146.189 Y113.2 E.01856
G1 X112.589 Y146.8 E1.5689
G1 X113.15 Y146.8 E.01852
G1 X146.751 Y113.2 E1.56892
G1 X147.312 Y113.2 E.01852
G1 X113.712 Y146.8 E1.5689
G1 X114.273 Y146.8 E.01852
G1 X147.874 Y113.2 E1.56892
G1 X148.435 Y113.2 E.01852
G1 X114.835 Y146.8 E1.5689
G1 X115.397 Y146.8 E.01856
G1 X148.997 Y113.2 E1.5689
G1 X149.558 Y113.2 E.01852
G1 X115.958 Y146.8 E1.5689
G1 X116.52 Y146.8 E.01856
G1 X150.12 Y113.2 E1.5689
G1 X150.681 Y113.2 E.01852
G1 X117.081 Y146.8 E1.5689
G1 X117.643 Y146.8 E.01856
G1 X151.243 Y113.2 E1.5689
G1 X151.805 Y113.2 E.01856
G1 X118.204 Y146.8 E1.56892
G1 X118.766 Y146.8 E.01856
G1 X152.366 Y113.2 E1.5689
G1 X152.928 Y113.2 E.01856
G1 X119.327 Y146.8 E1.56892
G1 X119.889 Y146.8 E.01856
G1 X153.489 Y113.2 E1.5689
G1 X154.051 Y113.2 E.01856
G1 X120.451 Y146.8 E1.5689
G1 X121.012 Y146.8 E.01852
G1 X154.612 Y113.2 E1.5689
G1 X155.174 Y113.2 E.01856
G1 X121.574 Y146.8 E1.5689
G1 X122.135 Y146.8 E.01852
G1 X155.735 Y113.2 E1.5689
G1 X156.297 Y113.2 E.01856
G1 X122.697 Y146.8 E1.5689
G1 X123.258 Y146.8 E.01852
G1 X156.858 Y113.2 E1.5689
G1 X157.42 Y113.2 E.01856
G1 X123.82 Y146.8 E1.5689
G1 X124.381 Y146.8 E.01852
G1 X157.982 Y113.2 E1.56892
G1 X158.543 Y113.2 E.01852
G1 X124.943 Y146.8 E1.5689
G1 X125.505 Y146.8 E.01856
G1 X159.105 Y113.2 E1.5689
G1 X159.666 Y113.2 E.01852
G1 X126.066 Y146.8 E1.5689
G1 X126.628 Y146.8 E.01856
G1 X160.228 Y113.2 E1.5689
G1 X160.789 Y113.2 E.01852
G1 X127.189 Y146.8 E1.5689
G1 X127.751 Y146.8 E.01856
G1 X161.351 Y113.2 E1.5689
G1 X161.912 Y113.2 E.01852
G1 X128.312 Y146.8 E1.5689
G1 X128.874 Y146.8 E.01856
G1 X162.474 Y113.2 E1.5689
G1 X163.036 Y113.2 E.01856
G1 X129.435 Y146.8 E1.56892
G1 X129.997 Y146.8 E.01856
G1 X163.597 Y113.2 E1.5689
G1 X164.159 Y113.2 E.01856
G1 X130.559 Y146.8 E1.5689
G1 X131.12 Y146.8 E.01852
G1 X164.72 Y113.2 E1.5689
G1 X165.282 Y113.2 E.01856
G1 X131.682 Y146.8 E1.5689
G1 X132.243 Y146.8 E.01852
G1 X165.843 Y113.2 E1.5689
G1 X166.331 Y113.099 E.01645
;WIDTH:0.38292
G1 X166.26 Y113.08 E.00208
G1 X166.279 Y113.151 E.00208
G1 X166.32 Y113.14 E.0012
;WIDTH:0.41146
G1 X166.26 Y113.272 E.00444
;WIDTH:0.439999
G1 X166.2 Y113.405 E.00482
G1 X132.805 Y146.8 E1.55933
G1 X133.366 Y146.8 E.01852
G1 X166.2 Y113.966 E1.53313
G1 X166.2 Y114.528 E.01856
G1 X133.928 Y146.8 E1.50689
G1 X134.489 Y146.8 E.01852
G1 X166.2 Y115.089 E1.4807
G1 X166.2 Y115.651 E.01856
G1 X135.051 Y146.8 E1.45445
G1 X135.613 Y146.8 E.01856
G1 X166.2 Y116.213 E1.42821
G1 X166.2 Y116.774 E.01852
G1 X136.174 Y146.8 E1.40202
G1 X136.736 Y146.8 E.01856
G1 X166.2 Y117.336 E1.37578
G1 X166.2 Y117.897 E.01852
G1 X137.297 Y146.8 E1.34958
G1 X137.859 Y146.8 E.01856
G1 X166.2 Y118.459 E1.32334
G1 X166.2 Y119.02 E.01852
G1 X138.42 Y146.8 E1.29714
G1 X138.982 Y146.8 E.01856
G1 X166.2 Y119.582 E1.2709
G1 X166.2 Y120.143 E.01852
G1 X139.543 Y146.8 E1.24471
G1 X140.105 Y146.8 E.01856
G1 X166.2 Y120.705 E1.21847
G1 X166.2 Y121.267 E.01856
G1 X140.666 Y146.8 E1.19225
G1 X141.228 Y146.8 E.01856
G1 X166.2 Y121.828 E1.16603
G1 X166.2 Y122.39 E.01856
G1 X141.79 Y146.8 E1.13979
G1 X142.351 Y146.8 E.01852
G1 X166.2 Y122.951 E1.11359
G1 X166.2 Y123.513 E.01856
G1 X142.913 Y146.8 E1.08735
G1 X143.474 Y146.8 E.01852
G1 X166.2 Y124.074 E1.06116
G1 X166.2 Y124.636 E.01856
G1 X144.036 Y146.8 E1.03491
G1 X144.908 Y146.946 F9000
;WIDTH:0.38292
G1 F7200
G1 X144.867 Y146.957 E.0012
G1 X144.848 Y146.886 E.00208
G1 X144.919 Y146.905 E.00208
;WIDTH:0.41146
G1 X144.758 Y146.853 E.00518
;WIDTH:0.439999
G1 X144.597 Y146.8 E.0056
G1 X166.2 Y125.197 E1.00872
G1 X166.2 Y125.759 E.01856
G1 X161.531 Y130.428 E.21801
G1 X161.504 Y130.515 E.00301
;WIDTH:0.41146
G1 X161.478 Y130.601 E.00275
;WIDTH:0.38292
G1 X161.229 Y130.622 E.00706
G1 X160.527 Y131.235 E.02635
G1 X160.35 Y131.411 E.00706
G1 X160.004 Y131.882 E.01652
;WIDTH:0.439999
G1 X159.797 Y132.162 E.0115
G1 X145.159 Y146.8 E.6835
G1 X145.72 Y146.8 E.01852
G1 X159.642 Y132.879 E.65004
G1 X159.642 Y133.44 E.01852
G1 X146.282 Y146.8 E.62382
G1 X146.844 Y146.8 E.01856
G1 X159.716 Y133.928 E.60104
G1 X159.893 Y134.313 E.01399
G1 X147.405 Y146.8 E.58308
G1 X147.967 Y146.8 E.01856
G1 X160.074 Y134.693 E.56532
G1 X160.304 Y135.025 E.01334
G1 X148.528 Y146.8 E.54984
G1 X149.09 Y146.8 E.01856
G1 X160.604 Y135.286 E.53763
G1 X160.916 Y135.535 E.01318
G1 X149.651 Y146.8 E.526
G1 X150.213 Y146.8 E.01856
G1 X161.255 Y135.758 E.51559
G1 X161.687 Y135.888 E.0149
G1 X150.774 Y146.8 E.50954
G1 X151.336 Y146.8 E.01856
G1 X162.144 Y135.992 E.50466
G1 X162.673 Y136.024 E.0175
G1 X151.898 Y146.8 E.50315
G1 X152.459 Y146.8 E.01852
G1 X163.389 Y135.87 E.51036
G1 X163.554 Y135.769 E.00639
;WIDTH:0.41146
G1 X163.72 Y135.668 E.00595
;WIDTH:0.38292
G1 X163.692 Y135.688 E.00097
G1 X163.578 Y135.681 E.00323
G1 E-3.5 F3600
;WIPE_START
G1 F7200
G1 X163.692 Y135.688 E-.05425
G1 X163.72 Y135.668 E-.01634
G1 X163.554 Y135.769 E-.0923
G1 X163.389 Y135.87 E-.09189
G1 X161.535 Y137.724 E-1.24522
;WIPE_END
G1 X162.248 Y130.273 F9000
G1 E5 F2400
;WIDTH:0.439999
G1 F7200
G1 X166.2 Y126.32 E.18456
G1 X166.2 Y126.882 E.01856
G1 X162.806 Y130.276 E.15848
G1 X163.263 Y130.381 E.01548
G1 X166.2 Y127.444 E.13714
G1 X166.2 Y128.005 E.01852
G1 X163.701 Y130.504 E.11669
G1 X164.049 Y130.718 E.01349
G1 X166.2 Y128.567 E.10044
G1 X166.2 Y133.322 E.157
G1 X166.015 Y133.276 E.00629
G1 X165.898 Y133.361 E.00477
G1 X165.669 Y133.17 E.00985
G1 X165.477 Y133.221 E.00656
G1 X165.36 Y133.338 E.00546
G1 X165.355 Y132.745 E.01958
G1 X165.229 Y132.215 E.01799
G1 X164.901 Y131.546 E.0246
G1 X164.589 Y131.154 E.01654
G1 X164.362 Y130.967 E.00971
G1 X166.06 Y129.269 E.07929
G1 X165.803 Y130.087 F9000
G1 F7200
G1 X165.803 Y132.149 E.06808
;WIDTH:0.467759
G1 X165.789 Y132.415 E.00941
;WIDTH:0.495518
G1 X165.775 Y132.682 E.01006
G1 X165.767 Y132.651 E.0012
;WIDTH:0.491094
G1 X165.677 Y132.347 E.01181
;WIDTH:0.465547
G1 X165.586 Y132.043 E.01115
;WIDTH:0.439999
G1 X165.282 Y131.411 E.02316
G1 X164.936 Y130.953 E.01895
G1 X165.663 Y130.227 E.03392
G1 E-3.5 F3600
;WIPE_START
G1 F7200
G1 X164.936 Y130.953 E-.48803
G1 X165.282 Y131.411 E-.27265
G1 X165.586 Y132.043 E-.33312
G1 X165.677 Y132.347 E-.15073
G1 X165.767 Y132.651 E-.1506
G1 X165.775 Y132.682 E-.01521
G1 X165.785 Y132.494 E-.08966
;WIPE_END
G1 X165.617 Y133.642 F9000
G1 E5 F2400
G1 F7200
G1 X165.249 Y134.01 E.01718
G1 X165.151 Y134.151 E.00567
;WIDTH:0.41146
G1 X165.053 Y134.291 E.00524
;WIDTH:0.38292
G1 X164.797 Y134.651 E.01249
G1 X166.074 Y133.746 F9000
;WIDTH:0.439999
G1 F7200
G1 X153.021 Y146.8 E.60951
G1 X153.582 Y146.8 E.01852
G1 X166.2 Y134.182 E.58918
G1 X166.2 Y134.744 E.01856
G1 X154.144 Y146.8 E.56294
G1 X154.705 Y146.8 E.01852
G1 X166.2 Y135.305 E.53674
G1 X166.2 Y135.867 E.01856
G1 X155.267 Y146.8 E.5105
G1 X155.828 Y146.8 E.01852
G1 X166.2 Y136.428 E.4843
G1 X166.2 Y136.99 E.01856
G1 X156.39 Y146.8 E.45806
G1 X156.952 Y146.8 E.01856
G1 X166.2 Y137.552 E.43182
G1 X166.2 Y138.113 E.01852
G1 X157.513 Y146.8 E.40563
G1 X158.075 Y146.8 E.01856
G1 X166.2 Y138.675 E.37938
G1 X166.2 Y139.236 E.01852
G1 X158.636 Y146.8 E.35319
G1 X159.198 Y146.8 E.01856
G1 X166.2 Y139.798 E.32695
G1 X166.2 Y140.359 E.01852
G1 X159.759 Y146.8 E.30075
G1 X160.321 Y146.8 E.01856
G1 X166.2 Y140.921 E.27451
G1 X166.2 Y141.482 E.01852
G1 X160.882 Y146.8 E.24832
G1 X161.444 Y146.8 E.01856
G1 X166.2 Y142.044 E.22207
G1 X166.2 Y142.606 E.01856
G1 X162.006 Y146.8 E.19583
G1 X162.567 Y146.8 E.01852
G1 X166.2 Y143.167 E.16964
G1 X166.2 Y143.729 E.01856
G1 X163.129 Y146.8 E.1434
G1 X163.69 Y146.8 E.01852
G1 X166.2 Y144.29 E.1172
G1 X166.423 Y144.685 E.01498
;WIDTH:0.486658
G1 X166.384 Y144.646 E.00204
G1 X166.33 Y144.66 E.00206
G1 X166.316 Y144.714 E.00206
G1 X166.355 Y144.753 E.00204
G1 X166.409 Y144.739 E.00206
G1 X166.2 Y144.852 E.00877
;WIDTH:0.439999
G1 X164.252 Y146.8 E.09096
G1 X164.191 Y146.9 E.00387
;WIDTH:0.41146
G1 X164.129 Y147 E.00361
;WIDTH:0.38292
G1 X164.088 Y147.011 E.0012
G1 X164.069 Y146.94 E.00208
G1 X164.14 Y146.959 E.00208
G1 E-3.5 F3600
;WIPE_START
G1 F7200
G1 X164.069 Y146.94 E-.03491
G1 X164.088 Y147.011 E-.03491
G1 X164.129 Y147 E-.02016
G1 X164.191 Y146.9 E-.05589
G1 X164.252 Y146.8 E-.05564
G1 X166.185 Y144.867 E-1.29849
;WIPE_END
G1 X166.06 Y145.554 F9000
G1 E5 F2400
;WIDTH:0.439999
G1 F7200
G1 X164.813 Y146.8 E.0582
G1 X166.2 Y146.8 E.04579
G1 X166.2 Y145.413 E.04579
G1 X165.844 Y146.38 F9000
;WIDTH:0.45817
G1 F7200
G1 X165.807 Y146.344 E.00178
G1 X165.757 Y146.357 E.00178
G1 X165.744 Y146.407 E.00178
G1 X165.78 Y146.444 E.00178
G1 X165.831 Y146.431 E.00182
G1 E-3.5 F3600
;WIPE_START
G1 F7200
G1 X165.78 Y146.444 E-.025
G1 X165.744 Y146.407 E-.02452
G1 X165.757 Y146.357 E-.02454
G1 X165.807 Y146.344 E-.02454
G1 X165.844 Y146.38 E-.02452
;WIPE_END
G1 E-1.37688 F3600
G1 X94.233 Y133.794 F9000
G1 E5 F2400
;WIDTH:0.51202
G1 F7200
G1 X94.322 Y134.014 E.00926
;WIDTH:0.47601
G1 X94.412 Y134.234 E.00856
;WIDTH:0.439999
G1 X94.789 Y134.982 E.02766
G1 X95.101 Y135.373 E.01652
G1 X95.283 Y135.538 E.00811
G1 X95.879 Y135.994 E.02478
G1 X94.197 Y137.676 E.07854
G1 X94.197 Y134.988 E.08875
;WIDTH:0.470023
G1 X94.212 Y134.49 E.01769
;WIDTH:0.500046
G1 X94.227 Y133.993 E.0189
;WIDTH:0.51202
G1 X94.229 Y133.74 E.00987
;WIDTH:0.504884
G1 X94.22 Y133.192 E.02105
G1 E-3.5 F3600
;WIPE_START
G1 F7200
G1 X94.229 Y133.74 E-.26034
G1 X94.227 Y133.993 E-.12018
G1 X94.212 Y134.49 E-.23618
G1 X94.197 Y134.988 E-.23666
G1 X94.197 Y136.349 E-.64664
;WIPE_END
G1 X94.631 Y135.479 F9000
G1 E5 F2400
;WIDTH:0.513326
G1 F7200
G1 X94.762 Y135.644 E.00824
G1 X95.218 Y136.041 E.02365
G1 X94.631 Y136.629 E.0325
G1 X94.631 Y135.678 E.0372
;LAYER_CHANGE
;Z:0.6
;HEIGHT:0.2
;BEFORE_LAYER_CHANGE
G92 E0
;0.6


G1 E-3.5 F3600
;WIPE_START
G1 F7200
G1 X94.631 Y136.629 E-.45172
G1 X95.218 Y136.041 E-.39465
G1 X94.762 Y135.644 E-.28719
G1 X94.631 Y135.479 E-.10007
;WIPE_END
G1 E-.26637 F3600
G1 Z.6 F9000
;AFTER_LAYER_CHANGE
;0.6
G1 X159.988 Y133.713
G1 E5 F2400
;TYPE:Perimeter
;WIDTH:0.439999
G1 F3600
G1 X159.947 Y133.554 E.00542
G1 X159.946 Y132.779 E.02559
G1 X159.975 Y132.543 E.00785
G1 X160.355 Y131.707 E.03032
G1 X160.574 Y131.412 E.01213
G1 X161.19 Y130.918 E.02607
G1 X161.492 Y130.755 E.01133
G1 X162.284 Y130.57 E.02685
G1 X162.55 Y130.547 E.00882
G1 X163.42 Y130.73 E.02935
G1 X163.81 Y130.918 E.01429
G1 X164.375 Y131.368 E.02385
G1 X164.645 Y131.707 E.01431
G1 X164.958 Y132.357 E.02382
G1 X165.054 Y132.779 E.01429
G1 X165.054 Y133.501 E.02384
G1 X164.958 Y133.923 E.01429
G1 X164.645 Y134.573 E.02382
G1 X164.375 Y134.912 E.01431
G1 X163.81 Y135.362 E.02385
G1 X163.42 Y135.55 E.01429
G1 X162.716 Y135.71 E.02384
G1 X162.406 Y135.73 E.01026
G1 X161.58 Y135.55 E.02791
G1 X161.275 Y135.423 E.01091
G1 X160.625 Y134.912 E.0273
G1 X160.393 Y134.644 E.0117
G1 X160.042 Y133.923 E.02648
G1 X160.003 Y133.771 E.00518
G1 X160.372 Y133.626 F9000
G1 F3600
G1 X160.343 Y133.501 E.00424
G1 X160.343 Y132.779 E.02384
G1 X160.36 Y132.639 E.00466
G1 X160.713 Y131.879 E.02767
G1 X160.873 Y131.679 E.00846
G1 X161.437 Y131.229 E.02382
G1 X161.668 Y131.117 E.00848
G1 X162.372 Y130.957 E.02384
G1 X162.628 Y130.957 E.00845
G1 X163.332 Y131.117 E.02384
G1 X163.563 Y131.229 E.00848
G1 X164.127 Y131.679 E.02382
G1 X164.287 Y131.879 E.00846
G1 X164.6 Y132.529 E.02382
G1 X164.657 Y132.779 E.00847
G1 X164.657 Y133.501 E.02384
G1 X164.6 Y133.751 E.00847
G1 X164.287 Y134.401 E.02382
G1 X164.127 Y134.601 E.00846
G1 X163.563 Y135.051 E.02382
G1 X163.332 Y135.163 E.00848
G1 X162.628 Y135.323 E.02384
G1 X162.372 Y135.323 E.00845
G1 X161.668 Y135.163 E.02384
G1 X161.437 Y135.051 E.00848
G1 X160.873 Y134.601 E.02382
G1 X160.713 Y134.401 E.00846
G1 X160.4 Y133.751 E.02382
G1 X160.385 Y133.684 E.00227
G1 X160.748 Y133.539 F9000
;TYPE:External perimeter
;WIDTH:0.419999
G1 F3600
G1 X160.736 Y132.733 E.02527
G1 X161.062 Y132.047 E.02381
G1 X161.679 Y131.531 E.02522
G1 X162.458 Y131.334 E.02519
G1 X163.246 Y131.495 E.02522
G1 X163.886 Y131.981 E.0252
G1 X164.251 Y132.697 E.0252
G1 X164.27 Y133.501 E.02522
G1 X163.938 Y134.233 E.0252
G1 X163.321 Y134.749 E.02522
G1 X162.542 Y134.946 E.02519
G1 X161.754 Y134.785 E.02522
G1 X161.114 Y134.299 E.0252
G1 X160.756 Y133.597 E.02471
G1 E-3.5
;WIPE_START
G1 F7200
G1 X160.748 Y133.539 E-.02781
G1 X160.736 Y132.733 E-.38289
G1 X161.062 Y132.047 E-.36077
G1 X161.679 Y131.531 E-.38206
G1 X162.386 Y131.352 E-.34647
;WIPE_END
G1 X100.014 Y133.714 F9000
G1 E5 F2400
;TYPE:Perimeter
;WIDTH:0.439999
G1 F3600
G1 X99.987 Y133.857 E.0048
G1 X99.645 Y134.573 E.0262
G1 X99.446 Y134.849 E.01123
G1 X98.81 Y135.362 E.02698
G1 X98.529 Y135.518 E.01061
G1 X98.006 Y135.644 E.01776
G1 X97.45 Y135.733 E.01859
G1 X96.58 Y135.55 E.02935
G1 X96.19 Y135.362 E.01429
G1 X95.625 Y134.912 E.02385
G1 X95.355 Y134.573 E.01431
G1 X95.042 Y133.923 E.02382
G1 X94.946 Y133.501 E.01429
G1 X94.946 Y132.779 E.02384
G1 X95.042 Y132.357 E.01429
G1 X95.355 Y131.707 E.02382
G1 X95.625 Y131.368 E.01431
G1 X96.19 Y130.918 E.02385
G1 X96.58 Y130.73 E.01429
G1 X97.284 Y130.57 E.02384
G1 X97.594 Y130.55 E.01026
G1 X98.42 Y130.73 E.02791
G1 X98.76 Y130.88 E.01227
G1 X99.375 Y131.368 E.02592
G1 X99.619 Y131.657 E.01249
G1 X99.958 Y132.357 E.02568
G1 X100.053 Y132.726 E.01258
G1 X100.054 Y133.501 E.02559
G1 X100.025 Y133.655 E.00517
G1 X99.628 Y133.626 F9000
G1 F3600
G1 X99.6 Y133.751 E.00423
G1 X99.287 Y134.401 E.02382
G1 X99.127 Y134.601 E.00846
G1 X98.563 Y135.051 E.02382
G1 X98.332 Y135.163 E.00848
G1 X97.628 Y135.323 E.02384
G1 X97.372 Y135.323 E.00845
G1 X96.668 Y135.163 E.02384
G1 X96.437 Y135.051 E.00848
G1 X95.873 Y134.601 E.02382
G1 X95.713 Y134.401 E.00846
G1 X95.4 Y133.751 E.02382
G1 X95.343 Y133.501 E.00847
G1 X95.343 Y132.779 E.02384
G1 X95.4 Y132.529 E.00847
G1 X95.713 Y131.879 E.02382
G1 X95.873 Y131.679 E.00846
G1 X96.437 Y131.229 E.02382
G1 X96.668 Y131.117 E.00848
G1 X97.372 Y130.957 E.02384
G1 X97.628 Y130.957 E.00845
G1 X98.332 Y131.117 E.02384
G1 X98.563 Y131.229 E.00848
G1 X99.127 Y131.679 E.02382
G1 X99.287 Y131.879 E.00846
G1 X99.6 Y132.529 E.02382
G1 X99.657 Y132.779 E.00847
G1 X99.657 Y133.501 E.02384
G1 X99.642 Y133.567 E.00223
G1 X99.252 Y133.541 F9000
;TYPE:External perimeter
;WIDTH:0.419999
G1 F3600
G1 X98.938 Y134.233 E.02383
G1 X98.321 Y134.749 E.02522
G1 X97.832 Y134.88 E.01587
G1 X97.458 Y134.946 E.01191
G1 X96.754 Y134.785 E.02264
G1 X96.114 Y134.299 E.0252
G1 X95.749 Y133.583 E.0252
G1 X95.73 Y132.779 E.02522
G1 X96.062 Y132.047 E.0252
G1 X96.679 Y131.531 E.02522
G1 X97.458 Y131.334 E.02519
G1 X98.246 Y131.495 E.02522
G1 X98.886 Y131.981 E.0252
G1 X99.251 Y132.697 E.0252
G1 X99.27 Y133.485 E.02471
G1 E-3.5
;WIPE_START
G1 F7200
G1 X99.252 Y133.541 E-.02794
G1 X98.938 Y134.233 E-.36096
G1 X98.321 Y134.749 E-.38206
G1 X97.832 Y134.88 E-.24047
G1 X97.458 Y134.946 E-.18039
G1 X96.826 Y134.802 E-.30818
;WIPE_END
G1 X93.494 Y147.106 F9000
G1 E5 F2400
;TYPE:Perimeter
;WIDTH:0.439999
G1 F7200
G1 X93.494 Y112.894 E1.12959
G1 X166.506 Y112.894 E2.41066
G1 X166.506 Y122.377 E.3131
G1 X166.506 Y147.106 E.81648
G1 X93.554 Y147.106 E2.40867
G1 X93.097 Y147.503 F9000
G1 F7200
G1 X93.097 Y112.497 E1.1558
G1 X166.903 Y112.497 E2.43687
G1 X166.903 Y122.377 E.32621
G1 X166.903 Y147.503 E.82959
G1 X93.157 Y147.503 E2.43489
G1 X92.71 Y147.89 F9000
;TYPE:External perimeter
;WIDTH:0.419999
G1 F3600
G1 X92.71 Y112.11 E1.12185
G1 X167.29 Y112.11 E2.3384
G1 X167.29 Y122.377 E.32191
G1 X167.29 Y147.89 E.79994
G1 X92.77 Y147.89 E2.33652
G1 X93.832 Y146.692 F9000
;TYPE:Solid infill
;WIDTH:0.53634
G1 F7200
G1 X93.789 Y146.736 E.00252
G1 X93.804 Y146.796 E.00254
G1 X93.864 Y146.811 E.00254
G1 X93.908 Y146.768 E.00252
G1 X93.892 Y146.708 E.00255
;WIDTH:0.439999
G1 X93.8 Y146.074 E.02115
G1 X94.597 Y146.864 E.03705
;WIDTH:0.41146
G1 X94.667 Y146.929 E.00293
;WIDTH:0.38292
G1 X94.648 Y147 E.00208
G1 X94.719 Y146.981 E.00208
G1 X94.708 Y146.94 E.0012
;WIDTH:0.439999
G1 X95.087 Y146.8 E.01334
G1 X93.8 Y145.513 E.06009
G1 X93.8 Y144.951 E.01856
G1 X95.649 Y146.8 E.08634
G1 X96.211 Y146.8 E.01856
G1 X93.8 Y144.389 E.11258
G1 X93.8 Y143.828 E.01852
G1 X96.772 Y146.8 E.13877
G1 X97.334 Y146.8 E.01856
G1 X93.8 Y143.266 E.16501
G1 X93.8 Y142.705 E.01852
G1 X97.895 Y146.8 E.19121
G1 X98.457 Y146.8 E.01856
G1 X93.8 Y142.143 E.21745
G1 X93.8 Y141.582 E.01852
G1 X99.018 Y146.8 E.24365
G1 X99.58 Y146.8 E.01856
G1 X93.8 Y141.02 E.26989
G1 X93.8 Y140.459 E.01852
G1 X100.141 Y146.8 E.29608
G1 X100.703 Y146.8 E.01856
G1 X93.8 Y139.897 E.32232
G1 X93.8 Y139.335 E.01856
G1 X101.265 Y146.8 E.34857
G1 X101.826 Y146.8 E.01852
G1 X93.8 Y138.774 E.37476
G1 X93.8 Y138.212 E.01856
G1 X102.388 Y146.8 E.401
G1 X102.949 Y146.8 E.01852
G1 X93.8 Y137.651 E.4272
G1 X93.8 Y137.089 E.01856
G1 X103.511 Y146.8 E.45344
G1 X104.072 Y146.8 E.01852
G1 X93.8 Y136.528 E.47964
G1 X93.8 Y135.966 E.01856
G1 X104.634 Y146.8 E.50588
G1 X105.195 Y146.8 E.01852
G1 X93.8 Y135.405 E.53207
G1 X93.8 Y134.843 E.01856
G1 X105.757 Y146.8 E.55831
G1 X106.319 Y146.8 E.01856
G1 X93.8 Y134.281 E.58456
G1 X93.845 Y133.765 E.0171
G1 X106.88 Y146.8 E.60865
G1 E-3.5 F3600
;WIPE_START
G1 F7200
G1 X104.647 Y144.567 E-1.5
;WIPE_END
G1 X96.944 Y135.786 F9000
G1 E5 F2400
;WIDTH:0.38292
G1 F7200
G1 X96.351 Y135.642 E.01725
G1 X96.198 Y135.648 E.00433
G1 X95.522 Y135.059 E.02535
G1 X95.176 Y134.673 E.01466
G1 X93.995 Y133.353 F9000
;WIDTH:0.439999
G1 F7200
G1 X94.831 Y134.19 E.03906
G1 X94.657 Y133.702 E.01711
G1 X94.645 Y132.745 E.0316
G1 X94.757 Y132.257 E.01653
G1 X95.076 Y131.583 E.02462
G1 X95.411 Y131.154 E.01797
G1 X96.226 Y130.539 E.03371
G1 X93.8 Y128.104 E.11349
G1 X93.8 Y133.337 E.17278
G1 X94.22 Y132.992 E.01795
;WIDTH:0.501854
G1 X94.212 Y132.4 E.02259
;WIDTH:0.470927
G1 X94.197 Y132.149 E.00895
;WIDTH:0.439999
G1 X94.197 Y129.063 E.10189
G1 X95.625 Y130.491 E.06668
G1 X95.101 Y130.907 E.02209
G1 X94.718 Y131.411 E.0209
G1 X94.369 Y132.169 E.02755
;WIDTH:0.477373
G1 X94.284 Y132.459 E.01092
G1 X94.58 Y130.945 F9000
;WIDTH:0.412437
G1 F7200
G1 X94.58 Y129.988 E.0294
G1 X95.041 Y130.449 E.02003
G1 X94.982 Y130.493 E.00226
G1 X94.712 Y130.796 E.01247
G1 X96.656 Y130.399 F9000
;WIDTH:0.439999
G1 F7200
G1 X93.8 Y127.543 E.13336
G1 X93.8 Y126.981 E.01856
G1 X97.114 Y130.295 E.15474
G1 X97.626 Y130.245 E.01699
G1 X93.8 Y126.42 E.17863
G1 X93.8 Y125.858 E.01856
G1 X98.342 Y130.401 E.2121
G1 X98.483 Y130.484 E.0054
;WIDTH:0.41146
G1 X98.623 Y130.567 E.00499
;WIDTH:0.38292
G1 X99.1 Y130.949 E.01728
G1 E-3.5 F3600
;WIPE_START
G1 F7200
G1 X98.623 Y130.567 E-.29028
G1 X98.483 Y130.484 E-.07731
G1 X98.342 Y130.401 E-.07772
G1 X96.772 Y128.831 E-1.05469
;WIPE_END
G1 X96.479 Y135.837 F9000
G1 E5 F2400
;WIDTH:0.439999
G1 F7200
G1 X107.442 Y146.8 E.5119
G1 X108.003 Y146.8 E.01852
G1 X97.21 Y136.007 E.50396
G1 X97.769 Y136.004 E.01846
G1 X108.565 Y146.8 E.5041
G1 X109.126 Y146.8 E.01852
G1 X98.23 Y135.904 E.50877
G1 X98.672 Y135.784 E.01512
G1 X109.688 Y146.8 E.51437
G1 X110.249 Y146.8 E.01852
G1 X99.028 Y135.579 E.52395
G1 X99.341 Y135.33 E.01321
G1 X110.811 Y146.8 E.53557
G1 X111.373 Y146.8 E.01856
G1 X99.646 Y135.073 E.54757
G1 X99.889 Y134.755 E.01321
G1 X111.934 Y146.8 E.56242
G1 X112.496 Y146.8 E.01856
G1 X100.077 Y134.381 E.57989
G1 X100.255 Y133.997 E.01397
G1 X113.057 Y146.8 E.59779
G1 X113.619 Y146.8 E.01856
G1 X100.358 Y133.539 E.6192
G1 X100.358 Y132.978 E.01852
G1 X114.18 Y146.8 E.6454
G1 X114.742 Y146.8 E.01856
G1 X100.278 Y132.336 E.67537
G1 E-3.5 F3600
;WIPE_START
G1 F7200
G1 X102.511 Y134.569 E-1.5
;WIPE_END
G1 X93.8 Y125.297 F9000
G1 E5 F2400
G1 F7200
G1 X115.303 Y146.8 E1.00405
G1 X115.865 Y146.8 E.01856
G1 X93.8 Y124.735 E1.03029
G1 X93.8 Y124.173 E.01856
G1 X116.427 Y146.8 E1.05653
G1 X116.988 Y146.8 E.01852
G1 X93.8 Y123.612 E1.08273
G1 X93.8 Y123.05 E.01856
G1 X117.55 Y146.8 E1.10897
G1 X118.111 Y146.8 E.01852
G1 X93.8 Y122.489 E1.13516
G1 X93.8 Y121.927 E.01856
G1 X118.673 Y146.8 E1.16141
G1 X119.234 Y146.8 E.01852
G1 X93.8 Y121.366 E1.1876
G1 X93.8 Y120.804 E.01856
G1 X119.796 Y146.8 E1.21384
G1 X120.357 Y146.8 E.01852
G1 X93.8 Y120.243 E1.24004
G1 X93.8 Y119.681 E.01856
G1 X120.919 Y146.8 E1.26628
G1 X121.481 Y146.8 E.01856
G1 X93.8 Y119.119 E1.29252
G1 X93.8 Y118.558 E.01852
G1 X122.042 Y146.8 E1.31872
G1 X122.604 Y146.8 E.01856
G1 X93.8 Y117.996 E1.34496
G1 X93.8 Y117.435 E.01852
G1 X123.165 Y146.8 E1.37115
G1 X123.727 Y146.8 E.01856
G1 X93.8 Y116.873 E1.39739
G1 X93.8 Y116.312 E.01852
G1 X124.288 Y146.8 E1.42359
G1 X124.85 Y146.8 E.01856
G1 X93.8 Y115.75 E1.44983
G1 X93.8 Y115.189 E.01852
G1 X125.411 Y146.8 E1.47603
G1 X125.973 Y146.8 E.01856
G1 X93.8 Y114.627 E1.50227
G1 X93.8 Y114.065 E.01856
G1 X126.535 Y146.8 E1.52851
G1 X127.096 Y146.8 E.01852
G1 X93.8 Y113.504 E1.5547
G1 X93.706 Y113.076 E.01447
;WIDTH:0.38292
G1 X93.687 Y113.147 E.00208
G1 X93.758 Y113.128 E.00208
G1 X93.747 Y113.087 E.0012
;WIDTH:0.41146
G1 X93.902 Y113.143 E.00505
;WIDTH:0.439999
G1 X94.057 Y113.2 E.00545
G1 X127.658 Y146.8 E1.56892
G1 X128.219 Y146.8 E.01852
G1 X94.619 Y113.2 E1.5689
G1 X95.181 Y113.2 E.01856
G1 X128.781 Y146.8 E1.5689
G1 X129.342 Y146.8 E.01852
G1 X95.742 Y113.2 E1.5689
G1 X96.304 Y113.2 E.01856
G1 X129.904 Y146.8 E1.5689
G1 X130.465 Y146.8 E.01852
G1 X96.865 Y113.2 E1.5689
G1 X97.427 Y113.2 E.01856
G1 X131.027 Y146.8 E1.5689
G1 X131.589 Y146.8 E.01856
G1 X97.988 Y113.2 E1.56892
G1 X98.55 Y113.2 E.01856
G1 X132.15 Y146.8 E1.5689
G1 X132.712 Y146.8 E.01856
G1 X99.111 Y113.2 E1.56892
G1 X99.673 Y113.2 E.01856
G1 X133.273 Y146.8 E1.5689
G1 X133.835 Y146.8 E.01856
G1 X100.235 Y113.2 E1.5689
G1 X100.796 Y113.2 E.01852
G1 X134.396 Y146.8 E1.5689
G1 X134.958 Y146.8 E.01856
G1 X101.358 Y113.2 E1.5689
G1 X101.919 Y113.2 E.01852
G1 X135.519 Y146.8 E1.5689
G1 X136.081 Y146.8 E.01856
G1 X102.481 Y113.2 E1.5689
G1 X103.042 Y113.2 E.01852
G1 X136.643 Y146.8 E1.56892
G1 X137.204 Y146.8 E.01852
G1 X103.604 Y113.2 E1.5689
G1 X104.165 Y113.2 E.01852
G1 X137.766 Y146.8 E1.56892
G1 X138.327 Y146.8 E.01852
G1 X104.727 Y113.2 E1.5689
G1 X105.289 Y113.2 E.01856
G1 X138.889 Y146.8 E1.5689
G1 X139.45 Y146.8 E.01852
G1 X105.85 Y113.2 E1.5689
G1 X106.412 Y113.2 E.01856
G1 X140.012 Y146.8 E1.5689
G1 X140.573 Y146.8 E.01852
G1 X106.973 Y113.2 E1.5689
G1 X107.535 Y113.2 E.01856
G1 X141.135 Y146.8 E1.5689
G1 X141.697 Y146.8 E.01856
G1 X108.096 Y113.2 E1.56892
G1 X108.658 Y113.2 E.01856
G1 X142.258 Y146.8 E1.5689
G1 X142.82 Y146.8 E.01856
G1 X109.219 Y113.2 E1.56892
G1 X109.781 Y113.2 E.01856
G1 X143.381 Y146.8 E1.5689
G1 X143.943 Y146.8 E.01856
G1 X110.343 Y113.2 E1.5689
G1 X110.904 Y113.2 E.01852
G1 X144.504 Y146.8 E1.5689
G1 X145.066 Y146.8 E.01856
G1 X111.466 Y113.2 E1.5689
G1 X112.027 Y113.2 E.01852
G1 X145.627 Y146.8 E1.5689
G1 X146.189 Y146.8 E.01856
G1 X112.589 Y113.2 E1.5689
G1 X113.15 Y113.2 E.01852
G1 X146.751 Y146.8 E1.56892
G1 X147.312 Y146.8 E.01852
G1 X113.712 Y113.2 E1.5689
G1 X114.273 Y113.2 E.01852
G1 X147.874 Y146.8 E1.56892
G1 X148.435 Y146.8 E.01852
G1 X114.835 Y113.2 E1.5689
G1 X115.397 Y113.2 E.01856
G1 X148.997 Y146.8 E1.5689
G1 X149.558 Y146.8 E.01852
G1 X115.958 Y113.2 E1.5689
G1 X116.52 Y113.2 E.01856
G1 X150.12 Y146.8 E1.5689
G1 X150.681 Y146.8 E.01852
G1 X117.081 Y113.2 E1.5689
G1 X117.643 Y113.2 E.01856
G1 X151.243 Y146.8 E1.5689
G1 X151.804 Y146.8 E.01852
G1 X118.204 Y113.2 E1.5689
G1 X118.766 Y113.2 E.01856
G1 X152.366 Y146.8 E1.5689
G1 X152.928 Y146.8 E.01856
G1 X119.327 Y113.2 E1.56892
G1 X119.889 Y113.2 E.01856
G1 X153.489 Y146.8 E1.5689
G1 X154.051 Y146.8 E.01856
G1 X120.451 Y113.2 E1.5689
G1 X121.012 Y113.2 E.01852
G1 X154.612 Y146.8 E1.5689
G1 X155.174 Y146.8 E.01856
G1 X121.574 Y113.2 E1.5689
G1 X122.135 Y113.2 E.01852
G1 X155.735 Y146.8 E1.5689
G1 X156.297 Y146.8 E.01856
G1 X122.697 Y113.2 E1.5689
G1 X123.258 Y113.2 E.01852
G1 X156.858 Y146.8 E1.5689
G1 X157.42 Y146.8 E.01856
G1 X123.82 Y113.2 E1.5689
G1 X124.381 Y113.2 E.01852
G1 X157.982 Y146.8 E1.56892
G1 X158.543 Y146.8 E.01852
G1 X124.943 Y113.2 E1.5689
G1 X125.505 Y113.2 E.01856
G1 X159.105 Y146.8 E1.5689
G1 X159.666 Y146.8 E.01852
G1 X126.066 Y113.2 E1.5689
G1 X126.628 Y113.2 E.01856
G1 X160.228 Y146.8 E1.5689
G1 X160.789 Y146.8 E.01852
G1 X127.189 Y113.2 E1.5689
G1 X127.751 Y113.2 E.01856
G1 X161.351 Y146.8 E1.5689
G1 X161.912 Y146.8 E.01852
G1 X128.312 Y113.2 E1.5689
G1 X128.874 Y113.2 E.01856
G1 X162.474 Y146.8 E1.5689
G1 X163.036 Y146.8 E.01856
G1 X129.435 Y113.2 E1.56892
G1 X129.997 Y113.2 E.01856
G1 X163.597 Y146.8 E1.5689
G1 X164.159 Y146.8 E.01856
G1 X130.559 Y113.2 E1.5689
G1 X131.12 Y113.2 E.01852
G1 X164.72 Y146.8 E1.5689
G1 X165.282 Y146.8 E.01856
G1 X131.682 Y113.2 E1.5689
G1 X132.243 Y113.2 E.01852
G1 X165.843 Y146.8 E1.5689
G1 X166.32 Y146.86 E.01587
;WIDTH:0.38292
G1 X166.331 Y146.901 E.0012
G1 X166.26 Y146.92 E.00208
G1 X166.279 Y146.849 E.00208
;WIDTH:0.41146
G1 X166.24 Y146.722 E.00407
;WIDTH:0.439999
G1 X166.2 Y146.595 E.0044
G1 X132.805 Y113.2 E1.55933
G1 X133.366 Y113.2 E.01852
G1 X166.2 Y146.034 E1.53313
G1 X166.2 Y145.472 E.01856
G1 X133.928 Y113.2 E1.50689
G1 X134.489 Y113.2 E.01852
G1 X166.2 Y144.911 E1.4807
G1 X166.2 Y144.349 E.01856
G1 X135.051 Y113.2 E1.45445
G1 X135.613 Y113.2 E.01856
G1 X166.2 Y143.787 E1.42821
G1 X166.2 Y143.226 E.01852
G1 X136.174 Y113.2 E1.40202
G1 X136.736 Y113.2 E.01856
G1 X166.2 Y142.664 E1.37578
G1 X166.2 Y142.103 E.01852
G1 X137.297 Y113.2 E1.34958
G1 X137.859 Y113.2 E.01856
G1 X166.2 Y141.541 E1.32334
G1 X166.4 Y141.102 E.01593
;WIDTH:0.38292
G1 X166.411 Y141.143 E.0012
G1 X166.34 Y141.162 E.00208
G1 X166.359 Y141.091 E.00208
;WIDTH:0.41146
G1 X166.279 Y141.035 E.00299
;WIDTH:0.439999
G1 X166.2 Y140.98 E.00318
G1 X138.42 Y113.2 E1.29714
G1 X138.982 Y113.2 E.01856
G1 X159.718 Y133.937 E.96826
G1 X159.811 Y134.056 E.00499
;WIDTH:0.41146
G1 X159.903 Y134.176 E.00463
;WIDTH:0.38292
G1 X159.884 Y134.247 E.00208
G1 X159.955 Y134.228 E.00208
G1 X159.944 Y134.187 E.0012
G1 X159.642 Y133.298 F9000
;WIDTH:0.439999
G1 F7200
G1 X139.543 Y113.2 E.93847
G1 X140.105 Y113.2 E.01856
G1 X159.642 Y132.737 E.91225
G1 X159.746 Y132.28 E.01547
G1 X140.666 Y113.2 E.89091
G1 X141.228 Y113.2 E.01856
G1 X159.925 Y131.897 E.87303
G1 X160.112 Y131.522 E.01384
G1 X141.79 Y113.2 E.85552
G1 X142.351 Y113.2 E.01852
G1 X160.356 Y131.205 E.84072
G1 X160.661 Y130.949 E.01315
G1 X142.913 Y113.2 E.82874
G1 X143.474 Y113.2 E.01852
G1 X160.974 Y130.699 E.81711
G1 X161.333 Y130.497 E.0136
G1 X144.036 Y113.2 E.80766
G1 X144.597 Y113.2 E.01852
G1 X161.773 Y130.376 E.80201
G1 X162.235 Y130.276 E.01561
G1 X145.159 Y113.2 E.79734
G1 X145.72 Y113.2 E.01852
G1 X162.794 Y130.274 E.79724
G1 X163.06 Y130.495 E.01142
;WIDTH:0.38292
G1 X163.655 Y130.64 E.01731
G1 X163.808 Y130.635 E.00433
G1 X164.479 Y131.22 E.02517
G1 X164.825 Y131.606 E.01466
G1 X164.966 Y131.802 E.00683
G1 X163.527 Y130.445 F9000
;WIDTH:0.439999
G1 F7200
G1 X146.282 Y113.2 E.80523
G1 E-3.5 F3600
;WIPE_START
G1 F7200
G1 X148.515 Y115.433 E-1.5
;WIPE_END
G1 X160.846 Y135.274 F9000
G1 E5 F2400
;WIDTH:0.38292
G1 F7200
G1 X161.377 Y135.716 E.01953
;WIDTH:0.41146
G1 X161.517 Y135.796 E.00494
;WIDTH:0.439999
G1 X161.658 Y135.876 E.00535
G1 X166.2 Y140.418 E.21208
G1 X166.253 Y140.538 E.00433
;WIDTH:0.41146
G1 X166.305 Y140.658 E.00401
;WIDTH:0.38292
G1 X166.286 Y140.729 E.00208
G1 X166.357 Y140.71 E.00208
G1 X166.346 Y140.669 E.0012
G1 X166.2 Y139.857 F9000
;WIDTH:0.439999
G1 F7200
G1 X162.366 Y136.022 E.17905
G1 X162.889 Y135.984 E.01731
G1 X166.2 Y139.295 E.1546
G1 X166.2 Y138.734 E.01852
G1 X163.347 Y135.88 E.13324
G1 X163.772 Y135.743 E.01474
G1 X166.2 Y138.172 E.1134
G1 X166.4 Y137.733 E.01593
;WIDTH:0.38292
G1 X166.411 Y137.774 E.0012
G1 X166.34 Y137.793 E.00208
G1 X166.359 Y137.722 E.00208
;WIDTH:0.41146
G1 X166.279 Y137.666 E.00299
;WIDTH:0.439999
G1 X166.2 Y137.61 E.0032
G1 X164.106 Y135.517 E.09775
G1 E-3.5 F3600
;WIPE_START
G1 F7200
G1 X166.2 Y137.61 E-1.40631
G1 X166.279 Y137.666 E-.046
G1 X166.359 Y137.722 E-.04638
G1 X166.358 Y137.725 E-.00131
;WIPE_END
G1 X165.355 Y133.037 F9000
G1 E5 F2400
G1 F7200
G1 X165.343 Y133.689 E.02153
G1 X165.23 Y134.061 E.01284
G1 X164.924 Y134.697 E.0233
G1 X164.589 Y135.126 E.01797
G1 X164.419 Y135.268 E.00731
G1 X166.2 Y137.049 E.08316
G1 X166.2 Y132.955 E.13517
G1 X166.08 Y132.978 E.00403
G1 X165.982 Y132.9 E.00414
G1 X165.841 Y133.04 E.00656
G1 X165.724 Y133.097 E.0043
G1 X165.561 Y133.04 E.0057
G1 X165.359 Y132.838 E.00943
G1 X165.701 Y132.619 E.01341
G1 X165.165 Y132.083 E.02503
G1 X166.158 Y132.514 F9000
G1 F7200
G1 X146.844 Y113.2 E.90184
G1 X147.405 Y113.2 E.01852
G1 X166.2 Y131.995 E.8776
G1 X166.2 Y131.433 E.01856
G1 X147.967 Y113.2 E.85136
G1 X148.528 Y113.2 E.01852
G1 X166.2 Y130.872 E.82517
G1 X166.2 Y130.31 E.01856
G1 X149.09 Y113.2 E.79892
G1 X149.651 Y113.2 E.01852
G1 X166.2 Y129.749 E.77273
G1 X166.2 Y129.187 E.01856
G1 X150.213 Y113.2 E.74649
G1 X150.774 Y113.2 E.01852
G1 X166.2 Y128.626 E.72029
G1 X166.2 Y128.064 E.01856
G1 X151.336 Y113.2 E.69405
G1 X151.898 Y113.2 E.01856
G1 X166.2 Y127.502 E.66781
G1 X166.2 Y126.941 E.01852
G1 X152.459 Y113.2 E.64161
G1 X153.021 Y113.2 E.01856
G1 X166.2 Y126.379 E.61537
G1 X166.2 Y125.818 E.01852
G1 X153.582 Y113.2 E.58918
G1 X154.144 Y113.2 E.01856
G1 X166.2 Y125.256 E.56294
G1 X166.2 Y124.695 E.01852
G1 X154.705 Y113.2 E.53674
G1 X155.267 Y113.2 E.01856
G1 X166.2 Y124.133 E.5105
G1 X166.2 Y123.572 E.01852
G1 X155.828 Y113.2 E.4843
G1 X156.39 Y113.2 E.01856
G1 X166.2 Y123.01 E.45806
G1 X166.2 Y122.448 E.01856
G1 X156.952 Y113.2 E.43182
G1 X157.513 Y113.2 E.01852
G1 X166.2 Y121.887 E.40563
G1 X166.2 Y121.325 E.01856
G1 X158.075 Y113.2 E.37938
G1 X158.636 Y113.2 E.01852
G1 X166.2 Y120.764 E.35319
G1 X166.2 Y120.202 E.01856
G1 X159.198 Y113.2 E.32695
G1 X159.759 Y113.2 E.01852
G1 X166.2 Y119.641 E.30075
G1 X166.2 Y119.079 E.01856
G1 X160.321 Y113.2 E.27451
G1 X160.882 Y113.2 E.01852
G1 X166.2 Y118.518 E.24832
G1 X166.2 Y117.956 E.01856
G1 X161.444 Y113.2 E.22207
G1 X162.006 Y113.2 E.01856
G1 X166.2 Y117.394 E.19583
G1 X166.2 Y116.833 E.01852
G1 X162.567 Y113.2 E.16964
G1 X163.129 Y113.2 E.01856
G1 X166.2 Y116.271 E.1434
G1 X166.2 Y115.71 E.01852
G1 X163.69 Y113.2 E.1172
G1 X164.252 Y113.2 E.01856
G1 X166.2 Y115.148 E.09096
G1 E-3.5 F3600
;WIPE_START
G1 F7200
G1 X164.252 Y113.2 E-1.30857
G1 X163.849 Y113.2 E-.19143
;WIPE_END
G1 X164.954 Y113.34 F9000
G1 E5 F2400
G1 F7200
G1 X166.2 Y114.587 E.0582
G1 X166.2 Y113.2 E.04579
G1 X164.813 Y113.2 E.04579
G1 X165.78 Y113.556 F9000
;WIDTH:0.458174
G1 F7200
G1 X165.744 Y113.593 E.00178
G1 X165.757 Y113.643 E.00178
G1 X165.807 Y113.656 E.00178
G1 X165.844 Y113.62 E.00178
G1 X165.831 Y113.569 E.00182
G1 E-3.5 F3600
;WIPE_START
G1 F7200
G1 X165.844 Y113.62 E-.025
G1 X165.807 Y113.656 E-.02452
G1 X165.757 Y113.643 E-.02454
G1 X165.744 Y113.593 E-.02454
G1 X165.78 Y113.556 E-.02452
;WIPE_END
G1 E-1.37688 F3600
G1 X165.773 Y133.521 F9000
G1 E5 F2400
;WIDTH:0.533378
G1 F7200
G1 X165.756 Y133.882 E.01474
;WIDTH:0.562901
G1 X165.742 Y134.082 E.00867
;WIDTH:0.592424
G1 X165.727 Y134.283 E.00921
G1 X165.727 Y135.906 E.07416
G1 X165.084 Y135.264 E.04152
G1 X165.351 Y134.902 E.02055
G1 X165.657 Y134.267 E.03221
G1 X165.707 Y134.074 E.00911
;LAYER_CHANGE
;Z:0.8
;HEIGHT:0.2
;BEFORE_LAYER_CHANGE
G92 E0
;0.8


G1 E-3.5 F3600
;WIPE_START
G1 F7200
G1 X165.657 Y134.267 E-.0947
G1 X165.351 Y134.902 E-.33482
G1 X165.084 Y135.264 E-.21366
G1 X165.727 Y135.906 E-.4316
G1 X165.727 Y135.011 E-.42522
;WIPE_END
G1 Z.8 F9000
;AFTER_LAYER_CHANGE
;0.8
G1 X165.006 Y133.712
G1 E5 F2400
;TYPE:Perimeter
;WIDTH:0.439999
G1 F3600
G1 X164.958 Y133.923 E.00714
G1 X164.645 Y134.573 E.02382
G1 X164.375 Y134.912 E.01431
G1 X163.81 Y135.362 E.02385
G1 X163.42 Y135.55 E.01429
G1 X162.716 Y135.71 E.02384
G1 X162.406 Y135.73 E.01026
G1 X161.58 Y135.55 E.02791
G1 X161.275 Y135.423 E.01091
G1 X160.625 Y134.912 E.0273
G1 X160.393 Y134.644 E.0117
G1 X160.042 Y133.923 E.02648
G1 X159.947 Y133.554 E.01258
G1 X159.946 Y132.779 E.02559
G1 X159.975 Y132.543 E.00785
G1 X160.355 Y131.707 E.03032
G1 X160.574 Y131.412 E.01213
G1 X161.19 Y130.918 E.02607
G1 X161.492 Y130.755 E.01133
G1 X162.284 Y130.57 E.02685
G1 X162.55 Y130.547 E.00882
G1 X163.42 Y130.73 E.02935
G1 X163.81 Y130.918 E.01429
G1 X164.375 Y131.368 E.02385
G1 X164.645 Y131.707 E.01431
G1 X164.958 Y132.357 E.02382
G1 X165.054 Y132.779 E.01429
G1 X165.054 Y133.501 E.02384
G1 X165.019 Y133.653 E.00515
G1 X164.628 Y133.626 F9000
G1 F3600
G1 X164.6 Y133.751 E.00423
G1 X164.287 Y134.401 E.02382
G1 X164.127 Y134.601 E.00846
G1 X163.563 Y135.051 E.02382
G1 X163.332 Y135.163 E.00848
G1 X162.628 Y135.323 E.02384
G1 X162.372 Y135.323 E.00845
G1 X161.668 Y135.163 E.02384
G1 X161.437 Y135.051 E.00848
G1 X160.873 Y134.601 E.02382
G1 X160.713 Y134.401 E.00846
G1 X160.4 Y133.751 E.02382
G1 X160.343 Y133.501 E.00847
G1 X160.343 Y132.779 E.02384
G1 X160.36 Y132.639 E.00466
G1 X160.713 Y131.879 E.02767
G1 X160.873 Y131.679 E.00846
G1 X161.437 Y131.229 E.02382
G1 X161.668 Y131.117 E.00848
G1 X162.372 Y130.957 E.02384
G1 X162.628 Y130.957 E.00845
G1 X163.332 Y131.117 E.02384
G1 X163.563 Y131.229 E.00848
G1 X164.127 Y131.679 E.02382
G1 X164.287 Y131.879 E.00846
G1 X164.6 Y132.529 E.02382
G1 X164.657 Y132.779 E.00847
G1 X164.657 Y133.501 E.02384
G1 X164.642 Y133.567 E.00223
G1 X164.252 Y133.541 F9000
;TYPE:External perimeter
;WIDTH:0.419999
G1 F3600
G1 X163.938 Y134.233 E.02383
G1 X163.321 Y134.749 E.02522
G1 X162.542 Y134.946 E.02519
G1 X161.754 Y134.785 E.02522
G1 X161.114 Y134.299 E.0252
G1 X160.749 Y133.583 E.0252
G1 X160.736 Y132.733 E.02665
G1 X161.062 Y132.047 E.02381
G1 X161.679 Y131.531 E.02522
G1 X162.458 Y131.334 E.02519
G1 X163.246 Y131.495 E.02522
G1 X163.886 Y131.981 E.0252
G1 X164.251 Y132.697 E.0252
G1 X164.27 Y133.485 E.02471
G1 E-3.5
;WIPE_START
G1 F7200
G1 X164.252 Y133.541 E-.02794
G1 X163.938 Y134.233 E-.36096
G1 X163.321 Y134.749 E-.38206
G1 X162.542 Y134.946 E-.38167
G1 X161.826 Y134.8 E-.34737
;WIPE_END
G1 X100.014 Y133.714 F9000
G1 E5 F2400
;TYPE:Perimeter
;WIDTH:0.439999
G1 F3600
G1 X99.987 Y133.857 E.0048
G1 X99.645 Y134.573 E.0262
G1 X99.446 Y134.849 E.01123
G1 X98.81 Y135.362 E.02698
G1 X98.529 Y135.518 E.01061
G1 X98.006 Y135.644 E.01776
G1 X97.45 Y135.733 E.01859
G1 X96.58 Y135.55 E.02935
G1 X96.19 Y135.362 E.01429
G1 X95.625 Y134.912 E.02385
G1 X95.355 Y134.573 E.01431
G1 X95.042 Y133.923 E.02382
G1 X94.946 Y133.501 E.01429
G1 X94.946 Y132.779 E.02384
G1 X95.042 Y132.357 E.01429
G1 X95.355 Y131.707 E.02382
G1 X95.625 Y131.368 E.01431
G1 X96.19 Y130.918 E.02385
G1 X96.58 Y130.73 E.01429
G1 X97.284 Y130.57 E.02384
G1 X97.594 Y130.55 E.01026
G1 X98.42 Y130.73 E.02791
G1 X98.76 Y130.88 E.01227
G1 X99.375 Y131.368 E.02592
G1 X99.619 Y131.657 E.01249
G1 X99.958 Y132.357 E.02568
G1 X100.053 Y132.726 E.01258
G1 X100.054 Y133.501 E.02559
G1 X100.025 Y133.655 E.00517
G1 X99.628 Y133.626 F9000
G1 F3600
G1 X99.6 Y133.751 E.00423
G1 X99.287 Y134.401 E.02382
G1 X99.127 Y134.601 E.00846
G1 X98.563 Y135.051 E.02382
G1 X98.332 Y135.163 E.00848
G1 X97.628 Y135.323 E.02384
G1 X97.372 Y135.323 E.00845
G1 X96.668 Y135.163 E.02384
G1 X96.437 Y135.051 E.00848
G1 X95.873 Y134.601 E.02382
G1 X95.713 Y134.401 E.00846
G1 X95.4 Y133.751 E.02382
G1 X95.343 Y133.501 E.00847
G1 X95.343 Y132.779 E.02384
G1 X95.4 Y132.529 E.00847
G1 X95.713 Y131.879 E.02382
G1 X95.873 Y131.679 E.00846
G1 X96.437 Y131.229 E.02382
G1 X96.668 Y131.117 E.00848
G1 X97.372 Y130.957 E.02384
G1 X97.628 Y130.957 E.00845
G1 X98.332 Y131.117 E.02384
G1 X98.563 Y131.229 E.00848
G1 X99.127 Y131.679 E.02382
G1 X99.287 Y131.879 E.00846
G1 X99.6 Y132.529 E.02382
G1 X99.657 Y132.779 E.00847
G1 X99.657 Y133.501 E.02384
G1 X99.642 Y133.567 E.00223
G1 X99.252 Y133.541 F9000
;TYPE:External perimeter
;WIDTH:0.419999
G1 F3600
G1 X98.938 Y134.233 E.02383
G1 X98.321 Y134.749 E.02522
G1 X97.832 Y134.88 E.01587
G1 X97.458 Y134.946 E.01191
G1 X96.754 Y134.785 E.02264
G1 X96.114 Y134.299 E.0252
G1 X95.749 Y133.583 E.0252
G1 X95.73 Y132.779 E.02522
G1 X96.062 Y132.047 E.0252
G1 X96.679 Y131.531 E.02522
G1 X97.458 Y131.334 E.02519
G1 X98.246 Y131.495 E.02522
G1 X98.886 Y131.981 E.0252
G1 X99.251 Y132.697 E.0252
G1 X99.27 Y133.485 E.02471
G1 E-3.5
;WIPE_START
G1 F7200
G1 X99.252 Y133.541 E-.02794
G1 X98.938 Y134.233 E-.36096
G1 X98.321 Y134.749 E-.38206
G1 X97.832 Y134.88 E-.24047
G1 X97.458 Y134.946 E-.18039
G1 X96.826 Y134.802 E-.30818
;WIPE_END
G1 X93.494 Y147.106 F9000
G1 E5 F2400
;TYPE:Perimeter
;WIDTH:0.439999
G1 F7200
G1 X93.494 Y112.894 E1.12959
G1 X166.506 Y112.894 E2.41066
G1 X166.506 Y122.377 E.3131
G1 X166.506 Y147.106 E.81648
G1 X93.554 Y147.106 E2.40867
G1 X93.097 Y147.503 F9000
G1 F7200
G1 X93.097 Y112.497 E1.1558
G1 X166.903 Y112.497 E2.43687
G1 X166.903 Y122.377 E.32621
G1 X166.903 Y147.503 E.82959
G1 X93.157 Y147.503 E2.43489
G1 X92.71 Y147.89 F9000
;TYPE:External perimeter
;WIDTH:0.419999
G1 F3600
G1 X92.71 Y112.11 E1.12185
G1 X167.29 Y112.11 E2.3384
G1 X167.29 Y122.377 E.32191
G1 X167.29 Y147.89 E.79994
G1 X92.77 Y147.89 E2.33652
G1 E-3.5
;WIPE_START
G1 F7200
G1 X92.71 Y147.89 E-.0285
G1 X92.71 Y144.792 E-1.4715
;WIPE_END
G1 X93.908 Y113.232 F9000
G1 E5 F2400
;TYPE:Solid infill
;WIDTH:0.53634
G1 F7200
G1 X93.864 Y113.189 E.00252
G1 X93.804 Y113.204 E.00254
G1 X93.789 Y113.264 E.00254
G1 X93.832 Y113.308 E.00252
G1 X93.892 Y113.292 E.00255
;WIDTH:0.439999
G1 X93.8 Y113.926 E.02115
G1 X94.526 Y113.2 E.0339
G1 X94.617 Y113.13 E.00379
;WIDTH:0.41146
G1 X94.708 Y113.06 E.00352
;WIDTH:0.38292
G1 X94.667 Y113.071 E.0012
G1 X94.648 Y113 E.00208
G1 X94.719 Y113.019 E.00208
;WIDTH:0.439999
G1 X95.087 Y113.2 E.01354
G1 X93.8 Y114.487 E.06009
G1 X93.8 Y115.049 E.01856
G1 X95.649 Y113.2 E.08634
G1 X96.211 Y113.2 E.01856
G1 X93.8 Y115.611 E.11258
G1 X93.8 Y116.172 E.01852
G1 X96.772 Y113.2 E.13877
G1 X97.334 Y113.2 E.01856
G1 X93.8 Y116.734 E.16501
G1 X93.8 Y117.295 E.01852
G1 X97.895 Y113.2 E.19121
G1 X98.457 Y113.2 E.01856
G1 X93.8 Y117.857 E.21745
G1 X93.8 Y118.418 E.01852
G1 X99.018 Y113.2 E.24365
G1 X99.58 Y113.2 E.01856
G1 X93.8 Y118.98 E.26989
G1 X93.8 Y119.541 E.01852
G1 X100.141 Y113.2 E.29608
G1 X100.703 Y113.2 E.01856
G1 X93.8 Y120.103 E.32232
G1 X93.8 Y120.665 E.01856
G1 X101.265 Y113.2 E.34857
G1 X101.826 Y113.2 E.01852
G1 X93.8 Y121.226 E.37476
G1 X93.8 Y121.788 E.01856
G1 X102.388 Y113.2 E.401
G1 X102.949 Y113.2 E.01852
G1 X93.8 Y122.349 E.4272
G1 X93.8 Y122.911 E.01856
G1 X103.511 Y113.2 E.45344
G1 X104.072 Y113.2 E.01852
G1 X93.8 Y123.472 E.47964
G1 X93.8 Y124.034 E.01856
G1 X104.634 Y113.2 E.50588
G1 X105.195 Y113.2 E.01852
G1 X93.8 Y124.595 E.53207
G1 X93.8 Y125.157 E.01856
G1 X105.757 Y113.2 E.55831
G1 X106.319 Y113.2 E.01856
G1 X93.8 Y125.719 E.58456
G1 X93.8 Y126.28 E.01852
G1 X106.88 Y113.2 E.61075
G1 X107.442 Y113.2 E.01856
G1 X93.8 Y126.842 E.63699
G1 X93.8 Y127.403 E.01852
G1 X108.003 Y113.2 E.66319
G1 X108.565 Y113.2 E.01856
G1 X93.8 Y127.965 E.68943
G1 X93.8 Y128.526 E.01852
G1 X109.126 Y113.2 E.71562
G1 X109.688 Y113.2 E.01856
G1 X93.8 Y129.088 E.74187
G1 X93.8 Y129.649 E.01852
G1 X110.249 Y113.2 E.76806
G1 X110.811 Y113.2 E.01856
G1 X93.8 Y130.211 E.7943
G1 X93.8 Y130.773 E.01856
G1 X111.373 Y113.2 E.82054
G1 X111.934 Y113.2 E.01852
G1 X93.8 Y131.334 E.84674
G1 X93.8 Y131.896 E.01856
G1 X112.496 Y113.2 E.87298
G1 X113.057 Y113.2 E.01852
G1 X93.8 Y132.457 E.89918
G1 X94.787 Y132.032 F9000
G1 F7200
G1 X93.94 Y132.878 E.03953
G1 X93.8 Y132.881 E.00462
G1 X93.8 Y138.634 E.18995
G1 X96.583 Y135.851 E.12995
G1 X96.24 Y135.75 E.01181
G1 X95.531 Y135.227 E.02909
G1 X95.099 Y134.734 E.02164
G1 X94.77 Y134.061 E.02473
G1 X94.657 Y133.702 E.01243
G1 X94.645 Y132.745 E.0316
G1 X94.757 Y132.257 E.01653
G1 X94.927 Y131.892 E.01329
G1 X95.034 Y131.741 E.00611
;WIDTH:0.41146
G1 X95.142 Y131.59 E.00569
;WIDTH:0.38292
G1 X95.501 Y131.191 E.01517
G1 X96.042 Y130.723 E.02022
G1 X96.092 Y130.727 E.00142
G1 X96.323 Y130.653 E.00686
;WIDTH:0.41146
G1 X96.323 Y130.574 E.00242
;WIDTH:0.439999
G1 X96.323 Y130.496 E.00258
G1 X113.619 Y113.2 E.80761
G1 X114.18 Y113.2 E.01852
G1 X97.077 Y130.303 E.7986
G1 X97.684 Y130.258 E.0201
G1 X114.742 Y113.2 E.7965
G1 X115.303 Y113.2 E.01852
G1 X98.145 Y130.358 E.80117
G1 X98.595 Y130.47 E.01531
G1 X115.865 Y113.2 E.8064
G1 X116.427 Y113.2 E.01856
G1 X98.969 Y130.658 E.81517
G1 X99.283 Y130.905 E.01319
G1 X116.988 Y113.2 E.82671
G1 X117.55 Y113.2 E.01856
G1 X99.594 Y131.156 E.83843
G1 X99.854 Y131.457 E.01313
G1 X118.111 Y113.2 E.85248
G1 X118.673 Y113.2 E.01856
G1 X100.039 Y131.833 E.87006
G1 X100.224 Y132.21 E.01387
G1 X119.234 Y113.2 E.88764
G1 X119.796 Y113.2 E.01856
G1 X100.349 Y132.647 E.90805
G1 X100.358 Y133.199 E.01823
G1 X120.357 Y113.2 E.93382
G1 X120.919 Y113.2 E.01856
G1 X100.326 Y133.793 E.96156
G1 X100.256 Y133.928 E.00502
;WIDTH:0.41146
G1 X100.187 Y134.063 E.00465
;WIDTH:0.38292
G1 X100.116 Y134.044 E.00208
G1 X100.135 Y134.115 E.00208
G1 X100.176 Y134.104 E.0012
G1 X99.67 Y135.14 F9000
G1 F7200
G1 X99.558 Y135.028 E.00448
;WIDTH:0.41146
G1 X99.69 Y134.944 E.00479
;WIDTH:0.439999
G1 X99.821 Y134.859 E.00516
G1 X121.481 Y113.2 E1.01136
G1 E-3.5 F3600
;WIPE_START
G1 F7200
G1 X119.248 Y115.433 E-1.5
;WIPE_END
G1 X97.03 Y135.966 F9000
G1 E5 F2400
G1 F7200
G1 X93.736 Y139.267 E.15397
;WIDTH:0.41146
G1 X93.671 Y139.337 E.00293
;WIDTH:0.38292
G1 X93.6 Y139.318 E.00208
G1 X93.619 Y139.389 E.00208
G1 X93.66 Y139.378 E.0012
;WIDTH:0.439999
G1 X93.8 Y139.757 E.01334
G1 X97.52 Y136.037 E.1737
G1 X98.211 Y135.908 E.02321
G1 X93.8 Y140.319 E.20596
G1 X93.725 Y141.15 F9000
;WIDTH:0.38292
G1 F7200
G1 X93.654 Y141.131 E.00208
G1 X93.673 Y141.202 E.00208
G1 X93.714 Y141.191 E.0012
;WIDTH:0.41146
G1 X93.757 Y141.036 E.00493
;WIDTH:0.439999
G1 X93.8 Y140.881 E.00531
G1 X99.389 Y135.291 E.26099
G1 E-3.5 F3600
;WIPE_START
G1 F7200
G1 X97.156 Y137.524 E-1.5
;WIPE_END
G1 X93.8 Y141.442 F9000
G1 E5 F2400
G1 F7200
G1 X122.042 Y113.2 E1.31872
G1 X122.604 Y113.2 E.01856
G1 X93.8 Y142.004 E1.34496
G1 X93.8 Y142.565 E.01852
G1 X123.165 Y113.2 E1.37115
G1 X123.727 Y113.2 E.01856
G1 X93.8 Y143.127 E1.39739
G1 X93.8 Y143.688 E.01852
G1 X124.288 Y113.2 E1.42359
G1 X124.85 Y113.2 E.01856
G1 X93.8 Y144.25 E1.44983
G1 X93.8 Y144.811 E.01852
G1 X125.411 Y113.2 E1.47603
G1 X125.973 Y113.2 E.01856
G1 X93.8 Y145.373 E1.50227
G1 X93.8 Y145.935 E.01856
G1 X126.535 Y113.2 E1.52851
G1 X127.096 Y113.2 E.01852
G1 X93.8 Y146.496 E1.5547
G1 X93.779 Y146.684 E.00625
;WIDTH:0.41146
G1 X93.758 Y146.872 E.0058
;WIDTH:0.38292
G1 X93.687 Y146.853 E.00208
G1 X93.706 Y146.924 E.00208
G1 X93.747 Y146.913 E.0012
;WIDTH:0.439999
G1 X94.057 Y146.8 E.01089
G1 X127.658 Y113.2 E1.56892
G1 X128.219 Y113.2 E.01852
G1 X94.619 Y146.8 E1.5689
G1 X95.181 Y146.8 E.01856
G1 X128.781 Y113.2 E1.5689
G1 X129.342 Y113.2 E.01852
G1 X95.742 Y146.8 E1.5689
G1 X96.304 Y146.8 E.01856
G1 X129.904 Y113.2 E1.5689
G1 X130.465 Y113.2 E.01852
G1 X96.865 Y146.8 E1.5689
G1 X97.427 Y146.8 E.01856
G1 X131.027 Y113.2 E1.5689
G1 X131.589 Y113.2 E.01856
G1 X97.988 Y146.8 E1.56892
G1 X98.55 Y146.8 E.01856
G1 X132.15 Y113.2 E1.5689
G1 X132.712 Y113.2 E.01856
G1 X99.111 Y146.8 E1.56892
G1 X99.673 Y146.8 E.01856
G1 X133.273 Y113.2 E1.5689
G1 X133.835 Y113.2 E.01856
G1 X100.235 Y146.8 E1.5689
G1 X100.796 Y146.8 E.01852
G1 X134.396 Y113.2 E1.5689
G1 X134.958 Y113.2 E.01856
G1 X101.358 Y146.8 E1.5689
G1 X101.919 Y146.8 E.01852
G1 X135.519 Y113.2 E1.5689
G1 X136.081 Y113.2 E.01856
G1 X102.481 Y146.8 E1.5689
G1 X103.042 Y146.8 E.01852
G1 X136.643 Y113.2 E1.56892
G1 X137.204 Y113.2 E.01852
G1 X103.604 Y146.8 E1.5689
G1 X104.165 Y146.8 E.01852
G1 X137.766 Y113.2 E1.56892
G1 X138.327 Y113.2 E.01852
G1 X104.727 Y146.8 E1.5689
G1 X105.289 Y146.8 E.01856
G1 X138.889 Y113.2 E1.5689
G1 X139.45 Y113.2 E.01852
G1 X105.85 Y146.8 E1.5689
G1 X106.412 Y146.8 E.01856
G1 X140.012 Y113.2 E1.5689
G1 X140.573 Y113.2 E.01852
G1 X106.973 Y146.8 E1.5689
G1 X107.535 Y146.8 E.01856
G1 X141.135 Y113.2 E1.5689
G1 X141.697 Y113.2 E.01856
G1 X108.096 Y146.8 E1.56892
G1 X108.658 Y146.8 E.01856
G1 X142.258 Y113.2 E1.5689
G1 X142.82 Y113.2 E.01856
G1 X109.219 Y146.8 E1.56892
G1 X109.781 Y146.8 E.01856
G1 X143.381 Y113.2 E1.5689
G1 X143.943 Y113.2 E.01856
G1 X110.343 Y146.8 E1.5689
G1 X110.904 Y146.8 E.01852
G1 X144.504 Y113.2 E1.5689
G1 X145.066 Y113.2 E.01856
G1 X111.466 Y146.8 E1.5689
G1 X112.027 Y146.8 E.01852
G1 X145.627 Y113.2 E1.5689
G1 X146.189 Y113.2 E.01856
G1 X112.589 Y146.8 E1.5689
G1 X113.15 Y146.8 E.01852
G1 X146.751 Y113.2 E1.56892
G1 X147.312 Y113.2 E.01852
G1 X113.712 Y146.8 E1.5689
G1 X114.273 Y146.8 E.01852
G1 X147.874 Y113.2 E1.56892
G1 X148.435 Y113.2 E.01852
G1 X114.835 Y146.8 E1.5689
G1 X115.397 Y146.8 E.01856
G1 X148.997 Y113.2 E1.5689
G1 X149.558 Y113.2 E.01852
G1 X115.958 Y146.8 E1.5689
G1 X116.52 Y146.8 E.01856
G1 X150.12 Y113.2 E1.5689
G1 X150.681 Y113.2 E.01852
G1 X117.081 Y146.8 E1.5689
G1 X117.643 Y146.8 E.01856
G1 X151.243 Y113.2 E1.5689
G1 X151.805 Y113.2 E.01856
G1 X118.204 Y146.8 E1.56892
G1 X118.766 Y146.8 E.01856
G1 X152.366 Y113.2 E1.5689
G1 X152.928 Y113.2 E.01856
G1 X119.327 Y146.8 E1.56892
G1 X119.889 Y146.8 E.01856
G1 X153.489 Y113.2 E1.5689
G1 X154.051 Y113.2 E.01856
G1 X120.451 Y146.8 E1.5689
G1 X121.012 Y146.8 E.01852
G1 X154.612 Y113.2 E1.5689
G1 X155.174 Y113.2 E.01856
G1 X121.574 Y146.8 E1.5689
G1 X122.135 Y146.8 E.01852
G1 X155.735 Y113.2 E1.5689
G1 X156.297 Y113.2 E.01856
G1 X122.697 Y146.8 E1.5689
G1 X123.258 Y146.8 E.01852
G1 X156.859 Y113.2 E1.56892
G1 X157.42 Y113.2 E.01852
G1 X123.82 Y146.8 E1.5689
G1 X124.381 Y146.8 E.01852
G1 X157.982 Y113.2 E1.56892
G1 X158.543 Y113.2 E.01852
G1 X124.943 Y146.8 E1.5689
G1 X125.505 Y146.8 E.01856
G1 X159.105 Y113.2 E1.5689
G1 X159.666 Y113.2 E.01852
G1 X126.066 Y146.8 E1.5689
G1 X126.628 Y146.8 E.01856
G1 X160.228 Y113.2 E1.5689
G1 X160.789 Y113.2 E.01852
G1 X127.189 Y146.8 E1.5689
G1 X127.751 Y146.8 E.01856
G1 X161.351 Y113.2 E1.5689
G1 X161.912 Y113.2 E.01852
G1 X128.312 Y146.8 E1.5689
G1 X128.874 Y146.8 E.01856
G1 X162.474 Y113.2 E1.5689
G1 X163.036 Y113.2 E.01856
G1 X129.435 Y146.8 E1.56892
G1 X129.997 Y146.8 E.01856
G1 X163.597 Y113.2 E1.5689
G1 X164.159 Y113.2 E.01856
G1 X130.559 Y146.8 E1.5689
G1 X131.12 Y146.8 E.01852
G1 X164.72 Y113.2 E1.5689
G1 X165.282 Y113.2 E.01856
G1 X131.682 Y146.8 E1.5689
G1 X132.243 Y146.8 E.01852
G1 X165.843 Y113.2 E1.5689
G1 X166.331 Y113.099 E.01645
;WIDTH:0.38292
G1 X166.26 Y113.08 E.00208
G1 X166.279 Y113.151 E.00208
G1 X166.32 Y113.14 E.0012
;WIDTH:0.41146
G1 X166.26 Y113.272 E.00444
;WIDTH:0.439999
G1 X166.2 Y113.405 E.00482
G1 X132.805 Y146.8 E1.55933
G1 X133.366 Y146.8 E.01852
G1 X166.2 Y113.966 E1.53313
G1 X166.2 Y114.528 E.01856
G1 X133.928 Y146.8 E1.50689
G1 X134.489 Y146.8 E.01852
G1 X166.2 Y115.089 E1.4807
G1 X166.2 Y115.651 E.01856
G1 X135.051 Y146.8 E1.45445
G1 X135.613 Y146.8 E.01856
G1 X166.2 Y116.213 E1.42821
G1 X166.2 Y116.774 E.01852
G1 X136.174 Y146.8 E1.40202
G1 X136.736 Y146.8 E.01856
G1 X166.2 Y117.336 E1.37578
G1 X166.2 Y117.897 E.01852
G1 X137.297 Y146.8 E1.34958
G1 X137.859 Y146.8 E.01856
G1 X166.2 Y118.459 E1.32334
G1 X166.2 Y119.02 E.01852
G1 X138.42 Y146.8 E1.29714
G1 X138.982 Y146.8 E.01856
G1 X166.2 Y119.582 E1.2709
G1 X166.2 Y120.143 E.01852
G1 X139.543 Y146.8 E1.24471
G1 X140.105 Y146.8 E.01856
G1 X166.2 Y120.705 E1.21847
G1 X166.2 Y121.267 E.01856
G1 X140.667 Y146.8 E1.19222
G1 X141.228 Y146.8 E.01852
G1 X166.2 Y121.828 E1.16603
G1 X166.2 Y122.39 E.01856
G1 X141.79 Y146.8 E1.13979
G1 X142.351 Y146.8 E.01852
G1 X166.2 Y122.951 E1.11359
G1 X166.2 Y123.513 E.01856
G1 X142.913 Y146.8 E1.08735
G1 X143.474 Y146.8 E.01852
G1 X166.2 Y124.074 E1.06116
G1 X166.2 Y124.636 E.01856
G1 X144.036 Y146.8 E1.03491
G1 X144.919 Y146.905 F9000
;WIDTH:0.38292
G1 F7200
G1 X144.848 Y146.886 E.00208
G1 X144.867 Y146.957 E.00208
G1 X144.908 Y146.946 E.0012
;WIDTH:0.41146
G1 X144.753 Y146.873 E.00525
;WIDTH:0.439999
G1 X144.597 Y146.8 E.00569
G1 X166.2 Y125.197 E1.00872
G1 X166.2 Y125.759 E.01856
G1 X161.531 Y130.428 E.21801
G1 X161.504 Y130.515 E.00301
;WIDTH:0.41146
G1 X161.478 Y130.601 E.00275
;WIDTH:0.38292
G1 X161.229 Y130.622 E.00706
G1 X160.527 Y131.235 E.02635
G1 X160.35 Y131.411 E.00706
G1 X160.004 Y131.882 E.01652
;WIDTH:0.439999
G1 X159.797 Y132.162 E.0115
G1 X145.159 Y146.8 E.6835
G1 X145.72 Y146.8 E.01852
G1 X159.642 Y132.879 E.65004
G1 X159.642 Y133.44 E.01852
G1 X146.282 Y146.8 E.62382
G1 X146.844 Y146.8 E.01856
G1 X159.716 Y133.928 E.60104
G1 X159.893 Y134.313 E.01399
G1 X147.405 Y146.8 E.58308
G1 X147.967 Y146.8 E.01856
G1 X160.074 Y134.693 E.56532
G1 X160.304 Y135.025 E.01334
G1 X148.528 Y146.8 E.54984
G1 X149.09 Y146.8 E.01856
G1 X160.604 Y135.286 E.53763
G1 X160.916 Y135.535 E.01318
G1 X149.651 Y146.8 E.526
G1 X150.213 Y146.8 E.01856
G1 X161.255 Y135.758 E.51559
G1 X161.687 Y135.888 E.0149
G1 X150.774 Y146.8 E.50954
G1 X151.336 Y146.8 E.01856
G1 X162.144 Y135.992 E.50466
G1 X162.673 Y136.024 E.0175
G1 X151.898 Y146.8 E.50315
G1 X152.459 Y146.8 E.01852
G1 X163.389 Y135.87 E.51036
G1 X163.554 Y135.769 E.00639
;WIDTH:0.41146
G1 X163.72 Y135.668 E.00595
;WIDTH:0.38292
G1 X163.692 Y135.688 E.00097
G1 X163.578 Y135.681 E.00323
G1 E-3.5 F3600
;WIPE_START
G1 F7200
G1 X163.692 Y135.688 E-.05425
G1 X163.72 Y135.668 E-.01634
G1 X163.554 Y135.769 E-.0923
G1 X163.389 Y135.87 E-.09189
G1 X161.535 Y137.724 E-1.24522
;WIPE_END
G1 X162.248 Y130.273 F9000
G1 E5 F2400
;WIDTH:0.439999
G1 F7200
G1 X166.2 Y126.321 E.18453
G1 X166.2 Y126.882 E.01852
G1 X162.806 Y130.276 E.15848
G1 X163.263 Y130.381 E.01548
G1 X166.2 Y127.444 E.13714
G1 X166.2 Y128.005 E.01852
G1 X163.701 Y130.504 E.11669
G1 X164.049 Y130.718 E.01349
G1 X166.2 Y128.567 E.10044
G1 X166.2 Y133.322 E.157
G1 X166.015 Y133.276 E.00629
G1 X165.898 Y133.361 E.00477
G1 X165.669 Y133.17 E.00985
G1 X165.477 Y133.221 E.00656
G1 X165.36 Y133.338 E.00546
G1 X165.355 Y132.745 E.01958
G1 X165.229 Y132.215 E.01799
G1 X164.901 Y131.546 E.0246
G1 X164.589 Y131.154 E.01654
G1 X164.362 Y130.967 E.00971
G1 X166.06 Y129.269 E.07929
G1 X165.803 Y130.087 F9000
G1 F7200
G1 X165.803 Y132.149 E.06808
;WIDTH:0.467759
G1 X165.789 Y132.415 E.00941
;WIDTH:0.495518
G1 X165.775 Y132.682 E.01006
G1 X165.767 Y132.651 E.0012
;WIDTH:0.491094
G1 X165.677 Y132.347 E.01181
;WIDTH:0.465547
G1 X165.586 Y132.043 E.01115
;WIDTH:0.439999
G1 X165.282 Y131.411 E.02316
G1 X164.936 Y130.953 E.01895
G1 X165.663 Y130.227 E.03392
G1 E-3.5 F3600
;WIPE_START
G1 F7200
G1 X164.936 Y130.953 E-.48803
G1 X165.282 Y131.411 E-.27265
G1 X165.586 Y132.043 E-.33312
G1 X165.677 Y132.347 E-.15073
G1 X165.767 Y132.651 E-.1506
G1 X165.775 Y132.682 E-.01521
G1 X165.785 Y132.494 E-.08966
;WIPE_END
G1 X165.617 Y133.642 F9000
G1 E5 F2400
G1 F7200
G1 X165.249 Y134.01 E.01718
G1 X165.151 Y134.151 E.00567
;WIDTH:0.41146
G1 X165.053 Y134.291 E.00524
;WIDTH:0.38292
G1 X164.797 Y134.651 E.01249
G1 X166.074 Y133.746 F9000
;WIDTH:0.439999
G1 F7200
G1 X153.021 Y146.8 E.60951
G1 X153.582 Y146.8 E.01852
G1 X166.2 Y134.182 E.58918
G1 X166.2 Y134.744 E.01856
G1 X154.144 Y146.8 E.56294
G1 X154.705 Y146.8 E.01852
G1 X166.2 Y135.305 E.53674
G1 X166.2 Y135.867 E.01856
G1 X155.267 Y146.8 E.5105
G1 X155.828 Y146.8 E.01852
G1 X166.2 Y136.428 E.4843
G1 X166.2 Y136.99 E.01856
G1 X156.39 Y146.8 E.45806
G1 X156.952 Y146.8 E.01856
G1 X166.2 Y137.552 E.43182
G1 X166.2 Y138.113 E.01852
G1 X157.513 Y146.8 E.40563
G1 X158.075 Y146.8 E.01856
G1 X166.2 Y138.675 E.37938
G1 X166.2 Y139.236 E.01852
G1 X158.636 Y146.8 E.35319
G1 X159.198 Y146.8 E.01856
G1 X166.2 Y139.798 E.32695
G1 X166.2 Y140.359 E.01852
G1 X159.759 Y146.8 E.30075
G1 X160.321 Y146.8 E.01856
G1 X166.2 Y140.921 E.27451
G1 X166.2 Y141.482 E.01852
G1 X160.882 Y146.8 E.24832
G1 X161.444 Y146.8 E.01856
G1 X166.2 Y142.044 E.22207
G1 X166.2 Y142.606 E.01856
G1 X162.006 Y146.8 E.19583
G1 X162.567 Y146.8 E.01852
G1 X166.2 Y143.167 E.16964
G1 X166.2 Y143.729 E.01856
G1 X163.129 Y146.8 E.1434
G1 X163.69 Y146.8 E.01852
G1 X166.2 Y144.29 E.1172
G1 X166.423 Y144.685 E.01498
;WIDTH:0.486658
G1 X166.384 Y144.646 E.00204
G1 X166.33 Y144.66 E.00206
G1 X166.316 Y144.714 E.00206
G1 X166.355 Y144.753 E.00204
G1 X166.409 Y144.739 E.00206
G1 X166.2 Y144.852 E.00877
;WIDTH:0.439999
G1 X164.252 Y146.8 E.09096
G1 X164.191 Y146.9 E.00387
;WIDTH:0.41146
G1 X164.129 Y147 E.00361
;WIDTH:0.38292
G1 X164.088 Y147.011 E.0012
G1 X164.069 Y146.94 E.00208
G1 X164.14 Y146.959 E.00208
G1 E-3.5 F3600
;WIPE_START
G1 F7200
G1 X164.069 Y146.94 E-.03491
G1 X164.088 Y147.011 E-.03491
G1 X164.129 Y147 E-.02016
G1 X164.191 Y146.9 E-.05589
G1 X164.252 Y146.8 E-.05564
G1 X166.185 Y144.867 E-1.29849
;WIPE_END
G1 X166.06 Y145.554 F9000
G1 E5 F2400
;WIDTH:0.439999
G1 F7200
G1 X164.813 Y146.8 E.0582
G1 X166.2 Y146.8 E.04579
G1 X166.2 Y145.413 E.04579
G1 X165.844 Y146.38 F9000
;WIDTH:0.458168
G1 F7200
G1 X165.807 Y146.344 E.00178
G1 X165.757 Y146.357 E.00178
G1 X165.744 Y146.407 E.00178
G1 X165.78 Y146.444 E.00178
G1 X165.831 Y146.431 E.00182
G1 E-3.5 F3600
;WIPE_START
G1 F7200
G1 X165.78 Y146.444 E-.025
G1 X165.744 Y146.407 E-.02452
G1 X165.757 Y146.357 E-.02454
G1 X165.807 Y146.344 E-.02454
G1 X165.844 Y146.38 E-.02452
;WIPE_END
G1 E-1.37688 F3600
G1 X94.233 Y133.794 F9000
G1 E5 F2400
;WIDTH:0.51202
G1 F7200
G1 X94.322 Y134.014 E.00926
;WIDTH:0.47601
G1 X94.412 Y134.234 E.00856
;WIDTH:0.439999
G1 X94.789 Y134.982 E.02766
G1 X95.101 Y135.373 E.01652
G1 X95.283 Y135.538 E.00811
G1 X95.879 Y135.994 E.02478
G1 X94.197 Y137.676 E.07854
G1 X94.197 Y134.988 E.08875
;WIDTH:0.470023
G1 X94.212 Y134.49 E.01769
;WIDTH:0.500046
G1 X94.227 Y133.993 E.0189
;WIDTH:0.51202
G1 X94.229 Y133.74 E.00987
;WIDTH:0.504884
G1 X94.22 Y133.192 E.02105
G1 E-3.5 F3600
;WIPE_START
G1 F7200
G1 X94.229 Y133.74 E-.26034
G1 X94.227 Y133.993 E-.12018
G1 X94.212 Y134.49 E-.23618
G1 X94.197 Y134.988 E-.23666
G1 X94.197 Y136.349 E-.64664
;WIPE_END
G1 X94.631 Y135.479 F9000
G1 E5 F2400
;WIDTH:0.513327
G1 F7200
G1 X94.762 Y135.644 E.00824
G1 X95.218 Y136.041 E.02365
G1 X94.631 Y136.629 E.0325
G1 X94.631 Y135.678 E.0372
;LAYER_CHANGE
;Z:1
;HEIGHT:0.2
;BEFORE_LAYER_CHANGE
G92 E0
;1


G1 E-3.5 F3600
;WIPE_START
G1 F7200
G1 X94.631 Y136.629 E-.45172
G1 X95.218 Y136.041 E-.39465
G1 X94.762 Y135.644 E-.28719
G1 X94.631 Y135.479 E-.10007
;WIPE_END
G1 E-.26637 F3600
G1 Z1 F9000
;AFTER_LAYER_CHANGE
;1
G1 X159.988 Y133.713
G1 E5 F2400
;TYPE:Perimeter
;WIDTH:0.439999
G1 F3600
G1 X159.947 Y133.554 E.00542
G1 X159.946 Y132.779 E.02559
G1 X159.975 Y132.543 E.00785
G1 X160.355 Y131.707 E.03032
G1 X160.574 Y131.412 E.01213
G1 X161.19 Y130.918 E.02607
G1 X161.492 Y130.755 E.01133
G1 X162.284 Y130.57 E.02685
G1 X162.55 Y130.547 E.00882
G1 X163.42 Y130.73 E.02935
G1 X163.81 Y130.918 E.01429
G1 X164.375 Y131.368 E.02385
G1 X164.645 Y131.707 E.01431
G1 X164.958 Y132.357 E.02382
G1 X165.054 Y132.779 E.01429
G1 X165.054 Y133.501 E.02384
G1 X164.958 Y133.923 E.01429
G1 X164.645 Y134.573 E.02382
G1 X164.375 Y134.912 E.01431
G1 X163.81 Y135.362 E.02385
G1 X163.42 Y135.55 E.01429
G1 X162.716 Y135.71 E.02384
G1 X162.406 Y135.73 E.01026
G1 X161.58 Y135.55 E.02791
G1 X161.275 Y135.423 E.01091
G1 X160.625 Y134.912 E.0273
G1 X160.393 Y134.644 E.0117
G1 X160.042 Y133.923 E.02648
G1 X160.003 Y133.771 E.00518
G1 X160.372 Y133.626 F9000
G1 F3600
G1 X160.343 Y133.501 E.00424
G1 X160.343 Y132.779 E.02384
G1 X160.36 Y132.639 E.00466
G1 X160.713 Y131.879 E.02767
G1 X160.873 Y131.679 E.00846
G1 X161.437 Y131.229 E.02382
G1 X161.668 Y131.117 E.00848
G1 X162.372 Y130.957 E.02384
G1 X162.628 Y130.957 E.00845
G1 X163.332 Y131.117 E.02384
G1 X163.563 Y131.229 E.00848
G1 X164.127 Y131.679 E.02382
G1 X164.287 Y131.879 E.00846
G1 X164.6 Y132.529 E.02382
G1 X164.657 Y132.779 E.00847
G1 X164.657 Y133.501 E.02384
G1 X164.6 Y133.751 E.00847
G1 X164.287 Y134.401 E.02382
G1 X164.127 Y134.601 E.00846
G1 X163.563 Y135.051 E.02382
G1 X163.332 Y135.163 E.00848
G1 X162.628 Y135.323 E.02384
G1 X162.372 Y135.323 E.00845
G1 X161.668 Y135.163 E.02384
G1 X161.437 Y135.051 E.00848
G1 X160.873 Y134.601 E.02382
G1 X160.713 Y134.401 E.00846
G1 X160.4 Y133.751 E.02382
G1 X160.385 Y133.684 E.00227
G1 X160.748 Y133.539 F9000
;TYPE:External perimeter
;WIDTH:0.419999
G1 F3600
G1 X160.736 Y132.733 E.02527
G1 X161.062 Y132.047 E.02381
G1 X161.679 Y131.531 E.02522
G1 X162.458 Y131.334 E.02519
G1 X163.246 Y131.495 E.02522
G1 X163.886 Y131.981 E.0252
G1 X164.251 Y132.697 E.0252
G1 X164.27 Y133.501 E.02522
G1 X163.938 Y134.233 E.0252
G1 X163.321 Y134.749 E.02522
G1 X162.542 Y134.946 E.02519
G1 X161.754 Y134.785 E.02522
G1 X161.114 Y134.299 E.0252
G1 X160.756 Y133.597 E.02471
G1 E-3.5
;WIPE_START
G1 F7200
G1 X160.748 Y133.539 E-.02781
G1 X160.736 Y132.733 E-.38289
G1 X161.062 Y132.047 E-.36077
G1 X161.679 Y131.531 E-.38206
G1 X162.386 Y131.352 E-.34647
;WIPE_END
G1 X100.014 Y133.714 F9000
G1 E5 F2400
;TYPE:Perimeter
;WIDTH:0.439999
G1 F3600
G1 X99.987 Y133.857 E.0048
G1 X99.645 Y134.573 E.0262
G1 X99.446 Y134.849 E.01123
G1 X98.81 Y135.362 E.02698
G1 X98.529 Y135.518 E.01061
G1 X98.006 Y135.644 E.01776
G1 X97.45 Y135.733 E.01859
G1 X96.58 Y135.55 E.02935
G1 X96.19 Y135.362 E.01429
G1 X95.625 Y134.912 E.02385
G1 X95.355 Y134.573 E.01431
G1 X95.042 Y133.923 E.02382
G1 X94.946 Y133.501 E.01429
G1 X94.946 Y132.779 E.02384
G1 X95.042 Y132.357 E.01429
G1 X95.355 Y131.707 E.02382
G1 X95.625 Y131.368 E.01431
G1 X96.19 Y130.918 E.02385
G1 X96.58 Y130.73 E.01429
G1 X97.284 Y130.57 E.02384
G1 X97.594 Y130.55 E.01026
G1 X98.42 Y130.73 E.02791
G1 X98.76 Y130.88 E.01227
G1 X99.375 Y131.368 E.02592
G1 X99.619 Y131.657 E.01249
G1 X99.958 Y132.357 E.02568
G1 X100.053 Y132.726 E.01258
G1 X100.054 Y133.501 E.02559
G1 X100.025 Y133.655 E.00517
G1 X99.628 Y133.626 F9000
G1 F3600
G1 X99.6 Y133.751 E.00423
G1 X99.287 Y134.401 E.02382
G1 X99.127 Y134.601 E.00846
G1 X98.563 Y135.051 E.02382
G1 X98.332 Y135.163 E.00848
G1 X97.628 Y135.323 E.02384
G1 X97.372 Y135.323 E.00845
G1 X96.668 Y135.163 E.02384
G1 X96.437 Y135.051 E.00848
G1 X95.873 Y134.601 E.02382
G1 X95.713 Y134.401 E.00846
G1 X95.4 Y133.751 E.02382
G1 X95.343 Y133.501 E.00847
G1 X95.343 Y132.779 E.02384
G1 X95.4 Y132.529 E.00847
G1 X95.713 Y131.879 E.02382
G1 X95.873 Y131.679 E.00846
G1 X96.437 Y131.229 E.02382
G1 X96.668 Y131.117 E.00848
G1 X97.372 Y130.957 E.02384
G1 X97.628 Y130.957 E.00845
G1 X98.332 Y131.117 E.02384
G1 X98.563 Y131.229 E.00848
G1 X99.127 Y131.679 E.02382
G1 X99.287 Y131.879 E.00846
G1 X99.6 Y132.529 E.02382
G1 X99.657 Y132.779 E.00847
G1 X99.657 Y133.501 E.02384
G1 X99.642 Y133.567 E.00223
G1 X99.252 Y133.541 F9000
;TYPE:External perimeter
;WIDTH:0.419999
G1 F3600
G1 X98.938 Y134.233 E.02383
G1 X98.321 Y134.749 E.02522
G1 X97.832 Y134.88 E.01587
G1 X97.458 Y134.946 E.01191
G1 X96.754 Y134.785 E.02264
G1 X96.114 Y134.299 E.0252
G1 X95.749 Y133.583 E.0252
G1 X95.73 Y132.779 E.02522
G1 X96.062 Y132.047 E.0252
G1 X96.679 Y131.531 E.02522
G1 X97.458 Y131.334 E.02519
G1 X98.246 Y131.495 E.02522
G1 X98.886 Y131.981 E.0252
G1 X99.251 Y132.697 E.0252
G1 X99.27 Y133.485 E.02471
G1 E-3.5
;WIPE_START
G1 F7200
G1 X99.252 Y133.541 E-.02794
G1 X98.938 Y134.233 E-.36096
G1 X98.321 Y134.749 E-.38206
G1 X97.832 Y134.88 E-.24047
G1 X97.458 Y134.946 E-.18039
G1 X96.826 Y134.802 E-.30818
;WIPE_END
G1 X93.494 Y147.106 F9000
G1 E5 F2400
;TYPE:Perimeter
;WIDTH:0.439999
G1 F6809
G1 X93.494 Y112.894 E1.12959
G1 X166.506 Y112.894 E2.41066
G1 X166.506 Y122.377 E.3131
G1 X166.506 Y147.106 E.81648
G1 X93.554 Y147.106 E2.40867
G1 X93.097 Y147.503 F9000
G1 F6809
G1 X93.097 Y112.497 E1.1558
G1 X166.903 Y112.497 E2.43687
G1 X166.903 Y122.377 E.32621
G1 X166.903 Y147.503 E.82959
G1 X93.157 Y147.503 E2.43489
G1 X92.71 Y147.89 F9000
;TYPE:External perimeter
;WIDTH:0.419999
G1 F3600
G1 X92.71 Y112.11 E1.12185
G1 X167.29 Y112.11 E2.3384
G1 X167.29 Y122.377 E.32191
G1 X167.29 Y147.89 E.79994
G1 X92.77 Y147.89 E2.33652
G1 E-3.5
;WIPE_START
G1 F7200
G1 X92.71 Y147.89 E-.0285
G1 X92.71 Y144.792 E-1.4715
;WIPE_END
G1 X96.771 Y146.8 F9000
G1 E5 F2400
;TYPE:Internal infill
;WIDTH:0.44
G1 F6809
G1 X94.388 Y146.8 E.07868
G1 X93.8 Y146.212 E.02746
G1 X93.8 Y143.738 E.08168
G1 X124.338 Y113.2 E1.42593
G1 X120.687 Y113.2 E.12055
G1 X154.287 Y146.8 E1.5689
G1 X150.637 Y146.8 E.12051
G1 X161.575 Y135.862 E.51073
G1 X161.235 Y135.751 E.01181
G1 X161.004 Y135.605 E.00902
G1 X160.258 Y134.98 E.03213
G1 X160.083 Y134.712 E.01057
G1 X159.675 Y133.799 E.03302
G1 X159.642 Y132.707 E.03607
G1 X159.764 Y132.229 E.01629
G1 X160.247 Y131.312 E.03422
G1 X160.793 Y130.843 E.02377
G1 X143.15 Y113.2 E.82381
G1 X146.8 Y113.2 E.12051
G1 X113.2 Y146.8 E1.5689
G1 X116.85 Y146.8 E.12051
G1 X93.8 Y123.75 E1.07629
G1 X93.8 Y121.276 E.08168
G1 X101.876 Y113.2 E.3771
G1 X98.225 Y113.2 E.12055
G1 X131.825 Y146.8 E1.5689
G1 X128.175 Y146.8 E.12051
G1 X161.775 Y113.2 E1.5689
G1 X158.124 Y113.2 E.12055
G1 X166.2 Y121.276 E.3771
G1 X166.2 Y123.75 E.08168
G1 X143.15 Y146.8 E1.07629
G1 X146.8 Y146.8 E.12051
G1 X113.2 Y113.2 E1.5689
G1 X116.85 Y113.2 E.12051
G1 X99.206 Y130.844 E.82386
G1 X99.636 Y131.189 E.0182
G1 X99.847 Y131.441 E.01085
G1 X100.262 Y132.287 E.03111
G1 X100.358 Y132.707 E.01422
G1 X100.325 Y133.801 E.03614
G1 X99.917 Y134.712 E.03296
G1 X99.742 Y134.98 E.01057
G1 X98.996 Y135.605 E.03213
G1 X98.765 Y135.751 E.00902
G1 X98.425 Y135.862 E.01181
G1 X109.363 Y146.8 E.51073
G1 X105.712 Y146.8 E.12055
G1 X139.313 Y113.2 E1.56893
G1 X135.662 Y113.2 E.12055
G1 X166.2 Y143.738 E1.42593
G1 X166.2 Y146.212 E.08168
G1 X165.612 Y146.8 E.02746
G1 X163.229 Y146.8 E.07868
G1 E-3.5 F3600
;WIPE_START
G1 F7200
G1 X165.612 Y146.8 E-1.13192
G1 X166.16 Y146.252 E-.36808
;WIPE_END
G1 X163.229 Y113.2 F9000
G1 E5 F2400
G1 F6809
G1 X165.612 Y113.2 E.07868
G1 X166.2 Y113.788 E.02746
G1 X166.2 Y116.262 E.08168
G1 X135.662 Y146.8 E1.42593
G1 X139.313 Y146.8 E.12055
G1 X105.713 Y113.2 E1.5689
G1 X109.363 Y113.2 E.12051
G1 X93.8 Y128.763 E.72669
G1 X93.8 Y131.237 E.08168
G1 X94.773 Y132.211 E.04546
G1 X94.64 Y132.767 E.01888
G1 X94.659 Y133.725 E.03164
G1 X94.764 Y134.049 E.01125
G1 X95.195 Y134.855 E.03018
G1 X93.8 Y136.25 E.06514
G1 X93.8 Y138.724 E.08168
G1 X101.876 Y146.8 E.3771
G1 X98.225 Y146.8 E.12055
G1 X131.825 Y113.2 E1.5689
G1 X128.175 Y113.2 E.12051
G1 X161.775 Y146.8 E1.5689
G1 X158.124 Y146.8 E.12055
G1 X166.2 Y138.724 E.3771
G1 X166.2 Y136.25 E.08168
G1 X164.805 Y134.855 E.06514
G1 X165.236 Y134.049 E.03018
G1 X165.341 Y133.725 E.01125
G1 X165.36 Y132.767 E.03164
G1 X165.227 Y132.211 E.01888
G1 X166.2 Y131.237 E.04546
G1 X166.2 Y128.763 E.08168
G1 X150.637 Y113.2 E.72669
G1 X154.288 Y113.2 E.12055
G1 X120.687 Y146.8 E1.56893
G1 X124.338 Y146.8 E.12055
G1 X93.8 Y116.262 E1.42593
G1 X93.8 Y113.788 E.08168
G1 X94.388 Y113.2 E.02746
G1 X96.771 Y113.2 E.07868
;LAYER_CHANGE
;Z:1.2
;HEIGHT:0.2
;BEFORE_LAYER_CHANGE
G92 E0
;1.2


G1 E-3.5 F3600
;WIPE_START
G1 F7200
G1 X94.388 Y113.2 E-1.13192
G1 X93.84 Y113.748 E-.36808
;WIPE_END
G1 Z1.2 F9000
;AFTER_LAYER_CHANGE
;1.2
G1 X159.988 Y132.567
G1 E5 F2400
;TYPE:Perimeter
;WIDTH:0.439999
G1 F3600
G1 X160.021 Y132.405 E.00546
G1 X160.355 Y131.707 E.02555
G1 X160.574 Y131.412 E.01213
G1 X161.19 Y130.918 E.02607
G1 X161.492 Y130.755 E.01133
G1 X162.284 Y130.57 E.02685
G1 X162.55 Y130.547 E.00882
G1 X163.42 Y130.73 E.02935
G1 X163.81 Y130.918 E.01429
G1 X164.375 Y131.368 E.02385
G1 X164.645 Y131.707 E.01431
G1 X164.958 Y132.357 E.02382
G1 X165.054 Y132.779 E.01429
G1 X165.054 Y133.501 E.02384
G1 X164.958 Y133.923 E.01429
G1 X164.645 Y134.573 E.02382
G1 X164.375 Y134.912 E.01431
G1 X163.81 Y135.362 E.02385
G1 X163.42 Y135.55 E.01429
G1 X162.716 Y135.71 E.02384
G1 X162.406 Y135.73 E.01026
G1 X161.58 Y135.55 E.02791
G1 X161.275 Y135.423 E.01091
G1 X160.625 Y134.912 E.0273
G1 X160.393 Y134.644 E.0117
G1 X160.042 Y133.923 E.02648
G1 X159.947 Y133.554 E.01258
G1 X159.946 Y132.779 E.02559
G1 X159.977 Y132.626 E.00515
G1 X160.372 Y132.654 F9000
G1 F3600
G1 X160.4 Y132.529 E.00423
G1 X160.713 Y131.879 E.02382
G1 X160.873 Y131.679 E.00846
G1 X161.437 Y131.229 E.02382
G1 X161.668 Y131.117 E.00848
G1 X162.372 Y130.957 E.02384
G1 X162.628 Y130.957 E.00845
G1 X163.332 Y131.117 E.02384
G1 X163.563 Y131.229 E.00848
G1 X164.127 Y131.679 E.02382
G1 X164.287 Y131.879 E.00846
G1 X164.6 Y132.529 E.02382
G1 X164.657 Y132.779 E.00847
G1 X164.657 Y133.501 E.02384
G1 X164.6 Y133.751 E.00847
G1 X164.287 Y134.401 E.02382
G1 X164.127 Y134.601 E.00846
G1 X163.563 Y135.051 E.02382
G1 X163.332 Y135.163 E.00848
G1 X162.628 Y135.323 E.02384
G1 X162.372 Y135.323 E.00845
G1 X161.668 Y135.163 E.02384
G1 X161.437 Y135.051 E.00848
G1 X160.873 Y134.601 E.02382
G1 X160.713 Y134.401 E.00846
G1 X160.4 Y133.751 E.02382
G1 X160.343 Y133.501 E.00847
G1 X160.343 Y132.779 E.02384
G1 X160.358 Y132.713 E.00223
G1 X160.748 Y132.739 F9000
;TYPE:External perimeter
;WIDTH:0.419999
G1 F3600
G1 X161.062 Y132.047 E.02383
G1 X161.679 Y131.531 E.02522
G1 X162.458 Y131.334 E.02519
G1 X163.246 Y131.495 E.02522
G1 X163.886 Y131.981 E.0252
G1 X164.251 Y132.697 E.0252
G1 X164.27 Y133.501 E.02522
G1 X163.938 Y134.233 E.0252
G1 X163.321 Y134.749 E.02522
G1 X162.542 Y134.946 E.02519
G1 X161.754 Y134.785 E.02522
G1 X161.114 Y134.299 E.0252
G1 X160.749 Y133.583 E.0252
G1 X160.73 Y132.795 E.02471
G1 E-3.5
;WIPE_START
G1 F7200
G1 X160.748 Y132.739 E-.02794
G1 X161.062 Y132.047 E-.36096
G1 X161.679 Y131.531 E-.38206
G1 X162.458 Y131.334 E-.38167
G1 X163.174 Y131.48 E-.34737
;WIPE_END
G1 X100.012 Y132.567 F9000
G1 E5 F2400
;TYPE:Perimeter
;WIDTH:0.439999
G1 F3600
G1 X100.053 Y132.726 E.00542
G1 X100.054 Y133.501 E.02559
G1 X99.987 Y133.857 E.01196
G1 X99.645 Y134.573 E.0262
G1 X99.446 Y134.849 E.01123
G1 X98.81 Y135.362 E.02698
G1 X98.529 Y135.518 E.01061
G1 X98.006 Y135.644 E.01776
G1 X97.45 Y135.733 E.01859
G1 X96.58 Y135.55 E.02935
G1 X96.19 Y135.362 E.01429
G1 X95.625 Y134.912 E.02385
G1 X95.355 Y134.573 E.01431
G1 X95.042 Y133.923 E.02382
G1 X94.946 Y133.501 E.01429
G1 X94.946 Y132.779 E.02384
G1 X95.042 Y132.357 E.01429
G1 X95.355 Y131.707 E.02382
G1 X95.625 Y131.368 E.01431
G1 X96.19 Y130.918 E.02385
G1 X96.58 Y130.73 E.01429
G1 X97.284 Y130.57 E.02384
G1 X97.594 Y130.55 E.01026
G1 X98.42 Y130.73 E.02791
G1 X98.76 Y130.88 E.01227
G1 X99.375 Y131.368 E.02592
G1 X99.619 Y131.657 E.01249
G1 X99.958 Y132.357 E.02568
G1 X99.997 Y132.509 E.00518
G1 X99.628 Y132.654 F9000
G1 F3600
G1 X99.657 Y132.779 E.00424
G1 X99.657 Y133.501 E.02384
G1 X99.6 Y133.751 E.00847
G1 X99.287 Y134.401 E.02382
G1 X99.127 Y134.601 E.00846
G1 X98.563 Y135.051 E.02382
G1 X98.332 Y135.163 E.00848
G1 X97.628 Y135.323 E.02384
G1 X97.372 Y135.323 E.00845
G1 X96.668 Y135.163 E.02384
G1 X96.437 Y135.051 E.00848
G1 X95.873 Y134.601 E.02382
G1 X95.713 Y134.401 E.00846
G1 X95.4 Y133.751 E.02382
G1 X95.343 Y133.501 E.00847
G1 X95.343 Y132.779 E.02384
G1 X95.4 Y132.529 E.00847
G1 X95.713 Y131.879 E.02382
G1 X95.873 Y131.679 E.00846
G1 X96.437 Y131.229 E.02382
G1 X96.668 Y131.117 E.00848
G1 X97.372 Y130.957 E.02384
G1 X97.628 Y130.957 E.00845
G1 X98.332 Y131.117 E.02384
G1 X98.563 Y131.229 E.00848
G1 X99.127 Y131.679 E.02382
G1 X99.287 Y131.879 E.00846
G1 X99.6 Y132.529 E.02382
G1 X99.615 Y132.596 E.00227
G1 X99.252 Y132.741 F9000
;TYPE:External perimeter
;WIDTH:0.419999
G1 F3600
G1 X99.27 Y133.501 E.02384
G1 X98.938 Y134.233 E.0252
G1 X98.321 Y134.749 E.02522
G1 X97.832 Y134.88 E.01587
G1 X97.458 Y134.946 E.01191
G1 X96.754 Y134.785 E.02264
G1 X96.114 Y134.299 E.0252
G1 X95.749 Y133.583 E.0252
G1 X95.73 Y132.779 E.02522
G1 X96.062 Y132.047 E.0252
G1 X96.679 Y131.531 E.02522
G1 X97.458 Y131.334 E.02519
G1 X98.246 Y131.495 E.02522
G1 X98.886 Y131.981 E.0252
G1 X99.244 Y132.683 E.02471
G1 E-3.5
;WIPE_START
G1 F7200
G1 X99.252 Y132.741 E-.02781
G1 X99.27 Y133.501 E-.3611
G1 X98.938 Y134.233 E-.38179
G1 X98.321 Y134.749 E-.38206
G1 X97.832 Y134.88 E-.24047
G1 X97.611 Y134.919 E-.10677
;WIPE_END
G1 X93.494 Y147.106 F9000
G1 E5 F2400
;TYPE:Perimeter
;WIDTH:0.439999
G1 F6825
G1 X93.494 Y112.894 E1.12959
G1 X166.506 Y112.894 E2.41066
G1 X166.506 Y122.377 E.3131
G1 X166.506 Y147.106 E.81648
G1 X93.554 Y147.106 E2.40867
G1 X93.097 Y147.503 F9000
G1 F6825
G1 X93.097 Y112.497 E1.1558
G1 X166.903 Y112.497 E2.43687
G1 X166.903 Y122.377 E.32621
G1 X166.903 Y147.503 E.82959
G1 X93.157 Y147.503 E2.43489
G1 X92.71 Y147.89 F9000
;TYPE:External perimeter
;WIDTH:0.419999
G1 F3600
G1 X92.71 Y112.11 E1.12185
G1 X167.29 Y112.11 E2.3384
G1 X167.29 Y122.377 E.32191
G1 X167.29 Y147.89 E.79994
G1 X92.77 Y147.89 E2.33652
G1 E-3.5
;WIPE_START
G1 F7200
G1 X92.71 Y147.89 E-.0285
G1 X92.71 Y144.792 E-1.4715
;WIPE_END
G1 X96.771 Y146.8 F9000
G1 E5 F2400
;TYPE:Internal infill
;WIDTH:0.44
G1 F6825
G1 X94.388 Y146.8 E.07868
G1 X93.8 Y146.212 E.02746
G1 X93.8 Y143.738 E.08168
G1 X124.338 Y113.2 E1.42593
G1 X120.687 Y113.2 E.12055
G1 X154.287 Y146.8 E1.5689
G1 X150.637 Y146.8 E.12051
G1 X161.575 Y135.862 E.51073
G1 X161.235 Y135.751 E.01181
G1 X161.004 Y135.605 E.00902
G1 X160.258 Y134.98 E.03213
G1 X160.083 Y134.712 E.01057
G1 X159.675 Y133.799 E.03302
G1 X159.642 Y132.707 E.03607
G1 X159.764 Y132.229 E.01629
G1 X160.247 Y131.312 E.03422
G1 X160.793 Y130.843 E.02377
G1 X143.15 Y113.2 E.82381
G1 X146.8 Y113.2 E.12051
G1 X113.2 Y146.8 E1.5689
G1 X116.85 Y146.8 E.12051
G1 X93.8 Y123.75 E1.07629
G1 X93.8 Y121.276 E.08168
G1 X101.876 Y113.2 E.3771
G1 X98.225 Y113.2 E.12055
G1 X131.825 Y146.8 E1.5689
G1 X128.175 Y146.8 E.12051
G1 X161.775 Y113.2 E1.5689
G1 X158.124 Y113.2 E.12055
G1 X166.2 Y121.276 E.3771
G1 X166.2 Y123.75 E.08168
G1 X143.15 Y146.8 E1.07629
G1 X146.8 Y146.8 E.12051
G1 X113.2 Y113.2 E1.5689
G1 X116.85 Y113.2 E.12051
G1 X99.206 Y130.844 E.82386
G1 X99.636 Y131.189 E.0182
G1 X99.847 Y131.441 E.01085
G1 X100.262 Y132.287 E.03111
G1 X100.358 Y132.707 E.01422
G1 X100.325 Y133.801 E.03614
G1 X99.917 Y134.712 E.03296
G1 X99.742 Y134.98 E.01057
G1 X98.996 Y135.605 E.03213
G1 X98.765 Y135.751 E.00902
G1 X98.425 Y135.862 E.01181
G1 X109.363 Y146.8 E.51073
G1 X105.712 Y146.8 E.12055
G1 X139.313 Y113.2 E1.56893
G1 X135.662 Y113.2 E.12055
G1 X166.2 Y143.738 E1.42593
G1 X166.2 Y146.212 E.08168
G1 X165.612 Y146.8 E.02746
G1 X163.229 Y146.8 E.07868
G1 E-3.5 F3600
;WIPE_START
G1 F7200
G1 X165.612 Y146.8 E-1.13192
G1 X166.16 Y146.252 E-.36808
;WIPE_END
G1 X163.229 Y113.2 F9000
G1 E5 F2400
G1 F6825
G1 X165.612 Y113.2 E.07868
G1 X166.2 Y113.788 E.02746
G1 X166.2 Y116.262 E.08168
G1 X135.662 Y146.8 E1.42593
G1 X139.313 Y146.8 E.12055
G1 X105.713 Y113.2 E1.5689
G1 X109.363 Y113.2 E.12051
G1 X93.8 Y128.763 E.72669
G1 X93.8 Y131.237 E.08168
G1 X94.773 Y132.211 E.04546
G1 X94.64 Y132.767 E.01888
G1 X94.659 Y133.725 E.03164
G1 X94.764 Y134.049 E.01125
G1 X95.195 Y134.855 E.03018
G1 X93.8 Y136.25 E.06514
G1 X93.8 Y138.724 E.08168
G1 X101.876 Y146.8 E.3771
G1 X98.225 Y146.8 E.12055
G1 X131.825 Y113.2 E1.5689
G1 X128.175 Y113.2 E.12051
G1 X161.775 Y146.8 E1.5689
G1 X158.124 Y146.8 E.12055
G1 X166.2 Y138.724 E.3771
G1 X166.2 Y136.25 E.08168
G1 X164.805 Y134.855 E.06514
G1 X165.236 Y134.049 E.03018
G1 X165.341 Y133.725 E.01125
G1 X165.36 Y132.767 E.03164
G1 X165.227 Y132.211 E.01888
G1 X166.2 Y131.237 E.04546
G1 X166.2 Y128.763 E.08168
G1 X150.637 Y113.2 E.72669
G1 X154.288 Y113.2 E.12055
G1 X120.687 Y146.8 E1.56893
G1 X124.338 Y146.8 E.12055
G1 X93.8 Y116.262 E1.42593
G1 X93.8 Y113.788 E.08168
G1 X94.388 Y113.2 E.02746
G1 X96.771 Y113.2 E.07868
;LAYER_CHANGE
;Z:1.4
;HEIGHT:0.2
;BEFORE_LAYER_CHANGE
G92 E0
;1.4


G1 E-3.5 F3600
;WIPE_START
G1 F7200
G1 X94.388 Y113.2 E-1.13192
G1 X93.84 Y113.748 E-.36808
;WIPE_END
G1 Z1.4 F9000
;AFTER_LAYER_CHANGE
;1.4
G1 X159.972 Y132.565
G1 E5 F2400
;TYPE:Perimeter
;WIDTH:0.439999
G1 F3600
G1 X159.975 Y132.543 E.00073
G1 X160.355 Y131.707 E.03032
G1 X160.574 Y131.412 E.01213
G1 X161.19 Y130.918 E.02607
G1 X161.492 Y130.755 E.01133
G1 X162.284 Y130.57 E.02685
G1 X162.55 Y130.547 E.00882
G1 X163.42 Y130.73 E.02935
G1 X163.81 Y130.918 E.01429
G1 X164.375 Y131.368 E.02385
G1 X164.645 Y131.707 E.01431
G1 X164.958 Y132.357 E.02382
G1 X165.054 Y132.779 E.01429
G1 X165.054 Y133.501 E.02384
G1 X164.958 Y133.923 E.01429
G1 X164.645 Y134.573 E.02382
G1 X164.375 Y134.912 E.01431
G1 X163.81 Y135.362 E.02385
G1 X163.42 Y135.55 E.01429
G1 X162.716 Y135.71 E.02384
G1 X162.406 Y135.73 E.01026
G1 X161.58 Y135.55 E.02791
G1 X161.275 Y135.423 E.01091
G1 X160.625 Y134.912 E.0273
G1 X160.393 Y134.644 E.0117
G1 X160.042 Y133.923 E.02648
G1 X159.947 Y133.554 E.01258
G1 X159.946 Y132.779 E.02559
G1 X159.965 Y132.624 E.00516
G1 X160.359 Y132.652 F9000
G1 F3600
G1 X160.36 Y132.639 E.00043
G1 X160.713 Y131.879 E.02767
G1 X160.873 Y131.679 E.00846
G1 X161.437 Y131.229 E.02382
G1 X161.668 Y131.117 E.00848
G1 X162.372 Y130.957 E.02384
G1 X162.628 Y130.957 E.00845
G1 X163.332 Y131.117 E.02384
G1 X163.563 Y131.229 E.00848
G1 X164.127 Y131.679 E.02382
G1 X164.287 Y131.879 E.00846
G1 X164.6 Y132.529 E.02382
G1 X164.657 Y132.779 E.00847
G1 X164.657 Y133.501 E.02384
G1 X164.6 Y133.751 E.00847
G1 X164.287 Y134.401 E.02382
G1 X164.127 Y134.601 E.00846
G1 X163.563 Y135.051 E.02382
G1 X163.332 Y135.163 E.00848
G1 X162.628 Y135.323 E.02384
G1 X162.372 Y135.323 E.00845
G1 X161.668 Y135.163 E.02384
G1 X161.437 Y135.051 E.00848
G1 X160.873 Y134.601 E.02382
G1 X160.713 Y134.401 E.00846
G1 X160.4 Y133.751 E.02382
G1 X160.343 Y133.501 E.00847
G1 X160.343 Y132.779 E.02384
G1 X160.351 Y132.712 E.00223
G1 X160.736 Y132.738 F9000
;TYPE:External perimeter
;WIDTH:0.419999
G1 F3600
G1 X160.736 Y132.733 E.00016
G1 X161.062 Y132.047 E.02381
G1 X161.679 Y131.531 E.02522
G1 X162.458 Y131.334 E.02519
G1 X163.246 Y131.495 E.02522
G1 X163.886 Y131.981 E.0252
G1 X164.251 Y132.697 E.0252
G1 X164.27 Y133.501 E.02522
G1 X163.938 Y134.233 E.0252
G1 X163.321 Y134.749 E.02522
G1 X162.542 Y134.946 E.02519
G1 X161.754 Y134.785 E.02522
G1 X161.114 Y134.299 E.0252
G1 X160.749 Y133.583 E.0252
G1 X160.737 Y132.798 E.02462
G1 E-3.5
;WIPE_START
G1 F7200
G1 X160.736 Y132.738 E-.0285
G1 X160.736 Y132.733 E-.00237
G1 X161.062 Y132.047 E-.36077
G1 X161.679 Y131.531 E-.38206
G1 X162.458 Y131.334 E-.38167
G1 X163.169 Y131.479 E-.34463
;WIPE_END
G1 X100.012 Y132.567 F9000
G1 E5 F2400
;TYPE:Perimeter
;WIDTH:0.439999
G1 F3600
G1 X100.053 Y132.726 E.00542
G1 X100.054 Y133.501 E.02559
G1 X99.987 Y133.857 E.01196
G1 X99.645 Y134.573 E.0262
G1 X99.446 Y134.849 E.01123
G1 X98.81 Y135.362 E.02698
G1 X98.529 Y135.518 E.01061
G1 X98.006 Y135.644 E.01776
G1 X97.45 Y135.733 E.01859
G1 X96.58 Y135.55 E.02935
G1 X96.19 Y135.362 E.01429
G1 X95.625 Y134.912 E.02385
G1 X95.355 Y134.573 E.01431
G1 X95.042 Y133.923 E.02382
G1 X94.946 Y133.501 E.01429
G1 X94.946 Y132.779 E.02384
G1 X95.042 Y132.357 E.01429
G1 X95.355 Y131.707 E.02382
G1 X95.625 Y131.368 E.01431
G1 X96.19 Y130.918 E.02385
G1 X96.58 Y130.73 E.01429
G1 X97.284 Y130.57 E.02384
G1 X97.594 Y130.55 E.01026
G1 X98.42 Y130.73 E.02791
G1 X98.76 Y130.88 E.01227
G1 X99.375 Y131.368 E.02592
G1 X99.619 Y131.657 E.01249
G1 X99.958 Y132.357 E.02568
G1 X99.997 Y132.509 E.00518
G1 X99.628 Y132.654 F9000
G1 F3600
G1 X99.657 Y132.779 E.00424
G1 X99.657 Y133.501 E.02384
G1 X99.6 Y133.751 E.00847
G1 X99.287 Y134.401 E.02382
G1 X99.127 Y134.601 E.00846
G1 X98.563 Y135.051 E.02382
G1 X98.332 Y135.163 E.00848
G1 X97.628 Y135.323 E.02384
G1 X97.372 Y135.323 E.00845
G1 X96.668 Y135.163 E.02384
G1 X96.437 Y135.051 E.00848
G1 X95.873 Y134.601 E.02382
G1 X95.713 Y134.401 E.00846
G1 X95.4 Y133.751 E.02382
G1 X95.343 Y133.501 E.00847
G1 X95.343 Y132.779 E.02384
G1 X95.4 Y132.529 E.00847
G1 X95.713 Y131.879 E.02382
G1 X95.873 Y131.679 E.00846
G1 X96.437 Y131.229 E.02382
G1 X96.668 Y131.117 E.00848
G1 X97.372 Y130.957 E.02384
G1 X97.628 Y130.957 E.00845
G1 X98.332 Y131.117 E.02384
G1 X98.563 Y131.229 E.00848
G1 X99.127 Y131.679 E.02382
G1 X99.287 Y131.879 E.00846
G1 X99.6 Y132.529 E.02382
G1 X99.615 Y132.596 E.00227
G1 X99.252 Y132.741 F9000
;TYPE:External perimeter
;WIDTH:0.419999
G1 F3600
G1 X99.27 Y133.501 E.02384
G1 X98.938 Y134.233 E.0252
G1 X98.321 Y134.749 E.02522
G1 X97.832 Y134.88 E.01587
G1 X97.458 Y134.946 E.01191
G1 X96.754 Y134.785 E.02264
G1 X96.114 Y134.299 E.0252
G1 X95.749 Y133.583 E.0252
G1 X95.73 Y132.779 E.02522
G1 X96.062 Y132.047 E.0252
G1 X96.679 Y131.531 E.02522
G1 X97.458 Y131.334 E.02519
G1 X98.246 Y131.495 E.02522
G1 X98.886 Y131.981 E.0252
G1 X99.244 Y132.683 E.02471
G1 E-3.5
;WIPE_START
G1 F7200
G1 X99.252 Y132.741 E-.02781
G1 X99.27 Y133.501 E-.3611
G1 X98.938 Y134.233 E-.38179
G1 X98.321 Y134.749 E-.38206
G1 X97.832 Y134.88 E-.24047
G1 X97.611 Y134.919 E-.10677
;WIPE_END
G1 X93.494 Y147.106 F9000
G1 E5 F2400
;TYPE:Perimeter
;WIDTH:0.439999
G1 F6825
G1 X93.494 Y112.894 E1.12959
G1 X166.506 Y112.894 E2.41066
G1 X166.506 Y122.377 E.3131
G1 X166.506 Y147.106 E.81648
G1 X93.554 Y147.106 E2.40867
G1 X93.097 Y147.503 F9000
G1 F6825
G1 X93.097 Y112.497 E1.1558
G1 X166.903 Y112.497 E2.43687
G1 X166.903 Y122.377 E.32621
G1 X166.903 Y147.503 E.82959
G1 X93.157 Y147.503 E2.43489
G1 X92.71 Y147.89 F9000
;TYPE:External perimeter
;WIDTH:0.419999
G1 F3600
G1 X92.71 Y112.11 E1.12185
G1 X167.29 Y112.11 E2.3384
G1 X167.29 Y122.377 E.32191
G1 X167.29 Y147.89 E.79994
G1 X92.77 Y147.89 E2.33652
G1 E-3.5
;WIPE_START
G1 F7200
G1 X92.71 Y147.89 E-.0285
G1 X92.71 Y144.792 E-1.4715
;WIPE_END
G1 X96.771 Y146.8 F9000
G1 E5 F2400
;TYPE:Internal infill
;WIDTH:0.44
G1 F6825
G1 X94.388 Y146.8 E.07868
G1 X93.8 Y146.212 E.02746
G1 X93.8 Y143.738 E.08168
G1 X124.338 Y113.2 E1.42593
G1 X120.687 Y113.2 E.12055
G1 X154.287 Y146.8 E1.5689
G1 X150.637 Y146.8 E.12051
G1 X161.575 Y135.862 E.51073
G1 X161.235 Y135.751 E.01181
G1 X161.004 Y135.605 E.00902
G1 X160.258 Y134.98 E.03213
G1 X160.083 Y134.712 E.01057
G1 X159.675 Y133.799 E.03302
G1 X159.642 Y132.707 E.03607
G1 X159.764 Y132.229 E.01629
G1 X160.247 Y131.312 E.03422
G1 X160.793 Y130.843 E.02377
G1 X143.15 Y113.2 E.82381
G1 X146.8 Y113.2 E.12051
G1 X113.2 Y146.8 E1.5689
G1 X116.85 Y146.8 E.12051
G1 X93.8 Y123.75 E1.07629
G1 X93.8 Y121.276 E.08168
G1 X101.876 Y113.2 E.3771
G1 X98.225 Y113.2 E.12055
G1 X131.825 Y146.8 E1.5689
G1 X128.175 Y146.8 E.12051
G1 X161.775 Y113.2 E1.5689
G1 X158.124 Y113.2 E.12055
G1 X166.2 Y121.276 E.3771
G1 X166.2 Y123.75 E.08168
G1 X143.15 Y146.8 E1.07629
G1 X146.8 Y146.8 E.12051
G1 X113.2 Y113.2 E1.5689
G1 X116.85 Y113.2 E.12051
G1 X99.206 Y130.844 E.82386
G1 X99.636 Y131.189 E.0182
G1 X99.847 Y131.441 E.01085
G1 X100.262 Y132.287 E.03111
G1 X100.358 Y132.707 E.01422
G1 X100.325 Y133.801 E.03614
G1 X99.917 Y134.712 E.03296
G1 X99.742 Y134.98 E.01057
G1 X98.996 Y135.605 E.03213
G1 X98.765 Y135.751 E.00902
G1 X98.425 Y135.862 E.01181
G1 X109.363 Y146.8 E.51073
G1 X105.712 Y146.8 E.12055
G1 X139.313 Y113.2 E1.56893
G1 X135.662 Y113.2 E.12055
G1 X166.2 Y143.738 E1.42593
G1 X166.2 Y146.212 E.08168
G1 X165.612 Y146.8 E.02746
G1 X163.229 Y146.8 E.07868
G1 E-3.5 F3600
;WIPE_START
G1 F7200
G1 X165.612 Y146.8 E-1.13192
G1 X166.16 Y146.252 E-.36808
;WIPE_END
G1 X163.229 Y113.2 F9000
G1 E5 F2400
G1 F6825
G1 X165.612 Y113.2 E.07868
G1 X166.2 Y113.788 E.02746
G1 X166.2 Y116.262 E.08168
G1 X135.662 Y146.8 E1.42593
G1 X139.313 Y146.8 E.12055
G1 X105.713 Y113.2 E1.5689
G1 X109.363 Y113.2 E.12051
G1 X93.8 Y128.763 E.72669
G1 X93.8 Y131.237 E.08168
G1 X94.773 Y132.211 E.04546
G1 X94.64 Y132.767 E.01888
G1 X94.659 Y133.725 E.03164
G1 X94.764 Y134.049 E.01125
G1 X95.195 Y134.855 E.03018
G1 X93.8 Y136.25 E.06514
G1 X93.8 Y138.724 E.08168
G1 X101.876 Y146.8 E.3771
G1 X98.225 Y146.8 E.12055
G1 X131.825 Y113.2 E1.5689
G1 X128.175 Y113.2 E.12051
G1 X161.775 Y146.8 E1.5689
G1 X158.124 Y146.8 E.12055
G1 X166.2 Y138.724 E.3771
G1 X166.2 Y136.25 E.08168
G1 X164.805 Y134.855 E.06514
G1 X165.236 Y134.049 E.03018
G1 X165.341 Y133.725 E.01125
G1 X165.36 Y132.767 E.03164
G1 X165.227 Y132.211 E.01888
G1 X166.2 Y131.237 E.04546
G1 X166.2 Y128.763 E.08168
G1 X150.637 Y113.2 E.72669
G1 X154.288 Y113.2 E.12055
G1 X120.687 Y146.8 E1.56893
G1 X124.338 Y146.8 E.12055
G1 X93.8 Y116.262 E1.42593
G1 X93.8 Y113.788 E.08168
G1 X94.388 Y113.2 E.02746
G1 X96.771 Y113.2 E.07868
;LAYER_CHANGE
;Z:1.6
;HEIGHT:0.2
;BEFORE_LAYER_CHANGE
G92 E0
;1.6


G1 E-3.5 F3600
;WIPE_START
G1 F7200
G1 X94.388 Y113.2 E-1.13192
G1 X93.84 Y113.748 E-.36808
;WIPE_END
G1 Z1.6 F9000
;AFTER_LAYER_CHANGE
;1.6
G1 X159.988 Y132.567
G1 E5 F2400
;TYPE:Perimeter
;WIDTH:0.439999
G1 F3600
G1 X160.021 Y132.405 E.00546
G1 X160.355 Y131.707 E.02555
G1 X160.574 Y131.412 E.01213
G1 X161.19 Y130.918 E.02607
G1 X161.492 Y130.755 E.01133
G1 X162.284 Y130.57 E.02685
G1 X162.55 Y130.547 E.00882
G1 X163.42 Y130.73 E.02935
G1 X163.81 Y130.918 E.01429
G1 X164.375 Y131.368 E.02385
G1 X164.645 Y131.707 E.01431
G1 X164.958 Y132.357 E.02382
G1 X165.054 Y132.779 E.01429
G1 X165.054 Y133.501 E.02384
G1 X164.958 Y133.923 E.01429
G1 X164.645 Y134.573 E.02382
G1 X164.375 Y134.912 E.01431
G1 X163.81 Y135.362 E.02385
G1 X163.42 Y135.55 E.01429
G1 X162.716 Y135.71 E.02384
G1 X162.406 Y135.73 E.01026
G1 X161.58 Y135.55 E.02791
G1 X161.275 Y135.423 E.01091
G1 X160.625 Y134.912 E.0273
G1 X160.393 Y134.644 E.0117
G1 X160.042 Y133.923 E.02648
G1 X159.947 Y133.554 E.01258
G1 X159.946 Y132.779 E.02559
G1 X159.977 Y132.626 E.00515
G1 X160.372 Y132.654 F9000
G1 F3600
G1 X160.4 Y132.529 E.00423
G1 X160.713 Y131.879 E.02382
G1 X160.873 Y131.679 E.00846
G1 X161.437 Y131.229 E.02382
G1 X161.668 Y131.117 E.00848
G1 X162.372 Y130.957 E.02384
G1 X162.628 Y130.957 E.00845
G1 X163.332 Y131.117 E.02384
G1 X163.563 Y131.229 E.00848
G1 X164.127 Y131.679 E.02382
G1 X164.287 Y131.879 E.00846
G1 X164.6 Y132.529 E.02382
G1 X164.657 Y132.779 E.00847
G1 X164.657 Y133.501 E.02384
G1 X164.6 Y133.751 E.00847
G1 X164.287 Y134.401 E.02382
G1 X164.127 Y134.601 E.00846
G1 X163.563 Y135.051 E.02382
G1 X163.332 Y135.163 E.00848
G1 X162.628 Y135.323 E.02384
G1 X162.372 Y135.323 E.00845
G1 X161.668 Y135.163 E.02384
G1 X161.437 Y135.051 E.00848
G1 X160.873 Y134.601 E.02382
G1 X160.713 Y134.401 E.00846
G1 X160.4 Y133.751 E.02382
G1 X160.343 Y133.501 E.00847
G1 X160.343 Y132.779 E.02384
G1 X160.358 Y132.713 E.00223
G1 X160.748 Y132.739 F9000
;TYPE:External perimeter
;WIDTH:0.419999
G1 F3600
G1 X161.062 Y132.047 E.02383
G1 X161.679 Y131.531 E.02522
G1 X162.458 Y131.334 E.02519
G1 X163.246 Y131.495 E.02522
G1 X163.886 Y131.981 E.0252
G1 X164.251 Y132.697 E.0252
G1 X164.27 Y133.501 E.02522
G1 X163.938 Y134.233 E.0252
G1 X163.321 Y134.749 E.02522
G1 X162.542 Y134.946 E.02519
G1 X161.754 Y134.785 E.02522
G1 X161.114 Y134.299 E.0252
G1 X160.749 Y133.583 E.0252
G1 X160.73 Y132.795 E.02471
G1 E-3.5
;WIPE_START
G1 F7200
G1 X160.748 Y132.739 E-.02794
G1 X161.062 Y132.047 E-.36096
G1 X161.679 Y131.531 E-.38206
G1 X162.458 Y131.334 E-.38167
G1 X163.174 Y131.48 E-.34737
;WIPE_END
G1 X100.012 Y132.567 F9000
G1 E5 F2400
;TYPE:Perimeter
;WIDTH:0.439999
G1 F3600
G1 X100.053 Y132.726 E.00542
G1 X100.054 Y133.501 E.02559
G1 X99.987 Y133.857 E.01196
G1 X99.645 Y134.573 E.0262
G1 X99.446 Y134.849 E.01123
G1 X98.81 Y135.362 E.02698
G1 X98.529 Y135.518 E.01061
G1 X98.006 Y135.644 E.01776
G1 X97.45 Y135.733 E.01859
G1 X96.58 Y135.55 E.02935
G1 X96.19 Y135.362 E.01429
G1 X95.625 Y134.912 E.02385
G1 X95.355 Y134.573 E.01431
G1 X95.042 Y133.923 E.02382
G1 X94.946 Y133.501 E.01429
G1 X94.946 Y132.779 E.02384
G1 X95.042 Y132.357 E.01429
G1 X95.355 Y131.707 E.02382
G1 X95.625 Y131.368 E.01431
G1 X96.19 Y130.918 E.02385
G1 X96.58 Y130.73 E.01429
G1 X97.284 Y130.57 E.02384
G1 X97.594 Y130.55 E.01026
G1 X98.42 Y130.73 E.02791
G1 X98.76 Y130.88 E.01227
G1 X99.375 Y131.368 E.02592
G1 X99.619 Y131.657 E.01249
G1 X99.958 Y132.357 E.02568
G1 X99.997 Y132.509 E.00518
G1 X99.628 Y132.654 F9000
G1 F3600
G1 X99.657 Y132.779 E.00424
G1 X99.657 Y133.501 E.02384
G1 X99.6 Y133.751 E.00847
G1 X99.287 Y134.401 E.02382
G1 X99.127 Y134.601 E.00846
G1 X98.563 Y135.051 E.02382
G1 X98.332 Y135.163 E.00848
G1 X97.628 Y135.323 E.02384
G1 X97.372 Y135.323 E.00845
G1 X96.668 Y135.163 E.02384
G1 X96.437 Y135.051 E.00848
G1 X95.873 Y134.601 E.02382
G1 X95.713 Y134.401 E.00846
G1 X95.4 Y133.751 E.02382
G1 X95.343 Y133.501 E.00847
G1 X95.343 Y132.779 E.02384
G1 X95.4 Y132.529 E.00847
G1 X95.713 Y131.879 E.02382
G1 X95.873 Y131.679 E.00846
G1 X96.437 Y131.229 E.02382
G1 X96.668 Y131.117 E.00848
G1 X97.372 Y130.957 E.02384
G1 X97.628 Y130.957 E.00845
G1 X98.332 Y131.117 E.02384
G1 X98.563 Y131.229 E.00848
G1 X99.127 Y131.679 E.02382
G1 X99.287 Y131.879 E.00846
G1 X99.6 Y132.529 E.02382
G1 X99.615 Y132.596 E.00227
G1 X99.252 Y132.741 F9000
;TYPE:External perimeter
;WIDTH:0.419999
G1 F3600
G1 X99.27 Y133.501 E.02384
G1 X98.938 Y134.233 E.0252
G1 X98.321 Y134.749 E.02522
G1 X97.832 Y134.88 E.01587
G1 X97.458 Y134.946 E.01191
G1 X96.754 Y134.785 E.02264
G1 X96.114 Y134.299 E.0252
G1 X95.749 Y133.583 E.0252
G1 X95.73 Y132.779 E.02522
G1 X96.062 Y132.047 E.0252
G1 X96.679 Y131.531 E.02522
G1 X97.458 Y131.334 E.02519
G1 X98.246 Y131.495 E.02522
G1 X98.886 Y131.981 E.0252
G1 X99.244 Y132.683 E.02471
G1 E-3.5
;WIPE_START
G1 F7200
G1 X99.252 Y132.741 E-.02781
G1 X99.27 Y133.501 E-.3611
G1 X98.938 Y134.233 E-.38179
G1 X98.321 Y134.749 E-.38206
G1 X97.832 Y134.88 E-.24047
G1 X97.611 Y134.919 E-.10677
;WIPE_END
G1 X93.494 Y147.106 F9000
G1 E5 F2400
;TYPE:Perimeter
;WIDTH:0.439999
G1 F6825
G1 X93.494 Y112.894 E1.12959
G1 X166.506 Y112.894 E2.41066
G1 X166.506 Y122.377 E.3131
G1 X166.506 Y147.106 E.81648
G1 X93.554 Y147.106 E2.40867
G1 X93.097 Y147.503 F9000
G1 F6825
G1 X93.097 Y112.497 E1.1558
G1 X166.903 Y112.497 E2.43687
G1 X166.903 Y122.377 E.32621
G1 X166.903 Y147.503 E.82959
G1 X93.157 Y147.503 E2.43489
G1 X92.71 Y147.89 F9000
;TYPE:External perimeter
;WIDTH:0.419999
G1 F3600
G1 X92.71 Y112.11 E1.12185
G1 X167.29 Y112.11 E2.3384
G1 X167.29 Y122.377 E.32191
G1 X167.29 Y147.89 E.79994
G1 X92.77 Y147.89 E2.33652
G1 E-3.5
;WIPE_START
G1 F7200
G1 X92.71 Y147.89 E-.0285
G1 X92.71 Y144.792 E-1.4715
;WIPE_END
G1 X96.771 Y146.8 F9000
G1 E5 F2400
;TYPE:Internal infill
;WIDTH:0.44
G1 F6825
G1 X94.388 Y146.8 E.07868
G1 X93.8 Y146.212 E.02746
G1 X93.8 Y143.738 E.08168
G1 X124.338 Y113.2 E1.42593
G1 X120.687 Y113.2 E.12055
G1 X154.287 Y146.8 E1.5689
G1 X150.637 Y146.8 E.12051
G1 X161.575 Y135.862 E.51073
G1 X161.235 Y135.751 E.01181
G1 X161.004 Y135.605 E.00902
G1 X160.258 Y134.98 E.03213
G1 X160.083 Y134.712 E.01057
G1 X159.675 Y133.799 E.03302
G1 X159.642 Y132.707 E.03607
G1 X159.764 Y132.229 E.01629
G1 X160.247 Y131.312 E.03422
G1 X160.793 Y130.843 E.02377
G1 X143.15 Y113.2 E.82381
G1 X146.8 Y113.2 E.12051
G1 X113.2 Y146.8 E1.5689
G1 X116.85 Y146.8 E.12051
G1 X93.8 Y123.75 E1.07629
G1 X93.8 Y121.276 E.08168
G1 X101.876 Y113.2 E.3771
G1 X98.225 Y113.2 E.12055
G1 X131.825 Y146.8 E1.5689
G1 X128.175 Y146.8 E.12051
G1 X161.775 Y113.2 E1.5689
G1 X158.124 Y113.2 E.12055
G1 X166.2 Y121.276 E.3771
G1 X166.2 Y123.75 E.08168
G1 X143.15 Y146.8 E1.07629
G1 X146.8 Y146.8 E.12051
G1 X113.2 Y113.2 E1.5689
G1 X116.85 Y113.2 E.12051
G1 X99.206 Y130.844 E.82386
G1 X99.636 Y131.189 E.0182
G1 X99.847 Y131.441 E.01085
G1 X100.262 Y132.287 E.03111
G1 X100.358 Y132.707 E.01422
G1 X100.325 Y133.801 E.03614
G1 X99.917 Y134.712 E.03296
G1 X99.742 Y134.98 E.01057
G1 X98.996 Y135.605 E.03213
G1 X98.765 Y135.751 E.00902
G1 X98.425 Y135.862 E.01181
G1 X109.363 Y146.8 E.51073
G1 X105.712 Y146.8 E.12055
G1 X139.313 Y113.2 E1.56893
G1 X135.662 Y113.2 E.12055
G1 X166.2 Y143.738 E1.42593
G1 X166.2 Y146.212 E.08168
G1 X165.612 Y146.8 E.02746
G1 X163.229 Y146.8 E.07868
G1 E-3.5 F3600
;WIPE_START
G1 F7200
G1 X165.612 Y146.8 E-1.13192
G1 X166.16 Y146.252 E-.36808
;WIPE_END
G1 X163.229 Y113.2 F9000
G1 E5 F2400
G1 F6825
G1 X165.612 Y113.2 E.07868
G1 X166.2 Y113.788 E.02746
G1 X166.2 Y116.262 E.08168
G1 X135.662 Y146.8 E1.42593
G1 X139.313 Y146.8 E.12055
G1 X105.713 Y113.2 E1.5689
G1 X109.363 Y113.2 E.12051
G1 X93.8 Y128.763 E.72669
G1 X93.8 Y131.237 E.08168
G1 X94.773 Y132.211 E.04546
G1 X94.64 Y132.767 E.01888
G1 X94.659 Y133.725 E.03164
G1 X94.764 Y134.049 E.01125
G1 X95.195 Y134.855 E.03018
G1 X93.8 Y136.25 E.06514
G1 X93.8 Y138.724 E.08168
G1 X101.876 Y146.8 E.3771
G1 X98.225 Y146.8 E.12055
G1 X131.825 Y113.2 E1.5689
G1 X128.175 Y113.2 E.12051
G1 X161.775 Y146.8 E1.5689
G1 X158.124 Y146.8 E.12055
G1 X166.2 Y138.724 E.3771
G1 X166.2 Y136.25 E.08168
G1 X164.805 Y134.855 E.06514
G1 X165.236 Y134.049 E.03018
G1 X165.341 Y133.725 E.01125
G1 X165.36 Y132.767 E.03164
G1 X165.227 Y132.211 E.01888
G1 X166.2 Y131.237 E.04546
G1 X166.2 Y128.763 E.08168
G1 X150.637 Y113.2 E.72669
G1 X154.288 Y113.2 E.12055
G1 X120.687 Y146.8 E1.56893
G1 X124.338 Y146.8 E.12055
G1 X93.8 Y116.262 E1.42593
G1 X93.8 Y113.788 E.08168
G1 X94.388 Y113.2 E.02746
G1 X96.771 Y113.2 E.07868
;LAYER_CHANGE
;Z:1.8
;HEIGHT:0.2
;BEFORE_LAYER_CHANGE
G92 E0
;1.8


G1 E-3.5 F3600
;WIPE_START
G1 F7200
G1 X94.388 Y113.2 E-1.13192
G1 X93.84 Y113.748 E-.36808
;WIPE_END
G1 Z1.8 F9000
;AFTER_LAYER_CHANGE
;1.8
G1 X159.972 Y132.565
G1 E5 F2400
;TYPE:Perimeter
;WIDTH:0.439999
G1 F3600
G1 X159.975 Y132.543 E.00073
G1 X160.355 Y131.707 E.03032
G1 X160.574 Y131.412 E.01213
G1 X161.19 Y130.918 E.02607
G1 X161.492 Y130.755 E.01133
G1 X162.284 Y130.57 E.02685
G1 X162.55 Y130.547 E.00882
G1 X163.42 Y130.73 E.02935
G1 X163.81 Y130.918 E.01429
G1 X164.375 Y131.368 E.02385
G1 X164.645 Y131.707 E.01431
G1 X164.958 Y132.357 E.02382
G1 X165.054 Y132.779 E.01429
G1 X165.054 Y133.501 E.02384
G1 X164.958 Y133.923 E.01429
G1 X164.645 Y134.573 E.02382
G1 X164.375 Y134.912 E.01431
G1 X163.81 Y135.362 E.02385
G1 X163.42 Y135.55 E.01429
G1 X162.716 Y135.71 E.02384
G1 X162.406 Y135.73 E.01026
G1 X161.58 Y135.55 E.02791
G1 X161.275 Y135.423 E.01091
G1 X160.625 Y134.912 E.0273
G1 X160.393 Y134.644 E.0117
G1 X160.042 Y133.923 E.02648
G1 X159.947 Y133.554 E.01258
G1 X159.946 Y132.779 E.02559
G1 X159.965 Y132.624 E.00516
G1 X160.359 Y132.652 F9000
G1 F3600
G1 X160.36 Y132.639 E.00043
G1 X160.713 Y131.879 E.02767
G1 X160.873 Y131.679 E.00846
G1 X161.437 Y131.229 E.02382
G1 X161.668 Y131.117 E.00848
G1 X162.372 Y130.957 E.02384
G1 X162.628 Y130.957 E.00845
G1 X163.332 Y131.117 E.02384
G1 X163.563 Y131.229 E.00848
G1 X164.127 Y131.679 E.02382
G1 X164.287 Y131.879 E.00846
G1 X164.6 Y132.529 E.02382
G1 X164.657 Y132.779 E.00847
G1 X164.657 Y133.501 E.02384
G1 X164.6 Y133.751 E.00847
G1 X164.287 Y134.401 E.02382
G1 X164.127 Y134.601 E.00846
G1 X163.563 Y135.051 E.02382
G1 X163.332 Y135.163 E.00848
G1 X162.628 Y135.323 E.02384
G1 X162.372 Y135.323 E.00845
G1 X161.668 Y135.163 E.02384
G1 X161.437 Y135.051 E.00848
G1 X160.873 Y134.601 E.02382
G1 X160.713 Y134.401 E.00846
G1 X160.4 Y133.751 E.02382
G1 X160.343 Y133.501 E.00847
G1 X160.343 Y132.779 E.02384
G1 X160.351 Y132.712 E.00223
G1 X160.736 Y132.738 F9000
;TYPE:External perimeter
;WIDTH:0.419999
G1 F3600
G1 X160.736 Y132.733 E.00016
G1 X161.062 Y132.047 E.02381
G1 X161.679 Y131.531 E.02522
G1 X162.458 Y131.334 E.02519
G1 X163.246 Y131.495 E.02522
G1 X163.886 Y131.981 E.0252
G1 X164.251 Y132.697 E.0252
G1 X164.27 Y133.501 E.02522
G1 X163.938 Y134.233 E.0252
G1 X163.321 Y134.749 E.02522
G1 X162.542 Y134.946 E.02519
G1 X161.754 Y134.785 E.02522
G1 X161.114 Y134.299 E.0252
G1 X160.749 Y133.583 E.0252
G1 X160.737 Y132.798 E.02462
G1 E-3.5
;WIPE_START
G1 F7200
G1 X160.736 Y132.738 E-.0285
G1 X160.736 Y132.733 E-.00237
G1 X161.062 Y132.047 E-.36077
G1 X161.679 Y131.531 E-.38206
G1 X162.458 Y131.334 E-.38167
G1 X163.169 Y131.479 E-.34463
;WIPE_END
G1 X100.012 Y132.567 F9000
G1 E5 F2400
;TYPE:Perimeter
;WIDTH:0.439999
G1 F3600
G1 X100.053 Y132.726 E.00542
G1 X100.054 Y133.501 E.02559
G1 X99.987 Y133.857 E.01196
G1 X99.645 Y134.573 E.0262
G1 X99.446 Y134.849 E.01123
G1 X98.81 Y135.362 E.02698
G1 X98.529 Y135.518 E.01061
G1 X98.006 Y135.644 E.01776
G1 X97.45 Y135.733 E.01859
G1 X96.58 Y135.55 E.02935
G1 X96.19 Y135.362 E.01429
G1 X95.625 Y134.912 E.02385
G1 X95.355 Y134.573 E.01431
G1 X95.042 Y133.923 E.02382
G1 X94.946 Y133.501 E.01429
G1 X94.946 Y132.779 E.02384
G1 X95.042 Y132.357 E.01429
G1 X95.355 Y131.707 E.02382
G1 X95.625 Y131.368 E.01431
G1 X96.19 Y130.918 E.02385
G1 X96.58 Y130.73 E.01429
G1 X97.284 Y130.57 E.02384
G1 X97.594 Y130.55 E.01026
G1 X98.42 Y130.73 E.02791
G1 X98.76 Y130.88 E.01227
G1 X99.375 Y131.368 E.02592
G1 X99.619 Y131.657 E.01249
G1 X99.958 Y132.357 E.02568
G1 X99.997 Y132.509 E.00518
G1 X99.628 Y132.654 F9000
G1 F3600
G1 X99.657 Y132.779 E.00424
G1 X99.657 Y133.501 E.02384
G1 X99.6 Y133.751 E.00847
G1 X99.287 Y134.401 E.02382
G1 X99.127 Y134.601 E.00846
G1 X98.563 Y135.051 E.02382
G1 X98.332 Y135.163 E.00848
G1 X97.628 Y135.323 E.02384
G1 X97.372 Y135.323 E.00845
G1 X96.668 Y135.163 E.02384
G1 X96.437 Y135.051 E.00848
G1 X95.873 Y134.601 E.02382
G1 X95.713 Y134.401 E.00846
G1 X95.4 Y133.751 E.02382
G1 X95.343 Y133.501 E.00847
G1 X95.343 Y132.779 E.02384
G1 X95.4 Y132.529 E.00847
G1 X95.713 Y131.879 E.02382
G1 X95.873 Y131.679 E.00846
G1 X96.437 Y131.229 E.02382
G1 X96.668 Y131.117 E.00848
G1 X97.372 Y130.957 E.02384
G1 X97.628 Y130.957 E.00845
G1 X98.332 Y131.117 E.02384
G1 X98.563 Y131.229 E.00848
G1 X99.127 Y131.679 E.02382
G1 X99.287 Y131.879 E.00846
G1 X99.6 Y132.529 E.02382
G1 X99.615 Y132.596 E.00227
G1 X99.252 Y132.741 F9000
;TYPE:External perimeter
;WIDTH:0.419999
G1 F3600
G1 X99.27 Y133.501 E.02384
G1 X98.938 Y134.233 E.0252
G1 X98.321 Y134.749 E.02522
G1 X97.832 Y134.88 E.01587
G1 X97.458 Y134.946 E.01191
G1 X96.754 Y134.785 E.02264
G1 X96.114 Y134.299 E.0252
G1 X95.749 Y133.583 E.0252
G1 X95.73 Y132.779 E.02522
G1 X96.062 Y132.047 E.0252
G1 X96.679 Y131.531 E.02522
G1 X97.458 Y131.334 E.02519
G1 X98.246 Y131.495 E.02522
G1 X98.886 Y131.981 E.0252
G1 X99.244 Y132.683 E.02471
G1 E-3.5
;WIPE_START
G1 F7200
G1 X99.252 Y132.741 E-.02781
G1 X99.27 Y133.501 E-.3611
G1 X98.938 Y134.233 E-.38179
G1 X98.321 Y134.749 E-.38206
G1 X97.832 Y134.88 E-.24047
G1 X97.611 Y134.919 E-.10677
;WIPE_END
G1 X93.494 Y147.106 F9000
G1 E5 F2400
;TYPE:Perimeter
;WIDTH:0.439999
G1 F7200
G1 X93.494 Y112.894 E1.12959
G1 X166.506 Y112.894 E2.41066
G1 X166.506 Y122.377 E.3131
G1 X166.506 Y147.106 E.81648
G1 X93.554 Y147.106 E2.40867
G1 X93.097 Y147.503 F9000
G1 F7200
G1 X93.097 Y112.497 E1.1558
G1 X166.903 Y112.497 E2.43687
G1 X166.903 Y122.377 E.32621
G1 X166.903 Y147.503 E.82959
G1 X93.157 Y147.503 E2.43489
G1 X92.71 Y147.89 F9000
;TYPE:External perimeter
;WIDTH:0.419999
G1 F3600
G1 X92.71 Y112.11 E1.12185
G1 X167.29 Y112.11 E2.3384
G1 X167.29 Y122.377 E.32191
G1 X167.29 Y147.89 E.79994
G1 X92.77 Y147.89 E2.33652
G1 X93.8 Y146.602 F9000
;TYPE:Solid infill
;WIDTH:0.440028
G1 F7200
G1 X93.8 Y113.398 E1.09638
;WIDTH:0.474095
G1 X93.817 Y113.316 E.003
;WIDTH:0.508162
G1 X93.834 Y113.234 E.00324
G1 X93.916 Y113.217 E.00324
;WIDTH:0.474095
G1 X93.998 Y113.2 E.003
;WIDTH:0.440028
G1 X166.002 Y113.2 E2.37755
;WIDTH:0.474096
G1 X166.084 Y113.217 E.003
;WIDTH:0.508164
G1 X166.166 Y113.234 E.00324
G1 X166.182 Y113.299 E.00259
;WIDTH:0.475602
G1 X166.199 Y113.364 E.00242
;WIDTH:0.44304
G1 X166.2 Y113.398 E.00113
;WIDTH:0.44003
G1 X166.2 Y146.602 E1.09639
;WIDTH:0.474095
G1 X166.183 Y146.684 E.003
;WIDTH:0.508162
G1 X166.166 Y146.766 E.00324
G1 X166.084 Y146.783 E.00324
;WIDTH:0.474095
G1 X166.002 Y146.8 E.003
;WIDTH:0.440028
G1 X93.998 Y146.8 E2.37755
;WIDTH:0.467898
G1 X93.931 Y146.786 E.00242
;WIDTH:0.495768
G1 X93.864 Y146.772 E.00258
G1 X94.197 Y145.723 F9000
;TYPE:Internal infill
;WIDTH:0.44
G1 F7200
G1 X94.197 Y143.341 E.07865
G1 X123.941 Y113.597 E1.38885
G1 X121.084 Y113.597 E.09433
G1 X153.89 Y146.403 E1.53183
G1 X151.034 Y146.403 E.0943
G1 X161.257 Y136.18 E.47735
G1 X160.773 Y135.929 E.018
G1 X159.949 Y135.235 E.03557
G1 X159.358 Y134.115 E.04181
G1 X159.245 Y133.602 E.01734
G1 X159.245 Y132.678 E.03051
G1 X159.398 Y132.075 E.02054
G1 X159.937 Y131.06 E.03794
G1 X160.51 Y130.561 E.02509
G1 X143.547 Y113.597 E.79209
G1 X146.403 Y113.597 E.0943
G1 X113.597 Y146.403 E1.53183
G1 X116.453 Y146.403 E.0943
G1 X94.197 Y124.147 E1.03921
G1 X94.197 Y120.879 E.1079
G1 X101.479 Y113.597 E.34002
G1 X98.622 Y113.597 E.09433
G1 X131.428 Y146.403 E1.53183
G1 X128.572 Y146.403 E.0943
G1 X161.378 Y113.597 E1.53183
G1 X158.521 Y113.597 E.09433
G1 X165.803 Y120.879 E.34002
G1 X165.803 Y124.147 E.1079
G1 X143.547 Y146.403 E1.03921
G1 X146.403 Y146.403 E.0943
G1 X113.597 Y113.597 E1.53183
G1 X116.453 Y113.597 E.0943
G1 X99.489 Y130.562 E.79213
G1 X99.915 Y130.904 E.01804
G1 X100.182 Y131.223 E.01373
G1 X100.63 Y132.137 E.03361
G1 X100.755 Y132.678 E.01833
G1 X100.755 Y133.602 E.03051
G1 X100.603 Y134.204 E.0205
G1 X100.051 Y135.235 E.03861
G1 X99.227 Y135.929 E.03557
G1 X98.743 Y136.18 E.018
G1 X108.966 Y146.403 E.47735
G1 X106.11 Y146.403 E.0943
G1 X138.916 Y113.597 E1.53183
G1 X136.059 Y113.597 E.09433
G1 X165.803 Y143.341 E1.38885
G1 X165.803 Y145.723 E.07865
G1 E-3.5 F3600
;WIPE_START
G1 F7200
G1 X165.803 Y143.341 E-1.13145
G1 X165.254 Y142.792 E-.36855
;WIPE_END
G1 X159.642 Y133.558 F9000
G1 E5 F2400
;TYPE:Solid infill
;WIDTH:0.440584
G1 F7200
G1 X159.642 Y132.707 E.02814
G1 X159.781 Y132.219 E.01678
;WIDTH:0.440808
G1 X160.226 Y131.346 E.03242
G1 X160.448 Y131.132 E.0102
;WIDTH:0.440606
G1 X161.182 Y130.561 E.03075
G1 X161.519 Y130.431 E.01194
;WIDTH:0.440028
G1 X162.356 Y130.249 E.02828
G1 X162.793 Y130.274 E.01445
;WIDTH:0.440644
G1 X163.705 Y130.506 E.03112
G1 X164.005 Y130.683 E.01152
;WIDTH:0.44128
G1 X164.589 Y131.154 E.02485
;WIDTH:0.440028
G1 X164.924 Y131.583 E.01797
G1 X165.243 Y132.257 E.02462
G1 X165.36 Y132.793 E.01812
;WIDTH:0.440494
G1 X165.344 Y133.689 E.02963
G1 X165.23 Y134.061 E.01286
;WIDTH:0.440028
G1 X164.901 Y134.734 E.02474
;WIDTH:0.440136
G1 X164.552 Y135.161 E.01821
;WIDTH:0.440786
G1 X163.775 Y135.741 E.03208
G1 X163.478 Y135.839 E.01035
;WIDTH:0.440494
G1 X162.599 Y136.034 E.02976
G1 X162.204 Y136.006 E.01309
;WIDTH:0.440744
G1 X161.272 Y135.763 E.03186
G1 X160.999 Y135.586 E.01076
;WIDTH:0.44057
G1 X160.285 Y135.006 E.03042
G1 X160.077 Y134.7 E.01223
;WIDTH:0.440028
G1 X159.735 Y133.981 E.02629
G1 X159.684 Y133.752 E.00775
G1 E-3.5 F3600
;WIPE_START
G1 F7200
G1 X159.735 Y133.981 E-.11144
G1 X160.077 Y134.7 E-.37819
G1 X160.285 Y135.006 E-.17575
G1 X160.999 Y135.586 E-.43695
G1 X161.272 Y135.763 E-.15455
G1 X161.767 Y135.892 E-.24312
;WIPE_END
G1 X165.803 Y114.277 F9000
G1 E5 F2400
;TYPE:Internal infill
;WIDTH:0.44
G1 F7200
G1 X165.803 Y116.659 E.07865
G1 X136.059 Y146.403 E1.38885
G1 X138.916 Y146.403 E.09433
G1 X106.11 Y113.597 E1.53183
G1 X108.966 Y113.597 E.0943
G1 X94.197 Y128.366 E.68962
G1 X94.197 Y131.634 E.1079
G1 X94.476 Y131.913 E.01303
G1 X94.243 Y132.722 E.0278
G1 X94.268 Y133.804 E.03573
G1 X94.394 Y134.197 E.01363
G1 X94.747 Y134.929 E.02683
G1 X94.913 Y135.138 E.00881
G1 X94.197 Y135.853 E.03341
G1 X94.197 Y139.121 E.1079
G1 X101.479 Y146.403 E.34002
G1 X98.622 Y146.403 E.09433
G1 X131.428 Y113.597 E1.53183
G1 X128.572 Y113.597 E.0943
G1 X161.378 Y146.403 E1.53183
G1 X158.521 Y146.403 E.09433
G1 X165.803 Y139.121 E.34002
G1 X165.803 Y135.853 E.1079
G1 X165.087 Y135.138 E.03341
G1 X165.253 Y134.929 E.00881
G1 X165.606 Y134.197 E.02683
G1 X165.732 Y133.804 E.01363
G1 X165.757 Y132.722 E.03573
G1 X165.524 Y131.913 E.0278
G1 X165.803 Y131.634 E.01303
G1 X165.803 Y128.366 E.1079
G1 X151.034 Y113.597 E.68962
G1 X153.89 Y113.597 E.0943
G1 X121.084 Y146.403 E1.53183
G1 X123.941 Y146.403 E.09433
G1 X94.197 Y116.659 E1.38885
G1 X94.197 Y114.277 E.07865
G1 E-3.5 F3600
;WIPE_START
G1 F7200
G1 X94.197 Y116.659 E-1.13145
G1 X94.746 Y117.208 E-.36855
;WIPE_END
G1 X94.648 Y133.497 F9000
G1 E5 F2400
;TYPE:Solid infill
;WIDTH:0.44003
G1 F7200
G1 X94.645 Y132.745 E.02483
G1 X94.771 Y132.215 E.01799
G1 X95.099 Y131.546 E.0246
;WIDTH:0.440134
G1 X95.448 Y131.119 E.01821
;WIDTH:0.440788
G1 X96.225 Y130.539 E.03208
G1 X96.519 Y130.442 E.01024
;WIDTH:0.439438
G1 X97.212 Y130.273 E.02352
;WIDTH:0.440028
G1 X97.644 Y130.249 E.01429
G1 X98.481 Y130.431 E.02828
G1 X98.765 Y130.532 E.00995
G1 X98.998 Y130.691 E.00931
;WIDTH:0.440754
G1 X99.637 Y131.192 E.02686
G1 X99.857 Y131.462 E.01152
;WIDTH:0.440032
G1 X100.256 Y132.275 E.0299
G1 X100.358 Y132.722 E.01514
;WIDTH:0.440556
G1 X100.358 Y133.573 E.02814
G1 X100.221 Y134.055 E.01657
;WIDTH:0.43918
G1 X99.922 Y134.701 E.02345
;WIDTH:0.440028
G1 X99.755 Y134.961 E.0102
G1 X99.552 Y135.15 E.00916
;WIDTH:0.440688
G1 X98.798 Y135.73 E.03146
G1 X98.481 Y135.849 E.0112
;WIDTH:0.44003
G1 X97.644 Y136.031 E.02828
G1 X97.207 Y136.006 E.01445
;WIDTH:0.440646
G1 X96.295 Y135.774 E.03112
G1 X95.995 Y135.597 E.01152
;WIDTH:0.44003
G1 X95.411 Y135.126 E.02477
G1 X95.076 Y134.697 E.01797
G1 X94.77 Y134.061 E.0233
G1 X94.662 Y133.695 E.0126
;LAYER_CHANGE
;Z:2
;HEIGHT:0.2
;BEFORE_LAYER_CHANGE
G92 E0
;2


G1 E-3.5 F3600
;WIPE_START
G1 F7200
G1 X94.77 Y134.061 E-.18126
G1 X95.076 Y134.697 E-.33525
G1 X95.411 Y135.126 E-.25854
G1 X95.995 Y135.597 E-.35638
G1 X96.295 Y135.774 E-.16545
G1 X96.709 Y135.88 E-.20312
;WIPE_END
G1 Z2 F9000
;AFTER_LAYER_CHANGE
;2
G1 X159.988 Y133.713
G1 E5 F2400
;TYPE:Perimeter
;WIDTH:0.439999
G1 F3600
G1 X159.947 Y133.554 E.00542
G1 X159.946 Y132.779 E.02559
G1 X159.975 Y132.543 E.00785
G1 X160.355 Y131.707 E.03032
G1 X160.574 Y131.412 E.01213
G1 X161.19 Y130.918 E.02607
G1 X161.492 Y130.755 E.01133
G1 X162.284 Y130.57 E.02685
G1 X162.55 Y130.547 E.00882
G1 X163.42 Y130.73 E.02935
G1 X163.81 Y130.918 E.01429
G1 X164.375 Y131.368 E.02385
G1 X164.645 Y131.707 E.01431
G1 X164.958 Y132.357 E.02382
G1 X165.054 Y132.779 E.01429
G1 X165.054 Y133.501 E.02384
G1 X164.958 Y133.923 E.01429
G1 X164.645 Y134.573 E.02382
G1 X164.375 Y134.912 E.01431
G1 X163.81 Y135.362 E.02385
G1 X163.42 Y135.55 E.01429
G1 X162.716 Y135.71 E.02384
G1 X162.406 Y135.73 E.01026
G1 X161.58 Y135.55 E.02791
G1 X161.275 Y135.423 E.01091
G1 X160.625 Y134.912 E.0273
G1 X160.393 Y134.644 E.0117
G1 X160.042 Y133.923 E.02648
G1 X160.003 Y133.771 E.00518
G1 X160.372 Y133.626 F9000
G1 F3600
G1 X160.343 Y133.501 E.00424
G1 X160.343 Y132.779 E.02384
G1 X160.36 Y132.639 E.00466
G1 X160.713 Y131.879 E.02767
G1 X160.873 Y131.679 E.00846
G1 X161.437 Y131.229 E.02382
G1 X161.668 Y131.117 E.00848
G1 X162.372 Y130.957 E.02384
G1 X162.628 Y130.957 E.00845
G1 X163.332 Y131.117 E.02384
G1 X163.563 Y131.229 E.00848
G1 X164.127 Y131.679 E.02382
G1 X164.287 Y131.879 E.00846
G1 X164.6 Y132.529 E.02382
G1 X164.657 Y132.779 E.00847
G1 X164.657 Y133.501 E.02384
G1 X164.6 Y133.751 E.00847
G1 X164.287 Y134.401 E.02382
G1 X164.127 Y134.601 E.00846
G1 X163.563 Y135.051 E.02382
G1 X163.332 Y135.163 E.00848
G1 X162.628 Y135.323 E.02384
G1 X162.372 Y135.323 E.00845
G1 X161.668 Y135.163 E.02384
G1 X161.437 Y135.051 E.00848
G1 X160.873 Y134.601 E.02382
G1 X160.713 Y134.401 E.00846
G1 X160.4 Y133.751 E.02382
G1 X160.385 Y133.684 E.00227
G1 X160.748 Y133.539 F9000
;TYPE:External perimeter
;WIDTH:0.419999
G1 F3600
G1 X160.736 Y132.733 E.02527
G1 X161.062 Y132.047 E.02381
G1 X161.679 Y131.531 E.02522
G1 X162.458 Y131.334 E.02519
G1 X163.246 Y131.495 E.02522
G1 X163.886 Y131.981 E.0252
G1 X164.251 Y132.697 E.0252
G1 X164.27 Y133.501 E.02522
G1 X163.938 Y134.233 E.0252
G1 X163.321 Y134.749 E.02522
G1 X162.542 Y134.946 E.02519
G1 X161.754 Y134.785 E.02522
G1 X161.114 Y134.299 E.0252
G1 X160.756 Y133.597 E.02471
G1 E-3.5
;WIPE_START
G1 F7200
G1 X160.748 Y133.539 E-.02781
G1 X160.736 Y132.733 E-.38289
G1 X161.062 Y132.047 E-.36077
G1 X161.679 Y131.531 E-.38206
G1 X162.386 Y131.352 E-.34647
;WIPE_END
G1 X100.014 Y133.714 F9000
G1 E5 F2400
;TYPE:Perimeter
;WIDTH:0.439999
G1 F3600
G1 X99.987 Y133.857 E.0048
G1 X99.645 Y134.573 E.0262
G1 X99.446 Y134.849 E.01123
G1 X98.81 Y135.362 E.02698
G1 X98.529 Y135.518 E.01061
G1 X98.006 Y135.644 E.01776
G1 X97.45 Y135.733 E.01859
G1 X96.58 Y135.55 E.02935
G1 X96.19 Y135.362 E.01429
G1 X95.625 Y134.912 E.02385
G1 X95.355 Y134.573 E.01431
G1 X95.042 Y133.923 E.02382
G1 X94.946 Y133.501 E.01429
G1 X94.946 Y132.779 E.02384
G1 X95.042 Y132.357 E.01429
G1 X95.355 Y131.707 E.02382
G1 X95.625 Y131.368 E.01431
G1 X96.19 Y130.918 E.02385
G1 X96.58 Y130.73 E.01429
G1 X97.284 Y130.57 E.02384
G1 X97.594 Y130.55 E.01026
G1 X98.42 Y130.73 E.02791
G1 X98.76 Y130.88 E.01227
G1 X99.375 Y131.368 E.02592
G1 X99.619 Y131.657 E.01249
G1 X99.958 Y132.357 E.02568
G1 X100.053 Y132.726 E.01258
G1 X100.054 Y133.501 E.02559
G1 X100.025 Y133.655 E.00517
G1 X99.628 Y133.626 F9000
G1 F3600
G1 X99.6 Y133.751 E.00423
G1 X99.287 Y134.401 E.02382
G1 X99.127 Y134.601 E.00846
G1 X98.563 Y135.051 E.02382
G1 X98.332 Y135.163 E.00848
G1 X97.628 Y135.323 E.02384
G1 X97.372 Y135.323 E.00845
G1 X96.668 Y135.163 E.02384
G1 X96.437 Y135.051 E.00848
G1 X95.873 Y134.601 E.02382
G1 X95.713 Y134.401 E.00846
G1 X95.4 Y133.751 E.02382
G1 X95.343 Y133.501 E.00847
G1 X95.343 Y132.779 E.02384
G1 X95.4 Y132.529 E.00847
G1 X95.713 Y131.879 E.02382
G1 X95.873 Y131.679 E.00846
G1 X96.437 Y131.229 E.02382
G1 X96.668 Y131.117 E.00848
G1 X97.372 Y130.957 E.02384
G1 X97.628 Y130.957 E.00845
G1 X98.332 Y131.117 E.02384
G1 X98.563 Y131.229 E.00848
G1 X99.127 Y131.679 E.02382
G1 X99.287 Y131.879 E.00846
G1 X99.6 Y132.529 E.02382
G1 X99.657 Y132.779 E.00847
G1 X99.657 Y133.501 E.02384
G1 X99.642 Y133.567 E.00223
G1 X99.252 Y133.541 F9000
;TYPE:External perimeter
;WIDTH:0.419999
G1 F3600
G1 X98.938 Y134.233 E.02383
G1 X98.321 Y134.749 E.02522
G1 X97.832 Y134.88 E.01587
G1 X97.458 Y134.946 E.01191
G1 X96.754 Y134.785 E.02264
G1 X96.114 Y134.299 E.0252
G1 X95.749 Y133.583 E.0252
G1 X95.73 Y132.779 E.02522
G1 X96.062 Y132.047 E.0252
G1 X96.679 Y131.531 E.02522
G1 X97.458 Y131.334 E.02519
G1 X98.246 Y131.495 E.02522
G1 X98.886 Y131.981 E.0252
G1 X99.251 Y132.697 E.0252
G1 X99.27 Y133.485 E.02471
G1 E-3.5
;WIPE_START
G1 F7200
G1 X99.252 Y133.541 E-.02794
G1 X98.938 Y134.233 E-.36096
G1 X98.321 Y134.749 E-.38206
G1 X97.832 Y134.88 E-.24047
G1 X97.458 Y134.946 E-.18039
G1 X96.826 Y134.802 E-.30818
;WIPE_END
G1 X93.494 Y147.106 F9000
G1 E5 F2400
;TYPE:Perimeter
;WIDTH:0.439999
G1 F7200
G1 X93.494 Y112.894 E1.12959
G1 X166.506 Y112.894 E2.41066
G1 X166.506 Y122.377 E.3131
G1 X166.506 Y147.106 E.81648
G1 X93.554 Y147.106 E2.40867
G1 X93.097 Y147.503 F9000
G1 F7200
G1 X93.097 Y112.497 E1.1558
G1 X166.903 Y112.497 E2.43687
G1 X166.903 Y122.377 E.32621
G1 X166.903 Y147.503 E.82959
G1 X93.157 Y147.503 E2.43489
G1 X92.71 Y147.89 F9000
;TYPE:External perimeter
;WIDTH:0.419999
G1 F3600
G1 X92.71 Y112.11 E1.12185
G1 X167.29 Y112.11 E2.3384
G1 X167.29 Y122.377 E.32191
G1 X167.29 Y147.89 E.79994
G1 X92.77 Y147.89 E2.33652
G1 E-3.5
;WIPE_START
G1 F7200
G1 X92.71 Y147.89 E-.0285
G1 X92.71 Y144.792 E-1.4715
;WIPE_END
G1 X165.484 Y146.977 F9000
G1 E5 F2400
M204 S250
;TYPE:Bridge infill
;WIDTH:0.391608
;HEIGHT:0.389872
G1 F3000
G1 X166.179 Y146.282 E.04922
G1 X166.179 Y145.657 E.0313
G1 X165.057 Y146.779 E.07946
G1 X164.433 Y146.779 E.03125
G1 X166.179 Y145.033 E.12365
G1 X166.179 Y144.408 E.0313
G1 X163.808 Y146.779 E.16791
G1 X163.184 Y146.779 E.03125
G1 X166.179 Y143.784 E.2121
G1 X166.179 Y143.159 E.0313
G1 X162.559 Y146.779 E.25636
G1 X161.935 Y146.779 E.03125
G1 X166.179 Y142.535 E.30055
G1 X166.179 Y141.91 E.0313
G1 X161.31 Y146.779 E.34481
G1 X160.685 Y146.779 E.0313
G1 X166.179 Y141.285 E.38907
G1 X166.179 Y140.661 E.03125
G1 X160.061 Y146.779 E.43326
G1 X159.436 Y146.779 E.0313
G1 X166.179 Y140.036 E.47752
G1 X166.179 Y139.412 E.03125
G1 X158.812 Y146.779 E.52171
G1 X158.187 Y146.779 E.0313
G1 X166.179 Y138.787 E.56598
G1 X166.179 Y138.163 E.03125
G1 X157.563 Y146.779 E.61017
G1 X156.938 Y146.779 E.0313
G1 X166.179 Y137.538 E.65443
G1 X166.179 Y136.914 E.03125
G1 X156.314 Y146.779 E.69862
G1 X155.689 Y146.779 E.0313
G1 X166.179 Y136.289 E.74288
G1 X166.179 Y135.665 E.03125
G1 X155.065 Y146.779 E.78707
G1 X154.44 Y146.779 E.0313
G1 X166.179 Y135.04 E.83133
G1 X166.179 Y134.416 E.03125
G1 X153.816 Y146.779 E.87552
G1 X153.191 Y146.779 E.0313
G1 X166.179 Y133.791 E.91978
G1 X166.179 Y133.167 E.03125
G1 X165.227 Y134.119 E.06742
G1 X164.933 Y134.728 E.03386
G1 X164.59 Y135.159 E.02758
G1 X164.008 Y135.622 E.03724
G1 X163.75 Y135.782 E.0152
G1 X163.472 Y135.873 E.01465
G1 X152.567 Y146.779 E.7723
G1 X151.942 Y146.779 E.0313
G1 X162.675 Y136.046 E.76009
G1 X162.564 Y136.061 E.00561
G1 X162.219 Y136.031 E.01734
G1 X162.094 Y136.003 E.00641
G1 X151.318 Y146.779 E.76313
G1 X150.693 Y146.779 E.0313
G1 X161.585 Y135.886 E.77138
G1 X161.225 Y135.77 E.01894
G1 X161.135 Y135.713 E.00533
G1 X150.069 Y146.779 E.78367
G1 X149.444 Y146.779 E.0313
G1 X160.774 Y135.449 E.80236
G1 X160.427 Y135.172 E.02223
G1 X148.819 Y146.779 E.82202
G1 X148.195 Y146.779 E.03125
G1 X160.138 Y134.836 E.84578
G1 X160.064 Y134.723 E.00676
G1 X159.923 Y134.426 E.01646
G1 X147.57 Y146.779 E.87481
G1 X146.946 Y146.779 E.03125
G1 X159.721 Y134.003 E.90473
G1 X159.654 Y133.804 E.01051
G1 X159.621 Y133.479 E.01636
G1 X146.321 Y146.779 E.94188
G1 X145.697 Y146.779 E.03125
G1 X159.83 Y132.646 E1.00087
M204 S500
G1 E-3.5 F3600
;WIPE_START
G1 F7200
G1 X157.597 Y134.879 E-1.5
;WIPE_END
G1 X165.179 Y133.541 F9000
G1 E5 F2400
M204 S250
G1 F3000
G1 X166.179 Y132.542 E.07078
G1 X166.179 Y131.918 E.03125
G1 X165.372 Y132.724 E.05711
G1 X165.254 Y132.218 E.02602
G1 X166.179 Y131.293 E.06551
G1 X166.179 Y130.669 E.03125
G1 X165.051 Y131.796 E.07985
G1 X164.933 Y131.552 E.01357
G1 X164.817 Y131.406 E.00934
G1 X166.179 Y130.044 E.09645
G1 X166.179 Y129.419 E.0313
G1 X164.527 Y131.071 E.11699
G1 X164.179 Y130.794 E.02227
G1 X166.179 Y128.795 E.1416
G1 X166.179 Y128.17 E.0313
G1 X163.812 Y130.537 E.16763
G1 X163.75 Y130.498 E.00367
G1 X163.5 Y130.413 E.01322
G1 X163.347 Y130.378 E.00786
G1 X166.179 Y127.546 E.20056
G1 X166.179 Y126.921 E.0313
G1 X162.838 Y130.262 E.2366
G1 X162.568 Y130.22 E.01368
G1 X162.372 Y130.224 E.00982
G1 X162.218 Y130.257 E.00789
G1 X166.179 Y126.297 E.28047
G1 X166.179 Y125.672 E.0313
G1 X161.403 Y130.448 E.33823
G1 X161.204 Y130.521 E.01061
G1 X160.991 Y130.658 E.01268
G1 X160.416 Y131.117 E.03684
G1 X160.231 Y131.298 E.01296
G1 X160.064 Y131.558 E.01547
G1 X159.851 Y132 E.02457
G1 X145.072 Y146.779 E1.04662
G1 X144.448 Y146.779 E.03125
G1 X166.179 Y125.048 E1.53894
G1 X166.179 Y124.423 E.0313
G1 X143.823 Y146.779 E1.5832
G1 X143.199 Y146.779 E.03125
G1 X166.179 Y123.799 E1.62739
G1 X166.179 Y123.174 E.0313
G1 X142.574 Y146.779 E1.67165
G1 X141.95 Y146.779 E.03125
G1 X166.179 Y122.55 E1.71584
G1 X166.179 Y121.925 E.0313
G1 X141.325 Y146.779 E1.7601
G1 X140.701 Y146.779 E.03125
G1 X166.179 Y121.301 E1.80429
G1 X166.179 Y120.676 E.0313
G1 X140.076 Y146.779 E1.84856
G1 X139.452 Y146.779 E.03125
G1 X166.179 Y120.052 E1.89275
G1 X166.179 Y119.427 E.0313
G1 X138.827 Y146.779 E1.93701
G1 X138.202 Y146.779 E.0313
G1 X166.179 Y118.802 E1.98127
G1 X166.179 Y118.178 E.03125
G1 X137.578 Y146.779 E2.02546
G1 X136.953 Y146.779 E.0313
G1 X166.179 Y117.553 E2.06972
G1 X166.179 Y116.929 E.03125
G1 X136.329 Y146.779 E2.11391
G1 X135.704 Y146.779 E.0313
G1 X166.179 Y116.304 E2.15817
G1 X166.179 Y115.68 E.03125
G1 X135.08 Y146.779 E2.20236
G1 X134.455 Y146.779 E.0313
G1 X166.179 Y115.055 E2.24662
G1 X166.179 Y114.431 E.03125
G1 X133.831 Y146.779 E2.29081
G1 X133.206 Y146.779 E.0313
G1 X166.179 Y113.806 E2.33507
G1 X166.179 Y113.221 E.02929
G1 X166.139 Y113.221 E.002
G1 X132.582 Y146.779 E2.37647
G1 X131.957 Y146.779 E.0313
G1 X165.515 Y113.221 E2.3765
G1 X164.89 Y113.221 E.0313
G1 X131.333 Y146.779 E2.37647
G1 X130.708 Y146.779 E.0313
G1 X164.266 Y113.221 E2.3765
G1 X163.641 Y113.221 E.0313
G1 X130.084 Y146.779 E2.37647
G1 X129.459 Y146.779 E.0313
G1 X163.016 Y113.221 E2.37647
G1 X162.392 Y113.221 E.03125
G1 X128.835 Y146.779 E2.37647
G1 X128.21 Y146.779 E.0313
G1 X161.767 Y113.221 E2.37647
G1 X161.143 Y113.221 E.03125
G1 X127.585 Y146.779 E2.3765
G1 X126.961 Y146.779 E.03125
G1 X160.518 Y113.221 E2.37647
G1 X159.894 Y113.221 E.03125
G1 X126.336 Y146.779 E2.3765
G1 X125.712 Y146.779 E.03125
G1 X159.269 Y113.221 E2.37647
G1 X158.645 Y113.221 E.03125
G1 X125.087 Y146.779 E2.3765
G1 X124.463 Y146.779 E.03125
G1 X158.02 Y113.221 E2.37647
G1 X157.396 Y113.221 E.03125
G1 X123.838 Y146.779 E2.3765
G1 X123.214 Y146.779 E.03125
G1 X156.771 Y113.221 E2.37647
G1 X156.147 Y113.221 E.03125
G1 X122.589 Y146.779 E2.3765
G1 X121.965 Y146.779 E.03125
G1 X155.522 Y113.221 E2.37647
G1 X154.898 Y113.221 E.03125
G1 X121.34 Y146.779 E2.3765
G1 X120.716 Y146.779 E.03125
G1 X154.273 Y113.221 E2.37647
G1 X153.649 Y113.221 E.03125
G1 X120.091 Y146.779 E2.3765
G1 X119.467 Y146.779 E.03125
G1 X153.024 Y113.221 E2.37647
G1 X152.399 Y113.221 E.0313
G1 X118.842 Y146.779 E2.37647
G1 X118.218 Y146.779 E.03125
G1 X151.775 Y113.221 E2.37647
G1 X151.15 Y113.221 E.0313
G1 X117.593 Y146.779 E2.37647
G1 X116.969 Y146.779 E.03125
G1 X150.526 Y113.221 E2.37647
G1 X149.901 Y113.221 E.0313
G1 X116.344 Y146.779 E2.37647
G1 X115.719 Y146.779 E.0313
G1 X149.277 Y113.221 E2.3765
G1 X148.652 Y113.221 E.0313
G1 X115.095 Y146.779 E2.37647
G1 X114.47 Y146.779 E.0313
G1 X148.028 Y113.221 E2.3765
G1 X147.403 Y113.221 E.0313
G1 X113.846 Y146.779 E2.37647
G1 X113.221 Y146.779 E.0313
G1 X146.779 Y113.221 E2.3765
G1 X146.154 Y113.221 E.0313
G1 X112.597 Y146.779 E2.37647
G1 X111.972 Y146.779 E.0313
G1 X145.53 Y113.221 E2.3765
G1 X144.905 Y113.221 E.0313
G1 X111.348 Y146.779 E2.37647
G1 X110.723 Y146.779 E.0313
G1 X144.281 Y113.221 E2.3765
G1 X143.656 Y113.221 E.0313
G1 X110.099 Y146.779 E2.37647
G1 X109.474 Y146.779 E.0313
G1 X143.032 Y113.221 E2.3765
G1 X142.407 Y113.221 E.0313
G1 X108.85 Y146.779 E2.37647
G1 X108.225 Y146.779 E.0313
G1 X141.783 Y113.221 E2.3765
G1 X141.158 Y113.221 E.0313
G1 X107.601 Y146.779 E2.37647
G1 X106.976 Y146.779 E.0313
G1 X140.533 Y113.221 E2.37647
G1 X139.909 Y113.221 E.03125
G1 X106.352 Y146.779 E2.37647
G1 X105.727 Y146.779 E.0313
G1 X139.284 Y113.221 E2.37647
G1 X138.66 Y113.221 E.03125
G1 X105.102 Y146.779 E2.3765
G1 X104.478 Y146.779 E.03125
G1 X138.035 Y113.221 E2.37647
G1 X137.411 Y113.221 E.03125
G1 X103.853 Y146.779 E2.3765
G1 X103.229 Y146.779 E.03125
G1 X136.786 Y113.221 E2.37647
G1 X136.162 Y113.221 E.03125
G1 X102.604 Y146.779 E2.3765
G1 X101.98 Y146.779 E.03125
G1 X135.537 Y113.221 E2.37647
G1 X134.913 Y113.221 E.03125
G1 X101.355 Y146.779 E2.3765
G1 X100.731 Y146.779 E.03125
G1 X134.288 Y113.221 E2.37647
G1 X133.664 Y113.221 E.03125
G1 X100.106 Y146.779 E2.3765
G1 X99.482 Y146.779 E.03125
G1 X133.039 Y113.221 E2.37647
G1 X132.415 Y113.221 E.03125
G1 X98.857 Y146.779 E2.3765
G1 X98.233 Y146.779 E.03125
G1 X131.79 Y113.221 E2.37647
G1 X131.166 Y113.221 E.03125
G1 X97.608 Y146.779 E2.3765
G1 X96.984 Y146.779 E.03125
G1 X130.541 Y113.221 E2.37647
G1 X129.916 Y113.221 E.0313
G1 X96.359 Y146.779 E2.37647
G1 X95.735 Y146.779 E.03125
G1 X129.292 Y113.221 E2.37647
G1 X128.667 Y113.221 E.0313
G1 X95.11 Y146.779 E2.37647
G1 X94.485 Y146.779 E.0313
G1 X128.043 Y113.221 E2.3765
G1 X127.418 Y113.221 E.0313
G1 X93.861 Y146.779 E2.37647
G1 X93.821 Y146.779 E.002
G1 X93.821 Y146.194 E.02929
G1 X126.794 Y113.221 E2.33507
G1 X126.169 Y113.221 E.0313
G1 X93.821 Y145.569 E2.29081
G1 X93.821 Y144.945 E.03125
G1 X125.545 Y113.221 E2.24662
G1 X124.92 Y113.221 E.0313
G1 X93.821 Y144.32 E2.20236
G1 X93.821 Y143.696 E.03125
G1 X124.296 Y113.221 E2.15817
G1 X123.671 Y113.221 E.0313
G1 X93.821 Y143.071 E2.11391
G1 X93.821 Y142.447 E.03125
G1 X123.047 Y113.221 E2.06972
G1 X122.422 Y113.221 E.0313
G1 X93.821 Y141.822 E2.02546
G1 X93.821 Y141.198 E.03125
G1 X121.798 Y113.221 E1.98127
G1 X121.173 Y113.221 E.0313
G1 X100.181 Y134.213 E1.48661
G1 X99.936 Y134.723 E.02833
G1 X99.759 Y134.994 E.01621
G1 X99.583 Y135.164 E.01225
G1 X99.009 Y135.622 E.03677
G1 X98.775 Y135.77 E.01386
G1 X98.542 Y135.852 E.01237
G1 X93.821 Y140.573 E.33433
G1 X93.821 Y139.949 E.03125
G1 X97.737 Y136.032 E.27736
G1 X97.628 Y136.056 E.00559
G1 X97.432 Y136.06 E.00982
G1 X97.134 Y136.012 E.01511
G1 X93.821 Y139.324 E.23458
G1 X93.821 Y138.7 E.03125
G1 X96.625 Y135.896 E.19857
G1 X96.25 Y135.782 E.01963
G1 X96.166 Y135.73 E.00495
G1 X93.821 Y138.075 E.16607
G1 X93.821 Y137.45 E.0313
G1 X95.801 Y135.47 E.14022
G1 X95.454 Y135.193 E.02223
G1 X93.821 Y136.826 E.11565
G1 X93.821 Y136.201 E.0313
G1 X95.168 Y134.855 E.09536
G1 X95.067 Y134.728 E.00813
G1 X94.938 Y134.46 E.01489
G1 X93.821 Y135.577 E.0791
G1 X93.821 Y134.952 E.0313
G1 X94.737 Y134.037 E.06483
G1 X94.638 Y133.729 E.0162
G1 X94.621 Y133.528 E.0101
G1 X93.821 Y134.328 E.05665
G1 X93.821 Y133.703 E.0313
G1 X94.84 Y132.684 E.07216
M204 S500
G1 E-3.5 F3600
;WIPE_START
G1 F7200
G1 X93.821 Y133.703 E-.68451
G1 X93.821 Y134.328 E-.29688
G1 X94.593 Y133.556 E-.51861
;WIPE_END
G1 X100.177 Y133.593 F9000
G1 E5 F2400
M204 S250
G1 F3000
G1 X120.549 Y113.221 E1.4427
G1 X119.924 Y113.221 E.0313
G1 X100.379 Y132.766 E1.38413
G1 X100.343 Y132.464 E.01523
G1 X100.268 Y132.252 E.01126
G1 X119.3 Y113.221 E1.34777
G1 X118.675 Y113.221 E.0313
G1 X100.063 Y131.833 E1.31806
G1 X99.855 Y131.417 E.02329
G1 X118.05 Y113.221 E1.28856
G1 X117.426 Y113.221 E.03125
G1 X99.552 Y131.095 E1.2658
G1 X99.206 Y130.817 E.02223
G1 X116.801 Y113.221 E1.24607
G1 X116.177 Y113.221 E.03125
G1 X98.846 Y130.553 E1.22738
G1 X98.5 Y130.413 E.01869
G1 X98.386 Y130.388 E.00584
G1 X115.552 Y113.221 E1.21569
G1 X114.928 Y113.221 E.03125
G1 X97.872 Y130.277 E1.20787
G1 X97.628 Y130.224 E.0125
G1 X97.432 Y130.22 E.00982
G1 X97.285 Y130.24 E.00743
G1 X114.303 Y113.221 E1.20521
G1 X113.679 Y113.221 E.03125
G1 X96.48 Y130.42 E1.21799
G1 X96.25 Y130.498 E.01216
G1 X95.992 Y130.658 E.0152
G1 X95.41 Y131.121 E.03724
G1 X95.067 Y131.552 E.02758
G1 X94.806 Y132.094 E.03012
G1 X93.821 Y133.079 E.06976
G1 X93.821 Y132.454 E.0313
G1 X113.054 Y113.221 E1.36204
G1 X112.43 Y113.221 E.03125
G1 X93.821 Y131.83 E1.31785
G1 X93.821 Y131.205 E.0313
G1 X111.805 Y113.221 E1.27359
G1 X111.181 Y113.221 E.03125
G1 X93.821 Y130.581 E1.2294
G1 X93.821 Y129.956 E.0313
G1 X110.556 Y113.221 E1.18513
G1 X109.932 Y113.221 E.03125
G1 X93.821 Y129.332 E1.14094
G1 X93.821 Y128.707 E.0313
G1 X109.307 Y113.221 E1.09668
G1 X108.683 Y113.221 E.03125
G1 X93.821 Y128.083 E1.05249
G1 X93.821 Y127.458 E.0313
G1 X108.058 Y113.221 E1.00823
G1 X107.433 Y113.221 E.0313
G1 X93.821 Y126.833 E.96397
G1 X93.821 Y126.209 E.03125
G1 X106.809 Y113.221 E.91978
G1 X106.184 Y113.221 E.0313
G1 X93.821 Y125.584 E.87552
G1 X93.821 Y124.96 E.03125
G1 X105.56 Y113.221 E.83133
G1 X104.935 Y113.221 E.0313
G1 X93.821 Y124.335 E.78707
G1 X93.821 Y123.711 E.03125
G1 X104.311 Y113.221 E.74288
G1 X103.686 Y113.221 E.0313
G1 X93.821 Y123.086 E.69862
G1 X93.821 Y122.462 E.03125
G1 X103.062 Y113.221 E.65443
G1 X102.437 Y113.221 E.0313
G1 X93.821 Y121.837 E.61017
G1 X93.821 Y121.213 E.03125
G1 X101.813 Y113.221 E.56598
G1 X101.188 Y113.221 E.0313
G1 X93.821 Y120.588 E.52171
G1 X93.821 Y119.964 E.03125
G1 X100.564 Y113.221 E.47752
G1 X99.939 Y113.221 E.0313
G1 X93.821 Y119.339 E.43326
G1 X93.821 Y118.715 E.03125
G1 X99.315 Y113.221 E.38907
G1 X98.69 Y113.221 E.0313
G1 X93.821 Y118.09 E.34481
G1 X93.821 Y117.466 E.03125
G1 X98.066 Y113.221 E.30062
G1 X97.441 Y113.221 E.0313
G1 X93.821 Y116.841 E.25636
G1 X93.821 Y116.216 E.0313
G1 X96.816 Y113.221 E.2121
G1 X96.192 Y113.221 E.03125
G1 X93.821 Y115.592 E.16791
G1 X93.821 Y114.967 E.0313
G1 X95.567 Y113.221 E.12365
G1 X94.943 Y113.221 E.03125
G1 X93.821 Y114.343 E.07946
G1 X93.821 Y113.718 E.0313
G1 X94.516 Y113.023 E.04922
M204 S500
;LAYER_CHANGE
;Z:2.2
;HEIGHT:0.2
;BEFORE_LAYER_CHANGE
G92 E0
;2.2


G1 E-3.5 F3600
;WIPE_START
G1 F7200
G1 X93.821 Y113.718 E-.46687
G1 X93.821 Y114.343 E-.29688
G1 X94.917 Y113.247 E-.73625
;WIPE_END
G1 Z2.2 F9000
;AFTER_LAYER_CHANGE
;2.2
G1 X159.972 Y132.565
G1 E5 F2400
;TYPE:Perimeter
;WIDTH:0.439999
G1 F3600
G1 X159.975 Y132.543 E.00073
G1 X160.355 Y131.707 E.03032
G1 X160.574 Y131.412 E.01213
G1 X161.19 Y130.918 E.02607
G1 X161.492 Y130.755 E.01133
G1 X162.284 Y130.57 E.02685
G1 X162.55 Y130.547 E.00882
G1 X163.42 Y130.73 E.02935
G1 X163.81 Y130.918 E.01429
G1 X164.375 Y131.368 E.02385
G1 X164.645 Y131.707 E.01431
G1 X164.958 Y132.357 E.02382
G1 X165.054 Y132.779 E.01429
G1 X165.054 Y133.501 E.02384
G1 X164.958 Y133.923 E.01429
G1 X164.645 Y134.573 E.02382
G1 X164.375 Y134.912 E.01431
G1 X163.81 Y135.362 E.02385
G1 X163.42 Y135.55 E.01429
G1 X162.716 Y135.71 E.02384
G1 X162.406 Y135.73 E.01026
G1 X161.58 Y135.55 E.02791
G1 X161.275 Y135.423 E.01091
G1 X160.625 Y134.912 E.0273
G1 X160.393 Y134.644 E.0117
G1 X160.042 Y133.923 E.02648
G1 X159.947 Y133.554 E.01258
G1 X159.946 Y132.779 E.02559
G1 X159.965 Y132.624 E.00516
G1 X160.359 Y132.652 F9000
G1 F3600
G1 X160.36 Y132.639 E.00043
G1 X160.713 Y131.879 E.02767
G1 X160.873 Y131.679 E.00846
G1 X161.437 Y131.229 E.02382
G1 X161.668 Y131.117 E.00848
G1 X162.372 Y130.957 E.02384
G1 X162.628 Y130.957 E.00845
G1 X163.332 Y131.117 E.02384
G1 X163.563 Y131.229 E.00848
G1 X164.127 Y131.679 E.02382
G1 X164.287 Y131.879 E.00846
G1 X164.6 Y132.529 E.02382
G1 X164.657 Y132.779 E.00847
G1 X164.657 Y133.501 E.02384
G1 X164.6 Y133.751 E.00847
G1 X164.287 Y134.401 E.02382
G1 X164.127 Y134.601 E.00846
G1 X163.563 Y135.051 E.02382
G1 X163.332 Y135.163 E.00848
G1 X162.628 Y135.323 E.02384
G1 X162.372 Y135.323 E.00845
G1 X161.668 Y135.163 E.02384
G1 X161.437 Y135.051 E.00848
G1 X160.873 Y134.601 E.02382
G1 X160.713 Y134.401 E.00846
G1 X160.4 Y133.751 E.02382
G1 X160.343 Y133.501 E.00847
G1 X160.343 Y132.779 E.02384
G1 X160.351 Y132.712 E.00223
G1 X160.736 Y132.738 F9000
;TYPE:External perimeter
;WIDTH:0.419999
G1 F3600
G1 X160.736 Y132.733 E.00016
G1 X161.062 Y132.047 E.02381
G1 X161.679 Y131.531 E.02522
G1 X162.458 Y131.334 E.02519
G1 X163.246 Y131.495 E.02522
G1 X163.886 Y131.981 E.0252
G1 X164.251 Y132.697 E.0252
G1 X164.27 Y133.501 E.02522
G1 X163.938 Y134.233 E.0252
G1 X163.321 Y134.749 E.02522
G1 X162.542 Y134.946 E.02519
G1 X161.754 Y134.785 E.02522
G1 X161.114 Y134.299 E.0252
G1 X160.749 Y133.583 E.0252
G1 X160.737 Y132.798 E.02462
G1 E-3.5
;WIPE_START
G1 F7200
G1 X160.736 Y132.738 E-.0285
G1 X160.736 Y132.733 E-.00237
G1 X161.062 Y132.047 E-.36077
G1 X161.679 Y131.531 E-.38206
G1 X162.458 Y131.334 E-.38167
G1 X163.169 Y131.479 E-.34463
;WIPE_END
G1 X100.012 Y132.567 F9000
G1 E5 F2400
;TYPE:Perimeter
;WIDTH:0.439999
G1 F3600
G1 X100.053 Y132.726 E.00542
G1 X100.054 Y133.501 E.02559
G1 X99.987 Y133.857 E.01196
G1 X99.645 Y134.573 E.0262
G1 X99.446 Y134.849 E.01123
G1 X98.81 Y135.362 E.02698
G1 X98.529 Y135.518 E.01061
G1 X98.006 Y135.644 E.01776
G1 X97.45 Y135.733 E.01859
G1 X96.58 Y135.55 E.02935
G1 X96.19 Y135.362 E.01429
G1 X95.625 Y134.912 E.02385
G1 X95.355 Y134.573 E.01431
G1 X95.042 Y133.923 E.02382
G1 X94.946 Y133.501 E.01429
G1 X94.946 Y132.779 E.02384
G1 X95.042 Y132.357 E.01429
G1 X95.355 Y131.707 E.02382
G1 X95.625 Y131.368 E.01431
G1 X96.19 Y130.918 E.02385
G1 X96.58 Y130.73 E.01429
G1 X97.284 Y130.57 E.02384
G1 X97.594 Y130.55 E.01026
G1 X98.42 Y130.73 E.02791
G1 X98.76 Y130.88 E.01227
G1 X99.375 Y131.368 E.02592
G1 X99.619 Y131.657 E.01249
G1 X99.958 Y132.357 E.02568
G1 X99.997 Y132.509 E.00518
G1 X99.628 Y132.654 F9000
G1 F3600
G1 X99.657 Y132.779 E.00424
G1 X99.657 Y133.501 E.02384
G1 X99.6 Y133.751 E.00847
G1 X99.287 Y134.401 E.02382
G1 X99.127 Y134.601 E.00846
G1 X98.563 Y135.051 E.02382
G1 X98.332 Y135.163 E.00848
G1 X97.628 Y135.323 E.02384
G1 X97.372 Y135.323 E.00845
G1 X96.668 Y135.163 E.02384
G1 X96.437 Y135.051 E.00848
G1 X95.873 Y134.601 E.02382
G1 X95.713 Y134.401 E.00846
G1 X95.4 Y133.751 E.02382
G1 X95.343 Y133.501 E.00847
G1 X95.343 Y132.779 E.02384
G1 X95.4 Y132.529 E.00847
G1 X95.713 Y131.879 E.02382
G1 X95.873 Y131.679 E.00846
G1 X96.437 Y131.229 E.02382
G1 X96.668 Y131.117 E.00848
G1 X97.372 Y130.957 E.02384
G1 X97.628 Y130.957 E.00845
G1 X98.332 Y131.117 E.02384
G1 X98.563 Y131.229 E.00848
G1 X99.127 Y131.679 E.02382
G1 X99.287 Y131.879 E.00846
G1 X99.6 Y132.529 E.02382
G1 X99.615 Y132.596 E.00227
G1 X99.252 Y132.741 F9000
;TYPE:External perimeter
;WIDTH:0.419999
G1 F3600
G1 X99.27 Y133.501 E.02384
G1 X98.938 Y134.233 E.0252
G1 X98.321 Y134.749 E.02522
G1 X97.832 Y134.88 E.01587
G1 X97.458 Y134.946 E.01191
G1 X96.754 Y134.785 E.02264
G1 X96.114 Y134.299 E.0252
G1 X95.749 Y133.583 E.0252
G1 X95.73 Y132.779 E.02522
G1 X96.062 Y132.047 E.0252
G1 X96.679 Y131.531 E.02522
G1 X97.458 Y131.334 E.02519
G1 X98.246 Y131.495 E.02522
G1 X98.886 Y131.981 E.0252
G1 X99.244 Y132.683 E.02471
G1 E-3.5
;WIPE_START
G1 F7200
G1 X99.252 Y132.741 E-.02781
G1 X99.27 Y133.501 E-.3611
G1 X98.938 Y134.233 E-.38179
G1 X98.321 Y134.749 E-.38206
G1 X97.832 Y134.88 E-.24047
G1 X97.611 Y134.919 E-.10677
;WIPE_END
G1 X93.494 Y147.106 F9000
G1 E5 F2400
;TYPE:Perimeter
;WIDTH:0.439999
G1 F7200
G1 X93.494 Y112.894 E1.12959
G1 X166.506 Y112.894 E2.41066
G1 X166.506 Y122.377 E.3131
G1 X166.506 Y147.106 E.81648
G1 X93.554 Y147.106 E2.40867
G1 X93.097 Y147.503 F9000
G1 F7200
G1 X93.097 Y112.497 E1.1558
G1 X166.903 Y112.497 E2.43687
G1 X166.903 Y122.377 E.32621
G1 X166.903 Y147.503 E.82959
G1 X93.157 Y147.503 E2.43489
G1 X92.71 Y147.89 F9000
;TYPE:External perimeter
;WIDTH:0.419999
G1 F3600
G1 X92.71 Y112.11 E1.12185
G1 X167.29 Y112.11 E2.3384
G1 X167.29 Y122.377 E.32191
G1 X167.29 Y147.89 E.79994
G1 X92.77 Y147.89 E2.33652
G1 X93.832 Y146.692 F9000
;TYPE:Solid infill
;WIDTH:0.53634
G1 F7200
G1 X93.789 Y146.736 E.00252
G1 X93.804 Y146.796 E.00254
G1 X93.864 Y146.811 E.00254
G1 X93.908 Y146.768 E.00252
G1 X93.892 Y146.708 E.00255
;WIDTH:0.439999
G1 X93.8 Y146.074 E.02115
G1 X94.526 Y146.8 E.0339
G1 X95.087 Y146.8 E.01852
G1 X93.8 Y145.513 E.06009
G1 X93.8 Y144.951 E.01856
G1 X95.649 Y146.8 E.08634
G1 X96.211 Y146.8 E.01856
G1 X93.8 Y144.389 E.11258
G1 X93.8 Y143.828 E.01852
G1 X96.772 Y146.8 E.13877
G1 X97.334 Y146.8 E.01856
G1 X93.8 Y143.266 E.16501
G1 X93.8 Y142.705 E.01852
G1 X97.895 Y146.8 E.19121
G1 X98.457 Y146.8 E.01856
G1 X93.8 Y142.143 E.21745
G1 X93.8 Y141.582 E.01852
G1 X99.018 Y146.8 E.24365
G1 X99.58 Y146.8 E.01856
G1 X93.8 Y141.02 E.26989
G1 X93.8 Y140.459 E.01852
G1 X100.141 Y146.8 E.29608
G1 X100.703 Y146.8 E.01856
G1 X93.8 Y139.897 E.32232
G1 X93.8 Y139.335 E.01856
G1 X101.265 Y146.8 E.34857
G1 X101.826 Y146.8 E.01852
G1 X93.8 Y138.774 E.37476
G1 X93.8 Y138.212 E.01856
G1 X102.388 Y146.8 E.401
G1 X102.949 Y146.8 E.01852
G1 X93.8 Y137.651 E.4272
G1 X93.8 Y137.089 E.01856
G1 X103.511 Y146.8 E.45344
G1 X104.072 Y146.8 E.01852
G1 X93.8 Y136.528 E.47964
G1 X93.8 Y135.966 E.01856
G1 X104.634 Y146.8 E.50588
G1 X105.195 Y146.8 E.01852
G1 X93.8 Y135.405 E.53207
G1 X93.8 Y134.843 E.01856
G1 X105.757 Y146.8 E.55831
G1 X106.319 Y146.8 E.01856
G1 X93.8 Y134.281 E.58456
G1 X93.845 Y133.765 E.0171
G1 X106.88 Y146.8 E.60865
G1 E-3.5 F3600
;WIPE_START
G1 F7200
G1 X104.647 Y144.567 E-1.5
;WIPE_END
G1 X96.944 Y135.786 F9000
G1 E5 F2400
;WIDTH:0.38292
G1 F7200
G1 X96.351 Y135.642 E.01725
G1 X96.198 Y135.648 E.00433
G1 X95.522 Y135.059 E.02535
G1 X95.176 Y134.673 E.01466
G1 X93.995 Y133.353 F9000
;WIDTH:0.439999
G1 F7200
G1 X94.831 Y134.19 E.03906
G1 X94.657 Y133.702 E.01711
G1 X94.645 Y132.745 E.0316
G1 X94.757 Y132.257 E.01653
G1 X95.076 Y131.583 E.02462
G1 X95.411 Y131.154 E.01797
G1 X96.226 Y130.539 E.03371
G1 X93.8 Y128.104 E.11349
G1 X93.8 Y133.337 E.17278
G1 X94.22 Y132.992 E.01795
;WIDTH:0.501854
G1 X94.228 Y132.65 E.01305
G1 X94.284 Y132.459 E.0076
;WIDTH:0.477373
G1 X94.369 Y132.169 E.01092
;WIDTH:0.439999
G1 X94.718 Y131.411 E.02755
G1 X95.101 Y130.907 E.0209
G1 X95.625 Y130.491 E.02209
G1 X94.197 Y129.063 E.06668
G1 X94.197 Y132.149 E.10189
;WIDTH:0.470927
G1 X94.212 Y132.4 E.00895
;WIDTH:0.501854
G1 X94.228 Y132.65 E.00956
G1 X94.58 Y130.945 F9000
;WIDTH:0.412438
G1 F7200
G1 X94.58 Y129.988 E.0294
G1 X95.041 Y130.449 E.02003
G1 X94.982 Y130.493 E.00226
G1 X94.712 Y130.796 E.01247
G1 X96.656 Y130.399 F9000
;WIDTH:0.439999
G1 F7200
G1 X93.8 Y127.543 E.13336
G1 X93.8 Y126.981 E.01856
G1 X97.114 Y130.295 E.15474
G1 X97.626 Y130.245 E.01699
G1 X93.8 Y126.42 E.17863
G1 X93.8 Y125.858 E.01856
G1 X98.342 Y130.401 E.2121
G1 X98.483 Y130.484 E.0054
;WIDTH:0.41146
G1 X98.623 Y130.567 E.00499
;WIDTH:0.38292
G1 X99.1 Y130.949 E.01728
G1 E-3.5 F3600
;WIPE_START
G1 F7200
G1 X98.623 Y130.567 E-.29028
G1 X98.483 Y130.484 E-.07731
G1 X98.342 Y130.401 E-.07772
G1 X96.772 Y128.831 E-1.05469
;WIPE_END
G1 X96.479 Y135.837 F9000
G1 E5 F2400
;WIDTH:0.439999
G1 F7200
G1 X107.442 Y146.8 E.5119
G1 X108.003 Y146.8 E.01852
G1 X97.21 Y136.007 E.50396
G1 X97.769 Y136.004 E.01846
G1 X108.565 Y146.8 E.5041
G1 X109.126 Y146.8 E.01852
G1 X98.23 Y135.904 E.50877
G1 X98.672 Y135.784 E.01512
G1 X109.688 Y146.8 E.51437
G1 X110.249 Y146.8 E.01852
G1 X99.028 Y135.579 E.52395
G1 X99.341 Y135.33 E.01321
G1 X110.811 Y146.8 E.53557
G1 X111.373 Y146.8 E.01856
G1 X99.646 Y135.073 E.54757
G1 X99.889 Y134.755 E.01321
G1 X111.934 Y146.8 E.56242
G1 X112.496 Y146.8 E.01856
G1 X100.077 Y134.381 E.57989
G1 X100.255 Y133.997 E.01397
G1 X113.057 Y146.8 E.59779
G1 X113.619 Y146.8 E.01856
G1 X100.358 Y133.539 E.6192
G1 X100.358 Y132.978 E.01852
G1 X114.18 Y146.8 E.6454
G1 X114.742 Y146.8 E.01856
G1 X100.278 Y132.336 E.67537
G1 E-3.5 F3600
;WIPE_START
G1 F7200
G1 X102.511 Y134.569 E-1.5
;WIPE_END
G1 X93.8 Y125.297 F9000
G1 E5 F2400
G1 F7200
G1 X115.303 Y146.8 E1.00405
G1 X115.865 Y146.8 E.01856
G1 X93.8 Y124.735 E1.03029
G1 X93.8 Y124.173 E.01856
G1 X116.427 Y146.8 E1.05653
G1 X116.988 Y146.8 E.01852
G1 X93.8 Y123.612 E1.08273
G1 X93.8 Y123.05 E.01856
G1 X117.55 Y146.8 E1.10897
G1 X118.111 Y146.8 E.01852
G1 X93.8 Y122.489 E1.13516
G1 X93.8 Y121.927 E.01856
G1 X118.673 Y146.8 E1.16141
G1 X119.234 Y146.8 E.01852
G1 X93.8 Y121.366 E1.1876
G1 X93.8 Y120.804 E.01856
G1 X119.796 Y146.8 E1.21384
G1 X120.357 Y146.8 E.01852
G1 X93.8 Y120.243 E1.24004
G1 X93.8 Y119.681 E.01856
G1 X120.919 Y146.8 E1.26628
G1 X121.481 Y146.8 E.01856
G1 X93.8 Y119.119 E1.29252
G1 X93.8 Y118.558 E.01852
G1 X122.042 Y146.8 E1.31872
G1 X122.604 Y146.8 E.01856
G1 X93.8 Y117.996 E1.34496
G1 X93.8 Y117.435 E.01852
G1 X123.165 Y146.8 E1.37115
G1 X123.727 Y146.8 E.01856
G1 X93.8 Y116.873 E1.39739
G1 X93.8 Y116.312 E.01852
G1 X124.288 Y146.8 E1.42359
G1 X124.85 Y146.8 E.01856
G1 X93.8 Y115.75 E1.44983
G1 X93.8 Y115.189 E.01852
G1 X125.411 Y146.8 E1.47603
G1 X125.973 Y146.8 E.01856
G1 X93.8 Y114.627 E1.50227
G1 X93.8 Y114.065 E.01856
G1 X126.535 Y146.8 E1.52851
G1 X127.096 Y146.8 E.01852
G1 X93.8 Y113.504 E1.5547
G1 X93.706 Y113.076 E.01447
;WIDTH:0.38292
G1 X93.687 Y113.147 E.00208
G1 X93.758 Y113.128 E.00208
G1 X93.747 Y113.087 E.0012
;WIDTH:0.41146
G1 X93.902 Y113.143 E.00505
;WIDTH:0.439999
G1 X94.057 Y113.2 E.00545
G1 X127.658 Y146.8 E1.56892
G1 X128.219 Y146.8 E.01852
G1 X94.619 Y113.2 E1.5689
G1 X95.181 Y113.2 E.01856
G1 X128.781 Y146.8 E1.5689
G1 X129.342 Y146.8 E.01852
G1 X95.742 Y113.2 E1.5689
G1 X96.304 Y113.2 E.01856
G1 X129.904 Y146.8 E1.5689
G1 X130.465 Y146.8 E.01852
G1 X96.865 Y113.2 E1.5689
G1 X97.427 Y113.2 E.01856
G1 X131.027 Y146.8 E1.5689
G1 X131.589 Y146.8 E.01856
G1 X97.988 Y113.2 E1.56892
G1 X98.55 Y113.2 E.01856
G1 X132.15 Y146.8 E1.5689
G1 X132.712 Y146.8 E.01856
G1 X99.111 Y113.2 E1.56892
G1 X99.673 Y113.2 E.01856
G1 X133.273 Y146.8 E1.5689
G1 X133.835 Y146.8 E.01856
G1 X100.235 Y113.2 E1.5689
G1 X100.796 Y113.2 E.01852
G1 X134.396 Y146.8 E1.5689
G1 X134.958 Y146.8 E.01856
G1 X101.358 Y113.2 E1.5689
G1 X101.919 Y113.2 E.01852
G1 X135.519 Y146.8 E1.5689
G1 X136.081 Y146.8 E.01856
G1 X102.481 Y113.2 E1.5689
G1 X103.042 Y113.2 E.01852
G1 X136.643 Y146.8 E1.56892
G1 X137.204 Y146.8 E.01852
G1 X103.604 Y113.2 E1.5689
G1 X104.165 Y113.2 E.01852
G1 X137.766 Y146.8 E1.56892
G1 X138.327 Y146.8 E.01852
G1 X104.727 Y113.2 E1.5689
G1 X105.289 Y113.2 E.01856
G1 X138.889 Y146.8 E1.5689
G1 X139.45 Y146.8 E.01852
G1 X105.85 Y113.2 E1.5689
G1 X106.412 Y113.2 E.01856
G1 X140.012 Y146.8 E1.5689
G1 X140.573 Y146.8 E.01852
G1 X106.973 Y113.2 E1.5689
G1 X107.535 Y113.2 E.01856
G1 X141.135 Y146.8 E1.5689
G1 X141.697 Y146.8 E.01856
G1 X108.096 Y113.2 E1.56892
G1 X108.658 Y113.2 E.01856
G1 X142.258 Y146.8 E1.5689
G1 X142.82 Y146.8 E.01856
G1 X109.219 Y113.2 E1.56892
G1 X109.781 Y113.2 E.01856
G1 X143.381 Y146.8 E1.5689
G1 X143.943 Y146.8 E.01856
G1 X110.343 Y113.2 E1.5689
G1 X110.904 Y113.2 E.01852
G1 X144.504 Y146.8 E1.5689
G1 X145.066 Y146.8 E.01856
G1 X111.466 Y113.2 E1.5689
G1 X112.027 Y113.2 E.01852
G1 X145.627 Y146.8 E1.5689
G1 X146.189 Y146.8 E.01856
G1 X112.589 Y113.2 E1.5689
G1 X113.15 Y113.2 E.01852
G1 X146.751 Y146.8 E1.56892
G1 X147.312 Y146.8 E.01852
G1 X113.712 Y113.2 E1.5689
G1 X114.273 Y113.2 E.01852
G1 X147.874 Y146.8 E1.56892
G1 X148.435 Y146.8 E.01852
G1 X114.835 Y113.2 E1.5689
G1 X115.397 Y113.2 E.01856
G1 X148.997 Y146.8 E1.5689
G1 X149.558 Y146.8 E.01852
G1 X115.958 Y113.2 E1.5689
G1 X116.52 Y113.2 E.01856
G1 X150.12 Y146.8 E1.5689
G1 X150.681 Y146.8 E.01852
G1 X117.081 Y113.2 E1.5689
G1 X117.643 Y113.2 E.01856
G1 X151.243 Y146.8 E1.5689
G1 X151.805 Y146.8 E.01856
G1 X118.204 Y113.2 E1.56892
G1 X118.766 Y113.2 E.01856
G1 X152.366 Y146.8 E1.5689
G1 X152.928 Y146.8 E.01856
G1 X119.327 Y113.2 E1.56892
G1 X119.889 Y113.2 E.01856
G1 X153.489 Y146.8 E1.5689
G1 X154.051 Y146.8 E.01856
G1 X120.451 Y113.2 E1.5689
G1 X121.012 Y113.2 E.01852
G1 X154.612 Y146.8 E1.5689
G1 X155.174 Y146.8 E.01856
G1 X121.574 Y113.2 E1.5689
G1 X122.135 Y113.2 E.01852
G1 X155.735 Y146.8 E1.5689
G1 X156.297 Y146.8 E.01856
G1 X122.697 Y113.2 E1.5689
G1 X123.258 Y113.2 E.01852
G1 X156.858 Y146.8 E1.5689
G1 X157.42 Y146.8 E.01856
G1 X123.82 Y113.2 E1.5689
G1 X124.381 Y113.2 E.01852
G1 X157.982 Y146.8 E1.56892
G1 X158.543 Y146.8 E.01852
G1 X124.943 Y113.2 E1.5689
G1 X125.505 Y113.2 E.01856
G1 X159.105 Y146.8 E1.5689
G1 X159.666 Y146.8 E.01852
G1 X126.066 Y113.2 E1.5689
G1 X126.628 Y113.2 E.01856
G1 X160.228 Y146.8 E1.5689
G1 X160.789 Y146.8 E.01852
G1 X127.189 Y113.2 E1.5689
G1 X127.751 Y113.2 E.01856
G1 X161.351 Y146.8 E1.5689
G1 X161.912 Y146.8 E.01852
G1 X128.312 Y113.2 E1.5689
G1 X128.874 Y113.2 E.01856
G1 X162.474 Y146.8 E1.5689
G1 X163.036 Y146.8 E.01856
G1 X129.435 Y113.2 E1.56892
G1 X129.997 Y113.2 E.01856
G1 X163.597 Y146.8 E1.5689
G1 X164.159 Y146.8 E.01856
G1 X130.559 Y113.2 E1.5689
G1 X131.12 Y113.2 E.01852
G1 X164.72 Y146.8 E1.5689
G1 X165.282 Y146.8 E.01856
G1 X131.682 Y113.2 E1.5689
G1 X132.243 Y113.2 E.01852
G1 X165.843 Y146.8 E1.5689
G1 X166.32 Y146.86 E.01587
;WIDTH:0.38292
G1 X166.331 Y146.901 E.0012
G1 X166.26 Y146.92 E.00208
G1 X166.279 Y146.849 E.00208
;WIDTH:0.41146
G1 X166.24 Y146.722 E.00407
;WIDTH:0.439999
G1 X166.2 Y146.595 E.0044
G1 X132.805 Y113.2 E1.55933
G1 X133.366 Y113.2 E.01852
G1 X166.2 Y146.034 E1.53313
G1 X166.2 Y145.472 E.01856
G1 X133.928 Y113.2 E1.50689
G1 X134.489 Y113.2 E.01852
G1 X166.2 Y144.911 E1.4807
G1 X166.2 Y144.349 E.01856
G1 X135.051 Y113.2 E1.45445
G1 X135.613 Y113.2 E.01856
G1 X166.2 Y143.787 E1.42821
G1 X166.2 Y143.226 E.01852
G1 X136.174 Y113.2 E1.40202
G1 X136.736 Y113.2 E.01856
G1 X166.2 Y142.664 E1.37578
G1 X166.2 Y142.103 E.01852
G1 X137.297 Y113.2 E1.34958
G1 X137.859 Y113.2 E.01856
G1 X166.2 Y141.541 E1.32334
G1 X166.4 Y141.102 E.01593
;WIDTH:0.38292
G1 X166.411 Y141.143 E.0012
G1 X166.34 Y141.162 E.00208
G1 X166.359 Y141.091 E.00208
;WIDTH:0.41146
G1 X166.279 Y141.035 E.00299
;WIDTH:0.439999
G1 X166.2 Y140.98 E.00318
G1 X138.42 Y113.2 E1.29714
G1 X138.982 Y113.2 E.01856
G1 X159.718 Y133.936 E.96824
G1 X159.811 Y134.056 E.00501
;WIDTH:0.41146
G1 X159.903 Y134.176 E.00463
;WIDTH:0.38292
G1 X159.884 Y134.247 E.00208
G1 X159.955 Y134.228 E.00208
G1 X159.944 Y134.187 E.0012
G1 X159.642 Y133.298 F9000
;WIDTH:0.439999
G1 F7200
G1 X139.543 Y113.2 E.93847
G1 X140.105 Y113.2 E.01856
G1 X159.642 Y132.737 E.91225
G1 X159.746 Y132.28 E.01547
G1 X140.667 Y113.2 E.89089
G1 X141.228 Y113.2 E.01852
G1 X159.925 Y131.897 E.87303
G1 X160.112 Y131.522 E.01384
G1 X141.79 Y113.2 E.85552
G1 X142.351 Y113.2 E.01852
G1 X160.356 Y131.205 E.84072
G1 X160.661 Y130.949 E.01315
G1 X142.913 Y113.2 E.82874
G1 X143.474 Y113.2 E.01852
G1 X160.974 Y130.699 E.81711
G1 X161.333 Y130.497 E.0136
G1 X144.036 Y113.2 E.80766
G1 X144.597 Y113.2 E.01852
G1 X161.773 Y130.376 E.80201
G1 X162.235 Y130.276 E.01561
G1 X145.159 Y113.2 E.79734
G1 X145.72 Y113.2 E.01852
G1 X162.794 Y130.274 E.79724
G1 X163.06 Y130.495 E.01142
;WIDTH:0.38292
G1 X163.655 Y130.64 E.01731
G1 X163.808 Y130.635 E.00433
G1 X164.479 Y131.22 E.02517
G1 X164.825 Y131.606 E.01466
G1 X164.966 Y131.802 E.00683
G1 X163.527 Y130.445 F9000
;WIDTH:0.439999
G1 F7200
G1 X146.282 Y113.2 E.80523
G1 E-3.5 F3600
;WIPE_START
G1 F7200
G1 X148.515 Y115.433 E-1.5
;WIPE_END
G1 X160.846 Y135.274 F9000
G1 E5 F2400
;WIDTH:0.38292
G1 F7200
G1 X161.377 Y135.716 E.01953
;WIDTH:0.41146
G1 X161.517 Y135.796 E.00494
;WIDTH:0.439999
G1 X161.658 Y135.876 E.00535
G1 X166.2 Y140.418 E.21208
G1 X166.253 Y140.538 E.00433
;WIDTH:0.41146
G1 X166.305 Y140.658 E.00401
;WIDTH:0.38292
G1 X166.286 Y140.729 E.00208
G1 X166.357 Y140.71 E.00208
G1 X166.346 Y140.669 E.0012
G1 X166.2 Y139.857 F9000
;WIDTH:0.439999
G1 F7200
G1 X162.366 Y136.022 E.17905
G1 X162.889 Y135.984 E.01731
G1 X166.2 Y139.295 E.1546
G1 X166.2 Y138.734 E.01852
G1 X163.347 Y135.88 E.13324
G1 X163.772 Y135.743 E.01474
G1 X166.2 Y138.172 E.1134
G1 X166.4 Y137.733 E.01593
;WIDTH:0.38292
G1 X166.411 Y137.774 E.0012
G1 X166.34 Y137.793 E.00208
G1 X166.359 Y137.722 E.00208
;WIDTH:0.41146
G1 X166.279 Y137.666 E.00299
;WIDTH:0.439999
G1 X166.2 Y137.61 E.0032
G1 X164.106 Y135.517 E.09775
G1 E-3.5 F3600
;WIPE_START
G1 F7200
G1 X166.2 Y137.61 E-1.40631
G1 X166.279 Y137.666 E-.046
G1 X166.359 Y137.722 E-.04638
G1 X166.358 Y137.725 E-.00131
;WIPE_END
G1 X165.355 Y133.037 F9000
G1 E5 F2400
G1 F7200
G1 X165.343 Y133.689 E.02153
G1 X165.23 Y134.061 E.01284
G1 X164.924 Y134.697 E.0233
G1 X164.589 Y135.126 E.01797
G1 X164.419 Y135.268 E.00731
G1 X166.2 Y137.049 E.08316
G1 X166.2 Y132.955 E.13517
G1 X166.08 Y132.978 E.00403
G1 X165.982 Y132.9 E.00414
G1 X165.841 Y133.04 E.00656
G1 X165.724 Y133.097 E.0043
G1 X165.561 Y133.04 E.0057
G1 X165.359 Y132.838 E.00943
G1 X165.701 Y132.619 E.01341
G1 X165.165 Y132.083 E.02503
G1 X166.158 Y132.514 F9000
G1 F7200
G1 X146.844 Y113.2 E.90184
G1 X147.405 Y113.2 E.01852
G1 X166.2 Y131.995 E.8776
G1 X166.2 Y131.433 E.01856
G1 X147.967 Y113.2 E.85136
G1 X148.528 Y113.2 E.01852
G1 X166.2 Y130.872 E.82517
G1 X166.2 Y130.31 E.01856
G1 X149.09 Y113.2 E.79892
G1 X149.651 Y113.2 E.01852
G1 X166.2 Y129.749 E.77273
G1 X166.2 Y129.187 E.01856
G1 X150.213 Y113.2 E.74649
G1 X150.774 Y113.2 E.01852
G1 X166.2 Y128.626 E.72029
G1 X166.2 Y128.064 E.01856
G1 X151.336 Y113.2 E.69405
G1 X151.898 Y113.2 E.01856
G1 X166.2 Y127.502 E.66781
G1 X166.2 Y126.941 E.01852
G1 X152.459 Y113.2 E.64161
G1 X153.021 Y113.2 E.01856
G1 X166.2 Y126.379 E.61537
G1 X166.2 Y125.818 E.01852
G1 X153.582 Y113.2 E.58918
G1 X154.144 Y113.2 E.01856
G1 X166.2 Y125.256 E.56294
G1 X166.2 Y124.695 E.01852
G1 X154.705 Y113.2 E.53674
G1 X155.267 Y113.2 E.01856
G1 X166.2 Y124.133 E.5105
G1 X166.2 Y123.572 E.01852
G1 X155.828 Y113.2 E.4843
G1 X156.39 Y113.2 E.01856
G1 X166.2 Y123.01 E.45806
G1 X166.2 Y122.448 E.01856
G1 X156.952 Y113.2 E.43182
G1 X157.513 Y113.2 E.01852
G1 X166.2 Y121.887 E.40563
G1 X166.2 Y121.325 E.01856
G1 X158.075 Y113.2 E.37938
G1 X158.636 Y113.2 E.01852
G1 X166.2 Y120.764 E.35319
G1 X166.2 Y120.202 E.01856
G1 X159.198 Y113.2 E.32695
G1 X159.759 Y113.2 E.01852
G1 X166.2 Y119.641 E.30075
G1 X166.2 Y119.079 E.01856
G1 X160.321 Y113.2 E.27451
G1 X160.882 Y113.2 E.01852
G1 X166.2 Y118.518 E.24832
G1 X166.2 Y117.956 E.01856
G1 X161.444 Y113.2 E.22207
G1 X162.006 Y113.2 E.01856
G1 X166.2 Y117.394 E.19583
G1 X166.2 Y116.833 E.01852
G1 X162.567 Y113.2 E.16964
G1 X163.129 Y113.2 E.01856
G1 X166.2 Y116.271 E.1434
G1 X166.2 Y115.71 E.01852
G1 X163.69 Y113.2 E.1172
G1 X164.252 Y113.2 E.01856
G1 X166.2 Y115.148 E.09096
G1 E-3.5 F3600
;WIPE_START
G1 F7200
G1 X164.252 Y113.2 E-1.30857
G1 X163.849 Y113.2 E-.19143
;WIPE_END
G1 X164.954 Y113.34 F9000
G1 E5 F2400
G1 F7200
G1 X166.2 Y114.587 E.0582
G1 X166.2 Y113.2 E.04579
G1 X164.813 Y113.2 E.04579
G1 X165.78 Y113.556 F9000
;WIDTH:0.45817
G1 F7200
G1 X165.744 Y113.593 E.00178
G1 X165.757 Y113.643 E.00178
G1 X165.807 Y113.656 E.00178
G1 X165.844 Y113.62 E.00178
G1 X165.831 Y113.569 E.00182
G1 E-3.5 F3600
;WIPE_START
G1 F7200
G1 X165.844 Y113.62 E-.025
G1 X165.807 Y113.656 E-.02452
G1 X165.757 Y113.643 E-.02454
G1 X165.744 Y113.593 E-.02454
G1 X165.78 Y113.556 E-.02452
;WIPE_END
G1 E-1.37688 F3600
G1 X165.756 Y133.882 F9000
G1 E5 F2400
;WIDTH:0.53338
G1 F7200
G1 X165.773 Y133.521 E.01474
G1 X165.756 Y133.882 E.01474
;WIDTH:0.562902
G1 X165.742 Y134.082 E.00867
;WIDTH:0.592423
G1 X165.727 Y134.283 E.00921
G1 X165.727 Y135.906 E.07416
G1 X165.084 Y135.264 E.04152
G1 X165.351 Y134.902 E.02055
G1 X165.657 Y134.267 E.03221
G1 X165.707 Y134.074 E.00911
;LAYER_CHANGE
;Z:2.4
;HEIGHT:0.2
;BEFORE_LAYER_CHANGE
G92 E0
;2.4


G1 E-3.5 F3600
;WIPE_START
G1 F7200
G1 X165.657 Y134.267 E-.0947
G1 X165.351 Y134.902 E-.33482
G1 X165.084 Y135.264 E-.21366
G1 X165.727 Y135.906 E-.4316
G1 X165.727 Y135.011 E-.42522
;WIPE_END
G1 Z2.4 F9000
;AFTER_LAYER_CHANGE
;2.4
G1 X165.006 Y133.712
G1 E5 F2400
;TYPE:Perimeter
;WIDTH:0.439999
G1 F3600
G1 X164.958 Y133.923 E.00714
G1 X164.645 Y134.573 E.02382
G1 X164.375 Y134.912 E.01431
G1 X163.81 Y135.362 E.02385
G1 X163.42 Y135.55 E.01429
G1 X162.716 Y135.71 E.02384
G1 X162.406 Y135.73 E.01026
G1 X161.58 Y135.55 E.02791
G1 X161.275 Y135.423 E.01091
G1 X160.625 Y134.912 E.0273
G1 X160.393 Y134.644 E.0117
G1 X160.042 Y133.923 E.02648
G1 X159.947 Y133.554 E.01258
G1 X159.946 Y132.779 E.02559
G1 X159.975 Y132.543 E.00785
G1 X160.356 Y131.707 E.03033
G1 X160.574 Y131.412 E.01211
G1 X161.19 Y130.918 E.02607
G1 X161.492 Y130.755 E.01133
G1 X162.284 Y130.57 E.02685
G1 X162.55 Y130.547 E.00882
G1 X163.42 Y130.73 E.02935
G1 X163.81 Y130.918 E.01429
G1 X164.375 Y131.368 E.02385
G1 X164.645 Y131.707 E.01431
G1 X164.958 Y132.357 E.02382
G1 X165.054 Y132.779 E.01429
G1 X165.054 Y133.501 E.02384
G1 X165.019 Y133.653 E.00515
G1 X164.628 Y133.626 F9000
G1 F3600
G1 X164.6 Y133.751 E.00423
G1 X164.287 Y134.401 E.02382
G1 X164.127 Y134.601 E.00846
G1 X163.563 Y135.051 E.02382
G1 X163.332 Y135.163 E.00848
G1 X162.628 Y135.323 E.02384
G1 X162.372 Y135.323 E.00845
G1 X161.668 Y135.163 E.02384
G1 X161.437 Y135.051 E.00848
G1 X160.873 Y134.601 E.02382
G1 X160.713 Y134.401 E.00846
G1 X160.4 Y133.751 E.02382
G1 X160.343 Y133.501 E.00847
G1 X160.343 Y132.779 E.02384
G1 X160.36 Y132.639 E.00466
G1 X160.713 Y131.879 E.02767
G1 X160.873 Y131.679 E.00846
G1 X161.437 Y131.229 E.02382
G1 X161.668 Y131.117 E.00848
G1 X162.372 Y130.957 E.02384
G1 X162.628 Y130.957 E.00845
G1 X163.332 Y131.117 E.02384
G1 X163.563 Y131.229 E.00848
G1 X164.127 Y131.679 E.02382
G1 X164.287 Y131.879 E.00846
G1 X164.6 Y132.529 E.02382
G1 X164.657 Y132.779 E.00847
G1 X164.657 Y133.501 E.02384
G1 X164.642 Y133.567 E.00223
G1 X164.252 Y133.541 F9000
;TYPE:External perimeter
;WIDTH:0.419999
G1 F3600
G1 X163.938 Y134.233 E.02383
G1 X163.321 Y134.749 E.02522
G1 X162.542 Y134.946 E.02519
G1 X161.754 Y134.785 E.02522
G1 X161.114 Y134.299 E.0252
G1 X160.749 Y133.583 E.0252
G1 X160.736 Y132.733 E.02665
G1 X161.062 Y132.047 E.02381
G1 X161.679 Y131.531 E.02522
G1 X162.458 Y131.334 E.02519
G1 X163.246 Y131.495 E.02522
G1 X163.886 Y131.981 E.0252
G1 X164.251 Y132.697 E.0252
G1 X164.27 Y133.485 E.02471
G1 E-3.5
;WIPE_START
G1 F7200
G1 X164.252 Y133.541 E-.02794
G1 X163.938 Y134.233 E-.36096
G1 X163.321 Y134.749 E-.38206
G1 X162.542 Y134.946 E-.38167
G1 X161.826 Y134.8 E-.34737
;WIPE_END
G1 X100.014 Y133.714 F9000
G1 E5 F2400
;TYPE:Perimeter
;WIDTH:0.439999
G1 F3600
G1 X99.987 Y133.857 E.0048
G1 X99.645 Y134.573 E.0262
G1 X99.446 Y134.849 E.01123
G1 X98.81 Y135.362 E.02698
G1 X98.529 Y135.518 E.01061
G1 X98.006 Y135.644 E.01776
G1 X97.45 Y135.733 E.01859
G1 X96.58 Y135.55 E.02935
G1 X96.19 Y135.362 E.01429
G1 X95.625 Y134.912 E.02385
G1 X95.355 Y134.573 E.01431
G1 X95.042 Y133.923 E.02382
G1 X94.946 Y133.501 E.01429
G1 X94.946 Y132.779 E.02384
G1 X95.042 Y132.357 E.01429
G1 X95.355 Y131.707 E.02382
G1 X95.625 Y131.368 E.01431
G1 X96.19 Y130.918 E.02385
G1 X96.58 Y130.73 E.01429
G1 X97.284 Y130.57 E.02384
G1 X97.594 Y130.55 E.01026
G1 X98.42 Y130.73 E.02791
G1 X98.76 Y130.88 E.01227
G1 X99.375 Y131.368 E.02592
G1 X99.619 Y131.657 E.01249
G1 X99.958 Y132.357 E.02568
G1 X100.053 Y132.726 E.01258
G1 X100.054 Y133.501 E.02559
G1 X100.025 Y133.655 E.00517
G1 X99.628 Y133.626 F9000
G1 F3600
G1 X99.6 Y133.751 E.00423
G1 X99.287 Y134.401 E.02382
G1 X99.127 Y134.601 E.00846
G1 X98.563 Y135.051 E.02382
G1 X98.332 Y135.163 E.00848
G1 X97.628 Y135.323 E.02384
G1 X97.372 Y135.323 E.00845
G1 X96.668 Y135.163 E.02384
G1 X96.437 Y135.051 E.00848
G1 X95.873 Y134.601 E.02382
G1 X95.713 Y134.401 E.00846
G1 X95.4 Y133.751 E.02382
G1 X95.343 Y133.501 E.00847
G1 X95.343 Y132.779 E.02384
G1 X95.4 Y132.529 E.00847
G1 X95.713 Y131.879 E.02382
G1 X95.873 Y131.679 E.00846
G1 X96.437 Y131.229 E.02382
G1 X96.668 Y131.117 E.00848
G1 X97.372 Y130.957 E.02384
G1 X97.628 Y130.957 E.00845
G1 X98.332 Y131.117 E.02384
G1 X98.563 Y131.229 E.00848
G1 X99.127 Y131.679 E.02382
G1 X99.287 Y131.879 E.00846
G1 X99.6 Y132.529 E.02382
G1 X99.657 Y132.779 E.00847
G1 X99.657 Y133.501 E.02384
G1 X99.642 Y133.567 E.00223
G1 X99.252 Y133.541 F9000
;TYPE:External perimeter
;WIDTH:0.419999
G1 F3600
G1 X98.938 Y134.233 E.02383
G1 X98.321 Y134.749 E.02522
G1 X97.832 Y134.88 E.01587
G1 X97.458 Y134.946 E.01191
G1 X96.754 Y134.785 E.02264
G1 X96.114 Y134.299 E.0252
G1 X95.749 Y133.583 E.0252
G1 X95.73 Y132.779 E.02522
G1 X96.062 Y132.047 E.0252
G1 X96.679 Y131.531 E.02522
G1 X97.458 Y131.334 E.02519
G1 X98.246 Y131.495 E.02522
G1 X98.886 Y131.981 E.0252
G1 X99.251 Y132.697 E.0252
G1 X99.27 Y133.485 E.02471
G1 E-3.5
;WIPE_START
G1 F7200
G1 X99.252 Y133.541 E-.02794
G1 X98.938 Y134.233 E-.36096
G1 X98.321 Y134.749 E-.38206
G1 X97.832 Y134.88 E-.24047
G1 X97.458 Y134.946 E-.18039
G1 X96.826 Y134.802 E-.30818
;WIPE_END
G1 X93.494 Y147.106 F9000
G1 E5 F2400
;TYPE:Perimeter
;WIDTH:0.439999
G1 F7200
G1 X93.494 Y112.894 E1.12959
G1 X166.506 Y112.894 E2.41066
G1 X166.506 Y122.377 E.3131
G1 X166.506 Y147.106 E.81648
G1 X93.554 Y147.106 E2.40867
G1 X93.097 Y147.503 F9000
G1 F7200
G1 X93.097 Y112.497 E1.1558
G1 X166.903 Y112.497 E2.43687
G1 X166.903 Y122.377 E.32621
G1 X166.903 Y147.503 E.82959
G1 X93.157 Y147.503 E2.43489
G1 X92.71 Y147.89 F9000
;TYPE:External perimeter
;WIDTH:0.419999
G1 F3600
G1 X92.71 Y112.11 E1.12185
G1 X167.29 Y112.11 E2.3384
G1 X167.29 Y122.377 E.32191
G1 X167.29 Y147.89 E.79994
G1 X92.77 Y147.89 E2.33652
G1 E-3.5
;WIPE_START
G1 F7200
G1 X92.71 Y147.89 E-.0285
G1 X92.71 Y144.792 E-1.4715
;WIPE_END
G1 X93.908 Y113.232 F9000
G1 E5 F2400
;TYPE:Solid infill
;WIDTH:0.53634
G1 F7200
G1 X93.864 Y113.189 E.00252
G1 X93.804 Y113.204 E.00254
G1 X93.789 Y113.264 E.00254
G1 X93.832 Y113.308 E.00252
G1 X93.892 Y113.292 E.00255
;WIDTH:0.439999
G1 X93.8 Y113.926 E.02115
G1 X94.526 Y113.2 E.0339
G1 X95.087 Y113.2 E.01852
G1 X93.8 Y114.487 E.06009
G1 X93.8 Y115.049 E.01856
G1 X95.649 Y113.2 E.08634
G1 X96.211 Y113.2 E.01856
G1 X93.8 Y115.611 E.11258
G1 X93.8 Y116.172 E.01852
G1 X96.772 Y113.2 E.13877
G1 X97.334 Y113.2 E.01856
G1 X93.8 Y116.734 E.16501
G1 X93.8 Y117.295 E.01852
G1 X97.895 Y113.2 E.19121
G1 X98.457 Y113.2 E.01856
G1 X93.8 Y117.857 E.21745
G1 X93.8 Y118.418 E.01852
G1 X99.018 Y113.2 E.24365
G1 X99.58 Y113.2 E.01856
G1 X93.8 Y118.98 E.26989
G1 X93.8 Y119.541 E.01852
G1 X100.141 Y113.2 E.29608
G1 X100.703 Y113.2 E.01856
G1 X93.8 Y120.103 E.32232
G1 X93.8 Y120.665 E.01856
G1 X101.265 Y113.2 E.34857
G1 X101.826 Y113.2 E.01852
G1 X93.8 Y121.226 E.37476
G1 X93.8 Y121.788 E.01856
G1 X102.388 Y113.2 E.401
G1 X102.949 Y113.2 E.01852
G1 X93.8 Y122.349 E.4272
G1 X93.8 Y122.911 E.01856
G1 X103.511 Y113.2 E.45344
G1 X104.072 Y113.2 E.01852
G1 X93.8 Y123.472 E.47964
G1 X93.8 Y124.034 E.01856
G1 X104.634 Y113.2 E.50588
G1 X105.195 Y113.2 E.01852
G1 X93.8 Y124.595 E.53207
G1 X93.8 Y125.157 E.01856
G1 X105.757 Y113.2 E.55831
G1 X106.319 Y113.2 E.01856
G1 X93.8 Y125.719 E.58456
G1 X93.8 Y126.28 E.01852
G1 X106.88 Y113.2 E.61075
G1 X107.442 Y113.2 E.01856
G1 X93.8 Y126.842 E.63699
G1 X93.8 Y127.403 E.01852
G1 X108.003 Y113.2 E.66319
G1 X108.565 Y113.2 E.01856
G1 X93.8 Y127.965 E.68943
G1 X93.8 Y128.526 E.01852
G1 X109.126 Y113.2 E.71562
G1 X109.688 Y113.2 E.01856
G1 X93.8 Y129.088 E.74187
G1 X93.8 Y129.649 E.01852
G1 X110.249 Y113.2 E.76806
G1 X110.811 Y113.2 E.01856
G1 X93.8 Y130.211 E.7943
G1 X93.8 Y130.773 E.01856
G1 X111.373 Y113.2 E.82054
G1 X111.934 Y113.2 E.01852
G1 X93.8 Y131.334 E.84674
G1 X93.8 Y131.896 E.01856
G1 X112.496 Y113.2 E.87298
G1 X113.057 Y113.2 E.01852
G1 X93.8 Y132.457 E.89918
G1 X94.787 Y132.032 F9000
G1 F7200
G1 X93.94 Y132.878 E.03953
G1 X93.8 Y132.881 E.00462
G1 X93.8 Y138.634 E.18995
G1 X96.583 Y135.851 E.12995
G1 X96.24 Y135.75 E.01181
G1 X95.531 Y135.227 E.02909
G1 X95.099 Y134.734 E.02164
G1 X94.77 Y134.061 E.02473
G1 X94.657 Y133.702 E.01243
G1 X94.645 Y132.745 E.0316
G1 X94.757 Y132.257 E.01653
G1 X94.927 Y131.892 E.01329
G1 X95.034 Y131.741 E.00611
;WIDTH:0.41146
G1 X95.142 Y131.59 E.00569
;WIDTH:0.38292
G1 X95.501 Y131.191 E.01517
G1 X96.042 Y130.723 E.02022
G1 X96.092 Y130.727 E.00142
G1 X96.323 Y130.653 E.00686
;WIDTH:0.41146
G1 X96.323 Y130.574 E.00242
;WIDTH:0.439999
G1 X96.323 Y130.496 E.00258
G1 X113.619 Y113.2 E.80761
G1 X114.18 Y113.2 E.01852
G1 X97.077 Y130.303 E.7986
G1 X97.684 Y130.258 E.0201
G1 X114.742 Y113.2 E.7965
G1 X115.303 Y113.2 E.01852
G1 X98.145 Y130.358 E.80117
G1 X98.595 Y130.47 E.01531
G1 X115.865 Y113.2 E.8064
G1 X116.427 Y113.2 E.01856
G1 X98.969 Y130.658 E.81517
G1 X99.283 Y130.905 E.01319
G1 X116.988 Y113.2 E.82671
G1 X117.55 Y113.2 E.01856
G1 X99.594 Y131.156 E.83843
G1 X99.854 Y131.457 E.01313
G1 X118.111 Y113.2 E.85248
G1 X118.673 Y113.2 E.01856
G1 X100.039 Y131.833 E.87006
G1 X100.224 Y132.21 E.01387
G1 X119.234 Y113.2 E.88764
G1 X119.796 Y113.2 E.01856
G1 X100.349 Y132.647 E.90805
G1 X100.358 Y133.199 E.01823
G1 X120.357 Y113.2 E.93382
G1 X120.919 Y113.2 E.01856
G1 X100.326 Y133.793 E.96156
G1 X100.251 Y133.949 E.00572
;WIDTH:0.41146
G1 X100.176 Y134.104 E.00528
;WIDTH:0.38292
G1 X100.135 Y134.115 E.0012
G1 X100.116 Y134.044 E.00208
G1 X100.187 Y134.063 E.00208
G1 X99.67 Y135.14 F9000
G1 F7200
G1 X99.558 Y135.028 E.00448
;WIDTH:0.41146
G1 X99.69 Y134.944 E.00479
;WIDTH:0.439999
G1 X99.821 Y134.859 E.00516
G1 X121.481 Y113.2 E1.01136
G1 E-3.5 F3600
;WIPE_START
G1 F7200
G1 X119.248 Y115.433 E-1.5
;WIPE_END
G1 X97.03 Y135.966 F9000
G1 E5 F2400
G1 F7200
G1 X93.8 Y139.196 E.15082
G1 X93.8 Y139.757 E.01852
G1 X97.52 Y136.037 E.1737
G1 X98.531 Y135.741 F9000
;WIDTH:0.38292
G1 F7200
G1 X98.46 Y135.722 E.00208
G1 X98.479 Y135.793 E.00208
G1 X98.52 Y135.782 E.0012
;WIDTH:0.41146
G1 X98.365 Y135.845 E.00513
;WIDTH:0.439999
G1 X98.211 Y135.908 E.00549
G1 X93.8 Y140.319 E.20596
G1 X93.725 Y141.15 F9000
;WIDTH:0.38292
G1 F7200
G1 X93.654 Y141.131 E.00208
G1 X93.673 Y141.202 E.00208
G1 X93.714 Y141.191 E.0012
;WIDTH:0.41146
G1 X93.757 Y141.036 E.00493
;WIDTH:0.439999
G1 X93.8 Y140.881 E.00531
G1 X99.389 Y135.291 E.26099
G1 E-3.5 F3600
;WIPE_START
G1 F7200
G1 X97.156 Y137.524 E-1.5
;WIPE_END
G1 X93.8 Y141.442 F9000
G1 E5 F2400
G1 F7200
G1 X122.042 Y113.2 E1.31872
G1 X122.604 Y113.2 E.01856
G1 X93.8 Y142.004 E1.34496
G1 X93.8 Y142.565 E.01852
G1 X123.165 Y113.2 E1.37115
G1 X123.727 Y113.2 E.01856
G1 X93.8 Y143.127 E1.39739
G1 X93.8 Y143.688 E.01852
G1 X124.288 Y113.2 E1.42359
G1 X124.85 Y113.2 E.01856
G1 X93.8 Y144.25 E1.44983
G1 X93.8 Y144.811 E.01852
G1 X125.411 Y113.2 E1.47603
G1 X125.973 Y113.2 E.01856
G1 X93.8 Y145.373 E1.50227
G1 X93.8 Y145.935 E.01856
G1 X126.535 Y113.2 E1.52851
G1 X127.096 Y113.2 E.01852
G1 X93.8 Y146.496 E1.5547
G1 X93.779 Y146.684 E.00625
;WIDTH:0.41146
G1 X93.758 Y146.872 E.0058
;WIDTH:0.38292
G1 X93.687 Y146.853 E.00208
G1 X93.706 Y146.924 E.00208
G1 X93.747 Y146.913 E.0012
;WIDTH:0.439999
G1 X94.057 Y146.8 E.01089
G1 X127.658 Y113.2 E1.56892
G1 X128.219 Y113.2 E.01852
G1 X94.619 Y146.8 E1.5689
G1 X95.181 Y146.8 E.01856
G1 X128.781 Y113.2 E1.5689
G1 X129.342 Y113.2 E.01852
G1 X95.742 Y146.8 E1.5689
G1 X96.304 Y146.8 E.01856
G1 X129.904 Y113.2 E1.5689
G1 X130.465 Y113.2 E.01852
G1 X96.865 Y146.8 E1.5689
G1 X97.427 Y146.8 E.01856
G1 X131.027 Y113.2 E1.5689
G1 X131.589 Y113.2 E.01856
G1 X97.988 Y146.8 E1.56892
G1 X98.55 Y146.8 E.01856
G1 X132.15 Y113.2 E1.5689
G1 X132.712 Y113.2 E.01856
G1 X99.111 Y146.8 E1.56892
G1 X99.673 Y146.8 E.01856
G1 X133.273 Y113.2 E1.5689
G1 X133.835 Y113.2 E.01856
G1 X100.235 Y146.8 E1.5689
G1 X100.796 Y146.8 E.01852
G1 X134.396 Y113.2 E1.5689
G1 X134.958 Y113.2 E.01856
G1 X101.358 Y146.8 E1.5689
G1 X101.919 Y146.8 E.01852
G1 X135.519 Y113.2 E1.5689
G1 X136.081 Y113.2 E.01856
G1 X102.481 Y146.8 E1.5689
G1 X103.042 Y146.8 E.01852
G1 X136.643 Y113.2 E1.56892
G1 X137.204 Y113.2 E.01852
G1 X103.604 Y146.8 E1.5689
G1 X104.165 Y146.8 E.01852
G1 X137.766 Y113.2 E1.56892
G1 X138.327 Y113.2 E.01852
G1 X104.727 Y146.8 E1.5689
G1 X105.289 Y146.8 E.01856
G1 X138.889 Y113.2 E1.5689
G1 X139.45 Y113.2 E.01852
G1 X105.85 Y146.8 E1.5689
G1 X106.412 Y146.8 E.01856
G1 X140.012 Y113.2 E1.5689
G1 X140.573 Y113.2 E.01852
G1 X106.973 Y146.8 E1.5689
G1 X107.535 Y146.8 E.01856
G1 X141.135 Y113.2 E1.5689
G1 X141.697 Y113.2 E.01856
G1 X108.096 Y146.8 E1.56892
G1 X108.658 Y146.8 E.01856
G1 X142.258 Y113.2 E1.5689
G1 X142.82 Y113.2 E.01856
G1 X109.219 Y146.8 E1.56892
G1 X109.781 Y146.8 E.01856
G1 X143.381 Y113.2 E1.5689
G1 X143.943 Y113.2 E.01856
G1 X110.343 Y146.8 E1.5689
G1 X110.904 Y146.8 E.01852
G1 X144.504 Y113.2 E1.5689
G1 X145.066 Y113.2 E.01856
G1 X111.466 Y146.8 E1.5689
G1 X112.027 Y146.8 E.01852
G1 X145.627 Y113.2 E1.5689
G1 X146.189 Y113.2 E.01856
G1 X112.589 Y146.8 E1.5689
G1 X113.15 Y146.8 E.01852
G1 X146.751 Y113.2 E1.56892
G1 X147.312 Y113.2 E.01852
G1 X113.712 Y146.8 E1.5689
G1 X114.273 Y146.8 E.01852
G1 X147.874 Y113.2 E1.56892
G1 X148.435 Y113.2 E.01852
G1 X114.835 Y146.8 E1.5689
G1 X115.397 Y146.8 E.01856
G1 X148.997 Y113.2 E1.5689
G1 X149.558 Y113.2 E.01852
G1 X115.958 Y146.8 E1.5689
G1 X116.52 Y146.8 E.01856
G1 X150.12 Y113.2 E1.5689
G1 X150.681 Y113.2 E.01852
G1 X117.081 Y146.8 E1.5689
G1 X117.643 Y146.8 E.01856
G1 X151.243 Y113.2 E1.5689
G1 X151.805 Y113.2 E.01856
G1 X118.204 Y146.8 E1.56892
G1 X118.766 Y146.8 E.01856
G1 X152.366 Y113.2 E1.5689
G1 X152.928 Y113.2 E.01856
G1 X119.327 Y146.8 E1.56892
G1 X119.889 Y146.8 E.01856
G1 X153.489 Y113.2 E1.5689
G1 X154.051 Y113.2 E.01856
G1 X120.451 Y146.8 E1.5689
G1 X121.012 Y146.8 E.01852
G1 X154.612 Y113.2 E1.5689
G1 X155.174 Y113.2 E.01856
G1 X121.574 Y146.8 E1.5689
G1 X122.135 Y146.8 E.01852
G1 X155.735 Y113.2 E1.5689
G1 X156.297 Y113.2 E.01856
G1 X122.697 Y146.8 E1.5689
G1 X123.258 Y146.8 E.01852
G1 X156.858 Y113.2 E1.5689
G1 X157.42 Y113.2 E.01856
G1 X123.82 Y146.8 E1.5689
G1 X124.381 Y146.8 E.01852
G1 X157.982 Y113.2 E1.56892
G1 X158.543 Y113.2 E.01852
G1 X124.943 Y146.8 E1.5689
G1 X125.505 Y146.8 E.01856
G1 X159.105 Y113.2 E1.5689
G1 X159.666 Y113.2 E.01852
G1 X126.066 Y146.8 E1.5689
G1 X126.628 Y146.8 E.01856
G1 X160.228 Y113.2 E1.5689
G1 X160.789 Y113.2 E.01852
G1 X127.189 Y146.8 E1.5689
G1 X127.751 Y146.8 E.01856
G1 X161.351 Y113.2 E1.5689
G1 X161.912 Y113.2 E.01852
G1 X128.312 Y146.8 E1.5689
G1 X128.874 Y146.8 E.01856
G1 X162.474 Y113.2 E1.5689
G1 X163.036 Y113.2 E.01856
G1 X129.435 Y146.8 E1.56892
G1 X129.997 Y146.8 E.01856
G1 X163.597 Y113.2 E1.5689
G1 X164.159 Y113.2 E.01856
G1 X130.559 Y146.8 E1.5689
G1 X131.12 Y146.8 E.01852
G1 X164.72 Y113.2 E1.5689
G1 X165.282 Y113.2 E.01856
G1 X131.682 Y146.8 E1.5689
G1 X132.243 Y146.8 E.01852
G1 X165.843 Y113.2 E1.5689
G1 X166.331 Y113.099 E.01645
;WIDTH:0.38292
G1 X166.26 Y113.08 E.00208
G1 X166.279 Y113.151 E.00208
G1 X166.32 Y113.14 E.0012
;WIDTH:0.41146
G1 X166.26 Y113.272 E.00444
;WIDTH:0.439999
G1 X166.2 Y113.405 E.00482
G1 X132.805 Y146.8 E1.55933
G1 X133.366 Y146.8 E.01852
G1 X166.2 Y113.966 E1.53313
G1 X166.2 Y114.528 E.01856
G1 X133.928 Y146.8 E1.50689
G1 X134.489 Y146.8 E.01852
G1 X166.2 Y115.089 E1.4807
G1 X166.2 Y115.651 E.01856
G1 X135.051 Y146.8 E1.45445
G1 X135.613 Y146.8 E.01856
G1 X166.2 Y116.213 E1.42821
G1 X166.2 Y116.774 E.01852
G1 X136.174 Y146.8 E1.40202
G1 X136.736 Y146.8 E.01856
G1 X166.2 Y117.336 E1.37578
G1 X166.2 Y117.897 E.01852
G1 X137.297 Y146.8 E1.34958
G1 X137.859 Y146.8 E.01856
G1 X166.2 Y118.459 E1.32334
G1 X166.2 Y119.02 E.01852
G1 X138.42 Y146.8 E1.29714
G1 X138.982 Y146.8 E.01856
G1 X166.2 Y119.582 E1.2709
G1 X166.2 Y120.143 E.01852
G1 X139.543 Y146.8 E1.24471
G1 X140.105 Y146.8 E.01856
G1 X166.2 Y120.705 E1.21847
G1 X166.2 Y121.267 E.01856
G1 X140.666 Y146.8 E1.19225
G1 X141.228 Y146.8 E.01856
G1 X166.2 Y121.828 E1.16603
G1 X166.2 Y122.39 E.01856
G1 X141.79 Y146.8 E1.13979
G1 X142.351 Y146.8 E.01852
G1 X166.2 Y122.951 E1.11359
G1 X166.2 Y123.513 E.01856
G1 X142.913 Y146.8 E1.08735
G1 X143.474 Y146.8 E.01852
G1 X166.2 Y124.074 E1.06116
G1 X166.2 Y124.636 E.01856
G1 X144.036 Y146.8 E1.03491
G1 X144.908 Y146.946 F9000
;WIDTH:0.38292
G1 F7200
G1 X144.867 Y146.957 E.0012
G1 X144.848 Y146.886 E.00208
G1 X144.919 Y146.905 E.00208
;WIDTH:0.41146
G1 X144.758 Y146.853 E.00518
;WIDTH:0.439999
G1 X144.597 Y146.8 E.0056
G1 X166.2 Y125.197 E1.00872
G1 X166.2 Y125.759 E.01856
G1 X161.531 Y130.428 E.21801
G1 X161.504 Y130.515 E.00301
;WIDTH:0.41146
G1 X161.478 Y130.601 E.00275
;WIDTH:0.38292
G1 X161.229 Y130.622 E.00706
G1 X160.527 Y131.235 E.02635
G1 X160.35 Y131.411 E.00706
G1 X160.004 Y131.882 E.01652
;WIDTH:0.439999
G1 X159.797 Y132.162 E.0115
G1 X145.159 Y146.8 E.6835
G1 X145.72 Y146.8 E.01852
G1 X159.642 Y132.879 E.65004
G1 X159.642 Y133.44 E.01852
G1 X146.282 Y146.8 E.62382
G1 X146.844 Y146.8 E.01856
G1 X159.716 Y133.928 E.60104
G1 X159.893 Y134.313 E.01399
G1 X147.405 Y146.8 E.58308
G1 X147.967 Y146.8 E.01856
G1 X160.074 Y134.693 E.56532
G1 X160.304 Y135.025 E.01334
G1 X148.528 Y146.8 E.54984
G1 X149.09 Y146.8 E.01856
G1 X160.605 Y135.285 E.53768
G1 X160.92 Y135.531 E.0132
G1 X149.651 Y146.8 E.52619
G1 X150.213 Y146.8 E.01856
G1 X161.259 Y135.754 E.51578
G1 X161.691 Y135.884 E.0149
G1 X150.774 Y146.8 E.50973
G1 X151.336 Y146.8 E.01856
G1 X162.145 Y135.992 E.50469
G1 X162.673 Y136.024 E.01747
G1 X151.898 Y146.8 E.50315
G1 X152.459 Y146.8 E.01852
G1 X163.389 Y135.87 E.51036
G1 X163.554 Y135.769 E.00639
;WIDTH:0.41146
G1 X163.72 Y135.668 E.00595
;WIDTH:0.38292
G1 X163.692 Y135.688 E.00097
G1 X163.578 Y135.681 E.00323
G1 E-3.5 F3600
;WIPE_START
G1 F7200
G1 X163.692 Y135.688 E-.05425
G1 X163.72 Y135.668 E-.01634
G1 X163.554 Y135.769 E-.0923
G1 X163.389 Y135.87 E-.09189
G1 X161.535 Y137.724 E-1.24522
;WIPE_END
G1 X162.248 Y130.273 F9000
G1 E5 F2400
;WIDTH:0.439999
G1 F7200
G1 X166.2 Y126.32 E.18456
G1 X166.2 Y126.882 E.01856
G1 X162.806 Y130.276 E.15848
G1 X163.263 Y130.381 E.01548
G1 X166.2 Y127.444 E.13714
G1 X166.2 Y128.005 E.01852
G1 X163.701 Y130.504 E.11669
G1 X164.049 Y130.718 E.01349
G1 X166.2 Y128.567 E.10044
G1 X166.2 Y133.322 E.157
G1 X166.015 Y133.276 E.00629
G1 X165.898 Y133.361 E.00477
G1 X165.669 Y133.17 E.00985
G1 X165.477 Y133.221 E.00656
G1 X165.36 Y133.338 E.00546
G1 X165.355 Y132.745 E.01958
G1 X165.229 Y132.215 E.01799
G1 X164.901 Y131.546 E.0246
G1 X164.589 Y131.154 E.01654
G1 X164.362 Y130.967 E.00971
G1 X166.06 Y129.269 E.07929
G1 X165.803 Y130.087 F9000
G1 F7200
G1 X165.803 Y132.149 E.06808
;WIDTH:0.467759
G1 X165.789 Y132.415 E.00941
;WIDTH:0.495518
G1 X165.775 Y132.682 E.01006
G1 X165.767 Y132.651 E.0012
;WIDTH:0.491094
G1 X165.677 Y132.347 E.01181
;WIDTH:0.465547
G1 X165.586 Y132.043 E.01115
;WIDTH:0.439999
G1 X165.282 Y131.411 E.02316
G1 X164.936 Y130.953 E.01895
G1 X165.663 Y130.227 E.03392
G1 E-3.5 F3600
;WIPE_START
G1 F7200
G1 X164.936 Y130.953 E-.48803
G1 X165.282 Y131.411 E-.27265
G1 X165.586 Y132.043 E-.33312
G1 X165.677 Y132.347 E-.15073
G1 X165.767 Y132.651 E-.1506
G1 X165.775 Y132.682 E-.01521
G1 X165.785 Y132.494 E-.08966
;WIPE_END
G1 X165.617 Y133.642 F9000
G1 E5 F2400
G1 F7200
G1 X165.249 Y134.01 E.01718
G1 X165.151 Y134.151 E.00567
;WIDTH:0.41146
G1 X165.053 Y134.291 E.00524
;WIDTH:0.38292
G1 X164.797 Y134.651 E.01249
G1 X166.074 Y133.746 F9000
;WIDTH:0.439999
G1 F7200
G1 X153.021 Y146.8 E.60951
G1 X153.582 Y146.8 E.01852
G1 X166.2 Y134.182 E.58918
G1 X166.2 Y134.744 E.01856
G1 X154.144 Y146.8 E.56294
G1 X154.705 Y146.8 E.01852
G1 X166.2 Y135.305 E.53674
G1 X166.2 Y135.867 E.01856
G1 X155.267 Y146.8 E.5105
G1 X155.828 Y146.8 E.01852
G1 X166.2 Y136.428 E.4843
G1 X166.2 Y136.99 E.01856
G1 X156.39 Y146.8 E.45806
G1 X156.952 Y146.8 E.01856
G1 X166.2 Y137.552 E.43182
G1 X166.2 Y138.113 E.01852
G1 X157.513 Y146.8 E.40563
G1 X158.075 Y146.8 E.01856
G1 X166.2 Y138.675 E.37938
G1 X166.2 Y139.236 E.01852
G1 X158.636 Y146.8 E.35319
G1 X159.198 Y146.8 E.01856
G1 X166.2 Y139.798 E.32695
G1 X166.2 Y140.359 E.01852
G1 X159.759 Y146.8 E.30075
G1 X160.321 Y146.8 E.01856
G1 X166.2 Y140.921 E.27451
G1 X166.2 Y141.482 E.01852
G1 X160.882 Y146.8 E.24832
G1 X161.444 Y146.8 E.01856
G1 X166.2 Y142.044 E.22207
G1 X166.2 Y142.606 E.01856
G1 X162.006 Y146.8 E.19583
G1 X162.567 Y146.8 E.01852
G1 X166.2 Y143.167 E.16964
G1 X166.2 Y143.729 E.01856
G1 X163.129 Y146.8 E.1434
G1 X163.69 Y146.8 E.01852
G1 X166.2 Y144.29 E.1172
G1 X166.423 Y144.685 E.01498
;WIDTH:0.486658
G1 X166.384 Y144.646 E.00204
G1 X166.33 Y144.66 E.00206
G1 X166.316 Y144.714 E.00206
G1 X166.355 Y144.753 E.00204
G1 X166.409 Y144.739 E.00206
G1 X166.2 Y144.852 E.00877
;WIDTH:0.439999
G1 X164.252 Y146.8 E.09096
G1 X164.191 Y146.9 E.00387
;WIDTH:0.41146
G1 X164.129 Y147 E.00361
;WIDTH:0.38292
G1 X164.088 Y147.011 E.0012
G1 X164.069 Y146.94 E.00208
G1 X164.14 Y146.959 E.00208
G1 E-3.5 F3600
;WIPE_START
G1 F7200
G1 X164.069 Y146.94 E-.03491
G1 X164.088 Y147.011 E-.03491
G1 X164.129 Y147 E-.02016
G1 X164.191 Y146.9 E-.05589
G1 X164.252 Y146.8 E-.05564
G1 X166.185 Y144.867 E-1.29849
;WIPE_END
G1 X166.06 Y145.554 F9000
G1 E5 F2400
;WIDTH:0.439999
G1 F7200
G1 X164.813 Y146.8 E.0582
G1 X166.2 Y146.8 E.04579
G1 X166.2 Y145.413 E.04579
G1 X165.844 Y146.38 F9000
;WIDTH:0.45817
G1 F7200
G1 X165.807 Y146.344 E.00178
G1 X165.757 Y146.357 E.00178
G1 X165.744 Y146.407 E.00178
G1 X165.78 Y146.444 E.00178
G1 X165.831 Y146.431 E.00182
G1 E-3.5 F3600
;WIPE_START
G1 F7200
G1 X165.78 Y146.444 E-.025
G1 X165.744 Y146.407 E-.02452
G1 X165.757 Y146.357 E-.02454
G1 X165.807 Y146.344 E-.02454
G1 X165.844 Y146.38 E-.02452
;WIPE_END
G1 E-1.37688 F3600
G1 X94.233 Y133.794 F9000
G1 E5 F2400
;WIDTH:0.51202
G1 F7200
G1 X94.322 Y134.014 E.00926
;WIDTH:0.47601
G1 X94.412 Y134.234 E.00856
;WIDTH:0.439999
G1 X94.789 Y134.982 E.02766
G1 X95.101 Y135.373 E.01652
G1 X95.283 Y135.538 E.00811
G1 X95.879 Y135.994 E.02478
G1 X94.197 Y137.676 E.07854
G1 X94.197 Y134.988 E.08875
;WIDTH:0.470023
G1 X94.212 Y134.49 E.01769
;WIDTH:0.500046
G1 X94.227 Y133.993 E.0189
;WIDTH:0.51202
G1 X94.229 Y133.74 E.00987
;WIDTH:0.504884
G1 X94.22 Y133.192 E.02105
G1 E-3.5 F3600
;WIPE_START
G1 F7200
G1 X94.229 Y133.74 E-.26034
G1 X94.227 Y133.993 E-.12018
G1 X94.212 Y134.49 E-.23618
G1 X94.197 Y134.988 E-.23666
G1 X94.197 Y136.349 E-.64664
;WIPE_END
G1 X94.631 Y135.479 F9000
G1 E5 F2400
;WIDTH:0.513326
G1 F7200
G1 X94.762 Y135.644 E.00824
G1 X95.218 Y136.041 E.02365
G1 X94.631 Y136.629 E.0325
G1 X94.631 Y135.678 E.0372
;LAYER_CHANGE
;Z:2.6
;HEIGHT:0.2
;BEFORE_LAYER_CHANGE
G92 E0
;2.6


G1 E-3.5 F3600
;WIPE_START
G1 F7200
G1 X94.631 Y136.629 E-.45172
G1 X95.218 Y136.041 E-.39465
G1 X94.762 Y135.644 E-.28719
G1 X94.631 Y135.479 E-.10007
;WIPE_END
G1 E-.26637 F3600
G1 Z2.6 F9000
;AFTER_LAYER_CHANGE
;2.6
G1 X159.988 Y133.713
G1 E5 F2400
;TYPE:Perimeter
;WIDTH:0.439999
G1 F3600
G1 X159.947 Y133.554 E.00542
G1 X159.946 Y132.779 E.02559
G1 X160.021 Y132.405 E.01259
G1 X160.355 Y131.707 E.02555
G1 X160.574 Y131.412 E.01213
G1 X161.19 Y130.918 E.02607
G1 X161.492 Y130.755 E.01133
G1 X162.284 Y130.57 E.02685
G1 X162.55 Y130.547 E.00882
G1 X163.42 Y130.73 E.02935
G1 X163.81 Y130.918 E.01429
G1 X164.375 Y131.368 E.02385
G1 X164.645 Y131.707 E.01431
G1 X164.958 Y132.357 E.02382
G1 X165.054 Y132.779 E.01429
G1 X165.054 Y133.501 E.02384
G1 X164.958 Y133.923 E.01429
G1 X164.645 Y134.573 E.02382
G1 X164.375 Y134.912 E.01431
G1 X163.81 Y135.362 E.02385
G1 X163.42 Y135.55 E.01429
G1 X162.716 Y135.71 E.02384
G1 X162.406 Y135.73 E.01026
G1 X161.58 Y135.55 E.02791
G1 X161.275 Y135.423 E.01091
G1 X160.625 Y134.912 E.0273
G1 X160.393 Y134.644 E.0117
G1 X160.042 Y133.923 E.02648
G1 X160.003 Y133.771 E.00518
G1 X160.372 Y133.626 F9000
G1 F3600
G1 X160.343 Y133.501 E.00424
G1 X160.343 Y132.779 E.02384
G1 X160.4 Y132.529 E.00847
G1 X160.713 Y131.879 E.02382
G1 X160.873 Y131.679 E.00846
G1 X161.437 Y131.229 E.02382
G1 X161.668 Y131.117 E.00848
G1 X162.372 Y130.957 E.02384
G1 X162.628 Y130.957 E.00845
G1 X163.332 Y131.117 E.02384
G1 X163.563 Y131.229 E.00848
G1 X164.127 Y131.679 E.02382
G1 X164.287 Y131.879 E.00846
G1 X164.6 Y132.529 E.02382
G1 X164.657 Y132.779 E.00847
G1 X164.657 Y133.501 E.02384
G1 X164.6 Y133.751 E.00847
G1 X164.287 Y134.401 E.02382
G1 X164.127 Y134.601 E.00846
G1 X163.563 Y135.051 E.02382
G1 X163.332 Y135.163 E.00848
G1 X162.628 Y135.323 E.02384
G1 X162.372 Y135.323 E.00845
G1 X161.668 Y135.163 E.02384
G1 X161.437 Y135.051 E.00848
G1 X160.873 Y134.601 E.02382
G1 X160.713 Y134.401 E.00846
G1 X160.4 Y133.751 E.02382
G1 X160.385 Y133.684 E.00227
G1 X160.748 Y133.539 F9000
;TYPE:External perimeter
;WIDTH:0.419999
G1 F3600
G1 X160.73 Y132.779 E.02384
G1 X161.062 Y132.047 E.0252
G1 X161.679 Y131.531 E.02522
G1 X162.458 Y131.334 E.02519
G1 X163.246 Y131.495 E.02522
G1 X163.886 Y131.981 E.0252
G1 X164.251 Y132.697 E.0252
G1 X164.27 Y133.501 E.02522
G1 X163.938 Y134.233 E.0252
G1 X163.321 Y134.749 E.02522
G1 X162.542 Y134.946 E.02519
G1 X161.754 Y134.785 E.02522
G1 X161.114 Y134.299 E.0252
G1 X160.756 Y133.597 E.02471
G1 E-3.5
;WIPE_START
G1 F7200
G1 X160.748 Y133.539 E-.02781
G1 X160.73 Y132.779 E-.3611
G1 X161.062 Y132.047 E-.38179
G1 X161.679 Y131.531 E-.38206
G1 X162.388 Y131.352 E-.34724
;WIPE_END
G1 X100.014 Y133.714 F9000
G1 E5 F2400
;TYPE:Perimeter
;WIDTH:0.439999
G1 F3600
G1 X99.987 Y133.857 E.0048
G1 X99.645 Y134.573 E.0262
G1 X99.446 Y134.849 E.01123
G1 X98.81 Y135.362 E.02698
G1 X98.529 Y135.518 E.01061
G1 X98.006 Y135.644 E.01776
G1 X97.45 Y135.733 E.01859
G1 X96.58 Y135.55 E.02935
G1 X96.19 Y135.362 E.01429
G1 X95.625 Y134.912 E.02385
G1 X95.355 Y134.573 E.01431
G1 X95.042 Y133.923 E.02382
G1 X94.946 Y133.501 E.01429
G1 X94.946 Y132.779 E.02384
G1 X95.042 Y132.357 E.01429
G1 X95.355 Y131.707 E.02382
G1 X95.625 Y131.368 E.01431
G1 X96.19 Y130.918 E.02385
G1 X96.58 Y130.73 E.01429
G1 X97.284 Y130.57 E.02384
G1 X97.594 Y130.55 E.01026
G1 X98.42 Y130.73 E.02791
G1 X98.76 Y130.88 E.01227
G1 X99.375 Y131.368 E.02592
G1 X99.619 Y131.657 E.01249
G1 X99.958 Y132.357 E.02568
G1 X100.053 Y132.726 E.01258
G1 X100.054 Y133.501 E.02559
G1 X100.025 Y133.655 E.00517
G1 X99.628 Y133.626 F9000
G1 F3600
G1 X99.6 Y133.751 E.00423
G1 X99.287 Y134.401 E.02382
G1 X99.127 Y134.601 E.00846
G1 X98.563 Y135.051 E.02382
G1 X98.332 Y135.163 E.00848
G1 X97.628 Y135.323 E.02384
G1 X97.372 Y135.323 E.00845
G1 X96.668 Y135.163 E.02384
G1 X96.437 Y135.051 E.00848
G1 X95.873 Y134.601 E.02382
G1 X95.713 Y134.401 E.00846
G1 X95.4 Y133.751 E.02382
G1 X95.343 Y133.501 E.00847
G1 X95.343 Y132.779 E.02384
G1 X95.4 Y132.529 E.00847
G1 X95.713 Y131.879 E.02382
G1 X95.873 Y131.679 E.00846
G1 X96.437 Y131.229 E.02382
G1 X96.668 Y131.117 E.00848
G1 X97.372 Y130.957 E.02384
G1 X97.628 Y130.957 E.00845
G1 X98.332 Y131.117 E.02384
G1 X98.563 Y131.229 E.00848
G1 X99.127 Y131.679 E.02382
G1 X99.287 Y131.879 E.00846
G1 X99.6 Y132.529 E.02382
G1 X99.657 Y132.779 E.00847
G1 X99.657 Y133.501 E.02384
G1 X99.642 Y133.567 E.00223
G1 X99.252 Y133.541 F9000
;TYPE:External perimeter
;WIDTH:0.419999
G1 F3600
G1 X98.938 Y134.233 E.02383
G1 X98.321 Y134.749 E.02522
G1 X97.832 Y134.88 E.01587
G1 X97.458 Y134.946 E.01191
G1 X96.754 Y134.785 E.02264
G1 X96.114 Y134.299 E.0252
G1 X95.749 Y133.583 E.0252
G1 X95.73 Y132.779 E.02522
G1 X96.062 Y132.047 E.0252
G1 X96.679 Y131.531 E.02522
G1 X97.458 Y131.334 E.02519
G1 X98.246 Y131.495 E.02522
G1 X98.886 Y131.981 E.0252
G1 X99.251 Y132.697 E.0252
G1 X99.27 Y133.485 E.02471
G1 E-3.5
;WIPE_START
G1 F7200
G1 X99.252 Y133.541 E-.02794
G1 X98.938 Y134.233 E-.36096
G1 X98.321 Y134.749 E-.38206
G1 X97.832 Y134.88 E-.24047
G1 X97.458 Y134.946 E-.18039
G1 X96.826 Y134.802 E-.30818
;WIPE_END
G1 X93.494 Y147.106 F9000
G1 E5 F2400
;TYPE:Perimeter
;WIDTH:0.439999
G1 F7200
G1 X93.494 Y112.894 E1.12959
G1 X166.506 Y112.894 E2.41066
G1 X166.506 Y122.377 E.3131
G1 X166.506 Y147.106 E.81648
G1 X93.554 Y147.106 E2.40867
G1 X93.097 Y147.503 F9000
G1 F7200
G1 X93.097 Y112.497 E1.1558
G1 X166.903 Y112.497 E2.43687
G1 X166.903 Y122.377 E.32621
G1 X166.903 Y147.503 E.82959
G1 X93.157 Y147.503 E2.43489
G1 X92.71 Y147.89 F9000
;TYPE:External perimeter
;WIDTH:0.419999
G1 F3600
G1 X92.71 Y112.11 E1.12185
G1 X167.29 Y112.11 E2.3384
G1 X167.29 Y122.377 E.32191
G1 X167.29 Y147.89 E.79994
G1 X92.77 Y147.89 E2.33652
G1 X93.832 Y146.692 F9000
;TYPE:Solid infill
;WIDTH:0.53634
G1 F7200
G1 X93.789 Y146.736 E.00252
G1 X93.804 Y146.796 E.00254
G1 X93.864 Y146.811 E.00254
G1 X93.908 Y146.768 E.00252
G1 X93.892 Y146.708 E.00255
;WIDTH:0.439999
G1 X93.8 Y146.074 E.02115
G1 X94.526 Y146.8 E.0339
G1 X95.087 Y146.8 E.01852
G1 X93.8 Y145.513 E.06009
G1 X93.8 Y144.951 E.01856
G1 X95.649 Y146.8 E.08634
G1 X96.211 Y146.8 E.01856
G1 X93.8 Y144.389 E.11258
G1 X93.8 Y143.828 E.01852
G1 X96.772 Y146.8 E.13877
G1 X97.334 Y146.8 E.01856
G1 X93.8 Y143.266 E.16501
G1 X93.8 Y142.705 E.01852
G1 X97.895 Y146.8 E.19121
G1 X98.457 Y146.8 E.01856
G1 X93.8 Y142.143 E.21745
G1 X93.8 Y141.582 E.01852
G1 X99.018 Y146.8 E.24365
G1 X99.58 Y146.8 E.01856
G1 X93.8 Y141.02 E.26989
G1 X93.8 Y140.459 E.01852
G1 X100.141 Y146.8 E.29608
G1 X100.703 Y146.8 E.01856
G1 X93.8 Y139.897 E.32232
G1 X93.8 Y139.335 E.01856
G1 X101.265 Y146.8 E.34857
G1 X101.826 Y146.8 E.01852
G1 X93.8 Y138.774 E.37476
G1 X93.8 Y138.212 E.01856
G1 X102.388 Y146.8 E.401
G1 X102.949 Y146.8 E.01852
G1 X93.8 Y137.651 E.4272
G1 X93.8 Y137.089 E.01856
G1 X103.511 Y146.8 E.45344
G1 X104.072 Y146.8 E.01852
G1 X93.8 Y136.528 E.47964
G1 X93.8 Y135.966 E.01856
G1 X104.634 Y146.8 E.50588
G1 X105.195 Y146.8 E.01852
G1 X93.8 Y135.405 E.53207
G1 X93.8 Y134.843 E.01856
G1 X105.757 Y146.8 E.55831
G1 X106.319 Y146.8 E.01856
G1 X93.8 Y134.281 E.58456
G1 X93.845 Y133.765 E.0171
G1 X106.88 Y146.8 E.60865
G1 E-3.5 F3600
;WIPE_START
G1 F7200
G1 X104.647 Y144.567 E-1.5
;WIPE_END
G1 X96.944 Y135.786 F9000
G1 E5 F2400
;WIDTH:0.38292
G1 F7200
G1 X96.351 Y135.642 E.01725
G1 X96.198 Y135.648 E.00433
G1 X95.522 Y135.059 E.02535
G1 X95.176 Y134.673 E.01466
G1 X93.995 Y133.353 F9000
;WIDTH:0.439999
G1 F7200
G1 X94.831 Y134.19 E.03906
G1 X94.657 Y133.702 E.01711
G1 X94.645 Y132.745 E.0316
G1 X94.757 Y132.257 E.01653
G1 X95.076 Y131.583 E.02462
G1 X95.411 Y131.154 E.01797
G1 X96.226 Y130.539 E.03371
G1 X93.8 Y128.104 E.11349
G1 X93.8 Y133.337 E.17278
G1 X94.22 Y132.992 E.01795
;WIDTH:0.501852
G1 X94.228 Y132.65 E.01305
G1 X94.284 Y132.459 E.0076
;WIDTH:0.477371
G1 X94.369 Y132.169 E.01092
;WIDTH:0.439999
G1 X94.718 Y131.411 E.02755
G1 X95.101 Y130.907 E.0209
G1 X95.625 Y130.491 E.02209
G1 X94.197 Y129.063 E.06668
G1 X94.197 Y132.149 E.10189
;WIDTH:0.470926
G1 X94.212 Y132.4 E.00895
;WIDTH:0.501852
G1 X94.228 Y132.65 E.00956
G1 X94.58 Y130.945 F9000
;WIDTH:0.412437
G1 F7200
G1 X94.58 Y129.988 E.0294
G1 X95.041 Y130.449 E.02003
G1 X94.982 Y130.493 E.00226
G1 X94.712 Y130.796 E.01247
G1 X96.656 Y130.399 F9000
;WIDTH:0.439999
G1 F7200
G1 X93.8 Y127.543 E.13336
G1 X93.8 Y126.981 E.01856
G1 X97.114 Y130.295 E.15474
G1 X97.626 Y130.245 E.01699
G1 X93.8 Y126.42 E.17863
G1 X93.8 Y125.858 E.01856
G1 X98.342 Y130.401 E.2121
G1 X98.483 Y130.484 E.0054
;WIDTH:0.41146
G1 X98.623 Y130.567 E.00499
;WIDTH:0.38292
G1 X99.1 Y130.949 E.01728
G1 E-3.5 F3600
;WIPE_START
G1 F7200
G1 X98.623 Y130.567 E-.29028
G1 X98.483 Y130.484 E-.07731
G1 X98.342 Y130.401 E-.07772
G1 X96.772 Y128.831 E-1.05469
;WIPE_END
G1 X96.479 Y135.837 F9000
G1 E5 F2400
;WIDTH:0.439999
G1 F7200
G1 X107.442 Y146.8 E.5119
G1 X108.003 Y146.8 E.01852
G1 X97.21 Y136.007 E.50396
G1 X97.769 Y136.004 E.01846
G1 X108.565 Y146.8 E.5041
G1 X109.126 Y146.8 E.01852
G1 X98.23 Y135.904 E.50877
G1 X98.672 Y135.784 E.01512
G1 X109.688 Y146.8 E.51437
G1 X110.249 Y146.8 E.01852
G1 X99.028 Y135.579 E.52395
G1 X99.341 Y135.33 E.01321
G1 X110.811 Y146.8 E.53557
G1 X111.373 Y146.8 E.01856
G1 X99.646 Y135.073 E.54757
G1 X99.889 Y134.755 E.01321
G1 X111.934 Y146.8 E.56242
G1 X112.496 Y146.8 E.01856
G1 X100.077 Y134.381 E.57989
G1 X100.255 Y133.997 E.01397
G1 X113.057 Y146.8 E.59779
G1 X113.619 Y146.8 E.01856
G1 X100.358 Y133.539 E.6192
G1 X100.358 Y132.978 E.01852
G1 X114.18 Y146.8 E.6454
G1 X114.742 Y146.8 E.01856
G1 X100.278 Y132.336 E.67537
G1 E-3.5 F3600
;WIPE_START
G1 F7200
G1 X102.511 Y134.569 E-1.5
;WIPE_END
G1 X93.8 Y125.297 F9000
G1 E5 F2400
G1 F7200
G1 X115.303 Y146.8 E1.00405
G1 X115.865 Y146.8 E.01856
G1 X93.8 Y124.735 E1.03029
G1 X93.8 Y124.173 E.01856
G1 X116.427 Y146.8 E1.05653
G1 X116.988 Y146.8 E.01852
G1 X93.8 Y123.612 E1.08273
G1 X93.8 Y123.05 E.01856
G1 X117.55 Y146.8 E1.10897
G1 X118.111 Y146.8 E.01852
G1 X93.8 Y122.489 E1.13516
G1 X93.8 Y121.927 E.01856
G1 X118.673 Y146.8 E1.16141
G1 X119.234 Y146.8 E.01852
G1 X93.8 Y121.366 E1.1876
G1 X93.8 Y120.804 E.01856
G1 X119.796 Y146.8 E1.21384
G1 X120.357 Y146.8 E.01852
G1 X93.8 Y120.243 E1.24004
G1 X93.8 Y119.681 E.01856
G1 X120.919 Y146.8 E1.26628
G1 X121.481 Y146.8 E.01856
G1 X93.8 Y119.119 E1.29252
G1 X93.8 Y118.558 E.01852
G1 X122.042 Y146.8 E1.31872
G1 X122.604 Y146.8 E.01856
G1 X93.8 Y117.996 E1.34496
G1 X93.8 Y117.435 E.01852
G1 X123.165 Y146.8 E1.37115
G1 X123.727 Y146.8 E.01856
G1 X93.8 Y116.873 E1.39739
G1 X93.8 Y116.312 E.01852
G1 X124.288 Y146.8 E1.42359
G1 X124.85 Y146.8 E.01856
G1 X93.8 Y115.75 E1.44983
G1 X93.8 Y115.189 E.01852
G1 X125.411 Y146.8 E1.47603
G1 X125.973 Y146.8 E.01856
G1 X93.8 Y114.627 E1.50227
G1 X93.8 Y114.065 E.01856
G1 X126.535 Y146.8 E1.52851
G1 X127.096 Y146.8 E.01852
G1 X93.8 Y113.504 E1.5547
G1 X93.706 Y113.076 E.01447
;WIDTH:0.38292
G1 X93.687 Y113.147 E.00208
G1 X93.758 Y113.128 E.00208
G1 X93.747 Y113.087 E.0012
;WIDTH:0.41146
G1 X93.902 Y113.143 E.00505
;WIDTH:0.439999
G1 X94.057 Y113.2 E.00545
G1 X127.658 Y146.8 E1.56892
G1 X128.219 Y146.8 E.01852
G1 X94.619 Y113.2 E1.5689
G1 X95.181 Y113.2 E.01856
G1 X128.781 Y146.8 E1.5689
G1 X129.342 Y146.8 E.01852
G1 X95.742 Y113.2 E1.5689
G1 X96.304 Y113.2 E.01856
G1 X129.904 Y146.8 E1.5689
G1 X130.465 Y146.8 E.01852
G1 X96.865 Y113.2 E1.5689
G1 X97.427 Y113.2 E.01856
G1 X131.027 Y146.8 E1.5689
G1 X131.589 Y146.8 E.01856
G1 X97.988 Y113.2 E1.56892
G1 X98.55 Y113.2 E.01856
G1 X132.15 Y146.8 E1.5689
G1 X132.712 Y146.8 E.01856
G1 X99.111 Y113.2 E1.56892
G1 X99.673 Y113.2 E.01856
G1 X133.273 Y146.8 E1.5689
G1 X133.835 Y146.8 E.01856
G1 X100.235 Y113.2 E1.5689
G1 X100.796 Y113.2 E.01852
G1 X134.396 Y146.8 E1.5689
G1 X134.958 Y146.8 E.01856
G1 X101.358 Y113.2 E1.5689
G1 X101.919 Y113.2 E.01852
G1 X135.519 Y146.8 E1.5689
G1 X136.081 Y146.8 E.01856
G1 X102.481 Y113.2 E1.5689
G1 X103.042 Y113.2 E.01852
G1 X136.643 Y146.8 E1.56892
G1 X137.204 Y146.8 E.01852
G1 X103.604 Y113.2 E1.5689
G1 X104.165 Y113.2 E.01852
G1 X137.766 Y146.8 E1.56892
G1 X138.327 Y146.8 E.01852
G1 X104.727 Y113.2 E1.5689
G1 X105.289 Y113.2 E.01856
G1 X138.889 Y146.8 E1.5689
G1 X139.45 Y146.8 E.01852
G1 X105.85 Y113.2 E1.5689
G1 X106.412 Y113.2 E.01856
G1 X140.012 Y146.8 E1.5689
G1 X140.573 Y146.8 E.01852
G1 X106.973 Y113.2 E1.5689
G1 X107.535 Y113.2 E.01856
G1 X141.135 Y146.8 E1.5689
G1 X141.697 Y146.8 E.01856
G1 X108.096 Y113.2 E1.56892
G1 X108.658 Y113.2 E.01856
G1 X142.258 Y146.8 E1.5689
G1 X142.82 Y146.8 E.01856
G1 X109.219 Y113.2 E1.56892
G1 X109.781 Y113.2 E.01856
G1 X143.381 Y146.8 E1.5689
G1 X143.943 Y146.8 E.01856
G1 X110.343 Y113.2 E1.5689
G1 X110.904 Y113.2 E.01852
G1 X144.504 Y146.8 E1.5689
G1 X145.066 Y146.8 E.01856
G1 X111.466 Y113.2 E1.5689
G1 X112.027 Y113.2 E.01852
G1 X145.627 Y146.8 E1.5689
G1 X146.189 Y146.8 E.01856
G1 X112.589 Y113.2 E1.5689
G1 X113.15 Y113.2 E.01852
G1 X146.751 Y146.8 E1.56892
G1 X147.312 Y146.8 E.01852
G1 X113.712 Y113.2 E1.5689
G1 X114.273 Y113.2 E.01852
G1 X147.874 Y146.8 E1.56892
G1 X148.435 Y146.8 E.01852
G1 X114.835 Y113.2 E1.5689
G1 X115.397 Y113.2 E.01856
G1 X148.997 Y146.8 E1.5689
G1 X149.558 Y146.8 E.01852
G1 X115.958 Y113.2 E1.5689
G1 X116.52 Y113.2 E.01856
G1 X150.12 Y146.8 E1.5689
G1 X150.681 Y146.8 E.01852
G1 X117.081 Y113.2 E1.5689
G1 X117.643 Y113.2 E.01856
G1 X151.243 Y146.8 E1.5689
G1 X151.804 Y146.8 E.01852
G1 X118.204 Y113.2 E1.5689
G1 X118.766 Y113.2 E.01856
G1 X152.366 Y146.8 E1.5689
G1 X152.928 Y146.8 E.01856
G1 X119.327 Y113.2 E1.56892
G1 X119.889 Y113.2 E.01856
G1 X153.489 Y146.8 E1.5689
G1 X154.051 Y146.8 E.01856
G1 X120.451 Y113.2 E1.5689
G1 X121.012 Y113.2 E.01852
G1 X154.612 Y146.8 E1.5689
G1 X155.174 Y146.8 E.01856
G1 X121.574 Y113.2 E1.5689
G1 X122.135 Y113.2 E.01852
G1 X155.735 Y146.8 E1.5689
G1 X156.297 Y146.8 E.01856
G1 X122.697 Y113.2 E1.5689
G1 X123.258 Y113.2 E.01852
G1 X156.858 Y146.8 E1.5689
G1 X157.42 Y146.8 E.01856
G1 X123.82 Y113.2 E1.5689
G1 X124.381 Y113.2 E.01852
G1 X157.982 Y146.8 E1.56892
G1 X158.543 Y146.8 E.01852
G1 X124.943 Y113.2 E1.5689
G1 X125.505 Y113.2 E.01856
G1 X159.105 Y146.8 E1.5689
G1 X159.666 Y146.8 E.01852
G1 X126.066 Y113.2 E1.5689
G1 X126.628 Y113.2 E.01856
G1 X160.228 Y146.8 E1.5689
G1 X160.789 Y146.8 E.01852
G1 X127.189 Y113.2 E1.5689
G1 X127.751 Y113.2 E.01856
G1 X161.351 Y146.8 E1.5689
G1 X161.912 Y146.8 E.01852
G1 X128.312 Y113.2 E1.5689
G1 X128.874 Y113.2 E.01856
G1 X162.474 Y146.8 E1.5689
G1 X163.036 Y146.8 E.01856
G1 X129.435 Y113.2 E1.56892
G1 X129.997 Y113.2 E.01856
G1 X163.597 Y146.8 E1.5689
G1 X164.159 Y146.8 E.01856
G1 X130.559 Y113.2 E1.5689
G1 X131.12 Y113.2 E.01852
G1 X164.72 Y146.8 E1.5689
G1 X165.282 Y146.8 E.01856
G1 X131.682 Y113.2 E1.5689
G1 X132.243 Y113.2 E.01852
G1 X165.843 Y146.8 E1.5689
G1 X166.32 Y146.86 E.01587
;WIDTH:0.38292
G1 X166.331 Y146.901 E.0012
G1 X166.26 Y146.92 E.00208
G1 X166.279 Y146.849 E.00208
;WIDTH:0.41146
G1 X166.24 Y146.722 E.00407
;WIDTH:0.439999
G1 X166.2 Y146.595 E.0044
G1 X132.805 Y113.2 E1.55933
G1 X133.366 Y113.2 E.01852
G1 X166.2 Y146.034 E1.53313
G1 X166.2 Y145.472 E.01856
G1 X133.928 Y113.2 E1.50689
G1 X134.489 Y113.2 E.01852
G1 X166.2 Y144.911 E1.4807
G1 X166.2 Y144.349 E.01856
G1 X135.051 Y113.2 E1.45445
G1 X135.613 Y113.2 E.01856
G1 X166.2 Y143.787 E1.42821
G1 X166.2 Y143.226 E.01852
G1 X136.174 Y113.2 E1.40202
G1 X136.736 Y113.2 E.01856
G1 X166.2 Y142.664 E1.37578
G1 X166.2 Y142.103 E.01852
G1 X137.297 Y113.2 E1.34958
G1 X137.859 Y113.2 E.01856
G1 X166.2 Y141.541 E1.32334
G1 X166.4 Y141.102 E.01593
;WIDTH:0.38292
G1 X166.411 Y141.143 E.0012
G1 X166.34 Y141.162 E.00208
G1 X166.359 Y141.091 E.00208
;WIDTH:0.41146
G1 X166.279 Y141.035 E.00299
;WIDTH:0.439999
G1 X166.2 Y140.98 E.00318
G1 X138.42 Y113.2 E1.29714
G1 X138.982 Y113.2 E.01856
G1 X159.718 Y133.937 E.96826
G1 X159.811 Y134.056 E.00499
;WIDTH:0.41146
G1 X159.903 Y134.176 E.00463
;WIDTH:0.38292
G1 X159.884 Y134.247 E.00208
G1 X159.955 Y134.228 E.00208
G1 X159.944 Y134.187 E.0012
G1 X159.642 Y133.298 F9000
;WIDTH:0.439999
G1 F7200
G1 X139.543 Y113.2 E.93847
G1 X140.105 Y113.2 E.01856
G1 X159.642 Y132.737 E.91225
G1 X159.746 Y132.28 E.01547
G1 X140.666 Y113.2 E.89091
G1 X141.228 Y113.2 E.01856
G1 X159.925 Y131.897 E.87303
G1 X160.112 Y131.522 E.01384
G1 X141.79 Y113.2 E.85552
G1 X142.351 Y113.2 E.01852
G1 X160.356 Y131.205 E.84072
G1 X160.661 Y130.949 E.01315
G1 X142.913 Y113.2 E.82874
G1 X143.474 Y113.2 E.01852
G1 X160.974 Y130.699 E.81711
G1 X161.333 Y130.497 E.0136
G1 X144.036 Y113.2 E.80766
G1 X144.597 Y113.2 E.01852
G1 X161.773 Y130.376 E.80201
G1 X162.235 Y130.276 E.01561
G1 X145.159 Y113.2 E.79734
G1 X145.72 Y113.2 E.01852
G1 X162.794 Y130.274 E.79724
G1 X163.06 Y130.495 E.01142
;WIDTH:0.38292
G1 X163.655 Y130.64 E.01731
G1 X163.808 Y130.635 E.00433
G1 X164.479 Y131.22 E.02517
G1 X164.825 Y131.606 E.01466
G1 X164.966 Y131.802 E.00683
G1 X163.527 Y130.445 F9000
;WIDTH:0.439999
G1 F7200
G1 X146.282 Y113.2 E.80523
G1 E-3.5 F3600
;WIPE_START
G1 F7200
G1 X148.515 Y115.433 E-1.5
;WIPE_END
G1 X161.079 Y135.49 F9000
G1 E5 F2400
;WIDTH:0.38292
G1 F7200
G1 X161.384 Y135.712 E.01066
G1 X161.079 Y135.49 E.01066
;WIDTH:0.439999
G1 X161.665 Y135.883 E.0233
G1 X166.2 Y140.418 E.21175
G1 X166.253 Y140.538 E.00433
;WIDTH:0.41146
G1 X166.305 Y140.658 E.00401
;WIDTH:0.38292
G1 X166.286 Y140.729 E.00208
G1 X166.357 Y140.71 E.00208
G1 X166.346 Y140.669 E.0012
G1 X166.2 Y139.857 F9000
;WIDTH:0.439999
G1 F7200
G1 X162.366 Y136.022 E.17905
G1 X162.889 Y135.984 E.01731
G1 X166.2 Y139.295 E.1546
G1 X166.2 Y138.734 E.01852
G1 X163.347 Y135.88 E.13324
G1 X163.772 Y135.743 E.01474
G1 X166.2 Y138.172 E.1134
G1 X166.4 Y137.733 E.01593
;WIDTH:0.38292
G1 X166.411 Y137.774 E.0012
G1 X166.34 Y137.793 E.00208
G1 X166.359 Y137.722 E.00208
;WIDTH:0.41146
G1 X166.279 Y137.666 E.00299
;WIDTH:0.439999
G1 X166.2 Y137.61 E.0032
G1 X164.106 Y135.517 E.09775
G1 E-3.5 F3600
;WIPE_START
G1 F7200
G1 X166.2 Y137.61 E-1.40631
G1 X166.279 Y137.666 E-.046
G1 X166.359 Y137.722 E-.04638
G1 X166.358 Y137.725 E-.00131
;WIPE_END
G1 X165.355 Y133.037 F9000
G1 E5 F2400
G1 F7200
G1 X165.343 Y133.689 E.02153
G1 X165.23 Y134.061 E.01284
G1 X164.924 Y134.697 E.0233
G1 X164.589 Y135.126 E.01797
G1 X164.419 Y135.268 E.00731
G1 X166.2 Y137.049 E.08316
G1 X166.2 Y132.955 E.13517
G1 X166.08 Y132.978 E.00403
G1 X165.982 Y132.9 E.00414
G1 X165.841 Y133.04 E.00656
G1 X165.724 Y133.097 E.0043
G1 X165.561 Y133.04 E.0057
G1 X165.359 Y132.838 E.00943
G1 X165.701 Y132.619 E.01341
G1 X165.165 Y132.083 E.02503
G1 X166.158 Y132.514 F9000
G1 F7200
G1 X146.844 Y113.2 E.90184
G1 X147.405 Y113.2 E.01852
G1 X166.2 Y131.995 E.8776
G1 X166.2 Y131.433 E.01856
G1 X147.967 Y113.2 E.85136
G1 X148.528 Y113.2 E.01852
G1 X166.2 Y130.872 E.82517
G1 X166.2 Y130.31 E.01856
G1 X149.09 Y113.2 E.79892
G1 X149.651 Y113.2 E.01852
G1 X166.2 Y129.749 E.77273
G1 X166.2 Y129.187 E.01856
G1 X150.213 Y113.2 E.74649
G1 X150.774 Y113.2 E.01852
G1 X166.2 Y128.626 E.72029
G1 X166.2 Y128.064 E.01856
G1 X151.336 Y113.2 E.69405
G1 X151.898 Y113.2 E.01856
G1 X166.2 Y127.502 E.66781
G1 X166.2 Y126.941 E.01852
G1 X152.459 Y113.2 E.64161
G1 X153.021 Y113.2 E.01856
G1 X166.2 Y126.379 E.61537
G1 X166.2 Y125.818 E.01852
G1 X153.582 Y113.2 E.58918
G1 X154.144 Y113.2 E.01856
G1 X166.2 Y125.256 E.56294
G1 X166.2 Y124.695 E.01852
G1 X154.705 Y113.2 E.53674
G1 X155.267 Y113.2 E.01856
G1 X166.2 Y124.133 E.5105
G1 X166.2 Y123.572 E.01852
G1 X155.828 Y113.2 E.4843
G1 X156.39 Y113.2 E.01856
G1 X166.2 Y123.01 E.45806
G1 X166.2 Y122.448 E.01856
G1 X156.952 Y113.2 E.43182
G1 X157.513 Y113.2 E.01852
G1 X166.2 Y121.887 E.40563
G1 X166.2 Y121.325 E.01856
G1 X158.075 Y113.2 E.37938
G1 X158.636 Y113.2 E.01852
G1 X166.2 Y120.764 E.35319
G1 X166.2 Y120.202 E.01856
G1 X159.198 Y113.2 E.32695
G1 X159.759 Y113.2 E.01852
G1 X166.2 Y119.641 E.30075
G1 X166.2 Y119.079 E.01856
G1 X160.321 Y113.2 E.27451
G1 X160.882 Y113.2 E.01852
G1 X166.2 Y118.518 E.24832
G1 X166.2 Y117.956 E.01856
G1 X161.444 Y113.2 E.22207
G1 X162.006 Y113.2 E.01856
G1 X166.2 Y117.394 E.19583
G1 X166.2 Y116.833 E.01852
G1 X162.567 Y113.2 E.16964
G1 X163.129 Y113.2 E.01856
G1 X166.2 Y116.271 E.1434
G1 X166.2 Y115.71 E.01852
G1 X163.69 Y113.2 E.1172
G1 X164.252 Y113.2 E.01856
G1 X166.2 Y115.148 E.09096
G1 E-3.5 F3600
;WIPE_START
G1 F7200
G1 X164.252 Y113.2 E-1.30857
G1 X163.849 Y113.2 E-.19143
;WIPE_END
G1 X164.954 Y113.34 F9000
G1 E5 F2400
G1 F7200
G1 X166.2 Y114.587 E.0582
G1 X166.2 Y113.2 E.04579
G1 X164.813 Y113.2 E.04579
G1 X165.78 Y113.556 F9000
;WIDTH:0.458174
G1 F7200
G1 X165.744 Y113.593 E.00178
G1 X165.757 Y113.643 E.00178
G1 X165.807 Y113.656 E.00178
G1 X165.844 Y113.62 E.00178
G1 X165.831 Y113.569 E.00182
G1 E-3.5 F3600
;WIPE_START
G1 F7200
G1 X165.844 Y113.62 E-.025
G1 X165.807 Y113.656 E-.02452
G1 X165.757 Y113.643 E-.02454
G1 X165.744 Y113.593 E-.02454
G1 X165.78 Y113.556 E-.02452
;WIPE_END
G1 E-1.37688 F3600
G1 X165.756 Y133.882 F9000
G1 E5 F2400
;WIDTH:0.533378
G1 F7200
G1 X165.773 Y133.521 E.01474
G1 X165.756 Y133.882 E.01474
;WIDTH:0.562901
G1 X165.742 Y134.082 E.00867
;WIDTH:0.592424
G1 X165.727 Y134.283 E.00921
G1 X165.727 Y135.906 E.07416
G1 X165.084 Y135.264 E.04152
G1 X165.351 Y134.902 E.02055
G1 X165.657 Y134.267 E.03221
G1 X165.707 Y134.074 E.00911
;LAYER_CHANGE
;Z:2.8
;HEIGHT:0.2
;BEFORE_LAYER_CHANGE
G92 E0
;2.8


G1 E-3.5 F3600
;WIPE_START
G1 F7200
G1 X165.657 Y134.267 E-.0947
G1 X165.351 Y134.902 E-.33482
G1 X165.084 Y135.264 E-.21366
G1 X165.727 Y135.906 E-.4316
G1 X165.727 Y135.011 E-.42522
;WIPE_END
G1 Z2.8 F9000
;AFTER_LAYER_CHANGE
;2.8
G1 X165.006 Y133.712
G1 E5 F2400
;TYPE:Perimeter
;WIDTH:0.439999
G1 F3600
G1 X164.958 Y133.923 E.00714
G1 X164.645 Y134.573 E.02382
G1 X164.375 Y134.912 E.01431
G1 X163.81 Y135.362 E.02385
G1 X163.42 Y135.55 E.01429
G1 X162.716 Y135.71 E.02384
G1 X162.406 Y135.73 E.01026
G1 X161.58 Y135.55 E.02791
G1 X161.275 Y135.423 E.01091
G1 X160.625 Y134.912 E.0273
G1 X160.393 Y134.644 E.0117
G1 X160.042 Y133.923 E.02648
G1 X159.947 Y133.554 E.01258
G1 X159.946 Y132.779 E.02559
G1 X160.021 Y132.405 E.01259
G1 X160.356 Y131.706 E.02559
G1 X160.583 Y131.404 E.01247
G1 X161.226 Y130.903 E.02691
G1 X161.516 Y130.749 E.01084
G1 X162.284 Y130.57 E.02604
G1 X162.55 Y130.547 E.00882
G1 X163.42 Y130.73 E.02935
G1 X163.81 Y130.918 E.01429
G1 X164.375 Y131.368 E.02385
G1 X164.645 Y131.707 E.01431
G1 X164.958 Y132.357 E.02382
G1 X165.054 Y132.779 E.01429
G1 X165.054 Y133.501 E.02384
G1 X165.019 Y133.653 E.00515
G1 X164.628 Y133.626 F9000
G1 F3600
G1 X164.6 Y133.751 E.00423
G1 X164.287 Y134.401 E.02382
G1 X164.127 Y134.601 E.00846
G1 X163.563 Y135.051 E.02382
G1 X163.332 Y135.163 E.00848
G1 X162.628 Y135.323 E.02384
G1 X162.372 Y135.323 E.00845
G1 X161.668 Y135.163 E.02384
G1 X161.437 Y135.051 E.00848
G1 X160.873 Y134.601 E.02382
G1 X160.713 Y134.401 E.00846
G1 X160.4 Y133.751 E.02382
G1 X160.343 Y133.501 E.00847
G1 X160.343 Y132.779 E.02384
G1 X160.4 Y132.529 E.00847
G1 X160.713 Y131.879 E.02382
G1 X160.88 Y131.673 E.00876
G1 X161.469 Y131.218 E.02457
G1 X161.693 Y131.112 E.00818
G1 X162.372 Y130.957 E.023
G1 X162.628 Y130.957 E.00845
G1 X163.332 Y131.117 E.02384
G1 X163.563 Y131.229 E.00848
G1 X164.127 Y131.679 E.02382
G1 X164.287 Y131.879 E.00846
G1 X164.6 Y132.529 E.02382
G1 X164.657 Y132.779 E.00847
G1 X164.657 Y133.501 E.02384
G1 X164.642 Y133.567 E.00223
G1 X164.252 Y133.541 F9000
;TYPE:External perimeter
;WIDTH:0.419999
G1 F3600
G1 X163.938 Y134.233 E.02383
G1 X163.321 Y134.749 E.02522
G1 X162.542 Y134.946 E.02519
G1 X161.754 Y134.785 E.02522
G1 X161.114 Y134.299 E.0252
G1 X160.749 Y133.583 E.0252
G1 X160.73 Y132.779 E.02522
G1 X161.062 Y132.047 E.0252
G1 X161.706 Y131.524 E.02601
G1 X162.458 Y131.334 E.02432
G1 X163.246 Y131.495 E.02522
G1 X163.886 Y131.981 E.0252
G1 X164.251 Y132.697 E.0252
G1 X164.27 Y133.485 E.02471
G1 E-3.5
;WIPE_START
G1 F7200
G1 X164.252 Y133.541 E-.02794
G1 X163.938 Y134.233 E-.36096
G1 X163.321 Y134.749 E-.38206
G1 X162.542 Y134.946 E-.38167
G1 X161.826 Y134.8 E-.34737
;WIPE_END
G1 X100.014 Y133.714 F9000
G1 E5 F2400
;TYPE:Perimeter
;WIDTH:0.439999
G1 F3600
G1 X99.987 Y133.857 E.0048
G1 X99.645 Y134.573 E.0262
G1 X99.446 Y134.849 E.01123
G1 X98.81 Y135.362 E.02698
G1 X98.529 Y135.518 E.01061
G1 X98.006 Y135.644 E.01776
G1 X97.45 Y135.733 E.01859
G1 X96.58 Y135.55 E.02935
G1 X96.19 Y135.362 E.01429
G1 X95.625 Y134.912 E.02385
G1 X95.355 Y134.573 E.01431
G1 X95.042 Y133.923 E.02382
G1 X94.946 Y133.501 E.01429
G1 X94.946 Y132.779 E.02384
G1 X95.042 Y132.357 E.01429
G1 X95.356 Y131.707 E.02383
G1 X95.637 Y131.359 E.01477
G1 X96.226 Y130.903 E.02459
G1 X96.605 Y130.725 E.01382
G1 X97.284 Y130.57 E.023
G1 X97.594 Y130.55 E.01026
G1 X98.42 Y130.73 E.02791
G1 X98.76 Y130.88 E.01227
G1 X99.375 Y131.368 E.02592
G1 X99.619 Y131.657 E.01249
G1 X99.958 Y132.357 E.02568
G1 X100.053 Y132.726 E.01258
G1 X100.054 Y133.501 E.02559
G1 X100.025 Y133.655 E.00517
G1 X99.628 Y133.626 F9000
G1 F3600
G1 X99.6 Y133.751 E.00423
G1 X99.287 Y134.401 E.02382
G1 X99.127 Y134.601 E.00846
G1 X98.563 Y135.051 E.02382
G1 X98.332 Y135.163 E.00848
G1 X97.628 Y135.323 E.02384
G1 X97.372 Y135.323 E.00845
G1 X96.668 Y135.163 E.02384
G1 X96.437 Y135.051 E.00848
G1 X95.873 Y134.601 E.02382
G1 X95.713 Y134.401 E.00846
G1 X95.4 Y133.751 E.02382
G1 X95.343 Y133.501 E.00847
G1 X95.343 Y132.779 E.02384
G1 X95.4 Y132.529 E.00847
G1 X95.713 Y131.879 E.02382
G1 X95.88 Y131.673 E.00876
G1 X96.469 Y131.218 E.02457
G1 X96.693 Y131.112 E.00818
G1 X97.372 Y130.957 E.023
G1 X97.628 Y130.957 E.00845
G1 X98.332 Y131.117 E.02384
G1 X98.563 Y131.229 E.00848
G1 X99.127 Y131.679 E.02382
G1 X99.287 Y131.879 E.00846
G1 X99.6 Y132.529 E.02382
G1 X99.657 Y132.779 E.00847
G1 X99.657 Y133.501 E.02384
G1 X99.642 Y133.567 E.00223
G1 X99.252 Y133.541 F9000
;TYPE:External perimeter
;WIDTH:0.419999
G1 F3600
G1 X98.938 Y134.233 E.02383
G1 X98.321 Y134.749 E.02522
G1 X97.832 Y134.88 E.01587
G1 X97.458 Y134.946 E.01191
G1 X96.754 Y134.785 E.02264
G1 X96.114 Y134.299 E.0252
G1 X95.749 Y133.583 E.0252
G1 X95.73 Y132.779 E.02522
G1 X96.062 Y132.047 E.0252
G1 X96.706 Y131.524 E.02601
G1 X97.458 Y131.334 E.02432
G1 X98.246 Y131.495 E.02522
G1 X98.886 Y131.981 E.0252
G1 X99.251 Y132.697 E.0252
G1 X99.27 Y133.485 E.02471
G1 E-3.5
;WIPE_START
G1 F7200
G1 X99.252 Y133.541 E-.02794
G1 X98.938 Y134.233 E-.36096
G1 X98.321 Y134.749 E-.38206
G1 X97.832 Y134.88 E-.24047
G1 X97.458 Y134.946 E-.18039
G1 X96.826 Y134.802 E-.30818
;WIPE_END
G1 X93.494 Y147.106 F9000
G1 E5 F2400
;TYPE:Perimeter
;WIDTH:0.439999
G1 F7200
G1 X93.494 Y112.894 E1.12959
G1 X166.506 Y112.894 E2.41066
G1 X166.506 Y122.381 E.31323
G1 X166.506 Y147.106 E.81635
G1 X93.554 Y147.106 E2.40867
G1 X93.097 Y147.503 F9000
G1 F7200
G1 X93.097 Y112.497 E1.1558
G1 X166.903 Y112.497 E2.43687
G1 X166.903 Y122.381 E.32634
G1 X166.903 Y147.503 E.82946
G1 X93.157 Y147.503 E2.43489
G1 X92.71 Y147.89 F9000
;TYPE:External perimeter
;WIDTH:0.419999
G1 F3600
G1 X92.71 Y112.11 E1.12185
G1 X167.29 Y112.11 E2.3384
G1 X167.29 Y122.381 E.32204
G1 X167.29 Y147.89 E.79982
G1 X92.77 Y147.89 E2.33652
G1 E-3.5
;WIPE_START
G1 F7200
G1 X92.71 Y147.89 E-.0285
G1 X92.71 Y144.792 E-1.4715
;WIPE_END
G1 X165.657 Y146.981 F9000
G1 E5 F2400
;TYPE:Top solid infill
;WIDTH:0.400811
G1 F3600
G1 X166.22 Y146.418 E.02369
G1 X166.22 Y145.912 E.01506
G1 X165.312 Y146.82 E.03821
G1 X164.806 Y146.82 E.01506
G1 X166.22 Y145.406 E.05951
G1 X166.22 Y144.899 E.01509
G1 X164.299 Y146.82 E.08085
G1 X163.793 Y146.82 E.01506
G1 X166.22 Y144.393 E.10214
G1 X166.22 Y143.887 E.01506
G1 X163.287 Y146.82 E.12344
G1 X162.781 Y146.82 E.01506
G1 X166.22 Y143.381 E.14473
G1 X166.22 Y142.875 E.01506
G1 X162.275 Y146.82 E.16603
G1 X161.769 Y146.82 E.01506
G1 X166.22 Y142.369 E.18732
G1 X166.22 Y141.863 E.01506
G1 X161.263 Y146.82 E.20862
G1 X160.757 Y146.82 E.01506
G1 X166.22 Y141.357 E.22991
G1 X166.22 Y140.85 E.01509
G1 X160.25 Y146.82 E.25125
G1 X159.744 Y146.82 E.01506
G1 X166.22 Y140.344 E.27254
G1 X166.22 Y139.838 E.01506
G1 X159.238 Y146.82 E.29384
G1 X158.732 Y146.82 E.01506
G1 X166.22 Y139.332 E.31513
G1 X166.22 Y138.826 E.01506
G1 X158.226 Y146.82 E.33643
G1 X157.72 Y146.82 E.01506
G1 X166.22 Y138.32 E.35772
G1 X166.22 Y137.814 E.01506
G1 X157.214 Y146.82 E.37902
G1 X156.707 Y146.82 E.01509
G1 X166.22 Y137.307 E.40036
G1 X166.22 Y136.801 E.01506
G1 X156.201 Y146.82 E.42165
G1 X155.695 Y146.82 E.01506
G1 X166.22 Y136.295 E.44295
G1 X166.22 Y135.789 E.01506
G1 X155.189 Y146.82 E.46424
G1 X154.683 Y146.82 E.01506
G1 X166.22 Y135.283 E.48554
G1 X166.22 Y134.777 E.01506
G1 X154.177 Y146.82 E.50683
G1 X153.671 Y146.82 E.01506
G1 X166.22 Y134.271 E.52813
G1 X166.22 Y133.765 E.01506
G1 X153.165 Y146.82 E.54942
G1 X152.658 Y146.82 E.01509
G1 X166.22 Y133.258 E.57076
G1 X166.22 Y132.752 E.01506
G1 X165.328 Y133.645 E.03756
G1 X165.34 Y133.126 E.01545
G1 X166.22 Y132.246 E.03704
G1 X166.22 Y131.74 E.01506
G1 X165.312 Y132.648 E.03821
G1 X165.217 Y132.237 E.01255
G1 X166.22 Y131.234 E.04221
G1 X166.22 Y130.728 E.01506
G1 X165.053 Y131.895 E.04911
G1 X164.884 Y131.557 E.01125
G1 X166.22 Y130.222 E.0562
G1 X166.22 Y129.715 E.01509
G1 X164.66 Y131.276 E.06567
G1 X164.56 Y131.151 E.00476
G1 X164.404 Y131.026 E.00595
G1 X166.22 Y129.209 E.07645
G1 X166.22 Y128.703 E.01506
G1 X164.122 Y130.801 E.08829
G1 X163.824 Y130.593 E.01081
G1 X166.22 Y128.197 E.10084
G1 X166.22 Y127.691 E.01506
G1 X163.464 Y130.447 E.11599
G1 X163.052 Y130.353 E.01258
G1 X166.22 Y127.185 E.13333
G1 X166.22 Y126.679 E.01506
G1 X162.629 Y130.27 E.15113
G1 X162.377 Y130.265 E.0075
G1 X162.059 Y130.334 E.00968
G1 X166.381 Y126.012 E.18189
G1 E-3.5
;WIPE_START
G1 F7200
G1 X164.148 Y128.245 E-1.5
;WIPE_END
G1 X163.257 Y135.715 F9000
G1 E5 F2400
G1 F3600
G1 X152.152 Y146.82 E.46736
G1 X151.646 Y146.82 E.01506
G1 X162.456 Y136.01 E.45494
G1 X162.225 Y135.99 E.0069
G1 X162.019 Y135.941 E.0063
G1 X151.14 Y146.82 E.45785
G1 X150.634 Y146.82 E.01506
G1 X161.61 Y135.844 E.46193
G1 X161.375 Y135.788 E.00719
G1 X161.23 Y135.717 E.0048
G1 X150.128 Y146.82 E.46725
G1 X149.622 Y146.82 E.01506
G1 X160.929 Y135.513 E.47586
G1 X160.645 Y135.29 E.01075
G1 X149.115 Y146.82 E.48524
G1 X148.609 Y146.82 E.01506
G1 X160.369 Y135.06 E.49492
G1 X160.273 Y134.967 E.00398
G1 X160.148 Y134.775 E.00682
G1 X148.103 Y146.82 E.50692
G1 X147.597 Y146.82 E.01506
G1 X159.976 Y134.441 E.52097
G1 X159.813 Y134.098 E.0113
G1 X147.091 Y146.82 E.53541
G1 X146.585 Y146.82 E.01506
G1 X159.684 Y133.721 E.55127
G1 X159.662 Y133.571 E.00451
G1 X159.662 Y133.237 E.00994
G1 X146.079 Y146.82 E.57164
G1 X145.573 Y146.82 E.01506
G1 X159.849 Y132.543 E.60083
G1 E-3.5
;WIPE_START
G1 F7200
G1 X157.616 Y134.776 E-1.5
;WIPE_END
G1 X166.381 Y125.506 F9000
G1 E5 F2400
G1 F3600
G1 X161.384 Y130.503 E.2103
G1 X161.245 Y130.554 E.00441
G1 X161.055 Y130.675 E.0067
G1 X160.459 Y131.136 E.02242
G1 X160.269 Y131.317 E.00781
G1 X160.101 Y131.578 E.00924
G1 X159.907 Y131.98 E.01328
G1 X145.066 Y146.82 E.62457
G1 X144.56 Y146.82 E.01506
G1 X166.22 Y125.16 E.91157
G1 X166.22 Y124.654 E.01506
G1 X144.054 Y146.82 E.93286
G1 X143.548 Y146.82 E.01506
G1 X166.22 Y124.148 E.95416
G1 X166.22 Y123.642 E.01506
G1 X143.042 Y146.82 E.97545
G1 X142.536 Y146.82 E.01506
G1 X166.22 Y123.136 E.99675
G1 X166.22 Y122.63 E.01506
G1 X142.03 Y146.82 E1.01804
G1 X141.523 Y146.82 E.01509
G1 X166.22 Y122.123 E1.03938
G1 X166.22 Y121.617 E.01506
G1 X141.017 Y146.82 E1.06067
G1 X140.511 Y146.82 E.01506
G1 X166.22 Y121.111 E1.08197
G1 X166.22 Y120.605 E.01506
G1 X140.005 Y146.82 E1.10326
G1 X139.499 Y146.82 E.01506
G1 X166.22 Y120.099 E1.12456
G1 X166.22 Y119.593 E.01506
G1 X138.993 Y146.82 E1.14585
G1 X138.487 Y146.82 E.01506
G1 X166.22 Y119.087 E1.16715
G1 X166.22 Y118.581 E.01506
G1 X137.981 Y146.82 E1.18845
G1 X137.474 Y146.82 E.01509
G1 X166.22 Y118.074 E1.20978
G1 X166.22 Y117.568 E.01506
G1 X136.968 Y146.82 E1.23108
G1 X136.462 Y146.82 E.01506
G1 X166.22 Y117.062 E1.25237
G1 X166.22 Y116.556 E.01506
G1 X135.956 Y146.82 E1.27367
G1 X135.45 Y146.82 E.01506
G1 X166.22 Y116.05 E1.29496
G1 X166.22 Y115.544 E.01506
G1 X134.944 Y146.82 E1.31626
G1 X134.438 Y146.82 E.01506
G1 X166.22 Y115.038 E1.33755
G1 X166.22 Y114.531 E.01509
G1 X133.931 Y146.82 E1.35889
G1 X133.425 Y146.82 E.01506
G1 X166.22 Y114.025 E1.38019
G1 X166.22 Y113.519 E.01506
G1 X132.919 Y146.82 E1.40148
G1 X132.413 Y146.82 E.01506
G1 X166.053 Y113.18 E1.41575
G1 X165.547 Y113.18 E.01506
G1 X131.907 Y146.82 E1.41575
G1 X131.401 Y146.82 E.01506
G1 X165.041 Y113.18 E1.41575
G1 X164.535 Y113.18 E.01506
G1 X130.895 Y146.82 E1.41575
G1 X130.388 Y146.82 E.01509
G1 X164.029 Y113.18 E1.41577
G1 X163.523 Y113.18 E.01506
G1 X129.882 Y146.82 E1.41577
G1 X129.376 Y146.82 E.01506
G1 X163.016 Y113.18 E1.41575
G1 X162.51 Y113.18 E.01506
G1 X128.87 Y146.82 E1.41575
G1 X128.364 Y146.82 E.01506
G1 X162.004 Y113.18 E1.41575
G1 X161.498 Y113.18 E.01506
G1 X127.858 Y146.82 E1.41575
G1 X127.352 Y146.82 E.01506
G1 X160.992 Y113.18 E1.41575
G1 X160.486 Y113.18 E.01506
G1 X126.846 Y146.82 E1.41575
G1 X126.339 Y146.82 E.01509
G1 X159.98 Y113.18 E1.41577
G1 X159.473 Y113.18 E.01509
G1 X125.833 Y146.82 E1.41575
G1 X125.327 Y146.82 E.01506
G1 X158.967 Y113.18 E1.41575
G1 X158.461 Y113.18 E.01506
G1 X124.821 Y146.82 E1.41575
G1 X124.315 Y146.82 E.01506
G1 X157.955 Y113.18 E1.41575
G1 X157.449 Y113.18 E.01506
G1 X123.809 Y146.82 E1.41575
G1 X123.303 Y146.82 E.01506
G1 X156.943 Y113.18 E1.41575
G1 X156.437 Y113.18 E.01506
G1 X122.796 Y146.82 E1.41577
G1 X122.29 Y146.82 E.01506
G1 X155.931 Y113.18 E1.41577
G1 X155.424 Y113.18 E.01509
G1 X121.784 Y146.82 E1.41575
G1 X121.278 Y146.82 E.01506
G1 X154.918 Y113.18 E1.41575
G1 X154.412 Y113.18 E.01506
G1 X120.772 Y146.82 E1.41575
G1 X120.266 Y146.82 E.01506
G1 X153.906 Y113.18 E1.41575
G1 X153.4 Y113.18 E.01506
G1 X119.76 Y146.82 E1.41575
G1 X119.254 Y146.82 E.01506
G1 X152.894 Y113.18 E1.41575
G1 X152.388 Y113.18 E.01506
G1 X118.747 Y146.82 E1.41577
G1 X118.241 Y146.82 E.01506
G1 X151.881 Y113.18 E1.41575
G1 X151.375 Y113.18 E.01506
G1 X117.735 Y146.82 E1.41575
G1 X117.229 Y146.82 E.01506
G1 X150.869 Y113.18 E1.41575
G1 X150.363 Y113.18 E.01506
G1 X116.723 Y146.82 E1.41575
G1 X116.217 Y146.82 E.01506
G1 X149.857 Y113.18 E1.41575
G1 X149.351 Y113.18 E.01506
G1 X115.711 Y146.82 E1.41575
G1 X115.204 Y146.82 E.01509
G1 X148.845 Y113.18 E1.41577
G1 X148.339 Y113.18 E.01506
G1 X114.698 Y146.82 E1.41577
G1 X114.192 Y146.82 E.01506
G1 X147.832 Y113.18 E1.41575
G1 X147.326 Y113.18 E.01506
G1 X113.686 Y146.82 E1.41575
G1 X113.18 Y146.82 E.01506
G1 X146.82 Y113.18 E1.41575
G1 X146.314 Y113.18 E.01506
G1 X112.674 Y146.82 E1.41575
G1 X112.168 Y146.82 E.01506
G1 X145.808 Y113.18 E1.41575
G1 X145.302 Y113.18 E.01506
G1 X111.662 Y146.82 E1.41575
G1 X111.155 Y146.82 E.01509
G1 X144.796 Y113.18 E1.41577
G1 X144.289 Y113.18 E.01509
G1 X110.649 Y146.82 E1.41575
G1 X110.143 Y146.82 E.01506
G1 X143.783 Y113.18 E1.41575
G1 X143.277 Y113.18 E.01506
G1 X109.637 Y146.82 E1.41575
G1 X109.131 Y146.82 E.01506
G1 X142.771 Y113.18 E1.41575
G1 X142.265 Y113.18 E.01506
G1 X108.625 Y146.82 E1.41575
G1 X108.119 Y146.82 E.01506
G1 X141.759 Y113.18 E1.41575
G1 X141.253 Y113.18 E.01506
G1 X107.612 Y146.82 E1.41577
G1 X107.106 Y146.82 E.01506
G1 X140.747 Y113.18 E1.41577
G1 X140.24 Y113.18 E.01509
G1 X106.6 Y146.82 E1.41575
G1 X106.094 Y146.82 E.01506
G1 X139.734 Y113.18 E1.41575
G1 X139.228 Y113.18 E.01506
G1 X105.588 Y146.82 E1.41575
G1 X105.082 Y146.82 E.01506
G1 X138.722 Y113.18 E1.41575
G1 X138.216 Y113.18 E.01506
G1 X104.576 Y146.82 E1.41575
G1 X104.07 Y146.82 E.01506
G1 X137.71 Y113.18 E1.41575
G1 X137.204 Y113.18 E.01506
G1 X103.563 Y146.82 E1.41577
G1 X103.057 Y146.82 E.01506
G1 X136.697 Y113.18 E1.41575
G1 X136.191 Y113.18 E.01506
G1 X102.551 Y146.82 E1.41575
G1 X102.045 Y146.82 E.01506
G1 X135.685 Y113.18 E1.41575
G1 X135.179 Y113.18 E.01506
G1 X101.539 Y146.82 E1.41575
G1 X101.033 Y146.82 E.01506
G1 X134.673 Y113.18 E1.41575
G1 X134.167 Y113.18 E.01506
G1 X100.527 Y146.82 E1.41575
G1 X100.02 Y146.82 E.01509
G1 X133.661 Y113.18 E1.41577
G1 X133.154 Y113.18 E.01509
G1 X99.514 Y146.82 E1.41575
G1 X99.008 Y146.82 E.01506
G1 X132.648 Y113.18 E1.41575
G1 X132.142 Y113.18 E.01506
G1 X98.502 Y146.82 E1.41575
G1 X97.996 Y146.82 E.01506
G1 X131.636 Y113.18 E1.41575
G1 X131.13 Y113.18 E.01506
G1 X97.49 Y146.82 E1.41575
G1 X96.984 Y146.82 E.01506
G1 X130.624 Y113.18 E1.41575
G1 X130.118 Y113.18 E.01506
G1 X96.477 Y146.82 E1.41577
G1 X95.971 Y146.82 E.01506
G1 X129.612 Y113.18 E1.41577
G1 X129.105 Y113.18 E.01509
G1 X95.465 Y146.82 E1.41575
G1 X94.959 Y146.82 E.01506
G1 X128.599 Y113.18 E1.41575
G1 X128.093 Y113.18 E.01506
G1 X94.453 Y146.82 E1.41575
G1 X93.947 Y146.82 E.01506
G1 X127.587 Y113.18 E1.41575
G1 X127.081 Y113.18 E.01506
G1 X93.78 Y146.481 E1.40148
G1 X93.78 Y145.975 E.01506
G1 X126.575 Y113.18 E1.38019
G1 X126.069 Y113.18 E.01506
G1 X93.78 Y145.469 E1.35889
G1 X93.78 Y144.962 E.01509
G1 X125.562 Y113.18 E1.33755
G1 X125.056 Y113.18 E.01506
G1 X93.78 Y144.456 E1.31626
G1 X93.78 Y143.95 E.01506
G1 X124.55 Y113.18 E1.29496
G1 X124.044 Y113.18 E.01506
G1 X93.78 Y143.444 E1.27367
G1 X93.78 Y142.938 E.01506
G1 X123.538 Y113.18 E1.25237
G1 X123.032 Y113.18 E.01506
G1 X93.78 Y142.432 E1.23108
G1 X93.78 Y141.926 E.01506
G1 X122.526 Y113.18 E1.20978
G1 X122.02 Y113.18 E.01506
G1 X93.78 Y141.42 E1.18849
G1 X93.78 Y140.913 E.01509
G1 X121.513 Y113.18 E1.16715
G1 X121.007 Y113.18 E.01506
G1 X100.258 Y133.93 E.87325
G1 X100.305 Y133.797 E.0042
G1 X100.338 Y133.571 E.0068
G1 X100.338 Y133.343 E.00678
G1 X120.501 Y113.18 E.84856
G1 X119.995 Y113.18 E.01506
G1 X100.338 Y132.837 E.82727
G1 X100.338 Y132.709 E.00381
G1 X100.276 Y132.393 E.00958
G1 X119.489 Y113.18 E.80858
G1 X118.983 Y113.18 E.01506
G1 X100.12 Y132.043 E.79385
G1 X99.953 Y131.703 E.01127
G1 X118.477 Y113.18 E.77957
G1 X117.97 Y113.18 E.01509
G1 X99.77 Y131.38 E.76595
G1 X99.622 Y131.204 E.00684
G1 X99.521 Y131.123 E.00385
G1 X117.464 Y113.18 E.75514
G1 X116.958 Y113.18 E.01506
G1 X99.241 Y130.897 E.74562
G1 X98.958 Y130.674 E.01072
G1 X116.452 Y113.18 E.73624
G1 X115.946 Y113.18 E.01506
G1 X98.624 Y130.502 E.729
G1 X98.489 Y130.453 E.00427
G1 X98.224 Y130.395 E.00807
G1 X115.44 Y113.18 E.72452
G1 X114.934 Y113.18 E.01506
G1 X97.808 Y130.305 E.72073
G1 X97.624 Y130.265 E.0056
G1 X97.332 Y130.275 E.00869
G1 X114.428 Y113.18 E.71947
G1 X113.921 Y113.18 E.01509
G1 X96.458 Y130.643 E.73493
G1 E-3.5
;WIPE_START
G1 F7200
G1 X98.691 Y128.41 E-1.5
;WIPE_END
G1 X98.553 Y135.634 F9000
G1 E5 F2400
G1 F3600
G1 X93.78 Y140.407 E.20087
G1 X93.78 Y139.901 E.01506
G1 X97.678 Y136.003 E.16405
G1 X97.434 Y136.019 E.00728
G1 X97.192 Y135.983 E.00728
G1 X93.78 Y139.395 E.14359
G1 X93.78 Y138.889 E.01506
G1 X96.78 Y135.889 E.12626
G1 X96.38 Y135.782 E.01232
G1 X93.78 Y138.383 E.10944
G1 X93.78 Y137.877 E.01506
G1 X96.048 Y135.608 E.09547
G1 X95.763 Y135.387 E.01073
G1 X93.78 Y137.37 E.08346
G1 X93.78 Y136.864 E.01506
G1 X95.482 Y135.163 E.07161
G1 X95.249 Y134.89 E.01068
G1 X93.78 Y136.358 E.0618
G1 X93.78 Y135.852 E.01506
G1 X95.045 Y134.587 E.05324
G1 X94.88 Y134.245 E.0113
G1 X93.78 Y135.346 E.04631
G1 X93.78 Y134.84 E.01506
G1 X94.733 Y133.887 E.04011
G1 X94.679 Y133.721 E.00519
G1 X94.66 Y133.453 E.008
G1 X93.78 Y134.334 E.03706
G1 X93.78 Y133.828 E.01506
G1 X94.66 Y132.947 E.03706
G1 X94.66 Y132.769 E.0053
G1 X94.757 Y132.344 E.01297
G1 X93.78 Y133.321 E.04112
G1 X93.78 Y132.815 E.01506
G1 X113.415 Y113.18 E.82634
G1 X112.909 Y113.18 E.01506
G1 X93.78 Y132.309 E.80505
G1 X93.78 Y131.803 E.01506
G1 X112.403 Y113.18 E.78375
G1 X111.897 Y113.18 E.01506
G1 X93.78 Y131.297 E.76246
G1 X93.78 Y130.791 E.01506
G1 X111.391 Y113.18 E.74116
G1 X110.885 Y113.18 E.01506
G1 X93.78 Y130.285 E.71987
G1 X93.78 Y129.778 E.01509
G1 X110.378 Y113.18 E.69853
G1 X109.872 Y113.18 E.01506
G1 X93.78 Y129.272 E.67724
G1 X93.78 Y128.766 E.01506
G1 X109.366 Y113.18 E.65594
G1 X108.86 Y113.18 E.01506
G1 X93.78 Y128.26 E.63465
G1 X93.78 Y127.754 E.01506
G1 X108.354 Y113.18 E.61335
G1 X107.848 Y113.18 E.01506
G1 X93.78 Y127.248 E.59206
G1 X93.78 Y126.742 E.01506
G1 X107.342 Y113.18 E.57076
G1 X106.836 Y113.18 E.01506
G1 X93.78 Y126.235 E.54944
G1 X93.78 Y125.729 E.01506
G1 X106.329 Y113.18 E.52813
G1 X105.823 Y113.18 E.01506
G1 X93.78 Y125.223 E.50683
G1 X93.78 Y124.717 E.01506
G1 X105.317 Y113.18 E.48554
G1 X104.811 Y113.18 E.01506
G1 X93.78 Y124.211 E.46424
G1 X93.78 Y123.705 E.01506
G1 X104.305 Y113.18 E.44295
G1 X103.799 Y113.18 E.01506
G1 X93.78 Y123.199 E.42165
G1 X93.78 Y122.693 E.01506
G1 X103.293 Y113.18 E.40036
G1 X102.786 Y113.18 E.01509
G1 X93.78 Y122.186 E.37902
G1 X93.78 Y121.68 E.01506
G1 X102.28 Y113.18 E.35772
G1 X101.774 Y113.18 E.01506
G1 X93.78 Y121.174 E.33643
G1 X93.78 Y120.668 E.01506
G1 X101.268 Y113.18 E.31513
G1 X100.762 Y113.18 E.01506
G1 X93.78 Y120.162 E.29384
G1 X93.78 Y119.656 E.01506
G1 X100.256 Y113.18 E.27254
G1 X99.75 Y113.18 E.01506
G1 X93.78 Y119.15 E.25125
G1 X93.78 Y118.643 E.01509
G1 X99.243 Y113.18 E.22991
G1 X98.737 Y113.18 E.01506
G1 X93.78 Y118.137 E.20862
G1 X93.78 Y117.631 E.01506
G1 X98.231 Y113.18 E.18732
G1 X97.725 Y113.18 E.01506
G1 X93.78 Y117.125 E.16603
G1 X93.78 Y116.619 E.01506
G1 X97.219 Y113.18 E.14473
G1 X96.713 Y113.18 E.01506
G1 X93.78 Y116.113 E.12344
G1 X93.78 Y115.607 E.01506
G1 X96.207 Y113.18 E.10214
G1 X95.701 Y113.18 E.01506
G1 X93.78 Y115.101 E.08085
G1 X93.78 Y114.594 E.01509
G1 X95.194 Y113.18 E.05951
G1 X94.688 Y113.18 E.01506
G1 X93.78 Y114.088 E.03821
G1 X93.78 Y113.582 E.01506
G1 X94.343 Y113.019 E.02369
; stop printing object TapaBatería.stl id:0 copy 0
G1 E-3.5 F3600
;WIPE_START
G1 F7200;_WIPE
G1 X93.78 Y113.582 E-.3782
G1 X93.78 Y114.088 E-.24035
G1 X94.688 Y113.18 E-.60995
G1 X95.194 Y113.18 E-.24035
G1 X95.148 Y113.226 E-.03115
;WIPE_END
M107
;TYPE:Custom
; Filament-specific end gcode 
;END gcode for filament
G1 Z4.8 F600 ; Move print bed down
G1 X50 Y50 F9000 ; move print head out of the way
G1 Z390 F600 ; Move print bed close to the bottom
M140 S0 ; turn off heatbed
M104 S0 ; turn off temperature
M107 ; turn off fan
M84 X Y E ; disable motors
; objects_info = {"objects":[{"name":"TapaBatería.stl id:0 copy 0","polygon":[[167.500,148.100],[92.500,148.100],[92.500,111.900],[167.500,111.900]]}]}
; filament used [mm] = 2447.80
; filament used [cm3] = 5.89
; filament used [g] = 7.30
; filament cost = 0.15
; total filament used [g] = 7.30
; total filament cost = 0.15
; total filament used for wipe tower [g] = 0.00
; estimated printing time (normal mode) = 24m 49s
; estimated first layer printing time (normal mode) = 4m 12s

; prusaslicer_config = begin
; arc_fitting = disabled
; autoemit_temperature_commands = 1
; automatic_extrusion_widths = 0
; automatic_infill_combination = 0
; automatic_infill_combination_max_layer_height = 100%
; avoid_crossing_curled_overhangs = 0
; avoid_crossing_perimeters = 0
; avoid_crossing_perimeters_max_detour = 0
; bed_custom_model = 
; bed_custom_texture = 
; bed_shape = 5x5,255x5,255x255,5x255
; bed_temperature = 60
; bed_temperature_extruder = 0
; before_layer_gcode = ;BEFORE_LAYER_CHANGE\nG92 E0\n;{layer_z}\n\n
; between_objects_gcode = 
; binary_gcode = 0
; bottom_fill_pattern = monotonic
; bottom_solid_layers = 4
; bottom_solid_min_thickness = 0
; bridge_acceleration = 250
; bridge_angle = 0
; bridge_fan_speed = 100
; bridge_flow_ratio = 0.95
; bridge_speed = 50
; brim_separation = 0
; brim_type = outer_only
; brim_width = 0
; chamber_minimal_temperature = 0
; chamber_temperature = 0
; color_change_gcode = M600
; colorprint_heights = 
; compatible_printers_condition_cummulative = "printer_model=~/(ENDER|CR|SERMOON).*/ and nozzle_diameter[0]==0.4 and printer_notes=~/.*PRINTER_HAS_HIGHSPEED.*/";printer_notes=~/.*PRINTER_VENDOR_CREALITY.*/
; complete_objects = 0
; cooling = 1
; cooling_perimeter_transition_distance = 0
; cooling_slowdown_logic = uniform_cooling
; cooling_tube_length = 5
; cooling_tube_retraction = 91.5
; custom_parameters_filament = ""
; custom_parameters_print = 
; custom_parameters_printer = 
; default_acceleration = 500
; default_filament_profile = "Generic PLA @CREALITY"
; default_print_profile = "0.16 mm OPTIMAL (0.4 mm nozzle) @CREALITY"
; deretract_speed = 40
; disable_fan_first_layers = 1
; dont_support_bridges = 1
; draft_shield = disabled
; duplicate_distance = 6
; elefant_foot_compensation = 0.1
; enable_dynamic_fan_speeds = 0
; enable_dynamic_overhang_speeds = 0
; end_filament_gcode = "; Filament-specific end gcode \n;END gcode for filament\n"
; end_gcode = {if max_layer_z < max_print_height}G1 Z{z_offset+min(max_layer_z+2, max_print_height)} F600{endif} ; Move print bed down\nG1 X50 Y50 F{travel_speed*60} ; move print head out of the way\n{if max_layer_z < max_print_height-10}G1 Z{z_offset+max_print_height-10} F600{endif} ; Move print bed close to the bottom\nM140 S0 ; turn off heatbed\nM104 S0 ; turn off temperature\nM107 ; turn off fan\nM84 X Y E ; disable motors
; ensure_vertical_shell_thickness = enabled
; external_perimeter_acceleration = 0
; external_perimeter_extrusion_width = 0.42
; external_perimeter_speed = 60
; external_perimeters_first = 0
; extra_loading_move = -2
; extra_perimeters = 0
; extra_perimeters_on_overhangs = 0
; extruder_clearance_height = 25
; extruder_clearance_radius = 55
; extruder_colour = #FCE94F
; extruder_offset = 0x0
; extrusion_axis = E
; extrusion_multiplier = 1
; extrusion_width = 0.44
; fan_always_on = 1
; fan_below_layer_time = 100
; filament_abrasive = 0
; filament_colour = #DDDDDD
; filament_cooling_final_speed = 3.4
; filament_cooling_initial_speed = 2.2
; filament_cooling_moves = 4
; filament_cost = 20
; filament_density = 1.24
; filament_deretract_speed = nil
; filament_diameter = 1.75
; filament_infill_max_crossing_speed = 0
; filament_infill_max_speed = 0
; filament_load_time = 0
; filament_loading_speed = 28
; filament_loading_speed_start = 3
; filament_max_volumetric_speed = 15
; filament_minimal_purge_on_wipe_tower = 15
; filament_multitool_ramming = 0
; filament_multitool_ramming_flow = 10
; filament_multitool_ramming_volume = 10
; filament_notes = ""
; filament_purge_multiplier = 100%
; filament_ramming_parameters = "120 100 6.6 6.8 7.2 7.6 7.9 8.2 8.7 9.4 9.9 10.0| 0.05 6.6 0.45 6.8 0.95 7.8 1.45 8.3 1.95 9.7 2.45 10 2.95 7.6 3.45 7.6 3.95 7.6 4.45 7.6 4.95 7.6"
; filament_retract_before_travel = nil
; filament_retract_before_wipe = nil
; filament_retract_layer_change = nil
; filament_retract_length = nil
; filament_retract_length_toolchange = nil
; filament_retract_lift = nil
; filament_retract_lift_above = nil
; filament_retract_lift_below = nil
; filament_retract_restart_extra = nil
; filament_retract_restart_extra_toolchange = nil
; filament_retract_speed = nil
; filament_seam_gap_distance = nil
; filament_settings_id = "Generic PLA @CREALITY"
; filament_shrinkage_compensation_xy = 0%
; filament_shrinkage_compensation_z = 0%
; filament_soluble = 0
; filament_spool_weight = 0
; filament_stamping_distance = 0
; filament_stamping_loading_speed = 20
; filament_toolchange_delay = 0
; filament_travel_lift_before_obstacle = nil
; filament_travel_max_lift = nil
; filament_travel_ramping_lift = nil
; filament_travel_slope = nil
; filament_type = PLA
; filament_unload_time = 0
; filament_unloading_speed = 90
; filament_unloading_speed_start = 100
; filament_vendor = Generic
; filament_wipe = nil
; fill_angle = 45
; fill_density = 15%
; fill_pattern = grid
; first_layer_acceleration = 0
; first_layer_acceleration_over_raft = 0
; first_layer_bed_temperature = 60
; first_layer_extrusion_width = 0.42
; first_layer_height = 0.2
; first_layer_infill_speed = 0
; first_layer_speed = 40
; first_layer_speed_over_raft = 60
; first_layer_temperature = 210
; full_fan_speed_layer = 0
; fuzzy_skin = none
; fuzzy_skin_point_dist = 0.8
; fuzzy_skin_thickness = 0.3
; gap_fill_enabled = 1
; gap_fill_speed = 30
; gcode_comments = 0
; gcode_flavor = marlin
; gcode_label_objects = octoprint
; gcode_resolution = 0.0125
; gcode_substitutions = 
; high_current_on_filament_swap = 0
; host_type = prusalink
; idle_temperature = 150
; infill_acceleration = 0
; infill_anchor = 600%
; infill_anchor_max = 50
; infill_every_layers = 1
; infill_extruder = 1
; infill_extrusion_width = 0.44
; infill_first = 0
; infill_overlap = 23%
; infill_speed = 120
; inherits_cummulative = "0.20 mm NORMAL HIGHSPEED (0.4 mm nozzle) @CREALITY";;
; interface_shells = 0
; interlocking_beam = 0
; interlocking_beam_layer_count = 2
; interlocking_beam_width = 0.8
; interlocking_boundary_avoidance = 2
; interlocking_depth = 2
; interlocking_orientation = 22.5
; ironing = 0
; ironing_flowrate = 10%
; ironing_spacing = 0.1
; ironing_speed = 30
; ironing_type = top
; layer_gcode = ;AFTER_LAYER_CHANGE\n;{layer_z}
; layer_height = 0.2
; machine_limits_usage = emit_to_gcode
; machine_max_acceleration_e = 5000
; machine_max_acceleration_extruding = 500
; machine_max_acceleration_retracting = 1000
; machine_max_acceleration_travel = 500
; machine_max_acceleration_x = 500
; machine_max_acceleration_y = 500
; machine_max_acceleration_z = 100
; machine_max_feedrate_e = 60
; machine_max_feedrate_x = 500
; machine_max_feedrate_y = 500
; machine_max_feedrate_z = 10
; machine_max_jerk_e = 5
; machine_max_jerk_x = 8
; machine_max_jerk_y = 8
; machine_max_jerk_z = 0.4
; machine_min_extruding_rate = 0
; machine_min_travel_rate = 0
; max_fan_speed = 100
; max_layer_height = 0.32
; max_print_height = 400
; max_print_speed = 100
; max_volumetric_extrusion_rate_slope_negative = 0
; max_volumetric_extrusion_rate_slope_positive = 0
; max_volumetric_speed = 0
; min_bead_width = 85%
; min_fan_speed = 100
; min_feature_size = 25%
; min_layer_height = 0.06
; min_print_speed = 15
; min_skirt_length = 4
; mmu_segmented_region_interlocking_depth = 0
; mmu_segmented_region_max_width = 0
; multimaterial_purging = 140
; notes = 
; nozzle_diameter = 0.4
; nozzle_high_flow = 0
; only_one_perimeter_first_layer = 0
; only_retract_when_crossing_perimeters = 0
; ooze_prevention = 0
; output_filename_format = {input_filename_base}_{print_time}_{digits(layer_height,1,2)}mm_{temperature[0]}C_{filament_type[0]}_{printer_model}.gcode
; over_bridge_speed = 0
; overhang_fan_speed_0 = 0
; overhang_fan_speed_1 = 0
; overhang_fan_speed_2 = 0
; overhang_fan_speed_3 = 0
; overhang_speed_0 = 15
; overhang_speed_1 = 15
; overhang_speed_2 = 20
; overhang_speed_3 = 25
; overhangs = 1
; parking_pos_retraction = 92
; pause_print_gcode = 
; perimeter_acceleration = 0
; perimeter_extruder = 1
; perimeter_extrusion_width = 0.44
; perimeter_generator = arachne
; perimeter_speed = 120
; perimeters = 3
; physical_printer_settings_id = 
; post_process = 
; prefer_clockwise_movements = 0
; print_settings_id = 0.20 mm NORMAL HIGHSPEED (0.4 mm nozzle) @CREALITY - TLM
; printer_model = ENDER6
; printer_notes = Don't remove the following keywords! These keywords are used in the "compatible printer" condition of the print and filament profiles to link the particular print and filament profiles to this printer profile.\nPRINTER_VENDOR_CREALITY\nPRINTER_MODEL_ENDER6\nPRINTER_HAS_BOWDEN\nPRINTER_HAS_HIGHSPEED
; printer_settings_id = Creality Ender-6 (0.4 mm nozzle)
; printer_technology = FFF
; printer_variant = 0.4
; printer_vendor = 
; profile_vendor = Creality
; profile_version = 1.1.0
; raft_contact_distance = 0.1
; raft_expansion = 1.5
; raft_first_layer_density = 90%
; raft_first_layer_expansion = 3
; raft_layers = 0
; remaining_times = 0
; resolution = 0
; retract_before_travel = 2
; retract_before_wipe = 70%
; retract_layer_change = 1
; retract_length = 5
; retract_length_toolchange = 1
; retract_lift = 0
; retract_lift_above = 0.2
; retract_lift_below = 0
; retract_restart_extra = 0
; retract_restart_extra_toolchange = 0
; retract_speed = 60
; scarf_seam_entire_loop = 0
; scarf_seam_length = 20
; scarf_seam_max_segment_length = 1
; scarf_seam_on_inner_perimeters = 0
; scarf_seam_only_on_smooth = 1
; scarf_seam_placement = nowhere
; scarf_seam_start_height = 0%
; seam_gap_distance = 15%
; seam_position = nearest
; silent_mode = 0
; single_extruder_multi_material = 0
; single_extruder_multi_material_priming = 0
; skirt_distance = 3
; skirt_height = 2
; skirts = 2
; slice_closing_radius = 0.049
; slicing_mode = regular
; slowdown_below_layer_time = 20
; small_perimeter_speed = 60
; solid_infill_acceleration = 0
; solid_infill_below_area = 0
; solid_infill_every_layers = 0
; solid_infill_extruder = 1
; solid_infill_extrusion_width = 0.44
; solid_infill_speed = 120
; spiral_vase = 0
; staggered_inner_seams = 0
; standby_temperature_delta = -5
; start_filament_gcode = "; Filament gcode\n"
; start_gcode = G90 ; use absolute coordinates\nM83 ; extruder relative mode\nM104 S{is_nil(idle_temperature[0]) ? 150 : idle_temperature[0]} ; set temporary nozzle temp to prevent oozing during homing\nM140 S{first_layer_bed_temperature[0]} ; set final bed temp\nG4 S30 ; allow partial nozzle warmup\nG28 ; home all axis\nG1 Z50 F240\nG1 X2.0 Y10 F3000\nM104 S{first_layer_temperature[0]} ; set final nozzle temp\nM190 S{first_layer_bed_temperature[0]} ; wait for bed temp to stabilize\nM109 S{first_layer_temperature[0]} ; wait for nozzle temp to stabilize\nG1 Z0.28 F240\nG92 E0\nG1 X2.0 Y140 E10 F1500 ; prime the nozzle\nG1 X2.3 Y140 F5000\nG92 E0\nG1 X2.3 Y10 E10 F1200 ; prime the nozzle\nG92 E0
; support_material = 1
; support_material_angle = 0
; support_material_auto = 0
; support_material_bottom_contact_distance = 0
; support_material_bottom_interface_layers = -1
; support_material_buildplate_only = 0
; support_material_closing_radius = 2
; support_material_contact_distance = 0.15
; support_material_enforce_layers = 0
; support_material_extruder = 0
; support_material_extrusion_width = 0.36
; support_material_interface_contact_loops = 0
; support_material_interface_extruder = 0
; support_material_interface_layers = 2
; support_material_interface_pattern = rectilinear
; support_material_interface_spacing = 0.2
; support_material_interface_speed = 100%
; support_material_pattern = rectilinear
; support_material_spacing = 1
; support_material_speed = 80
; support_material_style = organic
; support_material_synchronize_layers = 0
; support_material_threshold = 40
; support_material_with_sheath = 0
; support_material_xy_spacing = 60%
; support_tree_angle = 40
; support_tree_angle_slow = 25
; support_tree_branch_diameter = 2
; support_tree_branch_diameter_angle = 5
; support_tree_branch_diameter_double_wall = 3
; support_tree_branch_distance = 1
; support_tree_tip_diameter = 0.8
; support_tree_top_rate = 15%
; temperature = 205
; template_custom_gcode = 
; thick_bridges = 1
; thin_walls = 0
; thumbnails = 
; thumbnails_format = PNG
; toolchange_gcode = 
; top_fill_pattern = monotonic
; top_infill_extrusion_width = 0.4
; top_one_perimeter_type = none
; top_solid_infill_acceleration = 0
; top_solid_infill_speed = 60
; top_solid_layers = 5
; top_solid_min_thickness = 0
; travel_acceleration = 0
; travel_lift_before_obstacle = 0
; travel_max_lift = 0
; travel_ramping_lift = 0
; travel_short_distance_acceleration = 0
; travel_slope = 0
; travel_speed = 150
; travel_speed_z = 0
; use_firmware_retraction = 0
; use_relative_e_distances = 1
; use_volumetric_e = 0
; variable_layer_height = 1
; wall_distribution_count = 1
; wall_transition_angle = 10
; wall_transition_filter_deviation = 25%
; wall_transition_length = 100%
; wipe = 1
; wipe_into_infill = 0
; wipe_into_objects = 0
; wipe_tower = 0
; wipe_tower_acceleration = 0
; wipe_tower_bridging = 10
; wipe_tower_brim_width = 2
; wipe_tower_cone_angle = 0
; wipe_tower_extra_flow = 100%
; wipe_tower_extra_spacing = 100%
; wipe_tower_extruder = 0
; wipe_tower_no_sparse_layers = 0
; wipe_tower_width = 60
; wiping_volumes_matrix = 0
; wiping_volumes_use_custom_matrix = 0
; xy_size_compensation = 0
; z_offset = 0
; prusaslicer_config = end
