; generated by PrusaSlicer 2.9.3 on 2025-11-24 at 17:11:06 UTC

; 

; external perimeters extrusion width = 0.42mm
; perimeters extrusion width = 0.44mm
; infill extrusion width = 0.44mm
; solid infill extrusion width = 0.44mm
; top infill extrusion width = 0.40mm
; support material extrusion width = 0.36mm
; first layer extrusion width = 0.42mm

M201 X500 Y500 Z100 E5000 ; sets maximum accelerations, mm/sec^2
M203 X500 Y500 Z10 E60 ; sets maximum feedrates, mm / sec
M204 S500 T1000 ; sets acceleration (S) and retract acceleration (R), mm/sec^2
M205 X8.00 Y8.00 Z0.40 E5.00 ; sets the jerk limits, mm/sec
M205 S0 T0 ; sets the minimum extruding and travel feed rate, mm/sec

; printing object TapaBatería_v02.stl id:0 copy 0
; stop printing object TapaBatería_v02.stl id:0 copy 0

;TYPE:Custom
G90 ; use absolute coordinates
M83 ; extruder relative mode
M104 S150 ; set temporary nozzle temp to prevent oozing during homing
M140 S60 ; set final bed temp
G4 S30 ; allow partial nozzle warmup
G28 ; home all axis
G1 Z50 F240
G1 X2.0 Y10 F3000
M104 S210 ; set final nozzle temp
M190 S60 ; wait for bed temp to stabilize
M109 S210 ; wait for nozzle temp to stabilize
G1 Z0.28 F240
G92 E0
G1 X2.0 Y140 E10 F1500 ; prime the nozzle
G1 X2.3 Y140 F5000
G92 E0
G1 X2.3 Y10 E10 F1200 ; prime the nozzle
G92 E0
G21 ; set units to millimeters
G90 ; use absolute coordinates
M83 ; use relative distances for extrusion
; Filament gcode
M107
;LAYER_CHANGE
;Z:0.2
;HEIGHT:0.2
G1 E-5 F3600
G1 Z.2 F9000
G1 X88.925 Y105.851
G1 E5 F2400
M204 S500
;TYPE:Skirt/Brim
;WIDTH:0.42
G1 X91 Y105.184 E.06834
G1 X169 Y105.184 E2.44564
G1 X170.63 Y105.579 E.05259
G1 X171.899 Y106.675 E.05257
G1 X172.566 Y108.75 E.06834
G1 X172.566 Y151.25 E1.33256
G1 X172.171 Y152.88 E.05259
G1 X171.075 Y154.149 E.05257
G1 X169 Y154.816 E.06834
G1 X91 Y154.816 E2.44564
G1 X89.37 Y154.421 E.05259
G1 X88.101 Y153.325 E.05257
G1 X87.434 Y151.25 E.06834
G1 X87.434 Y108.75 E1.33256
G1 X87.829 Y107.12 E.05259
G1 X88.885 Y105.896 E.05069
G1 X89.182 Y106.174 F9000
G1 F2400
G1 X89.289 Y106.059 E.00493
G1 X91 Y105.561 E.05587
G1 X169 Y105.561 E2.44564
G1 X170.535 Y105.955 E.04969
G1 X171.691 Y107.039 E.04969
G1 X172.189 Y108.75 E.05587
G1 X172.189 Y151.25 E1.33256
G1 X171.795 Y152.785 E.04969
G1 X170.711 Y153.941 E.04969
G1 X169 Y154.439 E.05587
G1 X91 Y154.439 E2.44564
G1 X89.465 Y154.045 E.04969
G1 X88.309 Y152.961 E.04969
G1 X87.811 Y151.25 E.05587
G1 X87.811 Y108.75 E1.33256
G1 X88.205 Y107.215 E.04969
G1 X89.141 Y106.218 E.04288
G1 E-3.5 F3600
;WIPE_START
G1 F7200
G1 X89.182 Y106.174 E-.02857
G1 X89.289 Y106.059 E-.07461
G1 X91 Y105.561 E-.84645
G1 X92.159 Y105.561 E-.55037
;WIPE_END
; printing object TapaBatería_v02.stl id:0 copy 0
G1 X161.4 Y136.159 F9000
G1 E5 F2400
;TYPE:Perimeter
;WIDTH:0.419999
G1 X161.401 Y136.152 E.00022
G1 X161.802 Y135.266 E.03049
G1 X162.025 Y134.971 E.01159
G1 X162.664 Y134.459 E.02567
G1 X162.953 Y134.302 E.01031
G1 X163.79 Y134.106 E.02695
G1 X164.049 Y134.084 E.00815
G1 X164.958 Y134.277 E.02914
G1 X165.336 Y134.459 E.01315
G1 X165.936 Y134.938 E.02407
G1 X166.198 Y135.266 E.01316
G1 X166.531 Y135.957 E.02405
G1 X166.624 Y136.366 E.01315
G1 X166.624 Y137.134 E.02408
G1 X166.531 Y137.543 E.01315
G1 X166.198 Y138.234 E.02405
G1 X165.936 Y138.562 E.01316
G1 X165.336 Y139.041 E.02407
G1 X164.958 Y139.223 E.01315
G1 X164.21 Y139.394 E.02406
G1 X163.909 Y139.413 E.00946
G1 X163.042 Y139.223 E.02783
G1 X162.746 Y139.1 E.01005
G1 X162.064 Y138.562 E.02724
G1 X161.839 Y138.302 E.01078
G1 X161.469 Y137.543 E.02647
G1 X161.377 Y137.185 E.01159
G1 X161.376 Y136.366 E.02568
G1 X161.393 Y136.218 E.00467
G1 X161.767 Y136.242 F9000
G1 F2400
G1 X161.768 Y136.238 E.00013
G1 X162.142 Y135.429 E.02795
G1 X162.299 Y135.233 E.00787
G1 X162.902 Y134.752 E.02418
G1 X163.126 Y134.645 E.00778
G1 X163.874 Y134.474 E.02406
G1 X164.126 Y134.474 E.0079
G1 X164.874 Y134.645 E.02406
G1 X165.101 Y134.754 E.0079
G1 X165.701 Y135.233 E.02407
G1 X165.858 Y135.429 E.00787
G1 X166.191 Y136.121 E.02408
G1 X166.247 Y136.366 E.00788
G1 X166.247 Y137.134 E.02408
G1 X166.191 Y137.379 E.00788
G1 X165.858 Y138.071 E.02408
G1 X165.701 Y138.267 E.00787
G1 X165.101 Y138.746 E.02407
G1 X164.874 Y138.855 E.0079
G1 X164.126 Y139.026 E.02406
G1 X163.874 Y139.026 E.0079
G1 X163.126 Y138.855 E.02406
G1 X162.899 Y138.746 E.0079
G1 X162.299 Y138.267 E.02407
G1 X162.142 Y138.071 E.00787
G1 X161.809 Y137.379 E.02408
G1 X161.753 Y137.134 E.00788
G1 X161.753 Y136.366 E.02408
G1 X161.76 Y136.302 E.00202
G1 X162.135 Y136.325 F9000
;TYPE:External perimeter
G1 F2400
G1 X162.135 Y136.323 E.00006
G1 X162.482 Y135.593 E.02534
G1 X163.134 Y135.049 E.02662
G1 X163.958 Y134.842 E.02664
G1 X164.79 Y135.012 E.02663
G1 X165.466 Y135.527 E.02665
G1 X165.851 Y136.284 E.02663
G1 X165.87 Y137.134 E.02666
G1 X165.518 Y137.907 E.02663
G1 X164.866 Y138.451 E.02662
G1 X164.042 Y138.658 E.02664
G1 X163.21 Y138.488 E.02663
G1 X162.534 Y137.973 E.02665
G1 X162.149 Y137.216 E.02663
G1 X162.136 Y136.385 E.02606
G1 E-3.5 F3600
;WIPE_START
G1 F7200
G1 X162.135 Y136.325 E-.0285
G1 X162.135 Y136.323 E-.00095
G1 X162.482 Y135.593 E-.38393
G1 X163.134 Y135.049 E-.40334
G1 X163.958 Y134.842 E-.40356
G1 X164.535 Y134.96 E-.27972
;WIPE_END
G1 X104.583 Y136.161 F9000
G1 E5 F2400
;TYPE:Perimeter
G1 X104.623 Y136.318 E.00508
G1 X104.624 Y137.134 E.02559
G1 X104.559 Y137.479 E.01101
G1 X104.198 Y138.234 E.02624
G1 X104.005 Y138.502 E.01036
G1 X103.336 Y139.041 E.02694
G1 X103.063 Y139.192 E.00978
G1 X102.223 Y139.391 E.02707
G1 X102.014 Y139.414 E.00659
G1 X95.986 Y139.414 E.189
G1 X95.042 Y139.223 E.0302
G1 X94.664 Y139.041 E.01315
G1 X94.064 Y138.562 E.02407
G1 X93.802 Y138.234 E.01316
G1 X93.469 Y137.543 E.02405
G1 X93.376 Y137.134 E.01315
G1 X93.376 Y136.366 E.02408
G1 X93.469 Y135.957 E.01315
G1 X93.802 Y135.266 E.02405
G1 X94.064 Y134.938 E.01316
G1 X94.664 Y134.459 E.02407
G1 X95.042 Y134.277 E.01315
G1 X95.777 Y134.109 E.02364
G1 X95.986 Y134.086 E.00659
G1 X102.014 Y134.086 E.189
G1 X102.958 Y134.277 E.0302
G1 X103.296 Y134.429 E.01162
G1 X103.936 Y134.938 E.02564
G1 X104.157 Y135.19 E.01051
G1 X104.531 Y135.957 E.02676
G1 X104.568 Y136.102 E.00469
G1 X104.219 Y136.244 F9000
G1 F2400
G1 X104.247 Y136.366 E.00392
G1 X104.247 Y137.134 E.02408
G1 X104.191 Y137.379 E.00788
G1 X103.858 Y138.071 E.02408
G1 X103.701 Y138.267 E.00787
G1 X103.101 Y138.746 E.02407
G1 X102.874 Y138.855 E.0079
G1 X102.014 Y139.037 E.02756
G1 X95.986 Y139.037 E.189
G1 X95.126 Y138.855 E.02756
G1 X94.899 Y138.746 E.0079
G1 X94.299 Y138.267 E.02407
G1 X94.142 Y138.071 E.00787
G1 X93.809 Y137.379 E.02408
G1 X93.753 Y137.134 E.00788
G1 X93.753 Y136.366 E.02408
G1 X93.809 Y136.121 E.00788
G1 X94.142 Y135.429 E.02408
G1 X94.299 Y135.233 E.00787
G1 X94.899 Y134.754 E.02407
G1 X95.126 Y134.645 E.0079
G1 X95.986 Y134.463 E.02756
G1 X102.014 Y134.463 E.189
G1 X102.874 Y134.645 E.02756
G1 X103.101 Y134.754 E.0079
G1 X103.701 Y135.233 E.02407
G1 X103.858 Y135.429 E.00787
G1 X104.191 Y136.121 E.02408
G1 X104.206 Y136.185 E.00206
G1 X103.852 Y136.328 F9000
;TYPE:External perimeter
G1 F2400
G1 X103.87 Y137.134 E.02528
G1 X103.518 Y137.907 E.02663
G1 X102.866 Y138.451 E.02662
G1 X102.056 Y138.655 E.02619
G1 X95.986 Y138.66 E.19032
G1 X95.21 Y138.488 E.02492
G1 X94.534 Y137.973 E.02665
G1 X94.149 Y137.216 E.02663
G1 X94.13 Y136.366 E.02666
G1 X94.482 Y135.593 E.02663
G1 X95.134 Y135.049 E.02662
G1 X95.944 Y134.845 E.02619
G1 X102.014 Y134.84 E.19032
G1 X102.79 Y135.012 E.02492
G1 X103.466 Y135.527 E.02665
G1 X103.844 Y136.27 E.02614
G1 E-3.5 F3600
;WIPE_START
G1 F7200
G1 X103.852 Y136.328 E-.02781
G1 X103.87 Y137.134 E-.38295
G1 X103.518 Y137.907 E-.40345
G1 X102.866 Y138.451 E-.40334
G1 X102.289 Y138.596 E-.28245
;WIPE_END
G1 X92.064 Y150.186 F9000
G1 E5 F2400
;TYPE:Perimeter
G1 X92.064 Y109.814 E1.26583
G1 X167.936 Y109.814 E2.37891
G1 X167.936 Y123.611 E.43259
G1 X167.936 Y150.186 E.83324
G1 X92.124 Y150.186 E2.37703
G1 X91.687 Y150.563 F9000
G1 F2400
G1 X91.687 Y109.437 E1.28947
G1 X168.313 Y109.437 E2.40255
G1 X168.313 Y123.611 E.44442
G1 X168.313 Y150.563 E.84506
G1 X91.747 Y150.563 E2.40067
G1 X91.31 Y150.94 F9000
;TYPE:External perimeter
G1 F2400
G1 X91.31 Y109.06 E1.31312
G1 X168.69 Y109.06 E2.42619
G1 X168.69 Y123.611 E.45624
G1 X168.69 Y150.94 E.85688
G1 X91.37 Y150.94 E2.42431
G1 E-3.5 F3600
;WIPE_START
G1 F7200
G1 X91.31 Y150.94 E-.0285
G1 X91.31 Y147.842 E-1.4715
;WIPE_END
G1 X167.815 Y110.698 F9000
G1 E5 F2400
;TYPE:Solid infill
;WIDTH:0.420378
G1 X167.222 Y110.105 E.02632
G1 X166.688 Y110.105 E.01676
G1 X167.645 Y111.062 E.04248
G1 X167.645 Y111.596 E.01676
G1 X166.154 Y110.105 E.06618
G1 X165.62 Y110.105 E.01676
G1 X167.645 Y112.13 E.08988
G1 X167.645 Y112.663 E.01673
G1 X165.087 Y110.105 E.11354
G1 X164.553 Y110.105 E.01676
G1 X167.645 Y113.197 E.13724
G1 X167.645 Y113.731 E.01676
G1 X164.019 Y110.105 E.16094
G1 X163.485 Y110.105 E.01676
G1 X167.645 Y114.265 E.18465
G1 X167.645 Y114.799 E.01676
G1 X162.951 Y110.105 E.20835
G1 X162.418 Y110.105 E.01673
G1 X167.645 Y115.332 E.23201
G1 X167.645 Y115.866 E.01676
G1 X161.884 Y110.105 E.25571
G1 X161.35 Y110.105 E.01676
G1 X167.645 Y116.4 E.27941
G1 X167.645 Y116.934 E.01676
G1 X160.816 Y110.105 E.30311
G1 X160.282 Y110.105 E.01676
G1 X167.645 Y117.468 E.32682
G1 X167.645 Y118.001 E.01673
G1 X159.749 Y110.105 E.35047
G1 X159.215 Y110.105 E.01676
G1 X167.645 Y118.535 E.37418
G1 X167.645 Y119.069 E.01676
G1 X158.681 Y110.105 E.39788
G1 X158.147 Y110.105 E.01676
G1 X167.645 Y119.603 E.42158
G1 X167.645 Y120.137 E.01676
G1 X157.613 Y110.105 E.44528
G1 X157.079 Y110.105 E.01676
G1 X167.645 Y120.671 E.46898
G1 X167.645 Y121.204 E.01673
G1 X156.546 Y110.105 E.49264
G1 X156.012 Y110.105 E.01676
G1 X167.645 Y121.738 E.51634
G1 X167.645 Y122.272 E.01676
G1 X155.478 Y110.105 E.54005
G1 X154.944 Y110.105 E.01676
G1 X167.645 Y122.806 E.56375
G1 X167.645 Y123.34 E.01676
G1 X154.41 Y110.105 E.58745
G1 X153.877 Y110.105 E.01673
G1 X167.645 Y123.873 E.61111
G1 X167.645 Y124.407 E.01676
G1 X153.343 Y110.105 E.63481
G1 X152.809 Y110.105 E.01676
G1 X167.645 Y124.941 E.65851
G1 X167.645 Y125.475 E.01676
G1 X152.275 Y110.105 E.68222
G1 X151.741 Y110.105 E.01676
G1 X167.645 Y126.009 E.70592
G1 X167.645 Y126.542 E.01673
G1 X151.208 Y110.105 E.72958
G1 X150.674 Y110.105 E.01676
G1 X167.645 Y127.076 E.75328
G1 X167.645 Y127.61 E.01676
G1 X150.14 Y110.105 E.77698
G1 X149.606 Y110.105 E.01676
G1 X167.645 Y128.144 E.80068
G1 X167.645 Y128.678 E.01676
G1 X149.072 Y110.105 E.82438
G1 X148.539 Y110.105 E.01673
G1 X167.645 Y129.211 E.84804
G1 X167.645 Y129.745 E.01676
G1 X148.005 Y110.105 E.87174
G1 X147.471 Y110.105 E.01676
G1 X167.645 Y130.279 E.89545
G1 X167.645 Y130.813 E.01676
G1 X146.937 Y110.105 E.91915
G1 X146.403 Y110.105 E.01676
G1 X167.645 Y131.347 E.94285
G1 X167.645 Y131.88 E.01673
G1 X145.87 Y110.105 E.96651
G1 X145.336 Y110.105 E.01676
G1 X167.645 Y132.414 E.99021
G1 X167.645 Y132.948 E.01676
G1 X144.802 Y110.105 E1.01391
G1 X144.268 Y110.105 E.01676
G1 X167.645 Y133.482 E1.03762
G1 X167.645 Y134.016 E.01676
G1 X143.734 Y110.105 E1.06132
G1 X143.201 Y110.105 E.01673
G1 X167.645 Y134.549 E1.08498
G1 X167.645 Y135.083 E.01676
G1 X142.667 Y110.105 E1.10868
G1 X142.133 Y110.105 E.01676
G1 X167.645 Y135.617 E1.13238
G1 X167.645 Y136.151 E.01676
G1 X141.599 Y110.105 E1.15608
G1 X141.065 Y110.105 E.01676
G1 X164.935 Y133.974 E1.05948
G1 X165.266 Y134.077 E.01088
G1 X165.512 Y134.228 E.00906
G1 X166.126 Y134.718 E.02466
G1 X166.454 Y135.129 E.0165
G1 X166.793 Y135.832 E.0245
G1 X167.645 Y136.685 E.03784
G1 X167.645 Y137.219 E.01676
G1 X166.914 Y136.487 E.03247
G1 X166.914 Y137.021 E.01676
G1 X167.645 Y137.752 E.03245
G1 X167.645 Y138.286 E.01676
G1 X166.85 Y137.491 E.03529
G1 X166.795 Y137.662 E.00564
G1 X166.695 Y137.87 E.00724
G1 X167.645 Y138.82 E.04217
G1 X167.645 Y139.354 E.01676
G1 X166.522 Y138.23 E.04987
G1 X166.454 Y138.371 E.00491
G1 X166.31 Y138.552 E.00726
G1 X167.645 Y139.888 E.05928
G1 X167.645 Y140.421 E.01673
G1 X166.059 Y138.835 E.0704
G1 X165.762 Y139.072 E.01193
G1 X167.645 Y140.955 E.08358
G1 X167.645 Y141.489 E.01676
G1 X165.46 Y139.304 E.09698
G1 X165.266 Y139.423 E.00714
G1 X165.102 Y139.479 E.00544
G1 X167.645 Y142.023 E.1129
G1 X167.645 Y142.557 E.01676
G1 X164.674 Y139.585 E.13189
G1 X164.237 Y139.682 E.01405
G1 X167.645 Y143.09 E.15127
G1 X167.645 Y143.624 E.01676
G1 X163.464 Y139.443 E.18558
G1 E-3.5 F3600
;WIPE_START
G1 F7200
G1 X165.697 Y141.676 E-1.5
;WIPE_END
G1 X164.469 Y134.042 F9000
G1 E5 F2400
G1 X140.531 Y110.105 E1.06249
G1 X139.998 Y110.105 E.01673
G1 X163.725 Y133.831 E1.05313
G1 X163.286 Y133.927 E.0141
G1 X139.464 Y110.105 E1.05737
G1 X138.93 Y110.105 E.01676
G1 X162.862 Y134.036 E1.06223
G1 X162.679 Y134.104 E.00613
G1 X162.507 Y134.215 E.00642
G1 X138.396 Y110.105 E1.07017
G1 X137.862 Y110.105 E.01676
G1 X162.209 Y134.451 E1.08065
G1 X161.912 Y134.688 E.01193
G1 X137.329 Y110.105 E1.09115
G1 X136.795 Y110.105 E.01676
G1 X161.653 Y134.963 E1.10335
G1 X161.461 Y135.305 E.01231
G1 X136.261 Y110.105 E1.11853
G1 X135.727 Y110.105 E.01676
G1 X161.288 Y135.665 E1.13453
G1 X161.129 Y136.04 E.01278
G1 X135.193 Y110.105 E1.15118
G1 X134.66 Y110.105 E.01673
G1 X161.087 Y136.532 E1.17299
G1 X161.087 Y137.066 E.01676
G1 X134.126 Y110.105 E1.1967
G1 X133.592 Y110.105 E.01676
G1 X161.261 Y137.773 E1.2281
G1 X161.543 Y138.366 E.02061
G1 X161.712 Y138.625 E.00971
G1 X161.879 Y138.786 E.00728
G1 X162.487 Y139.271 E.02441
G1 X162.71 Y139.412 E.00828
G1 X162.998 Y139.511 E.00956
G1 X167.645 Y144.158 E.20626
G1 X167.645 Y144.692 E.01676
G1 X133.058 Y110.105 E1.53518
G1 X132.524 Y110.105 E.01676
G1 X167.645 Y145.226 E1.55889
G1 X167.645 Y145.759 E.01673
G1 X131.991 Y110.105 E1.58254
G1 X131.457 Y110.105 E.01676
G1 X167.645 Y146.293 E1.60625
G1 X167.645 Y146.827 E.01676
G1 X130.923 Y110.105 E1.62995
G1 X130.389 Y110.105 E.01676
G1 X167.645 Y147.361 E1.65365
G1 X167.645 Y147.895 E.01676
G1 X129.855 Y110.105 E1.67735
G1 X129.322 Y110.105 E.01673
G1 X167.645 Y148.428 E1.70101
G1 X167.645 Y148.962 E.01676
G1 X128.788 Y110.105 E1.72471
G1 X128.254 Y110.105 E.01676
G1 X167.645 Y149.496 E1.74842
G1 X167.645 Y149.895 E.01252
G1 X167.511 Y149.895 E.00421
G1 X127.72 Y110.105 E1.76615
G1 X127.186 Y110.105 E.01676
G1 X166.977 Y149.895 E1.76615
G1 X166.444 Y149.895 E.01673
G1 X126.653 Y110.105 E1.76615
G1 X126.119 Y110.105 E.01676
G1 X165.91 Y149.895 E1.76615
G1 X165.376 Y149.895 E.01676
G1 X125.585 Y110.105 E1.76615
G1 X125.051 Y110.105 E.01676
G1 X164.842 Y149.895 E1.76615
G1 X164.308 Y149.895 E.01676
G1 X124.517 Y110.105 E1.76615
G1 X123.983 Y110.105 E.01676
G1 X163.774 Y149.895 E1.76615
G1 X163.241 Y149.895 E.01673
G1 X123.45 Y110.105 E1.76615
G1 X122.916 Y110.105 E.01676
G1 X162.707 Y149.895 E1.76615
G1 X162.173 Y149.895 E.01676
G1 X122.382 Y110.105 E1.76615
G1 X121.848 Y110.105 E.01676
G1 X161.639 Y149.895 E1.76615
G1 X161.105 Y149.895 E.01676
G1 X121.314 Y110.105 E1.76615
G1 X120.781 Y110.105 E.01673
G1 X160.572 Y149.895 E1.76615
G1 X160.038 Y149.895 E.01676
G1 X120.247 Y110.105 E1.76615
G1 X119.713 Y110.105 E.01676
G1 X159.504 Y149.895 E1.76615
G1 X158.97 Y149.895 E.01676
G1 X119.179 Y110.105 E1.76615
G1 X118.645 Y110.105 E.01676
G1 X158.436 Y149.895 E1.76615
G1 X157.903 Y149.895 E.01673
G1 X118.112 Y110.105 E1.76615
G1 X117.578 Y110.105 E.01676
G1 X157.369 Y149.895 E1.76615
G1 X156.835 Y149.895 E.01676
G1 X117.044 Y110.105 E1.76615
G1 X116.51 Y110.105 E.01676
G1 X156.301 Y149.895 E1.76615
G1 X155.767 Y149.895 E.01676
G1 X115.976 Y110.105 E1.76615
G1 X115.443 Y110.105 E.01673
G1 X155.234 Y149.895 E1.76615
G1 X154.7 Y149.895 E.01676
G1 X114.909 Y110.105 E1.76615
G1 X114.375 Y110.105 E.01676
G1 X154.166 Y149.895 E1.76615
G1 X153.632 Y149.895 E.01676
G1 X113.841 Y110.105 E1.76615
G1 X113.307 Y110.105 E.01676
G1 X153.098 Y149.895 E1.76615
G1 X152.565 Y149.895 E.01673
G1 X112.774 Y110.105 E1.76615
G1 X112.24 Y110.105 E.01676
G1 X152.031 Y149.895 E1.76615
G1 X151.497 Y149.895 E.01676
G1 X111.706 Y110.105 E1.76615
G1 X111.172 Y110.105 E.01676
G1 X150.963 Y149.895 E1.76615
G1 X150.429 Y149.895 E.01676
G1 X110.638 Y110.105 E1.76615
G1 X110.105 Y110.105 E.01673
G1 X149.896 Y149.895 E1.76615
G1 X149.362 Y149.895 E.01676
G1 X109.571 Y110.105 E1.76615
G1 X109.037 Y110.105 E.01676
G1 X148.828 Y149.895 E1.76615
G1 X148.294 Y149.895 E.01676
G1 X108.503 Y110.105 E1.76615
G1 X107.969 Y110.105 E.01676
G1 X147.76 Y149.895 E1.76615
G1 X147.226 Y149.895 E.01676
G1 X107.435 Y110.105 E1.76615
G1 X106.902 Y110.105 E.01673
G1 X146.693 Y149.895 E1.76615
G1 X146.159 Y149.895 E.01676
G1 X106.368 Y110.105 E1.76615
G1 X105.834 Y110.105 E.01676
G1 X145.625 Y149.895 E1.76615
G1 X145.091 Y149.895 E.01676
G1 X105.3 Y110.105 E1.76615
G1 X104.766 Y110.105 E.01676
G1 X144.557 Y149.895 E1.76615
G1 X144.024 Y149.895 E.01673
G1 X104.233 Y110.105 E1.76615
G1 X103.699 Y110.105 E.01676
G1 X143.49 Y149.895 E1.76615
G1 X142.956 Y149.895 E.01676
G1 X103.165 Y110.105 E1.76615
G1 X102.631 Y110.105 E.01676
G1 X142.422 Y149.895 E1.76615
G1 X141.888 Y149.895 E.01676
G1 X102.097 Y110.105 E1.76615
G1 X101.564 Y110.105 E.01673
G1 X141.355 Y149.895 E1.76615
G1 X140.821 Y149.895 E.01676
G1 X101.03 Y110.105 E1.76615
G1 X100.496 Y110.105 E.01676
G1 X140.287 Y149.895 E1.76615
G1 X139.753 Y149.895 E.01676
G1 X99.962 Y110.105 E1.76615
G1 X99.428 Y110.105 E.01676
G1 X139.219 Y149.895 E1.76615
G1 X138.686 Y149.895 E.01673
G1 X98.895 Y110.105 E1.76615
G1 X98.361 Y110.105 E.01676
G1 X138.152 Y149.895 E1.76615
G1 X137.618 Y149.895 E.01676
G1 X97.827 Y110.105 E1.76615
G1 X97.293 Y110.105 E.01676
G1 X137.084 Y149.895 E1.76615
G1 X136.55 Y149.895 E.01676
G1 X96.759 Y110.105 E1.76615
G1 X96.226 Y110.105 E.01673
G1 X136.017 Y149.895 E1.76615
G1 X135.483 Y149.895 E.01676
G1 X95.692 Y110.105 E1.76615
G1 X95.158 Y110.105 E.01676
G1 X134.949 Y149.895 E1.76615
G1 X134.415 Y149.895 E.01676
G1 X94.624 Y110.105 E1.76615
G1 X94.09 Y110.105 E.01676
G1 X133.881 Y149.895 E1.76615
G1 X133.348 Y149.895 E.01673
G1 X93.557 Y110.105 E1.76615
G1 X93.023 Y110.105 E.01676
G1 X132.814 Y149.895 E1.76615
G1 X132.28 Y149.895 E.01676
G1 X92.489 Y110.105 E1.76615
G1 X92.355 Y110.105 E.00421
G1 X92.355 Y110.504 E.01252
G1 X131.746 Y149.895 E1.74842
G1 X131.212 Y149.895 E.01676
G1 X92.355 Y111.038 E1.72471
G1 X92.355 Y111.572 E.01676
G1 X130.678 Y149.895 E1.70101
G1 X130.145 Y149.895 E.01673
G1 X92.355 Y112.105 E1.67735
G1 X92.355 Y112.639 E.01676
G1 X129.611 Y149.895 E1.65365
G1 X129.077 Y149.895 E.01676
G1 X92.355 Y113.173 E1.62995
G1 X92.355 Y113.707 E.01676
G1 X128.543 Y149.895 E1.60625
G1 X128.009 Y149.895 E.01676
G1 X92.355 Y114.241 E1.58254
G1 X92.355 Y114.774 E.01673
G1 X127.476 Y149.895 E1.55889
G1 X126.942 Y149.895 E.01676
G1 X92.355 Y115.308 E1.53518
G1 X92.355 Y115.842 E.01676
G1 X126.408 Y149.895 E1.51148
G1 X125.874 Y149.895 E.01676
G1 X92.355 Y116.376 E1.48778
G1 X92.355 Y116.91 E.01676
G1 X125.34 Y149.895 E1.46408
G1 X124.807 Y149.895 E.01673
G1 X92.355 Y117.443 E1.44042
G1 X92.355 Y117.977 E.01676
G1 X124.273 Y149.895 E1.41672
G1 X123.739 Y149.895 E.01676
G1 X92.355 Y118.511 E1.39302
G1 X92.355 Y119.045 E.01676
G1 X123.205 Y149.895 E1.36931
G1 X122.671 Y149.895 E.01676
G1 X92.355 Y119.579 E1.34561
G1 X92.355 Y120.112 E.01673
G1 X122.138 Y149.895 E1.32195
G1 X121.604 Y149.895 E.01676
G1 X92.355 Y120.646 E1.29825
G1 X92.355 Y121.18 E.01676
G1 X121.07 Y149.895 E1.27455
G1 X120.536 Y149.895 E.01676
G1 X92.355 Y121.714 E1.25085
G1 X92.355 Y122.248 E.01676
G1 X120.002 Y149.895 E1.22714
G1 X119.469 Y149.895 E.01673
G1 X92.355 Y122.781 E1.20349
G1 X92.355 Y123.315 E.01676
G1 X103.038 Y133.999 E.4742
G1 X103.229 Y134.06 E.00629
G1 X103.512 Y134.228 E.01033
G1 X104.261 Y134.844 E.03044
G1 X104.432 Y135.087 E.00933
G1 X104.718 Y135.679 E.02064
G1 X118.935 Y149.895 E.63102
G1 X118.401 Y149.895 E.01676
G1 X104.914 Y136.409 E.59861
G1 X104.913 Y136.942 E.01673
G1 X117.867 Y149.895 E.57496
G1 X117.333 Y149.895 E.01676
G1 X104.876 Y137.438 E.55292
G1 X104.829 Y137.585 E.00484
G1 X104.718 Y137.814 E.00799
G1 X116.8 Y149.895 E.53625
G1 X116.266 Y149.895 E.01676
G1 X104.545 Y138.175 E.52023
G1 X104.36 Y138.523 E.01237
G1 X115.732 Y149.895 E.50476
G1 X115.198 Y149.895 E.01676
G1 X104.103 Y138.8 E.49246
G1 X103.806 Y139.037 E.01193
G1 X114.664 Y149.895 E.48195
G1 X114.13 Y149.895 E.01676
G1 X103.509 Y139.274 E.47143
G1 X103.29 Y139.412 E.00812
G1 X103.16 Y139.458 E.00433
G1 X113.597 Y149.895 E.46326
G1 X113.063 Y149.895 E.01676
G1 X102.738 Y139.57 E.45829
G1 X102.303 Y139.669 E.014
G1 X112.529 Y149.895 E.45389
G1 X111.995 Y149.895 E.01676
G1 X101.804 Y139.705 E.45232
G1 X101.27 Y139.705 E.01676
G1 X111.461 Y149.895 E.45232
G1 X110.928 Y149.895 E.01673
G1 X100.737 Y139.705 E.45232
G1 X100.203 Y139.705 E.01676
G1 X110.394 Y149.895 E.45232
G1 X109.86 Y149.895 E.01676
G1 X99.669 Y139.705 E.45232
G1 X99.135 Y139.705 E.01676
G1 X109.326 Y149.895 E.45232
G1 X108.792 Y149.895 E.01676
G1 X98.601 Y139.705 E.45232
G1 X98.068 Y139.705 E.01673
G1 X108.259 Y149.895 E.45232
G1 X107.725 Y149.895 E.01676
G1 X97.534 Y139.705 E.45232
G1 X97 Y139.705 E.01676
G1 X107.191 Y149.895 E.45232
G1 X106.657 Y149.895 E.01676
G1 X96.466 Y139.705 E.45232
G1 X95.926 Y139.698 E.01695
G1 X106.123 Y149.895 E.45261
G1 X105.59 Y149.895 E.01673
G1 X95.04 Y139.346 E.46825
G1 E-3.5 F3600
;WIPE_START
G1 F7200
G1 X97.273 Y141.579 E-1.5
;WIPE_END
G1 X102.579 Y134.074 F9000
G1 E5 F2400
G1 X92.355 Y123.849 E.45383
G1 X92.355 Y124.383 E.01676
G1 X101.769 Y133.798 E.41787
G1 X101.235 Y133.797 E.01676
G1 X92.355 Y124.917 E.39415
G1 X92.355 Y125.45 E.01673
G1 X100.701 Y133.797 E.37047
G1 X100.167 Y133.797 E.01676
G1 X92.355 Y125.984 E.34677
G1 X92.355 Y126.518 E.01676
G1 X99.633 Y133.797 E.32306
G1 X99.099 Y133.797 E.01676
G1 X92.355 Y127.052 E.29936
G1 X92.355 Y127.586 E.01676
G1 X98.565 Y133.796 E.27564
G1 X98.031 Y133.796 E.01676
G1 X92.355 Y128.12 E.25194
G1 X92.355 Y128.653 E.01673
G1 X97.497 Y133.796 E.22826
G1 X96.963 Y133.796 E.01676
G1 X92.355 Y129.187 E.20455
G1 X92.355 Y129.721 E.01676
G1 X96.429 Y133.796 E.18085
G1 X95.904 Y133.804 E.01648
G1 X92.355 Y130.255 E.15753
G1 X92.355 Y130.789 E.01676
G1 X95.452 Y133.886 E.13746
G1 X95.017 Y133.985 E.014
G1 X92.355 Y131.322 E.11818
G1 X92.355 Y131.856 E.01676
G1 X94.635 Y134.137 E.10122
G1 X94.324 Y134.359 E.01199
G1 X92.355 Y132.39 E.0874
G1 X92.355 Y132.924 E.01676
G1 X94.027 Y134.596 E.07421
G1 X93.874 Y134.718 E.00614
G1 X93.759 Y134.862 E.00578
G1 X92.355 Y133.458 E.06232
G1 X92.355 Y133.991 E.01673
G1 X93.528 Y135.165 E.05209
G1 X93.355 Y135.526 E.01256
G1 X92.355 Y134.525 E.04441
G1 X92.355 Y135.059 E.01676
G1 X93.191 Y135.895 E.03711
G1 X93.091 Y136.33 E.01401
G1 X92.355 Y135.593 E.03269
G1 X92.355 Y136.127 E.01676
G1 X93.086 Y136.858 E.03245
G1 X93.086 Y137.138 E.00879
G1 X93.104 Y137.349 E.00665
G1 X93.133 Y137.439 E.00297
G1 X92.355 Y136.66 E.03455
G1 X92.355 Y137.194 E.01676
G1 X105.056 Y149.895 E.56375
G1 X104.522 Y149.895 E.01676
G1 X92.355 Y137.728 E.54005
G1 X92.355 Y138.262 E.01676
G1 X103.988 Y149.895 E.51634
G1 X103.454 Y149.895 E.01676
G1 X92.355 Y138.796 E.49264
G1 X92.355 Y139.329 E.01673
G1 X102.921 Y149.895 E.46898
G1 X102.387 Y149.895 E.01676
G1 X92.355 Y139.863 E.44528
G1 X92.355 Y140.397 E.01676
G1 X101.853 Y149.895 E.42158
G1 X101.319 Y149.895 E.01676
G1 X92.355 Y140.931 E.39788
G1 X92.355 Y141.465 E.01676
G1 X100.785 Y149.895 E.37418
G1 X100.252 Y149.895 E.01673
G1 X92.355 Y141.998 E.35052
G1 X92.355 Y142.532 E.01676
G1 X99.718 Y149.895 E.32682
G1 X99.184 Y149.895 E.01676
G1 X92.355 Y143.066 E.30311
G1 X92.355 Y143.6 E.01676
G1 X98.65 Y149.895 E.27941
G1 X98.116 Y149.895 E.01676
G1 X92.355 Y144.134 E.25571
G1 X92.355 Y144.667 E.01673
G1 X97.583 Y149.895 E.23205
G1 X97.049 Y149.895 E.01676
G1 X92.355 Y145.201 E.20835
G1 X92.355 Y145.735 E.01676
G1 X96.515 Y149.895 E.18465
G1 X95.981 Y149.895 E.01676
G1 X92.355 Y146.269 E.16094
G1 X92.355 Y146.803 E.01676
G1 X95.447 Y149.895 E.13724
G1 X94.913 Y149.895 E.01676
G1 X92.355 Y147.337 E.11354
G1 X92.355 Y147.87 E.01673
G1 X94.38 Y149.895 E.08988
G1 X93.846 Y149.895 E.01676
G1 X92.355 Y148.404 E.06618
G1 X92.355 Y148.938 E.01676
G1 X93.312 Y149.895 E.04248
G1 X92.778 Y149.895 E.01676
G1 X92.185 Y149.302 E.02632
M106 S255
;LAYER_CHANGE
;Z:0.4
;HEIGHT:0.2
;BEFORE_LAYER_CHANGE
G92 E0
;0.4


G1 E-3.5 F3600
;WIPE_START
G1 F7200
G1 X92.778 Y149.895 E-.39835
G1 X93.312 Y149.895 E-.25365
G1 X92.355 Y148.938 E-.64287
G1 X92.355 Y148.506 E-.20513
;WIPE_END
G1 Z.4 F9000
;AFTER_LAYER_CHANGE
;0.4
M104 S205 ; set temperature
; stop printing object TapaBatería_v02.stl id:0 copy 0
G1 X87.434 Y149.302
G1 E5 F2400
;TYPE:Skirt/Brim
;WIDTH:0.42
G1 F4800
G1 X87.434 Y108.75 E1.27148
G1 X87.829 Y107.12 E.05259
G1 X88.925 Y105.851 E.05257
G1 X91 Y105.184 E.06834
G1 X169 Y105.184 E2.44564
G1 X170.63 Y105.579 E.05259
G1 X171.899 Y106.675 E.05257
G1 X172.566 Y108.75 E.06834
G1 X172.566 Y151.25 E1.33256
G1 X172.171 Y152.88 E.05259
G1 X171.075 Y154.149 E.05257
G1 X169 Y154.816 E.06834
G1 X91 Y154.816 E2.44564
G1 X89.37 Y154.421 E.05259
G1 X88.101 Y153.325 E.05257
G1 X87.434 Y151.25 E.06834
G1 X87.434 Y149.362 E.0592
G1 X87.811 Y149.362 F9000
G1 F4800
G1 X87.811 Y108.75 E1.27336
G1 X88.205 Y107.215 E.04969
G1 X89.289 Y106.059 E.04969
G1 X91 Y105.561 E.05587
G1 X169 Y105.561 E2.44564
G1 X170.535 Y105.955 E.04969
G1 X171.691 Y107.039 E.04969
G1 X172.189 Y108.75 E.05587
G1 X172.189 Y151.25 E1.33256
G1 X171.795 Y152.785 E.04969
G1 X170.711 Y153.941 E.04969
G1 X169 Y154.439 E.05587
G1 X91 Y154.439 E2.44564
G1 X89.465 Y154.045 E.04969
G1 X88.309 Y152.961 E.04969
G1 X87.811 Y151.25 E.05587
G1 X87.811 Y149.422 E.05732
G1 E-3.5 F3600
;WIPE_START
G1 F7200
G1 X87.811 Y149.362 E-.0285
G1 X87.811 Y146.264 E-1.4715
;WIPE_END
; printing object TapaBatería_v02.stl id:0 copy 0
G1 X161.488 Y137.323 F9000
G1 E5 F2400
;TYPE:Perimeter
;WIDTH:0.439999
G1 F3600
G1 X161.447 Y137.164 E.00542
G1 X161.446 Y136.389 E.02559
G1 X161.471 Y136.168 E.00734
G1 X161.855 Y135.317 E.03083
G1 X162.085 Y135.012 E.01261
G1 X162.69 Y134.528 E.02558
G1 X162.989 Y134.366 E.01123
G1 X163.784 Y134.18 E.02696
G1 X164.05 Y134.157 E.00882
G1 X164.92 Y134.34 E.02935
G1 X165.31 Y134.528 E.01429
G1 X165.875 Y134.978 E.02385
G1 X166.145 Y135.317 E.01431
G1 X166.458 Y135.967 E.02382
G1 X166.554 Y136.389 E.01429
G1 X166.554 Y137.111 E.02384
G1 X166.458 Y137.533 E.01429
G1 X166.145 Y138.183 E.02382
G1 X165.875 Y138.522 E.01431
G1 X165.31 Y138.972 E.02385
G1 X164.92 Y139.16 E.01429
G1 X164.216 Y139.32 E.02384
G1 X163.906 Y139.34 E.01026
G1 X163.08 Y139.16 E.02791
G1 X162.775 Y139.033 E.01091
G1 X162.125 Y138.522 E.0273
G1 X161.893 Y138.254 E.0117
G1 X161.542 Y137.533 E.02648
G1 X161.503 Y137.381 E.00518
G1 X161.872 Y137.236 F9000
G1 F3600
G1 X161.843 Y137.111 E.00424
G1 X161.843 Y136.389 E.02384
G1 X161.858 Y136.258 E.00435
G1 X162.213 Y135.489 E.02797
G1 X162.373 Y135.289 E.00846
G1 X162.941 Y134.836 E.02399
G1 X163.168 Y134.727 E.00831
G1 X163.872 Y134.567 E.02384
G1 X164.128 Y134.567 E.00845
G1 X164.832 Y134.727 E.02384
G1 X165.063 Y134.839 E.00848
G1 X165.627 Y135.289 E.02382
G1 X165.787 Y135.489 E.00846
G1 X166.1 Y136.139 E.02382
G1 X166.157 Y136.389 E.00847
G1 X166.157 Y137.111 E.02384
G1 X166.1 Y137.361 E.00847
G1 X165.787 Y138.011 E.02382
G1 X165.627 Y138.211 E.00846
G1 X165.063 Y138.661 E.02382
G1 X164.832 Y138.773 E.00848
G1 X164.128 Y138.933 E.02384
G1 X163.872 Y138.933 E.00845
G1 X163.168 Y138.773 E.02384
G1 X162.937 Y138.661 E.00848
G1 X162.373 Y138.211 E.02382
G1 X162.213 Y138.011 E.00846
G1 X161.9 Y137.361 E.02382
G1 X161.885 Y137.294 E.00227
G1 X162.248 Y137.149 F9000
;TYPE:External perimeter
;WIDTH:0.419999
G1 F3600
G1 X162.235 Y136.346 E.02518
G1 X162.562 Y135.657 E.02391
G1 X163.179 Y135.141 E.02522
G1 X163.958 Y134.944 E.02519
G1 X164.746 Y135.105 E.02522
G1 X165.386 Y135.591 E.0252
G1 X165.751 Y136.307 E.0252
G1 X165.77 Y137.111 E.02522
G1 X165.438 Y137.843 E.0252
G1 X164.821 Y138.359 E.02522
G1 X164.042 Y138.556 E.02519
G1 X163.254 Y138.395 E.02522
G1 X162.614 Y137.909 E.0252
G1 X162.256 Y137.207 E.02471
G1 E-3.5
;WIPE_START
G1 F7200
G1 X162.248 Y137.149 E-.02781
G1 X162.235 Y136.346 E-.38147
G1 X162.562 Y135.657 E-.36226
G1 X163.179 Y135.141 E-.38206
G1 X163.886 Y134.962 E-.3464
;WIPE_END
G1 X104.514 Y137.324 F9000
G1 E5 F2400
;TYPE:Perimeter
;WIDTH:0.439999
G1 F3600
G1 X104.487 Y137.467 E.0048
G1 X104.145 Y138.183 E.0262
G1 X103.946 Y138.459 E.01123
G1 X103.31 Y138.972 E.02698
G1 X103.029 Y139.128 E.01061
G1 X102.219 Y139.32 E.02749
G1 X102.002 Y139.344 E.00721
G1 X95.998 Y139.344 E.19824
G1 X95.08 Y139.16 E.03091
G1 X94.69 Y138.972 E.01429
G1 X94.125 Y138.522 E.02385
G1 X93.855 Y138.183 E.01431
G1 X93.542 Y137.533 E.02382
G1 X93.446 Y137.111 E.01429
G1 X93.446 Y136.389 E.02384
G1 X93.542 Y135.967 E.01429
G1 X93.855 Y135.317 E.02382
G1 X94.125 Y134.978 E.01431
G1 X94.69 Y134.528 E.02385
G1 X95.08 Y134.34 E.01429
G1 X95.781 Y134.18 E.02374
G1 X95.998 Y134.156 E.00721
G1 X102.002 Y134.156 E.19824
G1 X102.92 Y134.34 E.03091
G1 X103.269 Y134.497 E.01264
G1 X103.875 Y134.978 E.02555
G1 X104.102 Y135.239 E.01142
G1 X104.458 Y135.967 E.02676
G1 X104.549 Y136.293 E.01118
G1 X104.554 Y137.111 E.02701
G1 X104.525 Y137.265 E.00517
G1 X104.128 Y137.236 F9000
G1 F3600
G1 X104.1 Y137.361 E.00423
G1 X103.787 Y138.011 E.02382
G1 X103.627 Y138.211 E.00846
G1 X103.063 Y138.661 E.02382
G1 X102.832 Y138.773 E.00848
G1 X102.131 Y138.933 E.02374
G1 X102.002 Y138.947 E.00428
G1 X95.998 Y138.947 E.19824
G1 X95.168 Y138.773 E.028
G1 X94.937 Y138.661 E.00848
G1 X94.373 Y138.211 E.02382
G1 X94.213 Y138.011 E.00846
G1 X93.9 Y137.361 E.02382
G1 X93.843 Y137.111 E.00847
G1 X93.843 Y136.389 E.02384
G1 X93.9 Y136.139 E.00847
G1 X94.213 Y135.489 E.02382
G1 X94.373 Y135.289 E.00846
G1 X94.937 Y134.839 E.02382
G1 X95.168 Y134.727 E.00848
G1 X95.869 Y134.567 E.02374
G1 X95.998 Y134.553 E.00428
G1 X102.002 Y134.553 E.19824
G1 X102.832 Y134.727 E.028
G1 X103.063 Y134.839 E.00848
G1 X103.627 Y135.289 E.02382
G1 X103.787 Y135.489 E.00846
G1 X104.1 Y136.139 E.02382
G1 X104.157 Y136.389 E.00847
G1 X104.157 Y137.111 E.02384
G1 X104.142 Y137.177 E.00223
G1 X103.752 Y137.151 F9000
;TYPE:External perimeter
;WIDTH:0.419999
G1 F3600
G1 X103.438 Y137.843 E.02383
G1 X102.821 Y138.359 E.02522
G1 X102.044 Y138.555 E.02513
G1 X95.998 Y138.56 E.18957
G1 X95.254 Y138.395 E.02389
G1 X94.614 Y137.909 E.0252
G1 X94.249 Y137.193 E.0252
G1 X94.23 Y136.389 E.02522
G1 X94.562 Y135.657 E.0252
G1 X95.179 Y135.141 E.02522
G1 X95.956 Y134.945 E.02513
G1 X102.002 Y134.94 E.18957
G1 X102.746 Y135.105 E.02389
G1 X103.386 Y135.591 E.0252
G1 X103.751 Y136.307 E.0252
G1 X103.77 Y137.095 E.02471
G1 E-3.5
;WIPE_START
G1 F7200
G1 X103.752 Y137.151 E-.02794
G1 X103.438 Y137.843 E-.36096
G1 X102.821 Y138.359 E-.38206
G1 X102.044 Y138.555 E-.38064
G1 X101.31 Y138.556 E-.3484
;WIPE_END
G1 X91.994 Y150.256 F9000
G1 E5 F2400
;TYPE:Perimeter
;WIDTH:0.439999
G1 F7200
G1 X91.994 Y109.744 E1.33759
G1 X168.006 Y109.744 E2.50971
G1 X168.006 Y123.611 E.45785
G1 X168.006 Y150.256 E.87974
G1 X92.054 Y150.256 E2.50773
G1 X91.597 Y150.653 F9000
G1 F7200
G1 X91.597 Y109.347 E1.36381
G1 X168.403 Y109.347 E2.53592
G1 X168.403 Y123.611 E.47096
G1 X168.403 Y150.653 E.89285
G1 X91.657 Y150.653 E2.53394
G1 X91.21 Y151.04 F9000
;TYPE:External perimeter
;WIDTH:0.419999
G1 F3600
G1 X91.21 Y108.96 E1.31939
G1 X168.79 Y108.96 E2.43246
G1 X168.79 Y123.611 E.45937
G1 X168.79 Y151.04 E.86002
G1 X91.27 Y151.04 E2.43058
G1 E-3.5
;WIPE_START
G1 F7200
G1 X91.21 Y151.04 E-.0285
G1 X91.21 Y147.942 E-1.4715
;WIPE_END
G1 X92.408 Y110.082 F9000
G1 E5 F2400
;TYPE:Solid infill
;WIDTH:0.53634
G1 F7200
G1 X92.364 Y110.039 E.00252
G1 X92.304 Y110.054 E.00254
G1 X92.289 Y110.114 E.00254
G1 X92.332 Y110.158 E.00252
G1 X92.392 Y110.142 E.00255
;WIDTH:0.439999
G1 X92.3 Y110.776 E.02115
G1 X93.026 Y110.05 E.0339
G1 X93.587 Y110.05 E.01852
G1 X92.3 Y111.337 E.06009
G1 X92.3 Y111.899 E.01856
G1 X94.149 Y110.05 E.08634
G1 X94.711 Y110.05 E.01856
G1 X92.3 Y112.461 E.11258
G1 X92.3 Y113.022 E.01852
G1 X95.272 Y110.05 E.13877
G1 X95.834 Y110.05 E.01856
G1 X92.3 Y113.584 E.16501
G1 X92.3 Y114.145 E.01852
G1 X96.395 Y110.05 E.19121
G1 X96.957 Y110.05 E.01856
G1 X92.3 Y114.707 E.21745
G1 X92.3 Y115.268 E.01852
G1 X97.518 Y110.05 E.24365
G1 X98.08 Y110.05 E.01856
G1 X92.3 Y115.83 E.26989
G1 X92.3 Y116.391 E.01852
G1 X98.641 Y110.05 E.29608
G1 X99.203 Y110.05 E.01856
G1 X92.3 Y116.953 E.32232
G1 X92.3 Y117.515 E.01856
G1 X99.765 Y110.05 E.34857
G1 X100.326 Y110.05 E.01852
G1 X92.3 Y118.076 E.37476
G1 X92.3 Y118.638 E.01856
G1 X100.888 Y110.05 E.401
G1 X101.449 Y110.05 E.01852
G1 X92.3 Y119.199 E.4272
G1 X92.3 Y119.761 E.01856
G1 X102.011 Y110.05 E.45344
G1 X102.572 Y110.05 E.01852
G1 X92.3 Y120.322 E.47964
G1 X92.3 Y120.884 E.01856
G1 X103.134 Y110.05 E.50588
G1 X103.695 Y110.05 E.01852
G1 X92.3 Y121.445 E.53207
G1 X92.3 Y122.007 E.01856
G1 X104.257 Y110.05 E.55831
G1 X104.819 Y110.05 E.01856
G1 X92.3 Y122.569 E.58456
G1 X92.3 Y123.13 E.01852
G1 X105.38 Y110.05 E.61075
G1 X105.942 Y110.05 E.01856
G1 X92.3 Y123.692 E.63699
G1 X92.3 Y124.253 E.01852
G1 X106.503 Y110.05 E.66319
G1 X107.065 Y110.05 E.01856
G1 X92.3 Y124.815 E.68943
G1 X92.3 Y125.376 E.01852
G1 X107.626 Y110.05 E.71562
G1 X108.188 Y110.05 E.01856
G1 X92.3 Y125.938 E.74187
G1 X92.3 Y126.499 E.01852
G1 X108.749 Y110.05 E.76806
G1 X109.311 Y110.05 E.01856
G1 X92.3 Y127.061 E.7943
G1 X92.3 Y127.623 E.01856
G1 X109.873 Y110.05 E.82054
G1 X110.434 Y110.05 E.01852
G1 X92.3 Y128.184 E.84674
G1 X92.3 Y128.746 E.01856
G1 X110.996 Y110.05 E.87298
G1 X111.557 Y110.05 E.01852
G1 X92.3 Y129.307 E.89918
G1 X92.3 Y129.869 E.01856
G1 X112.119 Y110.05 E.92542
G1 X112.68 Y110.05 E.01852
G1 X92.3 Y130.43 E.95161
G1 X92.3 Y130.992 E.01856
G1 X113.242 Y110.05 E.97785
G1 X113.803 Y110.05 E.01852
G1 X92.3 Y131.553 E1.00405
G1 X92.3 Y132.115 E.01856
G1 X114.365 Y110.05 E1.03029
G1 X114.927 Y110.05 E.01856
G1 X92.3 Y132.677 E1.05653
G1 X92.3 Y133.238 E.01852
G1 X115.488 Y110.05 E1.08273
G1 X116.05 Y110.05 E.01856
G1 X92.3 Y133.8 E1.10897
G1 X92.3 Y134.361 E.01852
G1 X116.611 Y110.05 E1.13516
G1 X117.173 Y110.05 E.01856
G1 X92.3 Y134.923 E1.16141
G1 X92.3 Y135.484 E.01852
G1 X117.734 Y110.05 E1.1876
G1 X118.296 Y110.05 E.01856
G1 X92.3 Y136.046 E1.21384
G1 X93.306 Y135.601 F9000
G1 F7200
G1 X92.44 Y136.467 E.04044
G1 X92.3 Y136.47 E.00462
G1 X92.3 Y142.223 E.18995
G1 X95.066 Y139.457 E.12915
G1 X94.74 Y139.36 E.01123
G1 X94.023 Y138.831 E.02942
G1 X93.599 Y138.344 E.02132
G1 X93.27 Y137.671 E.02473
G1 X93.157 Y137.312 E.01243
G1 X93.145 Y136.355 E.0316
G1 X93.257 Y135.867 E.01653
G1 X93.447 Y135.461 E.0148
G1 X93.541 Y135.328 E.00538
;WIDTH:0.41146
G1 X93.636 Y135.196 E.00498
;WIDTH:0.38292
G1 X93.976 Y134.815 E.01444
G1 X94.509 Y134.351 E.01998
;WIDTH:0.41146
G1 X94.65 Y134.234 E.00561
;WIDTH:0.439999
G1 X94.79 Y134.117 E.00602
G1 X118.857 Y110.05 E1.12377
G1 X119.419 Y110.05 E.01856
G1 X95.549 Y133.92 E1.11457
G1 X96.18 Y133.85 E.02096
G1 X119.981 Y110.05 E1.11133
G1 X120.542 Y110.05 E.01852
G1 X96.742 Y133.85 E1.1113
G1 X97.303 Y133.851 E.01852
G1 X121.104 Y110.05 E1.11135
G1 X121.665 Y110.05 E.01852
G1 X97.864 Y133.851 E1.11135
G1 X98.426 Y133.851 E.01856
G1 X122.227 Y110.05 E1.11135
G1 X122.788 Y110.05 E.01852
G1 X98.987 Y133.851 E1.11135
G1 X99.548 Y133.851 E.01852
G1 X123.35 Y110.05 E1.11137
G1 X123.911 Y110.05 E.01852
G1 X100.11 Y133.852 E1.11137
G1 X100.671 Y133.852 E.01852
G1 X124.473 Y110.05 E1.1114
G1 X125.035 Y110.05 E.01856
G1 X101.232 Y133.852 E1.11142
G1 X101.794 Y133.852 E.01856
G1 X125.596 Y110.05 E1.1114
G1 X126.158 Y110.05 E.01856
G1 X102.308 Y133.899 E1.11362
G1 X102.772 Y133.997 E.01566
G1 X126.719 Y110.05 E1.11817
G1 X127.281 Y110.05 E.01856
G1 X103.213 Y134.117 E1.12379
G1 X103.557 Y134.335 E.01345
G1 X127.842 Y110.05 E1.13395
G1 X128.404 Y110.05 E.01856
G1 X103.865 Y134.589 E1.14581
G1 X104.172 Y134.843 E.01316
G1 X128.965 Y110.05 E1.15767
G1 X129.527 Y110.05 E.01856
G1 X104.41 Y135.167 E1.1728
G1 X104.593 Y135.545 E.01387
G1 X130.089 Y110.05 E1.19047
G1 X130.65 Y110.05 E.01852
G1 X104.77 Y135.93 E1.20843
G1 X104.86 Y136.402 E.01586
G1 X131.212 Y110.05 E1.23047
G1 X131.773 Y110.05 E.01852
G1 X104.859 Y136.965 E1.25673
G1 X104.242 Y138.344 F9000
;WIDTH:0.38292
G1 F7200
G1 X104.54 Y137.926 E.01451
;WIDTH:0.41146
G1 X104.64 Y137.786 E.00527
;WIDTH:0.439999
G1 X104.739 Y137.645 E.00569
G1 X132.335 Y110.05 E1.28853
G1 E-3.5 F3600
;WIPE_START
G1 F7200
G1 X130.102 Y112.283 E-1.5
;WIPE_END
G1 X95.512 Y139.572 F9000
G1 E5 F2400
G1 F7200
G1 X92.3 Y142.785 E.15
G1 X92.3 Y143.346 E.01852
G1 X95.996 Y139.65 E.17258
G1 X96.558 Y139.65 E.01856
G1 X92.3 Y143.908 E.19882
G1 X92.3 Y144.469 E.01852
G1 X97.119 Y139.65 E.22502
G1 X97.681 Y139.65 E.01856
G1 X92.3 Y145.031 E.25126
G1 X92.3 Y145.592 E.01852
G1 X98.242 Y139.65 E.27745
G1 X98.804 Y139.65 E.01856
G1 X92.3 Y146.154 E.30369
G1 X92.3 Y146.715 E.01852
G1 X99.365 Y139.65 E.32989
G1 X99.927 Y139.65 E.01856
G1 X92.3 Y147.277 E.35613
G1 X92.3 Y147.839 E.01856
G1 X100.489 Y139.65 E.38237
G1 X101.05 Y139.65 E.01852
G1 X92.3 Y148.4 E.40857
G1 X92.3 Y148.962 E.01856
G1 X101.612 Y139.65 E.43481
G1 X102.189 Y139.634 E.01906
G1 X92.3 Y149.523 E.46175
G1 X92.221 Y150.089 E.01887
;WIDTH:0.38292
G1 X92.18 Y150.1 E.0012
G1 X92.161 Y150.029 E.00208
G1 X92.232 Y150.048 E.00208
;WIDTH:0.41146
G1 X92.333 Y149.999 E.00344
;WIDTH:0.439999
G1 X92.435 Y149.95 E.00374
G1 X102.909 Y139.476 E.48907
G1 X103.076 Y139.372 E.0065
;WIDTH:0.41146
G1 X103.243 Y139.268 E.00603
;WIDTH:0.38292
G1 X103.038 Y139.285 E.00582
G1 E-3.5 F3600
;WIPE_START
G1 F7200
G1 X103.243 Y139.268 E-.09771
G1 X103.076 Y139.372 E-.09345
G1 X102.909 Y139.476 E-.09345
G1 X101.1 Y141.285 E-1.21539
;WIPE_END
G1 X92.745 Y150.096 F9000
G1 E5 F2400
G1 F7200
G1 X92.704 Y150.107 E.0012
G1 X92.685 Y150.036 E.00208
G1 X92.756 Y150.055 E.00208
;WIDTH:0.41146
G1 X92.876 Y150.003 E.00401
;WIDTH:0.439999
G1 X92.996 Y149.95 E.00433
G1 X132.896 Y110.05 E1.86307
G1 X133.458 Y110.05 E.01856
G1 X93.558 Y149.95 E1.86307
G1 X94.119 Y149.95 E.01852
G1 X134.019 Y110.05 E1.86307
G1 X134.581 Y110.05 E.01856
G1 X94.681 Y149.95 E1.86307
G1 X95.242 Y149.95 E.01852
G1 X135.143 Y110.05 E1.86309
G1 X135.704 Y110.05 E.01852
G1 X95.804 Y149.95 E1.86307
G1 X96.365 Y149.95 E.01852
G1 X136.266 Y110.05 E1.86309
G1 X136.827 Y110.05 E.01852
G1 X96.927 Y149.95 E1.86307
G1 X97.489 Y149.95 E.01856
G1 X137.389 Y110.05 E1.86307
G1 X137.95 Y110.05 E.01852
G1 X98.05 Y149.95 E1.86307
G1 X98.612 Y149.95 E.01856
G1 X138.512 Y110.05 E1.86307
G1 X139.073 Y110.05 E.01852
G1 X99.173 Y149.95 E1.86307
G1 X99.735 Y149.95 E.01856
G1 X139.635 Y110.05 E1.86307
G1 X140.197 Y110.05 E.01856
G1 X100.296 Y149.95 E1.86309
G1 X100.858 Y149.95 E.01856
G1 X140.758 Y110.05 E1.86307
G1 X141.32 Y110.05 E.01856
G1 X101.419 Y149.95 E1.86309
G1 X101.981 Y149.95 E.01856
G1 X141.881 Y110.05 E1.86307
G1 X142.443 Y110.05 E.01856
G1 X102.543 Y149.95 E1.86307
G1 X103.104 Y149.95 E.01852
G1 X143.004 Y110.05 E1.86307
G1 X143.566 Y110.05 E.01856
G1 X103.666 Y149.95 E1.86307
G1 X104.227 Y149.95 E.01852
G1 X144.127 Y110.05 E1.86307
G1 X144.689 Y110.05 E.01856
G1 X104.789 Y149.95 E1.86307
G1 X105.35 Y149.95 E.01852
G1 X145.251 Y110.05 E1.86309
G1 X145.812 Y110.05 E.01852
G1 X105.912 Y149.95 E1.86307
G1 X106.473 Y149.95 E.01852
G1 X146.374 Y110.05 E1.86309
G1 X146.935 Y110.05 E.01852
G1 X107.035 Y149.95 E1.86307
G1 X107.597 Y149.95 E.01856
G1 X147.497 Y110.05 E1.86307
G1 X148.058 Y110.05 E.01852
G1 X108.158 Y149.95 E1.86307
G1 X108.72 Y149.95 E.01856
G1 X148.62 Y110.05 E1.86307
G1 X149.181 Y110.05 E.01852
G1 X109.281 Y149.95 E1.86307
G1 X109.843 Y149.95 E.01856
G1 X149.743 Y110.05 E1.86307
G1 X150.305 Y110.05 E.01856
G1 X110.404 Y149.95 E1.86309
G1 X110.966 Y149.95 E.01856
G1 X150.866 Y110.05 E1.86307
G1 X151.428 Y110.05 E.01856
G1 X111.527 Y149.95 E1.86309
G1 X112.089 Y149.95 E.01856
G1 X151.989 Y110.05 E1.86307
G1 X152.551 Y110.05 E.01856
G1 X112.651 Y149.95 E1.86307
G1 X113.212 Y149.95 E.01852
G1 X153.112 Y110.05 E1.86307
G1 X153.674 Y110.05 E.01856
G1 X113.774 Y149.95 E1.86307
G1 X114.335 Y149.95 E.01852
G1 X154.235 Y110.05 E1.86307
G1 X154.797 Y110.05 E.01856
G1 X114.897 Y149.95 E1.86307
G1 X115.458 Y149.95 E.01852
G1 X155.359 Y110.05 E1.86309
G1 X155.92 Y110.05 E.01852
G1 X116.02 Y149.95 E1.86307
G1 X116.581 Y149.95 E.01852
G1 X156.482 Y110.05 E1.86309
G1 X157.043 Y110.05 E.01852
G1 X117.143 Y149.95 E1.86307
G1 X117.705 Y149.95 E.01856
G1 X157.605 Y110.05 E1.86307
G1 X158.166 Y110.05 E.01852
G1 X118.266 Y149.95 E1.86307
G1 X118.828 Y149.95 E.01856
G1 X158.728 Y110.05 E1.86307
G1 X159.289 Y110.05 E.01852
G1 X119.389 Y149.95 E1.86307
G1 X119.951 Y149.95 E.01856
G1 X159.851 Y110.05 E1.86307
G1 X160.412 Y110.05 E.01852
G1 X120.512 Y149.95 E1.86307
G1 X121.074 Y149.95 E.01856
G1 X160.974 Y110.05 E1.86307
G1 X161.536 Y110.05 E.01856
G1 X121.635 Y149.95 E1.86309
G1 X122.197 Y149.95 E.01856
G1 X162.097 Y110.05 E1.86307
G1 X162.659 Y110.05 E.01856
G1 X122.759 Y149.95 E1.86307
G1 X123.32 Y149.95 E.01852
G1 X163.22 Y110.05 E1.86307
G1 X163.782 Y110.05 E.01856
G1 X123.882 Y149.95 E1.86307
G1 X124.443 Y149.95 E.01852
G1 X164.343 Y110.05 E1.86307
G1 X164.905 Y110.05 E.01856
G1 X125.005 Y149.95 E1.86307
G1 X125.566 Y149.95 E.01852
G1 X165.466 Y110.05 E1.86307
G1 X166.028 Y110.05 E.01856
G1 X126.128 Y149.95 E1.86307
G1 X126.689 Y149.95 E.01852
G1 X166.59 Y110.05 E1.86309
G1 X167.151 Y110.05 E.01852
G1 X127.251 Y149.95 E1.86307
G1 X127.813 Y149.95 E.01856
G1 X167.7 Y110.063 E1.86246
G1 X167.7 Y110.624 E.01852
G1 X128.374 Y149.95 E1.83627
G1 X128.936 Y149.95 E.01856
G1 X167.7 Y111.186 E1.81002
G1 X167.7 Y111.747 E.01852
G1 X129.497 Y149.95 E1.78383
G1 X130.059 Y149.95 E.01856
G1 X167.7 Y112.309 E1.75759
G1 X167.7 Y112.87 E.01852
G1 X130.62 Y149.95 E1.73139
G1 X131.182 Y149.95 E.01856
G1 X167.7 Y113.432 E1.70515
G1 X167.7 Y113.993 E.01852
G1 X131.743 Y149.95 E1.67896
G1 X132.305 Y149.95 E.01856
G1 X167.7 Y114.555 E1.65271
G1 X167.7 Y115.117 E.01856
G1 X132.866 Y149.95 E1.6265
G1 X133.428 Y149.95 E.01856
G1 X167.7 Y115.678 E1.60028
G1 X167.7 Y116.24 E.01856
G1 X133.99 Y149.95 E1.57404
G1 X134.551 Y149.95 E.01852
G1 X167.7 Y116.801 E1.54784
G1 X167.7 Y117.363 E.01856
G1 X135.113 Y149.95 E1.5216
G1 X135.674 Y149.95 E.01852
G1 X167.7 Y117.924 E1.4954
G1 X167.7 Y118.486 E.01856
G1 X136.236 Y149.95 E1.46916
G1 X136.797 Y149.95 E.01852
G1 X167.7 Y119.047 E1.44297
G1 X167.7 Y119.609 E.01856
G1 X137.359 Y149.95 E1.41673
G1 X137.92 Y149.95 E.01852
G1 X167.7 Y120.17 E1.39053
G1 X167.7 Y120.732 E.01856
G1 X138.482 Y149.95 E1.36429
G1 X139.044 Y149.95 E.01856
G1 X167.7 Y121.294 E1.33805
G1 X167.7 Y121.855 E.01852
G1 X139.605 Y149.95 E1.31185
G1 X140.167 Y149.95 E.01856
G1 X167.7 Y122.417 E1.28561
G1 X167.7 Y122.978 E.01852
G1 X140.728 Y149.95 E1.25942
G1 X141.29 Y149.95 E.01856
G1 X167.7 Y123.54 E1.23317
G1 X167.7 Y124.101 E.01852
G1 X141.851 Y149.95 E1.20698
G1 X142.413 Y149.95 E.01856
G1 X167.7 Y124.663 E1.18074
G1 X167.7 Y125.224 E.01852
G1 X142.974 Y149.95 E1.15454
G1 X143.536 Y149.95 E.01856
G1 X167.7 Y125.786 E1.1283
G1 X167.7 Y126.348 E.01856
G1 X144.098 Y149.95 E1.10206
G1 X144.659 Y149.95 E.01852
G1 X167.7 Y126.909 E1.07586
G1 X167.7 Y127.471 E.01856
G1 X145.221 Y149.95 E1.04962
G1 X145.782 Y149.95 E.01852
G1 X167.7 Y128.032 E1.02343
G1 X167.7 Y128.594 E.01856
G1 X146.344 Y149.95 E.99719
G1 X146.499 Y150.023 E.00566
;WIDTH:0.41146
G1 X146.655 Y150.096 E.00528
;WIDTH:0.38292
G1 X146.614 Y150.107 E.0012
G1 X146.595 Y150.036 E.00208
G1 X146.666 Y150.055 E.00208
G1 E-3.5 F3600
;WIPE_START
G1 F7200
G1 X146.595 Y150.036 E-.03491
G1 X146.614 Y150.107 E-.03491
G1 X146.655 Y150.096 E-.02016
G1 X146.499 Y150.023 E-.08181
G1 X146.344 Y149.95 E-.08138
G1 X148.2 Y148.094 E-1.24683
;WIPE_END
G1 X162.694 Y134.161 F9000
G1 E5 F2400
;WIDTH:0.439999
G1 F7200
G1 X167.7 Y129.155 E.23375
G1 X167.7 Y129.717 E.01856
G1 X163.475 Y133.942 E.19728
G1 X163.355 Y134.013 E.0046
;WIDTH:0.41146
G1 X163.236 Y134.084 E.00425
;WIDTH:0.38292
G1 X163.164 Y134.065 E.00211
G1 X163.183 Y134.136 E.00208
G1 X163.225 Y134.125 E.00123
G1 X162.414 Y134.4 F9000
G1 F7200
G1 X161.979 Y134.786 E.01644
G1 X161.707 Y135.079 E.0113
;WIDTH:0.41146
G1 X161.601 Y135.22 E.00541
;WIDTH:0.439999
G1 X161.496 Y135.36 E.00578
G1 X146.905 Y149.95 E.68128
G1 X147.467 Y149.95 E.01856
G1 X161.151 Y136.267 E.63893
G1 X161.243 Y136.141 E.00515
;WIDTH:0.41146
G1 X161.336 Y136.016 E.00477
;WIDTH:0.38292
G1 X161.295 Y136.027 E.0012
G1 X161.276 Y135.956 E.00208
G1 X161.347 Y135.975 E.00208
G1 X161.142 Y136.837 F9000
;WIDTH:0.439999
G1 F7200
G1 X148.028 Y149.95 E.61231
G1 X148.59 Y149.95 E.01856
G1 X161.17 Y137.371 E.58738
G1 X161.324 Y137.778 E.01437
G1 X149.152 Y149.95 E.56835
G1 X149.713 Y149.95 E.01852
G1 X161.505 Y138.158 E.55061
G1 X161.709 Y138.516 E.0136
G1 X150.275 Y149.95 E.53389
G1 X150.836 Y149.95 E.01852
G1 X161.986 Y138.801 E.52061
G1 X162.3 Y139.048 E.01319
G1 X151.398 Y149.95 E.50905
G1 X151.959 Y149.95 E.01852
G1 X162.616 Y139.294 E.49759
G1 X163.018 Y139.453 E.01427
G1 X152.521 Y149.95 E.49014
G1 X153.082 Y149.95 E.01852
G1 X163.472 Y139.56 E.48514
G1 X163.954 Y139.64 E.01613
G1 X153.644 Y149.95 E.48141
G1 X154.206 Y149.95 E.01856
G1 X164.612 Y139.544 E.48589
G1 X165.528 Y139.189 F9000
G1 F7200
G1 X154.767 Y149.95 E.50247
G1 E-3.5 F3600
;WIPE_START
G1 F7200
G1 X157 Y147.717 E-1.5
;WIPE_END
G1 X164.12 Y133.858 F9000
G1 E5 F2400
G1 F7200
G1 X167.7 Y130.278 E.16716
G1 X167.7 Y130.84 E.01856
G1 X164.589 Y133.951 E.14526
G1 X165.042 Y134.06 E.01538
G1 X167.7 Y131.402 E.12411
G1 X167.7 Y131.963 E.01852
G1 X165.423 Y134.24 E.10632
G1 E-3.5 F3600
;WIPE_START
G1 F7200
G1 X167.656 Y132.007 E-1.5
;WIPE_END
G1 X167.56 Y132.665 F9000
G1 E5 F2400
G1 F7200
G1 X165.743 Y134.482 E.08484
G1 X166.089 Y134.764 E.01474
G1 X166.401 Y135.156 E.01654
G1 X166.729 Y135.825 E.0246
G1 X166.855 Y136.355 E.01799
G1 X166.843 Y137.299 E.03117
G1 X167.26 Y136.896 E.01915
G1 X167.362 Y136.841 E.00383
G1 X167.541 Y136.896 E.00618
G1 X167.7 Y137.055 E.00742
G1 X167.7 Y132.525 E.14957
G1 X167.303 Y133.483 F9000
G1 F7200
G1 X167.303 Y135.759 E.07515
;WIDTH:0.467759
G1 X167.289 Y136.025 E.00941
;WIDTH:0.495518
G1 X167.275 Y136.292 E.01006
G1 X167.267 Y136.261 E.0012
;WIDTH:0.491094
G1 X167.177 Y135.957 E.01181
;WIDTH:0.465547
G1 X167.086 Y135.653 E.01115
;WIDTH:0.439999
G1 X166.711 Y134.908 E.02754
G1 X166.334 Y134.452 E.01954
G1 X167.163 Y133.624 E.03869
G1 X166.943 Y134.462 F9000
;WIDTH:0.467824
G1 F7200
G1 X166.906 Y134.424 E.00187
G1 X166.854 Y134.438 E.0019
G1 X166.841 Y134.489 E.00186
G1 X166.878 Y134.527 E.00187
G1 X166.93 Y134.513 E.0019
G1 X167.275 Y136.292 F9000
;WIDTH:0.495518
G1 F7200
G1 X167.28 Y136.429 E.00516
G1 X167.4 Y137.317 F9000
;WIDTH:0.439999
G1 F7200
G1 X166.316 Y138.42 E.05106
;WIDTH:0.413358
G1 X166.194 Y138.561 E.00574
;WIDTH:0.39776
G1 X165.809 Y138.939 E.01592
G1 E-3.5 F3600
;WIPE_START
G1 F7200
G1 X166.194 Y138.561 E-.25628
G1 X166.316 Y138.42 E-.08857
G1 X167.4 Y137.317 E-.73459
;WIPE_END
G1 E-.42056 F3600
G1 X167.7 Y137.579 F9000
G1 E5 F2400
;WIDTH:0.439999
G1 F7200
G1 X155.329 Y149.95 E.57764
G1 X155.89 Y149.95 E.01852
G1 X167.7 Y138.14 E.55145
G1 X167.7 Y138.702 E.01856
G1 X156.452 Y149.95 E.52521
G1 X157.013 Y149.95 E.01852
G1 X167.7 Y139.263 E.49901
G1 X167.7 Y139.825 E.01856
G1 X157.575 Y149.95 E.47277
G1 X158.136 Y149.95 E.01852
G1 X167.7 Y140.386 E.44658
G1 X167.7 Y140.948 E.01856
G1 X158.698 Y149.95 E.42033
G1 X159.26 Y149.95 E.01856
G1 X167.7 Y141.51 E.39409
G1 X167.7 Y142.071 E.01852
G1 X159.821 Y149.95 E.3679
G1 X160.383 Y149.95 E.01856
G1 X167.7 Y142.633 E.34166
G1 X167.7 Y143.194 E.01852
G1 X160.944 Y149.95 E.31546
G1 X161.506 Y149.95 E.01856
G1 X167.7 Y143.756 E.28922
G1 X167.7 Y144.317 E.01852
G1 X162.067 Y149.95 E.26302
G1 X162.629 Y149.95 E.01856
G1 X167.7 Y144.879 E.23678
G1 X167.7 Y145.44 E.01852
G1 X163.19 Y149.95 E.21059
G1 X163.752 Y149.95 E.01856
G1 X167.7 Y146.002 E.18435
G1 X167.7 Y146.564 E.01856
G1 X164.314 Y149.95 E.1581
G1 X164.875 Y149.95 E.01852
G1 X167.7 Y147.125 E.13191
G1 X167.7 Y147.687 E.01856
G1 X165.437 Y149.95 E.10567
G1 X165.381 Y150.029 E.0032
;WIDTH:0.41146
G1 X165.325 Y150.109 E.00299
;WIDTH:0.38292
G1 X165.254 Y150.09 E.00208
G1 X165.273 Y150.161 E.00208
G1 X165.314 Y150.15 E.0012
G1 E-3.5 F3600
;WIPE_START
G1 F7200
G1 X165.273 Y150.161 E-.02016
G1 X165.254 Y150.09 E-.03491
G1 X165.325 Y150.109 E-.03491
G1 X165.381 Y150.029 E-.04638
G1 X165.437 Y149.95 E-.046
G1 X167.399 Y147.988 E-1.31764
;WIPE_END
G1 X167.56 Y148.389 F9000
G1 E5 F2400
;WIDTH:0.439999
G1 F7200
G1 X165.998 Y149.95 E.07291
G1 X167.7 Y149.95 E.0562
G1 X167.7 Y148.248 E.0562
G1 X167.274 Y149.432 F9000
;WIDTH:0.64277
G1 F7200
G1 X167.221 Y149.379 E.00374
G1 X167.149 Y149.399 E.00373
G1 X167.129 Y149.471 E.00373
G1 X167.182 Y149.524 E.00374
G1 X167.255 Y149.505 E.00376
G1 E-3.5 F3600
;WIPE_START
G1 F7200
G1 X167.182 Y149.524 E-.03583
G1 X167.129 Y149.471 E-.0356
G1 X167.149 Y149.399 E-.03549
G1 X167.221 Y149.379 E-.03549
G1 X167.274 Y149.432 E-.0356
;WIPE_END
G1 E-1.32199 F3600
G1 X92.727 Y137.603 F9000
G1 E5 F2400
;WIDTH:0.500048
G1 F7200
G1 X92.712 Y138.1 E.0189
;WIDTH:0.470024
G1 X92.697 Y138.598 E.01769
;WIDTH:0.439999
G1 X92.697 Y141.264 E.08802
G1 X94.365 Y139.596 E.07788
G1 X93.775 Y139.142 E.02458
G1 X93.601 Y138.983 E.00778
G1 X93.289 Y138.592 E.01652
G1 X92.912 Y137.844 E.02766
;WIDTH:0.476011
G1 X92.822 Y137.624 E.00856
;WIDTH:0.512022
G1 X92.733 Y137.404 E.00926
G1 X92.72 Y136.781 E.02431
G1 E-3.5 F3600
;WIPE_START
G1 F7200
G1 X92.733 Y137.404 E-.29599
G1 X92.822 Y137.624 E-.11273
G1 X92.912 Y137.844 E-.11291
G1 X93.289 Y138.592 E-.39788
G1 X93.601 Y138.983 E-.23761
G1 X93.775 Y139.142 E-.11196
G1 X94.161 Y139.438 E-.23092
;WIPE_END
G1 X93.128 Y139.083 F9000
G1 E5 F2400
;WIDTH:0.508573
G1 F7200
G1 X93.264 Y139.252 E.0084
G1 X93.71 Y139.641 E.02291
G1 X93.128 Y140.223 E.03187
G1 X93.128 Y139.281 E.03647
;LAYER_CHANGE
;Z:0.6
;HEIGHT:0.2
;BEFORE_LAYER_CHANGE
G92 E0
;0.6


G1 E-3.5 F3600
;WIPE_START
G1 F7200
G1 X93.128 Y140.223 E-.44745
G1 X93.71 Y139.641 E-.39096
G1 X93.264 Y139.252 E-.28111
G1 X93.128 Y139.083 E-.10304
;WIPE_END
G1 E-.27744 F3600
G1 Z.6 F9000
;AFTER_LAYER_CHANGE
;0.6
G1 X161.479 Y137.325
G1 E5 F2400
;TYPE:Perimeter
;WIDTH:0.439999
G1 F3600
G1 X161.446 Y137.111 E.00715
G1 X161.446 Y136.389 E.02384
G1 X161.514 Y136.032 E.012
G1 X161.855 Y135.317 E.02615
G1 X162.085 Y135.012 E.01261
G1 X162.69 Y134.528 E.02558
G1 X162.989 Y134.366 E.01123
G1 X163.784 Y134.18 E.02696
G1 X164.05 Y134.157 E.00882
G1 X164.92 Y134.34 E.02935
G1 X165.31 Y134.528 E.01429
G1 X165.875 Y134.978 E.02385
G1 X166.145 Y135.317 E.01431
G1 X166.458 Y135.967 E.02382
G1 X166.554 Y136.389 E.01429
G1 X166.554 Y137.111 E.02384
G1 X166.458 Y137.533 E.01429
G1 X166.145 Y138.183 E.02382
G1 X165.875 Y138.522 E.01431
G1 X165.31 Y138.972 E.02385
G1 X164.92 Y139.16 E.01429
G1 X164.216 Y139.32 E.02384
G1 X163.906 Y139.34 E.01026
G1 X163.08 Y139.16 E.02791
G1 X162.775 Y139.033 E.01091
G1 X162.125 Y138.522 E.0273
G1 X161.893 Y138.254 E.0117
G1 X161.49 Y137.402 E.03112
G1 X161.488 Y137.385 E.00057
G1 X161.868 Y137.234 F9000
G1 F3600
G1 X161.843 Y136.389 E.02791
G1 X161.9 Y136.139 E.00847
G1 X162.213 Y135.489 E.02382
G1 X162.373 Y135.289 E.00846
G1 X162.941 Y134.836 E.02399
G1 X163.168 Y134.727 E.00831
G1 X163.872 Y134.567 E.02384
G1 X164.128 Y134.567 E.00845
G1 X164.832 Y134.727 E.02384
G1 X165.063 Y134.839 E.00848
G1 X165.627 Y135.289 E.02382
G1 X165.787 Y135.489 E.00846
G1 X166.1 Y136.139 E.02382
G1 X166.157 Y136.389 E.00847
G1 X166.157 Y137.111 E.02384
G1 X166.1 Y137.361 E.00847
G1 X165.787 Y138.011 E.02382
G1 X165.627 Y138.211 E.00846
G1 X165.063 Y138.661 E.02382
G1 X164.832 Y138.773 E.00848
G1 X164.128 Y138.933 E.02384
G1 X163.872 Y138.933 E.00845
G1 X163.168 Y138.773 E.02384
G1 X162.937 Y138.661 E.00848
G1 X162.373 Y138.211 E.02382
G1 X162.213 Y138.011 E.00846
G1 X161.874 Y137.293 E.02622
G1 X162.239 Y137.151 F9000
;TYPE:External perimeter
;WIDTH:0.419999
G1 F3600
G1 X162.23 Y136.389 E.02389
G1 X162.562 Y135.657 E.0252
G1 X163.179 Y135.141 E.02522
G1 X163.958 Y134.944 E.02519
G1 X164.746 Y135.105 E.02522
G1 X165.386 Y135.591 E.0252
G1 X165.751 Y136.307 E.0252
G1 X165.77 Y137.111 E.02522
G1 X165.438 Y137.843 E.0252
G1 X164.821 Y138.359 E.02522
G1 X164.042 Y138.556 E.02519
G1 X163.254 Y138.395 E.02522
G1 X162.614 Y137.909 E.0252
G1 X162.259 Y137.206 E.02469
G1 E-3.5
;WIPE_START
G1 F7200
G1 X162.239 Y137.151 E-.0278
G1 X162.23 Y136.389 E-.36198
G1 X162.562 Y135.657 E-.38179
G1 X163.179 Y135.141 E-.38206
G1 X163.886 Y134.962 E-.34637
;WIPE_END
G1 X104.514 Y137.324 F9000
G1 E5 F2400
;TYPE:Perimeter
;WIDTH:0.439999
G1 F3600
G1 X104.487 Y137.467 E.0048
G1 X104.145 Y138.183 E.0262
G1 X103.946 Y138.459 E.01123
G1 X103.31 Y138.972 E.02698
G1 X103.029 Y139.128 E.01061
G1 X102.219 Y139.32 E.02749
G1 X102.002 Y139.344 E.00721
G1 X95.998 Y139.344 E.19824
G1 X95.08 Y139.16 E.03091
G1 X94.69 Y138.972 E.01429
G1 X94.125 Y138.522 E.02385
G1 X93.855 Y138.183 E.01431
G1 X93.542 Y137.533 E.02382
G1 X93.446 Y137.111 E.01429
G1 X93.446 Y136.389 E.02384
G1 X93.542 Y135.967 E.01429
G1 X93.855 Y135.317 E.02382
G1 X94.125 Y134.978 E.01431
G1 X94.69 Y134.528 E.02385
G1 X95.08 Y134.34 E.01429
G1 X95.781 Y134.18 E.02374
G1 X95.998 Y134.156 E.00721
G1 X102.002 Y134.156 E.19824
G1 X102.92 Y134.34 E.03091
G1 X103.269 Y134.497 E.01264
G1 X103.875 Y134.978 E.02555
G1 X104.102 Y135.239 E.01142
G1 X104.458 Y135.967 E.02676
G1 X104.549 Y136.293 E.01118
G1 X104.554 Y137.111 E.02701
G1 X104.525 Y137.265 E.00517
G1 X104.128 Y137.236 F9000
G1 F3600
G1 X104.1 Y137.361 E.00423
G1 X103.787 Y138.011 E.02382
G1 X103.627 Y138.211 E.00846
G1 X103.063 Y138.661 E.02382
G1 X102.832 Y138.773 E.00848
G1 X102.131 Y138.933 E.02374
G1 X102.002 Y138.947 E.00428
G1 X95.998 Y138.947 E.19824
G1 X95.168 Y138.773 E.028
G1 X94.937 Y138.661 E.00848
G1 X94.373 Y138.211 E.02382
G1 X94.213 Y138.011 E.00846
G1 X93.9 Y137.361 E.02382
G1 X93.843 Y137.111 E.00847
G1 X93.843 Y136.389 E.02384
G1 X93.9 Y136.139 E.00847
G1 X94.213 Y135.489 E.02382
G1 X94.373 Y135.289 E.00846
G1 X94.937 Y134.839 E.02382
G1 X95.168 Y134.727 E.00848
G1 X95.869 Y134.567 E.02374
G1 X95.998 Y134.553 E.00428
G1 X102.002 Y134.553 E.19824
G1 X102.832 Y134.727 E.028
G1 X103.063 Y134.839 E.00848
G1 X103.627 Y135.289 E.02382
G1 X103.787 Y135.489 E.00846
G1 X104.1 Y136.139 E.02382
G1 X104.157 Y136.389 E.00847
G1 X104.157 Y137.111 E.02384
G1 X104.142 Y137.177 E.00223
G1 X103.752 Y137.151 F9000
;TYPE:External perimeter
;WIDTH:0.419999
G1 F3600
G1 X103.438 Y137.843 E.02383
G1 X102.821 Y138.359 E.02522
G1 X102.044 Y138.555 E.02513
G1 X95.998 Y138.56 E.18957
G1 X95.254 Y138.395 E.02389
G1 X94.614 Y137.909 E.0252
G1 X94.249 Y137.193 E.0252
G1 X94.23 Y136.389 E.02522
G1 X94.562 Y135.657 E.0252
G1 X95.179 Y135.141 E.02522
G1 X95.956 Y134.945 E.02513
G1 X102.002 Y134.94 E.18957
G1 X102.746 Y135.105 E.02389
G1 X103.386 Y135.591 E.0252
G1 X103.751 Y136.307 E.0252
G1 X103.77 Y137.095 E.02471
G1 E-3.5
;WIPE_START
G1 F7200
G1 X103.752 Y137.151 E-.02794
G1 X103.438 Y137.843 E-.36096
G1 X102.821 Y138.359 E-.38206
G1 X102.044 Y138.555 E-.38064
G1 X101.31 Y138.556 E-.3484
;WIPE_END
G1 X91.994 Y150.256 F9000
G1 E5 F2400
;TYPE:Perimeter
;WIDTH:0.439999
G1 F7200
G1 X91.994 Y109.744 E1.33759
G1 X168.006 Y109.744 E2.50971
G1 X168.006 Y123.611 E.45785
G1 X168.006 Y150.256 E.87974
G1 X92.054 Y150.256 E2.50773
G1 X91.597 Y150.653 F9000
G1 F7200
G1 X91.597 Y109.347 E1.36381
G1 X168.403 Y109.347 E2.53592
G1 X168.403 Y123.611 E.47096
G1 X168.403 Y150.653 E.89285
G1 X91.657 Y150.653 E2.53394
G1 X91.21 Y151.04 F9000
;TYPE:External perimeter
;WIDTH:0.419999
G1 F3600
G1 X91.21 Y108.96 E1.31939
G1 X168.79 Y108.96 E2.43246
G1 X168.79 Y123.611 E.45937
G1 X168.79 Y151.04 E.86002
G1 X91.27 Y151.04 E2.43058
G1 X92.332 Y149.842 F9000
;TYPE:Solid infill
;WIDTH:0.53634
G1 F7200
G1 X92.289 Y149.886 E.00252
G1 X92.304 Y149.946 E.00254
G1 X92.364 Y149.962 E.00255
G1 X92.408 Y149.918 E.00255
G1 X92.392 Y149.858 E.00255
;WIDTH:0.439999
G1 X92.3 Y149.224 E.02115
G1 X93.026 Y149.95 E.0339
G1 X93.587 Y149.95 E.01852
G1 X92.3 Y148.663 E.06009
G1 X92.3 Y148.101 E.01856
G1 X94.149 Y149.95 E.08634
G1 X94.711 Y149.95 E.01856
G1 X92.3 Y147.539 E.11258
G1 X92.3 Y146.978 E.01852
G1 X95.272 Y149.95 E.13877
G1 X95.834 Y149.95 E.01856
G1 X92.3 Y146.416 E.16501
G1 X92.3 Y145.855 E.01852
G1 X96.395 Y149.95 E.19121
G1 X96.957 Y149.95 E.01856
G1 X92.3 Y145.293 E.21745
G1 X92.3 Y144.732 E.01852
G1 X97.518 Y149.95 E.24365
G1 X98.08 Y149.95 E.01856
G1 X92.3 Y144.17 E.26989
G1 X92.3 Y143.609 E.01852
G1 X98.641 Y149.95 E.29608
G1 X99.203 Y149.95 E.01856
G1 X92.3 Y143.047 E.32232
G1 X92.3 Y142.485 E.01856
G1 X99.765 Y149.95 E.34857
G1 X100.326 Y149.95 E.01852
G1 X92.3 Y141.924 E.37476
G1 X92.3 Y141.362 E.01856
G1 X100.888 Y149.95 E.401
G1 X101.449 Y149.95 E.01852
G1 X92.3 Y140.801 E.4272
G1 X92.3 Y140.239 E.01856
G1 X102.011 Y149.95 E.45344
G1 X102.572 Y149.95 E.01852
G1 X92.3 Y139.678 E.47964
G1 X92.3 Y139.116 E.01856
G1 X103.134 Y149.95 E.50588
G1 X103.695 Y149.95 E.01852
G1 X92.3 Y138.555 E.53207
G1 X92.3 Y137.993 E.01856
G1 X104.257 Y149.95 E.55831
G1 X104.819 Y149.95 E.01856
G1 X92.3 Y137.431 E.58456
G1 X92.481 Y137.051 E.0139
G1 X93.426 Y137.996 E.04413
G1 X93.166 Y137.356 E.02281
G1 X93.14 Y136.72 E.02102
G1 X93.145 Y136.355 E.01205
G1 X93.257 Y135.867 E.01653
G1 X93.576 Y135.193 E.02462
G1 X93.911 Y134.764 E.01797
G1 X94.726 Y134.149 E.03371
G1 X95.084 Y134.039 E.01237
G1 X92.3 Y131.254 E.13002
G1 X92.3 Y137.008 E.18998
G1 X92.72 Y136.696 E.01727
;WIDTH:0.501852
G1 X92.728 Y136.26 E.01664
G1 X92.712 Y136.01 E.00956
;WIDTH:0.470926
G1 X92.697 Y135.759 E.00895
;WIDTH:0.439999
G1 X92.697 Y132.213 E.11708
G1 X94.389 Y133.905 E.07901
G1 X93.601 Y134.517 E.03294
G1 X93.218 Y135.021 E.0209
G1 X92.869 Y135.779 E.02755
;WIDTH:0.477371
G1 X92.784 Y136.069 E.01092
G1 X93.131 Y134.409 F9000
;WIDTH:0.51448
G1 F7200
G1 X93.131 Y133.262 E.04497
G1 X93.727 Y133.857 E.03302
G1 X93.508 Y134.02 E.0107
G1 X93.269 Y134.266 E.01345
G1 E-3.5 F3600
;WIPE_START
G1 F7200
G1 X93.508 Y134.02 E-.16292
G1 X93.727 Y133.857 E-.12968
G1 X93.131 Y133.262 E-.40003
G1 X93.131 Y134.409 E-.54482
;WIPE_END
G1 E-.26255 F3600
G1 X95.531 Y133.924 F9000
G1 E5 F2400
;WIDTH:0.439999
G1 F7200
G1 X92.3 Y130.693 E.15087
G1 X92.3 Y130.131 E.01856
G1 X96.019 Y133.85 E.17365
G1 X96.581 Y133.85 E.01856
G1 X92.3 Y129.57 E.19987
G1 X92.3 Y129.008 E.01856
G1 X97.142 Y133.851 E.22611
G1 X97.704 Y133.851 E.01856
G1 X92.3 Y128.447 E.25233
G1 X92.3 Y127.885 E.01856
G1 X98.266 Y133.851 E.27857
G1 X98.828 Y133.851 E.01856
G1 X92.3 Y127.323 E.30481
G1 X92.3 Y126.762 E.01852
G1 X99.389 Y133.851 E.33101
G1 X99.951 Y133.852 E.01856
G1 X92.3 Y126.2 E.35727
G1 X92.3 Y125.639 E.01852
G1 X100.513 Y133.852 E.38349
G1 X101.075 Y133.852 E.01856
G1 X92.3 Y125.077 E.40973
G1 X92.3 Y124.516 E.01852
G1 X101.636 Y133.852 E.43593
G1 X102.228 Y133.882 E.01957
G1 X92.3 Y123.954 E.46357
G1 X92.3 Y123.393 E.01852
G1 X102.939 Y134.032 E.49677
G1 E-3.5 F3600
;WIPE_START
G1 F7200
G1 X100.706 Y131.799 E-1.5
;WIPE_END
G1 X94.825 Y139.395 F9000
G1 E5 F2400
G1 F7200
G1 X105.38 Y149.95 E.49285
G1 X105.942 Y149.95 E.01856
G1 X95.579 Y139.587 E.48388
G1 X95.513 Y139.492 E.00382
;WIDTH:0.41146
G1 X95.447 Y139.397 E.00354
;WIDTH:0.38292
G1 X94.526 Y139.168 E.02683
G1 X93.982 Y138.68 E.02066
G1 X93.648 Y138.306 E.01418
G1 E-3.5 F3600
;WIPE_START
G1 F7200
G1 X93.982 Y138.68 E-.23818
G1 X94.526 Y139.168 E-.34713
G1 X95.447 Y139.397 E-.4508
G1 X95.513 Y139.492 E-.05495
G1 X95.579 Y139.587 E-.05495
G1 X96.106 Y140.114 E-.35399
;WIPE_END
G1 X96.203 Y139.65 F9000
G1 E5 F2400
;WIDTH:0.439999
G1 F7200
G1 X106.503 Y149.95 E.48094
G1 X107.065 Y149.95 E.01856
G1 X96.765 Y139.65 E.48094
G1 X97.326 Y139.65 E.01852
G1 X107.626 Y149.95 E.48094
G1 X108.188 Y149.95 E.01856
G1 X97.888 Y139.65 E.48094
G1 X98.449 Y139.65 E.01852
G1 X108.749 Y149.95 E.48094
G1 X109.311 Y149.95 E.01856
G1 X99.011 Y139.65 E.48094
G1 X99.572 Y139.65 E.01852
G1 X109.873 Y149.95 E.48097
G1 X110.434 Y149.95 E.01852
G1 X100.134 Y139.65 E.48094
G1 X100.695 Y139.65 E.01852
G1 X110.996 Y149.95 E.48097
G1 X111.557 Y149.95 E.01852
G1 X101.257 Y139.65 E.48094
G1 X101.819 Y139.65 E.01856
G1 X112.119 Y149.95 E.48094
G1 X112.68 Y149.95 E.01852
G1 X102.336 Y139.605 E.48302
G1 X102.794 Y139.502 E.0155
G1 X113.242 Y149.95 E.48785
G1 X113.803 Y149.95 E.01852
G1 X103.227 Y139.374 E.49383
G1 X103.57 Y139.155 E.01344
G1 X114.365 Y149.95 E.50406
G1 X114.927 Y149.95 E.01856
G1 X103.883 Y138.906 E.51568
G1 X104.184 Y138.646 E.01313
G1 X115.488 Y149.95 E.52782
G1 X116.05 Y149.95 E.01856
G1 X104.416 Y138.316 E.54323
G1 X104.598 Y137.937 E.01388
G1 X116.611 Y149.95 E.56093
G1 X117.173 Y149.95 E.01856
G1 X104.779 Y137.556 E.57872
G1 X104.678 Y136.889 E.02227
;WIDTH:0.38292
G1 X104.659 Y136.96 E.00208
G1 X104.73 Y136.941 E.00208
G1 X104.719 Y136.9 E.0012
;WIDTH:0.41146
G1 X104.789 Y136.987 E.00342
;WIDTH:0.439999
G1 X117.734 Y149.95 E.60487
G1 X118.296 Y149.95 E.01856
G1 X104.86 Y136.514 E.62737
G1 X104.128 Y135.011 F9000
;WIDTH:0.38292
G1 F7200
G1 X104.524 Y135.535 E.01857
;WIDTH:0.41146
G1 X104.624 Y135.676 E.0053
;WIDTH:0.439999
G1 X104.723 Y135.816 E.00566
G1 X118.857 Y149.95 E.65997
G1 X119.419 Y149.95 E.01856
G1 X92.3 Y122.831 E1.26628
G1 X92.3 Y122.269 E.01856
G1 X119.981 Y149.95 E1.29252
G1 X120.542 Y149.95 E.01852
G1 X92.3 Y121.708 E1.31872
G1 X92.3 Y121.146 E.01856
G1 X121.104 Y149.95 E1.34496
G1 X121.665 Y149.95 E.01852
G1 X92.3 Y120.585 E1.37115
G1 X92.3 Y120.023 E.01856
G1 X122.227 Y149.95 E1.39739
G1 X122.788 Y149.95 E.01852
G1 X92.3 Y119.462 E1.42359
G1 X92.3 Y118.9 E.01856
G1 X123.35 Y149.95 E1.44983
G1 X123.911 Y149.95 E.01852
G1 X92.3 Y118.339 E1.47603
G1 X92.3 Y117.777 E.01856
G1 X124.473 Y149.95 E1.50227
G1 X125.035 Y149.95 E.01856
G1 X92.3 Y117.215 E1.52851
G1 X92.3 Y116.654 E.01852
G1 X125.596 Y149.95 E1.5547
G1 X126.158 Y149.95 E.01856
G1 X92.3 Y116.092 E1.58095
G1 X92.3 Y115.531 E.01852
G1 X126.719 Y149.95 E1.60714
G1 X127.281 Y149.95 E.01856
G1 X92.3 Y114.969 E1.63338
G1 X92.3 Y114.408 E.01852
G1 X127.842 Y149.95 E1.65958
G1 X128.404 Y149.95 E.01856
G1 X92.3 Y113.846 E1.68582
G1 X92.3 Y113.285 E.01852
G1 X128.965 Y149.95 E1.71202
G1 X129.527 Y149.95 E.01856
G1 X92.3 Y112.723 E1.73826
G1 X92.3 Y112.161 E.01856
G1 X130.089 Y149.95 E1.7645
G1 X130.65 Y149.95 E.01852
G1 X92.3 Y111.6 E1.79069
G1 X92.3 Y111.038 E.01856
G1 X131.212 Y149.95 E1.81694
G1 X131.773 Y149.95 E.01852
G1 X92.3 Y110.477 E1.84313
G1 X92.18 Y109.9 E.01946
;WIDTH:0.38292
G1 X92.161 Y109.971 E.00208
G1 X92.232 Y109.952 E.00208
G1 X92.221 Y109.911 E.0012
;WIDTH:0.41146
G1 X92.328 Y109.98 E.0039
;WIDTH:0.439999
G1 X92.435 Y110.05 E.00422
G1 X132.335 Y149.95 E1.86307
G1 X132.896 Y149.95 E.01852
G1 X92.996 Y110.05 E1.86307
G1 X93.558 Y110.05 E.01856
G1 X133.458 Y149.95 E1.86307
G1 X134.019 Y149.95 E.01852
G1 X94.119 Y110.05 E1.86307
G1 X94.681 Y110.05 E.01856
G1 X134.581 Y149.95 E1.86307
G1 X135.143 Y149.95 E.01856
G1 X95.242 Y110.05 E1.86309
G1 X95.804 Y110.05 E.01856
G1 X135.704 Y149.95 E1.86307
G1 X136.266 Y149.95 E.01856
G1 X96.365 Y110.05 E1.86309
G1 X96.927 Y110.05 E.01856
G1 X136.827 Y149.95 E1.86307
G1 X137.389 Y149.95 E.01856
G1 X97.489 Y110.05 E1.86307
G1 X98.05 Y110.05 E.01852
G1 X137.95 Y149.95 E1.86307
G1 X138.512 Y149.95 E.01856
G1 X98.612 Y110.05 E1.86307
G1 X99.173 Y110.05 E.01852
G1 X139.073 Y149.95 E1.86307
G1 X139.635 Y149.95 E.01856
G1 X99.735 Y110.05 E1.86307
G1 X100.296 Y110.05 E.01852
G1 X140.197 Y149.95 E1.86309
G1 X140.758 Y149.95 E.01852
G1 X100.858 Y110.05 E1.86307
G1 X101.419 Y110.05 E.01852
G1 X141.32 Y149.95 E1.86309
G1 X141.881 Y149.95 E.01852
G1 X101.981 Y110.05 E1.86307
G1 X102.543 Y110.05 E.01856
G1 X142.443 Y149.95 E1.86307
G1 X143.004 Y149.95 E.01852
G1 X103.104 Y110.05 E1.86307
G1 X103.666 Y110.05 E.01856
G1 X143.566 Y149.95 E1.86307
G1 X144.127 Y149.95 E.01852
G1 X104.227 Y110.05 E1.86307
G1 X104.789 Y110.05 E.01856
G1 X144.689 Y149.95 E1.86307
G1 X145.251 Y149.95 E.01856
G1 X105.35 Y110.05 E1.86309
G1 X105.912 Y110.05 E.01856
G1 X145.812 Y149.95 E1.86307
G1 X146.374 Y149.95 E.01856
G1 X106.473 Y110.05 E1.86309
G1 X107.035 Y110.05 E.01856
G1 X146.935 Y149.95 E1.86307
G1 X147.497 Y149.95 E.01856
G1 X107.597 Y110.05 E1.86307
G1 X108.158 Y110.05 E.01852
G1 X148.058 Y149.95 E1.86307
G1 X148.62 Y149.95 E.01856
G1 X108.72 Y110.05 E1.86307
G1 X109.281 Y110.05 E.01852
G1 X149.181 Y149.95 E1.86307
G1 X149.743 Y149.95 E.01856
G1 X109.843 Y110.05 E1.86307
G1 X110.404 Y110.05 E.01852
G1 X150.304 Y149.95 E1.86307
G1 X150.866 Y149.95 E.01856
G1 X110.966 Y110.05 E1.86307
G1 X111.527 Y110.05 E.01852
G1 X151.428 Y149.95 E1.86309
G1 X151.989 Y149.95 E.01852
G1 X112.089 Y110.05 E1.86307
G1 X112.651 Y110.05 E.01856
G1 X152.551 Y149.95 E1.86307
G1 X153.112 Y149.95 E.01852
G1 X113.212 Y110.05 E1.86307
G1 X113.774 Y110.05 E.01856
G1 X153.674 Y149.95 E1.86307
G1 X154.235 Y149.95 E.01852
G1 X114.335 Y110.05 E1.86307
G1 X114.897 Y110.05 E.01856
G1 X154.797 Y149.95 E1.86307
G1 X155.358 Y149.95 E.01852
G1 X115.458 Y110.05 E1.86307
G1 X116.02 Y110.05 E.01856
G1 X155.92 Y149.95 E1.86307
G1 X156.482 Y149.95 E.01856
G1 X116.581 Y110.05 E1.86309
G1 X117.143 Y110.05 E.01856
G1 X157.043 Y149.95 E1.86307
G1 X157.605 Y149.95 E.01856
G1 X117.705 Y110.05 E1.86307
G1 X118.266 Y110.05 E.01852
G1 X158.166 Y149.95 E1.86307
G1 X158.728 Y149.95 E.01856
G1 X118.828 Y110.05 E1.86307
G1 X119.389 Y110.05 E.01852
G1 X159.289 Y149.95 E1.86307
G1 X159.851 Y149.95 E.01856
G1 X119.951 Y110.05 E1.86307
G1 X120.512 Y110.05 E.01852
G1 X160.412 Y149.95 E1.86307
G1 X160.974 Y149.95 E.01856
G1 X121.074 Y110.05 E1.86307
G1 X121.635 Y110.05 E.01852
G1 X161.536 Y149.95 E1.86309
G1 X162.097 Y149.95 E.01852
G1 X122.197 Y110.05 E1.86307
G1 X122.759 Y110.05 E.01856
G1 X162.659 Y149.95 E1.86307
G1 X163.22 Y149.95 E.01852
G1 X123.32 Y110.05 E1.86307
G1 X123.882 Y110.05 E.01856
G1 X163.782 Y149.95 E1.86307
G1 X164.343 Y149.95 E.01852
G1 X124.443 Y110.05 E1.86307
G1 X125.005 Y110.05 E.01856
G1 X164.905 Y149.95 E1.86307
G1 X165.466 Y149.95 E.01852
G1 X125.566 Y110.05 E1.86307
G1 X126.128 Y110.05 E.01856
G1 X166.028 Y149.95 E1.86307
G1 X166.59 Y149.95 E.01856
G1 X126.689 Y110.05 E1.86309
G1 X127.251 Y110.05 E.01856
G1 X167.151 Y149.95 E1.86307
G1 X167.7 Y149.938 E.01813
G1 X127.813 Y110.05 E1.86248
G1 X128.374 Y110.05 E.01852
G1 X167.7 Y149.376 E1.83627
G1 X167.7 Y148.814 E.01856
G1 X128.936 Y110.05 E1.81002
G1 X129.497 Y110.05 E.01852
G1 X167.7 Y148.253 E1.78383
G1 X167.7 Y147.691 E.01856
G1 X130.059 Y110.05 E1.75759
G1 X130.62 Y110.05 E.01852
G1 X167.7 Y147.13 E1.73139
G1 X167.7 Y146.568 E.01856
G1 X131.182 Y110.05 E1.70515
G1 X131.743 Y110.05 E.01852
G1 X167.7 Y146.007 E1.67896
G1 X167.7 Y145.445 E.01856
G1 X132.305 Y110.05 E1.65271
G1 X132.866 Y110.05 E.01852
G1 X167.7 Y144.884 E1.62652
G1 X167.753 Y144.723 E.0056
;WIDTH:0.41146
G1 X167.805 Y144.562 E.00518
;WIDTH:0.38292
G1 X167.786 Y144.633 E.00208
G1 X167.857 Y144.614 E.00208
G1 X167.846 Y144.573 E.0012
G1 E-3.5 F3600
;WIPE_START
G1 F7200
G1 X167.857 Y144.614 E-.02016
G1 X167.786 Y144.633 E-.03491
G1 X167.805 Y144.562 E-.03491
G1 X167.753 Y144.723 E-.08036
G1 X167.7 Y144.884 E-.08051
G1 X165.84 Y143.024 E-1.24915
;WIPE_END
G1 X166.933 Y138.975 F9000
G1 E5 F2400
;WIDTH:0.45922
G1 F7200
G1 X166.947 Y139.026 E.00183
G1 X166.91 Y139.062 E.00179
G1 X166.86 Y139.049 E.00179
G1 X166.846 Y138.999 E.0018
G1 X166.883 Y138.962 E.00181
G1 E-3.5 F3600
;WIPE_START
G1 F7200
G1 X166.846 Y138.999 E-.02485
G1 X166.86 Y139.049 E-.02466
G1 X166.91 Y139.062 E-.02454
G1 X166.947 Y139.026 E-.02452
G1 X166.933 Y138.975 E-.02512
;WIPE_END
G1 E-1.37631 F3600
G1 X161.476 Y138.098 F9000
G1 E5 F2400
;WIDTH:0.439999
G1 F7200
G1 X133.428 Y110.05 E1.30966
G1 X133.99 Y110.05 E.01856
G1 X161.145 Y137.206 E1.26798
G1 X161.216 Y137.325 E.00458
;WIDTH:0.41146
G1 X161.288 Y137.445 E.00429
;WIDTH:0.38292
G1 X161.269 Y137.516 E.00208
G1 X161.34 Y137.497 E.00208
G1 X161.329 Y137.456 E.0012
G1 X161.142 Y136.641 F9000
;WIDTH:0.439999
G1 F7200
G1 X134.551 Y110.05 E1.24163
G1 X135.113 Y110.05 E.01856
G1 X161.175 Y136.112 E1.21692
G1 X161.33 Y135.705 E.01438
G1 X135.674 Y110.05 E1.19794
G1 X136.236 Y110.05 E.01856
G1 X161.512 Y135.326 E1.18022
G1 X161.716 Y134.969 E.01358
G1 X136.797 Y110.05 E1.16355
G1 X137.359 Y110.05 E.01856
G1 X161.998 Y134.689 E1.15048
G1 X162.31 Y134.44 E.01318
G1 X137.92 Y110.05 E1.13885
G1 X138.482 Y110.05 E.01856
G1 X162.633 Y134.201 E1.12769
G1 X163.032 Y134.038 E.01423
G1 X139.044 Y110.05 E1.12008
G1 X139.605 Y110.05 E.01852
G1 X163.493 Y133.938 E1.11541
G1 X163.97 Y133.853 E.016
G1 X140.167 Y110.05 E1.11144
G1 X140.728 Y110.05 E.01852
G1 X164.641 Y133.963 E1.11658
G1 X164.776 Y134.02 E.00484
;WIDTH:0.41146
G1 X164.911 Y134.077 E.00449
;WIDTH:0.38292
G1 X164.892 Y134.148 E.00208
G1 X164.963 Y134.129 E.00208
G1 X164.952 Y134.088 E.0012
G1 E-3.5 F3600
;WIPE_START
G1 F7200
G1 X164.963 Y134.129 E-.02016
G1 X164.892 Y134.148 E-.03491
G1 X164.911 Y134.077 E-.03491
G1 X164.776 Y134.02 E-.06961
G1 X164.641 Y133.963 E-.06961
G1 X162.749 Y132.071 E-1.2708
;WIPE_END
G1 X161.687 Y138.379 F9000
G1 E5 F2400
G1 F7200
G1 X161.833 Y138.559 E.00655
G1 X162.444 Y139.113 E.02332
;WIDTH:0.41146
G1 X162.585 Y139.23 E.00561
;WIDTH:0.439999
G1 X162.725 Y139.347 E.00602
G1 X167.7 Y144.322 E.2323
G1 X167.7 Y143.76 E.01856
G1 X163.509 Y139.569 E.19569
G1 X163.385 Y139.474 E.00516
;WIDTH:0.41146
G1 X163.262 Y139.378 E.00478
;WIDTH:0.38292
G1 X163.273 Y139.419 E.0012
G1 X163.202 Y139.438 E.00208
G1 X163.221 Y139.367 E.00208
G1 X164.14 Y139.639 F9000
;WIDTH:0.439999
G1 F7200
G1 X167.7 Y143.199 E.16623
G1 X167.7 Y142.637 E.01856
G1 X164.607 Y139.545 E.1444
G1 X165.059 Y139.434 E.01537
G1 X167.7 Y142.076 E.12334
G1 X167.7 Y141.514 E.01856
G1 X165.437 Y139.251 E.10567
G1 E-3.5 F3600
;WIPE_START
G1 F7200
G1 X167.67 Y141.484 E-1.5
;WIPE_END
G1 X166.842 Y136.318 F9000
G1 E5 F2400
G1 F7200
G1 X166.86 Y136.403 E.00287
G1 X166.843 Y137.299 E.02959
G1 X166.73 Y137.671 E.01284
G1 X166.424 Y138.307 E.0233
G1 X166.089 Y138.736 E.01797
G1 X165.755 Y139.008 E.01422
G1 X167.7 Y140.953 E.09082
G1 X167.7 Y136.46 E.14835
G1 X167.559 Y136.6 E.00656
G1 X167.373 Y136.653 E.00639
G1 X166.802 Y136.124 E.0257
G1 X167.419 Y136.179 E.02045
G1 X166.416 Y135.176 E.04683
G1 X166.166 Y134.896 E.01239
;WIDTH:0.39776
G1 X165.921 Y134.651 E.01022
;WIDTH:0.439999
G1 X165.64 Y134.4 E.01244
G1 X141.29 Y110.05 E1.13699
G1 X141.851 Y110.05 E.01852
G1 X167.7 Y135.899 E1.20698
G1 X167.7 Y135.337 E.01856
G1 X142.413 Y110.05 E1.18074
G1 X142.974 Y110.05 E.01852
G1 X167.7 Y134.776 E1.15454
G1 X167.7 Y134.214 E.01856
G1 X143.536 Y110.05 E1.1283
G1 X144.098 Y110.05 E.01856
G1 X167.7 Y133.652 E1.10206
G1 X167.7 Y133.091 E.01852
G1 X144.659 Y110.05 E1.07586
G1 X145.221 Y110.05 E.01856
G1 X167.7 Y132.529 E1.04962
G1 X167.7 Y131.968 E.01852
G1 X145.782 Y110.05 E1.02343
G1 X146.344 Y110.05 E.01856
G1 X167.7 Y131.406 E.99719
G1 X167.7 Y130.845 E.01852
G1 X146.905 Y110.05 E.97099
G1 X147.467 Y110.05 E.01856
G1 X167.7 Y130.283 E.94475
G1 X167.7 Y129.722 E.01852
G1 X148.028 Y110.05 E.91855
G1 X148.59 Y110.05 E.01856
G1 X167.7 Y129.16 E.89231
G1 X167.7 Y128.598 E.01856
G1 X149.152 Y110.05 E.86607
G1 X149.713 Y110.05 E.01852
G1 X167.7 Y128.037 E.83988
G1 X167.7 Y127.475 E.01856
G1 X150.275 Y110.05 E.81363
G1 X150.836 Y110.05 E.01852
G1 X167.7 Y126.914 E.78744
G1 X167.7 Y126.352 E.01856
G1 X151.398 Y110.05 E.7612
G1 X151.959 Y110.05 E.01852
G1 X167.7 Y125.791 E.735
G1 X167.7 Y125.229 E.01856
G1 X152.521 Y110.05 E.70876
G1 X153.082 Y110.05 E.01852
G1 X167.7 Y124.668 E.68256
G1 X167.7 Y124.106 E.01856
G1 X153.644 Y110.05 E.65632
G1 X154.206 Y110.05 E.01856
G1 X167.7 Y123.544 E.63008
G1 X167.7 Y122.983 E.01852
G1 X154.767 Y110.05 E.60389
G1 X155.329 Y110.05 E.01856
G1 X167.7 Y122.421 E.57764
G1 X167.7 Y121.86 E.01852
G1 X155.89 Y110.05 E.55145
G1 X156.452 Y110.05 E.01856
G1 X167.7 Y121.298 E.52521
G1 X167.7 Y120.737 E.01852
G1 X157.013 Y110.05 E.49901
G1 X157.575 Y110.05 E.01856
G1 X167.7 Y120.175 E.47277
G1 X167.7 Y119.614 E.01852
G1 X158.136 Y110.05 E.44658
G1 X158.698 Y110.05 E.01856
G1 X167.7 Y119.052 E.42033
G1 X167.7 Y118.49 E.01856
G1 X159.26 Y110.05 E.39409
G1 X159.821 Y110.05 E.01852
G1 X167.7 Y117.929 E.3679
G1 X167.7 Y117.367 E.01856
G1 X160.383 Y110.05 E.34166
G1 X160.944 Y110.05 E.01852
G1 X167.7 Y116.806 E.31546
G1 X167.7 Y116.244 E.01856
G1 X161.506 Y110.05 E.28922
G1 X162.067 Y110.05 E.01852
G1 X167.7 Y115.683 E.26302
G1 X167.7 Y115.121 E.01856
G1 X162.629 Y110.05 E.23678
G1 X163.19 Y110.05 E.01852
G1 X167.7 Y114.56 E.21059
G1 X167.7 Y113.998 E.01856
G1 X163.752 Y110.05 E.18435
G1 X164.314 Y110.05 E.01856
G1 X167.7 Y113.436 E.1581
G1 X167.7 Y112.875 E.01852
G1 X164.875 Y110.05 E.13191
G1 X165.437 Y110.05 E.01856
G1 X167.7 Y112.313 E.10567
G1 E-3.5 F3600
;WIPE_START
G1 F7200
G1 X165.467 Y110.08 E-1.5
;WIPE_END
G1 X166.139 Y110.19 F9000
G1 E5 F2400
G1 F7200
G1 X167.7 Y111.752 E.07291
G1 X167.7 Y110.05 E.0562
G1 X165.998 Y110.05 E.0562
G1 X167.182 Y110.476 F9000
;WIDTH:0.642774
G1 F7200
G1 X167.129 Y110.529 E.00374
G1 X167.149 Y110.601 E.00373
G1 X167.221 Y110.621 E.00373
G1 X167.274 Y110.568 E.00374
G1 X167.255 Y110.495 E.00376
G1 E-3.5 F3600
;WIPE_START
G1 F7200
G1 X167.274 Y110.568 E-.03583
G1 X167.221 Y110.621 E-.0356
G1 X167.149 Y110.601 E-.03549
G1 X167.129 Y110.529 E-.03549
G1 X167.182 Y110.476 E-.0356
;WIPE_END
G1 E-1.32199 F3600
G1 X167.274 Y137.068 F9000
G1 E5 F2400
;WIDTH:0.53338
G1 F7200
G1 X167.256 Y137.492 E.01731
G1 X167.28 Y137.692 E.00821
;WIDTH:0.48669
G1 X167.303 Y137.893 E.00747
;WIDTH:0.439999
G1 X167.303 Y139.994 E.06937
G1 X166.346 Y139.037 E.04469
G1 X166.782 Y138.479 E.02338
;WIDTH:0.478225
G1 X166.976 Y138.075 E.01622
;WIDTH:0.516451
G1 X167.17 Y137.671 E.01765
;LAYER_CHANGE
;Z:0.8
;HEIGHT:0.2
;BEFORE_LAYER_CHANGE
G92 E0
;0.8


G1 E-3.5 F3600
;WIPE_START
G1 F7200
G1 X166.976 Y138.075 E-.21288
G1 X166.782 Y138.479 E-.21288
G1 X166.346 Y139.037 E-.33637
G1 X167.303 Y139.994 E-.64287
G1 X167.303 Y139.794 E-.095
;WIPE_END
G1 Z.8 F9000
;AFTER_LAYER_CHANGE
;0.8
G1 X166.506 Y137.322
G1 E5 F2400
;TYPE:Perimeter
;WIDTH:0.439999
G1 F3600
G1 X166.458 Y137.533 E.00714
G1 X166.145 Y138.183 E.02382
G1 X165.875 Y138.522 E.01431
G1 X165.31 Y138.972 E.02385
G1 X164.92 Y139.16 E.01429
G1 X164.216 Y139.32 E.02384
G1 X163.906 Y139.34 E.01026
G1 X163.08 Y139.16 E.02791
G1 X162.775 Y139.033 E.01091
G1 X162.125 Y138.522 E.0273
G1 X161.893 Y138.254 E.0117
G1 X161.542 Y137.533 E.02648
G1 X161.447 Y137.164 E.01258
G1 X161.446 Y136.389 E.02559
G1 X161.471 Y136.168 E.00734
G1 X161.855 Y135.317 E.03083
G1 X162.085 Y135.012 E.01261
G1 X162.69 Y134.528 E.02558
G1 X162.989 Y134.366 E.01123
G1 X163.784 Y134.18 E.02696
G1 X164.05 Y134.157 E.00882
G1 X164.92 Y134.34 E.02935
G1 X165.31 Y134.528 E.01429
G1 X165.875 Y134.978 E.02385
G1 X166.145 Y135.317 E.01431
G1 X166.458 Y135.967 E.02382
G1 X166.554 Y136.389 E.01429
G1 X166.554 Y137.111 E.02384
G1 X166.519 Y137.263 E.00515
G1 X166.128 Y137.236 F9000
G1 F3600
G1 X166.1 Y137.361 E.00423
G1 X165.787 Y138.011 E.02382
G1 X165.627 Y138.211 E.00846
G1 X165.063 Y138.661 E.02382
G1 X164.832 Y138.773 E.00848
G1 X164.128 Y138.933 E.02384
G1 X163.872 Y138.933 E.00845
G1 X163.168 Y138.773 E.02384
G1 X162.937 Y138.661 E.00848
G1 X162.373 Y138.211 E.02382
G1 X162.213 Y138.011 E.00846
G1 X161.9 Y137.361 E.02382
G1 X161.843 Y137.111 E.00847
G1 X161.843 Y136.389 E.02384
G1 X161.858 Y136.258 E.00435
G1 X162.213 Y135.489 E.02797
G1 X162.373 Y135.289 E.00846
G1 X162.941 Y134.836 E.02399
G1 X163.168 Y134.727 E.00831
G1 X163.872 Y134.567 E.02384
G1 X164.128 Y134.567 E.00845
G1 X164.832 Y134.727 E.02384
G1 X165.063 Y134.839 E.00848
G1 X165.627 Y135.289 E.02382
G1 X165.787 Y135.489 E.00846
G1 X166.1 Y136.139 E.02382
G1 X166.157 Y136.389 E.00847
G1 X166.157 Y137.111 E.02384
G1 X166.142 Y137.177 E.00223
G1 X165.752 Y137.151 F9000
;TYPE:External perimeter
;WIDTH:0.419999
G1 F3600
G1 X165.438 Y137.843 E.02383
G1 X164.821 Y138.359 E.02522
G1 X164.042 Y138.556 E.02519
G1 X163.254 Y138.395 E.02522
G1 X162.614 Y137.909 E.0252
G1 X162.249 Y137.193 E.0252
G1 X162.235 Y136.346 E.02656
G1 X162.562 Y135.657 E.02391
G1 X163.179 Y135.141 E.02522
G1 X163.958 Y134.944 E.02519
G1 X164.746 Y135.105 E.02522
G1 X165.386 Y135.591 E.0252
G1 X165.751 Y136.307 E.0252
G1 X165.77 Y137.095 E.02471
G1 E-3.5
;WIPE_START
G1 F7200
G1 X165.752 Y137.151 E-.02794
G1 X165.438 Y137.843 E-.36096
G1 X164.821 Y138.359 E-.38206
G1 X164.042 Y138.556 E-.38167
G1 X163.326 Y138.41 E-.34737
;WIPE_END
G1 X104.514 Y137.324 F9000
G1 E5 F2400
;TYPE:Perimeter
;WIDTH:0.439999
G1 F3600
G1 X104.487 Y137.467 E.0048
G1 X104.145 Y138.183 E.0262
G1 X103.946 Y138.459 E.01123
G1 X103.31 Y138.972 E.02698
G1 X103.029 Y139.128 E.01061
G1 X102.219 Y139.32 E.02749
G1 X102.002 Y139.344 E.00721
G1 X95.998 Y139.344 E.19824
G1 X95.08 Y139.16 E.03091
G1 X94.69 Y138.972 E.01429
G1 X94.125 Y138.522 E.02385
G1 X93.855 Y138.183 E.01431
G1 X93.542 Y137.533 E.02382
G1 X93.446 Y137.111 E.01429
G1 X93.446 Y136.389 E.02384
G1 X93.542 Y135.967 E.01429
G1 X93.855 Y135.317 E.02382
G1 X94.125 Y134.978 E.01431
G1 X94.69 Y134.528 E.02385
G1 X95.08 Y134.34 E.01429
G1 X95.781 Y134.18 E.02374
G1 X95.998 Y134.156 E.00721
G1 X102.002 Y134.156 E.19824
G1 X102.92 Y134.34 E.03091
G1 X103.269 Y134.497 E.01264
G1 X103.875 Y134.978 E.02555
G1 X104.102 Y135.239 E.01142
G1 X104.458 Y135.967 E.02676
G1 X104.549 Y136.293 E.01118
G1 X104.554 Y137.111 E.02701
G1 X104.525 Y137.265 E.00517
G1 X104.128 Y137.236 F9000
G1 F3600
G1 X104.1 Y137.361 E.00423
G1 X103.787 Y138.011 E.02382
G1 X103.627 Y138.211 E.00846
G1 X103.063 Y138.661 E.02382
G1 X102.832 Y138.773 E.00848
G1 X102.131 Y138.933 E.02374
G1 X102.002 Y138.947 E.00428
G1 X95.998 Y138.947 E.19824
G1 X95.168 Y138.773 E.028
G1 X94.937 Y138.661 E.00848
G1 X94.373 Y138.211 E.02382
G1 X94.213 Y138.011 E.00846
G1 X93.9 Y137.361 E.02382
G1 X93.843 Y137.111 E.00847
G1 X93.843 Y136.389 E.02384
G1 X93.9 Y136.139 E.00847
G1 X94.213 Y135.489 E.02382
G1 X94.373 Y135.289 E.00846
G1 X94.937 Y134.839 E.02382
G1 X95.168 Y134.727 E.00848
G1 X95.869 Y134.567 E.02374
G1 X95.998 Y134.553 E.00428
G1 X102.002 Y134.553 E.19824
G1 X102.832 Y134.727 E.028
G1 X103.063 Y134.839 E.00848
G1 X103.627 Y135.289 E.02382
G1 X103.787 Y135.489 E.00846
G1 X104.1 Y136.139 E.02382
G1 X104.157 Y136.389 E.00847
G1 X104.157 Y137.111 E.02384
G1 X104.142 Y137.177 E.00223
G1 X103.752 Y137.151 F9000
;TYPE:External perimeter
;WIDTH:0.419999
G1 F3600
G1 X103.438 Y137.843 E.02383
G1 X102.821 Y138.359 E.02522
G1 X102.044 Y138.555 E.02513
G1 X95.998 Y138.56 E.18957
G1 X95.254 Y138.395 E.02389
G1 X94.614 Y137.909 E.0252
G1 X94.249 Y137.193 E.0252
G1 X94.23 Y136.389 E.02522
G1 X94.562 Y135.657 E.0252
G1 X95.179 Y135.141 E.02522
G1 X95.956 Y134.945 E.02513
G1 X102.002 Y134.94 E.18957
G1 X102.746 Y135.105 E.02389
G1 X103.386 Y135.591 E.0252
G1 X103.751 Y136.307 E.0252
G1 X103.77 Y137.095 E.02471
G1 E-3.5
;WIPE_START
G1 F7200
G1 X103.752 Y137.151 E-.02794
G1 X103.438 Y137.843 E-.36096
G1 X102.821 Y138.359 E-.38206
G1 X102.044 Y138.555 E-.38064
G1 X101.31 Y138.556 E-.3484
;WIPE_END
G1 X91.994 Y150.256 F9000
G1 E5 F2400
;TYPE:Perimeter
;WIDTH:0.439999
G1 F7200
G1 X91.994 Y109.744 E1.33759
G1 X168.006 Y109.744 E2.50971
G1 X168.006 Y123.611 E.45785
G1 X168.006 Y150.256 E.87974
G1 X92.054 Y150.256 E2.50773
G1 X91.597 Y150.653 F9000
G1 F7200
G1 X91.597 Y109.347 E1.36381
G1 X168.403 Y109.347 E2.53592
G1 X168.403 Y123.611 E.47096
G1 X168.403 Y150.653 E.89285
G1 X91.657 Y150.653 E2.53394
G1 X91.21 Y151.04 F9000
;TYPE:External perimeter
;WIDTH:0.419999
G1 F3600
G1 X91.21 Y108.96 E1.31939
G1 X168.79 Y108.96 E2.43246
G1 X168.79 Y123.611 E.45937
G1 X168.79 Y151.04 E.86002
G1 X91.27 Y151.04 E2.43058
G1 E-3.5
;WIPE_START
G1 F7200
G1 X91.21 Y151.04 E-.0285
G1 X91.21 Y147.942 E-1.4715
;WIPE_END
G1 X92.408 Y110.082 F9000
G1 E5 F2400
;TYPE:Solid infill
;WIDTH:0.53634
G1 F7200
G1 X92.364 Y110.039 E.00252
G1 X92.304 Y110.054 E.00254
G1 X92.289 Y110.114 E.00254
G1 X92.332 Y110.158 E.00252
G1 X92.392 Y110.142 E.00255
;WIDTH:0.439999
G1 X92.3 Y110.776 E.02115
G1 X93.026 Y110.05 E.0339
G1 X93.587 Y110.05 E.01852
G1 X92.3 Y111.337 E.06009
G1 X92.3 Y111.899 E.01856
G1 X94.149 Y110.05 E.08634
G1 X94.711 Y110.05 E.01856
G1 X92.3 Y112.461 E.11258
G1 X92.3 Y113.022 E.01852
G1 X95.272 Y110.05 E.13877
G1 X95.834 Y110.05 E.01856
G1 X92.3 Y113.584 E.16501
G1 X92.3 Y114.145 E.01852
G1 X96.395 Y110.05 E.19121
G1 X96.957 Y110.05 E.01856
G1 X92.3 Y114.707 E.21745
G1 X92.3 Y115.268 E.01852
G1 X97.518 Y110.05 E.24365
G1 X98.08 Y110.05 E.01856
G1 X92.3 Y115.83 E.26989
G1 X92.3 Y116.391 E.01852
G1 X98.641 Y110.05 E.29608
G1 X99.203 Y110.05 E.01856
G1 X92.3 Y116.953 E.32232
G1 X92.3 Y117.515 E.01856
G1 X99.765 Y110.05 E.34857
G1 X100.326 Y110.05 E.01852
G1 X92.3 Y118.076 E.37476
G1 X92.3 Y118.638 E.01856
G1 X100.888 Y110.05 E.401
G1 X101.449 Y110.05 E.01852
G1 X92.3 Y119.199 E.4272
G1 X92.3 Y119.761 E.01856
G1 X102.011 Y110.05 E.45344
G1 X102.572 Y110.05 E.01852
G1 X92.3 Y120.322 E.47964
G1 X92.3 Y120.884 E.01856
G1 X103.134 Y110.05 E.50588
G1 X103.695 Y110.05 E.01852
G1 X92.3 Y121.445 E.53207
G1 X92.3 Y122.007 E.01856
G1 X104.257 Y110.05 E.55831
G1 X104.819 Y110.05 E.01856
G1 X92.3 Y122.569 E.58456
G1 X92.3 Y123.13 E.01852
G1 X105.38 Y110.05 E.61075
G1 X105.942 Y110.05 E.01856
G1 X92.3 Y123.692 E.63699
G1 X92.3 Y124.253 E.01852
G1 X106.503 Y110.05 E.66319
G1 X107.065 Y110.05 E.01856
G1 X92.3 Y124.815 E.68943
G1 X92.3 Y125.376 E.01852
G1 X107.626 Y110.05 E.71562
G1 X108.188 Y110.05 E.01856
G1 X92.3 Y125.938 E.74187
G1 X92.3 Y126.499 E.01852
G1 X108.749 Y110.05 E.76806
G1 X109.311 Y110.05 E.01856
G1 X92.3 Y127.061 E.7943
G1 X92.3 Y127.623 E.01856
G1 X109.873 Y110.05 E.82054
G1 X110.434 Y110.05 E.01852
G1 X92.3 Y128.184 E.84674
G1 X92.3 Y128.746 E.01856
G1 X110.996 Y110.05 E.87298
G1 X111.557 Y110.05 E.01852
G1 X92.3 Y129.307 E.89918
G1 X92.3 Y129.869 E.01856
G1 X112.119 Y110.05 E.92542
G1 X112.68 Y110.05 E.01852
G1 X92.3 Y130.43 E.95161
G1 X92.3 Y130.992 E.01856
G1 X113.242 Y110.05 E.97785
G1 X113.803 Y110.05 E.01852
G1 X92.3 Y131.553 E1.00405
G1 X92.3 Y132.115 E.01856
G1 X114.365 Y110.05 E1.03029
G1 X114.927 Y110.05 E.01856
G1 X92.3 Y132.677 E1.05653
G1 X92.3 Y133.238 E.01852
G1 X115.488 Y110.05 E1.08273
G1 X116.05 Y110.05 E.01856
G1 X92.3 Y133.8 E1.10897
G1 X92.3 Y134.361 E.01852
G1 X116.611 Y110.05 E1.13516
G1 X117.173 Y110.05 E.01856
G1 X92.3 Y134.923 E1.16141
G1 X92.3 Y135.484 E.01852
G1 X117.734 Y110.05 E1.1876
G1 X118.296 Y110.05 E.01856
G1 X92.3 Y136.046 E1.21384
G1 X93.306 Y135.601 F9000
G1 F7200
G1 X92.44 Y136.467 E.04044
G1 X92.3 Y136.47 E.00462
G1 X92.3 Y142.223 E.18995
G1 X95.066 Y139.457 E.12915
G1 X94.74 Y139.36 E.01123
G1 X94.023 Y138.831 E.02942
G1 X93.599 Y138.344 E.02132
G1 X93.27 Y137.671 E.02473
G1 X93.157 Y137.312 E.01243
G1 X93.145 Y136.355 E.0316
G1 X93.257 Y135.867 E.01653
G1 X93.447 Y135.461 E.0148
G1 X93.541 Y135.328 E.00538
;WIDTH:0.41146
G1 X93.636 Y135.196 E.00498
;WIDTH:0.38292
G1 X93.976 Y134.815 E.01444
G1 X94.509 Y134.351 E.01998
;WIDTH:0.41146
G1 X94.65 Y134.234 E.00561
;WIDTH:0.439999
G1 X94.79 Y134.117 E.00602
G1 X118.857 Y110.05 E1.12377
G1 X119.419 Y110.05 E.01856
G1 X95.549 Y133.92 E1.11457
G1 X96.18 Y133.85 E.02096
G1 X119.981 Y110.05 E1.11133
G1 X120.542 Y110.05 E.01852
G1 X96.742 Y133.85 E1.1113
G1 X97.303 Y133.851 E.01852
G1 X121.104 Y110.05 E1.11135
G1 X121.665 Y110.05 E.01852
G1 X97.864 Y133.851 E1.11135
G1 X98.426 Y133.851 E.01856
G1 X122.227 Y110.05 E1.11135
G1 X122.788 Y110.05 E.01852
G1 X98.987 Y133.851 E1.11135
G1 X99.548 Y133.851 E.01852
G1 X123.35 Y110.05 E1.11137
G1 X123.911 Y110.05 E.01852
G1 X100.11 Y133.852 E1.11137
G1 X100.671 Y133.852 E.01852
G1 X124.473 Y110.05 E1.1114
G1 X125.035 Y110.05 E.01856
G1 X101.232 Y133.852 E1.11142
G1 X101.794 Y133.852 E.01856
G1 X125.596 Y110.05 E1.1114
G1 X126.158 Y110.05 E.01856
G1 X102.308 Y133.899 E1.11362
G1 X102.772 Y133.997 E.01566
G1 X126.719 Y110.05 E1.11817
G1 X127.281 Y110.05 E.01856
G1 X103.213 Y134.117 E1.12379
G1 X103.557 Y134.335 E.01345
G1 X127.842 Y110.05 E1.13395
G1 X128.404 Y110.05 E.01856
G1 X103.865 Y134.589 E1.14581
G1 X104.172 Y134.843 E.01316
G1 X128.965 Y110.05 E1.15767
G1 X129.527 Y110.05 E.01856
G1 X104.41 Y135.167 E1.1728
G1 X104.593 Y135.545 E.01387
G1 X130.089 Y110.05 E1.19047
G1 X130.65 Y110.05 E.01852
G1 X104.77 Y135.93 E1.20843
G1 X104.86 Y136.402 E.01586
G1 X131.212 Y110.05 E1.23047
G1 X131.773 Y110.05 E.01852
G1 X104.859 Y136.965 E1.25673
G1 X104.242 Y138.344 F9000
;WIDTH:0.38292
G1 F7200
G1 X104.54 Y137.926 E.01451
;WIDTH:0.41146
G1 X104.64 Y137.786 E.00527
;WIDTH:0.439999
G1 X104.739 Y137.645 E.00569
G1 X132.335 Y110.05 E1.28853
G1 E-3.5 F3600
;WIPE_START
G1 F7200
G1 X130.102 Y112.283 E-1.5
;WIPE_END
G1 X95.512 Y139.572 F9000
G1 E5 F2400
G1 F7200
G1 X92.3 Y142.785 E.15
G1 X92.3 Y143.346 E.01852
G1 X95.996 Y139.65 E.17258
G1 X96.558 Y139.65 E.01856
G1 X92.3 Y143.908 E.19882
G1 X92.3 Y144.469 E.01852
G1 X97.119 Y139.65 E.22502
G1 X97.681 Y139.65 E.01856
G1 X92.3 Y145.031 E.25126
G1 X92.3 Y145.592 E.01852
G1 X98.242 Y139.65 E.27745
G1 X98.804 Y139.65 E.01856
G1 X92.3 Y146.154 E.30369
G1 X92.3 Y146.715 E.01852
G1 X99.365 Y139.65 E.32989
G1 X99.927 Y139.65 E.01856
G1 X92.3 Y147.277 E.35613
G1 X92.3 Y147.839 E.01856
G1 X100.489 Y139.65 E.38237
G1 X101.05 Y139.65 E.01852
G1 X92.3 Y148.4 E.40857
G1 X92.3 Y148.962 E.01856
G1 X101.612 Y139.65 E.43481
G1 X102.189 Y139.634 E.01906
G1 X92.3 Y149.523 E.46175
G1 X92.221 Y150.089 E.01887
;WIDTH:0.38292
G1 X92.18 Y150.1 E.0012
G1 X92.161 Y150.029 E.00208
G1 X92.232 Y150.048 E.00208
;WIDTH:0.41146
G1 X92.333 Y149.999 E.00344
;WIDTH:0.439999
G1 X92.435 Y149.95 E.00374
G1 X102.909 Y139.476 E.48907
G1 X103.076 Y139.372 E.0065
;WIDTH:0.41146
G1 X103.243 Y139.268 E.00603
;WIDTH:0.38292
G1 X103.038 Y139.285 E.00582
G1 E-3.5 F3600
;WIPE_START
G1 F7200
G1 X103.243 Y139.268 E-.09771
G1 X103.076 Y139.372 E-.09345
G1 X102.909 Y139.476 E-.09345
G1 X101.1 Y141.285 E-1.21539
;WIPE_END
G1 X92.745 Y150.096 F9000
G1 E5 F2400
G1 F7200
G1 X92.704 Y150.107 E.0012
G1 X92.685 Y150.036 E.00208
G1 X92.756 Y150.055 E.00208
;WIDTH:0.41146
G1 X92.876 Y150.003 E.00401
;WIDTH:0.439999
G1 X92.996 Y149.95 E.00433
G1 X132.896 Y110.05 E1.86307
G1 X133.458 Y110.05 E.01856
G1 X93.558 Y149.95 E1.86307
G1 X94.119 Y149.95 E.01852
G1 X134.019 Y110.05 E1.86307
G1 X134.581 Y110.05 E.01856
G1 X94.681 Y149.95 E1.86307
G1 X95.242 Y149.95 E.01852
G1 X135.143 Y110.05 E1.86309
G1 X135.704 Y110.05 E.01852
G1 X95.804 Y149.95 E1.86307
G1 X96.365 Y149.95 E.01852
G1 X136.266 Y110.05 E1.86309
G1 X136.827 Y110.05 E.01852
G1 X96.927 Y149.95 E1.86307
G1 X97.489 Y149.95 E.01856
G1 X137.389 Y110.05 E1.86307
G1 X137.95 Y110.05 E.01852
G1 X98.05 Y149.95 E1.86307
G1 X98.612 Y149.95 E.01856
G1 X138.512 Y110.05 E1.86307
G1 X139.073 Y110.05 E.01852
G1 X99.173 Y149.95 E1.86307
G1 X99.735 Y149.95 E.01856
G1 X139.635 Y110.05 E1.86307
G1 X140.197 Y110.05 E.01856
G1 X100.296 Y149.95 E1.86309
G1 X100.858 Y149.95 E.01856
G1 X140.758 Y110.05 E1.86307
G1 X141.32 Y110.05 E.01856
G1 X101.419 Y149.95 E1.86309
G1 X101.981 Y149.95 E.01856
G1 X141.881 Y110.05 E1.86307
G1 X142.443 Y110.05 E.01856
G1 X102.543 Y149.95 E1.86307
G1 X103.104 Y149.95 E.01852
G1 X143.004 Y110.05 E1.86307
G1 X143.566 Y110.05 E.01856
G1 X103.666 Y149.95 E1.86307
G1 X104.227 Y149.95 E.01852
G1 X144.127 Y110.05 E1.86307
G1 X144.689 Y110.05 E.01856
G1 X104.789 Y149.95 E1.86307
G1 X105.35 Y149.95 E.01852
G1 X145.251 Y110.05 E1.86309
G1 X145.812 Y110.05 E.01852
G1 X105.912 Y149.95 E1.86307
G1 X106.473 Y149.95 E.01852
G1 X146.374 Y110.05 E1.86309
G1 X146.935 Y110.05 E.01852
G1 X107.035 Y149.95 E1.86307
G1 X107.597 Y149.95 E.01856
G1 X147.497 Y110.05 E1.86307
G1 X148.058 Y110.05 E.01852
G1 X108.158 Y149.95 E1.86307
G1 X108.72 Y149.95 E.01856
G1 X148.62 Y110.05 E1.86307
G1 X149.181 Y110.05 E.01852
G1 X109.281 Y149.95 E1.86307
G1 X109.843 Y149.95 E.01856
G1 X149.743 Y110.05 E1.86307
G1 X150.305 Y110.05 E.01856
G1 X110.404 Y149.95 E1.86309
G1 X110.966 Y149.95 E.01856
G1 X150.866 Y110.05 E1.86307
G1 X151.428 Y110.05 E.01856
G1 X111.527 Y149.95 E1.86309
G1 X112.089 Y149.95 E.01856
G1 X151.989 Y110.05 E1.86307
G1 X152.551 Y110.05 E.01856
G1 X112.651 Y149.95 E1.86307
G1 X113.212 Y149.95 E.01852
G1 X153.112 Y110.05 E1.86307
G1 X153.674 Y110.05 E.01856
G1 X113.774 Y149.95 E1.86307
G1 X114.335 Y149.95 E.01852
G1 X154.235 Y110.05 E1.86307
G1 X154.797 Y110.05 E.01856
G1 X114.897 Y149.95 E1.86307
G1 X115.458 Y149.95 E.01852
G1 X155.358 Y110.05 E1.86307
G1 X155.92 Y110.05 E.01856
G1 X116.02 Y149.95 E1.86307
G1 X116.581 Y149.95 E.01852
G1 X156.482 Y110.05 E1.86309
G1 X157.043 Y110.05 E.01852
G1 X117.143 Y149.95 E1.86307
G1 X117.705 Y149.95 E.01856
G1 X157.605 Y110.05 E1.86307
G1 X158.166 Y110.05 E.01852
G1 X118.266 Y149.95 E1.86307
G1 X118.828 Y149.95 E.01856
G1 X158.728 Y110.05 E1.86307
G1 X159.289 Y110.05 E.01852
G1 X119.389 Y149.95 E1.86307
G1 X119.951 Y149.95 E.01856
G1 X159.851 Y110.05 E1.86307
G1 X160.412 Y110.05 E.01852
G1 X120.512 Y149.95 E1.86307
G1 X121.074 Y149.95 E.01856
G1 X160.974 Y110.05 E1.86307
G1 X161.536 Y110.05 E.01856
G1 X121.635 Y149.95 E1.86309
G1 X122.197 Y149.95 E.01856
G1 X162.097 Y110.05 E1.86307
G1 X162.659 Y110.05 E.01856
G1 X122.759 Y149.95 E1.86307
G1 X123.32 Y149.95 E.01852
G1 X163.22 Y110.05 E1.86307
G1 X163.782 Y110.05 E.01856
G1 X123.882 Y149.95 E1.86307
G1 X124.443 Y149.95 E.01852
G1 X164.343 Y110.05 E1.86307
G1 X164.905 Y110.05 E.01856
G1 X125.005 Y149.95 E1.86307
G1 X125.566 Y149.95 E.01852
G1 X165.466 Y110.05 E1.86307
G1 X166.028 Y110.05 E.01856
G1 X126.128 Y149.95 E1.86307
G1 X126.689 Y149.95 E.01852
G1 X166.59 Y110.05 E1.86309
G1 X167.151 Y110.05 E.01852
G1 X127.251 Y149.95 E1.86307
G1 X127.813 Y149.95 E.01856
G1 X167.7 Y110.063 E1.86246
G1 X167.7 Y110.624 E.01852
G1 X128.374 Y149.95 E1.83627
G1 X128.936 Y149.95 E.01856
G1 X167.7 Y111.186 E1.81002
G1 X167.7 Y111.747 E.01852
G1 X129.497 Y149.95 E1.78383
G1 X130.059 Y149.95 E.01856
G1 X167.7 Y112.309 E1.75759
G1 X167.7 Y112.87 E.01852
G1 X130.62 Y149.95 E1.73139
G1 X131.182 Y149.95 E.01856
G1 X167.7 Y113.432 E1.70515
G1 X167.7 Y113.993 E.01852
G1 X131.743 Y149.95 E1.67896
G1 X132.305 Y149.95 E.01856
G1 X167.7 Y114.555 E1.65271
G1 X167.7 Y115.117 E.01856
G1 X132.866 Y149.95 E1.6265
G1 X133.428 Y149.95 E.01856
G1 X167.7 Y115.678 E1.60028
G1 X167.7 Y116.24 E.01856
G1 X133.99 Y149.95 E1.57404
G1 X134.551 Y149.95 E.01852
G1 X167.7 Y116.801 E1.54784
G1 X167.7 Y117.363 E.01856
G1 X135.113 Y149.95 E1.5216
G1 X135.674 Y149.95 E.01852
G1 X167.7 Y117.924 E1.4954
G1 X167.7 Y118.486 E.01856
G1 X136.236 Y149.95 E1.46916
G1 X136.797 Y149.95 E.01852
G1 X167.7 Y119.047 E1.44297
G1 X167.7 Y119.609 E.01856
G1 X137.359 Y149.95 E1.41673
G1 X137.92 Y149.95 E.01852
G1 X167.7 Y120.17 E1.39053
G1 X167.7 Y120.732 E.01856
G1 X138.482 Y149.95 E1.36429
G1 X139.044 Y149.95 E.01856
G1 X167.7 Y121.294 E1.33805
G1 X167.7 Y121.855 E.01852
G1 X139.605 Y149.95 E1.31185
G1 X140.167 Y149.95 E.01856
G1 X167.7 Y122.417 E1.28561
G1 X167.7 Y122.978 E.01852
G1 X140.728 Y149.95 E1.25942
G1 X141.29 Y149.95 E.01856
G1 X167.7 Y123.54 E1.23317
G1 X167.7 Y124.101 E.01852
G1 X141.851 Y149.95 E1.20698
G1 X142.413 Y149.95 E.01856
G1 X167.7 Y124.663 E1.18074
G1 X167.7 Y125.224 E.01852
G1 X142.974 Y149.95 E1.15454
G1 X143.536 Y149.95 E.01856
G1 X167.7 Y125.786 E1.1283
G1 X167.7 Y126.348 E.01856
G1 X144.098 Y149.95 E1.10206
G1 X144.659 Y149.95 E.01852
G1 X167.7 Y126.909 E1.07586
G1 X167.7 Y127.471 E.01856
G1 X145.221 Y149.95 E1.04962
G1 X145.782 Y149.95 E.01852
G1 X167.7 Y128.032 E1.02343
G1 X167.7 Y128.594 E.01856
G1 X146.344 Y149.95 E.99719
G1 X146.505 Y150.003 E.0056
;WIDTH:0.41146
G1 X146.666 Y150.055 E.00518
;WIDTH:0.38292
G1 X146.595 Y150.036 E.00208
G1 X146.614 Y150.107 E.00208
G1 X146.655 Y150.096 E.0012
G1 E-3.5 F3600
;WIPE_START
G1 F7200
G1 X146.614 Y150.107 E-.02016
G1 X146.595 Y150.036 E-.03491
G1 X146.666 Y150.055 E-.03491
G1 X146.505 Y150.003 E-.08036
G1 X146.344 Y149.95 E-.08051
G1 X148.204 Y148.09 E-1.24915
;WIPE_END
G1 X162.694 Y134.161 F9000
G1 E5 F2400
;WIDTH:0.439999
G1 F7200
G1 X167.7 Y129.155 E.23375
G1 X167.7 Y129.717 E.01856
G1 X163.475 Y133.942 E.19728
G1 X163.355 Y134.013 E.0046
;WIDTH:0.41146
G1 X163.236 Y134.084 E.00425
;WIDTH:0.38292
G1 X163.164 Y134.065 E.00211
G1 X163.183 Y134.136 E.00208
G1 X163.225 Y134.125 E.00123
G1 X162.414 Y134.4 F9000
G1 F7200
G1 X161.979 Y134.786 E.01644
G1 X161.707 Y135.079 E.0113
;WIDTH:0.41146
G1 X161.601 Y135.22 E.00541
;WIDTH:0.439999
G1 X161.496 Y135.36 E.00578
G1 X146.905 Y149.95 E.68128
G1 X147.467 Y149.95 E.01856
G1 X161.151 Y136.267 E.63893
G1 X161.243 Y136.141 E.00515
;WIDTH:0.41146
G1 X161.336 Y136.016 E.00477
;WIDTH:0.38292
G1 X161.295 Y136.027 E.0012
G1 X161.276 Y135.956 E.00208
G1 X161.347 Y135.975 E.00208
G1 X161.142 Y136.837 F9000
;WIDTH:0.439999
G1 F7200
G1 X148.028 Y149.95 E.61231
G1 X148.59 Y149.95 E.01856
G1 X161.17 Y137.371 E.58738
G1 X161.324 Y137.778 E.01437
G1 X149.152 Y149.95 E.56835
G1 X149.713 Y149.95 E.01852
G1 X161.505 Y138.158 E.55061
G1 X161.709 Y138.516 E.0136
G1 X150.275 Y149.95 E.53389
G1 X150.836 Y149.95 E.01852
G1 X161.986 Y138.801 E.52061
G1 X162.3 Y139.048 E.01319
G1 X151.398 Y149.95 E.50905
G1 X151.959 Y149.95 E.01852
G1 X162.616 Y139.294 E.49759
G1 X163.018 Y139.453 E.01427
G1 X152.521 Y149.95 E.49014
G1 X153.082 Y149.95 E.01852
G1 X163.472 Y139.56 E.48514
G1 X163.954 Y139.64 E.01613
G1 X153.644 Y149.95 E.48141
G1 X154.206 Y149.95 E.01856
G1 X164.612 Y139.544 E.48589
G1 X165.528 Y139.189 F9000
G1 F7200
G1 X154.767 Y149.95 E.50247
G1 E-3.5 F3600
;WIPE_START
G1 F7200
G1 X157 Y147.717 E-1.5
;WIPE_END
G1 X164.12 Y133.858 F9000
G1 E5 F2400
G1 F7200
G1 X167.7 Y130.278 E.16716
G1 X167.7 Y130.84 E.01856
G1 X164.589 Y133.951 E.14526
G1 X165.042 Y134.06 E.01538
G1 X167.7 Y131.402 E.12411
G1 X167.7 Y131.963 E.01852
G1 X165.423 Y134.24 E.10632
G1 E-3.5 F3600
;WIPE_START
G1 F7200
G1 X167.656 Y132.007 E-1.5
;WIPE_END
G1 X167.56 Y132.665 F9000
G1 E5 F2400
G1 F7200
G1 X165.743 Y134.482 E.08484
G1 X166.089 Y134.764 E.01474
G1 X166.401 Y135.156 E.01654
G1 X166.729 Y135.825 E.0246
G1 X166.855 Y136.355 E.01799
G1 X166.843 Y137.299 E.03117
G1 X167.26 Y136.896 E.01915
G1 X167.362 Y136.841 E.00383
G1 X167.541 Y136.896 E.00618
G1 X167.7 Y137.055 E.00742
G1 X167.7 Y132.525 E.14957
G1 X167.303 Y133.483 F9000
G1 F7200
G1 X167.303 Y135.759 E.07515
;WIDTH:0.467759
G1 X167.289 Y136.025 E.00941
;WIDTH:0.495518
G1 X167.275 Y136.292 E.01006
G1 X167.267 Y136.261 E.0012
;WIDTH:0.491094
G1 X167.177 Y135.957 E.01181
;WIDTH:0.465547
G1 X167.086 Y135.653 E.01115
;WIDTH:0.439999
G1 X166.711 Y134.908 E.02754
G1 X166.334 Y134.452 E.01954
G1 X167.163 Y133.624 E.03869
G1 X166.943 Y134.462 F9000
;WIDTH:0.467824
G1 F7200
G1 X166.906 Y134.424 E.00187
G1 X166.854 Y134.438 E.0019
G1 X166.841 Y134.489 E.00186
G1 X166.878 Y134.527 E.00187
G1 X166.93 Y134.513 E.0019
G1 X167.275 Y136.292 F9000
;WIDTH:0.495518
G1 F7200
G1 X167.28 Y136.429 E.00516
G1 X167.4 Y137.317 F9000
;WIDTH:0.439999
G1 F7200
G1 X166.316 Y138.42 E.05106
;WIDTH:0.413358
G1 X166.194 Y138.561 E.00574
;WIDTH:0.39776
G1 X165.809 Y138.939 E.01592
G1 E-3.5 F3600
;WIPE_START
G1 F7200
G1 X166.194 Y138.561 E-.25628
G1 X166.316 Y138.42 E-.08857
G1 X167.4 Y137.317 E-.73459
;WIPE_END
G1 E-.42056 F3600
G1 X167.7 Y137.579 F9000
G1 E5 F2400
;WIDTH:0.439999
G1 F7200
G1 X155.329 Y149.95 E.57764
G1 X155.89 Y149.95 E.01852
G1 X167.7 Y138.14 E.55145
G1 X167.7 Y138.702 E.01856
G1 X156.452 Y149.95 E.52521
G1 X157.013 Y149.95 E.01852
G1 X167.7 Y139.263 E.49901
G1 X167.7 Y139.825 E.01856
G1 X157.575 Y149.95 E.47277
G1 X158.136 Y149.95 E.01852
G1 X167.7 Y140.386 E.44658
G1 X167.7 Y140.948 E.01856
G1 X158.698 Y149.95 E.42033
G1 X159.26 Y149.95 E.01856
G1 X167.7 Y141.51 E.39409
G1 X167.7 Y142.071 E.01852
G1 X159.821 Y149.95 E.3679
G1 X160.383 Y149.95 E.01856
G1 X167.7 Y142.633 E.34166
G1 X167.7 Y143.194 E.01852
G1 X160.944 Y149.95 E.31546
G1 X161.506 Y149.95 E.01856
G1 X167.7 Y143.756 E.28922
G1 X167.7 Y144.317 E.01852
G1 X162.067 Y149.95 E.26302
G1 X162.629 Y149.95 E.01856
G1 X167.7 Y144.879 E.23678
G1 X167.7 Y145.44 E.01852
G1 X163.19 Y149.95 E.21059
G1 X163.752 Y149.95 E.01856
G1 X167.7 Y146.002 E.18435
G1 X167.7 Y146.564 E.01856
G1 X164.314 Y149.95 E.1581
G1 X164.875 Y149.95 E.01852
G1 X167.7 Y147.125 E.13191
G1 X167.923 Y147.52 E.01498
;WIDTH:0.48658
G1 X167.884 Y147.481 E.00203
G1 X167.83 Y147.495 E.00206
G1 X167.816 Y147.549 E.00206
G1 X167.855 Y147.588 E.00203
G1 X167.909 Y147.573 E.00207
G1 X167.7 Y147.687 E.00878
;WIDTH:0.439999
G1 X165.437 Y149.95 E.10567
G1 X165.375 Y150.05 E.00388
;WIDTH:0.41146
G1 X165.314 Y150.15 E.00359
;WIDTH:0.38292
G1 X165.273 Y150.161 E.0012
G1 X165.254 Y150.09 E.00208
G1 X165.325 Y150.109 E.00208
G1 E-3.5 F3600
;WIPE_START
G1 F7200
G1 X165.254 Y150.09 E-.03491
G1 X165.273 Y150.161 E-.03491
G1 X165.314 Y150.15 E-.02016
G1 X165.375 Y150.05 E-.05564
G1 X165.437 Y149.95 E-.05589
G1 X167.37 Y148.017 E-1.29849
;WIPE_END
G1 X167.56 Y148.389 F9000
G1 E5 F2400
;WIDTH:0.439999
G1 F7200
G1 X165.998 Y149.95 E.07291
G1 X167.7 Y149.95 E.0562
G1 X167.7 Y148.248 E.0562
G1 X167.274 Y149.432 F9000
;WIDTH:0.642772
G1 F7200
G1 X167.221 Y149.379 E.00374
G1 X167.149 Y149.399 E.00373
G1 X167.129 Y149.471 E.00373
G1 X167.182 Y149.524 E.00374
G1 X167.255 Y149.505 E.00376
G1 E-3.5 F3600
;WIPE_START
G1 F7200
G1 X167.182 Y149.524 E-.03583
G1 X167.129 Y149.471 E-.0356
G1 X167.149 Y149.399 E-.03549
G1 X167.221 Y149.379 E-.03549
G1 X167.274 Y149.432 E-.0356
;WIPE_END
G1 E-1.32199 F3600
G1 X92.727 Y137.603 F9000
G1 E5 F2400
;WIDTH:0.500046
G1 F7200
G1 X92.712 Y138.1 E.0189
;WIDTH:0.470023
G1 X92.697 Y138.598 E.01769
;WIDTH:0.439999
G1 X92.697 Y141.264 E.08802
G1 X94.365 Y139.596 E.07788
G1 X93.775 Y139.142 E.02458
G1 X93.601 Y138.983 E.00778
G1 X93.289 Y138.592 E.01652
G1 X92.912 Y137.844 E.02766
;WIDTH:0.47601
G1 X92.822 Y137.624 E.00856
;WIDTH:0.51202
G1 X92.733 Y137.404 E.00926
G1 X92.72 Y136.781 E.02431
G1 E-3.5 F3600
;WIPE_START
G1 F7200
G1 X92.733 Y137.404 E-.29599
G1 X92.822 Y137.624 E-.11273
G1 X92.912 Y137.844 E-.11291
G1 X93.289 Y138.592 E-.39788
G1 X93.601 Y138.983 E-.23761
G1 X93.775 Y139.142 E-.11196
G1 X94.161 Y139.438 E-.23092
;WIPE_END
G1 X93.128 Y139.083 F9000
G1 E5 F2400
;WIDTH:0.508572
G1 F7200
G1 X93.264 Y139.252 E.0084
G1 X93.71 Y139.641 E.02291
G1 X93.128 Y140.223 E.03187
G1 X93.128 Y139.281 E.03647
;LAYER_CHANGE
;Z:1
;HEIGHT:0.2
;BEFORE_LAYER_CHANGE
G92 E0
;1


G1 E-3.5 F3600
;WIPE_START
G1 F7200
G1 X93.128 Y140.223 E-.44745
G1 X93.71 Y139.641 E-.39096
G1 X93.264 Y139.252 E-.28111
G1 X93.128 Y139.083 E-.10304
;WIPE_END
G1 E-.27744 F3600
G1 Z1 F9000
;AFTER_LAYER_CHANGE
;1
G1 X161.488 Y137.323
G1 E5 F2400
;TYPE:Perimeter
;WIDTH:0.439999
G1 F3600
G1 X161.447 Y137.164 E.00542
G1 X161.446 Y136.389 E.02559
G1 X161.471 Y136.168 E.00734
G1 X161.855 Y135.317 E.03083
G1 X162.085 Y135.012 E.01261
G1 X162.69 Y134.528 E.02558
G1 X162.989 Y134.366 E.01123
G1 X163.784 Y134.18 E.02696
G1 X164.05 Y134.157 E.00882
G1 X164.92 Y134.34 E.02935
G1 X165.31 Y134.528 E.01429
G1 X165.875 Y134.978 E.02385
G1 X166.145 Y135.317 E.01431
G1 X166.458 Y135.967 E.02382
G1 X166.554 Y136.389 E.01429
G1 X166.554 Y137.111 E.02384
G1 X166.458 Y137.533 E.01429
G1 X166.145 Y138.183 E.02382
G1 X165.875 Y138.522 E.01431
G1 X165.31 Y138.972 E.02385
G1 X164.92 Y139.16 E.01429
G1 X164.216 Y139.32 E.02384
G1 X163.906 Y139.34 E.01026
G1 X163.08 Y139.16 E.02791
G1 X162.775 Y139.033 E.01091
G1 X162.125 Y138.522 E.0273
G1 X161.893 Y138.254 E.0117
G1 X161.542 Y137.533 E.02648
G1 X161.503 Y137.381 E.00518
G1 X161.872 Y137.236 F9000
G1 F3600
G1 X161.843 Y137.111 E.00424
G1 X161.843 Y136.389 E.02384
G1 X161.858 Y136.258 E.00435
G1 X162.213 Y135.489 E.02797
G1 X162.373 Y135.289 E.00846
G1 X162.941 Y134.836 E.02399
G1 X163.168 Y134.727 E.00831
G1 X163.872 Y134.567 E.02384
G1 X164.128 Y134.567 E.00845
G1 X164.832 Y134.727 E.02384
G1 X165.063 Y134.839 E.00848
G1 X165.627 Y135.289 E.02382
G1 X165.787 Y135.489 E.00846
G1 X166.1 Y136.139 E.02382
G1 X166.157 Y136.389 E.00847
G1 X166.157 Y137.111 E.02384
G1 X166.1 Y137.361 E.00847
G1 X165.787 Y138.011 E.02382
G1 X165.627 Y138.211 E.00846
G1 X165.063 Y138.661 E.02382
G1 X164.832 Y138.773 E.00848
G1 X164.128 Y138.933 E.02384
G1 X163.872 Y138.933 E.00845
G1 X163.168 Y138.773 E.02384
G1 X162.937 Y138.661 E.00848
G1 X162.373 Y138.211 E.02382
G1 X162.213 Y138.011 E.00846
G1 X161.9 Y137.361 E.02382
G1 X161.885 Y137.294 E.00227
G1 X162.248 Y137.149 F9000
;TYPE:External perimeter
;WIDTH:0.419999
G1 F3600
G1 X162.235 Y136.346 E.02518
G1 X162.562 Y135.657 E.02391
G1 X163.179 Y135.141 E.02522
G1 X163.958 Y134.944 E.02519
G1 X164.746 Y135.105 E.02522
G1 X165.386 Y135.591 E.0252
G1 X165.751 Y136.307 E.0252
G1 X165.77 Y137.111 E.02522
G1 X165.438 Y137.843 E.0252
G1 X164.821 Y138.359 E.02522
G1 X164.042 Y138.556 E.02519
G1 X163.254 Y138.395 E.02522
G1 X162.614 Y137.909 E.0252
G1 X162.256 Y137.207 E.02471
G1 E-3.5
;WIPE_START
G1 F7200
G1 X162.248 Y137.149 E-.02781
G1 X162.235 Y136.346 E-.38147
G1 X162.562 Y135.657 E-.36226
G1 X163.179 Y135.141 E-.38206
G1 X163.886 Y134.962 E-.3464
;WIPE_END
G1 X104.514 Y137.324 F9000
G1 E5 F2400
;TYPE:Perimeter
;WIDTH:0.439999
G1 F3600
G1 X104.487 Y137.467 E.0048
G1 X104.145 Y138.183 E.0262
G1 X103.946 Y138.459 E.01123
G1 X103.31 Y138.972 E.02698
G1 X103.029 Y139.128 E.01061
G1 X102.219 Y139.32 E.02749
G1 X102.002 Y139.344 E.00721
G1 X95.998 Y139.344 E.19824
G1 X95.08 Y139.16 E.03091
G1 X94.69 Y138.972 E.01429
G1 X94.125 Y138.522 E.02385
G1 X93.855 Y138.183 E.01431
G1 X93.542 Y137.533 E.02382
G1 X93.446 Y137.111 E.01429
G1 X93.446 Y136.389 E.02384
G1 X93.542 Y135.967 E.01429
G1 X93.855 Y135.317 E.02382
G1 X94.125 Y134.978 E.01431
G1 X94.69 Y134.528 E.02385
G1 X95.08 Y134.34 E.01429
G1 X95.781 Y134.18 E.02374
G1 X95.998 Y134.156 E.00721
G1 X102.002 Y134.156 E.19824
G1 X102.92 Y134.34 E.03091
G1 X103.269 Y134.497 E.01264
G1 X103.875 Y134.978 E.02555
G1 X104.102 Y135.239 E.01142
G1 X104.458 Y135.967 E.02676
G1 X104.549 Y136.293 E.01118
G1 X104.554 Y137.111 E.02701
G1 X104.525 Y137.265 E.00517
G1 X104.128 Y137.236 F9000
G1 F3600
G1 X104.1 Y137.361 E.00423
G1 X103.787 Y138.011 E.02382
G1 X103.627 Y138.211 E.00846
G1 X103.063 Y138.661 E.02382
G1 X102.832 Y138.773 E.00848
G1 X102.131 Y138.933 E.02374
G1 X102.002 Y138.947 E.00428
G1 X95.998 Y138.947 E.19824
G1 X95.168 Y138.773 E.028
G1 X94.937 Y138.661 E.00848
G1 X94.373 Y138.211 E.02382
G1 X94.213 Y138.011 E.00846
G1 X93.9 Y137.361 E.02382
G1 X93.843 Y137.111 E.00847
G1 X93.843 Y136.389 E.02384
G1 X93.9 Y136.139 E.00847
G1 X94.213 Y135.489 E.02382
G1 X94.373 Y135.289 E.00846
G1 X94.937 Y134.839 E.02382
G1 X95.168 Y134.727 E.00848
G1 X95.869 Y134.567 E.02374
G1 X95.998 Y134.553 E.00428
G1 X102.002 Y134.553 E.19824
G1 X102.832 Y134.727 E.028
G1 X103.063 Y134.839 E.00848
G1 X103.627 Y135.289 E.02382
G1 X103.787 Y135.489 E.00846
G1 X104.1 Y136.139 E.02382
G1 X104.157 Y136.389 E.00847
G1 X104.157 Y137.111 E.02384
G1 X104.142 Y137.177 E.00223
G1 X103.752 Y137.151 F9000
;TYPE:External perimeter
;WIDTH:0.419999
G1 F3600
G1 X103.438 Y137.843 E.02383
G1 X102.821 Y138.359 E.02522
G1 X102.044 Y138.555 E.02513
G1 X95.998 Y138.56 E.18957
G1 X95.254 Y138.395 E.02389
G1 X94.614 Y137.909 E.0252
G1 X94.249 Y137.193 E.0252
G1 X94.23 Y136.389 E.02522
G1 X94.562 Y135.657 E.0252
G1 X95.179 Y135.141 E.02522
G1 X95.956 Y134.945 E.02513
G1 X102.002 Y134.94 E.18957
G1 X102.746 Y135.105 E.02389
G1 X103.386 Y135.591 E.0252
G1 X103.751 Y136.307 E.0252
G1 X103.77 Y137.095 E.02471
G1 E-3.5
;WIPE_START
G1 F7200
G1 X103.752 Y137.151 E-.02794
G1 X103.438 Y137.843 E-.36096
G1 X102.821 Y138.359 E-.38206
G1 X102.044 Y138.555 E-.38064
G1 X101.31 Y138.556 E-.3484
;WIPE_END
G1 X91.994 Y150.256 F9000
G1 E5 F2400
;TYPE:Perimeter
;WIDTH:0.439999
G1 F7200
G1 X91.994 Y109.744 E1.33759
G1 X168.006 Y109.744 E2.50971
G1 X168.006 Y123.611 E.45785
G1 X168.006 Y150.256 E.87974
G1 X92.054 Y150.256 E2.50773
G1 X91.597 Y150.653 F9000
G1 F7200
G1 X91.597 Y109.347 E1.36381
G1 X168.403 Y109.347 E2.53592
G1 X168.403 Y123.611 E.47096
G1 X168.403 Y150.653 E.89285
G1 X91.657 Y150.653 E2.53394
G1 X91.21 Y151.04 F9000
;TYPE:External perimeter
;WIDTH:0.419999
G1 F3600
G1 X91.21 Y108.96 E1.31939
G1 X168.79 Y108.96 E2.43246
G1 X168.79 Y123.611 E.45937
G1 X168.79 Y151.04 E.86002
G1 X91.27 Y151.04 E2.43058
G1 E-3.5
;WIPE_START
G1 F7200
G1 X91.21 Y151.04 E-.0285
G1 X91.21 Y147.942 E-1.4715
;WIPE_END
G1 X93.935 Y134.739 F9000
G1 E5 F2400
;TYPE:Internal infill
;WIDTH:0.44
G1 F7200
G1 X93.585 Y135.173 E.01841
G1 X93.262 Y135.845 E.02462
G1 X93.14 Y136.377 E.01802
G1 X93.14 Y136.91 E.0176
G1 X92.3 Y137.75 E.03922
G1 X92.3 Y137.224 E.01737
G1 X105.026 Y149.95 E.59422
G1 X102.562 Y149.95 E.08135
G1 X142.463 Y110.05 E1.86309
G1 X140 Y110.05 E.08132
G1 X163.817 Y133.868 E1.11212
G1 X163.501 Y133.936 E.01067
G1 X167.7 Y129.737 E.19607
G1 X167.7 Y130.263 E.01737
G1 X147.487 Y110.05 E.94382
G1 X149.95 Y110.05 E.08132
G1 X110.05 Y149.95 E1.86307
G1 X112.513 Y149.95 E.08132
G1 X102.196 Y139.633 E.48174
G1 X97.888 Y139.65 E.14224
G1 X92.3 Y145.238 E.26092
G1 X92.3 Y144.712 E.01737
G1 X97.538 Y149.95 E.24458
G1 X95.075 Y149.95 E.08132
G1 X134.975 Y110.05 E1.86307
G1 X132.512 Y110.05 E.08132
G1 X167.7 Y145.238 E1.64305
G1 X167.7 Y144.712 E.01737
G1 X162.462 Y149.95 E.24458
G1 X164.925 Y149.95 E.08132
G1 X125.025 Y110.05 E1.86307
G1 X127.488 Y110.05 E.08132
G1 X103.343 Y134.194 E1.12739
G1 X104.215 Y134.878 E.03659
G1 X104.392 Y135.129 E.01014
G1 X104.793 Y136.006 E.03184
G1 E-3.5 F3600
;WIPE_START
G1 F7200
G1 X104.392 Y135.129 E-.45806
G1 X104.215 Y134.878 E-.14589
G1 X103.343 Y134.194 E-.52642
G1 X103.893 Y133.644 E-.36963
;WIPE_END
G1 X115.155 Y149.95 F9000
G1 E5 F2400
G1 F7200
G1 X117.537 Y149.95 E.07865
G1 X157.438 Y110.05 E1.86309
G1 X154.974 Y110.05 E.08135
G1 X167.7 Y122.776 E.59422
G1 X167.7 Y122.25 E.01737
G1 X140 Y149.95 E1.29341
G1 X142.463 Y149.95 E.08132
G1 X102.563 Y110.05 E1.86307
G1 X105.026 Y110.05 E.08132
G1 X92.3 Y122.776 E.59422
G1 X92.3 Y122.25 E.01737
G1 X120 Y149.95 E1.29341
G1 X125.025 Y149.95 E.16591
G1 X164.925 Y110.05 E1.86307
G1 X162.462 Y110.05 E.08132
G1 X167.7 Y115.288 E.24458
G1 X167.7 Y114.762 E.01737
G1 X132.512 Y149.95 E1.64305
G1 X134.975 Y149.95 E.08132
G1 X95.075 Y110.05 E1.86307
G1 X97.538 Y110.05 E.08132
G1 X92.3 Y115.288 E.24458
G1 X92.3 Y114.762 E.01737
G1 X127.488 Y149.95 E1.64305
G1 X129.87 Y149.95 E.07865
G1 E-3.5 F3600
;WIPE_START
G1 F7200
G1 X127.488 Y149.95 E-1.13145
G1 X126.939 Y149.401 E-.36855
;WIPE_END
G1 X161.725 Y138.54 F9000
G1 E5 F2400
G1 F7200
G1 X161.175 Y137.409 E.04152
G1 X161.147 Y136.29 E.03696
G1 X147.487 Y149.95 E.63783
G1 X149.95 Y149.95 E.08132
G1 X110.05 Y110.05 E1.86307
G1 X112.513 Y110.05 E.08132
G1 X92.3 Y130.263 E.94382
G1 X92.3 Y129.737 E.01737
G1 X96.413 Y133.85 E.19205
G1 X96.2 Y133.85 E.00703
G1 X120 Y110.05 E1.11131
G1 X117.537 Y110.05 E.08132
G1 X157.437 Y149.95 E1.86307
G1 X154.974 Y149.95 E.08132
G1 X167.7 Y137.224 E.59422
G1 X167.7 Y137.75 E.01737
G1 X166.86 Y136.91 E.03922
G1 X166.86 Y136.377 E.0176
G1 X166.738 Y135.845 E.01802
G1 X166.415 Y135.173 E.02462
G1 X166.065 Y134.739 E.01841
;LAYER_CHANGE
;Z:1.2
;HEIGHT:0.2
;BEFORE_LAYER_CHANGE
G92 E0
;1.2


G1 E-3.5 F3600
;WIPE_START
G1 F7200
G1 X166.415 Y135.173 E-.26483
G1 X166.738 Y135.845 E-.35416
G1 X166.86 Y136.377 E-.25926
G1 X166.86 Y136.91 E-.25317
G1 X167.409 Y137.459 E-.36858
;WIPE_END
G1 Z1.2 F9000
;AFTER_LAYER_CHANGE
;1.2
G1 X166.01 Y135.147
G1 E5 F2400
;TYPE:Perimeter
;WIDTH:0.439999
G1 F3600
G1 X166.145 Y135.317 E.00717
G1 X166.458 Y135.967 E.02382
G1 X166.554 Y136.389 E.01429
G1 X166.554 Y137.111 E.02384
G1 X166.458 Y137.533 E.01429
G1 X166.145 Y138.183 E.02382
G1 X165.875 Y138.522 E.01431
G1 X165.31 Y138.972 E.02385
G1 X164.92 Y139.16 E.01429
G1 X164.216 Y139.32 E.02384
G1 X163.906 Y139.34 E.01026
G1 X163.08 Y139.16 E.02791
G1 X162.775 Y139.033 E.01091
G1 X162.125 Y138.522 E.0273
G1 X161.893 Y138.254 E.0117
G1 X161.49 Y137.402 E.03112
G1 X161.446 Y137.111 E.00972
G1 X161.446 Y136.389 E.02384
G1 X161.514 Y136.032 E.012
G1 X161.855 Y135.317 E.02615
G1 X162.085 Y135.012 E.01261
G1 X162.69 Y134.528 E.02558
G1 X162.989 Y134.366 E.01123
G1 X163.784 Y134.18 E.02696
G1 X164.05 Y134.157 E.00882
G1 X164.92 Y134.34 E.02935
G1 X165.31 Y134.528 E.01429
G1 X165.875 Y134.978 E.02385
G1 X165.972 Y135.101 E.00517
G1 X165.707 Y135.389 F9000
G1 F3600
G1 X165.787 Y135.489 E.00423
G1 X166.1 Y136.139 E.02382
G1 X166.157 Y136.389 E.00847
G1 X166.157 Y137.111 E.02384
G1 X166.1 Y137.361 E.00847
G1 X165.787 Y138.011 E.02382
G1 X165.627 Y138.211 E.00846
G1 X165.063 Y138.661 E.02382
G1 X164.832 Y138.773 E.00848
G1 X164.128 Y138.933 E.02384
G1 X163.872 Y138.933 E.00845
G1 X163.168 Y138.773 E.02384
G1 X162.937 Y138.661 E.00848
G1 X162.373 Y138.211 E.02382
G1 X162.213 Y138.011 E.00846
G1 X161.869 Y137.283 E.02658
G1 X161.843 Y136.389 E.02953
G1 X161.9 Y136.139 E.00847
G1 X162.213 Y135.489 E.02382
G1 X162.373 Y135.289 E.00846
G1 X162.941 Y134.836 E.02399
G1 X163.168 Y134.727 E.00831
G1 X163.872 Y134.567 E.02384
G1 X164.128 Y134.567 E.00845
G1 X164.832 Y134.727 E.02384
G1 X165.063 Y134.839 E.00848
G1 X165.627 Y135.289 E.02382
G1 X165.669 Y135.342 E.00223
G1 X165.406 Y135.63 F9000
;TYPE:External perimeter
;WIDTH:0.419999
G1 F3600
G1 X165.751 Y136.307 E.02382
G1 X165.77 Y137.111 E.02522
G1 X165.438 Y137.843 E.0252
G1 X164.821 Y138.359 E.02522
G1 X164.042 Y138.556 E.02519
G1 X163.254 Y138.395 E.02522
G1 X162.614 Y137.909 E.0252
G1 X162.239 Y137.167 E.02607
G1 X162.23 Y136.389 E.0244
G1 X162.562 Y135.657 E.0252
G1 X163.179 Y135.141 E.02522
G1 X163.958 Y134.944 E.02519
G1 X164.746 Y135.105 E.02522
G1 X165.373 Y135.581 E.02468
G1 E-3.5
;WIPE_START
G1 F7200
G1 X165.406 Y135.63 E-.02806
G1 X165.751 Y136.307 E-.36092
G1 X165.77 Y137.111 E-.38201
G1 X165.438 Y137.843 E-.38179
G1 X164.878 Y138.312 E-.34722
;WIPE_END
G1 X104.516 Y136.176 F9000
G1 E5 F2400
;TYPE:Perimeter
;WIDTH:0.439999
G1 F3600
G1 X104.549 Y136.293 E.00401
G1 X104.554 Y137.111 E.02701
G1 X104.487 Y137.467 E.01196
G1 X104.145 Y138.183 E.0262
G1 X103.946 Y138.459 E.01123
G1 X103.31 Y138.972 E.02698
G1 X103.029 Y139.128 E.01061
G1 X102.219 Y139.32 E.02749
G1 X102.002 Y139.344 E.00721
G1 X95.998 Y139.344 E.19824
G1 X95.08 Y139.16 E.03091
G1 X94.69 Y138.972 E.01429
G1 X94.125 Y138.522 E.02385
G1 X93.855 Y138.183 E.01431
G1 X93.542 Y137.533 E.02382
G1 X93.446 Y137.111 E.01429
G1 X93.446 Y136.389 E.02384
G1 X93.542 Y135.967 E.01429
G1 X93.855 Y135.317 E.02382
G1 X94.125 Y134.978 E.01431
G1 X94.69 Y134.528 E.02385
G1 X95.08 Y134.34 E.01429
G1 X95.781 Y134.18 E.02374
G1 X95.998 Y134.156 E.00721
G1 X102.002 Y134.156 E.19824
G1 X102.92 Y134.34 E.03091
G1 X103.269 Y134.497 E.01264
G1 X103.875 Y134.978 E.02555
G1 X104.102 Y135.239 E.01142
G1 X104.458 Y135.967 E.02676
G1 X104.5 Y136.118 E.00517
G1 X104.128 Y136.264 F9000
G1 F3600
G1 X104.157 Y136.389 E.00424
G1 X104.157 Y137.111 E.02384
G1 X104.1 Y137.361 E.00847
G1 X103.787 Y138.011 E.02382
G1 X103.627 Y138.211 E.00846
G1 X103.063 Y138.661 E.02382
G1 X102.832 Y138.773 E.00848
G1 X102.131 Y138.933 E.02374
G1 X102.002 Y138.947 E.00428
G1 X95.998 Y138.947 E.19824
G1 X95.168 Y138.773 E.028
G1 X94.937 Y138.661 E.00848
G1 X94.373 Y138.211 E.02382
G1 X94.213 Y138.011 E.00846
G1 X93.9 Y137.361 E.02382
G1 X93.843 Y137.111 E.00847
G1 X93.843 Y136.389 E.02384
G1 X93.9 Y136.139 E.00847
G1 X94.213 Y135.489 E.02382
G1 X94.373 Y135.289 E.00846
G1 X94.937 Y134.839 E.02382
G1 X95.168 Y134.727 E.00848
G1 X95.869 Y134.567 E.02374
G1 X95.998 Y134.553 E.00428
G1 X102.002 Y134.553 E.19824
G1 X102.832 Y134.727 E.028
G1 X103.063 Y134.839 E.00848
G1 X103.627 Y135.289 E.02382
G1 X103.787 Y135.489 E.00846
G1 X104.1 Y136.139 E.02382
G1 X104.115 Y136.206 E.00227
G1 X103.752 Y136.351 F9000
;TYPE:External perimeter
;WIDTH:0.419999
G1 F3600
G1 X103.77 Y137.111 E.02384
G1 X103.438 Y137.843 E.0252
G1 X102.821 Y138.359 E.02522
G1 X102.044 Y138.555 E.02513
G1 X95.998 Y138.56 E.18957
G1 X95.254 Y138.395 E.02389
G1 X94.614 Y137.909 E.0252
G1 X94.249 Y137.193 E.0252
G1 X94.23 Y136.389 E.02522
G1 X94.562 Y135.657 E.0252
G1 X95.179 Y135.141 E.02522
G1 X95.956 Y134.945 E.02513
G1 X102.002 Y134.94 E.18957
G1 X102.746 Y135.105 E.02389
G1 X103.386 Y135.591 E.0252
G1 X103.744 Y136.293 E.02471
G1 E-3.5
;WIPE_START
G1 F7200
G1 X103.752 Y136.351 E-.02781
G1 X103.77 Y137.111 E-.3611
G1 X103.438 Y137.843 E-.38179
G1 X102.821 Y138.359 E-.38206
G1 X102.113 Y138.538 E-.34724
;WIPE_END
G1 X91.994 Y150.256 F9000
G1 E5 F2400
;TYPE:Perimeter
;WIDTH:0.439999
G1 F7200
G1 X91.994 Y109.744 E1.33759
G1 X168.006 Y109.744 E2.50971
G1 X168.006 Y123.611 E.45785
G1 X168.006 Y150.256 E.87974
G1 X92.054 Y150.256 E2.50773
G1 X91.597 Y150.653 F9000
G1 F7200
G1 X91.597 Y109.347 E1.36381
G1 X168.403 Y109.347 E2.53592
G1 X168.403 Y123.611 E.47096
G1 X168.403 Y150.653 E.89285
G1 X91.657 Y150.653 E2.53394
G1 X91.21 Y151.04 F9000
;TYPE:External perimeter
;WIDTH:0.419999
G1 F3600
G1 X91.21 Y108.96 E1.31939
G1 X168.79 Y108.96 E2.43246
G1 X168.79 Y123.611 E.45937
G1 X168.79 Y151.04 E.86002
G1 X91.27 Y151.04 E2.43058
G1 E-3.5
;WIPE_START
G1 F7200
G1 X91.21 Y151.04 E-.0285
G1 X91.21 Y147.942 E-1.4715
;WIPE_END
G1 X93.935 Y134.739 F9000
G1 E5 F2400
;TYPE:Internal infill
;WIDTH:0.44
G1 F7200
G1 X93.585 Y135.173 E.01841
G1 X93.262 Y135.845 E.02462
G1 X93.14 Y136.377 E.01802
G1 X93.14 Y136.91 E.0176
G1 X92.3 Y137.75 E.03922
G1 X92.3 Y137.224 E.01737
G1 X105.026 Y149.95 E.59422
G1 X102.562 Y149.95 E.08135
G1 X142.463 Y110.05 E1.86309
G1 X140 Y110.05 E.08132
G1 X163.817 Y133.868 E1.11212
G1 X163.501 Y133.936 E.01067
G1 X167.7 Y129.737 E.19607
G1 X167.7 Y130.263 E.01737
G1 X147.487 Y110.05 E.94382
G1 X149.95 Y110.05 E.08132
G1 X110.05 Y149.95 E1.86307
G1 X112.513 Y149.95 E.08132
G1 X102.196 Y139.633 E.48174
G1 X97.888 Y139.65 E.14224
G1 X92.3 Y145.238 E.26092
G1 X92.3 Y144.712 E.01737
G1 X97.538 Y149.95 E.24458
G1 X95.075 Y149.95 E.08132
G1 X134.975 Y110.05 E1.86307
G1 X132.512 Y110.05 E.08132
G1 X167.7 Y145.238 E1.64305
G1 X167.7 Y144.712 E.01737
G1 X162.462 Y149.95 E.24458
G1 X164.925 Y149.95 E.08132
G1 X125.025 Y110.05 E1.86307
G1 X127.488 Y110.05 E.08132
G1 X103.343 Y134.194 E1.12739
G1 X104.215 Y134.878 E.03659
G1 X104.392 Y135.129 E.01014
G1 X104.793 Y136.006 E.03184
G1 E-3.5 F3600
;WIPE_START
G1 F7200
G1 X104.392 Y135.129 E-.45806
G1 X104.215 Y134.878 E-.14589
G1 X103.343 Y134.194 E-.52642
G1 X103.893 Y133.644 E-.36963
;WIPE_END
G1 X115.155 Y149.95 F9000
G1 E5 F2400
G1 F7200
G1 X117.537 Y149.95 E.07865
G1 X157.438 Y110.05 E1.86309
G1 X154.974 Y110.05 E.08135
G1 X167.7 Y122.776 E.59422
G1 X167.7 Y122.25 E.01737
G1 X140 Y149.95 E1.29341
G1 X142.463 Y149.95 E.08132
G1 X102.563 Y110.05 E1.86307
G1 X105.026 Y110.05 E.08132
G1 X92.3 Y122.776 E.59422
G1 X92.3 Y122.25 E.01737
G1 X120 Y149.95 E1.29341
G1 X125.025 Y149.95 E.16591
G1 X164.925 Y110.05 E1.86307
G1 X162.462 Y110.05 E.08132
G1 X167.7 Y115.288 E.24458
G1 X167.7 Y114.762 E.01737
G1 X132.512 Y149.95 E1.64305
G1 X134.975 Y149.95 E.08132
G1 X95.075 Y110.05 E1.86307
G1 X97.538 Y110.05 E.08132
G1 X92.3 Y115.288 E.24458
G1 X92.3 Y114.762 E.01737
G1 X127.488 Y149.95 E1.64305
G1 X129.87 Y149.95 E.07865
G1 E-3.5 F3600
;WIPE_START
G1 F7200
G1 X127.488 Y149.95 E-1.13145
G1 X126.939 Y149.401 E-.36855
;WIPE_END
G1 X161.725 Y138.54 F9000
G1 E5 F2400
G1 F7200
G1 X161.175 Y137.409 E.04152
G1 X161.147 Y136.29 E.03696
G1 X147.487 Y149.95 E.63783
G1 X149.95 Y149.95 E.08132
G1 X110.05 Y110.05 E1.86307
G1 X112.513 Y110.05 E.08132
G1 X92.3 Y130.263 E.94382
G1 X92.3 Y129.737 E.01737
G1 X96.413 Y133.85 E.19205
G1 X96.2 Y133.85 E.00703
G1 X120 Y110.05 E1.11131
G1 X117.537 Y110.05 E.08132
G1 X157.437 Y149.95 E1.86307
G1 X154.974 Y149.95 E.08132
G1 X167.7 Y137.224 E.59422
G1 X167.7 Y137.75 E.01737
G1 X166.86 Y136.91 E.03922
G1 X166.86 Y136.377 E.0176
G1 X166.738 Y135.845 E.01802
G1 X166.415 Y135.173 E.02462
G1 X166.065 Y134.739 E.01841
;LAYER_CHANGE
;Z:1.4
;HEIGHT:0.2
;BEFORE_LAYER_CHANGE
G92 E0
;1.4


G1 E-3.5 F3600
;WIPE_START
G1 F7200
G1 X166.415 Y135.173 E-.26483
G1 X166.738 Y135.845 E-.35416
G1 X166.86 Y136.377 E-.25926
G1 X166.86 Y136.91 E-.25317
G1 X167.409 Y137.459 E-.36858
;WIPE_END
G1 Z1.4 F9000
;AFTER_LAYER_CHANGE
;1.4
G1 X166.01 Y135.147
G1 E5 F2400
;TYPE:Perimeter
;WIDTH:0.439999
G1 F3600
G1 X166.145 Y135.317 E.00717
G1 X166.458 Y135.967 E.02382
G1 X166.554 Y136.389 E.01429
G1 X166.554 Y137.111 E.02384
G1 X166.458 Y137.533 E.01429
G1 X166.145 Y138.183 E.02382
G1 X165.875 Y138.522 E.01431
G1 X165.31 Y138.972 E.02385
G1 X164.92 Y139.16 E.01429
G1 X164.216 Y139.32 E.02384
G1 X163.906 Y139.34 E.01026
G1 X163.08 Y139.16 E.02791
G1 X162.775 Y139.033 E.01091
G1 X162.125 Y138.522 E.0273
G1 X161.893 Y138.254 E.0117
G1 X161.542 Y137.533 E.02648
G1 X161.447 Y137.164 E.01258
G1 X161.446 Y136.389 E.02559
G1 X161.471 Y136.168 E.00734
G1 X161.855 Y135.317 E.03083
G1 X162.085 Y135.012 E.01261
G1 X162.69 Y134.528 E.02558
G1 X162.989 Y134.366 E.01123
G1 X163.784 Y134.18 E.02696
G1 X164.05 Y134.157 E.00882
G1 X164.92 Y134.34 E.02935
G1 X165.31 Y134.528 E.01429
G1 X165.875 Y134.978 E.02385
G1 X165.972 Y135.101 E.00517
G1 X165.707 Y135.389 F9000
G1 F3600
G1 X165.787 Y135.489 E.00423
G1 X166.1 Y136.139 E.02382
G1 X166.157 Y136.389 E.00847
G1 X166.157 Y137.111 E.02384
G1 X166.1 Y137.361 E.00847
G1 X165.787 Y138.011 E.02382
G1 X165.627 Y138.211 E.00846
G1 X165.063 Y138.661 E.02382
G1 X164.832 Y138.773 E.00848
G1 X164.128 Y138.933 E.02384
G1 X163.872 Y138.933 E.00845
G1 X163.168 Y138.773 E.02384
G1 X162.937 Y138.661 E.00848
G1 X162.373 Y138.211 E.02382
G1 X162.213 Y138.011 E.00846
G1 X161.9 Y137.361 E.02382
G1 X161.843 Y137.111 E.00847
G1 X161.843 Y136.389 E.02384
G1 X161.858 Y136.258 E.00435
G1 X162.213 Y135.489 E.02797
G1 X162.373 Y135.289 E.00846
G1 X162.941 Y134.836 E.02399
G1 X163.168 Y134.727 E.00831
G1 X163.872 Y134.567 E.02384
G1 X164.128 Y134.567 E.00845
G1 X164.832 Y134.727 E.02384
G1 X165.063 Y134.839 E.00848
G1 X165.627 Y135.289 E.02382
G1 X165.669 Y135.342 E.00223
G1 X165.406 Y135.63 F9000
;TYPE:External perimeter
;WIDTH:0.419999
G1 F3600
G1 X165.751 Y136.307 E.02382
G1 X165.77 Y137.111 E.02522
G1 X165.438 Y137.843 E.0252
G1 X164.821 Y138.359 E.02522
G1 X164.042 Y138.556 E.02519
G1 X163.254 Y138.395 E.02522
G1 X162.614 Y137.909 E.0252
G1 X162.249 Y137.193 E.0252
G1 X162.235 Y136.346 E.02656
G1 X162.562 Y135.657 E.02391
G1 X163.179 Y135.141 E.02522
G1 X163.958 Y134.944 E.02519
G1 X164.746 Y135.105 E.02522
G1 X165.373 Y135.581 E.02468
G1 E-3.5
;WIPE_START
G1 F7200
G1 X165.406 Y135.63 E-.02806
G1 X165.751 Y136.307 E-.36092
G1 X165.77 Y137.111 E-.38201
G1 X165.438 Y137.843 E-.38179
G1 X164.878 Y138.312 E-.34722
;WIPE_END
G1 X104.516 Y136.176 F9000
G1 E5 F2400
;TYPE:Perimeter
;WIDTH:0.439999
G1 F3600
G1 X104.549 Y136.293 E.00401
G1 X104.554 Y137.111 E.02701
G1 X104.487 Y137.467 E.01196
G1 X104.145 Y138.183 E.0262
G1 X103.946 Y138.459 E.01123
G1 X103.31 Y138.972 E.02698
G1 X103.029 Y139.128 E.01061
G1 X102.219 Y139.32 E.02749
G1 X102.002 Y139.344 E.00721
G1 X95.998 Y139.344 E.19824
G1 X95.08 Y139.16 E.03091
G1 X94.69 Y138.972 E.01429
G1 X94.125 Y138.522 E.02385
G1 X93.855 Y138.183 E.01431
G1 X93.542 Y137.533 E.02382
G1 X93.446 Y137.111 E.01429
G1 X93.446 Y136.389 E.02384
G1 X93.542 Y135.967 E.01429
G1 X93.855 Y135.317 E.02382
G1 X94.125 Y134.978 E.01431
G1 X94.69 Y134.528 E.02385
G1 X95.08 Y134.34 E.01429
G1 X95.781 Y134.18 E.02374
G1 X95.998 Y134.156 E.00721
G1 X102.002 Y134.156 E.19824
G1 X102.92 Y134.34 E.03091
G1 X103.269 Y134.497 E.01264
G1 X103.875 Y134.978 E.02555
G1 X104.102 Y135.239 E.01142
G1 X104.458 Y135.967 E.02676
G1 X104.5 Y136.118 E.00517
G1 X104.128 Y136.264 F9000
G1 F3600
G1 X104.157 Y136.389 E.00424
G1 X104.157 Y137.111 E.02384
G1 X104.1 Y137.361 E.00847
G1 X103.787 Y138.011 E.02382
G1 X103.627 Y138.211 E.00846
G1 X103.063 Y138.661 E.02382
G1 X102.832 Y138.773 E.00848
G1 X102.131 Y138.933 E.02374
G1 X102.002 Y138.947 E.00428
G1 X95.998 Y138.947 E.19824
G1 X95.168 Y138.773 E.028
G1 X94.937 Y138.661 E.00848
G1 X94.373 Y138.211 E.02382
G1 X94.213 Y138.011 E.00846
G1 X93.9 Y137.361 E.02382
G1 X93.843 Y137.111 E.00847
G1 X93.843 Y136.389 E.02384
G1 X93.9 Y136.139 E.00847
G1 X94.213 Y135.489 E.02382
G1 X94.373 Y135.289 E.00846
G1 X94.937 Y134.839 E.02382
G1 X95.168 Y134.727 E.00848
G1 X95.869 Y134.567 E.02374
G1 X95.998 Y134.553 E.00428
G1 X102.002 Y134.553 E.19824
G1 X102.832 Y134.727 E.028
G1 X103.063 Y134.839 E.00848
G1 X103.627 Y135.289 E.02382
G1 X103.787 Y135.489 E.00846
G1 X104.1 Y136.139 E.02382
G1 X104.115 Y136.206 E.00227
G1 X103.752 Y136.351 F9000
;TYPE:External perimeter
;WIDTH:0.419999
G1 F3600
G1 X103.77 Y137.111 E.02384
G1 X103.438 Y137.843 E.0252
G1 X102.821 Y138.359 E.02522
G1 X102.044 Y138.555 E.02513
G1 X95.998 Y138.56 E.18957
G1 X95.254 Y138.395 E.02389
G1 X94.614 Y137.909 E.0252
G1 X94.249 Y137.193 E.0252
G1 X94.23 Y136.389 E.02522
G1 X94.562 Y135.657 E.0252
G1 X95.179 Y135.141 E.02522
G1 X95.956 Y134.945 E.02513
G1 X102.002 Y134.94 E.18957
G1 X102.746 Y135.105 E.02389
G1 X103.386 Y135.591 E.0252
G1 X103.744 Y136.293 E.02471
G1 E-3.5
;WIPE_START
G1 F7200
G1 X103.752 Y136.351 E-.02781
G1 X103.77 Y137.111 E-.3611
G1 X103.438 Y137.843 E-.38179
G1 X102.821 Y138.359 E-.38206
G1 X102.113 Y138.538 E-.34724
;WIPE_END
G1 X91.994 Y150.256 F9000
G1 E5 F2400
;TYPE:Perimeter
;WIDTH:0.439999
G1 F7200
G1 X91.994 Y109.744 E1.33759
G1 X168.006 Y109.744 E2.50971
G1 X168.006 Y123.611 E.45785
G1 X168.006 Y150.256 E.87974
G1 X92.054 Y150.256 E2.50773
G1 X91.597 Y150.653 F9000
G1 F7200
G1 X91.597 Y109.347 E1.36381
G1 X168.403 Y109.347 E2.53592
G1 X168.403 Y123.611 E.47096
G1 X168.403 Y150.653 E.89285
G1 X91.657 Y150.653 E2.53394
G1 X91.21 Y151.04 F9000
;TYPE:External perimeter
;WIDTH:0.419999
G1 F3600
G1 X91.21 Y108.96 E1.31939
G1 X168.79 Y108.96 E2.43246
G1 X168.79 Y123.611 E.45937
G1 X168.79 Y151.04 E.86002
G1 X91.27 Y151.04 E2.43058
G1 E-3.5
;WIPE_START
G1 F7200
G1 X91.21 Y151.04 E-.0285
G1 X91.21 Y147.942 E-1.4715
;WIPE_END
G1 X93.935 Y134.739 F9000
G1 E5 F2400
;TYPE:Internal infill
;WIDTH:0.44
G1 F7200
G1 X93.585 Y135.173 E.01841
G1 X93.262 Y135.845 E.02462
G1 X93.14 Y136.377 E.01802
G1 X93.14 Y136.91 E.0176
G1 X92.3 Y137.75 E.03922
G1 X92.3 Y137.224 E.01737
G1 X105.026 Y149.95 E.59422
G1 X102.562 Y149.95 E.08135
G1 X142.463 Y110.05 E1.86309
G1 X140 Y110.05 E.08132
G1 X163.817 Y133.868 E1.11212
G1 X163.501 Y133.936 E.01067
G1 X167.7 Y129.737 E.19607
G1 X167.7 Y130.263 E.01737
G1 X147.487 Y110.05 E.94382
G1 X149.95 Y110.05 E.08132
G1 X110.05 Y149.95 E1.86307
G1 X112.513 Y149.95 E.08132
G1 X102.196 Y139.633 E.48174
G1 X97.888 Y139.65 E.14224
G1 X92.3 Y145.238 E.26092
G1 X92.3 Y144.712 E.01737
G1 X97.538 Y149.95 E.24458
G1 X95.075 Y149.95 E.08132
G1 X134.975 Y110.05 E1.86307
G1 X132.512 Y110.05 E.08132
G1 X167.7 Y145.238 E1.64305
G1 X167.7 Y144.712 E.01737
G1 X162.462 Y149.95 E.24458
G1 X164.925 Y149.95 E.08132
G1 X125.025 Y110.05 E1.86307
G1 X127.488 Y110.05 E.08132
G1 X103.343 Y134.194 E1.12739
G1 X104.215 Y134.878 E.03659
G1 X104.392 Y135.129 E.01014
G1 X104.793 Y136.006 E.03184
G1 E-3.5 F3600
;WIPE_START
G1 F7200
G1 X104.392 Y135.129 E-.45806
G1 X104.215 Y134.878 E-.14589
G1 X103.343 Y134.194 E-.52642
G1 X103.893 Y133.644 E-.36963
;WIPE_END
G1 X115.155 Y149.95 F9000
G1 E5 F2400
G1 F7200
G1 X117.537 Y149.95 E.07865
G1 X157.438 Y110.05 E1.86309
G1 X154.974 Y110.05 E.08135
G1 X167.7 Y122.776 E.59422
G1 X167.7 Y122.25 E.01737
G1 X140 Y149.95 E1.29341
G1 X142.463 Y149.95 E.08132
G1 X102.563 Y110.05 E1.86307
G1 X105.026 Y110.05 E.08132
G1 X92.3 Y122.776 E.59422
G1 X92.3 Y122.25 E.01737
G1 X120 Y149.95 E1.29341
G1 X125.025 Y149.95 E.16591
G1 X164.925 Y110.05 E1.86307
G1 X162.462 Y110.05 E.08132
G1 X167.7 Y115.288 E.24458
G1 X167.7 Y114.762 E.01737
G1 X132.512 Y149.95 E1.64305
G1 X134.975 Y149.95 E.08132
G1 X95.075 Y110.05 E1.86307
G1 X97.538 Y110.05 E.08132
G1 X92.3 Y115.288 E.24458
G1 X92.3 Y114.762 E.01737
G1 X127.488 Y149.95 E1.64305
G1 X129.87 Y149.95 E.07865
G1 E-3.5 F3600
;WIPE_START
G1 F7200
G1 X127.488 Y149.95 E-1.13145
G1 X126.939 Y149.401 E-.36855
;WIPE_END
G1 X161.725 Y138.54 F9000
G1 E5 F2400
G1 F7200
G1 X161.175 Y137.409 E.04152
G1 X161.147 Y136.29 E.03696
G1 X147.487 Y149.95 E.63783
G1 X149.95 Y149.95 E.08132
G1 X110.05 Y110.05 E1.86307
G1 X112.513 Y110.05 E.08132
G1 X92.3 Y130.263 E.94382
G1 X92.3 Y129.737 E.01737
G1 X96.413 Y133.85 E.19205
G1 X96.2 Y133.85 E.00703
G1 X120 Y110.05 E1.11131
G1 X117.537 Y110.05 E.08132
G1 X157.437 Y149.95 E1.86307
G1 X154.974 Y149.95 E.08132
G1 X167.7 Y137.224 E.59422
G1 X167.7 Y137.75 E.01737
G1 X166.86 Y136.91 E.03922
G1 X166.86 Y136.377 E.0176
G1 X166.738 Y135.845 E.01802
G1 X166.415 Y135.173 E.02462
G1 X166.065 Y134.739 E.01841
;LAYER_CHANGE
;Z:1.6
;HEIGHT:0.2
;BEFORE_LAYER_CHANGE
G92 E0
;1.6


G1 E-3.5 F3600
;WIPE_START
G1 F7200
G1 X166.415 Y135.173 E-.26483
G1 X166.738 Y135.845 E-.35416
G1 X166.86 Y136.377 E-.25926
G1 X166.86 Y136.91 E-.25317
G1 X167.409 Y137.459 E-.36858
;WIPE_END
G1 Z1.6 F9000
;AFTER_LAYER_CHANGE
;1.6
G1 X166.01 Y135.147
G1 E5 F2400
;TYPE:Perimeter
;WIDTH:0.439999
G1 F3600
G1 X166.145 Y135.317 E.00717
G1 X166.458 Y135.967 E.02382
G1 X166.554 Y136.389 E.01429
G1 X166.554 Y137.111 E.02384
G1 X166.458 Y137.533 E.01429
G1 X166.145 Y138.183 E.02382
G1 X165.875 Y138.522 E.01431
G1 X165.31 Y138.972 E.02385
G1 X164.92 Y139.16 E.01429
G1 X164.216 Y139.32 E.02384
G1 X163.906 Y139.34 E.01026
G1 X163.08 Y139.16 E.02791
G1 X162.775 Y139.033 E.01091
G1 X162.125 Y138.522 E.0273
G1 X161.893 Y138.254 E.0117
G1 X161.542 Y137.533 E.02648
G1 X161.447 Y137.164 E.01258
G1 X161.446 Y136.389 E.02559
G1 X161.471 Y136.168 E.00734
G1 X161.855 Y135.317 E.03083
G1 X162.085 Y135.012 E.01261
G1 X162.69 Y134.528 E.02558
G1 X162.989 Y134.366 E.01123
G1 X163.784 Y134.18 E.02696
G1 X164.05 Y134.157 E.00882
G1 X164.92 Y134.34 E.02935
G1 X165.31 Y134.528 E.01429
G1 X165.875 Y134.978 E.02385
G1 X165.972 Y135.101 E.00517
G1 X165.707 Y135.389 F9000
G1 F3600
G1 X165.787 Y135.489 E.00423
G1 X166.1 Y136.139 E.02382
G1 X166.157 Y136.389 E.00847
G1 X166.157 Y137.111 E.02384
G1 X166.1 Y137.361 E.00847
G1 X165.787 Y138.011 E.02382
G1 X165.627 Y138.211 E.00846
G1 X165.063 Y138.661 E.02382
G1 X164.832 Y138.773 E.00848
G1 X164.128 Y138.933 E.02384
G1 X163.872 Y138.933 E.00845
G1 X163.168 Y138.773 E.02384
G1 X162.937 Y138.661 E.00848
G1 X162.373 Y138.211 E.02382
G1 X162.213 Y138.011 E.00846
G1 X161.9 Y137.361 E.02382
G1 X161.843 Y137.111 E.00847
G1 X161.843 Y136.389 E.02384
G1 X161.858 Y136.258 E.00435
G1 X162.213 Y135.489 E.02797
G1 X162.373 Y135.289 E.00846
G1 X162.941 Y134.836 E.02399
G1 X163.168 Y134.727 E.00831
G1 X163.872 Y134.567 E.02384
G1 X164.128 Y134.567 E.00845
G1 X164.832 Y134.727 E.02384
G1 X165.063 Y134.839 E.00848
G1 X165.627 Y135.289 E.02382
G1 X165.669 Y135.342 E.00223
G1 X165.406 Y135.63 F9000
;TYPE:External perimeter
;WIDTH:0.419999
G1 F3600
G1 X165.751 Y136.307 E.02382
G1 X165.77 Y137.111 E.02522
G1 X165.438 Y137.843 E.0252
G1 X164.821 Y138.359 E.02522
G1 X164.042 Y138.556 E.02519
G1 X163.254 Y138.395 E.02522
G1 X162.614 Y137.909 E.0252
G1 X162.249 Y137.193 E.0252
G1 X162.235 Y136.346 E.02656
G1 X162.562 Y135.657 E.02391
G1 X163.179 Y135.141 E.02522
G1 X163.958 Y134.944 E.02519
G1 X164.746 Y135.105 E.02522
G1 X165.373 Y135.581 E.02468
G1 E-3.5
;WIPE_START
G1 F7200
G1 X165.406 Y135.63 E-.02806
G1 X165.751 Y136.307 E-.36092
G1 X165.77 Y137.111 E-.38201
G1 X165.438 Y137.843 E-.38179
G1 X164.878 Y138.312 E-.34722
;WIPE_END
G1 X104.516 Y136.176 F9000
G1 E5 F2400
;TYPE:Perimeter
;WIDTH:0.439999
G1 F3600
G1 X104.549 Y136.293 E.00401
G1 X104.554 Y137.111 E.02701
G1 X104.487 Y137.467 E.01196
G1 X104.145 Y138.183 E.0262
G1 X103.946 Y138.459 E.01123
G1 X103.31 Y138.972 E.02698
G1 X103.029 Y139.128 E.01061
G1 X102.219 Y139.32 E.02749
G1 X102.002 Y139.344 E.00721
G1 X95.998 Y139.344 E.19824
G1 X95.08 Y139.16 E.03091
G1 X94.69 Y138.972 E.01429
G1 X94.125 Y138.522 E.02385
G1 X93.855 Y138.183 E.01431
G1 X93.542 Y137.533 E.02382
G1 X93.446 Y137.111 E.01429
G1 X93.446 Y136.389 E.02384
G1 X93.542 Y135.967 E.01429
G1 X93.855 Y135.317 E.02382
G1 X94.125 Y134.978 E.01431
G1 X94.69 Y134.528 E.02385
G1 X95.08 Y134.34 E.01429
G1 X95.781 Y134.18 E.02374
G1 X95.998 Y134.156 E.00721
G1 X102.002 Y134.156 E.19824
G1 X102.92 Y134.34 E.03091
G1 X103.269 Y134.497 E.01264
G1 X103.875 Y134.978 E.02555
G1 X104.102 Y135.239 E.01142
G1 X104.458 Y135.967 E.02676
G1 X104.5 Y136.118 E.00517
G1 X104.128 Y136.264 F9000
G1 F3600
G1 X104.157 Y136.389 E.00424
G1 X104.157 Y137.111 E.02384
G1 X104.1 Y137.361 E.00847
G1 X103.787 Y138.011 E.02382
G1 X103.627 Y138.211 E.00846
G1 X103.063 Y138.661 E.02382
G1 X102.832 Y138.773 E.00848
G1 X102.131 Y138.933 E.02374
G1 X102.002 Y138.947 E.00428
G1 X95.998 Y138.947 E.19824
G1 X95.168 Y138.773 E.028
G1 X94.937 Y138.661 E.00848
G1 X94.373 Y138.211 E.02382
G1 X94.213 Y138.011 E.00846
G1 X93.9 Y137.361 E.02382
G1 X93.843 Y137.111 E.00847
G1 X93.843 Y136.389 E.02384
G1 X93.9 Y136.139 E.00847
G1 X94.213 Y135.489 E.02382
G1 X94.373 Y135.289 E.00846
G1 X94.937 Y134.839 E.02382
G1 X95.168 Y134.727 E.00848
G1 X95.869 Y134.567 E.02374
G1 X95.998 Y134.553 E.00428
G1 X102.002 Y134.553 E.19824
G1 X102.832 Y134.727 E.028
G1 X103.063 Y134.839 E.00848
G1 X103.627 Y135.289 E.02382
G1 X103.787 Y135.489 E.00846
G1 X104.1 Y136.139 E.02382
G1 X104.115 Y136.206 E.00227
G1 X103.752 Y136.351 F9000
;TYPE:External perimeter
;WIDTH:0.419999
G1 F3600
G1 X103.77 Y137.111 E.02384
G1 X103.438 Y137.843 E.0252
G1 X102.821 Y138.359 E.02522
G1 X102.044 Y138.555 E.02513
G1 X95.998 Y138.56 E.18957
G1 X95.254 Y138.395 E.02389
G1 X94.614 Y137.909 E.0252
G1 X94.249 Y137.193 E.0252
G1 X94.23 Y136.389 E.02522
G1 X94.562 Y135.657 E.0252
G1 X95.179 Y135.141 E.02522
G1 X95.956 Y134.945 E.02513
G1 X102.002 Y134.94 E.18957
G1 X102.746 Y135.105 E.02389
G1 X103.386 Y135.591 E.0252
G1 X103.744 Y136.293 E.02471
G1 E-3.5
;WIPE_START
G1 F7200
G1 X103.752 Y136.351 E-.02781
G1 X103.77 Y137.111 E-.3611
G1 X103.438 Y137.843 E-.38179
G1 X102.821 Y138.359 E-.38206
G1 X102.113 Y138.538 E-.34724
;WIPE_END
G1 X91.994 Y150.256 F9000
G1 E5 F2400
;TYPE:Perimeter
;WIDTH:0.439999
G1 F7200
G1 X91.994 Y109.744 E1.33759
G1 X168.006 Y109.744 E2.50971
G1 X168.006 Y123.611 E.45785
G1 X168.006 Y150.256 E.87974
G1 X92.054 Y150.256 E2.50773
G1 X91.597 Y150.653 F9000
G1 F7200
G1 X91.597 Y109.347 E1.36381
G1 X168.403 Y109.347 E2.53592
G1 X168.403 Y123.611 E.47096
G1 X168.403 Y150.653 E.89285
G1 X91.657 Y150.653 E2.53394
G1 X91.21 Y151.04 F9000
;TYPE:External perimeter
;WIDTH:0.419999
G1 F3600
G1 X91.21 Y108.96 E1.31939
G1 X168.79 Y108.96 E2.43246
G1 X168.79 Y123.611 E.45937
G1 X168.79 Y151.04 E.86002
G1 X91.27 Y151.04 E2.43058
G1 E-3.5
;WIPE_START
G1 F7200
G1 X91.21 Y151.04 E-.0285
G1 X91.21 Y147.942 E-1.4715
;WIPE_END
G1 X93.935 Y134.739 F9000
G1 E5 F2400
;TYPE:Internal infill
;WIDTH:0.44
G1 F7200
G1 X93.585 Y135.173 E.01841
G1 X93.262 Y135.845 E.02462
G1 X93.14 Y136.377 E.01802
G1 X93.14 Y136.91 E.0176
G1 X92.3 Y137.75 E.03922
G1 X92.3 Y137.224 E.01737
G1 X105.026 Y149.95 E.59422
G1 X102.562 Y149.95 E.08135
G1 X142.463 Y110.05 E1.86309
G1 X140 Y110.05 E.08132
G1 X163.817 Y133.868 E1.11212
G1 X163.501 Y133.936 E.01067
G1 X167.7 Y129.737 E.19607
G1 X167.7 Y130.263 E.01737
G1 X147.487 Y110.05 E.94382
G1 X149.95 Y110.05 E.08132
G1 X110.05 Y149.95 E1.86307
G1 X112.513 Y149.95 E.08132
G1 X102.196 Y139.633 E.48174
G1 X97.888 Y139.65 E.14224
G1 X92.3 Y145.238 E.26092
G1 X92.3 Y144.712 E.01737
G1 X97.538 Y149.95 E.24458
G1 X95.075 Y149.95 E.08132
G1 X134.975 Y110.05 E1.86307
G1 X132.512 Y110.05 E.08132
G1 X167.7 Y145.238 E1.64305
G1 X167.7 Y144.712 E.01737
G1 X162.462 Y149.95 E.24458
G1 X164.925 Y149.95 E.08132
G1 X125.025 Y110.05 E1.86307
G1 X127.488 Y110.05 E.08132
G1 X103.343 Y134.194 E1.12739
G1 X104.215 Y134.878 E.03659
G1 X104.392 Y135.129 E.01014
G1 X104.793 Y136.006 E.03184
G1 E-3.5 F3600
;WIPE_START
G1 F7200
G1 X104.392 Y135.129 E-.45806
G1 X104.215 Y134.878 E-.14589
G1 X103.343 Y134.194 E-.52642
G1 X103.893 Y133.644 E-.36963
;WIPE_END
G1 X115.155 Y149.95 F9000
G1 E5 F2400
G1 F7200
G1 X117.537 Y149.95 E.07865
G1 X157.438 Y110.05 E1.86309
G1 X154.974 Y110.05 E.08135
G1 X167.7 Y122.776 E.59422
G1 X167.7 Y122.25 E.01737
G1 X140 Y149.95 E1.29341
G1 X142.463 Y149.95 E.08132
G1 X102.563 Y110.05 E1.86307
G1 X105.026 Y110.05 E.08132
G1 X92.3 Y122.776 E.59422
G1 X92.3 Y122.25 E.01737
G1 X120 Y149.95 E1.29341
G1 X125.025 Y149.95 E.16591
G1 X164.925 Y110.05 E1.86307
G1 X162.462 Y110.05 E.08132
G1 X167.7 Y115.288 E.24458
G1 X167.7 Y114.762 E.01737
G1 X132.512 Y149.95 E1.64305
G1 X134.975 Y149.95 E.08132
G1 X95.075 Y110.05 E1.86307
G1 X97.538 Y110.05 E.08132
G1 X92.3 Y115.288 E.24458
G1 X92.3 Y114.762 E.01737
G1 X127.488 Y149.95 E1.64305
G1 X129.87 Y149.95 E.07865
G1 E-3.5 F3600
;WIPE_START
G1 F7200
G1 X127.488 Y149.95 E-1.13145
G1 X126.939 Y149.401 E-.36855
;WIPE_END
G1 X161.725 Y138.54 F9000
G1 E5 F2400
G1 F7200
G1 X161.175 Y137.409 E.04152
G1 X161.147 Y136.29 E.03696
G1 X147.487 Y149.95 E.63783
G1 X149.95 Y149.95 E.08132
G1 X110.05 Y110.05 E1.86307
G1 X112.513 Y110.05 E.08132
G1 X92.3 Y130.263 E.94382
G1 X92.3 Y129.737 E.01737
G1 X96.413 Y133.85 E.19205
G1 X96.2 Y133.85 E.00703
G1 X120 Y110.05 E1.11131
G1 X117.537 Y110.05 E.08132
G1 X157.437 Y149.95 E1.86307
G1 X154.974 Y149.95 E.08132
G1 X167.7 Y137.224 E.59422
G1 X167.7 Y137.75 E.01737
G1 X166.86 Y136.91 E.03922
G1 X166.86 Y136.377 E.0176
G1 X166.738 Y135.845 E.01802
G1 X166.415 Y135.173 E.02462
G1 X166.065 Y134.739 E.01841
;LAYER_CHANGE
;Z:1.8
;HEIGHT:0.2
;BEFORE_LAYER_CHANGE
G92 E0
;1.8


G1 E-3.5 F3600
;WIPE_START
G1 F7200
G1 X166.415 Y135.173 E-.26483
G1 X166.738 Y135.845 E-.35416
G1 X166.86 Y136.377 E-.25926
G1 X166.86 Y136.91 E-.25317
G1 X167.409 Y137.459 E-.36858
;WIPE_END
G1 Z1.8 F9000
;AFTER_LAYER_CHANGE
;1.8
G1 X166.01 Y135.147
G1 E5 F2400
;TYPE:Perimeter
;WIDTH:0.439999
G1 F3600
G1 X166.145 Y135.317 E.00717
G1 X166.458 Y135.967 E.02382
G1 X166.554 Y136.389 E.01429
G1 X166.554 Y137.111 E.02384
G1 X166.458 Y137.533 E.01429
G1 X166.145 Y138.183 E.02382
G1 X165.875 Y138.522 E.01431
G1 X165.31 Y138.972 E.02385
G1 X164.92 Y139.16 E.01429
G1 X164.216 Y139.32 E.02384
G1 X163.906 Y139.34 E.01026
G1 X163.08 Y139.16 E.02791
G1 X162.775 Y139.033 E.01091
G1 X162.125 Y138.522 E.0273
G1 X161.893 Y138.254 E.0117
G1 X161.49 Y137.402 E.03112
G1 X161.446 Y137.111 E.00972
G1 X161.446 Y136.389 E.02384
G1 X161.514 Y136.032 E.012
G1 X161.855 Y135.317 E.02615
G1 X162.085 Y135.012 E.01261
G1 X162.69 Y134.528 E.02558
G1 X162.989 Y134.366 E.01123
G1 X163.784 Y134.18 E.02696
G1 X164.05 Y134.157 E.00882
G1 X164.92 Y134.34 E.02935
G1 X165.31 Y134.528 E.01429
G1 X165.875 Y134.978 E.02385
G1 X165.972 Y135.101 E.00517
G1 X165.707 Y135.389 F9000
G1 F3600
G1 X165.787 Y135.489 E.00423
G1 X166.1 Y136.139 E.02382
G1 X166.157 Y136.389 E.00847
G1 X166.157 Y137.111 E.02384
G1 X166.1 Y137.361 E.00847
G1 X165.787 Y138.011 E.02382
G1 X165.627 Y138.211 E.00846
G1 X165.063 Y138.661 E.02382
G1 X164.832 Y138.773 E.00848
G1 X164.128 Y138.933 E.02384
G1 X163.872 Y138.933 E.00845
G1 X163.168 Y138.773 E.02384
G1 X162.937 Y138.661 E.00848
G1 X162.373 Y138.211 E.02382
G1 X162.213 Y138.011 E.00846
G1 X161.869 Y137.283 E.02658
G1 X161.843 Y136.389 E.02953
G1 X161.9 Y136.139 E.00847
G1 X162.213 Y135.489 E.02382
G1 X162.373 Y135.289 E.00846
G1 X162.941 Y134.836 E.02399
G1 X163.168 Y134.727 E.00831
G1 X163.872 Y134.567 E.02384
G1 X164.128 Y134.567 E.00845
G1 X164.832 Y134.727 E.02384
G1 X165.063 Y134.839 E.00848
G1 X165.627 Y135.289 E.02382
G1 X165.669 Y135.342 E.00223
G1 X165.406 Y135.63 F9000
;TYPE:External perimeter
;WIDTH:0.419999
G1 F3600
G1 X165.751 Y136.307 E.02382
G1 X165.77 Y137.111 E.02522
G1 X165.438 Y137.843 E.0252
G1 X164.821 Y138.359 E.02522
G1 X164.042 Y138.556 E.02519
G1 X163.254 Y138.395 E.02522
G1 X162.614 Y137.909 E.0252
G1 X162.239 Y137.167 E.02607
G1 X162.23 Y136.389 E.0244
G1 X162.562 Y135.657 E.0252
G1 X163.179 Y135.141 E.02522
G1 X163.958 Y134.944 E.02519
G1 X164.746 Y135.105 E.02522
G1 X165.373 Y135.581 E.02468
G1 E-3.5
;WIPE_START
G1 F7200
G1 X165.406 Y135.63 E-.02806
G1 X165.751 Y136.307 E-.36092
G1 X165.77 Y137.111 E-.38201
G1 X165.438 Y137.843 E-.38179
G1 X164.878 Y138.312 E-.34722
;WIPE_END
G1 X104.516 Y136.176 F9000
G1 E5 F2400
;TYPE:Perimeter
;WIDTH:0.439999
G1 F3600
G1 X104.549 Y136.293 E.00401
G1 X104.554 Y137.111 E.02701
G1 X104.487 Y137.467 E.01196
G1 X104.145 Y138.183 E.0262
G1 X103.946 Y138.459 E.01123
G1 X103.31 Y138.972 E.02698
G1 X103.029 Y139.128 E.01061
G1 X102.219 Y139.32 E.02749
G1 X102.002 Y139.344 E.00721
G1 X95.998 Y139.344 E.19824
G1 X95.08 Y139.16 E.03091
G1 X94.69 Y138.972 E.01429
G1 X94.125 Y138.522 E.02385
G1 X93.855 Y138.183 E.01431
G1 X93.542 Y137.533 E.02382
G1 X93.446 Y137.111 E.01429
G1 X93.446 Y136.389 E.02384
G1 X93.542 Y135.967 E.01429
G1 X93.855 Y135.317 E.02382
G1 X94.125 Y134.978 E.01431
G1 X94.69 Y134.528 E.02385
G1 X95.08 Y134.34 E.01429
G1 X95.781 Y134.18 E.02374
G1 X95.998 Y134.156 E.00721
G1 X102.002 Y134.156 E.19824
G1 X102.92 Y134.34 E.03091
G1 X103.269 Y134.497 E.01264
G1 X103.875 Y134.978 E.02555
G1 X104.102 Y135.239 E.01142
G1 X104.458 Y135.967 E.02676
G1 X104.5 Y136.118 E.00517
G1 X104.128 Y136.264 F9000
G1 F3600
G1 X104.157 Y136.389 E.00424
G1 X104.157 Y137.111 E.02384
G1 X104.1 Y137.361 E.00847
G1 X103.787 Y138.011 E.02382
G1 X103.627 Y138.211 E.00846
G1 X103.063 Y138.661 E.02382
G1 X102.832 Y138.773 E.00848
G1 X102.131 Y138.933 E.02374
G1 X102.002 Y138.947 E.00428
G1 X95.998 Y138.947 E.19824
G1 X95.168 Y138.773 E.028
G1 X94.937 Y138.661 E.00848
G1 X94.373 Y138.211 E.02382
G1 X94.213 Y138.011 E.00846
G1 X93.9 Y137.361 E.02382
G1 X93.843 Y137.111 E.00847
G1 X93.843 Y136.389 E.02384
G1 X93.9 Y136.139 E.00847
G1 X94.213 Y135.489 E.02382
G1 X94.373 Y135.289 E.00846
G1 X94.937 Y134.839 E.02382
G1 X95.168 Y134.727 E.00848
G1 X95.869 Y134.567 E.02374
G1 X95.998 Y134.553 E.00428
G1 X102.002 Y134.553 E.19824
G1 X102.832 Y134.727 E.028
G1 X103.063 Y134.839 E.00848
G1 X103.627 Y135.289 E.02382
G1 X103.787 Y135.489 E.00846
G1 X104.1 Y136.139 E.02382
G1 X104.115 Y136.206 E.00227
G1 X103.752 Y136.351 F9000
;TYPE:External perimeter
;WIDTH:0.419999
G1 F3600
G1 X103.77 Y137.111 E.02384
G1 X103.438 Y137.843 E.0252
G1 X102.821 Y138.359 E.02522
G1 X102.044 Y138.555 E.02513
G1 X95.998 Y138.56 E.18957
G1 X95.254 Y138.395 E.02389
G1 X94.614 Y137.909 E.0252
G1 X94.249 Y137.193 E.0252
G1 X94.23 Y136.389 E.02522
G1 X94.562 Y135.657 E.0252
G1 X95.179 Y135.141 E.02522
G1 X95.956 Y134.945 E.02513
G1 X102.002 Y134.94 E.18957
G1 X102.746 Y135.105 E.02389
G1 X103.386 Y135.591 E.0252
G1 X103.744 Y136.293 E.02471
G1 E-3.5
;WIPE_START
G1 F7200
G1 X103.752 Y136.351 E-.02781
G1 X103.77 Y137.111 E-.3611
G1 X103.438 Y137.843 E-.38179
G1 X102.821 Y138.359 E-.38206
G1 X102.113 Y138.538 E-.34724
;WIPE_END
G1 X91.994 Y150.256 F9000
G1 E5 F2400
;TYPE:Perimeter
;WIDTH:0.439999
G1 F7200
G1 X91.994 Y109.744 E1.33759
G1 X168.006 Y109.744 E2.50971
G1 X168.006 Y123.611 E.45785
G1 X168.006 Y150.256 E.87974
G1 X92.054 Y150.256 E2.50773
G1 X91.597 Y150.653 F9000
G1 F7200
G1 X91.597 Y109.347 E1.36381
G1 X168.403 Y109.347 E2.53592
G1 X168.403 Y123.611 E.47096
G1 X168.403 Y150.653 E.89285
G1 X91.657 Y150.653 E2.53394
G1 X91.21 Y151.04 F9000
;TYPE:External perimeter
;WIDTH:0.419999
G1 F3600
G1 X91.21 Y108.96 E1.31939
G1 X168.79 Y108.96 E2.43246
G1 X168.79 Y123.611 E.45937
G1 X168.79 Y151.04 E.86002
G1 X91.27 Y151.04 E2.43058
G1 E-3.5
;WIPE_START
G1 F7200
G1 X91.21 Y151.04 E-.0285
G1 X91.21 Y147.942 E-1.4715
;WIPE_END
G1 X94.403 Y139.619 F9000
G1 E5 F2400
;TYPE:Internal infill
;WIDTH:0.44
G1 F7200
G1 X93.643 Y139.036 E.03163
G1 X93.247 Y138.539 E.02098
G1 X92.905 Y137.829 E.02602
G1 X92.697 Y137.621 E.00971
G1 X92.697 Y137.353 E.00885
G1 X92.757 Y137.293 E.0028
G1 X92.743 Y136.332 E.03173
G1 X92.884 Y135.713 E.02096
G1 X93.225 Y135.005 E.02595
G1 E-3.5 F3600
;WIPE_START
G1 F7200
G1 X92.884 Y135.713 E-.37327
G1 X92.743 Y136.332 E-.30156
G1 X92.757 Y137.293 E-.45652
G1 X92.697 Y137.353 E-.04031
G1 X92.697 Y137.621 E-.1273
G1 X92.905 Y137.829 E-.13972
G1 X92.961 Y137.945 E-.06132
;WIPE_END
G1 X93.148 Y137.107 F9000
G1 E5 F2400
;TYPE:Solid infill
;WIDTH:0.44003
G1 F7200
G1 X93.145 Y136.355 E.02483
G1 X93.271 Y135.825 E.01799
G1 X93.599 Y135.156 E.0246
;WIDTH:0.440132
G1 X93.948 Y134.729 E.01821
;WIDTH:0.440788
G1 X94.725 Y134.149 E.03208
G1 X95.024 Y134.05 E.01042
;WIDTH:0.44003
G1 X96.003 Y133.85 E.03299
G1 X102.109 Y133.857 E.20162
;WIDTH:0.440762
G1 X103.164 Y134.099 E.03581
G1 X103.508 Y134.295 E.0131
;WIDTH:0.441786
G1 X104.214 Y134.878 E.03037
G1 X104.399 Y135.144 E.01075
;WIDTH:0.44003
G1 X104.759 Y135.895 E.0275
G1 X104.85 Y136.389 E.01659
;WIDTH:0.4393
G1 X104.858 Y137.168 E.02568
;WIDTH:0.440028
G1 X104.765 Y137.592 E.01433
G1 X104.378 Y138.394 E.0294
G1 X104.058 Y138.767 E.01623
;WIDTH:0.440688
G1 X103.298 Y139.34 E.03148
G1 X102.978 Y139.46 E.0113
;WIDTH:0.440106
G1 X101.998 Y139.65 E.03297
G1 X96.003 Y139.65 E.19799
G1 X95.706 Y139.604 E.00993
;WIDTH:0.440644
G1 X94.795 Y139.384 E.03099
G1 X94.495 Y139.207 E.01152
;WIDTH:0.44003
G1 X93.911 Y138.736 E.02477
G1 X93.576 Y138.307 E.01797
G1 X93.27 Y137.671 E.0233
G1 X93.162 Y137.305 E.0126
G1 E-3.5 F3600
;WIPE_START
G1 F7200
G1 X93.27 Y137.671 E-.18126
G1 X93.576 Y138.307 E-.33525
G1 X93.911 Y138.736 E-.25854
G1 X94.495 Y139.207 E-.35638
G1 X94.795 Y139.384 E-.16545
G1 X95.211 Y139.485 E-.20312
;WIPE_END
G1 X103.633 Y133.905 F9000
G1 E5 F2400
;TYPE:Internal infill
;WIDTH:0.44
G1 F7200
G1 X127.091 Y110.447 E1.09534
G1 X125.422 Y110.447 E.05511
G1 X164.528 Y149.553 E1.826
G1 X162.859 Y149.553 E.05511
G1 X167.303 Y145.109 E.20751
G1 X167.303 Y144.841 E.00885
G1 X132.909 Y110.447 E1.60598
G1 X134.578 Y110.447 E.05511
G1 X95.472 Y149.553 E1.826
G1 X97.141 Y149.553 E.05511
G1 X92.697 Y145.109 E.20751
G1 X92.697 Y144.841 E.00885
G1 X97.491 Y140.047 E.22385
G1 X95.969 Y140.047 E.05025
G1 X94.92 Y139.844 E.03528
G1 X104.629 Y149.553 E.45335
G1 X102.96 Y149.553 E.05511
G1 X142.066 Y110.447 E1.826
G1 X140.397 Y110.447 E.05511
G1 X163.483 Y133.534 E1.07799
G1 X163.981 Y133.456 E.01664
G1 X167.303 Y130.134 E.15512
G1 X167.303 Y129.866 E.00885
G1 X147.884 Y110.447 E.90674
G1 X149.553 Y110.447 E.05511
G1 X110.447 Y149.553 E1.826
G1 X112.116 Y149.553 E.05511
G1 X102.531 Y139.968 E.44756
G1 X103.44 Y139.72 E.03111
G1 X104.561 Y138.826 E.04734
G1 E-3.5 F3600
;WIPE_START
G1 F7200
G1 X103.44 Y139.72 E-.68107
G1 X102.531 Y139.968 E-.44756
G1 X103.084 Y140.521 E-.37137
;WIPE_END
G1 X115.552 Y149.553 F9000
G1 E5 F2400
G1 F7200
G1 X117.934 Y149.553 E.07865
G1 X157.04 Y110.447 E1.826
G1 X155.371 Y110.447 E.05511
G1 X167.303 Y122.379 E.55715
G1 X167.303 Y122.647 E.00885
G1 X140.397 Y149.553 E1.25634
G1 X142.066 Y149.553 E.05511
G1 X102.96 Y110.447 E1.826
G1 X104.629 Y110.447 E.05511
G1 X92.697 Y122.379 E.55715
G1 X92.697 Y122.647 E.00885
G1 X119.603 Y149.553 E1.25634
G1 X125.422 Y149.553 E.19213
G1 X164.528 Y110.447 E1.826
G1 X162.859 Y110.447 E.05511
G1 X167.303 Y114.891 E.20751
G1 X167.303 Y115.159 E.00885
G1 X132.909 Y149.553 E1.60598
G1 X134.578 Y149.553 E.05511
G1 X95.472 Y110.447 E1.826
G1 X97.141 Y110.447 E.05511
G1 X92.697 Y114.891 E.20751
G1 X92.697 Y115.159 E.00885
G1 X127.091 Y149.553 E1.60598
G1 X129.473 Y149.553 E.07865
G1 E-3.5 F3600
;WIPE_START
G1 F7200
G1 X127.091 Y149.553 E-1.13145
G1 X126.542 Y149.004 E-.36855
;WIPE_END
G1 X161.142 Y136.337 F9000
G1 E5 F2400
;TYPE:Solid infill
;WIDTH:0.44012
G1 F7200
G1 X161.253 Y135.864 E.01605
;WIDTH:0.440814
G1 X161.721 Y134.963 E.03359
G1 X161.949 Y134.742 E.01051
;WIDTH:0.44063
G1 X162.672 Y134.176 E.03036
G1 X163.019 Y134.041 E.01231
;WIDTH:0.44003
G1 X163.856 Y133.859 E.02828
G1 X164.293 Y133.884 E.01445
;WIDTH:0.440644
G1 X165.205 Y134.116 E.03112
G1 X165.505 Y134.293 E.01152
;WIDTH:0.441278
G1 X166.089 Y134.764 E.02485
;WIDTH:0.440026
G1 X166.424 Y135.193 E.01797
G1 X166.743 Y135.867 E.02462
G1 X166.86 Y136.403 E.01812
;WIDTH:0.440496
G1 X166.844 Y137.299 E.02963
G1 X166.73 Y137.671 E.01286
;WIDTH:0.440028
G1 X166.401 Y138.344 E.02474
;WIDTH:0.440134
G1 X166.052 Y138.771 E.01821
;WIDTH:0.440786
G1 X165.275 Y139.351 E.03208
G1 X164.978 Y139.449 E.01035
;WIDTH:0.440494
G1 X164.099 Y139.644 E.02976
G1 X163.708 Y139.617 E.01296
;WIDTH:0.440028
G1 X162.89 Y139.422 E.02777
G1 X162.591 Y139.276 E.01099
;WIDTH:0.44071
G1 X161.786 Y138.617 E.03441
G1 X161.577 Y138.31 E.01228
;WIDTH:0.44003
G1 X161.235 Y137.591 E.02629
G1 X161.142 Y137.168 E.0143
G1 X161.142 Y136.536 E.02087
G1 E-3.5 F3600
;WIPE_START
G1 F7200
G1 X161.142 Y137.168 E-.3002
G1 X161.235 Y137.591 E-.20572
G1 X161.577 Y138.31 E-.37819
G1 X161.786 Y138.617 E-.17641
G1 X162.502 Y139.203 E-.43948
;WIPE_END
G1 X161.582 Y134.529 F9000
G1 E5 F2400
;TYPE:Internal infill
;WIDTH:0.44
G1 F7200
G1 X161.235 Y134.985 E.01892
G1 X160.879 Y135.727 E.02717
G1 X160.745 Y136.289 E.01908
G1 X160.745 Y136.692 E.01331
G1 X147.884 Y149.553 E.60053
G1 X149.553 Y149.553 E.05511
G1 X110.447 Y110.447 E1.826
G1 X112.116 Y110.447 E.05511
G1 X92.697 Y129.866 E.90674
G1 X92.697 Y130.134 E.00885
G1 X96.016 Y133.453 E.15498
G1 X96.597 Y133.453 E.01918
G1 X119.603 Y110.447 E1.07423
G1 X117.934 Y110.447 E.05511
G1 X157.04 Y149.553 E1.826
G1 X155.371 Y149.553 E.05511
G1 X165.08 Y139.844 E.45335
G1 X165.412 Y139.734 E.01155
G1 X165.725 Y139.54 E.01216
G1 X166.357 Y139.036 E.02669
G1 X166.753 Y138.539 E.02098
G1 X167.095 Y137.829 E.02602
G1 X167.303 Y137.621 E.00971
G1 X167.303 Y137.353 E.00885
G1 X167.243 Y137.293 E.0028
G1 X167.257 Y136.332 E.03173
G1 X167.116 Y135.713 E.02096
G1 X166.775 Y135.005 E.02595
G1 E-3.5 F3600
;WIPE_START
G1 F7200
G1 X167.116 Y135.713 E-.37327
G1 X167.257 Y136.332 E-.30156
G1 X167.243 Y137.293 E-.45652
G1 X167.303 Y137.353 E-.04031
G1 X167.303 Y137.621 E-.1273
G1 X167.095 Y137.829 E-.13972
G1 X167.039 Y137.945 E-.06132
;WIPE_END
G1 X92.3 Y110.248 F9000
G1 E5 F2400
;TYPE:Solid infill
;WIDTH:0.474096
G1 F7200
G1 X92.317 Y110.166 E.003
;WIDTH:0.508162
G1 X92.334 Y110.084 E.00324
G1 X92.416 Y110.067 E.00324
;WIDTH:0.474097
G1 X92.498 Y110.05 E.003
;WIDTH:0.440032
G1 X167.502 Y110.05 E2.47663
;WIDTH:0.474096
G1 X167.584 Y110.067 E.003
;WIDTH:0.508164
G1 X167.666 Y110.084 E.00324
G1 X167.682 Y110.149 E.00259
;WIDTH:0.475602
G1 X167.699 Y110.214 E.00242
;WIDTH:0.44304
G1 X167.7 Y110.248 E.00113
;WIDTH:0.440028
G1 X167.7 Y149.752 E1.30441
;WIDTH:0.474094
G1 X167.683 Y149.834 E.003
;WIDTH:0.50816
G1 X167.666 Y149.916 E.00324
G1 X167.584 Y149.933 E.00324
;WIDTH:0.474094
G1 X167.502 Y149.95 E.003
;WIDTH:0.440028
G1 X92.498 Y149.95 E2.47661
;WIDTH:0.474095
G1 X92.416 Y149.933 E.003
;WIDTH:0.508162
G1 X92.334 Y149.916 E.00324
G1 X92.317 Y149.834 E.00324
;WIDTH:0.474095
G1 X92.3 Y149.752 E.003
;WIDTH:0.44003
G1 X92.3 Y110.447 E1.29784
;LAYER_CHANGE
;Z:2
;HEIGHT:0.2
;BEFORE_LAYER_CHANGE
G92 E0
;2


G1 E-3.5 F3600
;WIPE_START
G1 F7200
G1 X92.3 Y113.605 E-1.5
;WIPE_END
G1 Z2 F9000
;AFTER_LAYER_CHANGE
;2
G1 X161.471 Y136.175
G1 E5 F2400
;TYPE:Perimeter
;WIDTH:0.439999
G1 F3600
G1 X161.471 Y136.168 E.00023
G1 X161.855 Y135.317 E.03083
G1 X162.085 Y135.012 E.01261
G1 X162.69 Y134.528 E.02558
G1 X162.989 Y134.366 E.01123
G1 X163.784 Y134.18 E.02696
G1 X164.05 Y134.157 E.00882
G1 X164.92 Y134.34 E.02935
G1 X165.31 Y134.528 E.01429
G1 X165.875 Y134.978 E.02385
G1 X166.145 Y135.317 E.01431
G1 X166.458 Y135.967 E.02382
G1 X166.554 Y136.389 E.01429
G1 X166.554 Y137.111 E.02384
G1 X166.458 Y137.533 E.01429
G1 X166.145 Y138.183 E.02382
G1 X165.875 Y138.522 E.01431
G1 X165.31 Y138.972 E.02385
G1 X164.92 Y139.16 E.01429
G1 X164.216 Y139.32 E.02384
G1 X163.906 Y139.34 E.01026
G1 X163.08 Y139.16 E.02791
G1 X162.775 Y139.033 E.01091
G1 X162.125 Y138.522 E.0273
G1 X161.893 Y138.254 E.0117
G1 X161.542 Y137.533 E.02648
G1 X161.447 Y137.164 E.01258
G1 X161.446 Y136.389 E.02559
G1 X161.464 Y136.234 E.00515
G1 X161.858 Y136.262 F9000
G1 F3600
G1 X161.858 Y136.258 E.00013
G1 X162.213 Y135.489 E.02797
G1 X162.373 Y135.289 E.00846
G1 X162.941 Y134.836 E.02399
G1 X163.168 Y134.727 E.00831
G1 X163.872 Y134.567 E.02384
G1 X164.128 Y134.567 E.00845
G1 X164.832 Y134.727 E.02384
G1 X165.063 Y134.839 E.00848
G1 X165.627 Y135.289 E.02382
G1 X165.787 Y135.489 E.00846
G1 X166.1 Y136.139 E.02382
G1 X166.157 Y136.389 E.00847
G1 X166.157 Y137.111 E.02384
G1 X166.1 Y137.361 E.00847
G1 X165.787 Y138.011 E.02382
G1 X165.627 Y138.211 E.00846
G1 X165.063 Y138.661 E.02382
G1 X164.832 Y138.773 E.00848
G1 X164.128 Y138.933 E.02384
G1 X163.872 Y138.933 E.00845
G1 X163.168 Y138.773 E.02384
G1 X162.937 Y138.661 E.00848
G1 X162.373 Y138.211 E.02382
G1 X162.213 Y138.011 E.00846
G1 X161.9 Y137.361 E.02382
G1 X161.843 Y137.111 E.00847
G1 X161.843 Y136.389 E.02384
G1 X161.851 Y136.322 E.00223
G1 X162.235 Y136.346 F9000
;TYPE:External perimeter
;WIDTH:0.419999
G1 F3600
G1 X162.562 Y135.657 E.02391
G1 X163.179 Y135.141 E.02522
G1 X163.958 Y134.944 E.02519
G1 X164.746 Y135.105 E.02522
G1 X165.386 Y135.591 E.0252
G1 X165.751 Y136.307 E.0252
G1 X165.77 Y137.111 E.02522
G1 X165.438 Y137.843 E.0252
G1 X164.821 Y138.359 E.02522
G1 X164.042 Y138.556 E.02519
G1 X163.254 Y138.395 E.02522
G1 X162.614 Y137.909 E.0252
G1 X162.249 Y137.193 E.0252
G1 X162.236 Y136.406 E.02468
G1 E-3.5
;WIPE_START
G1 F7200
G1 X162.235 Y136.346 E-.0285
G1 X162.562 Y135.657 E-.36226
G1 X163.179 Y135.141 E-.38206
G1 X163.958 Y134.944 E-.38167
G1 X164.67 Y135.089 E-.34551
;WIPE_END
G1 X104.516 Y136.176 F9000
G1 E5 F2400
;TYPE:Perimeter
;WIDTH:0.439999
G1 F3600
G1 X104.549 Y136.293 E.00401
G1 X104.554 Y137.111 E.02701
G1 X104.487 Y137.467 E.01196
G1 X104.145 Y138.183 E.0262
G1 X103.946 Y138.459 E.01123
G1 X103.31 Y138.972 E.02698
G1 X103.029 Y139.128 E.01061
G1 X102.219 Y139.32 E.02749
G1 X102.002 Y139.344 E.00721
G1 X95.998 Y139.344 E.19824
G1 X95.08 Y139.16 E.03091
G1 X94.69 Y138.972 E.01429
G1 X94.125 Y138.522 E.02385
G1 X93.855 Y138.183 E.01431
G1 X93.542 Y137.533 E.02382
G1 X93.446 Y137.111 E.01429
G1 X93.446 Y136.389 E.02384
G1 X93.542 Y135.967 E.01429
G1 X93.855 Y135.317 E.02382
G1 X94.125 Y134.978 E.01431
G1 X94.69 Y134.528 E.02385
G1 X95.08 Y134.34 E.01429
G1 X95.781 Y134.18 E.02374
G1 X95.998 Y134.156 E.00721
G1 X102.002 Y134.156 E.19824
G1 X102.92 Y134.34 E.03091
G1 X103.269 Y134.497 E.01264
G1 X103.875 Y134.978 E.02555
G1 X104.102 Y135.239 E.01142
G1 X104.458 Y135.967 E.02676
G1 X104.5 Y136.118 E.00517
G1 X104.128 Y136.264 F9000
G1 F3600
G1 X104.157 Y136.389 E.00424
G1 X104.157 Y137.111 E.02384
G1 X104.1 Y137.361 E.00847
G1 X103.787 Y138.011 E.02382
G1 X103.627 Y138.211 E.00846
G1 X103.063 Y138.661 E.02382
G1 X102.832 Y138.773 E.00848
G1 X102.131 Y138.933 E.02374
G1 X102.002 Y138.947 E.00428
G1 X95.998 Y138.947 E.19824
G1 X95.168 Y138.773 E.028
G1 X94.937 Y138.661 E.00848
G1 X94.373 Y138.211 E.02382
G1 X94.213 Y138.011 E.00846
G1 X93.9 Y137.361 E.02382
G1 X93.843 Y137.111 E.00847
G1 X93.843 Y136.389 E.02384
G1 X93.9 Y136.139 E.00847
G1 X94.213 Y135.489 E.02382
G1 X94.373 Y135.289 E.00846
G1 X94.937 Y134.839 E.02382
G1 X95.168 Y134.727 E.00848
G1 X95.869 Y134.567 E.02374
G1 X95.998 Y134.553 E.00428
G1 X102.002 Y134.553 E.19824
G1 X102.832 Y134.727 E.028
G1 X103.063 Y134.839 E.00848
G1 X103.627 Y135.289 E.02382
G1 X103.787 Y135.489 E.00846
G1 X104.1 Y136.139 E.02382
G1 X104.115 Y136.206 E.00227
G1 X103.752 Y136.351 F9000
;TYPE:External perimeter
;WIDTH:0.419999
G1 F3600
G1 X103.77 Y137.111 E.02384
G1 X103.438 Y137.843 E.0252
G1 X102.821 Y138.359 E.02522
G1 X102.044 Y138.555 E.02513
G1 X95.998 Y138.56 E.18957
G1 X95.254 Y138.395 E.02389
G1 X94.614 Y137.909 E.0252
G1 X94.249 Y137.193 E.0252
G1 X94.23 Y136.389 E.02522
G1 X94.562 Y135.657 E.0252
G1 X95.179 Y135.141 E.02522
G1 X95.956 Y134.945 E.02513
G1 X102.002 Y134.94 E.18957
G1 X102.746 Y135.105 E.02389
G1 X103.386 Y135.591 E.0252
G1 X103.744 Y136.293 E.02471
G1 E-3.5
;WIPE_START
G1 F7200
G1 X103.752 Y136.351 E-.02781
G1 X103.77 Y137.111 E-.3611
G1 X103.438 Y137.843 E-.38179
G1 X102.821 Y138.359 E-.38206
G1 X102.113 Y138.538 E-.34724
;WIPE_END
G1 X91.994 Y150.256 F9000
G1 E5 F2400
;TYPE:Perimeter
;WIDTH:0.439999
G1 F7200
G1 X91.994 Y109.744 E1.33759
G1 X168.006 Y109.744 E2.50971
G1 X168.006 Y123.611 E.45785
G1 X168.006 Y150.256 E.87974
G1 X92.054 Y150.256 E2.50773
G1 X91.597 Y150.653 F9000
G1 F7200
G1 X91.597 Y109.347 E1.36381
G1 X168.403 Y109.347 E2.53592
G1 X168.403 Y123.611 E.47096
G1 X168.403 Y150.653 E.89285
G1 X91.657 Y150.653 E2.53394
G1 X91.21 Y151.04 F9000
;TYPE:External perimeter
;WIDTH:0.419999
G1 F3600
G1 X91.21 Y108.96 E1.31939
G1 X168.79 Y108.96 E2.43246
G1 X168.79 Y123.611 E.45937
G1 X168.79 Y151.04 E.86002
G1 X91.27 Y151.04 E2.43058
G1 X93.016 Y150.127 F9000
M204 S250
;TYPE:Bridge infill
;WIDTH:0.39135
;HEIGHT:0.389872
G1 F3000
G1 X92.321 Y149.432 E.04915
G1 X92.321 Y148.808 E.03121
G1 X93.442 Y149.929 E.07928
G1 X94.066 Y149.929 E.03121
G1 X92.321 Y148.184 E.12341
G1 X92.321 Y147.56 E.03121
G1 X94.69 Y149.929 E.16755
G1 X95.314 Y149.929 E.03121
G1 X92.321 Y146.936 E.21168
G1 X92.321 Y146.311 E.03126
G1 X95.939 Y149.929 E.25588
G1 X96.563 Y149.929 E.03121
G1 X92.321 Y145.687 E.30001
G1 X92.321 Y145.063 E.03121
G1 X97.187 Y149.929 E.34415
G1 X97.811 Y149.929 E.03121
G1 X92.321 Y144.439 E.38828
G1 X92.321 Y143.815 E.03121
G1 X98.435 Y149.929 E.43241
G1 X99.059 Y149.929 E.03121
G1 X92.321 Y143.191 E.47654
G1 X92.321 Y142.566 E.03126
G1 X99.684 Y149.929 E.52074
G1 X100.308 Y149.929 E.03121
G1 X92.321 Y141.942 E.56488
G1 X92.321 Y141.318 E.03121
G1 X100.932 Y149.929 E.60901
G1 X101.556 Y149.929 E.03121
G1 X92.321 Y140.694 E.65314
G1 X92.321 Y140.07 E.03121
G1 X102.18 Y149.929 E.69727
G1 X102.804 Y149.929 E.03121
G1 X92.321 Y139.446 E.7414
G1 X92.321 Y138.821 E.03126
G1 X103.429 Y149.929 E.78561
G1 X104.053 Y149.929 E.03121
G1 X92.321 Y138.197 E.82974
G1 X92.321 Y137.573 E.03121
G1 X104.677 Y149.929 E.87387
G1 X105.301 Y149.929 E.03121
G1 X92.321 Y136.949 E.918
G1 X92.321 Y136.325 E.03121
G1 X93.119 Y137.123 E.05644
G1 X93.119 Y136.498 E.03126
G1 X92.321 Y135.701 E.0564
G1 X92.321 Y135.076 E.03126
G1 X93.212 Y135.967 E.06302
G1 X93.241 Y135.838 E.00661
G1 X93.393 Y135.524 E.01745
G1 X92.321 Y134.452 E.07582
G1 X92.321 Y133.828 E.03121
G1 X93.606 Y135.113 E.09088
G1 X93.883 Y134.766 E.0222
G1 X92.321 Y133.204 E.11047
G1 X92.321 Y132.58 E.03121
G1 X94.223 Y134.482 E.13452
G1 X94.579 Y134.214 E.02228
G1 X92.321 Y131.956 E.1597
G1 X92.321 Y131.332 E.03121
G1 X95.01 Y134.021 E.19018
G1 X95.519 Y133.905 E.02611
G1 X92.321 Y130.707 E.22618
G1 X92.321 Y130.083 E.03121
G1 X96.067 Y133.829 E.26493
G1 X96.691 Y133.829 E.03121
G1 X92.321 Y129.459 E.30907
G1 X92.321 Y128.835 E.03121
G1 X97.316 Y133.829 E.35323
G1 X97.94 Y133.829 E.03121
G1 X92.321 Y128.211 E.39737
G1 X92.321 Y127.587 E.03121
G1 X98.564 Y133.83 E.44153
G1 X99.189 Y133.83 E.03126
G1 X92.321 Y126.962 E.48574
G1 X92.321 Y126.338 E.03121
G1 X99.813 Y133.83 E.52987
G1 X100.438 Y133.83 E.03126
G1 X92.321 Y125.714 E.57403
G1 X92.321 Y125.09 E.03121
G1 X101.062 Y133.831 E.6182
G1 X101.686 Y133.831 E.03121
G1 X92.321 Y124.466 E.66233
G1 X92.321 Y123.842 E.03121
G1 X102.626 Y134.146 E.72878
M204 S500
G1 E-3.5 F3600
;WIPE_START
G1 F7200
G1 X100.393 Y131.913 E-1.5
;WIPE_END
G1 X95.35 Y139.354 F9000
G1 E5 F2400
M204 S250
G1 F3000
G1 X105.925 Y149.929 E.74791
G1 X106.549 Y149.929 E.03121
G1 X96.292 Y139.671 E.72546
G1 X96.916 Y139.671 E.03121
G1 X107.173 Y149.929 E.72546
G1 X107.798 Y149.929 E.03126
G1 X97.54 Y139.671 E.72549
G1 X98.164 Y139.671 E.03121
G1 X108.422 Y149.929 E.72549
G1 X109.046 Y149.929 E.03121
G1 X98.789 Y139.671 E.72546
G1 X99.413 Y139.671 E.03121
G1 X109.67 Y149.929 E.72546
G1 X110.294 Y149.929 E.03121
G1 X100.037 Y139.671 E.72546
G1 X100.661 Y139.671 E.03121
G1 X110.918 Y149.929 E.72546
G1 X111.543 Y149.929 E.03126
G1 X101.285 Y139.671 E.72549
G1 X101.909 Y139.671 E.03121
G1 X112.167 Y149.929 E.72549
G1 X112.791 Y149.929 E.03121
G1 X102.461 Y139.599 E.73058
G1 X102.97 Y139.484 E.0261
G1 X113.415 Y149.929 E.73872
G1 X114.039 Y149.929 E.03121
G1 X103.407 Y139.296 E.75198
G1 X103.764 Y139.029 E.02229
G1 X114.663 Y149.929 E.77086
G1 X115.288 Y149.929 E.03126
G1 X104.108 Y138.75 E.79066
G1 X104.257 Y138.606 E.01036
G1 X104.394 Y138.411 E.01192
G1 X115.912 Y149.929 E.8146
G1 X116.536 Y149.929 E.03121
G1 X104.597 Y137.99 E.84438
G1 X104.798 Y137.566 E.02347
G1 X117.16 Y149.929 E.87433
G1 X117.784 Y149.929 E.03121
G1 X104.88 Y137.024 E.91266
G1 X104.881 Y136.401 E.03116
G1 X118.408 Y149.929 E.95672
G1 X119.033 Y149.929 E.03126
G1 X92.321 Y123.217 E1.88919
G1 X92.321 Y122.593 E.03121
G1 X119.657 Y149.929 E1.93332
G1 X120.281 Y149.929 E.03121
G1 X92.321 Y121.969 E1.97746
G1 X92.321 Y121.345 E.03121
G1 X120.905 Y149.929 E2.02159
G1 X121.529 Y149.929 E.03121
G1 X92.321 Y120.721 E2.06572
G1 X92.321 Y120.097 E.03121
G1 X122.153 Y149.929 E2.10985
G1 X122.778 Y149.929 E.03126
G1 X92.321 Y119.472 E2.15405
G1 X92.321 Y118.848 E.03121
G1 X123.402 Y149.929 E2.19819
G1 X124.026 Y149.929 E.03121
G1 X92.321 Y118.224 E2.24232
G1 X92.321 Y117.6 E.03121
G1 X124.65 Y149.929 E2.28645
G1 X125.274 Y149.929 E.03121
G1 X92.321 Y116.976 E2.33058
G1 X92.321 Y116.352 E.03121
G1 X125.898 Y149.929 E2.37471
G1 X126.523 Y149.929 E.03126
G1 X92.321 Y115.727 E2.41892
G1 X92.321 Y115.103 E.03121
G1 X127.147 Y149.929 E2.46305
G1 X127.771 Y149.929 E.03121
G1 X92.321 Y114.479 E2.50718
G1 X92.321 Y113.855 E.03121
G1 X128.395 Y149.929 E2.55131
G1 X129.019 Y149.929 E.03121
G1 X92.321 Y113.231 E2.59545
G1 X92.321 Y112.607 E.03121
G1 X129.643 Y149.929 E2.63958
G1 X130.268 Y149.929 E.03126
G1 X92.321 Y111.982 E2.68378
G1 X92.321 Y111.358 E.03121
G1 X130.892 Y149.929 E2.72791
G1 X131.516 Y149.929 E.03121
G1 X92.321 Y110.734 E2.77204
G1 X92.321 Y110.11 E.03121
G1 X132.14 Y149.929 E2.81618
G1 X132.764 Y149.929 E.03121
G1 X92.907 Y110.071 E2.8189
G1 X93.531 Y110.071 E.03121
G1 X133.388 Y149.929 E2.8189
G1 X134.013 Y149.929 E.03126
G1 X94.155 Y110.071 E2.81894
G1 X94.779 Y110.071 E.03121
G1 X134.637 Y149.929 E2.81894
G1 X135.261 Y149.929 E.03121
G1 X95.403 Y110.071 E2.81894
G1 X96.028 Y110.071 E.03126
G1 X135.885 Y149.929 E2.8189
G1 X136.509 Y149.929 E.03121
G1 X96.652 Y110.071 E2.8189
G1 X97.276 Y110.071 E.03121
G1 X137.133 Y149.929 E2.8189
G1 X137.757 Y149.929 E.03121
G1 X97.9 Y110.071 E2.8189
G1 X98.524 Y110.071 E.03121
G1 X138.382 Y149.929 E2.81894
G1 X139.006 Y149.929 E.03121
G1 X99.148 Y110.071 E2.81894
G1 X99.773 Y110.071 E.03126
G1 X139.63 Y149.929 E2.8189
G1 X140.254 Y149.929 E.03121
G1 X100.397 Y110.071 E2.8189
G1 X101.021 Y110.071 E.03121
G1 X140.878 Y149.929 E2.8189
G1 X141.502 Y149.929 E.03121
G1 X101.645 Y110.071 E2.8189
G1 X102.269 Y110.071 E.03121
G1 X142.127 Y149.929 E2.81894
G1 X142.751 Y149.929 E.03121
G1 X102.893 Y110.071 E2.81894
G1 X103.518 Y110.071 E.03126
G1 X143.375 Y149.929 E2.8189
G1 X143.999 Y149.929 E.03121
G1 X104.142 Y110.071 E2.8189
G1 X104.766 Y110.071 E.03121
G1 X144.623 Y149.929 E2.8189
G1 X145.247 Y149.929 E.03121
G1 X105.39 Y110.071 E2.8189
G1 X106.014 Y110.071 E.03121
G1 X145.872 Y149.929 E2.81894
G1 X146.496 Y149.929 E.03121
G1 X106.638 Y110.071 E2.81894
G1 X107.263 Y110.071 E.03126
G1 X147.12 Y149.929 E2.8189
G1 X147.744 Y149.929 E.03121
G1 X107.887 Y110.071 E2.8189
G1 X108.511 Y110.071 E.03121
G1 X148.368 Y149.929 E2.8189
G1 X148.992 Y149.929 E.03121
G1 X109.135 Y110.071 E2.8189
G1 X109.759 Y110.071 E.03121
G1 X149.617 Y149.929 E2.81894
G1 X150.241 Y149.929 E.03121
G1 X110.383 Y110.071 E2.81894
G1 X111.008 Y110.071 E.03126
G1 X150.865 Y149.929 E2.8189
G1 X151.489 Y149.929 E.03121
G1 X111.632 Y110.071 E2.8189
G1 X112.256 Y110.071 E.03121
G1 X152.113 Y149.929 E2.8189
G1 X152.737 Y149.929 E.03121
G1 X112.88 Y110.071 E2.8189
G1 X113.504 Y110.071 E.03121
G1 X153.362 Y149.929 E2.81894
G1 X153.986 Y149.929 E.03121
G1 X114.128 Y110.071 E2.81894
G1 X114.753 Y110.071 E.03126
G1 X154.61 Y149.929 E2.8189
G1 X155.234 Y149.929 E.03121
G1 X115.377 Y110.071 E2.8189
G1 X116.001 Y110.071 E.03121
G1 X155.858 Y149.929 E2.8189
G1 X156.482 Y149.929 E.03121
G1 X116.625 Y110.071 E2.8189
G1 X117.249 Y110.071 E.03121
G1 X157.107 Y149.929 E2.81894
G1 X157.731 Y149.929 E.03121
G1 X117.873 Y110.071 E2.81894
G1 X118.497 Y110.071 E.03121
G1 X158.355 Y149.929 E2.81894
G1 X158.979 Y149.929 E.03121
G1 X119.122 Y110.071 E2.8189
G1 X119.746 Y110.071 E.03121
G1 X159.603 Y149.929 E2.8189
G1 X160.227 Y149.929 E.03121
G1 X120.37 Y110.071 E2.8189
G1 X120.994 Y110.071 E.03121
G1 X160.852 Y149.929 E2.81894
G1 X161.476 Y149.929 E.03121
G1 X121.618 Y110.071 E2.81894
G1 X122.242 Y110.071 E.03121
G1 X162.1 Y149.929 E2.81894
G1 X162.724 Y149.929 E.03121
G1 X122.867 Y110.071 E2.8189
G1 X123.491 Y110.071 E.03121
G1 X163.348 Y149.929 E2.8189
G1 X163.972 Y149.929 E.03121
G1 X124.115 Y110.071 E2.8189
G1 X124.739 Y110.071 E.03121
G1 X164.596 Y149.929 E2.8189
G1 X165.221 Y149.929 E.03126
G1 X125.363 Y110.071 E2.81894
G1 X125.987 Y110.071 E.03121
G1 X165.845 Y149.929 E2.81894
G1 X166.469 Y149.929 E.03121
G1 X126.612 Y110.071 E2.8189
G1 X127.236 Y110.071 E.03121
G1 X167.093 Y149.929 E2.8189
G1 X167.679 Y149.929 E.02931
G1 X167.679 Y149.89 E.00195
G1 X127.86 Y110.071 E2.81618
G1 X128.484 Y110.071 E.03121
G1 X167.679 Y149.266 E2.77204
G1 X167.679 Y148.642 E.03121
G1 X129.108 Y110.071 E2.72791
G1 X129.732 Y110.071 E.03121
G1 X167.679 Y148.018 E2.68378
G1 X167.679 Y147.393 E.03126
G1 X130.357 Y110.071 E2.63958
G1 X130.981 Y110.071 E.03121
G1 X167.679 Y146.769 E2.59545
G1 X167.679 Y146.145 E.03121
G1 X131.605 Y110.071 E2.55131
G1 X132.229 Y110.071 E.03121
G1 X167.679 Y145.521 E2.50718
G1 X167.679 Y144.897 E.03121
G1 X132.853 Y110.071 E2.46305
G1 X133.477 Y110.071 E.03121
G1 X167.679 Y144.273 E2.41892
G1 X167.679 Y143.648 E.03126
G1 X163.657 Y139.626 E.28445
G1 X164.064 Y139.671 E.02048
G1 X164.293 Y139.638 E.01157
G1 X167.679 Y143.024 E.23947
G1 X167.679 Y142.4 E.03121
G1 X164.801 Y139.522 E.20354
G1 X165 Y139.477 E.0102
G1 X165.278 Y139.375 E.01481
G1 X167.679 Y141.776 E.16981
G1 X167.679 Y141.152 E.03121
G1 X165.648 Y139.121 E.14364
G1 X165.995 Y138.844 E.0222
G1 X167.679 Y140.528 E.1191
G1 X167.679 Y139.903 E.03126
G1 X166.291 Y138.516 E.09813
G1 X166.433 Y138.338 E.01139
G1 X166.532 Y138.133 E.01138
G1 X167.679 Y139.279 E.08109
G1 X167.679 Y138.655 E.03121
G1 X166.735 Y137.711 E.06676
G1 X166.862 Y137.339 E.01966
G1 X166.872 Y137.224 E.00577
G1 X167.679 Y138.031 E.05707
G1 X167.679 Y137.407 E.03121
G1 X166.683 Y136.411 E.07044
M204 S500
G1 E-3.5 F3600
;WIPE_START
G1 F7200
G1 X167.679 Y137.407 E-.66906
G1 X167.679 Y138.031 E-.2964
G1 X166.883 Y137.235 E-.53454
;WIPE_END
G1 X161.339 Y137.309 F9000
G1 E5 F2400
M204 S250
G1 F3000
G1 X134.102 Y110.071 E1.92636
G1 X134.726 Y110.071 E.03121
G1 X161.12 Y136.466 E1.86674
G1 X161.12 Y136.319 E.00735
G1 X161.164 Y136.047 E.01378
G1 X161.206 Y135.928 E.00631
G1 X135.35 Y110.071 E1.82869
G1 X135.974 Y110.071 E.03121
G1 X161.404 Y135.501 E1.79852
G1 X161.615 Y135.088 E.02319
G1 X136.598 Y110.071 E1.76931
G1 X137.222 Y110.071 E.03121
G1 X161.897 Y134.746 E1.74513
G1 X162.242 Y134.467 E.02219
G1 X137.847 Y110.071 E1.72536
G1 X138.471 Y110.071 E.03121
G1 X162.598 Y134.198 E1.70637
G1 X162.694 Y134.136 E.00572
G1 X163.038 Y134.015 E.01824
G1 X139.095 Y110.071 E1.69339
G1 X139.719 Y110.071 E.03121
G1 X163.551 Y133.903 E1.68551
G1 X163.872 Y133.834 E.01642
G1 X164.107 Y133.835 E.01175
G1 X140.343 Y110.071 E1.6807
G1 X140.967 Y110.071 E.03121
G1 X164.895 Y133.999 E1.69229
G1 X165.25 Y134.108 E.01857
G1 X165.508 Y134.268 E.01518
G1 X166.09 Y134.731 E.03719
G1 X166.433 Y135.162 E.02755
G1 X166.766 Y135.87 E.03913
G1 X167.679 Y136.783 E.06457
G1 X167.679 Y136.158 E.03126
G1 X141.592 Y110.071 E1.84499
G1 X142.216 Y110.071 E.03121
G1 X167.679 Y135.534 E1.80086
G1 X167.679 Y134.91 E.03121
G1 X142.84 Y110.071 E1.75672
G1 X143.464 Y110.071 E.03121
G1 X167.679 Y134.286 E1.71259
G1 X167.679 Y133.662 E.03121
G1 X144.088 Y110.071 E1.66846
G1 X144.712 Y110.071 E.03121
G1 X167.679 Y133.038 E1.62433
G1 X167.679 Y132.414 E.03121
G1 X145.336 Y110.071 E1.5802
G1 X145.961 Y110.071 E.03126
G1 X167.679 Y131.789 E1.53599
G1 X167.679 Y131.165 E.03121
G1 X146.585 Y110.071 E1.49186
G1 X147.209 Y110.071 E.03121
G1 X167.679 Y130.541 E1.44773
G1 X167.679 Y129.917 E.03121
G1 X147.833 Y110.071 E1.4036
G1 X148.457 Y110.071 E.03121
G1 X167.679 Y129.293 E1.35947
G1 X167.679 Y128.669 E.03121
G1 X149.081 Y110.071 E1.31533
G1 X149.706 Y110.071 E.03126
G1 X167.679 Y128.044 E1.27113
G1 X167.679 Y127.42 E.03121
G1 X150.33 Y110.071 E1.227
G1 X150.954 Y110.071 E.03121
G1 X167.679 Y126.796 E1.18287
G1 X167.679 Y126.172 E.03121
G1 X151.578 Y110.071 E1.13873
G1 X152.202 Y110.071 E.03121
G1 X167.679 Y125.548 E1.0946
G1 X167.679 Y124.924 E.03121
G1 X152.826 Y110.071 E1.05047
G1 X153.451 Y110.071 E.03126
G1 X167.679 Y124.299 E1.00627
G1 X167.679 Y123.675 E.03121
G1 X154.075 Y110.071 E.96214
G1 X154.699 Y110.071 E.03121
G1 X167.679 Y123.051 E.918
G1 X167.679 Y122.427 E.03121
G1 X155.323 Y110.071 E.87387
G1 X155.947 Y110.071 E.03121
G1 X167.679 Y121.803 E.82974
G1 X167.679 Y121.179 E.03121
G1 X156.571 Y110.071 E.78561
G1 X157.196 Y110.071 E.03126
G1 X167.679 Y120.554 E.7414
G1 X167.679 Y119.93 E.03121
G1 X157.82 Y110.071 E.69727
G1 X158.444 Y110.071 E.03121
G1 X167.679 Y119.306 E.65314
G1 X167.679 Y118.682 E.03121
G1 X159.068 Y110.071 E.60901
G1 X159.692 Y110.071 E.03121
G1 X167.679 Y118.058 E.56488
G1 X167.679 Y117.434 E.03121
G1 X160.316 Y110.071 E.52074
G1 X160.941 Y110.071 E.03126
G1 X167.679 Y116.809 E.47654
G1 X167.679 Y116.185 E.03121
G1 X161.565 Y110.071 E.43241
G1 X162.189 Y110.071 E.03121
G1 X167.679 Y115.561 E.38828
G1 X167.679 Y114.937 E.03121
G1 X162.813 Y110.071 E.34415
G1 X163.437 Y110.071 E.03121
G1 X167.679 Y114.313 E.30001
G1 X167.679 Y113.689 E.03121
G1 X164.061 Y110.071 E.25588
G1 X164.686 Y110.071 E.03126
G1 X167.679 Y113.064 E.21168
G1 X167.679 Y112.44 E.03121
G1 X165.31 Y110.071 E.16755
G1 X165.934 Y110.071 E.03121
G1 X167.679 Y111.816 E.12341
G1 X167.679 Y111.192 E.03121
G1 X166.558 Y110.071 E.07928
G1 X167.182 Y110.071 E.03121
G1 X167.877 Y110.766 E.04915
M204 S500
;LAYER_CHANGE
;Z:2.2
;HEIGHT:0.2
;BEFORE_LAYER_CHANGE
G92 E0
;2.2


G1 E-3.5 F3600
;WIPE_START
G1 F7200
G1 X167.182 Y110.071 E-.46687
G1 X166.558 Y110.071 E-.2964
G1 X167.654 Y111.168 E-.73673
;WIPE_END
G1 Z2.2 F9000
;AFTER_LAYER_CHANGE
;2.2
G1 X163.999 Y134.161
G1 E5 F2400
;TYPE:Perimeter
;WIDTH:0.439999
G1 F3600
G1 X164.05 Y134.157 E.00169
G1 X164.92 Y134.34 E.02935
G1 X165.31 Y134.528 E.01429
G1 X165.875 Y134.978 E.02385
G1 X166.145 Y135.317 E.01431
G1 X166.458 Y135.967 E.02382
G1 X166.554 Y136.389 E.01429
G1 X166.554 Y137.111 E.02384
G1 X166.458 Y137.533 E.01429
G1 X166.145 Y138.183 E.02382
G1 X165.875 Y138.522 E.01431
G1 X165.31 Y138.972 E.02385
G1 X164.92 Y139.16 E.01429
G1 X164.216 Y139.32 E.02384
G1 X163.906 Y139.34 E.01026
G1 X163.08 Y139.16 E.02791
G1 X162.775 Y139.033 E.01091
G1 X162.125 Y138.522 E.0273
G1 X161.893 Y138.254 E.0117
G1 X161.542 Y137.533 E.02648
G1 X161.447 Y137.164 E.01258
G1 X161.446 Y136.389 E.02559
G1 X161.471 Y136.168 E.00734
G1 X161.855 Y135.317 E.03083
G1 X162.085 Y135.012 E.01261
G1 X162.69 Y134.528 E.02558
G1 X162.989 Y134.366 E.01123
G1 X163.784 Y134.18 E.02696
G1 X163.94 Y134.166 E.00517
G1 X164 Y134.567 F9000
G1 F3600
G1 X164.128 Y134.567 E.00423
G1 X164.832 Y134.727 E.02384
G1 X165.063 Y134.839 E.00848
G1 X165.627 Y135.289 E.02382
G1 X165.787 Y135.489 E.00846
G1 X166.1 Y136.139 E.02382
G1 X166.157 Y136.389 E.00847
G1 X166.157 Y137.111 E.02384
G1 X166.1 Y137.361 E.00847
G1 X165.787 Y138.011 E.02382
G1 X165.627 Y138.211 E.00846
G1 X165.063 Y138.661 E.02382
G1 X164.832 Y138.773 E.00848
G1 X164.128 Y138.933 E.02384
G1 X163.872 Y138.933 E.00845
G1 X163.168 Y138.773 E.02384
G1 X162.937 Y138.661 E.00848
G1 X162.373 Y138.211 E.02382
G1 X162.213 Y138.011 E.00846
G1 X161.9 Y137.361 E.02382
G1 X161.843 Y137.111 E.00847
G1 X161.843 Y136.389 E.02384
G1 X161.858 Y136.258 E.00435
G1 X162.213 Y135.489 E.02797
G1 X162.373 Y135.289 E.00846
G1 X162.941 Y134.836 E.02399
G1 X163.168 Y134.727 E.00831
G1 X163.872 Y134.567 E.02384
G1 X163.94 Y134.567 E.00225
G1 X164.001 Y134.953 F9000
;TYPE:External perimeter
;WIDTH:0.419999
G1 F3600
G1 X164.746 Y135.105 E.02384
G1 X165.386 Y135.591 E.0252
G1 X165.751 Y136.307 E.0252
G1 X165.77 Y137.111 E.02522
G1 X165.438 Y137.843 E.0252
G1 X164.821 Y138.359 E.02522
G1 X164.042 Y138.556 E.02519
G1 X163.254 Y138.395 E.02522
G1 X162.614 Y137.909 E.0252
G1 X162.249 Y137.193 E.0252
G1 X162.235 Y136.346 E.02656
G1 X162.562 Y135.657 E.02391
G1 X163.179 Y135.141 E.02522
G1 X163.942 Y134.948 E.02468
G1 E-3.5
;WIPE_START
G1 F7200
G1 X164.001 Y134.953 E-.02813
G1 X164.746 Y135.105 E-.36117
G1 X165.386 Y135.591 E-.38172
G1 X165.751 Y136.307 E-.38174
G1 X165.768 Y137.038 E-.34724
;WIPE_END
G1 X104.516 Y136.176 F9000
G1 E5 F2400
;TYPE:Perimeter
;WIDTH:0.439999
G1 F3600
G1 X104.549 Y136.293 E.00401
G1 X104.554 Y137.111 E.02701
G1 X104.487 Y137.467 E.01196
G1 X104.145 Y138.183 E.0262
G1 X103.946 Y138.459 E.01123
G1 X103.31 Y138.972 E.02698
G1 X103.029 Y139.128 E.01061
G1 X102.219 Y139.32 E.02749
G1 X102.002 Y139.344 E.00721
G1 X95.998 Y139.344 E.19824
G1 X95.08 Y139.16 E.03091
G1 X94.69 Y138.972 E.01429
G1 X94.125 Y138.522 E.02385
G1 X93.855 Y138.183 E.01431
G1 X93.542 Y137.533 E.02382
G1 X93.446 Y137.111 E.01429
G1 X93.446 Y136.389 E.02384
G1 X93.542 Y135.967 E.01429
G1 X93.855 Y135.317 E.02382
G1 X94.125 Y134.978 E.01431
G1 X94.69 Y134.528 E.02385
G1 X95.08 Y134.34 E.01429
G1 X95.781 Y134.18 E.02374
G1 X95.998 Y134.156 E.00721
G1 X102.002 Y134.156 E.19824
G1 X102.92 Y134.34 E.03091
G1 X103.269 Y134.497 E.01264
G1 X103.875 Y134.978 E.02555
G1 X104.102 Y135.239 E.01142
G1 X104.458 Y135.967 E.02676
G1 X104.5 Y136.118 E.00517
G1 X104.128 Y136.264 F9000
G1 F3600
G1 X104.157 Y136.389 E.00424
G1 X104.157 Y137.111 E.02384
G1 X104.1 Y137.361 E.00847
G1 X103.787 Y138.011 E.02382
G1 X103.627 Y138.211 E.00846
G1 X103.063 Y138.661 E.02382
G1 X102.832 Y138.773 E.00848
G1 X102.131 Y138.933 E.02374
G1 X102.002 Y138.947 E.00428
G1 X95.998 Y138.947 E.19824
G1 X95.168 Y138.773 E.028
G1 X94.937 Y138.661 E.00848
G1 X94.373 Y138.211 E.02382
G1 X94.213 Y138.011 E.00846
G1 X93.9 Y137.361 E.02382
G1 X93.843 Y137.111 E.00847
G1 X93.843 Y136.389 E.02384
G1 X93.9 Y136.139 E.00847
G1 X94.213 Y135.489 E.02382
G1 X94.373 Y135.289 E.00846
G1 X94.937 Y134.839 E.02382
G1 X95.168 Y134.727 E.00848
G1 X95.869 Y134.567 E.02374
G1 X95.998 Y134.553 E.00428
G1 X102.002 Y134.553 E.19824
G1 X102.832 Y134.727 E.028
G1 X103.063 Y134.839 E.00848
G1 X103.627 Y135.289 E.02382
G1 X103.787 Y135.489 E.00846
G1 X104.1 Y136.139 E.02382
G1 X104.115 Y136.206 E.00227
G1 X103.752 Y136.351 F9000
;TYPE:External perimeter
;WIDTH:0.419999
G1 F3600
G1 X103.77 Y137.111 E.02384
G1 X103.438 Y137.843 E.0252
G1 X102.821 Y138.359 E.02522
G1 X102.044 Y138.555 E.02513
G1 X95.998 Y138.56 E.18957
G1 X95.254 Y138.395 E.02389
G1 X94.614 Y137.909 E.0252
G1 X94.249 Y137.193 E.0252
G1 X94.23 Y136.389 E.02522
G1 X94.562 Y135.657 E.0252
G1 X95.179 Y135.141 E.02522
G1 X95.956 Y134.945 E.02513
G1 X102.002 Y134.94 E.18957
G1 X102.746 Y135.105 E.02389
G1 X103.386 Y135.591 E.0252
G1 X103.744 Y136.293 E.02471
G1 E-3.5
;WIPE_START
G1 F7200
G1 X103.752 Y136.351 E-.02781
G1 X103.77 Y137.111 E-.3611
G1 X103.438 Y137.843 E-.38179
G1 X102.821 Y138.359 E-.38206
G1 X102.113 Y138.538 E-.34724
;WIPE_END
G1 X91.994 Y150.256 F9000
G1 E5 F2400
;TYPE:Perimeter
;WIDTH:0.439999
G1 F7200
G1 X91.994 Y109.744 E1.33759
G1 X168.006 Y109.744 E2.50971
G1 X168.006 Y123.611 E.45785
G1 X168.006 Y150.256 E.87974
G1 X92.054 Y150.256 E2.50773
G1 X91.597 Y150.653 F9000
G1 F7200
G1 X91.597 Y109.347 E1.36381
G1 X168.403 Y109.347 E2.53592
G1 X168.403 Y123.611 E.47096
G1 X168.403 Y150.653 E.89285
G1 X91.657 Y150.653 E2.53394
G1 X91.21 Y151.04 F9000
;TYPE:External perimeter
;WIDTH:0.419999
G1 F3600
G1 X91.21 Y108.96 E1.31939
G1 X168.79 Y108.96 E2.43246
G1 X168.79 Y123.611 E.45937
G1 X168.79 Y151.04 E.86002
G1 X91.27 Y151.04 E2.43058
G1 X92.332 Y149.842 F9000
;TYPE:Solid infill
;WIDTH:0.53634
G1 F7200
G1 X92.289 Y149.886 E.00252
G1 X92.304 Y149.946 E.00254
G1 X92.364 Y149.962 E.00255
G1 X92.408 Y149.918 E.00255
G1 X92.392 Y149.858 E.00255
;WIDTH:0.439999
G1 X92.3 Y149.224 E.02115
G1 X93.026 Y149.95 E.0339
G1 X93.587 Y149.95 E.01852
G1 X92.3 Y148.663 E.06009
G1 X92.3 Y148.101 E.01856
G1 X94.149 Y149.95 E.08634
G1 X94.711 Y149.95 E.01856
G1 X92.3 Y147.539 E.11258
G1 X92.3 Y146.978 E.01852
G1 X95.272 Y149.95 E.13877
G1 X95.834 Y149.95 E.01856
G1 X92.3 Y146.416 E.16501
G1 X92.3 Y145.855 E.01852
G1 X96.395 Y149.95 E.19121
G1 X96.957 Y149.95 E.01856
G1 X92.3 Y145.293 E.21745
G1 X92.3 Y144.732 E.01852
G1 X97.518 Y149.95 E.24365
G1 X98.08 Y149.95 E.01856
G1 X92.3 Y144.17 E.26989
G1 X92.3 Y143.609 E.01852
G1 X98.641 Y149.95 E.29608
G1 X99.203 Y149.95 E.01856
G1 X92.3 Y143.047 E.32232
G1 X92.3 Y142.485 E.01856
G1 X99.765 Y149.95 E.34857
G1 X100.326 Y149.95 E.01852
G1 X92.3 Y141.924 E.37476
G1 X92.3 Y141.362 E.01856
G1 X100.888 Y149.95 E.401
G1 X101.449 Y149.95 E.01852
G1 X92.3 Y140.801 E.4272
G1 X92.3 Y140.239 E.01856
G1 X102.011 Y149.95 E.45344
G1 X102.572 Y149.95 E.01852
G1 X92.3 Y139.678 E.47964
G1 X92.3 Y139.116 E.01856
G1 X103.134 Y149.95 E.50588
G1 X103.695 Y149.95 E.01852
G1 X92.3 Y138.555 E.53207
G1 X92.3 Y137.993 E.01856
G1 X104.257 Y149.95 E.55831
G1 X104.819 Y149.95 E.01856
G1 X92.3 Y137.431 E.58456
G1 X92.481 Y137.051 E.0139
G1 X93.426 Y137.996 E.04413
G1 X93.166 Y137.356 E.02281
G1 X93.14 Y136.72 E.02102
G1 X93.145 Y136.355 E.01205
G1 X93.257 Y135.867 E.01653
G1 X93.576 Y135.193 E.02462
G1 X93.911 Y134.764 E.01797
G1 X94.726 Y134.149 E.03371
G1 X95.084 Y134.039 E.01237
G1 X92.3 Y131.254 E.13002
G1 X92.3 Y137.008 E.18998
G1 X92.72 Y136.696 E.01727
;WIDTH:0.501852
G1 X92.728 Y136.26 E.01664
G1 X92.712 Y136.01 E.00956
;WIDTH:0.470926
G1 X92.697 Y135.759 E.00895
;WIDTH:0.439999
G1 X92.697 Y132.213 E.11708
G1 X94.389 Y133.905 E.07901
G1 X93.601 Y134.517 E.03294
G1 X93.218 Y135.021 E.0209
G1 X92.869 Y135.779 E.02755
;WIDTH:0.477371
G1 X92.784 Y136.069 E.01092
G1 X93.131 Y134.409 F9000
;WIDTH:0.51448
G1 F7200
G1 X93.131 Y133.262 E.04497
G1 X93.727 Y133.857 E.03302
G1 X93.508 Y134.02 E.0107
G1 X93.269 Y134.266 E.01345
G1 E-3.5 F3600
;WIPE_START
G1 F7200
G1 X93.508 Y134.02 E-.16292
G1 X93.727 Y133.857 E-.12968
G1 X93.131 Y133.262 E-.40003
G1 X93.131 Y134.409 E-.54482
;WIPE_END
G1 E-.26255 F3600
G1 X95.531 Y133.924 F9000
G1 E5 F2400
;WIDTH:0.439999
G1 F7200
G1 X92.3 Y130.693 E.15087
G1 X92.3 Y130.131 E.01856
G1 X96.019 Y133.85 E.17365
G1 X96.581 Y133.85 E.01856
G1 X92.3 Y129.57 E.19987
G1 X92.3 Y129.008 E.01856
G1 X97.142 Y133.851 E.22611
G1 X97.704 Y133.851 E.01856
G1 X92.3 Y128.447 E.25233
G1 X92.3 Y127.885 E.01856
G1 X98.266 Y133.851 E.27857
G1 X98.828 Y133.851 E.01856
G1 X92.3 Y127.323 E.30481
G1 X92.3 Y126.762 E.01852
G1 X99.389 Y133.851 E.33101
G1 X99.951 Y133.852 E.01856
G1 X92.3 Y126.2 E.35727
G1 X92.3 Y125.639 E.01852
G1 X100.513 Y133.852 E.38349
G1 X101.075 Y133.852 E.01856
G1 X92.3 Y125.077 E.40973
G1 X92.3 Y124.516 E.01852
G1 X101.636 Y133.852 E.43593
G1 X102.228 Y133.882 E.01957
G1 X92.3 Y123.954 E.46357
G1 X92.173 Y123.071 F9000
;WIDTH:0.38292
G1 F7200
G1 X92.154 Y123.142 E.00208
G1 X92.225 Y123.123 E.00208
G1 X92.214 Y123.082 E.0012
;WIDTH:0.41146
G1 X92.257 Y123.237 E.00493
;WIDTH:0.439999
G1 X92.3 Y123.393 E.00534
G1 X102.939 Y134.032 E.49677
G1 E-3.5 F3600
;WIPE_START
G1 F7200
G1 X100.706 Y131.799 E-1.5
;WIPE_END
G1 X94.825 Y139.395 F9000
G1 E5 F2400
G1 F7200
G1 X105.38 Y149.95 E.49285
G1 X105.942 Y149.95 E.01856
G1 X95.579 Y139.587 E.48388
G1 X95.511 Y139.492 E.00386
;WIDTH:0.41146
G1 X95.443 Y139.396 E.00361
;WIDTH:0.38292
G1 X94.526 Y139.168 E.02671
G1 X93.982 Y138.68 E.02066
G1 X93.648 Y138.306 E.01418
G1 E-3.5 F3600
;WIPE_START
G1 F7200
G1 X93.982 Y138.68 E-.23818
G1 X94.526 Y139.168 E-.34713
G1 X95.443 Y139.396 E-.44884
G1 X95.511 Y139.492 E-.05588
G1 X95.579 Y139.587 E-.05549
G1 X96.107 Y140.115 E-.35448
;WIPE_END
G1 X96.203 Y139.65 F9000
G1 E5 F2400
;WIDTH:0.439999
G1 F7200
G1 X106.503 Y149.95 E.48094
G1 X107.065 Y149.95 E.01856
G1 X96.765 Y139.65 E.48094
G1 X97.326 Y139.65 E.01852
G1 X107.626 Y149.95 E.48094
G1 X108.188 Y149.95 E.01856
G1 X97.888 Y139.65 E.48094
G1 X98.449 Y139.65 E.01852
G1 X108.749 Y149.95 E.48094
G1 X109.311 Y149.95 E.01856
G1 X99.011 Y139.65 E.48094
G1 X99.572 Y139.65 E.01852
G1 X109.873 Y149.95 E.48097
G1 X110.434 Y149.95 E.01852
G1 X100.134 Y139.65 E.48094
G1 X100.695 Y139.65 E.01852
G1 X110.996 Y149.95 E.48097
G1 X111.557 Y149.95 E.01852
G1 X101.257 Y139.65 E.48094
G1 X101.819 Y139.65 E.01856
G1 X112.119 Y149.95 E.48094
G1 X112.68 Y149.95 E.01852
G1 X102.336 Y139.605 E.48302
G1 X102.794 Y139.502 E.0155
G1 X113.242 Y149.95 E.48785
G1 X113.803 Y149.95 E.01852
G1 X103.227 Y139.374 E.49383
G1 X103.57 Y139.155 E.01344
G1 X114.365 Y149.95 E.50406
G1 X114.927 Y149.95 E.01856
G1 X103.883 Y138.906 E.51568
G1 X104.184 Y138.646 E.01313
G1 X115.488 Y149.95 E.52782
G1 X116.05 Y149.95 E.01856
G1 X104.416 Y138.316 E.54323
G1 X104.598 Y137.937 E.01388
G1 X116.611 Y149.95 E.56093
G1 X117.173 Y149.95 E.01856
G1 X104.779 Y137.556 E.57872
G1 X104.678 Y136.889 E.02227
;WIDTH:0.38292
G1 X104.659 Y136.96 E.00208
G1 X104.73 Y136.941 E.00208
G1 X104.719 Y136.9 E.0012
;WIDTH:0.41146
G1 X104.789 Y136.987 E.00342
;WIDTH:0.439999
G1 X117.734 Y149.95 E.60487
G1 X118.296 Y149.95 E.01856
G1 X104.86 Y136.514 E.62737
G1 X104.128 Y135.011 F9000
;WIDTH:0.38292
G1 F7200
G1 X104.524 Y135.535 E.01857
;WIDTH:0.41146
G1 X104.624 Y135.676 E.0053
;WIDTH:0.439999
G1 X104.723 Y135.816 E.00566
G1 X118.857 Y149.95 E.65997
G1 X119.419 Y149.95 E.01856
G1 X92.3 Y122.831 E1.26628
G1 X92.3 Y122.269 E.01856
G1 X119.981 Y149.95 E1.29252
G1 X120.542 Y149.95 E.01852
G1 X92.3 Y121.708 E1.31872
G1 X92.3 Y121.146 E.01856
G1 X121.104 Y149.95 E1.34496
G1 X121.665 Y149.95 E.01852
G1 X92.3 Y120.585 E1.37115
G1 X92.3 Y120.023 E.01856
G1 X122.227 Y149.95 E1.39739
G1 X122.788 Y149.95 E.01852
G1 X92.3 Y119.462 E1.42359
G1 X92.3 Y118.9 E.01856
G1 X123.35 Y149.95 E1.44983
G1 X123.911 Y149.95 E.01852
G1 X92.3 Y118.339 E1.47603
G1 X92.3 Y117.777 E.01856
G1 X124.473 Y149.95 E1.50227
G1 X125.035 Y149.95 E.01856
G1 X92.3 Y117.215 E1.52851
G1 X92.3 Y116.654 E.01852
G1 X125.596 Y149.95 E1.5547
G1 X126.158 Y149.95 E.01856
G1 X92.3 Y116.092 E1.58095
G1 X92.3 Y115.531 E.01852
G1 X126.719 Y149.95 E1.60714
G1 X127.281 Y149.95 E.01856
G1 X92.3 Y114.969 E1.63338
G1 X92.3 Y114.408 E.01852
G1 X127.842 Y149.95 E1.65958
G1 X128.404 Y149.95 E.01856
G1 X92.3 Y113.846 E1.68582
G1 X92.3 Y113.285 E.01852
G1 X128.965 Y149.95 E1.71202
G1 X129.527 Y149.95 E.01856
G1 X92.3 Y112.723 E1.73826
G1 X92.3 Y112.161 E.01856
G1 X130.089 Y149.95 E1.7645
G1 X130.65 Y149.95 E.01852
G1 X92.3 Y111.6 E1.79069
G1 X92.3 Y111.038 E.01856
G1 X131.212 Y149.95 E1.81694
G1 X131.773 Y149.95 E.01852
G1 X92.3 Y110.477 E1.84313
G1 X92.18 Y109.9 E.01946
;WIDTH:0.38292
G1 X92.161 Y109.971 E.00208
G1 X92.232 Y109.952 E.00208
G1 X92.221 Y109.911 E.0012
;WIDTH:0.41146
G1 X92.328 Y109.98 E.0039
;WIDTH:0.439999
G1 X92.435 Y110.05 E.00422
G1 X132.335 Y149.95 E1.86307
G1 X132.896 Y149.95 E.01852
G1 X92.996 Y110.05 E1.86307
G1 X93.558 Y110.05 E.01856
G1 X133.458 Y149.95 E1.86307
G1 X134.019 Y149.95 E.01852
G1 X94.119 Y110.05 E1.86307
G1 X94.681 Y110.05 E.01856
G1 X134.581 Y149.95 E1.86307
G1 X135.143 Y149.95 E.01856
G1 X95.242 Y110.05 E1.86309
G1 X95.804 Y110.05 E.01856
G1 X135.704 Y149.95 E1.86307
G1 X136.266 Y149.95 E.01856
G1 X96.365 Y110.05 E1.86309
G1 X96.927 Y110.05 E.01856
G1 X136.827 Y149.95 E1.86307
G1 X137.389 Y149.95 E.01856
G1 X97.489 Y110.05 E1.86307
G1 X98.05 Y110.05 E.01852
G1 X137.95 Y149.95 E1.86307
G1 X138.512 Y149.95 E.01856
G1 X98.612 Y110.05 E1.86307
G1 X99.173 Y110.05 E.01852
G1 X139.073 Y149.95 E1.86307
G1 X139.635 Y149.95 E.01856
G1 X99.735 Y110.05 E1.86307
G1 X100.296 Y110.05 E.01852
G1 X140.197 Y149.95 E1.86309
G1 X140.758 Y149.95 E.01852
G1 X100.858 Y110.05 E1.86307
G1 X101.419 Y110.05 E.01852
G1 X141.32 Y149.95 E1.86309
G1 X141.881 Y149.95 E.01852
G1 X101.981 Y110.05 E1.86307
G1 X102.543 Y110.05 E.01856
G1 X142.443 Y149.95 E1.86307
G1 X143.004 Y149.95 E.01852
G1 X103.104 Y110.05 E1.86307
G1 X103.666 Y110.05 E.01856
G1 X143.566 Y149.95 E1.86307
G1 X144.127 Y149.95 E.01852
G1 X104.227 Y110.05 E1.86307
G1 X104.789 Y110.05 E.01856
G1 X144.689 Y149.95 E1.86307
G1 X145.251 Y149.95 E.01856
G1 X105.35 Y110.05 E1.86309
G1 X105.912 Y110.05 E.01856
G1 X145.812 Y149.95 E1.86307
G1 X146.374 Y149.95 E.01856
G1 X106.473 Y110.05 E1.86309
G1 X107.035 Y110.05 E.01856
G1 X146.935 Y149.95 E1.86307
G1 X147.497 Y149.95 E.01856
G1 X107.597 Y110.05 E1.86307
G1 X108.158 Y110.05 E.01852
G1 X148.058 Y149.95 E1.86307
G1 X148.62 Y149.95 E.01856
G1 X108.72 Y110.05 E1.86307
G1 X109.281 Y110.05 E.01852
G1 X149.181 Y149.95 E1.86307
G1 X149.743 Y149.95 E.01856
G1 X109.843 Y110.05 E1.86307
G1 X110.404 Y110.05 E.01852
G1 X150.304 Y149.95 E1.86307
G1 X150.866 Y149.95 E.01856
G1 X110.966 Y110.05 E1.86307
G1 X111.527 Y110.05 E.01852
G1 X151.428 Y149.95 E1.86309
G1 X151.989 Y149.95 E.01852
G1 X112.089 Y110.05 E1.86307
G1 X112.651 Y110.05 E.01856
G1 X152.551 Y149.95 E1.86307
G1 X153.112 Y149.95 E.01852
G1 X113.212 Y110.05 E1.86307
G1 X113.774 Y110.05 E.01856
G1 X153.674 Y149.95 E1.86307
G1 X154.235 Y149.95 E.01852
G1 X114.335 Y110.05 E1.86307
G1 X114.897 Y110.05 E.01856
G1 X154.797 Y149.95 E1.86307
G1 X155.358 Y149.95 E.01852
G1 X115.458 Y110.05 E1.86307
G1 X116.02 Y110.05 E.01856
G1 X155.92 Y149.95 E1.86307
G1 X156.482 Y149.95 E.01856
G1 X116.581 Y110.05 E1.86309
G1 X117.143 Y110.05 E.01856
G1 X157.043 Y149.95 E1.86307
G1 X157.605 Y149.95 E.01856
G1 X117.705 Y110.05 E1.86307
G1 X118.266 Y110.05 E.01852
G1 X158.166 Y149.95 E1.86307
G1 X158.728 Y149.95 E.01856
G1 X118.828 Y110.05 E1.86307
G1 X119.389 Y110.05 E.01852
G1 X159.289 Y149.95 E1.86307
G1 X159.851 Y149.95 E.01856
G1 X119.951 Y110.05 E1.86307
G1 X120.512 Y110.05 E.01852
G1 X160.412 Y149.95 E1.86307
G1 X160.974 Y149.95 E.01856
G1 X121.074 Y110.05 E1.86307
G1 X121.635 Y110.05 E.01852
G1 X161.536 Y149.95 E1.86309
G1 X162.097 Y149.95 E.01852
G1 X122.197 Y110.05 E1.86307
G1 X122.759 Y110.05 E.01856
G1 X162.659 Y149.95 E1.86307
G1 X163.22 Y149.95 E.01852
G1 X123.32 Y110.05 E1.86307
G1 X123.882 Y110.05 E.01856
G1 X163.782 Y149.95 E1.86307
G1 X164.343 Y149.95 E.01852
G1 X124.443 Y110.05 E1.86307
G1 X125.005 Y110.05 E.01856
G1 X164.905 Y149.95 E1.86307
G1 X165.466 Y149.95 E.01852
G1 X125.566 Y110.05 E1.86307
G1 X126.128 Y110.05 E.01856
G1 X166.028 Y149.95 E1.86307
G1 X166.59 Y149.95 E.01856
G1 X126.689 Y110.05 E1.86309
G1 X127.251 Y110.05 E.01856
G1 X167.151 Y149.95 E1.86307
G1 X167.7 Y149.937 E.01813
G1 X127.813 Y110.05 E1.86246
G1 X128.374 Y110.05 E.01852
G1 X167.7 Y149.376 E1.83627
G1 X167.7 Y148.814 E.01856
G1 X128.936 Y110.05 E1.81002
G1 X129.497 Y110.05 E.01852
G1 X167.7 Y148.253 E1.78383
G1 X167.7 Y147.691 E.01856
G1 X130.059 Y110.05 E1.75759
G1 X130.62 Y110.05 E.01852
G1 X167.7 Y147.13 E1.73139
G1 X167.7 Y146.568 E.01856
G1 X131.182 Y110.05 E1.70515
G1 X131.743 Y110.05 E.01852
G1 X167.7 Y146.007 E1.67896
G1 X167.7 Y145.445 E.01856
G1 X132.305 Y110.05 E1.65271
G1 X132.866 Y110.05 E.01852
G1 X167.7 Y144.884 E1.62652
G1 X167.773 Y144.728 E.00569
;WIDTH:0.41146
G1 X167.846 Y144.573 E.00525
;WIDTH:0.38292
G1 X167.857 Y144.614 E.0012
G1 X167.786 Y144.633 E.00208
G1 X167.805 Y144.562 E.00208
G1 E-3.5 F3600
;WIPE_START
G1 F7200
G1 X167.786 Y144.633 E-.03491
G1 X167.857 Y144.614 E-.03491
G1 X167.846 Y144.573 E-.02016
G1 X167.773 Y144.728 E-.08138
G1 X167.7 Y144.884 E-.08181
G1 X165.844 Y143.028 E-1.24683
;WIPE_END
G1 X166.933 Y138.975 F9000
G1 E5 F2400
;WIDTH:0.45922
G1 F7200
G1 X166.947 Y139.026 E.00183
G1 X166.91 Y139.062 E.00179
G1 X166.86 Y139.049 E.00179
G1 X166.846 Y138.999 E.0018
G1 X166.883 Y138.962 E.00181
G1 E-3.5 F3600
;WIPE_START
G1 F7200
G1 X166.846 Y138.999 E-.02485
G1 X166.86 Y139.049 E-.02466
G1 X166.91 Y139.062 E-.02454
G1 X166.947 Y139.026 E-.02452
G1 X166.933 Y138.975 E-.02512
;WIPE_END
G1 E-1.37631 F3600
G1 X161.476 Y138.098 F9000
G1 E5 F2400
;WIDTH:0.439999
G1 F7200
G1 X133.428 Y110.05 E1.30966
G1 X133.99 Y110.05 E.01856
G1 X161.145 Y137.206 E1.26798
G1 X161.216 Y137.325 E.00458
;WIDTH:0.41146
G1 X161.288 Y137.445 E.00429
;WIDTH:0.38292
G1 X161.269 Y137.516 E.00208
G1 X161.34 Y137.497 E.00208
G1 X161.329 Y137.456 E.0012
G1 X161.142 Y136.641 F9000
;WIDTH:0.439999
G1 F7200
G1 X134.551 Y110.05 E1.24163
G1 X135.113 Y110.05 E.01856
G1 X161.175 Y136.112 E1.21692
G1 X161.33 Y135.705 E.01438
G1 X135.674 Y110.05 E1.19794
G1 X136.236 Y110.05 E.01856
G1 X161.512 Y135.326 E1.18022
G1 X161.716 Y134.969 E.01358
G1 X136.797 Y110.05 E1.16355
G1 X137.359 Y110.05 E.01856
G1 X161.998 Y134.689 E1.15048
G1 X162.31 Y134.44 E.01318
G1 X137.92 Y110.05 E1.13885
G1 X138.482 Y110.05 E.01856
G1 X162.633 Y134.201 E1.12769
G1 X163.032 Y134.038 E.01423
G1 X139.044 Y110.05 E1.12008
G1 X139.605 Y110.05 E.01852
G1 X163.493 Y133.938 E1.11541
G1 X163.97 Y133.853 E.016
G1 X140.167 Y110.05 E1.11144
G1 X140.728 Y110.05 E.01852
G1 X164.641 Y133.963 E1.11658
G1 X164.776 Y134.02 E.00484
;WIDTH:0.41146
G1 X164.911 Y134.077 E.00449
;WIDTH:0.38292
G1 X164.892 Y134.148 E.00208
G1 X164.963 Y134.129 E.00208
G1 X164.952 Y134.088 E.0012
G1 E-3.5 F3600
;WIPE_START
G1 F7200
G1 X164.963 Y134.129 E-.02016
G1 X164.892 Y134.148 E-.03491
G1 X164.911 Y134.077 E-.03491
G1 X164.776 Y134.02 E-.06961
G1 X164.641 Y133.963 E-.06961
G1 X162.749 Y132.071 E-1.2708
;WIPE_END
G1 X161.687 Y138.379 F9000
G1 E5 F2400
G1 F7200
G1 X161.833 Y138.559 E.00655
G1 X162.444 Y139.113 E.02332
;WIDTH:0.41146
G1 X162.585 Y139.23 E.00561
;WIDTH:0.439999
G1 X162.725 Y139.347 E.00602
G1 X167.7 Y144.322 E.2323
G1 X167.7 Y143.76 E.01856
G1 X163.509 Y139.569 E.19569
G1 X163.385 Y139.474 E.00516
;WIDTH:0.41146
G1 X163.262 Y139.378 E.00478
;WIDTH:0.38292
G1 X163.273 Y139.419 E.0012
G1 X163.202 Y139.438 E.00208
G1 X163.221 Y139.367 E.00208
G1 X164.14 Y139.639 F9000
;WIDTH:0.439999
G1 F7200
G1 X167.7 Y143.199 E.16623
G1 X167.7 Y142.637 E.01856
G1 X164.607 Y139.545 E.1444
G1 X165.059 Y139.434 E.01537
G1 X167.7 Y142.076 E.12334
G1 X167.9 Y141.637 E.01593
;WIDTH:0.38292
G1 X167.911 Y141.678 E.0012
G1 X167.84 Y141.697 E.00208
G1 X167.859 Y141.626 E.00208
;WIDTH:0.41146
G1 X167.779 Y141.57 E.00299
;WIDTH:0.439999
G1 X167.7 Y141.514 E.0032
G1 X165.437 Y139.251 E.10567
G1 E-3.5 F3600
;WIPE_START
G1 F7200
G1 X167.67 Y141.484 E-1.5
;WIPE_END
G1 X166.842 Y136.318 F9000
G1 E5 F2400
G1 F7200
G1 X166.86 Y136.403 E.00287
G1 X166.843 Y137.299 E.02959
G1 X166.73 Y137.671 E.01284
G1 X166.424 Y138.307 E.0233
G1 X166.089 Y138.736 E.01797
G1 X165.755 Y139.008 E.01422
G1 X167.7 Y140.953 E.09082
G1 X167.7 Y136.46 E.14835
G1 X167.559 Y136.6 E.00656
G1 X167.373 Y136.653 E.00639
G1 X166.802 Y136.124 E.0257
G1 X167.419 Y136.179 E.02045
G1 X166.416 Y135.176 E.04683
G1 X166.166 Y134.896 E.01239
;WIDTH:0.39776
G1 X165.921 Y134.651 E.01022
;WIDTH:0.439999
G1 X165.64 Y134.4 E.01244
G1 X141.29 Y110.05 E1.13699
G1 X141.851 Y110.05 E.01852
G1 X167.7 Y135.899 E1.20698
G1 X167.7 Y135.337 E.01856
G1 X142.413 Y110.05 E1.18074
G1 X142.974 Y110.05 E.01852
G1 X167.7 Y134.776 E1.15454
G1 X167.7 Y134.214 E.01856
G1 X143.536 Y110.05 E1.1283
G1 X144.098 Y110.05 E.01856
G1 X167.7 Y133.652 E1.10206
G1 X167.7 Y133.091 E.01852
G1 X144.659 Y110.05 E1.07586
G1 X145.221 Y110.05 E.01856
G1 X167.7 Y132.529 E1.04962
G1 X167.7 Y131.968 E.01852
G1 X145.782 Y110.05 E1.02343
G1 X146.344 Y110.05 E.01856
G1 X167.7 Y131.406 E.99719
G1 X167.7 Y130.845 E.01852
G1 X146.905 Y110.05 E.97099
G1 X147.467 Y110.05 E.01856
G1 X167.7 Y130.283 E.94475
G1 X167.7 Y129.722 E.01852
G1 X148.028 Y110.05 E.91855
G1 X148.59 Y110.05 E.01856
G1 X167.7 Y129.16 E.89231
G1 X167.7 Y128.598 E.01856
G1 X149.152 Y110.05 E.86607
G1 X149.713 Y110.05 E.01852
G1 X167.7 Y128.037 E.83988
G1 X167.7 Y127.475 E.01856
G1 X150.275 Y110.05 E.81363
G1 X150.836 Y110.05 E.01852
G1 X167.7 Y126.914 E.78744
G1 X167.7 Y126.352 E.01856
G1 X151.398 Y110.05 E.7612
G1 X151.959 Y110.05 E.01852
G1 X167.7 Y125.791 E.735
G1 X167.7 Y125.229 E.01856
G1 X152.521 Y110.05 E.70876
G1 X153.082 Y110.05 E.01852
G1 X167.7 Y124.668 E.68256
G1 X167.7 Y124.106 E.01856
G1 X153.644 Y110.05 E.65632
G1 X154.206 Y110.05 E.01856
G1 X167.7 Y123.544 E.63008
G1 X167.7 Y122.983 E.01852
G1 X154.767 Y110.05 E.60389
G1 X155.329 Y110.05 E.01856
G1 X167.7 Y122.421 E.57764
G1 X167.7 Y121.86 E.01852
G1 X155.89 Y110.05 E.55145
G1 X156.452 Y110.05 E.01856
G1 X167.7 Y121.298 E.52521
G1 X167.7 Y120.737 E.01852
G1 X157.013 Y110.05 E.49901
G1 X157.575 Y110.05 E.01856
G1 X167.7 Y120.175 E.47277
G1 X167.7 Y119.614 E.01852
G1 X158.136 Y110.05 E.44658
G1 X158.698 Y110.05 E.01856
G1 X167.7 Y119.052 E.42033
G1 X167.7 Y118.49 E.01856
G1 X159.26 Y110.05 E.39409
G1 X159.821 Y110.05 E.01852
G1 X167.7 Y117.929 E.3679
G1 X167.7 Y117.367 E.01856
G1 X160.383 Y110.05 E.34166
G1 X160.944 Y110.05 E.01852
G1 X167.7 Y116.806 E.31546
G1 X167.7 Y116.244 E.01856
G1 X161.506 Y110.05 E.28922
G1 X162.067 Y110.05 E.01852
G1 X167.7 Y115.683 E.26302
G1 X167.7 Y115.121 E.01856
G1 X162.629 Y110.05 E.23678
G1 X163.19 Y110.05 E.01852
G1 X167.7 Y114.56 E.21059
G1 X167.7 Y113.998 E.01856
G1 X163.752 Y110.05 E.18435
G1 X164.314 Y110.05 E.01856
G1 X167.7 Y113.436 E.1581
G1 X167.7 Y112.875 E.01852
G1 X164.875 Y110.05 E.13191
G1 X165.437 Y110.05 E.01856
G1 X167.7 Y112.313 E.10567
;WIDTH:0.469127
G1 X167.777 Y112.362 E.00323
;WIDTH:0.498254
G1 X167.855 Y112.411 E.00349
G1 X167.815 Y112.451 E.00214
G1 X167.829 Y112.506 E.00215
G1 X167.884 Y112.521 E.00216
G1 X167.925 Y112.481 E.00217
G1 X167.91 Y112.426 E.00216
G1 E-3.5 F3600
;WIPE_START
G1 F7200
G1 X167.925 Y112.481 E-.02708
G1 X167.884 Y112.521 E-.02721
G1 X167.829 Y112.506 E-.02708
G1 X167.815 Y112.451 E-.02696
G1 X167.855 Y112.411 E-.02687
G1 X167.777 Y112.362 E-.04375
G1 X167.7 Y112.313 E-.04335
G1 X165.798 Y110.411 E-1.2777
;WIPE_END
G1 X166.139 Y110.19 F9000
G1 E5 F2400
;WIDTH:0.439999
G1 F7200
G1 X167.7 Y111.752 E.07291
G1 X167.7 Y110.05 E.0562
G1 X165.998 Y110.05 E.0562
G1 X167.182 Y110.476 F9000
;WIDTH:0.642774
G1 F7200
G1 X167.129 Y110.529 E.00374
G1 X167.149 Y110.601 E.00373
G1 X167.221 Y110.621 E.00373
G1 X167.274 Y110.568 E.00374
G1 X167.255 Y110.495 E.00376
G1 E-3.5 F3600
;WIPE_START
G1 F7200
G1 X167.274 Y110.568 E-.03583
G1 X167.221 Y110.621 E-.0356
G1 X167.149 Y110.601 E-.03549
G1 X167.129 Y110.529 E-.03549
G1 X167.182 Y110.476 E-.0356
;WIPE_END
G1 E-1.32199 F3600
G1 X167.274 Y137.068 F9000
G1 E5 F2400
;WIDTH:0.53338
G1 F7200
G1 X167.256 Y137.492 E.01731
G1 X167.28 Y137.692 E.00821
;WIDTH:0.48669
G1 X167.303 Y137.893 E.00747
;WIDTH:0.439999
G1 X167.303 Y139.994 E.06937
G1 X166.346 Y139.037 E.04469
G1 X166.782 Y138.479 E.02338
;WIDTH:0.478225
G1 X166.976 Y138.075 E.01622
;WIDTH:0.516451
G1 X167.17 Y137.671 E.01765
;LAYER_CHANGE
;Z:2.4
;HEIGHT:0.2
;BEFORE_LAYER_CHANGE
G92 E0
;2.4


G1 E-3.5 F3600
;WIPE_START
G1 F7200
G1 X166.976 Y138.075 E-.21288
G1 X166.782 Y138.479 E-.21288
G1 X166.346 Y139.037 E-.33637
G1 X167.303 Y139.994 E-.64287
G1 X167.303 Y139.794 E-.095
;WIPE_END
G1 Z2.4 F9000
;AFTER_LAYER_CHANGE
;2.4
G1 X166.506 Y137.322
G1 E5 F2400
;TYPE:Perimeter
;WIDTH:0.439999
G1 F3600
G1 X166.458 Y137.533 E.00714
G1 X166.145 Y138.183 E.02382
G1 X165.875 Y138.522 E.01431
G1 X165.31 Y138.972 E.02385
G1 X164.92 Y139.16 E.01429
G1 X164.216 Y139.32 E.02384
G1 X163.906 Y139.34 E.01026
G1 X163.08 Y139.16 E.02791
G1 X162.775 Y139.033 E.01091
G1 X162.125 Y138.522 E.0273
G1 X161.893 Y138.254 E.0117
G1 X161.49 Y137.402 E.03112
G1 X161.446 Y137.111 E.00972
G1 X161.446 Y136.389 E.02384
G1 X161.514 Y136.032 E.012
G1 X161.855 Y135.317 E.02615
G1 X162.085 Y135.012 E.01261
G1 X162.69 Y134.528 E.02558
G1 X162.989 Y134.366 E.01123
G1 X163.784 Y134.18 E.02696
G1 X164.05 Y134.157 E.00882
G1 X164.92 Y134.34 E.02935
G1 X165.31 Y134.528 E.01429
G1 X165.875 Y134.978 E.02385
G1 X166.145 Y135.317 E.01431
G1 X166.458 Y135.967 E.02382
G1 X166.554 Y136.389 E.01429
G1 X166.554 Y137.111 E.02384
G1 X166.519 Y137.263 E.00515
G1 X166.128 Y137.236 F9000
G1 F3600
G1 X166.1 Y137.361 E.00423
G1 X165.787 Y138.011 E.02382
G1 X165.627 Y138.211 E.00846
G1 X165.063 Y138.661 E.02382
G1 X164.832 Y138.773 E.00848
G1 X164.128 Y138.933 E.02384
G1 X163.872 Y138.933 E.00845
G1 X163.168 Y138.773 E.02384
G1 X162.937 Y138.661 E.00848
G1 X162.373 Y138.211 E.02382
G1 X162.213 Y138.011 E.00846
G1 X161.869 Y137.283 E.02658
G1 X161.843 Y136.389 E.02953
G1 X161.9 Y136.139 E.00847
G1 X162.213 Y135.489 E.02382
G1 X162.373 Y135.289 E.00846
G1 X162.941 Y134.836 E.02399
G1 X163.168 Y134.727 E.00831
G1 X163.872 Y134.567 E.02384
G1 X164.128 Y134.567 E.00845
G1 X164.832 Y134.727 E.02384
G1 X165.063 Y134.839 E.00848
G1 X165.627 Y135.289 E.02382
G1 X165.787 Y135.489 E.00846
G1 X166.1 Y136.139 E.02382
G1 X166.157 Y136.389 E.00847
G1 X166.157 Y137.111 E.02384
G1 X166.142 Y137.177 E.00223
G1 X165.752 Y137.151 F9000
;TYPE:External perimeter
;WIDTH:0.419999
G1 F3600
G1 X165.438 Y137.843 E.02383
G1 X164.821 Y138.359 E.02522
G1 X164.042 Y138.556 E.02519
G1 X163.254 Y138.395 E.02522
G1 X162.614 Y137.909 E.0252
G1 X162.239 Y137.167 E.02607
G1 X162.23 Y136.389 E.0244
G1 X162.562 Y135.657 E.0252
G1 X163.179 Y135.141 E.02522
G1 X163.958 Y134.944 E.02519
G1 X164.746 Y135.105 E.02522
G1 X165.386 Y135.591 E.0252
G1 X165.751 Y136.307 E.0252
G1 X165.77 Y137.095 E.02471
G1 E-3.5
;WIPE_START
G1 F7200
G1 X165.752 Y137.151 E-.02794
G1 X165.438 Y137.843 E-.36096
G1 X164.821 Y138.359 E-.38206
G1 X164.042 Y138.556 E-.38167
G1 X163.326 Y138.41 E-.34737
;WIPE_END
G1 X104.514 Y137.324 F9000
G1 E5 F2400
;TYPE:Perimeter
;WIDTH:0.439999
G1 F3600
G1 X104.487 Y137.467 E.0048
G1 X104.145 Y138.183 E.0262
G1 X103.946 Y138.459 E.01123
G1 X103.31 Y138.972 E.02698
G1 X103.029 Y139.128 E.01061
G1 X102.219 Y139.32 E.02749
G1 X102.002 Y139.344 E.00721
G1 X95.998 Y139.344 E.19824
G1 X95.08 Y139.16 E.03091
G1 X94.69 Y138.972 E.01429
G1 X94.125 Y138.522 E.02385
G1 X93.855 Y138.183 E.01431
G1 X93.542 Y137.533 E.02382
G1 X93.446 Y137.111 E.01429
G1 X93.446 Y136.389 E.02384
G1 X93.542 Y135.967 E.01429
G1 X93.855 Y135.317 E.02382
G1 X94.125 Y134.978 E.01431
G1 X94.69 Y134.528 E.02385
G1 X95.08 Y134.34 E.01429
G1 X95.781 Y134.18 E.02374
G1 X95.998 Y134.156 E.00721
G1 X102.002 Y134.156 E.19824
G1 X102.92 Y134.34 E.03091
G1 X103.269 Y134.497 E.01264
G1 X103.875 Y134.978 E.02555
G1 X104.102 Y135.239 E.01142
G1 X104.458 Y135.967 E.02676
G1 X104.549 Y136.293 E.01118
G1 X104.554 Y137.111 E.02701
G1 X104.525 Y137.265 E.00517
G1 X104.128 Y137.236 F9000
G1 F3600
G1 X104.1 Y137.361 E.00423
G1 X103.787 Y138.011 E.02382
G1 X103.627 Y138.211 E.00846
G1 X103.063 Y138.661 E.02382
G1 X102.832 Y138.773 E.00848
G1 X102.131 Y138.933 E.02374
G1 X102.002 Y138.947 E.00428
G1 X95.998 Y138.947 E.19824
G1 X95.168 Y138.773 E.028
G1 X94.937 Y138.661 E.00848
G1 X94.373 Y138.211 E.02382
G1 X94.213 Y138.011 E.00846
G1 X93.9 Y137.361 E.02382
G1 X93.843 Y137.111 E.00847
G1 X93.843 Y136.389 E.02384
G1 X93.9 Y136.139 E.00847
G1 X94.213 Y135.489 E.02382
G1 X94.373 Y135.289 E.00846
G1 X94.937 Y134.839 E.02382
G1 X95.168 Y134.727 E.00848
G1 X95.869 Y134.567 E.02374
G1 X95.998 Y134.553 E.00428
G1 X102.002 Y134.553 E.19824
G1 X102.832 Y134.727 E.028
G1 X103.063 Y134.839 E.00848
G1 X103.627 Y135.289 E.02382
G1 X103.787 Y135.489 E.00846
G1 X104.1 Y136.139 E.02382
G1 X104.157 Y136.389 E.00847
G1 X104.157 Y137.111 E.02384
G1 X104.142 Y137.177 E.00223
G1 X103.752 Y137.151 F9000
;TYPE:External perimeter
;WIDTH:0.419999
G1 F3600
G1 X103.438 Y137.843 E.02383
G1 X102.821 Y138.359 E.02522
G1 X102.044 Y138.555 E.02513
G1 X95.998 Y138.56 E.18957
G1 X95.254 Y138.395 E.02389
G1 X94.614 Y137.909 E.0252
G1 X94.249 Y137.193 E.0252
G1 X94.23 Y136.389 E.02522
G1 X94.562 Y135.657 E.0252
G1 X95.179 Y135.141 E.02522
G1 X95.956 Y134.945 E.02513
G1 X102.002 Y134.94 E.18957
G1 X102.746 Y135.105 E.02389
G1 X103.386 Y135.591 E.0252
G1 X103.751 Y136.307 E.0252
G1 X103.77 Y137.095 E.02471
G1 E-3.5
;WIPE_START
G1 F7200
G1 X103.752 Y137.151 E-.02794
G1 X103.438 Y137.843 E-.36096
G1 X102.821 Y138.359 E-.38206
G1 X102.044 Y138.555 E-.38064
G1 X101.31 Y138.556 E-.3484
;WIPE_END
G1 X91.994 Y150.256 F9000
G1 E5 F2400
;TYPE:Perimeter
;WIDTH:0.439999
G1 F7200
G1 X91.994 Y109.744 E1.33759
G1 X168.006 Y109.744 E2.50971
G1 X168.006 Y123.611 E.45785
G1 X168.006 Y150.256 E.87974
G1 X92.054 Y150.256 E2.50773
G1 X91.597 Y150.653 F9000
G1 F7200
G1 X91.597 Y109.347 E1.36381
G1 X168.403 Y109.347 E2.53592
G1 X168.403 Y123.611 E.47096
G1 X168.403 Y150.653 E.89285
G1 X91.657 Y150.653 E2.53394
G1 X91.21 Y151.04 F9000
;TYPE:External perimeter
;WIDTH:0.419999
G1 F3600
G1 X91.21 Y108.96 E1.31939
G1 X168.79 Y108.96 E2.43246
G1 X168.79 Y123.611 E.45937
G1 X168.79 Y151.04 E.86002
G1 X91.27 Y151.04 E2.43058
G1 E-3.5
;WIPE_START
G1 F7200
G1 X91.21 Y151.04 E-.0285
G1 X91.21 Y147.942 E-1.4715
;WIPE_END
G1 X92.408 Y110.082 F9000
G1 E5 F2400
;TYPE:Solid infill
;WIDTH:0.53634
G1 F7200
G1 X92.364 Y110.039 E.00252
G1 X92.304 Y110.054 E.00254
G1 X92.289 Y110.114 E.00254
G1 X92.332 Y110.158 E.00252
G1 X92.392 Y110.142 E.00255
;WIDTH:0.439999
G1 X92.3 Y110.776 E.02115
G1 X93.026 Y110.05 E.0339
G1 X93.587 Y110.05 E.01852
G1 X92.3 Y111.337 E.06009
G1 X92.3 Y111.899 E.01856
G1 X94.149 Y110.05 E.08634
G1 X94.711 Y110.05 E.01856
G1 X92.3 Y112.461 E.11258
G1 X92.3 Y113.022 E.01852
G1 X95.272 Y110.05 E.13877
G1 X95.834 Y110.05 E.01856
G1 X92.3 Y113.584 E.16501
G1 X92.3 Y114.145 E.01852
G1 X96.395 Y110.05 E.19121
G1 X96.957 Y110.05 E.01856
G1 X92.3 Y114.707 E.21745
G1 X92.3 Y115.268 E.01852
G1 X97.518 Y110.05 E.24365
G1 X98.08 Y110.05 E.01856
G1 X92.3 Y115.83 E.26989
G1 X92.3 Y116.391 E.01852
G1 X98.641 Y110.05 E.29608
G1 X99.203 Y110.05 E.01856
G1 X92.3 Y116.953 E.32232
G1 X92.3 Y117.515 E.01856
G1 X99.765 Y110.05 E.34857
G1 X100.326 Y110.05 E.01852
G1 X92.3 Y118.076 E.37476
G1 X92.3 Y118.638 E.01856
G1 X100.888 Y110.05 E.401
G1 X101.449 Y110.05 E.01852
G1 X92.3 Y119.199 E.4272
G1 X92.3 Y119.761 E.01856
G1 X102.011 Y110.05 E.45344
G1 X102.572 Y110.05 E.01852
G1 X92.3 Y120.322 E.47964
G1 X92.3 Y120.884 E.01856
G1 X103.134 Y110.05 E.50588
G1 X103.695 Y110.05 E.01852
G1 X92.3 Y121.445 E.53207
G1 X92.3 Y122.007 E.01856
G1 X104.257 Y110.05 E.55831
G1 X104.819 Y110.05 E.01856
G1 X92.3 Y122.569 E.58456
G1 X92.3 Y123.13 E.01852
G1 X105.38 Y110.05 E.61075
G1 X105.942 Y110.05 E.01856
G1 X92.3 Y123.692 E.63699
G1 X92.3 Y124.253 E.01852
G1 X106.503 Y110.05 E.66319
G1 X107.065 Y110.05 E.01856
G1 X92.3 Y124.815 E.68943
G1 X92.3 Y125.376 E.01852
G1 X107.626 Y110.05 E.71562
G1 X108.188 Y110.05 E.01856
G1 X92.3 Y125.938 E.74187
G1 X92.3 Y126.499 E.01852
G1 X108.749 Y110.05 E.76806
G1 X109.311 Y110.05 E.01856
G1 X92.3 Y127.061 E.7943
G1 X92.3 Y127.623 E.01856
G1 X109.873 Y110.05 E.82054
G1 X110.434 Y110.05 E.01852
G1 X92.3 Y128.184 E.84674
G1 X92.3 Y128.746 E.01856
G1 X110.996 Y110.05 E.87298
G1 X111.557 Y110.05 E.01852
G1 X92.3 Y129.307 E.89918
G1 X92.3 Y129.869 E.01856
G1 X112.119 Y110.05 E.92542
G1 X112.68 Y110.05 E.01852
G1 X92.3 Y130.43 E.95161
G1 X92.3 Y130.992 E.01856
G1 X113.242 Y110.05 E.97785
G1 X113.803 Y110.05 E.01852
G1 X92.3 Y131.553 E1.00405
G1 X92.3 Y132.115 E.01856
G1 X114.365 Y110.05 E1.03029
G1 X114.927 Y110.05 E.01856
G1 X92.3 Y132.677 E1.05653
G1 X92.3 Y133.238 E.01852
G1 X115.488 Y110.05 E1.08273
G1 X116.05 Y110.05 E.01856
G1 X92.3 Y133.8 E1.10897
G1 X92.3 Y134.361 E.01852
G1 X116.611 Y110.05 E1.13516
G1 X117.173 Y110.05 E.01856
G1 X92.3 Y134.923 E1.16141
G1 X92.3 Y135.484 E.01852
G1 X117.734 Y110.05 E1.1876
G1 X118.296 Y110.05 E.01856
G1 X92.3 Y136.046 E1.21384
G1 X93.306 Y135.601 F9000
G1 F7200
G1 X92.44 Y136.467 E.04044
G1 X92.3 Y136.47 E.00462
G1 X92.3 Y142.223 E.18995
G1 X95.066 Y139.457 E.12915
G1 X94.74 Y139.36 E.01123
G1 X94.023 Y138.831 E.02942
G1 X93.599 Y138.344 E.02132
G1 X93.27 Y137.671 E.02473
G1 X93.157 Y137.312 E.01243
G1 X93.145 Y136.355 E.0316
G1 X93.257 Y135.867 E.01653
G1 X93.447 Y135.461 E.0148
G1 X93.541 Y135.328 E.00538
;WIDTH:0.41146
G1 X93.636 Y135.196 E.00498
;WIDTH:0.38292
G1 X93.976 Y134.815 E.01444
G1 X94.509 Y134.351 E.01998
;WIDTH:0.41146
G1 X94.65 Y134.234 E.00561
;WIDTH:0.439999
G1 X94.79 Y134.117 E.00602
G1 X118.857 Y110.05 E1.12377
G1 X119.419 Y110.05 E.01856
G1 X95.549 Y133.92 E1.11457
G1 X96.18 Y133.85 E.02096
G1 X119.981 Y110.05 E1.11133
G1 X120.542 Y110.05 E.01852
G1 X96.742 Y133.85 E1.1113
G1 X97.303 Y133.851 E.01852
G1 X121.104 Y110.05 E1.11135
G1 X121.665 Y110.05 E.01852
G1 X97.864 Y133.851 E1.11135
G1 X98.426 Y133.851 E.01856
G1 X122.227 Y110.05 E1.11135
G1 X122.788 Y110.05 E.01852
G1 X98.987 Y133.851 E1.11135
G1 X99.548 Y133.851 E.01852
G1 X123.35 Y110.05 E1.11137
G1 X123.911 Y110.05 E.01852
G1 X100.11 Y133.852 E1.11137
G1 X100.671 Y133.852 E.01852
G1 X124.473 Y110.05 E1.1114
G1 X125.035 Y110.05 E.01856
G1 X101.232 Y133.852 E1.11142
G1 X101.794 Y133.852 E.01856
G1 X125.596 Y110.05 E1.1114
G1 X126.158 Y110.05 E.01856
G1 X102.308 Y133.899 E1.11362
G1 X102.772 Y133.997 E.01566
G1 X126.719 Y110.05 E1.11817
G1 X127.281 Y110.05 E.01856
G1 X103.213 Y134.117 E1.12379
G1 X103.557 Y134.335 E.01345
G1 X127.842 Y110.05 E1.13395
G1 X128.404 Y110.05 E.01856
G1 X103.865 Y134.589 E1.14581
G1 X104.172 Y134.843 E.01316
G1 X128.965 Y110.05 E1.15767
G1 X129.527 Y110.05 E.01856
G1 X104.41 Y135.167 E1.1728
G1 X104.593 Y135.545 E.01387
G1 X130.089 Y110.05 E1.19047
G1 X130.65 Y110.05 E.01852
G1 X104.77 Y135.93 E1.20843
G1 X104.86 Y136.402 E.01586
G1 X131.212 Y110.05 E1.23047
G1 X131.773 Y110.05 E.01852
G1 X104.859 Y136.965 E1.25673
G1 X104.242 Y138.344 F9000
;WIDTH:0.38292
G1 F7200
G1 X104.54 Y137.926 E.01451
;WIDTH:0.41146
G1 X104.64 Y137.786 E.00527
;WIDTH:0.439999
G1 X104.739 Y137.645 E.00569
G1 X132.335 Y110.05 E1.28853
G1 E-3.5 F3600
;WIPE_START
G1 F7200
G1 X130.102 Y112.283 E-1.5
;WIPE_END
G1 X95.512 Y139.572 F9000
G1 E5 F2400
G1 F7200
G1 X92.3 Y142.785 E.15
G1 X92.3 Y143.346 E.01852
G1 X95.996 Y139.65 E.17258
G1 X96.558 Y139.65 E.01856
G1 X92.3 Y143.908 E.19882
G1 X92.3 Y144.469 E.01852
G1 X97.119 Y139.65 E.22502
G1 X97.681 Y139.65 E.01856
G1 X92.3 Y145.031 E.25126
G1 X92.3 Y145.592 E.01852
G1 X98.242 Y139.65 E.27745
G1 X98.804 Y139.65 E.01856
G1 X92.3 Y146.154 E.30369
G1 X92.3 Y146.715 E.01852
G1 X99.365 Y139.65 E.32989
G1 X99.927 Y139.65 E.01856
G1 X92.3 Y147.277 E.35613
G1 X92.3 Y147.839 E.01856
G1 X100.489 Y139.65 E.38237
G1 X101.05 Y139.65 E.01852
G1 X92.3 Y148.4 E.40857
G1 X92.3 Y148.962 E.01856
G1 X101.612 Y139.65 E.43481
G1 X102.189 Y139.634 E.01906
G1 X92.3 Y149.523 E.46175
G1 X92.221 Y150.089 E.01887
;WIDTH:0.38292
G1 X92.18 Y150.1 E.0012
G1 X92.161 Y150.029 E.00208
G1 X92.232 Y150.048 E.00208
;WIDTH:0.41146
G1 X92.333 Y149.999 E.00344
;WIDTH:0.439999
G1 X92.435 Y149.95 E.00374
G1 X102.909 Y139.476 E.48907
G1 X103.076 Y139.372 E.0065
;WIDTH:0.41146
G1 X103.243 Y139.268 E.00603
;WIDTH:0.38292
G1 X103.038 Y139.285 E.00582
G1 E-3.5 F3600
;WIPE_START
G1 F7200
G1 X103.243 Y139.268 E-.09771
G1 X103.076 Y139.372 E-.09345
G1 X102.909 Y139.476 E-.09345
G1 X101.1 Y141.285 E-1.21539
;WIPE_END
G1 X92.745 Y150.096 F9000
G1 E5 F2400
G1 F7200
G1 X92.704 Y150.107 E.0012
G1 X92.685 Y150.036 E.00208
G1 X92.756 Y150.055 E.00208
;WIDTH:0.41146
G1 X92.876 Y150.003 E.00401
;WIDTH:0.439999
G1 X92.996 Y149.95 E.00433
G1 X132.896 Y110.05 E1.86307
G1 X133.458 Y110.05 E.01856
G1 X93.558 Y149.95 E1.86307
G1 X94.119 Y149.95 E.01852
G1 X134.019 Y110.05 E1.86307
G1 X134.581 Y110.05 E.01856
G1 X94.681 Y149.95 E1.86307
G1 X95.242 Y149.95 E.01852
G1 X135.143 Y110.05 E1.86309
G1 X135.704 Y110.05 E.01852
G1 X95.804 Y149.95 E1.86307
G1 X96.365 Y149.95 E.01852
G1 X136.266 Y110.05 E1.86309
G1 X136.827 Y110.05 E.01852
G1 X96.927 Y149.95 E1.86307
G1 X97.489 Y149.95 E.01856
G1 X137.389 Y110.05 E1.86307
G1 X137.95 Y110.05 E.01852
G1 X98.05 Y149.95 E1.86307
G1 X98.612 Y149.95 E.01856
G1 X138.512 Y110.05 E1.86307
G1 X139.073 Y110.05 E.01852
G1 X99.173 Y149.95 E1.86307
G1 X99.735 Y149.95 E.01856
G1 X139.635 Y110.05 E1.86307
G1 X140.197 Y110.05 E.01856
G1 X100.296 Y149.95 E1.86309
G1 X100.858 Y149.95 E.01856
G1 X140.758 Y110.05 E1.86307
G1 X141.32 Y110.05 E.01856
G1 X101.419 Y149.95 E1.86309
G1 X101.981 Y149.95 E.01856
G1 X141.881 Y110.05 E1.86307
G1 X142.443 Y110.05 E.01856
G1 X102.543 Y149.95 E1.86307
G1 X103.104 Y149.95 E.01852
G1 X143.004 Y110.05 E1.86307
G1 X143.566 Y110.05 E.01856
G1 X103.666 Y149.95 E1.86307
G1 X104.227 Y149.95 E.01852
G1 X144.127 Y110.05 E1.86307
G1 X144.689 Y110.05 E.01856
G1 X104.789 Y149.95 E1.86307
G1 X105.35 Y149.95 E.01852
G1 X145.251 Y110.05 E1.86309
G1 X145.812 Y110.05 E.01852
G1 X105.912 Y149.95 E1.86307
G1 X106.473 Y149.95 E.01852
G1 X146.374 Y110.05 E1.86309
G1 X146.935 Y110.05 E.01852
G1 X107.035 Y149.95 E1.86307
G1 X107.597 Y149.95 E.01856
G1 X147.497 Y110.05 E1.86307
G1 X148.058 Y110.05 E.01852
G1 X108.158 Y149.95 E1.86307
G1 X108.72 Y149.95 E.01856
G1 X148.62 Y110.05 E1.86307
G1 X149.181 Y110.05 E.01852
G1 X109.281 Y149.95 E1.86307
G1 X109.843 Y149.95 E.01856
G1 X149.743 Y110.05 E1.86307
G1 X150.305 Y110.05 E.01856
G1 X110.404 Y149.95 E1.86309
G1 X110.966 Y149.95 E.01856
G1 X150.866 Y110.05 E1.86307
G1 X151.428 Y110.05 E.01856
G1 X111.527 Y149.95 E1.86309
G1 X112.089 Y149.95 E.01856
G1 X151.989 Y110.05 E1.86307
G1 X152.551 Y110.05 E.01856
G1 X112.651 Y149.95 E1.86307
G1 X113.212 Y149.95 E.01852
G1 X153.112 Y110.05 E1.86307
G1 X153.674 Y110.05 E.01856
G1 X113.774 Y149.95 E1.86307
G1 X114.335 Y149.95 E.01852
G1 X154.235 Y110.05 E1.86307
G1 X154.797 Y110.05 E.01856
G1 X114.897 Y149.95 E1.86307
G1 X115.458 Y149.95 E.01852
G1 X155.359 Y110.05 E1.86309
G1 X155.92 Y110.05 E.01852
G1 X116.02 Y149.95 E1.86307
G1 X116.581 Y149.95 E.01852
G1 X156.482 Y110.05 E1.86309
G1 X157.043 Y110.05 E.01852
G1 X117.143 Y149.95 E1.86307
G1 X117.705 Y149.95 E.01856
G1 X157.605 Y110.05 E1.86307
G1 X158.166 Y110.05 E.01852
G1 X118.266 Y149.95 E1.86307
G1 X118.828 Y149.95 E.01856
G1 X158.728 Y110.05 E1.86307
G1 X159.289 Y110.05 E.01852
G1 X119.389 Y149.95 E1.86307
G1 X119.951 Y149.95 E.01856
G1 X159.851 Y110.05 E1.86307
G1 X160.412 Y110.05 E.01852
G1 X120.512 Y149.95 E1.86307
G1 X121.074 Y149.95 E.01856
G1 X160.974 Y110.05 E1.86307
G1 X161.536 Y110.05 E.01856
G1 X121.635 Y149.95 E1.86309
G1 X122.197 Y149.95 E.01856
G1 X162.097 Y110.05 E1.86307
G1 X162.659 Y110.05 E.01856
G1 X122.759 Y149.95 E1.86307
G1 X123.32 Y149.95 E.01852
G1 X163.22 Y110.05 E1.86307
G1 X163.782 Y110.05 E.01856
G1 X123.882 Y149.95 E1.86307
G1 X124.443 Y149.95 E.01852
G1 X164.343 Y110.05 E1.86307
G1 X164.905 Y110.05 E.01856
G1 X125.005 Y149.95 E1.86307
G1 X125.566 Y149.95 E.01852
G1 X165.466 Y110.05 E1.86307
G1 X166.028 Y110.05 E.01856
G1 X126.128 Y149.95 E1.86307
G1 X126.689 Y149.95 E.01852
G1 X166.59 Y110.05 E1.86309
G1 X167.151 Y110.05 E.01852
G1 X127.251 Y149.95 E1.86307
G1 X127.813 Y149.95 E.01856
G1 X167.7 Y110.063 E1.86246
G1 X167.7 Y110.624 E.01852
G1 X128.374 Y149.95 E1.83627
G1 X128.936 Y149.95 E.01856
G1 X167.7 Y111.186 E1.81002
G1 X167.7 Y111.747 E.01852
G1 X129.497 Y149.95 E1.78383
G1 X130.059 Y149.95 E.01856
G1 X167.7 Y112.309 E1.75759
G1 X167.7 Y112.87 E.01852
G1 X130.62 Y149.95 E1.73139
G1 X131.182 Y149.95 E.01856
G1 X167.7 Y113.432 E1.70515
G1 X167.7 Y113.993 E.01852
G1 X131.743 Y149.95 E1.67896
G1 X132.305 Y149.95 E.01856
G1 X167.7 Y114.555 E1.65271
G1 X167.7 Y115.117 E.01856
G1 X132.866 Y149.95 E1.6265
G1 X133.428 Y149.95 E.01856
G1 X167.7 Y115.678 E1.60028
G1 X167.7 Y116.24 E.01856
G1 X133.99 Y149.95 E1.57404
G1 X134.551 Y149.95 E.01852
G1 X167.7 Y116.801 E1.54784
G1 X167.7 Y117.363 E.01856
G1 X135.113 Y149.95 E1.5216
G1 X135.674 Y149.95 E.01852
G1 X167.7 Y117.924 E1.4954
G1 X167.7 Y118.486 E.01856
G1 X136.236 Y149.95 E1.46916
G1 X136.797 Y149.95 E.01852
G1 X167.7 Y119.047 E1.44297
G1 X167.7 Y119.609 E.01856
G1 X137.359 Y149.95 E1.41673
G1 X137.92 Y149.95 E.01852
G1 X167.7 Y120.17 E1.39053
G1 X167.7 Y120.732 E.01856
G1 X138.482 Y149.95 E1.36429
G1 X139.044 Y149.95 E.01856
G1 X167.7 Y121.294 E1.33805
G1 X167.7 Y121.855 E.01852
G1 X139.605 Y149.95 E1.31185
G1 X140.167 Y149.95 E.01856
G1 X167.7 Y122.417 E1.28561
G1 X167.7 Y122.978 E.01852
G1 X140.728 Y149.95 E1.25942
G1 X141.29 Y149.95 E.01856
G1 X167.7 Y123.54 E1.23317
G1 X167.7 Y124.101 E.01852
G1 X141.851 Y149.95 E1.20698
G1 X142.413 Y149.95 E.01856
G1 X167.7 Y124.663 E1.18074
G1 X167.7 Y125.224 E.01852
G1 X142.974 Y149.95 E1.15454
G1 X143.536 Y149.95 E.01856
G1 X167.7 Y125.786 E1.1283
G1 X167.7 Y126.348 E.01856
G1 X144.098 Y149.95 E1.10206
G1 X144.659 Y149.95 E.01852
G1 X167.7 Y126.909 E1.07586
G1 X167.7 Y127.471 E.01856
G1 X145.221 Y149.95 E1.04962
G1 X145.782 Y149.95 E.01852
G1 X167.7 Y128.032 E1.02343
G1 X167.7 Y128.594 E.01856
G1 X146.344 Y149.95 E.99719
G1 X146.505 Y150.003 E.0056
;WIDTH:0.41146
G1 X146.666 Y150.055 E.00518
;WIDTH:0.38292
G1 X146.595 Y150.036 E.00208
G1 X146.614 Y150.107 E.00208
G1 X146.655 Y150.096 E.0012
G1 E-3.5 F3600
;WIPE_START
G1 F7200
G1 X146.614 Y150.107 E-.02016
G1 X146.595 Y150.036 E-.03491
G1 X146.666 Y150.055 E-.03491
G1 X146.505 Y150.003 E-.08036
G1 X146.344 Y149.95 E-.08051
G1 X148.204 Y148.09 E-1.24915
;WIPE_END
G1 X162.694 Y134.161 F9000
G1 E5 F2400
;WIDTH:0.439999
G1 F7200
G1 X167.7 Y129.155 E.23375
G1 X167.7 Y129.717 E.01856
G1 X163.475 Y133.942 E.19728
G1 X163.355 Y134.013 E.0046
;WIDTH:0.41146
G1 X163.236 Y134.084 E.00425
;WIDTH:0.38292
G1 X163.164 Y134.065 E.00211
G1 X163.183 Y134.136 E.00208
G1 X163.225 Y134.125 E.00123
G1 X162.414 Y134.4 F9000
G1 F7200
G1 X161.979 Y134.786 E.01644
G1 X161.707 Y135.079 E.0113
;WIDTH:0.41146
G1 X161.601 Y135.22 E.00541
;WIDTH:0.439999
G1 X161.496 Y135.36 E.00578
G1 X146.905 Y149.95 E.68128
G1 X147.467 Y149.95 E.01856
G1 X161.151 Y136.267 E.63893
G1 X161.243 Y136.141 E.00515
;WIDTH:0.41146
G1 X161.336 Y136.016 E.00477
;WIDTH:0.38292
G1 X161.295 Y136.027 E.0012
G1 X161.276 Y135.956 E.00208
G1 X161.347 Y135.975 E.00208
G1 X161.142 Y136.837 F9000
;WIDTH:0.439999
G1 F7200
G1 X148.028 Y149.95 E.61231
G1 X148.59 Y149.95 E.01856
G1 X161.17 Y137.371 E.58738
G1 X161.324 Y137.778 E.01437
G1 X149.152 Y149.95 E.56835
G1 X149.713 Y149.95 E.01852
G1 X161.505 Y138.158 E.55061
G1 X161.709 Y138.516 E.0136
G1 X150.275 Y149.95 E.53389
G1 X150.836 Y149.95 E.01852
G1 X161.986 Y138.801 E.52061
G1 X162.3 Y139.048 E.01319
G1 X151.398 Y149.95 E.50905
G1 X151.959 Y149.95 E.01852
G1 X162.616 Y139.294 E.49759
G1 X163.018 Y139.453 E.01427
G1 X152.521 Y149.95 E.49014
G1 X153.082 Y149.95 E.01852
G1 X163.472 Y139.56 E.48514
G1 X163.954 Y139.64 E.01613
G1 X153.644 Y149.95 E.48141
G1 X154.206 Y149.95 E.01856
G1 X164.612 Y139.544 E.48589
G1 X165.528 Y139.189 F9000
G1 F7200
G1 X154.767 Y149.95 E.50247
G1 E-3.5 F3600
;WIPE_START
G1 F7200
G1 X157 Y147.717 E-1.5
;WIPE_END
G1 X164.12 Y133.858 F9000
G1 E5 F2400
G1 F7200
G1 X167.7 Y130.278 E.16716
G1 X167.7 Y130.84 E.01856
G1 X164.589 Y133.951 E.14526
G1 X165.042 Y134.06 E.01538
G1 X167.7 Y131.402 E.12411
G1 X167.7 Y131.963 E.01852
G1 X165.423 Y134.24 E.10632
G1 E-3.5 F3600
;WIPE_START
G1 F7200
G1 X167.656 Y132.007 E-1.5
;WIPE_END
G1 X167.56 Y132.665 F9000
G1 E5 F2400
G1 F7200
G1 X165.743 Y134.482 E.08484
G1 X166.089 Y134.764 E.01474
G1 X166.401 Y135.156 E.01654
G1 X166.729 Y135.825 E.0246
G1 X166.855 Y136.355 E.01799
G1 X166.843 Y137.299 E.03117
G1 X167.26 Y136.896 E.01915
G1 X167.362 Y136.841 E.00383
G1 X167.541 Y136.896 E.00618
G1 X167.7 Y137.055 E.00742
G1 X167.7 Y132.525 E.14957
G1 X167.303 Y133.483 F9000
G1 F7200
G1 X167.303 Y135.759 E.07515
;WIDTH:0.467759
G1 X167.289 Y136.025 E.00941
;WIDTH:0.495518
G1 X167.275 Y136.292 E.01006
G1 X167.267 Y136.261 E.0012
;WIDTH:0.491094
G1 X167.177 Y135.957 E.01181
;WIDTH:0.465547
G1 X167.086 Y135.653 E.01115
;WIDTH:0.439999
G1 X166.711 Y134.908 E.02754
G1 X166.334 Y134.452 E.01954
G1 X167.163 Y133.624 E.03869
G1 X166.943 Y134.462 F9000
;WIDTH:0.467822
G1 F7200
G1 X166.906 Y134.424 E.00187
G1 X166.854 Y134.438 E.0019
G1 X166.841 Y134.489 E.00186
G1 X166.878 Y134.527 E.00187
G1 X166.93 Y134.513 E.0019
G1 X167.275 Y136.292 F9000
;WIDTH:0.495518
G1 F7200
G1 X167.28 Y136.429 E.00516
G1 X167.4 Y137.317 F9000
;WIDTH:0.439999
G1 F7200
G1 X166.316 Y138.42 E.05106
;WIDTH:0.413358
G1 X166.194 Y138.561 E.00574
;WIDTH:0.397762
G1 X165.809 Y138.939 E.01592
G1 E-3.5 F3600
;WIPE_START
G1 F7200
G1 X166.194 Y138.561 E-.25628
G1 X166.316 Y138.42 E-.08857
G1 X167.4 Y137.317 E-.73459
;WIPE_END
G1 E-.42056 F3600
G1 X167.7 Y137.579 F9000
G1 E5 F2400
;WIDTH:0.439999
G1 F7200
G1 X155.329 Y149.95 E.57764
G1 X155.89 Y149.95 E.01852
G1 X167.7 Y138.14 E.55145
G1 X167.7 Y138.702 E.01856
G1 X156.452 Y149.95 E.52521
G1 X157.013 Y149.95 E.01852
G1 X167.7 Y139.263 E.49901
G1 X167.7 Y139.825 E.01856
G1 X157.575 Y149.95 E.47277
G1 X158.136 Y149.95 E.01852
G1 X167.7 Y140.386 E.44658
G1 X167.7 Y140.948 E.01856
G1 X158.698 Y149.95 E.42033
G1 X159.26 Y149.95 E.01856
G1 X167.7 Y141.51 E.39409
G1 X167.7 Y142.071 E.01852
G1 X159.821 Y149.95 E.3679
G1 X160.383 Y149.95 E.01856
G1 X167.7 Y142.633 E.34166
G1 X167.7 Y143.194 E.01852
G1 X160.944 Y149.95 E.31546
G1 X161.506 Y149.95 E.01856
G1 X167.7 Y143.756 E.28922
G1 X167.7 Y144.317 E.01852
G1 X162.067 Y149.95 E.26302
G1 X162.629 Y149.95 E.01856
G1 X167.7 Y144.879 E.23678
G1 X167.7 Y145.44 E.01852
G1 X163.19 Y149.95 E.21059
G1 X163.752 Y149.95 E.01856
G1 X167.7 Y146.002 E.18435
G1 X167.7 Y146.564 E.01856
G1 X164.314 Y149.95 E.1581
G1 X164.875 Y149.95 E.01852
G1 X167.7 Y147.125 E.13191
G1 X167.923 Y147.52 E.01498
;WIDTH:0.486578
G1 X167.884 Y147.481 E.00203
G1 X167.83 Y147.495 E.00206
G1 X167.816 Y147.549 E.00206
G1 X167.855 Y147.588 E.00203
G1 X167.909 Y147.573 E.00207
G1 X167.7 Y147.687 E.00878
;WIDTH:0.439999
G1 X165.437 Y149.95 E.10567
G1 X165.375 Y150.05 E.00388
;WIDTH:0.41146
G1 X165.314 Y150.15 E.00359
;WIDTH:0.38292
G1 X165.273 Y150.161 E.0012
G1 X165.254 Y150.09 E.00208
G1 X165.325 Y150.109 E.00208
G1 E-3.5 F3600
;WIPE_START
G1 F7200
G1 X165.254 Y150.09 E-.03491
G1 X165.273 Y150.161 E-.03491
G1 X165.314 Y150.15 E-.02016
G1 X165.375 Y150.05 E-.05564
G1 X165.437 Y149.95 E-.05589
G1 X167.37 Y148.017 E-1.29849
;WIPE_END
G1 X167.56 Y148.389 F9000
G1 E5 F2400
;WIDTH:0.439999
G1 F7200
G1 X165.998 Y149.95 E.07291
G1 X167.7 Y149.95 E.0562
G1 X167.7 Y148.248 E.0562
G1 X167.274 Y149.432 F9000
;WIDTH:0.64277
G1 F7200
G1 X167.221 Y149.379 E.00374
G1 X167.149 Y149.399 E.00373
G1 X167.129 Y149.471 E.00373
G1 X167.182 Y149.524 E.00374
G1 X167.255 Y149.505 E.00376
G1 E-3.5 F3600
;WIPE_START
G1 F7200
G1 X167.182 Y149.524 E-.03583
G1 X167.129 Y149.471 E-.0356
G1 X167.149 Y149.399 E-.03549
G1 X167.221 Y149.379 E-.03549
G1 X167.274 Y149.432 E-.0356
;WIPE_END
G1 E-1.32199 F3600
G1 X92.727 Y137.603 F9000
G1 E5 F2400
;WIDTH:0.500046
G1 F7200
G1 X92.712 Y138.1 E.0189
;WIDTH:0.470023
G1 X92.697 Y138.598 E.01769
;WIDTH:0.439999
G1 X92.697 Y141.264 E.08802
G1 X94.365 Y139.596 E.07788
G1 X93.775 Y139.142 E.02458
G1 X93.601 Y138.983 E.00778
G1 X93.289 Y138.592 E.01652
G1 X92.912 Y137.844 E.02766
;WIDTH:0.47601
G1 X92.822 Y137.624 E.00856
;WIDTH:0.51202
G1 X92.733 Y137.404 E.00926
G1 X92.72 Y136.781 E.02431
G1 E-3.5 F3600
;WIPE_START
G1 F7200
G1 X92.733 Y137.404 E-.29599
G1 X92.822 Y137.624 E-.11273
G1 X92.912 Y137.844 E-.11291
G1 X93.289 Y138.592 E-.39788
G1 X93.601 Y138.983 E-.23761
G1 X93.775 Y139.142 E-.11196
G1 X94.161 Y139.438 E-.23092
;WIPE_END
G1 X93.128 Y139.083 F9000
G1 E5 F2400
;WIDTH:0.508573
G1 F7200
G1 X93.264 Y139.252 E.0084
G1 X93.71 Y139.641 E.02291
G1 X93.128 Y140.223 E.03187
G1 X93.128 Y139.281 E.03647
;LAYER_CHANGE
;Z:2.6
;HEIGHT:0.2
;BEFORE_LAYER_CHANGE
G92 E0
;2.6


G1 E-3.5 F3600
;WIPE_START
G1 F7200
G1 X93.128 Y140.223 E-.44745
G1 X93.71 Y139.641 E-.39096
G1 X93.264 Y139.252 E-.28111
G1 X93.128 Y139.083 E-.10304
;WIPE_END
G1 E-.27744 F3600
G1 Z2.6 F9000
;AFTER_LAYER_CHANGE
;2.6
G1 X161.488 Y137.323
G1 E5 F2400
;TYPE:Perimeter
;WIDTH:0.439999
G1 F3600
G1 X161.447 Y137.164 E.00542
G1 X161.446 Y136.389 E.02559
G1 X161.471 Y136.168 E.00734
G1 X161.855 Y135.317 E.03083
G1 X162.085 Y135.012 E.01261
G1 X162.69 Y134.528 E.02558
G1 X162.989 Y134.366 E.01123
G1 X163.784 Y134.18 E.02696
G1 X164.05 Y134.157 E.00882
G1 X164.92 Y134.34 E.02935
G1 X165.31 Y134.528 E.01429
G1 X165.875 Y134.978 E.02385
G1 X166.145 Y135.317 E.01431
G1 X166.458 Y135.967 E.02382
G1 X166.554 Y136.389 E.01429
G1 X166.554 Y137.111 E.02384
G1 X166.458 Y137.533 E.01429
G1 X166.145 Y138.183 E.02382
G1 X165.875 Y138.522 E.01431
G1 X165.31 Y138.972 E.02385
G1 X164.92 Y139.16 E.01429
G1 X164.216 Y139.32 E.02384
G1 X163.906 Y139.34 E.01026
G1 X163.08 Y139.16 E.02791
G1 X162.775 Y139.033 E.01091
G1 X162.125 Y138.522 E.0273
G1 X161.893 Y138.254 E.0117
G1 X161.542 Y137.533 E.02648
G1 X161.503 Y137.381 E.00518
G1 X161.872 Y137.236 F9000
G1 F3600
G1 X161.843 Y137.111 E.00424
G1 X161.843 Y136.389 E.02384
G1 X161.858 Y136.258 E.00435
G1 X162.213 Y135.489 E.02797
G1 X162.373 Y135.289 E.00846
G1 X162.941 Y134.836 E.02399
G1 X163.168 Y134.727 E.00831
G1 X163.872 Y134.567 E.02384
G1 X164.128 Y134.567 E.00845
G1 X164.832 Y134.727 E.02384
G1 X165.063 Y134.839 E.00848
G1 X165.627 Y135.289 E.02382
G1 X165.787 Y135.489 E.00846
G1 X166.1 Y136.139 E.02382
G1 X166.157 Y136.389 E.00847
G1 X166.157 Y137.111 E.02384
G1 X166.1 Y137.361 E.00847
G1 X165.787 Y138.011 E.02382
G1 X165.627 Y138.211 E.00846
G1 X165.063 Y138.661 E.02382
G1 X164.832 Y138.773 E.00848
G1 X164.128 Y138.933 E.02384
G1 X163.872 Y138.933 E.00845
G1 X163.168 Y138.773 E.02384
G1 X162.937 Y138.661 E.00848
G1 X162.373 Y138.211 E.02382
G1 X162.213 Y138.011 E.00846
G1 X161.9 Y137.361 E.02382
G1 X161.885 Y137.294 E.00227
G1 X162.248 Y137.149 F9000
;TYPE:External perimeter
;WIDTH:0.419999
G1 F3600
G1 X162.235 Y136.346 E.02518
G1 X162.562 Y135.657 E.02391
G1 X163.179 Y135.141 E.02522
G1 X163.958 Y134.944 E.02519
G1 X164.746 Y135.105 E.02522
G1 X165.386 Y135.591 E.0252
G1 X165.751 Y136.307 E.0252
G1 X165.77 Y137.111 E.02522
G1 X165.438 Y137.843 E.0252
G1 X164.821 Y138.359 E.02522
G1 X164.042 Y138.556 E.02519
G1 X163.254 Y138.395 E.02522
G1 X162.614 Y137.909 E.0252
G1 X162.256 Y137.207 E.02471
G1 E-3.5
;WIPE_START
G1 F7200
G1 X162.248 Y137.149 E-.02781
G1 X162.235 Y136.346 E-.38147
G1 X162.562 Y135.657 E-.36226
G1 X163.179 Y135.141 E-.38206
G1 X163.886 Y134.962 E-.3464
;WIPE_END
G1 X104.514 Y137.324 F9000
G1 E5 F2400
;TYPE:Perimeter
;WIDTH:0.439999
G1 F3600
G1 X104.487 Y137.467 E.0048
G1 X104.145 Y138.183 E.0262
G1 X103.946 Y138.459 E.01123
G1 X103.31 Y138.972 E.02698
G1 X103.029 Y139.128 E.01061
G1 X102.219 Y139.32 E.02749
G1 X102.002 Y139.344 E.00721
G1 X95.998 Y139.344 E.19824
G1 X95.08 Y139.16 E.03091
G1 X94.69 Y138.972 E.01429
G1 X94.125 Y138.522 E.02385
G1 X93.855 Y138.183 E.01431
G1 X93.542 Y137.533 E.02382
G1 X93.446 Y137.111 E.01429
G1 X93.446 Y136.389 E.02384
G1 X93.542 Y135.967 E.01429
G1 X93.855 Y135.317 E.02382
G1 X94.125 Y134.978 E.01431
G1 X94.69 Y134.528 E.02385
G1 X95.08 Y134.34 E.01429
G1 X95.781 Y134.18 E.02374
G1 X95.998 Y134.156 E.00721
G1 X102.002 Y134.156 E.19824
G1 X102.92 Y134.34 E.03091
G1 X103.269 Y134.497 E.01264
G1 X103.875 Y134.978 E.02555
G1 X104.102 Y135.239 E.01142
G1 X104.458 Y135.967 E.02676
G1 X104.549 Y136.293 E.01118
G1 X104.554 Y137.111 E.02701
G1 X104.525 Y137.265 E.00517
G1 X104.128 Y137.236 F9000
G1 F3600
G1 X104.1 Y137.361 E.00423
G1 X103.787 Y138.011 E.02382
G1 X103.627 Y138.211 E.00846
G1 X103.063 Y138.661 E.02382
G1 X102.832 Y138.773 E.00848
G1 X102.131 Y138.933 E.02374
G1 X102.002 Y138.947 E.00428
G1 X95.998 Y138.947 E.19824
G1 X95.168 Y138.773 E.028
G1 X94.937 Y138.661 E.00848
G1 X94.373 Y138.211 E.02382
G1 X94.213 Y138.011 E.00846
G1 X93.9 Y137.361 E.02382
G1 X93.843 Y137.111 E.00847
G1 X93.843 Y136.389 E.02384
G1 X93.9 Y136.139 E.00847
G1 X94.213 Y135.489 E.02382
G1 X94.373 Y135.289 E.00846
G1 X94.937 Y134.839 E.02382
G1 X95.168 Y134.727 E.00848
G1 X95.869 Y134.567 E.02374
G1 X95.998 Y134.553 E.00428
G1 X102.002 Y134.553 E.19824
G1 X102.832 Y134.727 E.028
G1 X103.063 Y134.839 E.00848
G1 X103.627 Y135.289 E.02382
G1 X103.787 Y135.489 E.00846
G1 X104.1 Y136.139 E.02382
G1 X104.157 Y136.389 E.00847
G1 X104.157 Y137.111 E.02384
G1 X104.142 Y137.177 E.00223
G1 X103.752 Y137.151 F9000
;TYPE:External perimeter
;WIDTH:0.419999
G1 F3600
G1 X103.438 Y137.843 E.02383
G1 X102.821 Y138.359 E.02522
G1 X102.044 Y138.555 E.02513
G1 X95.998 Y138.56 E.18957
G1 X95.254 Y138.395 E.02389
G1 X94.614 Y137.909 E.0252
G1 X94.249 Y137.193 E.0252
G1 X94.23 Y136.389 E.02522
G1 X94.562 Y135.657 E.0252
G1 X95.179 Y135.141 E.02522
G1 X95.956 Y134.945 E.02513
G1 X102.002 Y134.94 E.18957
G1 X102.746 Y135.105 E.02389
G1 X103.386 Y135.591 E.0252
G1 X103.751 Y136.307 E.0252
G1 X103.77 Y137.095 E.02471
G1 E-3.5
;WIPE_START
G1 F7200
G1 X103.752 Y137.151 E-.02794
G1 X103.438 Y137.843 E-.36096
G1 X102.821 Y138.359 E-.38206
G1 X102.044 Y138.555 E-.38064
G1 X101.31 Y138.556 E-.3484
;WIPE_END
G1 X91.994 Y150.256 F9000
G1 E5 F2400
;TYPE:Perimeter
;WIDTH:0.439999
G1 F7200
G1 X91.994 Y109.744 E1.33759
G1 X168.006 Y109.744 E2.50971
G1 X168.006 Y123.611 E.45785
G1 X168.006 Y150.256 E.87974
G1 X92.054 Y150.256 E2.50773
G1 X91.597 Y150.653 F9000
G1 F7200
G1 X91.597 Y109.347 E1.36381
G1 X168.403 Y109.347 E2.53592
G1 X168.403 Y123.611 E.47096
G1 X168.403 Y150.653 E.89285
G1 X91.657 Y150.653 E2.53394
G1 X91.21 Y151.04 F9000
;TYPE:External perimeter
;WIDTH:0.419999
G1 F3600
G1 X91.21 Y108.96 E1.31939
G1 X168.79 Y108.96 E2.43246
G1 X168.79 Y123.611 E.45937
G1 X168.79 Y151.04 E.86002
G1 X91.27 Y151.04 E2.43058
G1 X92.332 Y149.842 F9000
;TYPE:Solid infill
;WIDTH:0.53634
G1 F7200
G1 X92.289 Y149.886 E.00252
G1 X92.304 Y149.946 E.00254
G1 X92.364 Y149.962 E.00255
G1 X92.408 Y149.918 E.00255
G1 X92.392 Y149.858 E.00255
;WIDTH:0.439999
G1 X92.3 Y149.224 E.02115
G1 X93.026 Y149.95 E.0339
G1 X93.587 Y149.95 E.01852
G1 X92.3 Y148.663 E.06009
G1 X92.3 Y148.101 E.01856
G1 X94.149 Y149.95 E.08634
G1 X94.711 Y149.95 E.01856
G1 X92.3 Y147.539 E.11258
G1 X92.3 Y146.978 E.01852
G1 X95.272 Y149.95 E.13877
G1 X95.834 Y149.95 E.01856
G1 X92.3 Y146.416 E.16501
G1 X92.3 Y145.855 E.01852
G1 X96.395 Y149.95 E.19121
G1 X96.957 Y149.95 E.01856
G1 X92.3 Y145.293 E.21745
G1 X92.3 Y144.732 E.01852
G1 X97.518 Y149.95 E.24365
G1 X98.08 Y149.95 E.01856
G1 X92.3 Y144.17 E.26989
G1 X92.3 Y143.609 E.01852
G1 X98.641 Y149.95 E.29608
G1 X99.203 Y149.95 E.01856
G1 X92.3 Y143.047 E.32232
G1 X92.3 Y142.485 E.01856
G1 X99.765 Y149.95 E.34857
G1 X100.326 Y149.95 E.01852
G1 X92.3 Y141.924 E.37476
G1 X92.3 Y141.362 E.01856
G1 X100.888 Y149.95 E.401
G1 X101.449 Y149.95 E.01852
G1 X92.3 Y140.801 E.4272
G1 X92.3 Y140.239 E.01856
G1 X102.011 Y149.95 E.45344
G1 X102.572 Y149.95 E.01852
G1 X92.3 Y139.678 E.47964
G1 X92.3 Y139.116 E.01856
G1 X103.134 Y149.95 E.50588
G1 X103.695 Y149.95 E.01852
G1 X92.3 Y138.555 E.53207
G1 X92.3 Y137.993 E.01856
G1 X104.257 Y149.95 E.55831
G1 X104.819 Y149.95 E.01856
G1 X92.3 Y137.431 E.58456
G1 X92.481 Y137.051 E.0139
G1 X93.426 Y137.996 E.04413
G1 X93.166 Y137.356 E.02281
G1 X93.14 Y136.72 E.02102
G1 X93.145 Y136.355 E.01205
G1 X93.257 Y135.867 E.01653
G1 X93.576 Y135.193 E.02462
G1 X93.911 Y134.764 E.01797
G1 X94.726 Y134.149 E.03371
G1 X95.084 Y134.039 E.01237
G1 X92.3 Y131.254 E.13002
G1 X92.3 Y137.008 E.18998
G1 X92.72 Y136.696 E.01727
;WIDTH:0.50185
G1 X92.728 Y136.26 E.01664
G1 X92.712 Y136.01 E.00956
;WIDTH:0.470925
G1 X92.697 Y135.759 E.00895
;WIDTH:0.439999
G1 X92.697 Y132.213 E.11708
G1 X94.389 Y133.905 E.07901
G1 X93.601 Y134.517 E.03294
G1 X93.218 Y135.021 E.0209
G1 X92.869 Y135.779 E.02755
;WIDTH:0.47737
G1 X92.784 Y136.069 E.01092
G1 X93.131 Y134.409 F9000
;WIDTH:0.51448
G1 F7200
G1 X93.131 Y133.262 E.04497
G1 X93.727 Y133.857 E.03302
G1 X93.508 Y134.02 E.0107
G1 X93.269 Y134.266 E.01345
G1 E-3.5 F3600
;WIPE_START
G1 F7200
G1 X93.508 Y134.02 E-.16292
G1 X93.727 Y133.857 E-.12968
G1 X93.131 Y133.262 E-.40003
G1 X93.131 Y134.409 E-.54482
;WIPE_END
G1 E-.26255 F3600
G1 X95.531 Y133.924 F9000
G1 E5 F2400
;WIDTH:0.439999
G1 F7200
G1 X92.3 Y130.693 E.15087
G1 X92.3 Y130.131 E.01856
G1 X96.019 Y133.85 E.17365
G1 X96.581 Y133.85 E.01856
G1 X92.3 Y129.57 E.19987
G1 X92.3 Y129.008 E.01856
G1 X97.142 Y133.851 E.22611
G1 X97.704 Y133.851 E.01856
G1 X92.3 Y128.447 E.25233
G1 X92.3 Y127.885 E.01856
G1 X98.266 Y133.851 E.27857
G1 X98.828 Y133.851 E.01856
G1 X92.3 Y127.323 E.30481
G1 X92.3 Y126.762 E.01852
G1 X99.389 Y133.851 E.33101
G1 X99.951 Y133.852 E.01856
G1 X92.3 Y126.2 E.35727
G1 X92.3 Y125.639 E.01852
G1 X100.513 Y133.852 E.38349
G1 X101.075 Y133.852 E.01856
G1 X92.3 Y125.077 E.40973
G1 X92.3 Y124.516 E.01852
G1 X101.636 Y133.852 E.43593
G1 X102.228 Y133.882 E.01957
G1 X92.3 Y123.954 E.46357
G1 X92.173 Y123.071 F9000
;WIDTH:0.38292
G1 F7200
G1 X92.154 Y123.142 E.00208
G1 X92.225 Y123.123 E.00208
G1 X92.214 Y123.082 E.0012
;WIDTH:0.41146
G1 X92.257 Y123.237 E.00493
;WIDTH:0.439999
G1 X92.3 Y123.393 E.00534
G1 X102.939 Y134.032 E.49677
G1 E-3.5 F3600
;WIPE_START
G1 F7200
G1 X100.706 Y131.799 E-1.5
;WIPE_END
G1 X94.825 Y139.395 F9000
G1 E5 F2400
G1 F7200
G1 X105.38 Y149.95 E.49285
G1 X105.942 Y149.95 E.01856
G1 X95.579 Y139.587 E.48388
G1 X95.511 Y139.492 E.00386
;WIDTH:0.41146
G1 X95.443 Y139.396 E.00361
;WIDTH:0.38292
G1 X94.526 Y139.168 E.02671
G1 X93.982 Y138.68 E.02066
G1 X93.648 Y138.306 E.01418
G1 E-3.5 F3600
;WIPE_START
G1 F7200
G1 X93.982 Y138.68 E-.23818
G1 X94.526 Y139.168 E-.34713
G1 X95.443 Y139.396 E-.44884
G1 X95.511 Y139.492 E-.05588
G1 X95.579 Y139.587 E-.05549
G1 X96.107 Y140.115 E-.35448
;WIPE_END
G1 X96.203 Y139.65 F9000
G1 E5 F2400
;WIDTH:0.439999
G1 F7200
G1 X106.503 Y149.95 E.48094
G1 X107.065 Y149.95 E.01856
G1 X96.765 Y139.65 E.48094
G1 X97.326 Y139.65 E.01852
G1 X107.626 Y149.95 E.48094
G1 X108.188 Y149.95 E.01856
G1 X97.888 Y139.65 E.48094
G1 X98.449 Y139.65 E.01852
G1 X108.749 Y149.95 E.48094
G1 X109.311 Y149.95 E.01856
G1 X99.011 Y139.65 E.48094
G1 X99.572 Y139.65 E.01852
G1 X109.873 Y149.95 E.48097
G1 X110.434 Y149.95 E.01852
G1 X100.134 Y139.65 E.48094
G1 X100.695 Y139.65 E.01852
G1 X110.996 Y149.95 E.48097
G1 X111.557 Y149.95 E.01852
G1 X101.257 Y139.65 E.48094
G1 X101.819 Y139.65 E.01856
G1 X112.119 Y149.95 E.48094
G1 X112.68 Y149.95 E.01852
G1 X102.336 Y139.605 E.48302
G1 X102.794 Y139.502 E.0155
G1 X113.242 Y149.95 E.48785
G1 X113.803 Y149.95 E.01852
G1 X103.227 Y139.374 E.49383
G1 X103.57 Y139.155 E.01344
G1 X114.365 Y149.95 E.50406
G1 X114.927 Y149.95 E.01856
G1 X103.883 Y138.906 E.51568
G1 X104.184 Y138.646 E.01313
G1 X115.488 Y149.95 E.52782
G1 X116.05 Y149.95 E.01856
G1 X104.416 Y138.316 E.54323
G1 X104.598 Y137.937 E.01388
G1 X116.611 Y149.95 E.56093
G1 X117.173 Y149.95 E.01856
G1 X104.779 Y137.556 E.57872
G1 X104.678 Y136.889 E.02227
;WIDTH:0.38292
G1 X104.659 Y136.96 E.00208
G1 X104.73 Y136.941 E.00208
G1 X104.719 Y136.9 E.0012
;WIDTH:0.41146
G1 X104.789 Y136.987 E.00342
;WIDTH:0.439999
G1 X117.734 Y149.95 E.60487
G1 X118.296 Y149.95 E.01856
G1 X104.86 Y136.514 E.62737
G1 X104.128 Y135.011 F9000
;WIDTH:0.38292
G1 F7200
G1 X104.524 Y135.535 E.01857
;WIDTH:0.41146
G1 X104.624 Y135.676 E.0053
;WIDTH:0.439999
G1 X104.723 Y135.816 E.00566
G1 X118.857 Y149.95 E.65997
G1 X119.419 Y149.95 E.01856
G1 X92.3 Y122.831 E1.26628
G1 X92.3 Y122.269 E.01856
G1 X119.981 Y149.95 E1.29252
G1 X120.542 Y149.95 E.01852
G1 X92.3 Y121.708 E1.31872
G1 X92.3 Y121.146 E.01856
G1 X121.104 Y149.95 E1.34496
G1 X121.665 Y149.95 E.01852
G1 X92.3 Y120.585 E1.37115
G1 X92.3 Y120.023 E.01856
G1 X122.227 Y149.95 E1.39739
G1 X122.788 Y149.95 E.01852
G1 X92.3 Y119.462 E1.42359
G1 X92.3 Y118.9 E.01856
G1 X123.35 Y149.95 E1.44983
G1 X123.911 Y149.95 E.01852
G1 X92.3 Y118.339 E1.47603
G1 X92.3 Y117.777 E.01856
G1 X124.473 Y149.95 E1.50227
G1 X125.035 Y149.95 E.01856
G1 X92.3 Y117.215 E1.52851
G1 X92.3 Y116.654 E.01852
G1 X125.596 Y149.95 E1.5547
G1 X126.158 Y149.95 E.01856
G1 X92.3 Y116.092 E1.58095
G1 X92.3 Y115.531 E.01852
G1 X126.719 Y149.95 E1.60714
G1 X127.281 Y149.95 E.01856
G1 X92.3 Y114.969 E1.63338
G1 X92.3 Y114.408 E.01852
G1 X127.842 Y149.95 E1.65958
G1 X128.404 Y149.95 E.01856
G1 X92.3 Y113.846 E1.68582
G1 X92.3 Y113.285 E.01852
G1 X128.965 Y149.95 E1.71202
G1 X129.527 Y149.95 E.01856
G1 X92.3 Y112.723 E1.73826
G1 X92.3 Y112.161 E.01856
G1 X130.089 Y149.95 E1.7645
G1 X130.65 Y149.95 E.01852
G1 X92.3 Y111.6 E1.79069
G1 X92.3 Y111.038 E.01856
G1 X131.212 Y149.95 E1.81694
G1 X131.773 Y149.95 E.01852
G1 X92.3 Y110.477 E1.84313
G1 X92.18 Y109.9 E.01946
;WIDTH:0.38292
G1 X92.161 Y109.971 E.00208
G1 X92.232 Y109.952 E.00208
G1 X92.221 Y109.911 E.0012
;WIDTH:0.41146
G1 X92.328 Y109.98 E.0039
;WIDTH:0.439999
G1 X92.435 Y110.05 E.00422
G1 X132.335 Y149.95 E1.86307
G1 X132.896 Y149.95 E.01852
G1 X92.996 Y110.05 E1.86307
G1 X93.558 Y110.05 E.01856
G1 X133.458 Y149.95 E1.86307
G1 X134.019 Y149.95 E.01852
G1 X94.119 Y110.05 E1.86307
G1 X94.681 Y110.05 E.01856
G1 X134.581 Y149.95 E1.86307
G1 X135.143 Y149.95 E.01856
G1 X95.242 Y110.05 E1.86309
G1 X95.804 Y110.05 E.01856
G1 X135.704 Y149.95 E1.86307
G1 X136.266 Y149.95 E.01856
G1 X96.365 Y110.05 E1.86309
G1 X96.927 Y110.05 E.01856
G1 X136.827 Y149.95 E1.86307
G1 X137.389 Y149.95 E.01856
G1 X97.489 Y110.05 E1.86307
G1 X98.05 Y110.05 E.01852
G1 X137.95 Y149.95 E1.86307
G1 X138.512 Y149.95 E.01856
G1 X98.612 Y110.05 E1.86307
G1 X99.173 Y110.05 E.01852
G1 X139.073 Y149.95 E1.86307
G1 X139.635 Y149.95 E.01856
G1 X99.735 Y110.05 E1.86307
G1 X100.296 Y110.05 E.01852
G1 X140.197 Y149.95 E1.86309
G1 X140.758 Y149.95 E.01852
G1 X100.858 Y110.05 E1.86307
G1 X101.419 Y110.05 E.01852
G1 X141.32 Y149.95 E1.86309
G1 X141.881 Y149.95 E.01852
G1 X101.981 Y110.05 E1.86307
G1 X102.543 Y110.05 E.01856
G1 X142.443 Y149.95 E1.86307
G1 X143.004 Y149.95 E.01852
G1 X103.104 Y110.05 E1.86307
G1 X103.666 Y110.05 E.01856
G1 X143.566 Y149.95 E1.86307
G1 X144.127 Y149.95 E.01852
G1 X104.227 Y110.05 E1.86307
G1 X104.789 Y110.05 E.01856
G1 X144.689 Y149.95 E1.86307
G1 X145.251 Y149.95 E.01856
G1 X105.35 Y110.05 E1.86309
G1 X105.912 Y110.05 E.01856
G1 X145.812 Y149.95 E1.86307
G1 X146.374 Y149.95 E.01856
G1 X106.473 Y110.05 E1.86309
G1 X107.035 Y110.05 E.01856
G1 X146.935 Y149.95 E1.86307
G1 X147.497 Y149.95 E.01856
G1 X107.597 Y110.05 E1.86307
G1 X108.158 Y110.05 E.01852
G1 X148.058 Y149.95 E1.86307
G1 X148.62 Y149.95 E.01856
G1 X108.72 Y110.05 E1.86307
G1 X109.281 Y110.05 E.01852
G1 X149.181 Y149.95 E1.86307
G1 X149.743 Y149.95 E.01856
G1 X109.843 Y110.05 E1.86307
G1 X110.404 Y110.05 E.01852
G1 X150.304 Y149.95 E1.86307
G1 X150.866 Y149.95 E.01856
G1 X110.966 Y110.05 E1.86307
G1 X111.527 Y110.05 E.01852
G1 X151.428 Y149.95 E1.86309
G1 X151.989 Y149.95 E.01852
G1 X112.089 Y110.05 E1.86307
G1 X112.651 Y110.05 E.01856
G1 X152.551 Y149.95 E1.86307
G1 X153.112 Y149.95 E.01852
G1 X113.212 Y110.05 E1.86307
G1 X113.774 Y110.05 E.01856
G1 X153.674 Y149.95 E1.86307
G1 X154.235 Y149.95 E.01852
G1 X114.335 Y110.05 E1.86307
G1 X114.897 Y110.05 E.01856
G1 X154.797 Y149.95 E1.86307
G1 X155.358 Y149.95 E.01852
G1 X115.458 Y110.05 E1.86307
G1 X116.02 Y110.05 E.01856
G1 X155.92 Y149.95 E1.86307
G1 X156.482 Y149.95 E.01856
G1 X116.581 Y110.05 E1.86309
G1 X117.143 Y110.05 E.01856
G1 X157.043 Y149.95 E1.86307
G1 X157.605 Y149.95 E.01856
G1 X117.705 Y110.05 E1.86307
G1 X118.266 Y110.05 E.01852
G1 X158.166 Y149.95 E1.86307
G1 X158.728 Y149.95 E.01856
G1 X118.828 Y110.05 E1.86307
G1 X119.389 Y110.05 E.01852
G1 X159.289 Y149.95 E1.86307
G1 X159.851 Y149.95 E.01856
G1 X119.951 Y110.05 E1.86307
G1 X120.512 Y110.05 E.01852
G1 X160.412 Y149.95 E1.86307
G1 X160.974 Y149.95 E.01856
G1 X121.074 Y110.05 E1.86307
G1 X121.635 Y110.05 E.01852
G1 X161.536 Y149.95 E1.86309
G1 X162.097 Y149.95 E.01852
G1 X122.197 Y110.05 E1.86307
G1 X122.759 Y110.05 E.01856
G1 X162.659 Y149.95 E1.86307
G1 X163.22 Y149.95 E.01852
G1 X123.32 Y110.05 E1.86307
G1 X123.882 Y110.05 E.01856
G1 X163.782 Y149.95 E1.86307
G1 X164.343 Y149.95 E.01852
G1 X124.443 Y110.05 E1.86307
G1 X125.005 Y110.05 E.01856
G1 X164.905 Y149.95 E1.86307
G1 X165.466 Y149.95 E.01852
G1 X125.566 Y110.05 E1.86307
G1 X126.128 Y110.05 E.01856
G1 X166.028 Y149.95 E1.86307
G1 X166.59 Y149.95 E.01856
G1 X126.689 Y110.05 E1.86309
G1 X127.251 Y110.05 E.01856
G1 X167.151 Y149.95 E1.86307
G1 X167.7 Y149.937 E.01813
G1 X127.813 Y110.05 E1.86246
G1 X128.374 Y110.05 E.01852
G1 X167.7 Y149.376 E1.83627
G1 X167.7 Y148.814 E.01856
G1 X128.936 Y110.05 E1.81002
G1 X129.497 Y110.05 E.01852
G1 X167.7 Y148.253 E1.78383
G1 X167.7 Y147.691 E.01856
G1 X130.059 Y110.05 E1.75759
G1 X130.62 Y110.05 E.01852
G1 X167.7 Y147.13 E1.73139
G1 X167.7 Y146.568 E.01856
G1 X131.182 Y110.05 E1.70515
G1 X131.743 Y110.05 E.01852
G1 X167.7 Y146.007 E1.67896
G1 X167.7 Y145.445 E.01856
G1 X132.305 Y110.05 E1.65271
G1 X132.866 Y110.05 E.01852
G1 X167.7 Y144.884 E1.62652
G1 X167.773 Y144.728 E.00569
;WIDTH:0.41146
G1 X167.846 Y144.573 E.00525
;WIDTH:0.38292
G1 X167.857 Y144.614 E.0012
G1 X167.786 Y144.633 E.00208
G1 X167.805 Y144.562 E.00208
G1 E-3.5 F3600
;WIPE_START
G1 F7200
G1 X167.786 Y144.633 E-.03491
G1 X167.857 Y144.614 E-.03491
G1 X167.846 Y144.573 E-.02016
G1 X167.773 Y144.728 E-.08138
G1 X167.7 Y144.884 E-.08181
G1 X165.844 Y143.028 E-1.24683
;WIPE_END
G1 X166.933 Y138.975 F9000
G1 E5 F2400
;WIDTH:0.45922
G1 F7200
G1 X166.947 Y139.026 E.00183
G1 X166.91 Y139.062 E.00179
G1 X166.86 Y139.049 E.00179
G1 X166.846 Y138.999 E.0018
G1 X166.883 Y138.962 E.00181
G1 E-3.5 F3600
;WIPE_START
G1 F7200
G1 X166.846 Y138.999 E-.02485
G1 X166.86 Y139.049 E-.02466
G1 X166.91 Y139.062 E-.02454
G1 X166.947 Y139.026 E-.02452
G1 X166.933 Y138.975 E-.02512
;WIPE_END
G1 E-1.37631 F3600
G1 X161.476 Y138.098 F9000
G1 E5 F2400
;WIDTH:0.439999
G1 F7200
G1 X133.428 Y110.05 E1.30966
G1 X133.99 Y110.05 E.01856
G1 X161.145 Y137.206 E1.26798
G1 X161.216 Y137.325 E.00458
;WIDTH:0.41146
G1 X161.288 Y137.445 E.00429
;WIDTH:0.38292
G1 X161.269 Y137.516 E.00208
G1 X161.34 Y137.497 E.00208
G1 X161.329 Y137.456 E.0012
G1 X161.142 Y136.641 F9000
;WIDTH:0.439999
G1 F7200
G1 X134.551 Y110.05 E1.24163
G1 X135.113 Y110.05 E.01856
G1 X161.175 Y136.112 E1.21692
G1 X161.33 Y135.705 E.01438
G1 X135.674 Y110.05 E1.19794
G1 X136.236 Y110.05 E.01856
G1 X161.512 Y135.326 E1.18022
G1 X161.716 Y134.969 E.01358
G1 X136.797 Y110.05 E1.16355
G1 X137.359 Y110.05 E.01856
G1 X161.998 Y134.689 E1.15048
G1 X162.31 Y134.44 E.01318
G1 X137.92 Y110.05 E1.13885
G1 X138.482 Y110.05 E.01856
G1 X162.633 Y134.201 E1.12769
G1 X163.032 Y134.038 E.01423
G1 X139.044 Y110.05 E1.12008
G1 X139.605 Y110.05 E.01852
G1 X163.493 Y133.938 E1.11541
G1 X163.97 Y133.853 E.016
G1 X140.167 Y110.05 E1.11144
G1 X140.728 Y110.05 E.01852
G1 X164.641 Y133.963 E1.11658
G1 X164.776 Y134.02 E.00484
;WIDTH:0.41146
G1 X164.911 Y134.077 E.00449
;WIDTH:0.38292
G1 X164.892 Y134.148 E.00208
G1 X164.963 Y134.129 E.00208
G1 X164.952 Y134.088 E.0012
G1 E-3.5 F3600
;WIPE_START
G1 F7200
G1 X164.963 Y134.129 E-.02016
G1 X164.892 Y134.148 E-.03491
G1 X164.911 Y134.077 E-.03491
G1 X164.776 Y134.02 E-.06961
G1 X164.641 Y133.963 E-.06961
G1 X162.749 Y132.071 E-1.2708
;WIPE_END
G1 X161.687 Y138.379 F9000
G1 E5 F2400
G1 F7200
G1 X161.833 Y138.559 E.00655
G1 X162.444 Y139.113 E.02332
;WIDTH:0.41146
G1 X162.585 Y139.23 E.00561
;WIDTH:0.439999
G1 X162.725 Y139.347 E.00602
G1 X167.7 Y144.322 E.2323
G1 X167.7 Y143.76 E.01856
G1 X163.509 Y139.569 E.19569
G1 X163.385 Y139.474 E.00516
;WIDTH:0.41146
G1 X163.262 Y139.378 E.00478
;WIDTH:0.38292
G1 X163.273 Y139.419 E.0012
G1 X163.202 Y139.438 E.00208
G1 X163.221 Y139.367 E.00208
G1 X164.14 Y139.639 F9000
;WIDTH:0.439999
G1 F7200
G1 X167.7 Y143.199 E.16623
G1 X167.7 Y142.637 E.01856
G1 X164.607 Y139.545 E.1444
G1 X165.059 Y139.434 E.01537
G1 X167.7 Y142.076 E.12334
G1 X167.9 Y141.637 E.01593
;WIDTH:0.38292
G1 X167.911 Y141.678 E.0012
G1 X167.84 Y141.697 E.00208
G1 X167.859 Y141.626 E.00208
;WIDTH:0.41146
G1 X167.779 Y141.57 E.00299
;WIDTH:0.439999
G1 X167.7 Y141.514 E.0032
G1 X165.437 Y139.251 E.10567
G1 E-3.5 F3600
;WIPE_START
G1 F7200
G1 X167.67 Y141.484 E-1.5
;WIPE_END
G1 X166.842 Y136.318 F9000
G1 E5 F2400
G1 F7200
G1 X166.86 Y136.403 E.00287
G1 X166.843 Y137.299 E.02959
G1 X166.73 Y137.671 E.01284
G1 X166.424 Y138.307 E.0233
G1 X166.089 Y138.736 E.01797
G1 X165.755 Y139.008 E.01422
G1 X167.7 Y140.953 E.09082
G1 X167.7 Y136.46 E.14835
G1 X167.559 Y136.6 E.00656
G1 X167.373 Y136.653 E.00639
G1 X166.802 Y136.124 E.0257
G1 X167.419 Y136.179 E.02045
G1 X166.416 Y135.176 E.04683
G1 X166.166 Y134.896 E.01239
;WIDTH:0.39776
G1 X165.921 Y134.651 E.01022
;WIDTH:0.439999
G1 X165.64 Y134.4 E.01244
G1 X141.29 Y110.05 E1.13699
G1 X141.851 Y110.05 E.01852
G1 X167.7 Y135.899 E1.20698
G1 X167.7 Y135.337 E.01856
G1 X142.413 Y110.05 E1.18074
G1 X142.974 Y110.05 E.01852
G1 X167.7 Y134.776 E1.15454
G1 X167.7 Y134.214 E.01856
G1 X143.536 Y110.05 E1.1283
G1 X144.098 Y110.05 E.01856
G1 X167.7 Y133.652 E1.10206
G1 X167.7 Y133.091 E.01852
G1 X144.659 Y110.05 E1.07586
G1 X145.221 Y110.05 E.01856
G1 X167.7 Y132.529 E1.04962
G1 X167.7 Y131.968 E.01852
G1 X145.782 Y110.05 E1.02343
G1 X146.344 Y110.05 E.01856
G1 X167.7 Y131.406 E.99719
G1 X167.7 Y130.845 E.01852
G1 X146.905 Y110.05 E.97099
G1 X147.467 Y110.05 E.01856
G1 X167.7 Y130.283 E.94475
G1 X167.7 Y129.722 E.01852
G1 X148.028 Y110.05 E.91855
G1 X148.59 Y110.05 E.01856
G1 X167.7 Y129.16 E.89231
G1 X167.7 Y128.598 E.01856
G1 X149.152 Y110.05 E.86607
G1 X149.713 Y110.05 E.01852
G1 X167.7 Y128.037 E.83988
G1 X167.7 Y127.475 E.01856
G1 X150.275 Y110.05 E.81363
G1 X150.836 Y110.05 E.01852
G1 X167.7 Y126.914 E.78744
G1 X167.7 Y126.352 E.01856
G1 X151.398 Y110.05 E.7612
G1 X151.959 Y110.05 E.01852
G1 X167.7 Y125.791 E.735
G1 X167.7 Y125.229 E.01856
G1 X152.521 Y110.05 E.70876
G1 X153.082 Y110.05 E.01852
G1 X167.7 Y124.668 E.68256
G1 X167.7 Y124.106 E.01856
G1 X153.644 Y110.05 E.65632
G1 X154.206 Y110.05 E.01856
G1 X167.7 Y123.544 E.63008
G1 X167.7 Y122.983 E.01852
G1 X154.767 Y110.05 E.60389
G1 X155.329 Y110.05 E.01856
G1 X167.7 Y122.421 E.57764
G1 X167.7 Y121.86 E.01852
G1 X155.89 Y110.05 E.55145
G1 X156.452 Y110.05 E.01856
G1 X167.7 Y121.298 E.52521
G1 X167.7 Y120.737 E.01852
G1 X157.013 Y110.05 E.49901
G1 X157.575 Y110.05 E.01856
G1 X167.7 Y120.175 E.47277
G1 X167.7 Y119.614 E.01852
G1 X158.136 Y110.05 E.44658
G1 X158.698 Y110.05 E.01856
G1 X167.7 Y119.052 E.42033
G1 X167.7 Y118.49 E.01856
G1 X159.26 Y110.05 E.39409
G1 X159.821 Y110.05 E.01852
G1 X167.7 Y117.929 E.3679
G1 X167.7 Y117.367 E.01856
G1 X160.383 Y110.05 E.34166
G1 X160.944 Y110.05 E.01852
G1 X167.7 Y116.806 E.31546
G1 X167.7 Y116.244 E.01856
G1 X161.506 Y110.05 E.28922
G1 X162.067 Y110.05 E.01852
G1 X167.7 Y115.683 E.26302
G1 X167.7 Y115.121 E.01856
G1 X162.629 Y110.05 E.23678
G1 X163.19 Y110.05 E.01852
G1 X167.7 Y114.56 E.21059
G1 X167.7 Y113.998 E.01856
G1 X163.752 Y110.05 E.18435
G1 X164.314 Y110.05 E.01856
G1 X167.7 Y113.436 E.1581
G1 X167.7 Y112.875 E.01852
G1 X164.875 Y110.05 E.13191
G1 X165.437 Y110.05 E.01856
G1 X167.7 Y112.313 E.10567
;WIDTH:0.469128
G1 X167.777 Y112.362 E.00323
;WIDTH:0.498256
G1 X167.855 Y112.411 E.00349
G1 X167.815 Y112.451 E.00214
G1 X167.829 Y112.506 E.00215
G1 X167.884 Y112.521 E.00216
G1 X167.925 Y112.481 E.00217
G1 X167.91 Y112.426 E.00216
G1 E-3.5 F3600
;WIPE_START
G1 F7200
G1 X167.925 Y112.481 E-.02708
G1 X167.884 Y112.521 E-.02721
G1 X167.829 Y112.506 E-.02708
G1 X167.815 Y112.451 E-.02696
G1 X167.855 Y112.411 E-.02687
G1 X167.777 Y112.362 E-.04375
G1 X167.7 Y112.313 E-.04335
G1 X165.798 Y110.411 E-1.2777
;WIPE_END
G1 X166.139 Y110.19 F9000
G1 E5 F2400
;WIDTH:0.439999
G1 F7200
G1 X167.7 Y111.752 E.07291
G1 X167.7 Y110.05 E.0562
G1 X165.998 Y110.05 E.0562
G1 X167.182 Y110.476 F9000
;WIDTH:0.642774
G1 F7200
G1 X167.129 Y110.529 E.00374
G1 X167.149 Y110.601 E.00373
G1 X167.221 Y110.621 E.00373
G1 X167.274 Y110.568 E.00374
G1 X167.255 Y110.495 E.00376
G1 E-3.5 F3600
;WIPE_START
G1 F7200
G1 X167.274 Y110.568 E-.03583
G1 X167.221 Y110.621 E-.0356
G1 X167.149 Y110.601 E-.03549
G1 X167.129 Y110.529 E-.03549
G1 X167.182 Y110.476 E-.0356
;WIPE_END
G1 E-1.32199 F3600
G1 X167.274 Y137.068 F9000
G1 E5 F2400
;WIDTH:0.53338
G1 F7200
G1 X167.256 Y137.492 E.01731
G1 X167.28 Y137.692 E.00821
;WIDTH:0.48669
G1 X167.303 Y137.893 E.00747
;WIDTH:0.439999
G1 X167.303 Y139.994 E.06937
G1 X166.346 Y139.037 E.04469
G1 X166.782 Y138.479 E.02338
;WIDTH:0.478225
G1 X166.976 Y138.075 E.01622
;WIDTH:0.516451
G1 X167.17 Y137.671 E.01765
;LAYER_CHANGE
;Z:2.8
;HEIGHT:0.2
;BEFORE_LAYER_CHANGE
G92 E0
;2.8


G1 E-3.5 F3600
;WIPE_START
G1 F7200
G1 X166.976 Y138.075 E-.21288
G1 X166.782 Y138.479 E-.21288
G1 X166.346 Y139.037 E-.33637
G1 X167.303 Y139.994 E-.64287
G1 X167.303 Y139.794 E-.095
;WIPE_END
G1 Z2.8 F9000
;AFTER_LAYER_CHANGE
;2.8
G1 X166.506 Y137.322
G1 E5 F2400
;TYPE:Perimeter
;WIDTH:0.439999
G1 F3600
G1 X166.458 Y137.533 E.00714
G1 X166.145 Y138.183 E.02382
G1 X165.875 Y138.522 E.01431
G1 X165.31 Y138.972 E.02385
G1 X164.92 Y139.16 E.01429
G1 X164.216 Y139.32 E.02384
G1 X163.906 Y139.34 E.01026
G1 X163.08 Y139.16 E.02791
G1 X162.775 Y139.033 E.01091
G1 X162.125 Y138.522 E.0273
G1 X161.893 Y138.254 E.0117
G1 X161.542 Y137.533 E.02648
G1 X161.447 Y137.164 E.01258
G1 X161.447 Y136.34 E.02721
G1 X161.527 Y136 E.01153
G1 X161.856 Y135.317 E.02503
G1 X162.062 Y135.033 E.01158
G1 X162.618 Y134.597 E.02333
G1 X162.939 Y134.389 E.01263
G1 X163.784 Y134.18 E.02874
G1 X164.05 Y134.157 E.00882
G1 X164.92 Y134.34 E.02935
G1 X165.31 Y134.528 E.01429
G1 X165.875 Y134.978 E.02385
G1 X166.145 Y135.317 E.01431
G1 X166.458 Y135.967 E.02382
G1 X166.554 Y136.389 E.01429
G1 X166.554 Y137.111 E.02384
G1 X166.519 Y137.263 E.00515
G1 X166.128 Y137.236 F9000
G1 F3600
G1 X166.1 Y137.361 E.00423
G1 X165.787 Y138.011 E.02382
G1 X165.627 Y138.211 E.00846
G1 X165.063 Y138.661 E.02382
G1 X164.832 Y138.773 E.00848
G1 X164.128 Y138.933 E.02384
G1 X163.872 Y138.933 E.00845
G1 X163.168 Y138.773 E.02384
G1 X162.937 Y138.661 E.00848
G1 X162.373 Y138.211 E.02382
G1 X162.213 Y138.011 E.00846
G1 X161.9 Y137.361 E.02382
G1 X161.843 Y137.111 E.00847
G1 X161.844 Y136.36 E.0248
G1 X161.9 Y136.139 E.00753
G1 X162.213 Y135.489 E.02382
G1 X162.38 Y135.283 E.00876
G1 X162.969 Y134.828 E.02457
G1 X163.193 Y134.722 E.00818
G1 X163.872 Y134.567 E.023
G1 X164.128 Y134.567 E.00845
G1 X164.832 Y134.727 E.02384
G1 X165.063 Y134.839 E.00848
G1 X165.627 Y135.289 E.02382
G1 X165.787 Y135.489 E.00846
G1 X166.1 Y136.139 E.02382
G1 X166.157 Y136.389 E.00847
G1 X166.157 Y137.111 E.02384
G1 X166.142 Y137.177 E.00223
G1 X165.752 Y137.151 F9000
;TYPE:External perimeter
;WIDTH:0.419999
G1 F3600
G1 X165.438 Y137.843 E.02383
G1 X164.821 Y138.359 E.02522
G1 X164.042 Y138.556 E.02519
G1 X163.254 Y138.395 E.02522
G1 X162.614 Y137.909 E.0252
G1 X162.249 Y137.193 E.0252
G1 X162.23 Y136.38 E.0255
G1 X162.562 Y135.657 E.02494
G1 X163.097 Y135.218 E.0217
G1 X163.279 Y135.099 E.00682
G1 X163.958 Y134.944 E.02184
G1 X164.746 Y135.105 E.02522
G1 X165.386 Y135.591 E.0252
G1 X165.751 Y136.307 E.0252
G1 X165.77 Y137.095 E.02471
G1 E-3.5
;WIPE_START
G1 F7200
G1 X165.752 Y137.151 E-.02794
G1 X165.438 Y137.843 E-.36096
G1 X164.821 Y138.359 E-.38206
G1 X164.042 Y138.556 E-.38167
G1 X163.326 Y138.41 E-.34737
;WIPE_END
G1 X104.514 Y137.324 F9000
G1 E5 F2400
;TYPE:Perimeter
;WIDTH:0.439999
G1 F3600
G1 X104.487 Y137.467 E.0048
G1 X104.145 Y138.183 E.0262
G1 X103.946 Y138.459 E.01123
G1 X103.31 Y138.972 E.02698
G1 X103.029 Y139.128 E.01061
G1 X102.219 Y139.32 E.02749
G1 X102.002 Y139.344 E.00721
G1 X95.998 Y139.344 E.19824
G1 X95.08 Y139.16 E.03091
G1 X94.69 Y138.972 E.01429
G1 X94.125 Y138.522 E.02385
G1 X93.855 Y138.183 E.01431
G1 X93.542 Y137.533 E.02382
G1 X93.446 Y137.111 E.01429
G1 X93.446 Y136.389 E.02384
G1 X93.542 Y135.967 E.01429
G1 X93.855 Y135.317 E.02382
G1 X94.125 Y134.978 E.01431
G1 X94.69 Y134.528 E.02385
G1 X95.08 Y134.34 E.01429
G1 X95.781 Y134.18 E.02374
G1 X95.998 Y134.156 E.00721
G1 X102.002 Y134.156 E.19824
G1 X102.92 Y134.34 E.03091
G1 X103.269 Y134.497 E.01264
G1 X103.875 Y134.978 E.02555
G1 X104.102 Y135.239 E.01142
G1 X104.458 Y135.967 E.02676
G1 X104.549 Y136.293 E.01118
G1 X104.554 Y137.111 E.02701
G1 X104.525 Y137.265 E.00517
G1 X104.128 Y137.236 F9000
G1 F3600
G1 X104.1 Y137.361 E.00423
G1 X103.787 Y138.011 E.02382
G1 X103.627 Y138.211 E.00846
G1 X103.063 Y138.661 E.02382
G1 X102.832 Y138.773 E.00848
G1 X102.131 Y138.933 E.02374
G1 X102.002 Y138.947 E.00428
G1 X95.998 Y138.947 E.19824
G1 X95.168 Y138.773 E.028
G1 X94.937 Y138.661 E.00848
G1 X94.373 Y138.211 E.02382
G1 X94.213 Y138.011 E.00846
G1 X93.9 Y137.361 E.02382
G1 X93.843 Y137.111 E.00847
G1 X93.843 Y136.389 E.02384
G1 X93.9 Y136.139 E.00847
G1 X94.213 Y135.489 E.02382
G1 X94.373 Y135.289 E.00846
G1 X94.937 Y134.839 E.02382
G1 X95.168 Y134.727 E.00848
G1 X95.869 Y134.567 E.02374
G1 X95.998 Y134.553 E.00428
G1 X102.002 Y134.553 E.19824
G1 X102.832 Y134.727 E.028
G1 X103.063 Y134.839 E.00848
G1 X103.627 Y135.289 E.02382
G1 X103.787 Y135.489 E.00846
G1 X104.1 Y136.139 E.02382
G1 X104.157 Y136.389 E.00847
G1 X104.157 Y137.111 E.02384
G1 X104.142 Y137.177 E.00223
G1 X103.752 Y137.151 F9000
;TYPE:External perimeter
;WIDTH:0.419999
G1 F3600
G1 X103.438 Y137.843 E.02383
G1 X102.821 Y138.359 E.02522
G1 X102.044 Y138.555 E.02513
G1 X95.998 Y138.56 E.18957
G1 X95.254 Y138.395 E.02389
G1 X94.614 Y137.909 E.0252
G1 X94.249 Y137.193 E.0252
G1 X94.23 Y136.389 E.02522
G1 X94.562 Y135.657 E.0252
G1 X95.179 Y135.141 E.02522
G1 X95.956 Y134.945 E.02513
G1 X102.002 Y134.94 E.18957
G1 X102.746 Y135.105 E.02389
G1 X103.386 Y135.591 E.0252
G1 X103.751 Y136.307 E.0252
G1 X103.77 Y137.095 E.02471
G1 E-3.5
;WIPE_START
G1 F7200
G1 X103.752 Y137.151 E-.02794
G1 X103.438 Y137.843 E-.36096
G1 X102.821 Y138.359 E-.38206
G1 X102.044 Y138.555 E-.38064
G1 X101.31 Y138.556 E-.3484
;WIPE_END
G1 X91.994 Y150.256 F9000
G1 E5 F2400
;TYPE:Perimeter
;WIDTH:0.439999
G1 F7200
G1 X91.994 Y109.744 E1.33759
G1 X168.006 Y109.744 E2.50971
G1 X168.006 Y123.62 E.45815
G1 X168.006 Y150.256 E.87945
G1 X92.054 Y150.256 E2.50773
G1 X91.597 Y150.653 F9000
G1 F7200
G1 X91.597 Y109.347 E1.36381
G1 X168.403 Y109.347 E2.53592
G1 X168.403 Y123.62 E.47126
G1 X168.403 Y150.653 E.89256
G1 X91.657 Y150.653 E2.53394
G1 X91.21 Y151.04 F9000
;TYPE:External perimeter
;WIDTH:0.419999
G1 F3600
G1 X91.21 Y108.96 E1.31939
G1 X168.79 Y108.96 E2.43246
G1 X168.79 Y123.62 E.45965
G1 X168.79 Y151.04 E.85973
G1 X91.27 Y151.04 E2.43058
G1 E-3.5
;WIPE_START
G1 F7200
G1 X91.21 Y151.04 E-.0285
G1 X91.21 Y147.942 E-1.4715
;WIPE_END
G1 X167.881 Y149.406 F9000
G1 E5 F2400
;TYPE:Top solid infill
;WIDTH:0.401396
G1 F3600
G1 X167.317 Y149.97 E.02377
G1 X166.81 Y149.97 E.01511
G1 X167.72 Y149.06 E.03836
G1 X167.72 Y148.553 E.01511
G1 X166.303 Y149.97 E.05973
G1 X165.796 Y149.97 E.01511
G1 X167.72 Y148.046 E.0811
G1 X167.72 Y147.539 E.01511
G1 X165.289 Y149.97 E.10248
G1 X164.782 Y149.97 E.01511
G1 X167.72 Y147.032 E.12385
G1 X167.72 Y146.525 E.01511
G1 X164.275 Y149.97 E.14522
G1 X163.768 Y149.97 E.01511
G1 X167.72 Y146.018 E.16659
G1 X167.72 Y145.511 E.01511
G1 X163.261 Y149.97 E.18796
G1 X162.754 Y149.97 E.01511
G1 X167.72 Y145.004 E.20934
G1 X167.72 Y144.497 E.01511
G1 X162.247 Y149.97 E.23071
G1 X161.74 Y149.97 E.01511
G1 X167.72 Y143.99 E.25208
G1 X167.72 Y143.483 E.01511
G1 X161.233 Y149.97 E.27345
G1 X160.726 Y149.97 E.01511
G1 X167.72 Y142.976 E.29483
G1 X167.72 Y142.469 E.01511
G1 X160.219 Y149.97 E.3162
G1 X159.712 Y149.97 E.01511
G1 X167.72 Y141.962 E.33757
G1 X167.72 Y141.455 E.01511
G1 X159.205 Y149.97 E.35894
G1 X158.698 Y149.97 E.01511
G1 X167.72 Y140.948 E.38031
G1 X167.72 Y140.441 E.01511
G1 X158.191 Y149.97 E.40169
G1 X157.684 Y149.97 E.01511
G1 X167.72 Y139.934 E.42306
G1 X167.72 Y139.427 E.01511
G1 X157.177 Y149.97 E.44443
G1 X156.67 Y149.97 E.01511
G1 X167.72 Y138.92 E.4658
G1 X167.72 Y138.414 E.01508
G1 X156.164 Y149.97 E.48713
G1 X155.657 Y149.97 E.01511
G1 X167.72 Y137.907 E.5085
G1 X167.72 Y137.4 E.01511
G1 X155.15 Y149.97 E.52988
G1 X154.643 Y149.97 E.01511
G1 X167.72 Y136.893 E.55125
G1 X167.72 Y136.386 E.01511
G1 X166.825 Y137.28 E.03771
G1 X166.84 Y136.759 E.01554
G1 X167.72 Y135.879 E.0371
G1 X167.72 Y135.372 E.01511
G1 X166.816 Y136.276 E.03811
G1 X166.722 Y135.863 E.01263
G1 X167.72 Y134.865 E.04207
G1 X167.72 Y134.358 E.01511
G1 X166.559 Y135.519 E.04894
G1 X166.393 Y135.178 E.0113
G1 X167.72 Y133.851 E.05594
G1 X167.72 Y133.344 E.01511
G1 X166.168 Y134.896 E.06542
G1 X166.06 Y134.761 E.00515
G1 X165.913 Y134.644 E.0056
G1 X167.72 Y132.837 E.07617
G1 X167.72 Y132.33 E.01511
G1 X165.631 Y134.419 E.08806
G1 X165.334 Y134.209 E.01084
G1 X167.72 Y131.823 E.10058
G1 X167.72 Y131.316 E.01511
G1 X164.976 Y134.06 E.11567
G1 X164.563 Y133.966 E.01263
G1 X167.72 Y130.809 E.13308
G1 X167.72 Y130.302 E.01511
G1 X164.141 Y133.881 E.15087
G1 X163.877 Y133.875 E.00787
G1 X163.575 Y133.941 E.00921
G1 X167.881 Y129.634 E.18154
G1 E-3.5
;WIPE_START
G1 F7200
G1 X165.648 Y131.867 E-1.5
;WIPE_END
G1 X164.787 Y139.318 F9000
G1 E5 F2400
G1 F3600
G1 X154.136 Y149.97 E.449
G1 X153.629 Y149.97 E.01511
G1 X163.977 Y139.622 E.43621
G1 X163.725 Y139.6 E.00754
G1 X163.537 Y139.555 E.00576
G1 X153.122 Y149.97 E.43903
G1 X152.615 Y149.97 E.01511
G1 X163.127 Y139.458 E.44312
G1 X162.875 Y139.398 E.00772
G1 X162.744 Y139.334 E.00435
G1 X152.108 Y149.97 E.44835
G1 X151.601 Y149.97 E.01511
G1 X162.44 Y139.131 E.45691
G1 X162.155 Y138.909 E.01077
G1 X151.094 Y149.97 E.46627
G1 X150.587 Y149.97 E.01511
G1 X161.878 Y138.679 E.47596
G1 X161.773 Y138.577 E.00436
G1 X161.655 Y138.395 E.00647
G1 X150.08 Y149.97 E.48793
G1 X149.573 Y149.97 E.01511
G1 X161.481 Y138.062 E.50197
G1 X161.317 Y137.719 E.01133
G1 X149.066 Y149.97 E.51643
G1 X148.559 Y149.97 E.01511
G1 X161.186 Y137.343 E.53228
G1 X161.162 Y137.181 E.00488
G1 X161.162 Y136.86 E.00957
G1 X148.052 Y149.97 E.55264
G1 X147.545 Y149.97 E.01511
G1 X161.35 Y136.165 E.58194
G1 E-3.5
;WIPE_START
G1 F7200
G1 X159.117 Y138.398 E-1.5
;WIPE_END
G1 X167.881 Y129.128 F9000
G1 E5 F2400
G1 F3600
G1 X162.902 Y134.106 E.20986
G1 X162.743 Y134.165 E.00506
G1 X162.555 Y134.285 E.00665
G1 X161.958 Y134.746 E.02248
G1 X161.744 Y134.958 E.00898
G1 X161.6 Y135.188 E.00809
G1 X161.397 Y135.611 E.01399
G1 X147.038 Y149.97 E.60529
G1 X146.531 Y149.97 E.01511
G1 X167.72 Y128.781 E.8932
G1 X167.72 Y128.274 E.01511
G1 X146.024 Y149.97 E.91457
G1 X145.517 Y149.97 E.01511
G1 X167.72 Y127.767 E.93595
G1 X167.72 Y127.26 E.01511
G1 X145.01 Y149.97 E.95732
G1 X144.503 Y149.97 E.01511
G1 X167.72 Y126.753 E.97869
G1 X167.72 Y126.246 E.01511
G1 X143.996 Y149.97 E1.00006
G1 X143.489 Y149.97 E.01511
G1 X167.72 Y125.739 E1.02143
G1 X167.72 Y125.233 E.01508
G1 X142.982 Y149.97 E1.04279
G1 X142.476 Y149.97 E.01508
G1 X167.72 Y124.726 E1.06414
G1 X167.72 Y124.219 E.01511
G1 X141.969 Y149.97 E1.08551
G1 X141.462 Y149.97 E.01511
G1 X167.72 Y123.712 E1.10688
G1 X167.72 Y123.205 E.01511
G1 X140.955 Y149.97 E1.12825
G1 X140.448 Y149.97 E.01511
G1 X167.72 Y122.698 E1.14962
G1 X167.72 Y122.191 E.01511
G1 X139.941 Y149.97 E1.171
G1 X139.434 Y149.97 E.01511
G1 X167.72 Y121.684 E1.19237
G1 X167.72 Y121.177 E.01511
G1 X138.927 Y149.97 E1.21374
G1 X138.42 Y149.97 E.01511
G1 X167.72 Y120.67 E1.23511
G1 X167.72 Y120.163 E.01511
G1 X137.913 Y149.97 E1.25649
G1 X137.406 Y149.97 E.01511
G1 X167.72 Y119.656 E1.27786
G1 X167.72 Y119.149 E.01511
G1 X136.899 Y149.97 E1.29923
G1 X136.392 Y149.97 E.01511
G1 X167.72 Y118.642 E1.3206
G1 X167.72 Y118.135 E.01511
G1 X135.885 Y149.97 E1.34197
G1 X135.378 Y149.97 E.01511
G1 X167.72 Y117.628 E1.36335
G1 X167.72 Y117.121 E.01511
G1 X134.871 Y149.97 E1.38472
G1 X134.364 Y149.97 E.01511
G1 X167.72 Y116.614 E1.40609
G1 X167.72 Y116.107 E.01511
G1 X133.857 Y149.97 E1.42746
G1 X133.35 Y149.97 E.01511
G1 X167.72 Y115.6 E1.44883
G1 X167.72 Y115.093 E.01511
G1 X132.843 Y149.97 E1.47021
G1 X132.336 Y149.97 E.01511
G1 X167.72 Y114.586 E1.49158
G1 X167.72 Y114.079 E.01511
G1 X131.829 Y149.97 E1.51295
G1 X131.322 Y149.97 E.01511
G1 X167.72 Y113.572 E1.53432
G1 X167.72 Y113.065 E.01511
G1 X130.815 Y149.97 E1.55569
G1 X130.308 Y149.97 E.01511
G1 X167.72 Y112.558 E1.57707
G1 X167.72 Y112.052 E.01508
G1 X129.801 Y149.97 E1.59842
G1 X129.295 Y149.97 E.01508
G1 X167.72 Y111.545 E1.61977
G1 X167.72 Y111.038 E.01511
G1 X128.788 Y149.97 E1.64114
G1 X128.281 Y149.97 E.01511
G1 X167.72 Y110.531 E1.66251
G1 X167.714 Y110.03 E.01493
G1 X127.774 Y149.97 E1.68363
G1 X127.267 Y149.97 E.01511
G1 X167.207 Y110.03 E1.68363
G1 X166.7 Y110.03 E.01511
G1 X126.76 Y149.97 E1.68363
G1 X126.253 Y149.97 E.01511
G1 X166.193 Y110.03 E1.68363
G1 X165.686 Y110.03 E.01511
G1 X125.746 Y149.97 E1.68363
G1 X125.239 Y149.97 E.01511
G1 X165.179 Y110.03 E1.68363
G1 X164.672 Y110.03 E.01511
G1 X124.732 Y149.97 E1.68363
G1 X124.225 Y149.97 E.01511
G1 X164.165 Y110.03 E1.68363
G1 X163.658 Y110.03 E.01511
G1 X123.718 Y149.97 E1.68363
G1 X123.211 Y149.97 E.01511
G1 X163.151 Y110.03 E1.68363
G1 X162.644 Y110.03 E.01511
G1 X122.704 Y149.97 E1.68363
G1 X122.197 Y149.97 E.01511
G1 X162.137 Y110.03 E1.68363
G1 X161.63 Y110.03 E.01511
G1 X121.69 Y149.97 E1.68363
G1 X121.183 Y149.97 E.01511
G1 X161.123 Y110.03 E1.68363
G1 X160.616 Y110.03 E.01511
G1 X120.676 Y149.97 E1.68363
G1 X120.169 Y149.97 E.01511
G1 X160.109 Y110.03 E1.68363
G1 X159.602 Y110.03 E.01511
G1 X119.662 Y149.97 E1.68363
G1 X119.155 Y149.97 E.01511
G1 X159.095 Y110.03 E1.68363
G1 X158.589 Y110.03 E.01508
G1 X118.648 Y149.97 E1.68365
G1 X118.141 Y149.97 E.01511
G1 X158.082 Y110.03 E1.68365
G1 X157.575 Y110.03 E.01511
G1 X117.634 Y149.97 E1.68365
G1 X117.127 Y149.97 E.01511
G1 X157.068 Y110.03 E1.68365
G1 X156.561 Y110.03 E.01511
G1 X116.62 Y149.97 E1.68365
G1 X116.114 Y149.97 E.01508
G1 X156.054 Y110.03 E1.68363
G1 X155.547 Y110.03 E.01511
G1 X115.607 Y149.97 E1.68363
G1 X115.1 Y149.97 E.01511
G1 X155.04 Y110.03 E1.68363
G1 X154.533 Y110.03 E.01511
G1 X114.593 Y149.97 E1.68363
G1 X114.086 Y149.97 E.01511
G1 X154.026 Y110.03 E1.68363
G1 X153.519 Y110.03 E.01511
G1 X113.579 Y149.97 E1.68363
G1 X113.072 Y149.97 E.01511
G1 X153.012 Y110.03 E1.68363
G1 X152.505 Y110.03 E.01511
G1 X112.565 Y149.97 E1.68363
G1 X112.058 Y149.97 E.01511
G1 X151.998 Y110.03 E1.68363
G1 X151.491 Y110.03 E.01511
G1 X111.551 Y149.97 E1.68363
G1 X111.044 Y149.97 E.01511
G1 X150.984 Y110.03 E1.68363
G1 X150.477 Y110.03 E.01511
G1 X110.537 Y149.97 E1.68363
G1 X110.03 Y149.97 E.01511
G1 X149.97 Y110.03 E1.68363
G1 X149.463 Y110.03 E.01511
G1 X109.523 Y149.97 E1.68363
G1 X109.016 Y149.97 E.01511
G1 X148.956 Y110.03 E1.68363
G1 X148.449 Y110.03 E.01511
G1 X108.509 Y149.97 E1.68363
G1 X108.002 Y149.97 E.01511
G1 X147.942 Y110.03 E1.68363
G1 X147.435 Y110.03 E.01511
G1 X107.495 Y149.97 E1.68363
G1 X106.988 Y149.97 E.01511
G1 X146.928 Y110.03 E1.68363
G1 X146.421 Y110.03 E.01511
G1 X106.481 Y149.97 E1.68363
G1 X105.974 Y149.97 E.01511
G1 X145.914 Y110.03 E1.68363
G1 X145.408 Y110.03 E.01508
G1 X105.467 Y149.97 E1.68365
G1 X104.96 Y149.97 E.01511
G1 X144.901 Y110.03 E1.68365
G1 X144.394 Y110.03 E.01511
G1 X104.453 Y149.97 E1.68365
G1 X103.946 Y149.97 E.01511
G1 X143.887 Y110.03 E1.68365
G1 X143.38 Y110.03 E.01511
G1 X103.439 Y149.97 E1.68365
G1 X102.933 Y149.97 E.01508
G1 X142.873 Y110.03 E1.68363
G1 X142.366 Y110.03 E.01511
G1 X102.426 Y149.97 E1.68363
G1 X101.919 Y149.97 E.01511
G1 X141.859 Y110.03 E1.68363
G1 X141.352 Y110.03 E.01511
G1 X101.412 Y149.97 E1.68363
G1 X100.905 Y149.97 E.01511
G1 X140.845 Y110.03 E1.68363
G1 X140.338 Y110.03 E.01511
G1 X100.398 Y149.97 E1.68363
G1 X99.891 Y149.97 E.01511
G1 X139.831 Y110.03 E1.68363
G1 X139.324 Y110.03 E.01511
G1 X99.384 Y149.97 E1.68363
G1 X98.877 Y149.97 E.01511
G1 X138.817 Y110.03 E1.68363
G1 X138.31 Y110.03 E.01511
G1 X98.37 Y149.97 E1.68363
G1 X97.863 Y149.97 E.01511
G1 X137.803 Y110.03 E1.68363
G1 X137.296 Y110.03 E.01511
G1 X97.356 Y149.97 E1.68363
G1 X96.849 Y149.97 E.01511
G1 X136.789 Y110.03 E1.68363
G1 X136.282 Y110.03 E.01511
G1 X96.342 Y149.97 E1.68363
G1 X95.835 Y149.97 E.01511
G1 X135.775 Y110.03 E1.68363
G1 X135.268 Y110.03 E.01511
G1 X95.328 Y149.97 E1.68363
G1 X94.821 Y149.97 E.01511
G1 X134.761 Y110.03 E1.68363
G1 X134.254 Y110.03 E.01511
G1 X94.314 Y149.97 E1.68363
G1 X93.807 Y149.97 E.01511
G1 X133.747 Y110.03 E1.68363
G1 X133.24 Y110.03 E.01511
G1 X93.3 Y149.97 E1.68363
G1 X92.793 Y149.97 E.01511
G1 X132.733 Y110.03 E1.68363
G1 X132.227 Y110.03 E.01508
G1 X104.784 Y137.472 E1.15681
G1 X104.838 Y137.181 E.00882
G1 X104.839 Y136.911 E.00805
G1 X131.72 Y110.03 E1.13314
G1 X131.213 Y110.03 E.01511
G1 X104.84 Y136.403 E1.11173
G1 X104.818 Y136.153 E.00748
G1 X104.762 Y135.973 E.00562
G1 X130.706 Y110.03 E1.09362
G1 X130.199 Y110.03 E.01511
G1 X104.607 Y135.621 E1.07878
G1 X104.442 Y135.279 E.01132
G1 X129.692 Y110.03 E1.06437
G1 X129.185 Y110.03 E.01511
G1 X104.251 Y134.964 E1.05107
G1 X104.2 Y134.891 E.00265
G1 X103.99 Y134.718 E.00811
G1 X128.678 Y110.03 E1.0407
G1 X128.171 Y110.03 E.01511
G1 X103.712 Y134.489 E1.03105
G1 X103.427 Y134.267 E.01077
G1 X127.664 Y110.03 E1.02169
G1 X127.157 Y110.03 E.01511
G1 X103.091 Y134.096 E1.01448
G1 X102.682 Y133.998 E.01254
G1 X126.65 Y110.03 E1.01035
G1 X126.143 Y110.03 E.01511
G1 X102.263 Y133.91 E1.00664
G1 X102.084 Y133.872 E.00545
G1 X101.794 Y133.872 E.00864
G1 X125.636 Y110.03 E1.00504
G1 X125.129 Y110.03 E.01511
G1 X101.287 Y133.872 E1.00504
G1 X100.78 Y133.872 E.01511
G1 X124.622 Y110.03 E1.00504
G1 X124.115 Y110.03 E.01511
G1 X100.273 Y133.872 E1.00504
G1 X99.767 Y133.871 E.01508
G1 X123.608 Y110.03 E1.00499
G1 X123.101 Y110.03 E.01511
G1 X99.26 Y133.871 E1.00499
G1 X98.753 Y133.871 E.01511
G1 X122.594 Y110.03 E1.00499
G1 X122.087 Y110.03 E.01511
G1 X98.246 Y133.871 E1.00499
G1 X97.739 Y133.871 E.01511
G1 X121.58 Y110.03 E1.00499
G1 X121.073 Y110.03 E.01511
G1 X97.233 Y133.871 E1.00497
G1 X96.726 Y133.87 E.01511
G1 X120.566 Y110.03 E1.00495
G1 X120.059 Y110.03 E.01511
G1 X96.219 Y133.87 E1.00495
G1 X95.993 Y133.87 E.00674
G1 X95.67 Y133.913 E.00971
G1 X119.713 Y109.869 E1.01353
G1 E-3.5
;WIPE_START
G1 F7200
G1 X117.48 Y112.102 E-1.5
;WIPE_END
G1 X102.99 Y139.266 F9000
G1 E5 F2400
G1 F3600
G1 X92.28 Y149.97 E.45134
G1 X92.28 Y149.47 E.0149
G1 X102.13 Y139.619 E.41524
G1 X101.613 Y139.63 E.01541
G1 X92.28 Y148.963 E.39342
G1 X92.28 Y148.456 E.01511
G1 X101.106 Y139.63 E.37205
G1 X100.599 Y139.63 E.01511
G1 X92.28 Y147.949 E.35068
G1 X92.28 Y147.442 E.01511
G1 X100.092 Y139.63 E.32931
G1 X99.585 Y139.63 E.01511
G1 X92.28 Y146.935 E.30794
G1 X92.28 Y146.428 E.01511
G1 X99.078 Y139.63 E.28656
G1 X98.571 Y139.63 E.01511
G1 X92.28 Y145.921 E.26519
G1 X92.28 Y145.414 E.01511
G1 X98.064 Y139.63 E.24382
G1 X97.557 Y139.63 E.01511
G1 X92.28 Y144.907 E.22245
G1 X92.28 Y144.4 E.01511
G1 X97.05 Y139.63 E.20107
G1 X96.543 Y139.63 E.01511
G1 X92.28 Y143.893 E.1797
G1 X92.28 Y143.386 E.01511
G1 X96.036 Y139.63 E.15833
G1 X95.59 Y139.569 E.01342
G1 X92.28 Y142.879 E.13953
G1 X92.28 Y142.372 E.01511
G1 X95.177 Y139.475 E.12212
G1 X94.785 Y139.36 E.01218
G1 X92.28 Y141.865 E.1056
G1 X92.28 Y141.358 E.01511
G1 X94.473 Y139.165 E.09244
G1 X94.191 Y138.94 E.01075
G1 X92.28 Y140.851 E.08056
G1 X92.28 Y140.344 E.01511
G1 X93.915 Y138.709 E.06892
G1 X93.69 Y138.427 E.01075
G1 X92.28 Y139.837 E.05944
G1 X92.28 Y139.33 E.01511
G1 X93.502 Y138.108 E.05151
G1 X93.337 Y137.766 E.01132
G1 X92.28 Y138.823 E.04456
G1 X92.28 Y138.316 E.01511
G1 X93.2 Y137.396 E.03878
G1 X93.16 Y137.115 E.00846
G1 X93.16 Y136.929 E.00554
G1 X92.28 Y137.809 E.0371
G1 X92.28 Y137.302 E.01511
G1 X93.361 Y136.221 E.04557
G1 X92.119 Y136.956 F9000
G1 F3600
G1 X93.334 Y135.742 E.0512
G1 X93.602 Y135.184 E.01845
G1 X93.94 Y134.761 E.01614
G1 X94.516 Y134.301 E.02197
G1 X94.768 Y134.146 E.00882
G1 X95.013 Y134.062 E.00772
G1 X119.046 Y110.03 E1.01307
G1 X118.539 Y110.03 E.01511
G1 X92.28 Y136.289 E1.10692
G1 X92.28 Y135.782 E.01511
G1 X118.032 Y110.03 E1.08555
G1 X117.525 Y110.03 E.01511
G1 X92.28 Y135.275 E1.06418
G1 X92.28 Y134.768 E.01511
G1 X117.018 Y110.03 E1.04281
G1 X116.511 Y110.03 E.01511
G1 X92.28 Y134.261 E1.02143
G1 X92.28 Y133.754 E.01511
G1 X116.004 Y110.03 E1.00006
G1 X115.497 Y110.03 E.01511
G1 X92.28 Y133.247 E.97869
G1 X92.28 Y132.74 E.01511
G1 X114.99 Y110.03 E.95732
G1 X114.483 Y110.03 E.01511
G1 X92.28 Y132.233 E.93595
G1 X92.28 Y131.726 E.01511
G1 X113.976 Y110.03 E.91457
G1 X113.469 Y110.03 E.01511
G1 X92.28 Y131.219 E.8932
G1 X92.28 Y130.712 E.01511
G1 X112.962 Y110.03 E.87183
G1 X112.455 Y110.03 E.01511
G1 X92.28 Y130.205 E.85046
G1 X92.28 Y129.698 E.01511
G1 X111.948 Y110.03 E.82909
G1 X111.441 Y110.03 E.01511
G1 X92.28 Y129.191 E.80771
G1 X92.28 Y128.684 E.01511
G1 X110.934 Y110.03 E.78634
G1 X110.427 Y110.03 E.01511
G1 X92.28 Y128.177 E.76497
G1 X92.28 Y127.67 E.01511
G1 X109.92 Y110.03 E.7436
G1 X109.413 Y110.03 E.01511
G1 X92.28 Y127.163 E.72223
G1 X92.28 Y126.656 E.01511
G1 X108.906 Y110.03 E.70085
G1 X108.399 Y110.03 E.01511
G1 X92.28 Y126.149 E.67948
G1 X92.28 Y125.642 E.01511
G1 X107.892 Y110.03 E.65811
G1 X107.385 Y110.03 E.01511
G1 X92.28 Y125.135 E.63674
G1 X92.28 Y124.628 E.01511
G1 X106.878 Y110.03 E.61536
G1 X106.371 Y110.03 E.01511
G1 X92.28 Y124.121 E.59399
G1 X92.28 Y123.615 E.01508
G1 X105.865 Y110.03 E.57266
G1 X105.358 Y110.03 E.01511
G1 X92.28 Y123.108 E.55129
G1 X92.28 Y122.601 E.01511
G1 X104.851 Y110.03 E.52992
G1 X104.344 Y110.03 E.01511
G1 X92.28 Y122.094 E.50855
G1 X92.28 Y121.587 E.01511
G1 X103.837 Y110.03 E.48717
G1 X103.33 Y110.03 E.01511
G1 X92.28 Y121.08 E.4658
G1 X92.28 Y120.573 E.01511
G1 X102.823 Y110.03 E.44443
G1 X102.316 Y110.03 E.01511
G1 X92.28 Y120.066 E.42306
G1 X92.28 Y119.559 E.01511
G1 X101.809 Y110.03 E.40169
G1 X101.302 Y110.03 E.01511
G1 X92.28 Y119.052 E.38031
G1 X92.28 Y118.545 E.01511
G1 X100.795 Y110.03 E.35894
G1 X100.288 Y110.03 E.01511
G1 X92.28 Y118.038 E.33757
G1 X92.28 Y117.531 E.01511
G1 X99.781 Y110.03 E.3162
G1 X99.274 Y110.03 E.01511
G1 X92.28 Y117.024 E.29483
G1 X92.28 Y116.517 E.01511
G1 X98.767 Y110.03 E.27345
G1 X98.26 Y110.03 E.01511
G1 X92.28 Y116.01 E.25208
G1 X92.28 Y115.503 E.01511
G1 X97.753 Y110.03 E.23071
G1 X97.246 Y110.03 E.01511
G1 X92.28 Y114.996 E.20934
G1 X92.28 Y114.489 E.01511
G1 X96.739 Y110.03 E.18796
G1 X96.232 Y110.03 E.01511
G1 X92.28 Y113.982 E.16659
G1 X92.28 Y113.475 E.01511
G1 X95.725 Y110.03 E.14522
G1 X95.218 Y110.03 E.01511
G1 X92.28 Y112.968 E.12385
G1 X92.28 Y112.461 E.01511
G1 X94.711 Y110.03 E.10248
G1 X94.204 Y110.03 E.01511
G1 X92.28 Y111.954 E.0811
G1 X92.28 Y111.447 E.01511
G1 X93.697 Y110.03 E.05973
G1 X93.19 Y110.03 E.01511
G1 X92.28 Y110.94 E.03836
G1 X92.28 Y110.434 E.01508
G1 X92.844 Y109.869 E.0238
; stop printing object TapaBatería_v02.stl id:0 copy 0
G1 E-3.5 F3600
;WIPE_START
G1 F7200;_WIPE
G1 X92.28 Y110.434 E-.3792
G1 X92.28 Y110.94 E-.24035
G1 X93.19 Y110.03 E-.61129
G1 X93.697 Y110.03 E-.24083
G1 X93.655 Y110.072 E-.02833
;WIPE_END
M107
;TYPE:Custom
; Filament-specific end gcode 
;END gcode for filament
G1 Z4.8 F600 ; Move print bed down
G1 X50 Y50 F9000 ; move print head out of the way
G1 Z390 F600 ; Move print bed close to the bottom
M140 S0 ; turn off heatbed
M104 S0 ; turn off temperature
M107 ; turn off fan
M84 X Y E ; disable motors
; objects_info = {"objects":[{"name":"TapaBatería_v02.stl id:0 copy 0","polygon":[[169.000,151.250],[91.000,151.250],[91.000,108.750],[169.000,108.750]]}]}
; filament used [mm] = 2945.87
; filament used [cm3] = 7.09
; filament used [g] = 8.79
; filament cost = 0.18
; total filament used [g] = 8.79
; total filament cost = 0.18
; total filament used for wipe tower [g] = 0.00
; estimated printing time (normal mode) = 28m 45s
; estimated first layer printing time (normal mode) = 4m 53s

; prusaslicer_config = begin
; arc_fitting = disabled
; autoemit_temperature_commands = 1
; automatic_extrusion_widths = 0
; automatic_infill_combination = 0
; automatic_infill_combination_max_layer_height = 100%
; avoid_crossing_curled_overhangs = 0
; avoid_crossing_perimeters = 0
; avoid_crossing_perimeters_max_detour = 0
; bed_custom_model = 
; bed_custom_texture = 
; bed_shape = 5x5,255x5,255x255,5x255
; bed_temperature = 60
; bed_temperature_extruder = 0
; before_layer_gcode = ;BEFORE_LAYER_CHANGE\nG92 E0\n;{layer_z}\n\n
; between_objects_gcode = 
; binary_gcode = 0
; bottom_fill_pattern = monotonic
; bottom_solid_layers = 4
; bottom_solid_min_thickness = 0
; bridge_acceleration = 250
; bridge_angle = 0
; bridge_fan_speed = 100
; bridge_flow_ratio = 0.95
; bridge_speed = 50
; brim_separation = 0
; brim_type = outer_only
; brim_width = 0
; chamber_minimal_temperature = 0
; chamber_temperature = 0
; color_change_gcode = M600
; colorprint_heights = 
; compatible_printers_condition_cummulative = "printer_model=~/(ENDER|CR|SERMOON).*/ and nozzle_diameter[0]==0.4 and printer_notes=~/.*PRINTER_HAS_HIGHSPEED.*/";printer_notes=~/.*PRINTER_VENDOR_CREALITY.*/
; complete_objects = 0
; cooling = 1
; cooling_perimeter_transition_distance = 0
; cooling_slowdown_logic = uniform_cooling
; cooling_tube_length = 5
; cooling_tube_retraction = 91.5
; custom_parameters_filament = ""
; custom_parameters_print = 
; custom_parameters_printer = 
; default_acceleration = 500
; default_filament_profile = "Generic PLA @CREALITY"
; default_print_profile = "0.16 mm OPTIMAL (0.4 mm nozzle) @CREALITY"
; deretract_speed = 40
; disable_fan_first_layers = 1
; dont_support_bridges = 1
; draft_shield = disabled
; duplicate_distance = 6
; elefant_foot_compensation = 0.1
; enable_dynamic_fan_speeds = 0
; enable_dynamic_overhang_speeds = 0
; end_filament_gcode = "; Filament-specific end gcode \n;END gcode for filament\n"
; end_gcode = {if max_layer_z < max_print_height}G1 Z{z_offset+min(max_layer_z+2, max_print_height)} F600{endif} ; Move print bed down\nG1 X50 Y50 F{travel_speed*60} ; move print head out of the way\n{if max_layer_z < max_print_height-10}G1 Z{z_offset+max_print_height-10} F600{endif} ; Move print bed close to the bottom\nM140 S0 ; turn off heatbed\nM104 S0 ; turn off temperature\nM107 ; turn off fan\nM84 X Y E ; disable motors
; ensure_vertical_shell_thickness = enabled
; external_perimeter_acceleration = 0
; external_perimeter_extrusion_width = 0.42
; external_perimeter_speed = 60
; external_perimeters_first = 0
; extra_loading_move = -2
; extra_perimeters = 0
; extra_perimeters_on_overhangs = 0
; extruder_clearance_height = 25
; extruder_clearance_radius = 55
; extruder_colour = #FCE94F
; extruder_offset = 0x0
; extrusion_axis = E
; extrusion_multiplier = 1
; extrusion_width = 0.44
; fan_always_on = 1
; fan_below_layer_time = 100
; filament_abrasive = 0
; filament_colour = #DDDDDD
; filament_cooling_final_speed = 3.4
; filament_cooling_initial_speed = 2.2
; filament_cooling_moves = 4
; filament_cost = 20
; filament_density = 1.24
; filament_deretract_speed = nil
; filament_diameter = 1.75
; filament_infill_max_crossing_speed = 0
; filament_infill_max_speed = 0
; filament_load_time = 0
; filament_loading_speed = 28
; filament_loading_speed_start = 3
; filament_max_volumetric_speed = 15
; filament_minimal_purge_on_wipe_tower = 15
; filament_multitool_ramming = 0
; filament_multitool_ramming_flow = 10
; filament_multitool_ramming_volume = 10
; filament_notes = ""
; filament_purge_multiplier = 100%
; filament_ramming_parameters = "120 100 6.6 6.8 7.2 7.6 7.9 8.2 8.7 9.4 9.9 10.0| 0.05 6.6 0.45 6.8 0.95 7.8 1.45 8.3 1.95 9.7 2.45 10 2.95 7.6 3.45 7.6 3.95 7.6 4.45 7.6 4.95 7.6"
; filament_retract_before_travel = nil
; filament_retract_before_wipe = nil
; filament_retract_layer_change = nil
; filament_retract_length = nil
; filament_retract_length_toolchange = nil
; filament_retract_lift = nil
; filament_retract_lift_above = nil
; filament_retract_lift_below = nil
; filament_retract_restart_extra = nil
; filament_retract_restart_extra_toolchange = nil
; filament_retract_speed = nil
; filament_seam_gap_distance = nil
; filament_settings_id = "Generic PLA @CREALITY"
; filament_shrinkage_compensation_xy = 0%
; filament_shrinkage_compensation_z = 0%
; filament_soluble = 0
; filament_spool_weight = 0
; filament_stamping_distance = 0
; filament_stamping_loading_speed = 20
; filament_toolchange_delay = 0
; filament_travel_lift_before_obstacle = nil
; filament_travel_max_lift = nil
; filament_travel_ramping_lift = nil
; filament_travel_slope = nil
; filament_type = PLA
; filament_unload_time = 0
; filament_unloading_speed = 90
; filament_unloading_speed_start = 100
; filament_vendor = Generic
; filament_wipe = nil
; fill_angle = 45
; fill_density = 15%
; fill_pattern = grid
; first_layer_acceleration = 0
; first_layer_acceleration_over_raft = 0
; first_layer_bed_temperature = 60
; first_layer_extrusion_width = 0.42
; first_layer_height = 0.2
; first_layer_infill_speed = 0
; first_layer_speed = 40
; first_layer_speed_over_raft = 60
; first_layer_temperature = 210
; full_fan_speed_layer = 0
; fuzzy_skin = none
; fuzzy_skin_point_dist = 0.8
; fuzzy_skin_thickness = 0.3
; gap_fill_enabled = 1
; gap_fill_speed = 30
; gcode_comments = 0
; gcode_flavor = marlin
; gcode_label_objects = octoprint
; gcode_resolution = 0.0125
; gcode_substitutions = 
; high_current_on_filament_swap = 0
; host_type = prusalink
; idle_temperature = 150
; infill_acceleration = 0
; infill_anchor = 600%
; infill_anchor_max = 50
; infill_every_layers = 1
; infill_extruder = 1
; infill_extrusion_width = 0.44
; infill_first = 0
; infill_overlap = 23%
; infill_speed = 120
; inherits_cummulative = "0.20 mm NORMAL HIGHSPEED (0.4 mm nozzle) @CREALITY";;
; interface_shells = 0
; interlocking_beam = 0
; interlocking_beam_layer_count = 2
; interlocking_beam_width = 0.8
; interlocking_boundary_avoidance = 2
; interlocking_depth = 2
; interlocking_orientation = 22.5
; ironing = 0
; ironing_flowrate = 10%
; ironing_spacing = 0.1
; ironing_speed = 30
; ironing_type = top
; layer_gcode = ;AFTER_LAYER_CHANGE\n;{layer_z}
; layer_height = 0.2
; machine_limits_usage = emit_to_gcode
; machine_max_acceleration_e = 5000
; machine_max_acceleration_extruding = 500
; machine_max_acceleration_retracting = 1000
; machine_max_acceleration_travel = 500
; machine_max_acceleration_x = 500
; machine_max_acceleration_y = 500
; machine_max_acceleration_z = 100
; machine_max_feedrate_e = 60
; machine_max_feedrate_x = 500
; machine_max_feedrate_y = 500
; machine_max_feedrate_z = 10
; machine_max_jerk_e = 5
; machine_max_jerk_x = 8
; machine_max_jerk_y = 8
; machine_max_jerk_z = 0.4
; machine_min_extruding_rate = 0
; machine_min_travel_rate = 0
; max_fan_speed = 100
; max_layer_height = 0.32
; max_print_height = 400
; max_print_speed = 100
; max_volumetric_extrusion_rate_slope_negative = 0
; max_volumetric_extrusion_rate_slope_positive = 0
; max_volumetric_speed = 0
; min_bead_width = 85%
; min_fan_speed = 100
; min_feature_size = 25%
; min_layer_height = 0.06
; min_print_speed = 15
; min_skirt_length = 4
; mmu_segmented_region_interlocking_depth = 0
; mmu_segmented_region_max_width = 0
; multimaterial_purging = 140
; notes = 
; nozzle_diameter = 0.4
; nozzle_high_flow = 0
; only_one_perimeter_first_layer = 0
; only_retract_when_crossing_perimeters = 0
; ooze_prevention = 0
; output_filename_format = {input_filename_base}_{print_time}_{digits(layer_height,1,2)}mm_{temperature[0]}C_{filament_type[0]}_{printer_model}.gcode
; over_bridge_speed = 0
; overhang_fan_speed_0 = 0
; overhang_fan_speed_1 = 0
; overhang_fan_speed_2 = 0
; overhang_fan_speed_3 = 0
; overhang_speed_0 = 15
; overhang_speed_1 = 15
; overhang_speed_2 = 20
; overhang_speed_3 = 25
; overhangs = 1
; parking_pos_retraction = 92
; pause_print_gcode = 
; perimeter_acceleration = 0
; perimeter_extruder = 1
; perimeter_extrusion_width = 0.44
; perimeter_generator = arachne
; perimeter_speed = 120
; perimeters = 3
; physical_printer_settings_id = 
; post_process = 
; prefer_clockwise_movements = 0
; print_settings_id = 0.20 mm NORMAL HIGHSPEED (0.4 mm nozzle) @CREALITY - TLM
; printer_model = ENDER6
; printer_notes = Don't remove the following keywords! These keywords are used in the "compatible printer" condition of the print and filament profiles to link the particular print and filament profiles to this printer profile.\nPRINTER_VENDOR_CREALITY\nPRINTER_MODEL_ENDER6\nPRINTER_HAS_BOWDEN\nPRINTER_HAS_HIGHSPEED
; printer_settings_id = Creality Ender-6 (0.4 mm nozzle)
; printer_technology = FFF
; printer_variant = 0.4
; printer_vendor = 
; profile_vendor = Creality
; profile_version = 1.1.0
; raft_contact_distance = 0.1
; raft_expansion = 1.5
; raft_first_layer_density = 90%
; raft_first_layer_expansion = 3
; raft_layers = 0
; remaining_times = 0
; resolution = 0
; retract_before_travel = 2
; retract_before_wipe = 70%
; retract_layer_change = 1
; retract_length = 5
; retract_length_toolchange = 1
; retract_lift = 0
; retract_lift_above = 0.2
; retract_lift_below = 0
; retract_restart_extra = 0
; retract_restart_extra_toolchange = 0
; retract_speed = 60
; scarf_seam_entire_loop = 0
; scarf_seam_length = 20
; scarf_seam_max_segment_length = 1
; scarf_seam_on_inner_perimeters = 0
; scarf_seam_only_on_smooth = 1
; scarf_seam_placement = nowhere
; scarf_seam_start_height = 0%
; seam_gap_distance = 15%
; seam_position = nearest
; silent_mode = 0
; single_extruder_multi_material = 0
; single_extruder_multi_material_priming = 0
; skirt_distance = 3
; skirt_height = 2
; skirts = 2
; slice_closing_radius = 0.049
; slicing_mode = regular
; slowdown_below_layer_time = 20
; small_perimeter_speed = 60
; solid_infill_acceleration = 0
; solid_infill_below_area = 0
; solid_infill_every_layers = 0
; solid_infill_extruder = 1
; solid_infill_extrusion_width = 0.44
; solid_infill_speed = 120
; spiral_vase = 0
; staggered_inner_seams = 0
; standby_temperature_delta = -5
; start_filament_gcode = "; Filament gcode\n"
; start_gcode = G90 ; use absolute coordinates\nM83 ; extruder relative mode\nM104 S{is_nil(idle_temperature[0]) ? 150 : idle_temperature[0]} ; set temporary nozzle temp to prevent oozing during homing\nM140 S{first_layer_bed_temperature[0]} ; set final bed temp\nG4 S30 ; allow partial nozzle warmup\nG28 ; home all axis\nG1 Z50 F240\nG1 X2.0 Y10 F3000\nM104 S{first_layer_temperature[0]} ; set final nozzle temp\nM190 S{first_layer_bed_temperature[0]} ; wait for bed temp to stabilize\nM109 S{first_layer_temperature[0]} ; wait for nozzle temp to stabilize\nG1 Z0.28 F240\nG92 E0\nG1 X2.0 Y140 E10 F1500 ; prime the nozzle\nG1 X2.3 Y140 F5000\nG92 E0\nG1 X2.3 Y10 E10 F1200 ; prime the nozzle\nG92 E0
; support_material = 1
; support_material_angle = 0
; support_material_auto = 0
; support_material_bottom_contact_distance = 0
; support_material_bottom_interface_layers = -1
; support_material_buildplate_only = 0
; support_material_closing_radius = 2
; support_material_contact_distance = 0.15
; support_material_enforce_layers = 0
; support_material_extruder = 0
; support_material_extrusion_width = 0.36
; support_material_interface_contact_loops = 0
; support_material_interface_extruder = 0
; support_material_interface_layers = 2
; support_material_interface_pattern = rectilinear
; support_material_interface_spacing = 0.2
; support_material_interface_speed = 100%
; support_material_pattern = rectilinear
; support_material_spacing = 1
; support_material_speed = 80
; support_material_style = organic
; support_material_synchronize_layers = 0
; support_material_threshold = 40
; support_material_with_sheath = 0
; support_material_xy_spacing = 60%
; support_tree_angle = 40
; support_tree_angle_slow = 25
; support_tree_branch_diameter = 2
; support_tree_branch_diameter_angle = 5
; support_tree_branch_diameter_double_wall = 3
; support_tree_branch_distance = 1
; support_tree_tip_diameter = 0.8
; support_tree_top_rate = 15%
; temperature = 205
; template_custom_gcode = 
; thick_bridges = 1
; thin_walls = 0
; thumbnails = 
; thumbnails_format = PNG
; toolchange_gcode = 
; top_fill_pattern = monotonic
; top_infill_extrusion_width = 0.4
; top_one_perimeter_type = none
; top_solid_infill_acceleration = 0
; top_solid_infill_speed = 60
; top_solid_layers = 5
; top_solid_min_thickness = 0
; travel_acceleration = 0
; travel_lift_before_obstacle = 0
; travel_max_lift = 0
; travel_ramping_lift = 0
; travel_short_distance_acceleration = 0
; travel_slope = 0
; travel_speed = 150
; travel_speed_z = 0
; use_firmware_retraction = 0
; use_relative_e_distances = 1
; use_volumetric_e = 0
; variable_layer_height = 1
; wall_distribution_count = 1
; wall_transition_angle = 10
; wall_transition_filter_deviation = 25%
; wall_transition_length = 100%
; wipe = 1
; wipe_into_infill = 0
; wipe_into_objects = 0
; wipe_tower = 0
; wipe_tower_acceleration = 0
; wipe_tower_bridging = 10
; wipe_tower_brim_width = 2
; wipe_tower_cone_angle = 0
; wipe_tower_extra_flow = 100%
; wipe_tower_extra_spacing = 100%
; wipe_tower_extruder = 0
; wipe_tower_no_sparse_layers = 0
; wipe_tower_width = 60
; wiping_volumes_matrix = 0
; wiping_volumes_use_custom_matrix = 0
; xy_size_compensation = 0
; z_offset = 0
; prusaslicer_config = end
